v 51.471915 102.94384999999994 0
v 49.8037991328125 102.9151921362304 0
v 48.13164315625001 102.82967740234369 0
v 46.4580161953125 102.68799408447259 0
v 44.785487375 102.49083046874995 0
v 43.11662582031251 102.23887484130854 0
v 41.45400065625001 101.9328154882812 0
v 39.8001810078125 101.57334069580074 0
v 38.157736 101.16113874999996 0
v 36.5292347578125 100.6968979370117 0
v 34.91724640625 100.18130654296873 0
v 33.3243400703125 99.61505285400389 0
v 31.753084875000006 98.99882515624998 0
v 30.2060499453125 98.33331173583983 0
v 28.685804406250003 97.61920087890624 0
v 27.194917382812505 96.85718087158202 0
v 25.735958000000004 96.04793999999998 0
v 25.735958000000004 96.04793999999998 0
v 24.30565679316407 95.18906130615233 0
v 22.900285376562508 94.27892279296873 0
v 21.52172449355469 93.31940518798827 0
v 20.1718548875 92.31238921874998 0
v 18.852557301757813 91.25975561279294 0
v 17.5657124796875 90.16338509765622 0
v 16.313201164648437 89.0251584008789 0
v 15.096904100000001 87.84695624999998 0
v 13.918702029101564 86.63065937255857 0
v 12.7804756953125 85.37814849609373 0
v 11.684105841992189 84.09130434814452 0
v 10.631473212500001 82.77200765625 0
v 9.624458550195312 81.42213914794922 0
v 8.6649425984375 80.04357955078126 0
v 7.754806100585937 78.63820959228516 0
v 6.8959298 77.20791000000003 0
v 6.8959298 77.20791000000003 0
v 6.086691029663085 75.7489438549805 0
v 5.3246721185546875 74.25805177734377 0
v 4.61056147277832 72.73780267822266 0
v 3.9450474984375 71.19076546875 0
v 3.328818601635742 69.6195090600586 0
v 2.7625631884765625 68.02660236328126 0
v 2.2469696650634763 66.41461428955078 0
v 1.7827264375 64.78611375 0
v 1.3705219118896483 63.14366965576171 0
v 1.0110444943359376 61.489850917968745 0
v 0.7049825909423828 59.8272264477539 0
v 0.45302460781250004 58.15836515624999 0
v 0.2558589510498047 56.48583595458983 0
v 0.11417402675781249 54.812207753906236 0
v 0.028658241040039063 53.14004946533202 0
v 0.0 51.471929999999986 0
v 0.0 51.471929999999986 0
v 0.02865736581403687 49.80381867675779 0
v 0.11417238521128868 48.13166628906249 0
v 0.25585664518637974 46.458042084960915 0
v 0.4530217327339344 44.785515312499975 0
v 0.7049792348485769 43.11665521972654 0
v 1.0110407385249318 41.45403105468748 0
v 1.3705178307576231 39.80021206542967 0
v 1.782722098541275 38.157767499999984 0
v 2.2469651288705124 36.529266606445304 0
v 2.762558508739959 34.91727863281249 0
v 3.3288138251442394 33.32437282714843 0
v 3.9450426650779784 31.753118437499992 0
v 4.610556615535799 30.206084711914052 0
v 5.324667263512327 28.685840898437494 0
v 6.086686196002186 27.19495624511718 0
v 6.895925 25.73599999999999 0
v 6.895925 25.73599999999999 0
v 7.754802145507813 24.305700520019524 0
v 8.6649393828125 22.900330878906246 0
v 9.624455975585937 21.52177177490234 0
v 10.6314711875 20.171903906249998 0
v 11.684104282226562 18.852607971191404 0
v 12.7804745234375 17.565764667968754 0
v 13.918701174804688 16.313254694824224 0
v 15.096903499999998 15.096958750000006 0
v 16.31320076269531 13.918757531738288 0
v 17.5657122265625 12.780531738281258 0
v 18.852557155273438 11.684162067871103 0
v 20.171854812499998 10.63152921875001 0
v 21.52172446191406 9.624513889160166 0
v 22.900285367187497 8.66499677734376 0
v 24.305656791992185 7.754858581542978 0
v 25.735957999999997 6.895980000000009 0
v 25.735957999999997 6.895980000000009 0
v 27.194917381591793 6.086738566894538 0
v 28.68580439648437 5.324716972656257 0
v 30.20604991235351 4.61060364990235 0
v 31.753084796874994 3.945087031250006 0
v 33.3243399177246 3.3288555493164123 0
v 34.917246142578115 2.762597636718756 0
v 36.529234339111326 2.247001726074224 0
v 38.157735374999994 1.7827562500000056 0
v 39.80018011791992 1.370549641113287 0
v 41.453999435546876 1.0110703320312555 0
v 43.11662419555664 0.7050067553710996 0
v 44.785485265625 0.453047343750006 0
v 46.45801351342773 0.25588052978516235 0
v 48.13163980664062 0.11419474609375624 0
v 49.803795012939446 0.028678425292975068 0
v 51.471909999999994 2.0000000006348273e-05 0
v 51.471909999999994 2.0000000006348273e-05 0
v 53.140026196533206 0.028678425292975068 0
v 54.812182416015624 0.11419474609375624 0
v 56.48580954077147 0.2558805297851624 0
v 58.158338453125 0.453047343750006 0
v 59.82720003540038 0.7050067553710997 0
v 61.489825169921865 1.0110703320312557 0
v 63.143644739013666 1.370549641113287 0
v 64.786089625 1.7827562500000056 0
v 66.41459071020508 2.2470017260742243 0
v 68.02657887695312 2.7625976367187555 0
v 69.61948500756836 3.328855549316412 0
v 71.190739984375 3.945087031250006 0
v 72.73777468969726 4.61060364990235 0
v 74.25802000585936 5.324716972656256 0
v 75.74890681518555 6.086738566894539 0
v 77.207866 6.895980000000009 0
v 77.207866 6.895980000000009 0
v 78.63816704370117 7.754858581542979 0
v 80.04353834960938 8.66499677734376 0
v 81.42209917993164 9.624513889160168 0
v 82.771968796875 10.631529218750009 0
v 84.09126646264649 11.684162067871103 0
v 85.37811143945312 12.780531738281258 0
v 86.63062298950194 13.918757531738288 0
v 87.846920375 15.096958750000006 0
v 89.0251228581543 16.313254694824224 0
v 90.16334970117188 17.565764667968754 0
v 91.25972016625977 18.852607971191407 0
v 92.312353515625 20.17190390625 0
v 93.3193690114746 21.52177177490234 0
v 94.27888591601562 22.900330878906246 0
v 95.18902349145507 24.305700520019524 0
v 96.047901 25.73599999999999 0
v 96.047901 25.73599999999999 0
v 96.85714016235352 27.19495624511718 0
v 97.61915912695312 28.68584089843749 0
v 98.33326954760742 30.20608471191406 0
v 98.998783078125 31.753118437499992 0
v 99.61501137231446 33.32437282714843 0
v 100.18126608398437 34.91727863281248 0
v 100.69685886694336 36.5292666064453 0
v 101.16110137499999 38.157767499999984 0
v 101.57330526196287 39.80021206542967 0
v 101.93278218164062 41.454031054687476 0
v 102.23884378784179 43.11665521972654 0
v 102.490801734375 44.78551531249998 0
v 102.68796767504884 46.458042084960915 0
v 102.82965326367186 48.13166628906248 0
v 102.91517015405273 49.8038186767578 0
v 102.94382999999999 51.471929999999986 0
v 102.94382999999999 51.471929999999986 0
v 102.91517180200195 53.14004946533202 0
v 102.8296561347656 54.81220775390624 0
v 102.68797138842773 56.48583595458983 0
v 102.49080595312499 58.15836515625 0
v 102.23884821899414 59.8272264477539 0
v 101.93278657617185 61.489850917968745 0
v 101.57330941479492 63.14366965576171 0
v 101.16110512499999 64.78611375 0
v 100.69686209692381 66.4146142895508 0
v 100.18126872070313 68.02660236328126 0
v 99.6150133864746 69.61950906005859 0
v 98.998784484375 71.19076546875002 0
v 98.333270404541 72.73780267822268 0
v 97.61915953710937 74.25805177734377 0
v 96.8571402722168 75.7489438549805 0
v 96.047901 77.20791000000003 0
v 96.047901 77.20791000000003 0
v 95.18902454760742 78.6382095922852 0
v 94.27888789648438 80.04357955078127 0
v 93.31937179321288 81.42213914794925 0
v 92.312356984375 82.77200765625005 0
v 91.25972421655273 84.09130434814456 0
v 90.16335423632813 85.37814849609377 0
v 89.02512779028321 86.63065937255863 0
v 87.84692562499998 87.84695625 0
v 86.63062848706055 89.02515840087892 0
v 85.37811712304686 90.16338509765626 0
v 84.09127227954102 91.25975561279297 0
v 82.771974703125 92.31238921874998 0
v 81.42210514038085 93.31940518798827 0
v 80.04354433789062 94.27892279296874 0
v 78.63817304223632 95.18906130615233 0
v 77.207872 96.04793999999998 0
v 77.207872 96.04793999999998 0
v 75.7489128149414 96.857180871582 0
v 74.25802600390625 97.61920087890624 0
v 72.73778068310546 98.33331173583983 0
v 71.19074596875001 98.99882515624996 0
v 69.61949097705077 99.61505285400389 0
v 68.02658482421874 100.18130654296873 0
v 66.41459662646484 100.6968979370117 0
v 64.7860955 101.16113874999996 0
v 63.143650561035145 101.57334069580074 0
v 61.48983092578125 101.9328154882812 0
v 59.82720571044921 102.23887484130856 0
v 58.158344031249996 102.49083046874995 0
v 56.48581500439453 102.68799408447259 0
v 54.81218774609374 102.82967740234369 0
v 53.14003137255859 102.91519213623042 0
v 51.471914999999996 102.94384999999994 0
v 305.3404765131105 605.9534605883821 0
v 304.03177489231183 605.9763055948548 0
v 302.72307327151316 605.9991506013275 0
v 301.41437165071443 606.0219956078004 0
v 300.10567002991576 606.0448406142731 0
v 298.7969684091171 606.0676856207458 0
v 297.48826678831836 606.0905306272186 0
v 296.1795651675197 606.1133756336914 0
v 294.870863546721 606.1362206401641 0
v 294.870863546721 606.1362206401641 0
v 293.53575366844 529.6478550184665 0
v 292.20064379015895 453.1594893967691 0
v 290.86553391187795 376.67112377507164 0
v 289.5304240335969 300.18275815337415 0
v 288.1953141553159 223.69439253167667 0
v 286.8602042770349 147.2060269099792 0
v 285.5250943987538 70.71766128828176 0
v 284.1899845204728 -5.770704333415779 0
v 284.1899845204728 -5.7707043334157255 0
v 285.4986861412715 -5.793547839888051 0
v 286.8073877620702 -5.816391346360375 0
v 288.1160893828689 -5.8392348528327 0
v 289.42479100366756 -5.862078359305025 0
v 290.73349262446624 -5.8849218657773505 0
v 292.0421942452649 -5.907765372249675 0
v 293.35089586606364 -5.9306088787219995 0
v 294.6595974868623 -5.953452385194325 0
v 294.6595974868623 -5.953452385194325 0
v 295.9947073651433 70.53491173650272 0
v 297.3298172434244 147.02327585819978 0
v 298.6649271217054 223.5116399798968 0
v 300.0000369999864 300.00000410159385 0
v 301.33514687826744 376.4883682232909 0
v 302.67025675654844 452.97673234498797 0
v 304.0053666348295 529.465096466685 0
v 305.3404765131105 605.9534605883821 0
v 289.53520603495184 300.365454005138 0
v 288.20030015672864 262.13874589924046 0
v 286.8653942785054 223.9120377933429 0
v 285.53048840028214 185.68532968744532 0
v 284.19558252205894 147.45862158154776 0
v 282.86067664383575 109.2319134756502 0
v 281.5257707656125 71.00520536975262 0
v 280.19086488738924 32.77849726385506 0
v 278.85595900916604 -5.448210842042499 0
v 278.85595900916604 -5.448210842042499 0
v 280.1640621297952 -5.493890804985152 0
v 281.47216525042427 -5.539570767927804 0
v 282.78026837105335 -5.585250730870457 0
v 284.0883714916825 -5.630930693813109 0
v 285.39647461231164 -5.676610656755762 0
v 286.7045777329407 -5.7222906196984145 0
v 288.0126808535698 -5.767970582641067 0
v 289.32078397419895 -5.8136505455837195 0
v 289.32078397419895 -5.8136505455837195 0
v 290.6556906024224 32.41305651031354 0
v 291.9905972306458 70.6397635662108 0
v 293.32550385886924 108.86647062210804 0
v 294.6604104870927 147.0931776780053 0
v 295.99531711531614 185.31988473390257 0
v 297.3302237435396 223.5465917897998 0
v 298.665130371763 261.7732988456971 0
v 300.00003699998643 300.00000590159436 0
v 300.00003699998643 300.00000590159436 0
v 298.6919331293571 300.0456869145373 0
v 297.3838292587278 300.0913679274803 0
v 296.0757253880985 300.13704894042326 0
v 294.76762151746914 300.1827299533662 0
v 293.4595176468398 300.2284109663091 0
v 292.15141377621046 300.2740919792521 0
v 290.8433099055812 300.31977299219506 0
v 289.53520603495184 300.365454005138 0
v 289.54318003721113 300.5480220568656 0
v 287.5413289700202 262.350435034219 0
v 285.53947790282916 224.15284801157242 0
v 283.5376268356382 185.95526098892583 0
v 281.53577576844725 147.75767396627924 0
v 279.53392470125624 109.56008694363265 0
v 277.5320736340653 71.36249992098607 0
v 275.5302225668743 33.16491289833948 0
v 273.5283714996833 -5.032674124307107 0
v 273.5283714996833 -5.032674124307132 0
v 274.83547862003024 -5.10117666871618 0
v 276.14258574037717 -5.169679213125228 0
v 277.44969286072404 -5.238181757534276 0
v 278.75679998107097 -5.306684301943324 0
v 280.0639071014179 -5.375186846352372 0
v 281.37101422176477 -5.4436893907614206 0
v 282.6781213421117 -5.512191935170469 0
v 283.9852284624586 -5.580694479579517 0
v 283.9852284624586 -5.580694479579517 0
v 285.9870795296496 32.61689531806786 0
v 287.9889305968406 70.81448511571523 0
v 289.99078166403154 109.01207491336261 0
v 291.99263273122256 147.20966471101 0
v 293.9944837984135 185.40725450865736 0
v 295.99633486560447 223.60484430630476 0
v 297.9981859327955 261.8024341039521 0
v 300.00003699998643 300.0000239015995 0
v 300.00003699998643 300.0000239015995 0
v 298.6929298796395 300.06852367100777 0
v 297.38582275929264 300.137023440416 0
v 296.0787156389457 300.20552320982426 0
v 294.7716085185988 300.27402297923254 0
v 293.46450139825185 300.3425227486408 0
v 292.1573942779049 300.4110225180491 0
v 290.85028715755806 300.4795222874573 0
v 289.54318003721113 300.5480220568656 0
v 289.5543400403731 300.7304581085558 0
v 286.8861542843874 262.5736230224556 0
v 284.2179685284016 224.41678793635538 0
v 281.5497827724159 186.2599528502552 0
v 278.88159701643013 148.10311776415497 0
v 276.2134112604444 109.94628267805476 0
v 273.54522550445864 71.78944759195457 0
v 270.8770397484729 33.632612505854354 0
v 268.20885399248715 -4.524222580245862 0
v 268.20885399248715 -4.524222580245887 0
v 269.5145661124388 -4.615526856115425 0
v 270.8202782323905 -4.706831131984962 0
v 272.1259903523421 -4.798135407854499 0
v 273.43170247229375 -4.889439683724037 0
v 274.73741459224544 -4.980743959593575 0
v 276.0431267121971 -5.072048235463112 0
v 277.3488388321488 -5.163352511332649 0
v 278.6545509521004 -5.254656787202187 0
v 278.6545509521004 -5.254656787202187 0
v 281.32273745808635 32.90217829889802 0
v 283.99092396407235 71.05901338499822 0
v 286.6591104700583 109.21584847109844 0
v 289.3272969760443 147.37268355719866 0
v 291.99548348203024 185.52951864329887 0
v 294.6636699880162 223.68635372939906 0
v 297.3318564940022 261.8431888154993 0
v 300.0000429999881 300.0000239015995 0
v 300.0000429999881 300.0000239015995 0
v 298.69433013003624 300.09132817746905 0
v 297.3886172600844 300.18263245333856 0
v 296.0829043901325 300.2739367292081 0
v 294.7771915201806 300.3652410050777 0
v 293.47147865022873 300.4565452809472 0
v 292.16576578027684 300.54784955681674 0
v 290.860052910325 300.63915383268625 0
v 289.5543400403731 300.7304581085558 0
v 289.5686800444361 300.9126241601695 0
v 286.2349718498857 262.80816998891055 0
v 282.90126365533536 224.70371581765158 0
v 279.56755546078494 186.59926164639265 0
v 276.23384726623453 148.49480747513368 0
v 272.9001390716842 110.39035330387472 0
v 269.56643087713377 72.28589913261578 0
v 266.2327226825834 34.18144496135682 0
v 262.899014488033 -3.9230092099021476 0
v 262.899014488033 -3.9230092099021583 0
v 264.2029341074768 -4.037087392224301 0
v 265.50685372692055 -4.151165574546443 0
v 266.8107733463644 -4.2652437568685855 0
v 268.11469296580816 -4.379321939190728 0
v 269.41861258525194 -4.49340012151287 0
v 270.72253220469577 -4.607478303835013 0
v 272.02645182413954 -4.721556486157155 0
v 273.3303714435833 -4.8356346684792975 0
v 273.3303714435833 -4.8356346684792975 0
v 276.6640796381337 33.268821152780134 0
v 279.9977878326841 71.37327697403957 0
v 283.3314960272345 109.477732795299 0
v 286.66520422178485 147.58218861655845 0
v 289.99891241633526 185.68664443781788 0
v 293.33262061088567 223.79110025907733 0
v 296.666328805436 261.89555608033675 0
v 300.00003699998643 300.00001190159617 0
v 300.00003699998643 300.00001190159617 0
v 298.69611738054266 300.11408843391786 0
v 297.3921977610988 300.2281649662395 0
v 296.08827814165505 300.3422414985612 0
v 294.7843585222113 300.4563180308828 0
v 293.4804389027675 300.5703945632045 0
v 292.1765192833237 300.6844710955262 0
v 290.8725996638799 300.7985476278478 0
v 289.5686800444361 300.9126241601695 0
v 289.58619404939844 301.0945502117152 0
v 285.58797966657136 263.0540791585848 0
v 281.58976528374427 225.01360810545438 0
v 277.5915509009172 186.97313705232398 0
v 273.5933365180901 148.93266599919355 0
v 269.595122135263 110.89219494606311 0
v 265.5969077524359 72.85172389293271 0
v 261.59869336960884 34.81125283980231 0
v 257.60047898678175 -3.2292182133281244 0
v 257.60047898678175 -3.2292182133281138 0
v 258.90220935560524 -3.3660355020930015 0
v 260.2039397244288 -3.5028527908578893 0
v 261.50567009325226 -3.639670079622777 0
v 262.80740046207575 -3.7764873683876647 0
v 264.10913083089923 -3.9133046571525525 0
v 265.4108611997227 -4.05012194591744 0
v 266.71259156854626 -4.1869392346823275 0
v 268.01432193736974 -4.323756523447216 0
v 268.01432193736974 -4.323756523447216 0
v 272.012537070197 33.716716029683624 0
v 276.01075220302437 71.75718858281446 0
v 280.00896733585165 109.7976611359453 0
v 284.00718246867893 147.83813368907613 0
v 288.0053976015063 185.87860624220696 0
v 292.00361273433356 223.91907879533784 0
v 296.0018278671609 261.95955134846866 0
v 300.0000429999882 300.0000239015995 0
v 300.0000429999882 300.0000239015995 0
v 298.69831188116444 300.13683969036396 0
v 297.39658076234076 300.2736554791284 0
v 296.094849643517 300.4104712678929 0
v 294.79311852469334 300.54728705665735 0
v 293.4913874058696 300.6841028454218 0
v 292.18965628704586 300.8209186341863 0
v 290.8879251682222 300.95773442295075 0
v 289.58619404939844 301.0945502117152 0
v 289.60688205526003 301.2761282631623 0
v 284.9453787345011 263.3112297064441 0
v 280.28387541374224 225.3463311497259 0
v 275.6223720929833 187.38143259300767 0
v 270.96086877222444 149.41653403628948 0
v 266.2993654514655 111.45163547957128 0
v 261.6378621307066 73.48673692285305 0
v 256.9763588099477 35.52183836613483 0
v 252.3148554891888 -2.443060190583367 0
v 252.3148554891888 -2.443060190583388 0
v 253.6139998572796 -2.602575035779248 0
v 254.9131442253704 -2.7620898809751075 0
v 256.2122885934612 -2.9216047261709672 0
v 257.51143296155203 -3.081119571366827 0
v 258.8105773296428 -3.2406344165626866 0
v 260.1097216977336 -3.4001492617585463 0
v 261.4088660658244 -3.559664106954406 0
v 262.7080104339152 -3.7191789521502656 0
v 262.7080104339152 -3.7191789521502656 0
v 267.3695145046743 34.24572215456867 0
v 272.03101857543345 72.2106232612876 0
v 276.6925226461926 110.17552436800653 0
v 281.3540267169517 148.14042547472548 0
v 286.01553078771076 186.10532658144442 0
v 290.6770348584699 224.07022768816333 0
v 295.338538929229 262.03512879488227 0
v 300.0000429999881 300.0000299016012 0
v 300.0000429999881 300.0000299016012 0
v 298.7008978818971 300.15954219679634 0
v 297.4017527638061 300.31905449199144 0
v 296.10260764571507 300.4785667871866 0
v 294.8034625276241 300.63807908238175 0
v 293.5043174095331 300.7975913775769 0
v 292.20517229144207 300.95710367277206 0
v 290.90602717335105 301.11661596796716 0
v 289.60688205526003 301.2761282631623 0
v 289.63074406202094 301.457334314504 0
v 284.3073715537325 263.57957055747397 0
v 278.983999045444 225.70180680044396 0
v 273.66062653715557 187.82404304341395 0
v 268.3372540288671 149.9462792863839 0
v 263.01388152057865 112.06851552935387 0
v 257.6905090122902 74.19075177232386 0
v 252.36713650400176 36.312988015293854 0
v 247.0437639957133 -1.5647757417361845 0
v 247.0437639957133 -1.5647757417362023 0
v 248.339925612959 -1.7469394683492432 0
v 249.63608723020468 -1.929103194962284 0
v 250.93224884745038 -2.111266921575325 0
v 252.22841046469608 -2.293430648188366 0
v 253.52457208194176 -2.475594374801407 0
v 254.82073369918746 -2.657758101414448 0
v 256.11689531643316 -2.8399218280274887 0
v 257.41305693367883 -3.0220855546405296 0
v 257.41305693367883 -3.0220855546405296 0
v 262.7364301919675 34.85567587738883 0
v 268.05980345025614 72.73343730941819 0
v 273.3831767085448 110.61119874144755 0
v 278.70654996683345 148.4889601734769 0
v 284.02992322512216 186.36672160550626 0
v 289.3532964834108 224.24448303753562 0
v 294.67666974169947 262.122244469565 0
v 300.0000429999881 300.00000590159436 0
v 300.0000429999881 300.00000590159436 0
v 298.7038806327422 300.18217195320807 0
v 297.4077182654963 300.3643380048218 0
v 296.11155589825046 300.5465040564355 0
v 294.81539353100453 300.7286701080492 0
v 293.5192311637586 300.9108361596629 0
v 292.22306879651273 301.0930022112766 0
v 290.92690642926686 301.2751682628903 0
v 289.63074406202094 301.457334314504 0
v 289.65775006967266 301.6380843657165 0
v 283.6741306243143 263.85899506164424 0
v 277.69051117895594 226.07990575757196 0
v 271.70689173359756 188.3008164534997 0
v 265.7232722882392 150.52172714942742 0
v 259.73965284288084 112.74263784535515 0
v 253.75603339752246 74.96354854128288 0
v 247.77241395216407 37.1844592372106 0
v 241.78879450680571 -0.5946300668616686 0
v 241.78879450680571 -0.5946300668616686 0
v 243.08158037309494 -0.7993871748761658 0
v 244.37436623938416 -1.004144282890663 0
v 245.66715210567338 -1.2089013909051602 0
v 246.95993797196263 -1.4136584989196574 0
v 248.25272383825185 -1.6184156069341546 0
v 249.54550970454108 -1.8231727149486519 0
v 250.8382955708303 -2.027929822963149 0
v 252.13108143711952 -2.2326869309776463 0
v 252.13108143711952 -2.2326869309776463 0
v 258.1147016324781 35.54640192309449 0
v 264.0983218278367 73.32549077716664 0
v 270.08194202319527 111.10457963123878 0
v 276.06556221855385 148.88366848531092 0
v 282.0491824139124 186.66275733938306 0
v 288.03280260927096 224.4418461934552 0
v 294.01642280462954 262.22093504752735 0
v 300.0000429999881 300.0000239015995 0
v 300.0000429999881 300.0000239015995 0
v 298.7072563836987 300.20478145961414 0
v 297.4144697674093 300.40953901762873 0
v 296.12168315111984 300.6142965756434 0
v 294.8288965348304 300.819054133658 0
v 293.53610991854094 301.0238116916726 0
v 292.2433233022515 301.22856924968727 0
v 290.9505366859621 301.43332680770186 0
v 289.65775006967266 301.6380843657165 0
v 289.6879180782202 301.81833041678624 0
v 283.0458734463081 264.14942401893245 0
v 276.403828814396 226.48051762107866 0
v 269.7617841824839 188.81161122322484 0
v 263.11973955057175 151.14270482537106 0
v 256.47769491865967 113.47379842751727 0
v 249.83565028674755 75.80489202966345 0
v 243.19360565483544 38.13598563180966 0
v 236.55156102292332 0.4670792339558716 0
v 236.55156102292332 0.46707923395588224 0
v 237.8405758881441 0.23979106955758667 0
v 239.12959075336488 0.012502905159291089 0
v 240.41860561858564 -0.2147852592390045 0
v 241.7076204838064 -0.44207342363730007 0
v 242.9966353490272 -0.6693615880355956 0
v 244.28565021424797 -0.8966497524338912 0
v 245.57466507946876 -1.1239379168321868 0
v 246.86367994468952 -1.3512260812304824 0
v 246.86367994468952 -1.3512260812304824 0
v 253.50572532660186 36.31768016662326 0
v 260.14777070851414 73.98658641447702 0
v 266.7898160904265 111.65549266233076 0
v 273.4318614723388 149.3243989101845 0
v 280.07390685425116 186.99330515803825 0
v 286.7159522361635 224.66221140589198 0
v 293.3579976180758 262.33111765374576 0
v 300.0000429999881 300.0000239015995 0
v 300.0000429999881 300.0000239015995 0
v 298.71102738476714 300.2273122159978 0
v 297.42201176954615 300.4546005303962 0
v 296.13299615432516 300.6818888447945 0
v 294.84398053910417 300.90917715919284 0
v 293.5549649238832 301.1364654735912 0
v 292.2659493086622 301.36375378798954 0
v 290.9769336934412 301.5910421023879 0
v 289.6879180782202 301.81833041678624 0
v 289.72121808765525 301.99802446769957 0
v 282.42277251976293 264.45077515431524 0
v 275.12432695187056 226.90352584093097 0
v 267.82588138397824 189.35627652754667 0
v 260.5274358160859 151.80902721416237 0
v 253.2289902481936 114.26177790077807 0
v 245.93054468030127 76.71452858739377 0
v 238.63209911240892 39.1672792740095 0
v 231.3336535445166 1.6200299606251747 0
v 231.3336535445166 1.6200299606251605 0
v 232.618505908558 1.3702799648626813 0
v 233.9033582725994 1.1205299691002022 0
v 235.1882106366408 0.8707799733377231 0
v 236.4730630006822 0.6210299775752439 0
v 237.75791536472363 0.3712799818127648 0
v 239.04276772876503 0.12152998605028564 0
v 240.32762009280643 -0.1282200097121935 0
v 241.61247245684783 -0.37797000547467263 0
v 241.61247245684783 -0.37797000547467263 0
v 248.91091802474014 37.169279232909595 0
v 256.2093635926325 74.71652847129386 0
v 263.5078091605248 112.26377770967812 0
v 270.8062547284171 149.8110269480624 0
v 278.1047002963095 187.35827618644666 0
v 285.4031458642018 224.90552542483093 0
v 292.7015914320941 262.4527746632152 0
v 300.00003699998643 300.0000239015995 0
v 300.00003699998643 300.0000239015995 0
v 298.71518463594504 300.249773972362 0
v 297.43033227190364 300.4995240431245 0
v 296.14547990786224 300.749274113887 0
v 294.86062754382084 300.99902418464956 0
v 293.57577517977944 301.24877425541206 0
v 292.29092281573804 301.49852432617456 0
v 291.00607045169664 301.74827439693706 0
v 289.72121808765525 301.99802446769957 0
v 289.7576560979793 302.1771125184411 0
v 281.8050318447364 264.76295704276674 0
v 273.8524075914935 227.34880156709232 0
v 265.8997833382506 189.93464609141796 0
v 257.9471590850077 152.52049061574357 0
v 249.9945348317648 115.10633514006918 0
v 242.04191057852194 77.69217966439481 0
v 234.08928632527903 40.278024188720394 0
v 226.13666207203613 2.863868713046031 0
v 226.13666207203613 2.8638687130460383 0
v 227.41695968478703 2.5917330109409447 0
v 228.6972572975379 2.319597308835851 0
v 229.9775549102888 2.0474616067307574 0
v 231.25785252303967 1.7753259046256638 0
v 232.53815013579057 1.5031902025205701 0
v 233.81844774854147 1.2310545004154765 0
v 235.09874536129234 0.9589187983103828 0
v 236.37904297404324 0.6867830962052892 0
v 236.37904297404324 0.6867830962052892 0
v 244.33166797728634 38.10093744687936 0
v 252.28429298052947 75.51509179755342 0
v 260.23691798377257 112.92924614822749 0
v 268.18954298701567 150.34340049890156 0
v 276.1421679902588 187.75755484957563 0
v 284.0947929935019 225.1717092002497 0
v 292.047417996745 262.5858635509238 0
v 300.0000429999881 300.00001790159786 0
v 300.0000429999881 300.0000179015978 0
v 298.719744637237 300.2721547287032 0
v 297.43944627448593 300.5442915558086 0
v 296.1591479117348 300.81642838291407 0
v 294.8788495489837 301.08856521001945 0
v 293.5985511862326 301.36070203712484 0
v 292.3182528234815 301.6328388642303 0
v 291.0379544607304 301.9049756913357 0
v 289.7576560979793 302.1771125184411 0
v 289.7972081091857 302.3555285689923 0
v 281.1928284212788 265.0858649092573 0
v 272.58844873337193 227.81620124952224 0
v 263.98406904546505 190.54653758978716 0
v 255.37968935755816 153.27687393005212 0
v 246.77530966965128 116.00721027031707 0
v 238.1709299817444 78.737546610582 0
v 229.5665502938375 41.467882950846956 0
v 220.96217060593062 4.198219291111911 0
v 220.96217060593062 4.198219291111933 0
v 222.2375242172807 3.903780757687705 0
v 223.5128778286308 3.609342224263477 0
v 224.78823143998088 3.314903690839249 0
v 226.06358505133096 3.020465157415021 0
v 227.33893866268107 2.7260266239907933 0
v 228.61429227403116 2.4315880905665654 0
v 229.88964588538124 2.1371495571423376 0
v 231.16499949673133 1.8427110237181097 0
v 231.16499949673133 1.8427110237181097 0
v 239.76937993463844 39.112376633453714 0
v 248.37376037254552 76.38204224318932 0
v 256.9781408104526 113.65170785292493 0
v 265.58252124835974 150.92137346266054 0
v 274.1869016862668 188.1910390723961 0
v 282.7912821241739 225.46070468213173 0
v 291.39566256208104 262.7303702918673 0
v 300.0000429999881 300.0000359016029 0
v 300.0000429999881 300.0000359016029 0
v 298.7246886386378 300.29447248502663 0
v 297.4493342772875 300.5889090684503 0
v 296.1739799159372 300.8833456518739 0
v 294.89862555458694 301.1777822352976 0
v 293.62327119323663 301.47221881872133 0
v 292.3479168318863 301.766655402145 0
v 291.072562470536 302.0610919855686 0
v 289.7972081091857 302.3555285689923 0
v 289.8398741212744 302.5332426193446 0
v 280.586359499446 265.4194213537649 0
v 271.3328448776176 228.30560008818517 0
v 262.0793302557892 191.19177882260544 0
v 252.82581563396081 154.07795755702574 0
v 243.5723010121324 116.96413629144604 0
v 234.318786390304 79.85031502586631 0
v 225.0652717684756 42.73649376028658 0
v 215.8117571466472 5.622672494706876 0
v 215.8117571466472 5.62267249470689 0
v 217.08177825648642 5.306020829988944 0
v 218.35179936632565 4.989369165270999 0
v 219.62182047616486 4.672717500553053 0
v 220.8918415860041 4.356065835835107 0
v 222.1618626958433 4.039414171117161 0
v 223.4318838056825 3.7227625063992154 0
v 224.70190491552174 3.4061108416812695 0
v 225.97192602536094 3.0894591769633237 0
v 225.97192602536094 3.0894591769633237 0
v 235.22544064718934 40.203277517542205 0
v 244.47895526901775 77.31709585812109 0
v 253.73246989084615 114.43091419869995 0
v 262.9859845126745 151.54473253927884 0
v 272.2394991345029 188.65855087985773 0
v 281.4930137563313 225.7723692204366 0
v 290.7465283781597 262.8861875610155 0
v 300.0000429999881 300.00000590159436 0
v 300.0000429999881 300.00000590159436 0
v 298.7300218901489 300.31666049131314 0
v 297.4600007803097 300.6333150810319 0
v 296.1899796704705 300.9499696707507 0
v 294.91995856063124 301.2666242604695 0
v 293.64993745079204 301.58327885018826 0
v 292.37991634095283 301.89993343990704 0
v 291.1098952311136 302.2165880296258 0
v 289.8398741212744 302.5332426193446 0
v 289.8856361342403 302.7101646694725 0
v 279.985805079289 265.76349347625194 0
v 270.08597402433765 228.8168222830314 0
v 260.1861429693863 191.87015108981086 0
v 250.28631191443498 154.92347989659032 0
v 240.38648085948364 117.97680870336978 0
v 230.48664980453228 81.03013751014925 0
v 220.58681874958094 44.08346631692871 0
v 210.6869876946296 7.136795123708168 0
v 210.6869876946296 7.136795123708183 0
v 211.9512885528481 6.798026702723823 0
v 213.21558941106656 6.459258281739464 0
v 214.47989026928505 6.120489860755105 0
v 215.74419112750354 5.781721439770745 0
v 217.008491985722 5.442953018786386 0
v 218.2727928439405 5.104184597802027 0
v 219.53709370215896 4.765416176817667 0
v 220.80139456037745 4.426647755833308 0
v 220.80139456037745 4.426647755833308 0
v 230.70122561532878 41.37331977405408 0
v 240.60105667028012 78.31999179227486 0
v 250.50088772523145 115.26666381049563 0
v 260.4007187801828 152.2133358287164 0
v 270.3005498351341 189.16000784693716 0
v 280.20038089008546 226.10667986515796 0
v 290.1002119450368 263.0533518833787 0
v 300.0000429999881 300.0000239015995 0
v 300.0000429999881 300.0000239015995 0
v 298.73574214176966 300.3387914975836 0
v 297.47144128355114 300.67755909356777 0
v 296.2071404253327 301.0163266895519 0
v 294.9428395671142 301.355094285536 0
v 293.67853870889576 301.6938618815201 0
v 292.4142378506773 302.0326294775042 0
v 291.1499369924588 302.37139707348837 0
v 289.8856361342403 302.7101646694725 0
v 289.9344761480783 302.88627071936924 0
v 279.3913444108585 266.1180025266962 0
v 268.84821267363867 229.34973433402314 0
v 258.3050809364189 192.58146614135012 0
v 247.76194919919908 155.81319794867707 0
v 237.21881746197926 119.04492975600402 0
v 226.67568572475943 82.276661563331 0
v 216.1325539875396 45.50839337065793 0
v 205.5894222503198 8.740125177984908 0
v 205.5894222503198 8.7401251779849 0
v 206.84761810680854 8.37934327576339 0
v 208.10581396329727 8.01856137354188 0
v 209.364009819786 7.65777947132037 0
v 210.6222056762747 7.29699756909886 0
v 211.88040153276341 6.93621566687735 0
v 213.13859738925214 6.575433764655839 0
v 214.39679324574087 6.214651862434329 0
v 215.6549891022296 5.853869960212819 0
v 215.6549891022296 5.853869960212819 0
v 226.19812083944942 42.62213920288615 0
v 236.74125257666924 79.39040844555949 0
v 247.28438431388903 116.15867768823281 0
v 257.8275160511089 152.92694693090615 0
v 268.37064778832865 189.6952161735795 0
v 278.9137795255485 226.4634854162528 0
v 289.4569112627683 263.23175465892615 0
v 300.0000429999881 300.0000239015995 0
v 300.0000429999881 300.0000239015995 0
v 298.7418471434994 300.36080475382073 0
v 297.4836512870107 300.7215856060419 0
v 296.22545543052195 301.08236645826315 0
v 294.9672595740332 301.4431473104844 0
v 293.7090637175445 301.8039281627056 0
v 292.45086786105577 302.1647090149268 0
v 291.19267200456704 302.525489867148 0
v 289.9344761480783 302.88627071936924 0
v 289.98638216278505 303.061494769016 0
v 278.8031612442067 266.48283008006393 0
v 267.6199403256283 229.9041653911119 0
v 256.43671940704996 193.32550070215984 0
v 245.2534984884716 156.74683601320777 0
v 234.07027756989322 120.1681713242557 0
v 222.88705665131488 83.58950663530365 0
v 211.7038357327365 47.010841946351604 0
v 200.52061481415814 10.43217725739953 0
v 200.52061481415814 10.432177257399523 0
v 201.77232241880853 10.049491823972016 0
v 203.02403002345892 9.666806390544506 0
v 204.27573762810928 9.284120957116997 0
v 205.52744523275967 8.90143552368949 0
v 206.77915283741007 8.518750090261982 0
v 208.03086044206043 8.136064656834472 0
v 209.28256804671082 7.753379223406964 0
v 210.5342756513612 7.370693789979455 0
v 210.5342756513612 7.370693789979455 0
v 221.71749656993958 43.94935780393132 0
v 232.90071748851796 80.52802181788319 0
v 244.0839384070963 117.10668583183505 0
v 255.26715932567467 153.6853498457869 0
v 266.45038024425304 190.26401385973878 0
v 277.6336011628314 226.84267787369066 0
v 288.8168220814098 263.4213418876425 0
v 300.0000429999881 300.00000590159436 0
v 300.0000429999881 300.00000590159436 0
v 298.74833539533773 300.3826920100221 0
v 297.49662779068734 300.7653781184498 0
v 296.24492018603695 301.14806422687747 0
v 294.9932125813866 301.5307503353052 0
v 293.7415049767362 301.9134364437329 0
v 292.48979737208583 302.29612255216057 0
v 291.23808976743544 302.6788086605883 0
v 289.98638216278505 303.061494769016 0
v 290.0413361783553 303.235794818401 0
v 278.2214333293838 266.85787466132655 0
v 266.40153048041225 230.47995450425208 0
v 254.58162763144074 194.10203434717764 0
v 242.76172478246923 157.72411419010317 0
v 230.9418219334977 121.3461940330287 0
v 219.12191908452616 84.96827387595425 0
v 207.30201623555462 48.59035371887978 0
v 195.4821133865831 12.212433561805312 0
v 195.4821133865831 12.212433561805334 0
v 196.72695173928722 11.807961072204828 0
v 197.97179009199132 11.403488582604322 0
v 199.21662844469543 10.999016093003815 0
v 200.4614667973995 10.59454360340331 0
v 201.70630515010362 10.190071113802803 0
v 202.95114350280772 9.785598624202297 0
v 204.19598185551183 9.381126134601791 0
v 205.44082020821594 8.976653645001285 0
v 205.44082020821594 8.976653645001285 0
v 217.26072380718767 45.35457267707542 0
v 229.0806274061594 81.73249170914954 0
v 240.90053100513114 118.11041074122369 0
v 252.72043460410288 154.4883297732978 0
v 264.5403382030746 190.86624880537195 0
v 276.36024180204635 227.24416783744607 0
v 288.1801454010181 263.6220868695202 0
v 300.0000489999898 300.00000590159436 0
v 300.0000489999898 300.00000590159436 0
v 298.7552098972855 300.4044795161952 0
v 297.5103707945812 300.808953130796 0
v 296.2655316918769 301.2134267453969 0
v 295.02069258917254 301.6179003599977 0
v 293.77585348646824 302.0223739745985 0
v 292.53101438376393 302.4268475891994 0
v 291.2861752810596 302.8313212038002 0
v 290.0413361783553 303.235794818401 0
v 290.0993261947858 303.4091048675055 0
v 277.64634141644115 267.24301117044854 0
v 265.1933566380964 231.07691747339155 0
v 252.74037185975175 194.91082377633455 0
v 240.28738708140708 158.7447300792776 0
v 227.83440230306238 122.57863638222062 0
v 215.38141752471768 86.41254268516363 0
v 202.928432746373 50.246448988106636 0
v 190.4754479680283 14.08035529104967 0
v 190.4754479680283 14.080355291049678 0
v 191.7130375686786 13.654218970311087 0
v 192.95062716932887 13.228082649572496 0
v 194.18821676997916 12.801946328833905 0
v 195.42580637062946 12.375810008095314 0
v 196.66339597127975 11.949673687356723 0
v 197.90098557193005 11.523537366618132 0
v 199.13857517258032 11.097401045879542 0
v 200.3761647732306 10.67126472514095 0
v 200.3761647732306 10.67126472514095 0
v 212.8291495515753 46.83735887219806 0
v 225.28213432991998 83.00345301925518 0
v 237.73511910826468 119.16954716631227 0
v 250.18810388660938 155.3356413133694 0
v 262.64108866495405 191.5017354604265 0
v 275.0940734432987 227.6678296074836 0
v 287.54705822164345 263.8339237545407 0
v 300.0000429999881 300.0000179015978 0
v 300.0000429999881 300.0000179015978 0
v 298.76245339933786 300.42615377233625 0
v 297.52486379868753 300.85228964307476 0
v 296.28727419803727 301.2784255138132 0
v 295.049684597387 301.70456138455165 0
v 293.8120949967367 302.1306972552901 0
v 292.5745053960864 302.55683312602855 0
v 291.3369157954361 302.98296899676706 0
v 290.0993261947858 303.4091048675055 0
v 290.1603282120697 303.58138291631764 0
v 277.0780550054267 267.6381311573992 0
v 263.99578179878364 231.69487939848074 0
v 250.91350859214063 195.7516276395623 0
v 237.83123538549762 159.80837588064384 0
v 224.74896217885458 123.86512412172539 0
v 211.66668897221155 87.92187236280694 0
v 198.5844157655685 51.97862060388849 0
v 185.5021425589255 16.035368844970037 0
v 185.5021425589255 16.035368844970023 0
v 186.7321069074153 15.587698593130154 0
v 187.9620712559051 15.140028341290286 0
v 189.1920356043949 14.692358089450417 0
v 190.4219999528847 14.244687837610549 0
v 191.6519643013745 13.79701758577068 0
v 192.8819286498643 13.349347333930812 0
v 194.1118929983541 12.901677082090943 0
v 195.3418573468439 12.454006830251075 0
v 195.3418573468439 12.454006830251075 0
v 208.42413130348714 48.397259714169834 0
v 221.50640526013038 84.3405125980886 0
v 234.58867921677364 120.28376548200735 0
v 247.67095317341688 156.2270183659261 0
v 260.7532271300601 192.1702712498449 0
v 273.83550108670335 228.11352413376363 0
v 286.9177750433466 264.0567770176824 0
v 300.0000489999898 300.0000299016011 0
v 300.0000489999898 300.0000299016012 0
v 298.7700839014998 300.44769902844075 0
v 297.5401188030098 300.89536815528027 0
v 296.3101537045198 301.34303728211984 0
v 295.08018860602976 301.7907064089594 0
v 293.85022350753974 302.238375535799 0
v 292.6202584090497 302.68604466263855 0
v 291.39029331055974 303.13371378947807 0
v 290.1603282120697 303.58138291631764 0
v 290.2243362302053 303.7525689648203 0
v 276.5167585963928 268.0431081721426 0
v 262.8091809625802 232.3336473794649 0
v 249.10160332876762 196.62418658678723 0
v 235.39402569495508 160.91472579410953 0
v 221.6864480611425 125.20526500143183 0
v 207.97887042732992 89.49580420875415 0
v 194.27129279351738 53.78634341607648 0
v 180.5637151597048 18.076882623398774 0
v 180.5637151597048 18.076882623398767 0
v 181.78567850592765 17.60781464049621 0
v 183.0076418521505 17.13874665759365 0
v 184.22960519837335 16.669678674691095 0
v 185.45156854459623 16.200610691788537 0
v 186.67353189081908 15.731542708885978 0
v 187.89549523704193 15.262474725983422 0
v 189.11745858326478 14.793406743080865 0
v 190.33942192948763 14.324338760178307 0
v 190.33942192948763 14.324338760178307 0
v 204.0470003133004 50.033797152855314 0
v 217.75457869711317 85.74325554553232 0
v 231.46215708092595 121.45271393820933 0
v 245.16973546473872 157.16217233088634 0
v 258.87731384855147 192.87163072356333 0
v 272.58489223236427 228.58108911624035 0
v 286.29247061617707 264.29054750891737 0
v 300.0000489999898 300.00000590159436 0
v 300.0000489999898 300.00000590159436 0
v 298.77808490376674 300.4690762844976 0
v 297.5561208075437 300.9381466674008 0
v 296.33415671132065 301.4072170503041 0
v 295.11219261509757 301.8762874332073 0
v 293.8902285188745 302.34535781611055 0
v 292.6682644226514 302.81442819901383 0
v 291.4463003264284 303.28349858191706 0
v 290.2243362302053 303.7525689648203 0
v 290.29130824918076 303.92259701299497 0
v 275.96260293938207 268.45780683964057 0
v 261.6338976295834 232.99301666628622 0
v 247.30519231978468 197.52822649293182 0
v 232.976487009986 162.06343631957745 0
v 218.6477817001873 126.59864614622307 0
v 204.3190763903886 91.13385597286867 0
v 189.9903710805899 55.6690657995143 0
v 175.66166577079122 20.204275626159927 0
v 175.66166577079122 20.204275626159948 0
v 176.87525761464215 19.713952937235224 0
v 178.08884945849306 19.2236302483105 0
v 179.302441302344 18.73330755938578 0
v 180.5160331461949 18.242984870461054 0
v 181.72962499004583 17.75266218153633 0
v 182.94321683389677 17.26233949261161 0
v 184.15680867774768 16.772016803686885 0
v 185.3704005215986 16.28169411476216 0
v 185.3704005215986 16.28169411476216 0
v 199.6991065813975 51.74648533811683 0
v 214.02781264119642 87.2112765614715 0
v 228.3565187009953 122.67606778482616 0
v 242.6852247607942 158.14085900818083 0
v 257.01393082059315 193.6056502315355 0
v 271.342636880392 229.07044145489016 0
v 285.6713429401909 264.5352326782448 0
v 300.0000489999898 300.0000239015995 0
v 300.0000489999898 300.0000239015995 0
v 298.78645640613865 300.49034554052395 0
v 297.57286381228755 300.98066717944835 0
v 296.35927121843645 301.4709888183728 0
v 295.1456786245853 301.96131045729726 0
v 293.9320860307341 302.45163209622166 0
v 292.718493436883 302.9419537351461 0
v 291.5049008430319 303.4322753740705 0
v 290.29130824918076 303.92259701299497 0
v 290.3612502689976 304.0914670608414 0
v 275.4157807844491 268.88214563486986 0
v 260.47031129990063 233.67282420889825 0
v 245.52484181535215 198.46350278292667 0
v 230.57937233080366 163.2541813569551 0
v 215.63390284625518 128.0448599309835 0
v 200.6884333617067 92.83553850501193 0
v 185.74296387715822 57.626217079040345 0
v 170.79749439260974 22.416895653068764 0
v 170.79749439260974 22.41689565306877 0
v 172.00234348398354 21.905467508164172 0
v 173.20719257535734 21.394039363259573 0
v 174.41204166673117 20.88261121835497 0
v 175.61689075810497 20.37118307345037 0
v 176.82173984947877 19.859754928545772 0
v 178.0265889408526 19.34832678364117 0
v 179.2314380322264 18.83689863873657 0
v 180.4362871236002 18.325470493831972 0
v 180.4362871236002 18.325470493831972 0
v 195.38175735814892 53.53478966980291 0
v 210.32722759269762 88.74410884577385 0
v 225.2726978272463 123.9534280217448 0
v 240.218168061795 159.16274719771573 0
v 255.16363829634372 194.37206637368666 0
v 270.1091085308924 229.58138554965763 0
v 285.0545787654411 264.79070472562853 0
v 300.0000489999898 300.0000239015995 0
v 300.0000489999898 300.0000239015995 0
v 298.7951991586158 300.5114542965047 0
v 297.59034931724176 301.02288469140996 0
v 296.38549947586773 301.5343150863152 0
v 295.1806496344937 302.0457454812205 0
v 293.9757997931197 302.5571758761257 0
v 292.77094995174565 303.06860627103094 0
v 291.5661001103716 303.5800366659362 0
v 290.3612502689976 304.0914670608414 0
v 290.4341202896441 304.2590471083224 0
v 274.8764398816359 269.31592423277374 0
v 259.3187594736277 234.37280135722506 0
v 243.76107906561953 199.42967848167638 0
v 228.20339865761133 164.4865556061277 0
v 212.64571824960314 129.543432730579 0
v 197.0880378415949 94.60030985503033 0
v 181.53035743358672 59.65718697948165 0
v 165.97267702557852 24.71406410393297 0
v 165.97267702557852 24.714064103932984 0
v 167.1684166143713 24.181686353092665 0
v 168.3641562031641 23.649308602252344 0
v 169.55989579195688 23.11693085141202 0
v 170.75563538074965 22.584553100571704 0
v 171.95137496954246 22.052175349731385 0
v 173.14711455833523 21.519797598891063 0
v 174.34285414712804 20.98741984805074 0
v 175.5385937359208 20.455042097210423 0
v 175.5385937359208 20.455042097210423 0
v 191.09627489392923 55.398164072758846 0
v 206.65395605193766 90.34128604830727 0
v 222.21163720994605 125.28440802385569 0
v 237.76931836795447 160.2275299994041 0
v 253.3269995259629 195.17065197495253 0
v 268.8846806839713 230.11377395050096 0
v 284.44236184197973 265.0568959260494 0
v 300.0000429999881 300.0000179015978 0
v 300.0000429999881 300.0000179015978 0
v 298.80430266119515 300.5323965524384 0
v 297.6085623224021 301.06477520327894 0
v 296.4128219836091 301.59715385411954 0
v 295.2170816448161 302.12953250496014 0
v 294.02134130602315 302.6619111558007 0
v 292.8256009672301 303.1942898066413 0
v 291.6298606284371 303.7266684574818 0
v 290.4341202896441 304.2590471083224 0
v 290.5099123111185 304.42533715543794 0
v 274.34475948099316 269.759056833328 0
v 258.17960665086787 235.09277651121798 0
v 242.01445382074252 200.42649618910798 0
v 225.84930099061717 165.760215866998 0
v 209.68414816049182 131.09393554488804 0
v 193.5189953303665 96.42765522277804 0
v 177.35384250024117 61.761374900668045 0
v 161.18868967011582 27.095094578558076 0
v 161.18868967011582 27.095094578558097 0
v 162.37495600622452 26.541929371827997 0
v 163.56122234233322 25.9887641650979 0
v 164.74748867844193 25.435598958367805 0
v 165.93375501455063 24.882433751637706 0
v 167.12002135065933 24.329268544907606 0
v 168.30628768676803 23.77610333817751 0
v 169.49255402287673 23.222938131447414 0
v 170.67882035898543 22.669772924717314 0
v 170.67882035898543 22.669772924717314 0
v 186.84397393911098 57.336054296827584 0
v 203.00912751923653 92.00233566893786 0
v 219.17428109936208 126.66861704104812 0
v 235.33943467948762 161.33489841315838 0
v 251.50458825961317 196.00117978526865 0
v 267.6697418397387 230.66746115737894 0
v 283.83489541986427 265.3337425294892 0
v 300.0000489999898 300.0000239015995 0
v 300.0000489999898 300.0000239015995 0
v 298.8137819138809 300.5531880583293 0
v 297.62751482777196 301.10635221505913 0
v 296.44124774166306 301.6595163717889 0
v 295.25498065555416 302.2126805285187 0
v 294.06871356944526 302.7658446852485 0
v 292.88244648333637 303.3190088419783 0
v 291.6961793972274 303.87217299870815 0
v 290.5099123111185 304.42533715543794 0
v 290.58859033341065 304.5903132021811 0
v 273.82088958256344 270.2114307115005 0
v 257.0531888317162 235.8325482208199 0
v 240.28548808086902 201.45366573013925 0
v 223.5177873300218 167.07478323945864 0
v 206.7500865791746 132.69590074877803 0
v 189.9823858283274 98.31701825809739 0
v 173.2146850774802 63.93813576741678 0
v 156.446984326633 29.55925327673617 0
v 156.446984326633 29.559253276736193 0
v 157.62341590995518 28.98546876416396 0
v 158.79984749327735 28.41168425159173 0
v 159.97627907659955 27.837899739019495 0
v 161.15271065992175 27.264115226447263 0
v 162.32914224324395 26.69033071387503 0
v 163.50557382656615 26.116546201302796 0
v 164.68200540988832 25.542761688730565 0
v 165.85843699321052 24.968977176158333 0
v 165.85843699321052 24.968977176158333 0
v 182.62613849405793 59.34785801683848 0
v 199.39383999490533 93.72673885751863 0
v 216.16154149575277 128.10561969819878 0
v 232.92924299660018 162.48450053887893 0
v 249.6969444974476 196.8633813795591 0
v 266.464645998295 231.24226222023918 0
v 283.2323474991424 265.62114306091934 0
v 300.0000489999898 300.0000239015995 0
v 300.0000489999898 300.0000239015995 0
v 298.8236166666674 300.5738100641722 0
v 297.647184333345 301.1475962267449 0
v 296.4707520000226 301.72138238931757 0
v 295.29431966670023 302.2951685518903 0
v 294.11788733337784 302.86895471446303 0
v 292.94145500005544 303.4427408770357 0
v 291.76502266673305 304.0165270396084 0
v 290.58859033341065 304.5903132021811 0
v 290.67013635651534 304.7538492485163 0
v 273.3049951863934 270.6728413422335 0
v 255.93985401627145 236.59183343595063 0
v 238.5747128461495 202.51082552966778 0
v 221.20957167602756 168.42981762338496 0
v 203.84443050590562 134.34880971710214 0
v 186.4792893357837 100.2678018108193 0
v 169.11414816566176 66.18679390453644 0
v 151.74900699553982 32.10578599825362 0
v 151.74900699553982 32.105785998253594 0
v 152.91524532597393 31.511557904889017 0
v 154.081483656408 30.917329811524436 0
v 155.24772198684212 30.323101718159855 0
v 156.41396031727623 29.728873624795277 0
v 157.58019864771032 29.1346455314307 0
v 158.74643697814443 28.540417438066118 0
v 159.9126753085785 27.946189344701537 0
v 161.07891363901263 27.35196125133696 0
v 161.07891363901263 27.35196125133696 0
v 178.44405555913477 61.43297058262021 0
v 195.8091974792569 95.51397991390346 0
v 213.17433939937908 129.5949892451867 0
v 230.53948131950122 163.67599857646996 0
v 247.90462323962336 197.75700790775318 0
v 265.26976515974553 231.83801723903645 0
v 282.6349070798677 265.9190265703197 0
v 300.0000489999898 300.0000359016029 0
v 300.0000489999898 300.0000359016029 0
v 298.8338099195555 300.5942625699671 0
v 297.6675708391212 301.1884892383313 0
v 296.5013317586869 301.78271590669544 0
v 295.3350926782526 302.3769425750596 0
v 294.16885359781827 302.9711692434238 0
v 293.00261451738396 303.56539591178796 0
v 291.83637543694965 304.15962258015213 0
v 290.67013635651534 304.7538492485163 0
v 290.75452038042414 304.9159512944452 0
v 272.7972285425262 271.14319872550135 0
v 254.83993670462831 237.3704461565575 0
v 236.8826448667304 203.59769358761366 0
v 218.9253530288325 169.8249410186698 0
v 200.96806119093458 136.05218844972592 0
v 183.01076935303664 102.27943588078207 0
v 165.05347751513872 68.50668331183823 0
v 147.0961856772408 34.73393074289436 0
v 147.0961856772408 34.73393074289439 0
v 148.25187600468632 34.119439068788466 0
v 149.4075663321318 33.50494739468254 0
v 150.56325665957732 32.89045572057661 0
v 151.71894698702283 32.27596404647069 0
v 152.87463731446834 31.661472372364766 0
v 154.03032764191386 31.046980698258842 0
v 155.18601796935934 30.43248902415292 0
v 156.34170829680485 29.817997350046994 0
v 156.34170829680485 29.817997350046994 0
v 174.299000884703 63.590750668991056 0
v 192.2562934726011 97.36350398793512 0
v 210.21358606049924 131.13625730687917 0
v 228.17087864839738 164.90901062582324 0
v 246.1281712362955 198.6817639447673 0
v 264.08546382419365 232.45451726371135 0
v 282.04275641209176 266.2272705826554 0
v 300.0000489999899 300.0000239015995 0
v 300.0000489999899 300.0000239015995 0
v 298.84435792254413 300.6145148257052 0
v 297.68866684509845 301.22900574981094 0
v 296.5329757676527 301.84349667391666 0
v 295.37728469020703 302.4579875980223 0
v 294.2215936127613 303.07247852212805 0
v 293.06590253531556 303.6869694462338 0
v 291.9102114578699 304.3014603703395 0
v 290.75452038042414 304.9159512944452 0
v 290.8417244051319 305.0765713399542 0
v 272.2977516510078 271.62235886126336 0
v 253.75377889688366 238.1681463825725 0
v 235.20980614275953 204.71393390388167 0
v 216.6658333886354 171.2597214251908 0
v 198.12186063451128 137.80550894649994 0
v 179.57788788038715 104.3512964678091 0
v 161.03391512626303 70.89708398911824 0
v 142.4899423721389 37.44287151042738 0
v 142.4899423721389 37.442871510427395 0
v 143.63473294649614 36.80830383063327 0
v 144.7795235208534 36.17373615083915 0
v 145.9243140952106 35.53916847104502 0
v 147.06910466956785 34.9046007912509 0
v 148.2138952439251 34.270033111456776 0
v 149.3586858182823 33.63546543166265 0
v 150.50347639263956 33.00089775186853 0
v 151.6482669669968 32.366330072074405 0
v 151.6482669669968 32.366330072074405 0
v 170.19223972112093 65.82054180076504 0
v 188.73621247524505 99.27475352945568 0
v 207.28018522936918 132.72896525814633 0
v 225.8241579834933 166.18317698683694 0
v 244.36813073761743 199.6373887155276 0
v 262.91210349174156 233.09160044421822 0
v 281.4560762458657 266.5458121729089 0
v 300.0000489999898 300.0000239015995 0
v 300.0000489999898 300.0000239015995 0
v 298.8552584256326 300.63459233139383 0
v 297.7104678512753 301.2691607611882 0
v 296.5656772769181 301.9037291909825 0
v 295.4208867025609 302.53829762077686 0
v 294.2760961282036 303.1728660505712 0
v 293.1313055538464 303.80743448036554 0
v 291.98651497948913 304.4420029101599 0
v 290.8417244051319 305.0765713399542 0
v 290.93172443063196 305.2356313850212 0
v 271.80671901188197 272.1101514994712 0
v 252.68171359313195 238.98467161392122 0
v 233.55670817438195 205.85919172837123 0
v 214.43170275563193 172.73371184282126 0
v 195.30669733688194 139.6082319572713 0
v 176.18169191813195 106.48275207172131 0
v 157.05668649938193 73.35727218617131 0
v 137.93168108063193 40.23179230062135 0
v 137.93168108063193 40.23179230062138 0
v 139.0652224018019 39.57734211519388 0
v 140.19876372297182 38.92289192976638 0
v 141.33230504414178 38.26844174433888 0
v 142.46584636531173 37.61399155891138 0
v 143.5993876864817 36.95954137348388 0
v 144.73292900765165 36.30509118805638 0
v 145.86647032882158 35.65064100262888 0
v 147.00001164999154 34.99619081720138 0
v 147.00001164999154 34.99619081720138 0
v 166.12501706874153 68.12167070275136 0
v 185.25002248749155 101.24715058830134 0
v 204.37502790624154 134.3726304738513 0
v 223.50003332499153 167.4981103594013 0
v 242.62503874374156 200.62359024495126 0
v 261.7500441624916 233.74907013050125 0
v 280.87504958124157 266.8745500160512 0
v 300.00005499999156 300.00002990160124 0
v 300.00005499999156 300.0000299016012 0
v 298.8665136788216 300.6544800870287 0
v 297.73297235765165 301.30893027245617 0
v 296.5994310364817 301.96338045788366 0
v 295.46588971531173 302.6178306433112 0
v 294.33234839414183 303.2722808287387 0
v 293.1988070729719 303.9267310141662 0
v 292.0652657518019 304.5811811995937 0
v 290.93172443063196 305.2356313850212 0
v 291.02447245691053 305.39310142963774 0
v 271.32426112518556 272.6064431400872 0
v 251.62404979346059 239.81978485053662 0
v 231.92383846173564 207.03312656098606 0
v 212.22362713001067 174.2464682714355 0
v 192.5234157982857 141.45980998188494 0
v 172.82320446656075 108.67315169233439 0
v 153.12299313483578 75.88649340278383 0
v 133.4227818031108 43.09983511323327 0
v 133.4227818031108 43.0998351132333 0
v 134.54472887099573 42.425701922228946 0
v 135.66667593888064 41.751568731224594 0
v 136.78862300676556 41.07743554022024 0
v 137.91057007465048 40.40330234921589 0
v 139.03251714253537 39.72916915821154 0
v 140.1544642104203 39.05503596720719 0
v 141.2764112783052 38.38090277620284 0
v 142.39835834619012 37.70676958519849 0
v 142.39835834619012 37.70676958519849 0
v 162.0985704279153 70.49342712474882 0
v 181.7987825096405 103.28008466429915 0
v 201.49899459136566 136.0667422038495 0
v 221.19920667309083 168.85339974339982 0
v 240.89941875481603 201.64005728295015 0
v 260.5996308365412 234.4267148225005 0
v 280.2998429182664 267.2133723620508 0
v 300.00005499999156 300.0000299016011 0
v 300.00005499999156 300.0000299016012 0
v 298.8781071821064 300.67416384260576 0
v 297.7561593642213 301.3482977836103 0
v 296.6342115463362 302.0224317246149 0
v 295.51226372845105 302.69656566561946 0
v 294.3903159105659 303.37069960662404 0
v 293.2683680926808 304.0448335476286 0
v 292.1464202747957 304.71896748863315 0
v 291.02447245691053 305.39310142963774 0
v 291.119962483966 305.5489274737884 0
v 270.8505452409661 273.11107853306714 0
v 250.58112799796615 240.67322959234588 0
v 230.3117107549662 208.2353806516246 0
v 210.0422935119663 175.79753171090334 0
v 189.7728762689664 143.35968277018208 0
v 169.50345902596646 110.92183382946081 0
v 149.23404178296653 78.48398488873954 0
v 128.96462453996662 46.046135948018275 0
v 128.96462453996662 46.04613594801829 0
v 130.0746353544696 45.352524501495104 0
v 131.18464616897256 44.65891305497192 0
v 132.29465698347553 43.965301608448726 0
v 133.4046677979785 43.27169016192554 0
v 134.5146786124815 42.578078715402356 0
v 135.62468942698447 41.88446726887916 0
v 136.73470024148745 41.19085582235598 0
v 137.84471105599042 40.49724437583279 0
v 137.84471105599042 40.49724437583279 0
v 158.11412904899055 72.93509256655383 0
v 178.3835470419907 105.37294075727489 0
v 198.65296503499084 137.81078894799595 0
v 218.92238302799097 170.248637138717 0
v 239.19180102099114 202.68648532943803 0
v 259.46121901399124 235.1243335201591 0
v 279.7306370069914 267.56218171088017 0
v 300.00005499999156 300.0000299016012 0
v 300.00005499999156 300.0000299016012 0
v 298.89004343548834 300.6936420981246 0
v 297.78003187098517 301.38725429464796 0
v 296.670020306482 302.0808664911714 0
v 295.5600087419788 302.7744786876948 0
v 294.44999717747555 303.4680908842182 0
v 293.3399856129724 304.16170308074163 0
v 292.2299740484692 304.855315277265 0
v 291.119962483966 305.5489274737884 0
v 291.21816451178995 305.7030615174597 0
v 270.38571535926434 273.6239039283676 0
v 249.55326620673878 241.54474633927555 0
v 228.72081705421317 209.46558875018346 0
v 207.8883679016876 177.3864311610914 0
v 187.055918749162 145.30727357199933 0
v 166.2234695966364 113.22811598290724 0
v 145.3910204441108 81.14895839381518 0
v 124.55857129158522 49.069800804723116 0
v 124.55857129158521 49.0698008047231 0
v 125.65630760261041 48.35692185274079 0
v 126.75404391363561 47.64404290075848 0
v 127.85178022466081 46.93116394877616 0
v 128.949516535686 46.21828499679385 0
v 130.04725284671122 45.50540604481154 0
v 131.1449891577364 44.79252709282922 0
v 132.24272546876162 44.079648140846906 0
v 133.3404617797868 43.366769188864595 0
v 133.3404617797868 43.366769188864595 0
v 154.1729109323124 75.44592677795667 0
v 175.005360084838 107.52508436704875 0
v 195.8378092373636 139.6042419561408 0
v 216.67025838988917 171.6833995452329 0
v 237.50270754241478 203.76255713432496 0
v 258.33515669494034 235.84171472341706 0
v 279.167605847466 267.9208723125091 0
v 300.00005499999156 300.00002990160124 0
v 300.00005499999156 300.0000299016012 0
v 298.9023186889664 300.7129088535835 0
v 297.8045823779412 301.4257878055658 0
v 296.70684606691594 302.1386667575481 0
v 295.60910975589076 302.85154570953046 0
v 294.51137344486557 303.56442466151276 0
v 293.4136371338403 304.27730361349506 0
v 292.31590082281514 304.99018256547737 0
v 291.21816451178995 305.7030615174597 0
v 291.31903054036866 305.855455560638 0
v 269.9298959801156 274.1447603259436 0
v 248.5407614198625 242.43406509124912 0
v 227.1516268596094 210.7233698565547 0
v 205.76249229935632 179.01267462186024 0
v 184.37335773910326 147.30197938716583 0
v 162.98422317885016 115.59128415247139 0
v 141.59508861859706 83.88058891777695 0
v 120.20595405834399 52.169893683082506 0
v 120.205954058344 52.169893683082506 0
v 121.29108211579687 51.4379654757029 0
v 122.37621017324973 50.7060372683233 0
v 123.4613382307026 49.974109060943704 0
v 124.54646628815544 49.2421808535641 0
v 125.6315943456083 48.5102526461845 0
v 126.71672240306117 47.7783244388049 0
v 127.80185046051403 47.0463962314253 0
v 128.8869785179669 46.314468024045695 0
v 128.8869785179669 46.314468024045695 0
v 150.27611307821996 78.02516325874012 0
v 171.66524763847306 109.73585849343456 0
v 193.05438219872616 141.446553728129 0
v 214.44351675897923 173.15724896282342 0
v 235.8326513192323 204.8679441975179 0
v 257.2217858794854 236.5786394322123 0
v 278.6109204397385 268.2893346669067 0
v 300.00005499999156 300.0000299016012 0
v 300.00005499999156 300.0000299016012 0
v 298.9149269425387 300.7319581089808 0
v 297.82979888508584 301.4638863163604 0
v 296.74467082763294 302.19581452374 0
v 295.6595427701801 302.92774273111957 0
v 294.5744147127273 303.6596709384992 0
v 293.4892866552744 304.3915991458788 0
v 292.4041585978215 305.1235273532584 0
v 291.31903054036866 305.855455560638 0
v 291.42254256969704 306.0060736033131 0
v 269.48323785356246 274.6734992257529 0
v 247.54393313742787 243.34092484819266 0
v 225.6046284212933 212.00835047063242 0
v 203.66532370515873 180.67577609307222 0
v 181.72601898902414 149.34320171551198 0
v 159.78671427288958 118.01062733795175 0
v 137.847409556755 86.67805296039154 0
v 115.90810484062041 55.345478582831305 0
v 115.90810484062041 55.345478582831305 0
v 116.98029314440701 54.594724620117745 0
v 118.0524814481936 53.84397065740418 0
v 119.1246697519802 53.09321669469061 0
v 120.1968580557668 52.34246273197705 0
v 121.2690463595534 51.59170876926349 0
v 122.34123466334 50.840954806549924 0
v 123.41342296712659 50.09020084383636 0
v 124.4856112709132 49.3394468811228 0
v 124.4856112709132 49.3394468811228 0
v 146.42491598704777 80.6720197586826 0
v 168.36422070318235 112.00459263624239 0
v 190.30352541931694 143.33716551380218 0
v 212.24283013545153 174.669738391362 0
v 234.1821348515861 206.0023112689218 0
v 256.12143956772064 237.33488414648158 0
v 278.06074428385523 268.66745702404137 0
v 300.0000489999898 300.0000299016012 0
v 300.0000489999898 300.0000299016012 0
v 298.9278606962032 300.75078536431516 0
v 297.85567239241664 301.50154082702915 0
v 296.78348408863 302.25229628974313 0
v 295.7112957848434 303.00305175245717 0
v 294.63910748105684 303.75380721517115 0
v 293.5669191772702 304.50456267788513 0
v 292.49473087348366 305.2553181405991 0
v 291.42254256969704 306.0060736033131 0
v 291.5286645997649 306.15485564546805 0
v 269.0458729796424 275.2099473777465 0
v 246.56308135951994 244.265039110025 0
v 224.08028973939744 213.32013084230346 0
v 201.59749811927497 182.37522257458193 0
v 179.11470649915248 151.4303143068604 0
v 156.63191487902998 120.48540603913887 0
v 134.1491232589075 89.54049777141734 0
v 111.66633163878501 58.595589503695805 0
v 111.66633163878501 58.59558950369579 0
v 112.72525468881312 57.82623703571265 0
v 113.78417773884124 57.05688456772952 0
v 114.84310078886935 56.287532099746386 0
v 115.90202383889746 55.518179631763246 0
v 116.96094688892556 54.748827163780106 0
v 118.01986993895368 53.97947469579697 0
v 119.07879298898179 53.21012222781384 0
v 120.1377160390099 52.4407697598307 0
v 120.1377160390099 52.4407697598307 0
v 142.6205084091326 83.38567727755202 0
v 165.10330077925533 114.33058479527332 0
v 187.58609314937803 145.27549231299463 0
v 210.06888551950072 176.22039983071596 0
v 232.55167788962345 207.16530734843724 0
v 255.03447025974617 238.11021486615857 0
v 277.51726262986887 269.0551223838799 0
v 300.00005499999156 300.0000299016012 0
v 300.00005499999156 300.0000299016012 0
v 298.94113119996325 300.7693831195845 0
v 297.8822073999349 301.5387363375679 0
v 296.8232835999066 302.30808955555125 0
v 295.7643597998782 303.0774427735346 0
v 294.7054359998499 303.846795991518 0
v 293.6465121998216 304.6161492095013 0
v 292.5875883997932 305.3855024274847 0
v 291.5286645997649 306.15485564546805 0
v 291.6373726305655 306.3017656870925 0
v 268.61794235839545 275.7539495318804 0
v 245.59851208622538 245.20613337666822 0
v 222.57908181405531 214.65831722145612 0
v 199.55965154188527 184.11050106624398 0
v 176.5402212697152 153.56268491103185 0
v 153.52079099754513 123.01486875581975 0
v 130.5013607253751 92.46705260060762 0
v 107.48193045320502 61.919236445395484 0
v 107.48193045320502 61.9192364453955 0
v 108.52726424938285 61.13152097220951 0
v 109.57259804556067 60.34380549902352 0
v 110.61793184173848 59.556090025837534 0
v 111.66326563791631 58.768374552651544 0
v 112.70859943409414 57.98065907946555 0
v 113.75393323027195 57.19294360627957 0
v 114.79926702644977 56.40522813309358 0
v 115.8446008226276 55.61751265990759 0
v 115.8446008226276 55.61751265990759 0
v 138.86403184479786 86.16532806511951 0
v 161.88346286696816 116.71314347033143 0
v 184.90289388913843 147.26095887554334 0
v 207.9223249113087 177.80877428075524 0
v 230.941755933479 208.35658968596718 0
v 253.96118695564925 238.9044050911791 0
v 276.9806179778195 269.452220496391 0
v 300.0000489999898 300.0000359016029 0
v 300.0000489999898 300.0000359016029 0
v 298.9547144538118 300.7877521247891 0
v 297.9093799076337 301.5754683479753 0
v 296.8640453614557 302.3631845711615 0
v 295.81871081527765 303.1509007943477 0
v 294.77337626909963 303.9386170175339 0
v 293.7280417229216 304.7263332407201 0
v 292.6827071767435 305.5140494639063 0
v 291.6373726305655 306.3017656870925 0
v 291.7486246620869 306.446755728173 0
v 268.19956748985595 276.30533693810673 0
v 244.65051031762496 246.16391814804052 0
v 221.10145314539398 216.02249935797428 0
v 197.55239597316302 185.88108056790804 0
v 174.00333880093206 155.7396617778418 0
v 150.45428162870107 125.59824298777556 0
v 126.90522445647008 95.45682419770932 0
v 103.35616728423912 65.31540540764308 0
v 103.35616728423912 65.3154054076431 0
v 104.38759457647677 64.50956542932184 0
v 105.41902186871442 63.70372545100057 0
v 106.45044916095206 62.897885472679306 0
v 107.48187645318971 62.09204549435805 0
v 108.51330374542736 61.28620551603679 0
v 109.544731037665 60.48036553771552 0
v 110.57615832990265 59.674525559394255 0
v 111.6075856221403 58.868685581072995 0
v 111.6075856221403 58.868685581072995 0
v 135.1566435443715 89.01010437113924 0
v 158.70570146660268 119.15152316120547 0
v 182.25475938883386 149.2929419512717 0
v 205.80381731106507 179.43436074133797 0
v 229.35287523329623 209.57577953140418 0
v 252.90193315552744 239.71719832147045 0
v 276.45099107775866 269.85861711153666 0
v 300.0000489999898 300.0000359016029 0
v 300.0000489999898 300.0000359016029 0
v 298.96862095775197 300.8058758799242 0
v 297.93719291551406 301.6117158582455 0
v 296.9057648732762 302.4175558365667 0
v 295.87433683103836 303.22339581488797 0
v 294.8429087888005 304.02923579320924 0
v 293.81148074656267 304.83507577153046 0
v 292.78005270432476 305.64091574985173 0
v 291.7486246620869 306.446755728173 0
v 291.86239069432065 306.5897837686976 0
v 267.7908796240611 276.8639423463782 0
v 243.71936855380156 247.1381009240589 0
v 219.64785748354203 217.41225950173953 0
v 195.57634641328247 187.6864180794202 0
v 171.50483534302293 157.96057665710083 0
v 147.4333242727634 128.23473523478148 0
v 123.36181320250384 98.50889381246213 0
v 99.2903021322443 68.78305239014279 0
v 99.2903021322443 68.78305239014279 0
v 100.30750867045275 67.95933465675616 0
v 101.32471520866119 67.13561692336954 0
v 102.34192174686962 66.31189918998291 0
v 103.35912828507806 65.4881814565963 0
v 104.3763348232865 64.66446372320966 0
v 105.39354136149493 63.840745989823034 0
v 106.41074789970337 63.01702825643641 0
v 107.42795443791181 62.19331052304979 0
v 107.42795443791181 62.19331052304979 0
v 131.49946625817157 91.91915119536893 0
v 155.57097807843132 121.64499186768806 0
v 179.64248989869105 151.3708325400072 0
v 203.7140017189508 181.09667321232632 0
v 227.78551353921057 210.82251388464545 0
v 251.8570253594703 240.54835455696463 0
v 275.92853717973003 270.27419522928375 0
v 300.0000489999898 300.00003590160287 0
v 300.0000489999898 300.00003590160287 0
v 298.9828417117812 300.8237543849897 0
v 297.9656344235725 301.64747286837655 0
v 296.9484271353639 302.4711913517634 0
v 295.93121984715526 303.29490983515024 0
v 294.9140125589466 304.11862831853705 0
v 293.89680527073796 304.9423468019239 0
v 292.8795979825293 305.7660652853108 0
v 291.86239069432065 306.5897837686976 0
v 291.9786347272564 306.730795808651 0
v 267.3920025110459 277.4295887566447 0
v 242.80537029483543 248.1283817046384 0
v 218.21873807862494 218.82717465263207 0
v 193.63210586241445 189.52596760062576 0
v 169.04547364620396 160.22476054861946 0
v 144.45884142999347 130.92355349661312 0
v 119.87220921378298 101.62234644460682 0
v 95.28557699757249 72.32113939260051 0
v 95.2855769975725 72.3211393926005 0
v 96.28825303166397 71.47979440421949 0
v 97.29092906575544 70.63844941583848 0
v 98.2936050998469 69.79710442745747 0
v 99.29628113393835 68.95575943907645 0
v 100.29895716802982 68.11441445069543 0
v 101.30163320212128 67.27306946231442 0
v 102.30430923621275 66.43172447393341 0
v 103.30698527030421 65.5903794855524 0
v 103.30698527030421 65.5903794855524 0
v 127.89361823651491 94.89158653755872 0
v 152.4802512027256 124.19279358956504 0
v 177.06688416893633 153.49400064157135 0
v 201.653517135147 182.79520769357765 0
v 226.2401501013577 212.09641474558398 0
v 250.8267830675684 241.3976217975903 0
v 275.41341603377913 270.6988288495966 0
v 300.0000489999898 300.0000359016029 0
v 300.0000489999898 300.0000359016029 0
v 298.99737221589817 300.84138088998395 0
v 297.99469543180646 301.682725878365 0
v 296.99201864771476 302.52407086674594 0
v 295.9893418636231 303.36541585512697 0
v 294.98666507953146 304.206760843508 0
v 293.98398829543976 305.04810583188896 0
v 292.98131151134805 305.88945082027 0
v 291.9786347272564 306.730795808651 0
v 292.0973327608875 306.8697678480264 0
v 267.0030681508479 278.00211866886144 0
v 241.90880354080826 249.13446948969653 0
v 216.81453893076866 220.26682031053156 0
v 191.720274320729 191.39917113136661 0
v 166.6260097106894 162.53152195220167 0
v 141.53174510064977 133.6638727730367 0
v 116.43748049061014 104.79622359387176 0
v 91.34321588057051 75.92857441470682 0
v 91.34321588057051 75.9285744147068 0
v 92.3310554104583 75.06985867140408 0
v 93.31889494034608 74.21114292810135 0
v 94.30673447023388 73.35242718479863 0
v 95.29457400012166 72.49371144149589 0
v 96.28241353000945 71.63499569819317 0
v 97.27025305989724 70.77627995489044 0
v 98.25809258978502 69.91756421158772 0
v 99.24593211967282 69.05884846828499 0
v 99.24593211967282 69.05884846828499 0
v 124.34019747971266 97.92649689744974 0
v 149.43446283975248 126.79414532661448 0
v 174.52872819979234 155.66179375577923 0
v 199.6229935598322 184.52944218494395 0
v 224.71725891987202 213.3970906141087 0
v 249.81152427991185 242.26473904327344 0
v 274.9057896399517 271.13238747243815 0
v 300.00005499999156 300.0000359016029 0
v 300.00005499999156 300.0000359016029 0
v 299.01221472010354 300.8587523949059 0
v 298.0243744402155 301.7174688882088 0
v 297.03653416032756 302.5761853815117 0
v 296.04869388043954 303.43490187481467 0
v 295.0608536005515 304.2936183681176 0
v 294.07301332066356 305.1523348614205 0
v 293.08517304077554 306.01105135472346 0
v 292.0973327608875 306.8697678480264 0
v 292.21842479519694 307.0066398868068 0
v 266.6241725434942 278.58134308297497 0
v 241.02992029179143 250.15604627914317 0
v 215.43566804008867 221.73074947531137 0
v 189.84141578838592 193.30545267147954 0
v 164.24716353668316 164.88015586764772 0
v 138.6529112849804 136.45485906381592 0
v 113.05865903327765 108.02956225998412 0
v 87.4644067815749 79.60426545615229 0
v 87.46440678157491 79.6042654561523 0
v 88.43710905717381 78.72843995800181 0
v 89.4098113327727 77.85261445985132 0
v 90.3825136083716 76.97678896170083 0
v 91.3552158839705 76.10096346355036 0
v 92.3279181595694 75.22513796539987 0
v 93.3006204351683 74.34931246724938 0
v 94.27332271076719 73.47348696909889 0
v 95.2460249863661 72.5976614709484 0
v 95.2460249863661 72.5976614709484 0
v 120.84027798806906 101.02295827478021 0
v 146.43453098977204 129.44825507861202 0
v 172.028783991475 157.87355188244385 0
v 197.62303699317795 186.29884868627568 0
v 223.21728999488093 214.72414549010747 0
v 248.8115429965839 243.1494422939393 0
v 274.40579599828686 271.5747390977711 0
v 300.0000489999898 300.0000359016029 0
v 300.0000489999898 300.0000359016029 0
v 299.0273459743907 300.87586139975343 0
v 298.0546429487916 301.7516868979039 0
v 297.08193992319246 302.6275123960544 0
v 296.1092368975934 303.50333789420483 0
v 295.1365338719943 304.37916339235534 0
v 294.1638308463952 305.25498889050584 0
v 293.19112782079605 306.1308143886563 0
v 292.21842479519694 307.0066398868068 0
v 292.3418928301795 307.1413819249837 0
v 266.25544918902256 279.1670954989381 0
v 240.16900554786565 251.19280907289254 0
v 214.0825619067087 223.21852264684696 0
v 187.99611826555176 195.24423622080138 0
v 161.90967462439482 167.26994979475583 0
v 135.82323098323786 139.29566336871025 0
v 109.73678734208093 111.32137694266467 0
v 83.650343700924 83.34709051661909 0
v 83.65034370092401 83.34709051661909 0
v 84.60761247215008 82.4544230136967 0
v 85.56488124337616 81.56175551077432 0
v 86.52215001460223 80.66908800785194 0
v 87.4794187858283 79.77642050492955 0
v 88.43668755705438 78.88375300200715 0
v 89.39395632828045 77.99108549908478 0
v 90.35122509950654 77.0984179961624 0
v 91.3084938707326 76.20575049324 0
v 91.3084938707326 76.20575049324 0
v 117.39493826188976 104.18003691928558 0
v 143.48138265304692 132.15432334533116 0
v 169.56782704420405 160.12860977137672 0
v 195.6542714353612 188.1028961974223 0
v 221.74071582651837 216.07718262346788 0
v 247.8271602176755 244.05146904951346 0
v 273.91360460883266 272.02575547555904 0
v 300.0000489999898 300.0000419016046 0
v 300.0000489999898 300.0000419016046 0
v 299.0427794787635 300.892709404527 0
v 298.0855099575372 301.7853769074494 0
v 297.12824043631093 302.6780444103718 0
v 296.1709709150847 303.5707119132942 0
v 295.2137013938584 304.4633794162165 0
v 294.2564318726321 305.3560469191389 0
v 293.2991623514058 306.2487144220613 0
v 292.3418928301795 307.1413819249837 0
v 292.4677008658251 307.2739459625435 0
v 265.897010587465 279.75919141669857 0
v 239.32632030910491 252.2444368708537 0
v 212.75563003074478 224.72968232500875 0
v 186.18493975238468 197.21492777916387 0
v 159.61424947402458 169.70017323331894 0
v 133.04355919566444 142.18541868747403 0
v 106.47286891730434 114.67066414162912 0
v 79.90217863894424 87.15590959578421 0
v 79.90217863894422 87.15590959578421 0
v 80.84372290571503 86.24667158816685 0
v 81.78526717248582 85.33743358054949 0
v 82.72681143925661 84.42819557293211 0
v 83.66835570602741 83.51895756531475 0
v 84.60989997279822 82.60971955769739 0
v 85.55144423956901 81.70048155008001 0
v 86.4929885063398 80.79124354246265 0
v 87.4345327731106 79.88200553484529 0
v 87.4345327731106 79.88200553484529 0
v 114.00522305147072 107.39675933069 0
v 140.57591332983083 134.91151312653471 0
v 167.14660360819096 162.4262669223794 0
v 193.7172938865511 189.9410207182241 0
v 220.28798416491122 217.45577451406882 0
v 246.8586744432713 244.9705283099135 0
v 273.42936472163143 272.4852821057582 0
v 300.00005499999156 300.0000359016029 0
v 300.00005499999156 300.0000359016029 0
v 299.05851073322077 300.9092746592205 0
v 298.11696646645 301.8185134168381 0
v 297.17542219967913 302.72775217445565 0
v 296.23387793290834 303.6369909320732 0
v 295.29233366613755 304.5462296896908 0
v 294.3507893993667 305.45546844730836 0
v 293.4092451325959 306.36470720492594 0
v 292.4677008658251 307.2739459625435 0
v 292.5957949021184 307.40429599947606 0
v 265.54895348884884 280.3574545862065 0
v 238.5021120755793 253.31061317293694 0
v 211.45527066230972 226.26377175966735 0
v 184.40842924904018 199.2169303463978 0
v 157.3615878357706 172.17008893312823 0
v 130.31474642250103 145.12324751985864 0
v 103.26790500923147 118.07640610658908 0
v 76.22106359596191 91.02956469331951 0
v 76.22106359596191 91.0295646933195 0
v 77.14659535819584 90.10403218108536 0
v 78.07212712042976 89.17849966885123 0
v 78.99765888266369 88.25296715661709 0
v 79.9231906448976 87.32743464438295 0
v 80.84872240713153 86.4019021321488 0
v 81.77425416936546 85.47636961991466 0
v 82.69978593159938 84.55083710768054 0
v 83.62531769383331 83.6253045954464 0
v 83.62531769383331 83.6253045954464 0
v 110.67215985710308 110.67214600871597 0
v 137.71900202037287 137.71898742198553 0
v 164.76584418364263 164.7658288352551 0
v 191.81268634691241 191.81267024852468 0
v 218.8595285101822 218.85951166179422 0
v 245.906370673452 245.9063530750638 0
v 272.9532128367218 272.9531944883334 0
v 300.00005499999156 300.0000359016029 0
v 300.00005499999156 300.0000359016029 0
v 299.0745224877574 300.9255684138371 0
v 298.14898997552325 301.85110092607124 0
v 297.22345746328915 302.77663343830534 0
v 296.297924951055 303.7021659505395 0
v 295.37239243882084 304.62769846277365 0
v 294.44685992658674 305.55323097500775 0
v 293.5213274143526 306.4787634872419 0
v 292.5957949021184 307.40429599947606 0
v 292.7261449390509 307.5323900357693 0
v 265.211390393206 280.96170050740943 0
v 237.6966358473611 254.3910109790495 0
v 210.18188130151617 227.82032145068962 0
v 182.66712675567126 201.2496319223297 0
v 155.15237220982635 174.6789423939698 0
v 127.63761766398142 148.10825286560993 0
v 100.12286311813651 121.53756333725002 0
v 72.6081085722916 94.96687380889011 0
v 72.60810857229161 94.96687380889011 0
v 73.51734732990919 94.02532954211931 0
v 74.42658608752676 93.0837852753485 0
v 75.33582484514433 92.14224100857771 0
v 76.24506360276192 91.20069674180691 0
v 77.15430236037949 90.2591524750361 0
v 78.06354111799706 89.31760820826531 0
v 78.97277987561463 88.37606394149451 0
v 79.8820186332322 87.4345196747237 0
v 79.8820186332322 87.4345196747237 0
v 107.39677317907713 114.00520920308361 0
v 134.91152772492205 140.57589873144352 0
v 162.42628227076696 167.14658825980342 0
v 189.94103681661187 193.7172777881633 0
v 217.4557913624568 220.2879673165232 0
v 244.97054590830172 246.85865684488311 0
v 272.4853004541467 273.429346373243 0
v 300.00005499999156 300.0000359016029 0
v 300.00005499999156 300.0000359016029 0
v 299.090816242374 300.9415801683737 0
v 298.1815774847564 301.8831244351445 0
v 297.27233872713884 302.8246687019153 0
v 296.3630999695213 303.7662129686861 0
v 295.45386121190364 304.70775723545694 0
v 294.54462245428607 305.64930150222773 0
v 293.6353836966685 306.5908457689985 0
v 292.7261449390509 307.5323900357693 0
v 292.8587149766124 307.65818607141154 0
v 264.88442855056684 281.5717424302546 0
v 236.91014212452126 255.48529878909767 0
v 208.93585569847568 229.3988551479407 0
v 180.9615692724301 203.31241150678377 0
v 152.98728284638455 177.22596786562684 0
v 125.01299642033896 151.13952422446988 0
v 97.03870999429338 125.05308058331295 0
v 69.0644235682478 98.96663694215601 0
v 69.0644235682478 98.96663694215601 0
v 69.9570910711702 98.00936742092972 0
v 70.84975857409258 97.05209789970343 0
v 71.74242607701497 96.09482837847715 0
v 72.63509357993735 95.13755885725085 0
v 73.52776108285974 94.18028933602456 0
v 74.42042858578213 93.22301981479828 0
v 75.31309608870451 92.26575029357198 0
v 76.2057635916269 91.30848077234569 0
v 76.2057635916269 91.30848077234569 0
v 104.18005001767249 117.39492441350262 0
v 132.15433644371808 143.48136805465955 0
v 160.12862286976366 169.5678116958165 0
v 188.10290929580924 195.65425533697345 0
v 216.07719572185482 221.74069897813038 0
v 244.0514821479004 247.82714261928732 0
v 272.025768573946 273.9135862604443 0
v 300.00005499999156 300.0000299016012 0
v 300.00005499999156 300.0000299016012 0
v 299.10738749706917 300.9572994228275 0
v 298.2147199941468 301.91456894405377 0
v 297.3220524912244 302.87183846528006 0
v 296.429384988302 303.82910798650636 0
v 295.5367174853796 304.78637750773265 0
v 294.6440499824572 305.74364702895895 0
v 293.7513824795348 306.70091655018524 0
v 292.8587149766124 307.65818607141154 0
v 292.99345101478764 307.7816541063941 0
v 264.5681542109558 282.18740185469136 0
v 236.142857407124 256.5931496029886 0
v 207.71756060329218 230.99889735128585 0
v 179.2922637994604 205.4046450995831 0
v 150.86696699562856 179.81039284788034 0
v 122.44167019179673 154.2161405961776 0
v 94.01637338796493 128.62188834447485 0
v 65.5910765841331 103.0276360927721 0
v 65.5910765841331 103.0276360927721 0
v 66.4669020822836 102.05493306717298 0
v 67.34272758043409 101.08223004157388 0
v 68.21855307858456 100.10952701597476 0
v 69.09437857673505 99.13682399037566 0
v 69.97020407488554 98.16412096477654 0
v 70.84602957303602 97.19141793917743 0
v 71.72185507118651 96.21871491357832 0
v 72.597680569337 95.24601188797921 0
v 72.597680569337 95.24601188797921 0
v 101.02297737316883 120.84026413968195 0
v 129.44827417700066 146.4345163913847 0
v 157.87357098083245 172.02876864308746 0
v 186.29886778466428 197.62302089479022 0
v 214.7241645884961 223.21727314649297 0
v 243.1494613923279 248.81152539819567 0
v 271.57475819615973 274.4057776498984 0
v 300.00005499999156 300.0000299016012 0
v 300.00005499999156 300.0000299016012 0
v 299.12422950184106 300.9727329272003 0
v 298.24840400369055 301.9454359527994 0
v 297.3725785055401 302.91813897839853 0
v 296.4967530073896 303.89084200399765 0
v 295.6209275092391 304.86354502959676 0
v 294.74510201108865 305.8362480551959 0
v 293.86927651293814 306.808951080795 0
v 292.99345101478764 307.7816541063941 0
v 293.1303290535697 307.9027521407052 0
v 264.26267987440474 282.8084875306656 0
v 235.39503069523983 257.71422292062596 0
v 206.52738151607485 232.61995831058633 0
v 177.6597323369099 207.5256937005467 0
v 148.79208315774497 182.43142909050707 0
v 119.92443397858 157.33716448046744 0
v 91.05678479941506 132.2428998704278 0
v 62.18913562025011 107.14863526038818 0
v 62.1891356202501 107.14863526038818 0
v 63.04785136355282 106.16079498050017 0
v 63.90656710685555 105.17295470061217 0
v 64.76528285015827 104.18511442072418 0
v 65.62399859346101 103.19727414083617 0
v 66.48271433676373 102.20943386094817 0
v 67.34143008006646 101.22159358106018 0
v 68.20014582336918 100.23375330117217 0
v 69.05886156667191 99.24591302128417 0
v 69.05886156667191 99.24591302128417 0
v 97.92651074583686 124.3401776313238 0
v 126.79415992500182 149.43444224136343 0
v 155.66180910416676 174.52870685140306 0
v 184.52945828333173 199.62297146144266 0
v 213.3971074624967 224.71723607148232 0
v 242.26475664166165 249.81150068152192 0
v 271.1324058208266 274.9057652915616 0
v 300.00005499999156 300.0000299016012 0
v 300.00005499999156 300.0000299016012 0
v 299.1413392566888 300.9878701814892 0
v 298.2826235133861 301.97571046137716 0
v 297.42390777008336 302.9635507412652 0
v 296.56519202678066 303.9513910211532 0
v 295.7064762834779 304.9392313010412 0
v 294.84776054017516 305.92707158092924 0
v 293.98904479687246 306.9149118608172 0
v 293.1303290535697 307.9027521407052 0
v 293.2692950929434 308.0214381743329 0
v 263.968087590937 283.4348052081222 0
v 234.66688008893055 258.84817224191147 0
v 205.3656725869241 234.26153927570078 0
v 176.06446508491766 209.6749063094901 0
v 146.76325758291122 185.0882733432794 0
v 117.46205008090476 160.5016403770687 0
v 88.16084257889833 135.91500741085798 0
v 58.85963507689189 111.3283744446473 0
v 58.859635076891884 111.3283744446473 0
v 59.70097976527281 110.32569916055604 0
v 60.54232445365374 109.32302387646479 0
v 61.38366914203467 108.32034859237355 0
v 62.22501383041559 107.3176733082823 0
v 63.06635851879652 106.31499802419104 0
v 63.90770320717745 105.3123227400998 0
v 64.74904789555838 104.30964745600855 0
v 65.5903925839393 103.3069721719173 0
v 65.5903925839393 103.3069721719173 0
v 94.89160038594584 127.89360438812778 0
v 124.19280818795237 152.48023660433827 0
v 153.49401598995888 177.06686882054873 0
v 182.79522379196544 201.65350103675922 0
v 212.09643159397194 226.2401332529697 0
v 241.3976393959785 250.8267654691802 0
v 270.698847197985 275.4133976853907 0
v 300.00005499999156 300.0000299016012 0
v 300.00005499999156 300.0000299016012 0
v 299.15871001161054 301.00270593569263 0
v 298.3173650232295 302.00538196978414 0
v 297.4760200348485 303.0080580038756 0
v 296.63467504646746 304.01073403796704 0
v 295.7933300580865 305.0134100720585 0
v 294.9519850697055 306.01608610614994 0
v 294.11064008132445 307.01876214024145 0
v 293.2692950929434 308.0214381743329 0
v 293.4103131328985 308.1376822072687 0
v 263.6844726105794 284.066170387009 0
v 233.95863208826034 259.9946585667492 0
v 204.23279156594123 235.92314674648946 0
v 174.50695104362214 211.8516349262297 0
v 144.78111052130305 187.78012310596995 0
v 115.05526999898393 163.70861128571022 0
v 85.32942947666484 139.63709946545046 0
v 55.60358895434575 115.5655876451907 0
v 55.603588954345746 115.5655876451907 0
v 56.42730653773233 114.54838110698226 0
v 57.25102412111891 113.53117456877382 0
v 58.07474170450549 112.5139680305654 0
v 58.898459287892074 111.49676149235695 0
v 59.722176871278656 110.47955495414851 0
v 60.54589445466524 109.46234841594008 0
v 61.36961203805182 108.44514187773164 0
v 62.1933296214384 107.4279353395232 0
v 62.1933296214384 107.4279353395232 0
v 91.91917029375755 131.49944640978273 0
v 121.64501096607668 155.57095748004227 0
v 151.37085163839583 179.64246855030183 0
v 181.09669231071499 203.71397962056136 0
v 210.82253298303414 227.7854906908209 0
v 240.54837365535326 251.85700176108043 0
v 270.2742143276724 275.92851283133996 0
v 300.00005499999156 300.0000239015995 0
v 300.00005499999156 300.0000239015995 0
v 299.17633726660495 301.0172311898082 0
v 298.35261953321833 302.0344384780168 0
v 297.52890179983166 303.0516457662254 0
v 296.70518406644504 304.0688530544341 0
v 295.8814663330584 305.0860603426428 0
v 295.05774859967175 306.1032676308514 0
v 294.23403086628514 307.12047491906003 0
v 293.4103131328985 308.1376822072687 0
v 293.55333517342143 308.25145423950414 0
v 263.4119160833551 284.7023963172729 0
v 233.2704969932888 261.15333839504177 0
v 203.12907790322245 237.60428047281056 0
v 172.98765881315614 214.05522255057937 0
v 142.8462397230898 190.5061646283482 0
v 112.70482063302347 166.95710670611697 0
v 82.56340154295717 143.4080487838858 0
v 52.42198245289083 119.8589908616546 0
v 52.42198245289082 119.8589908616546 0
v 53.22782205621198 118.82756356941695 0
v 54.03366165953314 117.7961362771793 0
v 54.83950126285429 116.76470898494166 0
v 55.645340866175445 115.73328169270401 0
v 56.451180469496606 114.70185440046636 0
v 57.25702007281776 113.67042710822872 0
v 58.06285967613892 112.63899981599107 0
v 58.868699279460074 111.60757252375342 0
v 58.868699279460074 111.60757252375342 0
v 89.01011874452651 135.15662969598438 0
v 119.15153820959294 158.70568686821537 0
v 149.29295767465936 182.25474404044633 0
v 179.43437713972583 205.80380121267729 0
v 209.57579660479223 229.35285838490827 0
v 239.7172160698587 252.90191555713923 0
v 269.8586355349251 276.4509727293702 0
v 300.00005499999156 300.0000299016012 0
v 300.00005499999156 300.0000299016012 0
v 299.1942150216703 301.03145794383903 0
v 298.388375043349 302.06288598607694 0
v 297.58253506502774 303.0943140283148 0
v 296.77669508670647 304.12574207055263 0
v 295.97085510838525 305.15717011279054 0
v 295.165015130064 306.1885981550284 0
v 294.3591751517427 307.2200261972663 0
v 293.55333517342143 308.25145423950414 0
v 293.69832521450195 308.36271227102725 0
v 263.15050913428985 285.34328124885695 0
v 232.60269305407775 262.32385022668666 0
v 202.05487697386562 239.30441920451642 0
v 171.50706089365352 216.28498818234613 0
v 140.95924481344142 193.26555716017583 0
v 110.41142873322929 170.24612613800556 0
v 79.86361265301719 147.2266951158353 0
v 49.315796572805084 124.207264093665 0
v 49.31579657280508 124.207264093665 0
v 50.10351249599119 123.16192954748696 0
v 50.89122841917731 122.11659500130892 0
v 51.67894434236342 121.0712604551309 0
v 52.466660265549535 120.02592590895286 0
v 53.25437618873565 118.98059136277482 0
v 54.04209211192176 117.93525681659679 0
v 54.82980803510788 116.88992227041875 0
v 55.617523958293994 115.84458772424071 0
v 55.617523958293994 115.84458772424071 0
v 86.16534033850618 138.86401799641078 0
v 116.71315671871838 161.88344826858082 0
v 147.26097309893058 184.9028785407509 0
v 177.80878947914277 207.92230881292096 0
v 208.35660585935497 230.941739085091 0
v 238.90442223956717 253.96116935726107 0
v 269.4522386197794 276.98059962943114 0
v 300.00005499999156 300.0000299016012 0
v 300.00005499999156 300.0000299016012 0
v 299.2123387768054 301.04536519777946 0
v 298.42462255361914 302.0907004939577 0
v 297.63690633043296 303.13603579013596 0
v 296.8491901072467 304.18137108631424 0
v 296.06147388406055 305.22670638249247 0
v 295.27375766087437 306.27204167867075 0
v 294.48604143768813 307.31737697484897 0
v 293.69832521450195 308.36271227102725 0
v 293.84522925612475 308.4714143018261 0
v 262.9003216634034 285.9886226817036 0
v 231.95541407068208 263.50583106158115 0
v 201.01050647796075 241.02303944145865 0
v 170.0655988852394 218.54024782133615 0
v 139.12069129251805 196.05745620121365 0
v 108.17578369979671 173.57466458109118 0
v 77.23087610707537 151.09187296096871 0
v 46.28596851435404 128.60908134084622 0
v 46.28596851435403 128.60908134084622 0
v 47.05532083233713 127.5501582908181 0
v 47.82467315032022 126.49123524078999 0
v 48.594025468303315 125.43231219076188 0
v 49.363377786286414 124.37338914073376 0
v 50.13273010426951 123.31446609070565 0
v 50.902082422252604 122.25554304067754 0
v 51.671434740235696 121.19661999064942 0
v 52.440787058218795 120.13769694062131 0
v 52.440787058218795 120.13769694062131 0
v 83.3856955509404 142.6204885607438 0
v 114.33060404366199 165.10328018086628 0
v 145.2755125363836 187.58607180098875 0
v 176.22042102910518 210.06886342111125 0
v 207.16532952182678 232.55165504123374 0
v 238.11023801454837 255.0344466613562 0
v 269.05514650726997 277.5172382814787 0
v 300.00005499999156 300.0000299016012 0
v 300.00005499999156 300.0000299016012 0
v 299.2307017820082 301.0589529516293 0
v 298.4613485640249 302.1178760016574 0
v 297.6919953460415 303.1767990516855 0
v 296.92264212805816 304.23572210171363 0
v 296.1532889100748 305.29464515174175 0
v 295.3839356920914 306.35356820176986 0
v 294.6145824741081 307.412491251798 0
v 293.84522925612475 308.4714143018261 0
v 293.99401729828134 308.57754233189576 0
v 262.66144344572126 286.63823761576117 0
v 231.3288695931612 264.6989328996266 0
v 199.99629574060108 242.759628183492 0
v 168.663721888041 220.8203234673574 0
v 137.33114803548094 198.88101875122283 0
v 105.99857418292083 176.94171403508827 0
v 74.66600033036076 155.00240931895368 0
v 43.333426477800685 133.0631046028191 0
v 43.33342647780069 133.0631046028191 0
v 44.08418089051438 131.9909162990325 0
v 44.83493530322807 130.9187279952459 0
v 45.58568971594176 129.8465396914593 0
v 46.33644412865545 128.7743513876727 0
v 47.08719854136914 127.70216308388609 0
v 47.83795295408283 126.6299747800995 0
v 48.58870736679652 125.5577864763129 0
v 49.33946177951021 124.4855981725263 0
v 49.33946177951021 124.4855981725263 0
v 80.67203593207037 146.42490213866066 0
v 112.00461008463054 168.36420610479502 0
v 143.3371842371907 190.30351007092938 0
v 174.66975838975088 212.24281403706374 0
v 206.00233254231105 234.1821180031981 0
v 237.33490669487122 256.12142196933246 0
v 268.6674808474314 278.06072593546685 0
v 300.00005499999156 300.0000299016012 0
v 300.00005499999156 300.0000299016012 0
v 299.2493002872778 301.072218955388 0
v 298.498545574564 302.1444080091748 0
v 297.7477908618502 303.2165970629616 0
v 296.9970361491364 304.2887861167485 0
v 296.2462814364227 305.3609751705353 0
v 295.4955267237089 306.4331642243221 0
v 294.7447720109951 307.50535327810894 0
v 293.99401729828134 308.57754233189576 0
v 294.14462934095474 308.68106036122583 0
v 262.43393403126026 287.29192580097276 0
v 230.7232387215658 265.9027912407197 0
v 199.01254341187135 244.5136566804666 0
v 167.30184810217688 223.1245221202135 0
v 135.5911527924824 201.73538755996043 0
v 103.88045748278796 180.34625299970736 0
v 72.16976217309349 158.95711843945426 0
v 40.459066863399016 137.5679838792012 0
v 40.45906686339903 137.5679838792012 0
v 41.19099469577853 136.48285657174853 0
v 41.92292252815802 135.3977292642959 0
v 42.65485036053751 134.31260195684325 0
v 43.386778192917006 133.2274746493906 0
v 44.118706025296504 132.14234734193792 0
v 44.850633857675994 131.05722003448528 0
v 45.582561690055485 129.97209272703265 0
v 46.31448952243498 128.88696541957998 0
v 46.31448952243498 128.88696541957998 0
v 78.02518520712955 150.27609922983285 0
v 109.73588089182412 171.66523304008572 0
v 141.44657657651868 193.05436685033857 0
v 173.15727226121328 214.44350066059144 0
v 204.86796794590782 235.8326344708443 0
v 236.57866363060242 257.2217682810972 0
v 268.28935931529696 278.61090209135006 0
v 300.00005499999156 300.0000359016029 0
v 300.00005499999156 300.0000359016029 0
v 299.26812679261195 301.08516395905576 0
v 298.53619858523234 302.17029201650865 0
v 297.80427037785273 303.25542007396155 0
v 297.0723421704731 304.3405481314144 0
v 296.34041396309357 305.4256761888672 0
v 295.60848575571396 306.5108042463201 0
v 294.87655754833435 307.595932303773 0
v 294.14462934095474 308.68106036122583 0
v 294.2970293841347 308.78193238980623 0
v 262.2178714950426 287.9494832372806 0
v 230.1387136059504 267.11703408475506 0
v 198.05955571685823 246.28458493222945 0
v 165.98039782776607 225.45213577970387 0
v 133.9012399386739 204.61968662717828 0
v 101.82208204958175 183.78723747465267 0
v 69.7429241604896 162.9547883221271 0
v 37.663766271397435 142.1223391696015 0
v 37.66376627139742 142.1223391696015 0
v 38.376644548379545 141.02460285857632 0
v 39.08952282536166 139.9268665475511 0
v 39.80240110234379 138.8291302365259 0
v 40.515279379325904 137.7313939255007 0
v 41.22815765630803 136.6336576144755 0
v 41.94103593329015 135.53592130345032 0
v 42.65391421027227 134.4381849924251 0
v 43.36679248725439 133.34044868139992 0
v 43.36679248725439 133.34044868139992 0
v 75.44595030134654 154.1728970839253 0
v 107.52510811543868 175.00534548645066 0
v 139.60426592953084 195.83779388897605 0
v 171.683423743623 216.67024229150144 0
v 203.76258155771515 237.5026906940268 0
v 235.84173937180728 258.3351390965522 0
v 267.92089718589943 279.1675874990775 0
v 300.00005499999156 300.0000359016029 0
v 300.00005499999156 300.0000359016029 0
v 299.28717679800945 301.09777296262837 0
v 298.57429859602735 302.19551002365375 0
v 297.86142039404524 303.29324708467914 0
v 297.14854219206313 304.3909841457046 0
v 296.435663990081 305.48872120673 0
v 295.7227857880989 306.5864582677554 0
v 295.0099075861168 307.6841953287808 0
v 294.2970293841347 308.78193238980623 0
v 294.451163427806 308.8801224176267 0
v 262.0133149370849 288.6107051746268 0
v 229.57546644636375 268.3412879316268 0
v 197.1376179556426 248.07187068862692 0
v 164.69976946492147 227.802453445627 0
v 132.26192097420034 207.53303620262707 0
v 99.8240724834792 187.26361895962714 0
v 67.38622399275806 166.99420171662723 0
v 34.948375502036924 146.7247844736273 0
v 34.948375502036924 146.7247844736273 0
v 35.641987023560134 145.61477365912432 0
v 36.33559854508334 144.50476284462135 0
v 37.02921006660655 143.39475203011838 0
v 37.72282158812976 142.28474121561538 0
v 38.41643310965297 141.1747304011124 0
v 39.11004463117618 140.06471958660944 0
v 39.80365615269939 138.95470877210647 0
v 40.4972676742226 137.8446979576035 0
v 40.4972676742226 137.8446979576035 0
v 72.93511608994372 158.11411520060344 0
v 105.37296450566484 178.38353244360337 0
v 137.81081292138595 198.65294968660328 0
v 170.24866133710708 218.9223669296032 0
v 202.68650975282821 239.19178417260315 0
v 235.12435816854932 259.46120141560306 0
v 267.5622065842704 279.730618658603 0
v 300.00005499999156 300.0000359016029 0
v 300.00005499999156 300.0000359016029 0
v 299.3064435534684 301.1100467161059 0
v 298.6128321069452 302.22005753060887 0
v 297.91922066042196 303.33006834511184 0
v 297.2256092138988 304.4400791596148 0
v 296.53199776737563 305.5500899741178 0
v 295.8383863208524 306.66010078862075 0
v 295.1447748743292 307.7701116031237 0
v 294.451163427806 308.8801224176267 0
v 294.60698347195506 308.9756124446822 0
v 261.8203259324047 289.27540111295724 0
v 229.03366839285437 269.57518978123227 0
v 196.247010853304 249.87497844950732 0
v 163.46035331375367 230.17476711778235 0
v 130.67369577420334 210.47455578605738 0
v 97.88703823465298 190.77434445433244 0
v 65.10038069510261 171.07413312260746 0
v 32.31372315555228 151.3739217908825 0
v 32.3137231555523 151.3739217908825 0
v 32.98785672155676 150.25197472299757 0
v 33.66199028756122 149.13002765511268 0
v 34.336123853565674 148.00808058722777 0
v 35.010257419570124 146.88613351934288 0
v 35.68439098557458 145.76418645145796 0
v 36.35852455157904 144.64223938357304 0
v 37.032658117583495 143.52029231568815 0
v 37.70679168358795 142.39834524780323 0
v 37.70679168358795 142.39834524780323 0
v 70.4934495981384 162.0985565795282 0
v 103.28010751268886 181.79876791125315 0
v 136.06676542723932 201.49897924297812 0
v 168.85342334178978 221.1991905747031 0
v 201.64008125634024 240.89940190642804 0
v 234.42673917089064 260.599613238153 0
v 267.2133970854411 280.29982456987796 0
v 300.00005499999156 300.0000359016029 0
v 300.00005499999156 300.0000359016029 0
v 299.325921058987 301.1219829694878 0
v 298.65178711798245 302.24393003737276 0
v 297.97765317697787 303.36587710525765 0
v 297.30351923597334 304.4878241731426 0
v 296.62938529496876 305.6097712410275 0
v 295.9552513539642 306.7317183089124 0
v 295.28111741295965 307.8536653767973 0
v 294.60698347195506 308.9756124446822 0
v 294.7644475165698 309.0683724709642 0
v 261.6389673310198 289.9433670522142 0
v 228.5134871454697 270.81836163346424 0
v 195.38800695991964 251.6933562147142 0
v 162.26252677436958 232.56835079596422 0
v 129.13704658881952 213.44334537721423 0
v 96.01156640326946 194.3183399584642 0
v 62.886086217719395 175.19333453971421 0
v 29.760606032169335 156.06832912096422 0
v 29.760606032169328 156.06832912096422 0
v 30.415056217596828 154.93478779979426 0
v 31.069506403024327 153.8012464786243 0
v 31.723956588451827 152.66770515745438 0
v 32.37840677387933 151.53416383628442 0
v 33.03285695930683 150.40062251511446 0
v 33.687307144734326 149.26708119394453 0
v 34.341757330161826 148.13353987277458 0
v 34.996207515589326 146.99999855160462 0
v 34.996207515589326 146.99999855160462 0
v 68.1216877011394 166.1250039703546 0
v 101.24716788668945 185.2500093891046 0
v 134.3726480722395 204.37501480785463 0
v 167.49812825778957 223.50002022660462 0
v 200.62360844333963 242.6250256453546 0
v 233.7490886288897 261.75003106410463 0
v 266.8745688144397 280.8750364828546 0
v 300.0000489999898 300.0000419016046 0
v 300.0000489999898 300.0000419016046 0
v 299.3455988145623 301.1335832227746 0
v 298.69114862913483 302.26712454394453 0
v 298.03669844370734 303.4006658651145 0
v 297.3822482582798 304.53420718628445 0
v 296.7277980728523 305.66774850745435 0
v 296.0733478874248 306.8012898286243 0
v 295.4188977019973 307.93483114979426 0
v 294.7644475165698 309.0683724709642 0
v 294.9235075616368 309.15836049646083 0
v 261.46929538294603 290.6143877423367 0
v 228.0150832042553 272.0704149882126 0
v 194.56087102556452 253.52644223408845 0
v 161.10665884687376 234.98246947996432 0
v 127.65244666818299 216.4384967258402 0
v 94.19823448949222 197.89452397171604 0
v 60.744022310801455 179.3505512175919 0
v 27.289810132110688 160.8065784634678 0
v 27.289810132110684 160.8065784634678 0
v 27.924377661904767 159.66178788911054 0
v 28.55894519169885 158.51699731475333 0
v 29.193512721492933 157.37220674039608 0
v 29.828080251287012 156.22741616603884 0
v 30.462647781081095 155.0826255916816 0
v 31.09721531087518 153.93783501732435 0
v 31.73178284066926 152.79304444296713 0
v 32.366350370463344 151.64825386860988 0
v 32.366350370463344 151.64825386860988 0
v 65.82056269915415 170.192226622734 0
v 99.27477502784495 188.73619937685814 0
v 132.72898735653578 207.2801721309823 0
v 166.18319968522658 225.82414488510642 0
v 199.63741201391738 244.36811763923055 0
v 233.0916243426082 262.9120903933547 0
v 266.545836671299 281.4560631474788 0
v 300.0000489999898 300.0000359016029 0
v 300.0000489999898 300.0000359016029 0
v 299.36548132019567 301.14482647596014 0
v 298.7309136404016 302.2896170503174 0
v 298.09634596060744 303.43440762467463 0
v 297.4617782808133 304.5791981990319 0
v 296.8272106010192 305.7239887733891 0
v 296.19264292122506 306.86877934774634 0
v 295.55807524143097 308.0135699221036 0
v 294.9235075616368 309.15836049646083 0
v 295.0841156071424 309.2455645211686 0
v 261.3113619131982 291.2882726832707 0
v 227.53860821925406 273.3309808453728 0
v 193.7658545253099 255.37368900747487 0
v 159.99310083136572 237.41639716957695 0
v 126.22034713742156 219.45910533167904 0
v 92.44759344347739 201.50181349378113 0
v 58.67483974953322 183.54452165588322 0
v 24.902086055589052 165.5872298179853 0
v 24.902086055589052 165.5872298179853 0
v 25.516577579694935 164.4315387405396 0
v 26.13106910380082 163.27584766309388 0
v 26.7455606279067 162.12015658564817 0
v 27.36005215201258 160.96446550820247 0
v 27.974543676118465 159.80877443075673 0
v 28.589035200224345 158.65308335331102 0
v 29.203526724330228 157.4973922758653 0
v 29.81801824843611 156.3417011984196 0
v 29.81801824843611 156.3417011984196 0
v 63.590772842380545 174.2989930363175 0
v 97.36352743632497 192.25628487421542 0
v 131.13628203026943 210.21357671211337 0
v 164.90903662421385 228.17086855001128 0
v 198.68179121815828 246.1281603879092 0
v 232.45454581210274 264.0854522258071 0
v 266.22730040604716 282.042744063705 0
v 300.00005499999156 300.0000359016029 0
v 300.00005499999156 300.0000359016029 0
v 299.3855625758854 301.1557269790486 0
v 298.77107015177927 302.31141805649435 0
v 298.15657772767315 303.4671091339401 0
v 297.542085303567 304.62280021138577 0
v 296.9275928794608 305.77849128883145 0
v 296.3131004553547 306.9341823662772 0
v 295.69860803124857 308.0898734437229 0
v 295.0841156071424 309.2455645211686 0
v 295.24622365307306 309.32994854507746 0
v 261.1652155217902 291.9648073749555 0
v 227.08420739050723 274.59966620483357 0
v 193.00319925922435 257.2345250347116 0
v 158.92219112794143 239.86938386458968 0
v 124.84118299665852 222.50424269446773 0
v 90.76017486537563 205.1391015243458 0
v 56.67916673409272 187.77396035422385 0
v 22.598158602809804 170.4088191841019 0
v 22.598158602809793 170.4088191841019 0
v 23.192386921174435 169.2425808536678 0
v 23.786615239539078 168.0763425232337 0
v 24.38084355790372 166.9101041927996 0
v 24.975071876268363 165.7438658623655 0
v 25.569300194633005 164.5776275319314 0
v 26.163528512997647 163.4113892014973 0
v 26.75775683136229 162.2451508710632 0
v 27.351985149726932 161.0789125406291 0
v 27.351985149726932 161.0789125406291 0
v 61.432993131009795 178.4440529607508 0
v 95.51400111229265 195.80919338087256 0
v 129.59500909357553 213.17433380099428 0
v 163.67601707485838 230.539474221116 0
v 197.75702505614123 247.90461464123774 0
v 231.8380330374241 265.26975506135943 0
v 265.91904101870693 282.6348954814812 0
v 300.0000489999898 300.0000359016029 0
v 300.0000489999898 300.0000359016029 0
v 299.4058208316252 301.16627498203724 0
v 298.8115926632606 302.33251406247155 0
v 298.21736449489606 303.49875314290585 0
v 297.62313632653144 304.66499222334016 0
v 297.0289081581668 305.83123130377453 0
v 296.43467998980225 306.99747038420884 0
v 295.8404518214377 308.16370946464315 0
v 295.24622365307306 309.32994854507746 0
v 295.4097776994133 309.41149456818215 0
v 261.03089670873317 292.64379381733494 0
v 226.65201571805295 275.8760930664877 0
v 192.27313472737276 259.1083923156405 0
v 157.89425373669258 242.34069156479333 0
v 123.51537274601239 225.57299081394612 0
v 89.1364917553322 208.80529006309894 0
v 54.757610764652014 192.03758931225173 0
v 20.378729773971827 175.2698885614045 0
v 20.378729773971802 175.2698885614045 0
v 20.95251398654395 174.09345622808212 0
v 21.5262981991161 172.91702389475972 0
v 22.100082411688245 171.74059156143733 0
v 22.67386662426039 170.56415922811493 0
v 23.24765083683254 169.3877268947925 0
v 23.821435049404688 168.2112945614701 0
v 24.395219261976834 167.03486222814772 0
v 24.969003474548984 165.85842989482532 0
v 24.969003474548984 165.85842989482532 0
v 59.34788491522931 182.62613064567253 0
v 93.72676635590963 199.39383139651972 0
v 128.10564779658995 216.16153214736693 0
v 162.4845292372703 232.92923289821414 0
v 196.86341067795058 249.69693364906132 0
v 231.24229211863093 266.4646343999085 0
v 265.6211735593113 283.2323351507557 0
v 300.00005499999156 300.0000359016029 0
v 300.00005499999156 300.0000359016029 0
v 299.4262703374193 301.1764682349253 0
v 298.852485674847 302.3529005682477 0
v 298.2787010122747 303.5293329015701 0
v 297.70491634970244 304.7057652348925 0
v 297.13113168713016 305.88219756821496 0
v 296.5573470245579 307.05862990153736 0
v 295.9835623619856 308.23506223485975 0
v 295.4097776994133 309.41149456818215 0
v 295.57472374614804 309.49017259047423 0
v 260.90844229903774 293.3250197603489 0
v 226.24216085192745 277.15986693022353 0
v 191.57587940481713 260.99471410009824 0
v 156.90959795770684 244.82956126997288 0
v 122.24331651059654 228.66440843984753 0
v 87.57703506348622 212.49925560972218 0
v 52.91075361637593 196.33410277959683 0
v 18.244472169265634 180.1689499494715 0
v 18.244472169265652 180.1689499494715 0
v 18.797637450995772 178.98268286336258 0
v 19.35080273272589 177.79641577725369 0
v 19.90396801445601 176.6101486911448 0
v 20.45713329618613 175.42388160503586 0
v 21.010298577916245 174.23761451892693 0
v 21.563463859646365 173.05134743281803 0
v 22.11662914137648 171.86508034670914 0
v 22.6697944231066 170.6788132606002 0
v 22.6697944231066 170.6788132606002 0
v 57.336076245217 186.84396609072556 0
v 92.0023580673274 203.00911892085088 0
v 126.6686398894378 219.17427175097623 0
v 161.3349217115482 235.33942458110158 0
v 196.00120353365858 251.5045774112269 0
v 230.667485355769 267.6697302413522 0
v 265.3337671778794 283.8348830714776 0
v 300.0000489999898 300.0000359016029 0
v 300.0000489999898 300.0000359016029 0
v 299.44688334325957 301.1863029877118 0
v 298.8937176865294 302.3725700738207 0
v 298.34055202979914 303.5588371599297 0
v 297.7873863730689 304.7451042460386 0
v 297.2342207163387 305.9313713321475 0
v 296.68105505960847 307.11763841825643 0
v 296.1278894028783 308.30390550436533 0
v 295.57472374614804 309.49017259047423 0
v 295.74101979326525 309.56595261194525 0
v 260.7978977427168 294.00827220393705 0
v 225.85477569216835 278.45059179592886 0
v 190.91165364161992 262.89291138792066 0
v 155.96853159107147 247.33523097991244 0
v 121.02540954052301 231.77755057190424 0
v 86.08228748997459 216.21987016389602 0
v 51.13916543942614 200.66218975588782 0
v 16.196043388877683 185.10450934787963 0
v 16.196043388877662 185.10450934787963 0
v 16.72842113971798 183.90876975908685 0
v 17.260798890558302 182.71303017029405 0
v 17.793176641398624 181.51729058150124 0
v 18.325554392238942 180.32155099270847 0
v 18.85793214307926 179.1258114039157 0
v 19.390309893919582 177.9300718151229 0
v 19.922687644759904 176.73433222633008 0
v 20.455065395600222 175.5385926375373 0
v 20.455065395600222 175.5385926375373 0
v 55.39818759614871 191.0962730455455 0
v 90.3413097966972 206.6539534535537 0
v 125.28443199724569 222.21163386156192 0
v 160.22755419779418 237.76931426957012 0
v 195.17067639834266 253.3269946775783 0
v 230.11379859889115 268.88467508558654 0
v 265.05692079943964 284.44235549359473 0
v 300.0000429999881 300.0000359016029 0
v 300.0000429999881 300.0000359016029 0
v 299.4676650991478 301.1957754903957 0
v 298.9352871983074 302.3915150791885 0
v 298.40290929746703 303.5872546679813 0
v 297.8705313966267 304.7829942567741 0
v 297.33815349578634 305.97873384556686 0
v 296.805775594946 307.1744734343597 0
v 296.2733976941056 308.3702130231525 0
v 295.74101979326525 309.56595261194525 0
v 295.908623840753 309.6388286325934 0
v 260.699304289782 294.6933591480449 0
v 225.48998473881093 279.74788966349644 0
v 190.28066518783987 264.80242017894795 0
v 155.07134563686884 249.85695069439947 0
v 119.86202608589781 234.911481209851 0
v 84.65270653492675 219.96601172530248 0
v 49.44338698395569 205.020542240754 0
v 14.23406743298466 190.07507275620551 0
v 14.23406743298463 190.07507275620551 0
v 14.745495577889232 188.8702236648317 0
v 15.256923722793832 187.66537457345788 0
v 15.768351867698431 186.46052548208408 0
v 16.279780012603034 185.25567639071028 0
v 16.791208157507633 184.05082729933645 0
v 17.302636302412232 182.84597820796265 0
v 17.814064447316834 181.64112911658881 0
v 18.325492592221433 180.436280025215 0
v 18.325492592221433 180.436280025215 0
v 53.53481214319248 195.3817495097635 0
v 88.74413169416353 210.32721899431198 0
v 123.95345124513457 225.2726884788605 0
v 159.1627707961056 240.21815796340897 0
v 194.37209034707664 255.16362744795745 0
v 229.5814098980477 270.10909693250596 0
v 264.7907294490188 285.05456641705445 0
v 300.0000489999898 300.0000359016029 0
v 300.0000489999898 300.0000359016029 0
v 299.48862085508523 301.20488499297676 0
v 298.9771927101806 302.40973408435053 0
v 298.465764565276 303.61458317572436 0
v 297.9543364203714 304.81943226709814 0
v 297.44290827546683 306.02428135847197 0
v 296.93148013056225 307.2291304498458 0
v 296.4200519856576 308.43397954121957 0
v 295.908623840753 309.6388286325934 0
v 296.0774698885927 309.7087706524103 0
v 260.6126781402379 295.3800645926114 0
v 225.14788639188308 281.0513585328125 0
v 189.68309464352825 266.7226524730136 0
v 154.21830289517345 252.3939464132147 0
v 118.75351114681865 238.06524035341582 0
v 83.28871939846383 223.7365342936169 0
v 47.823927650109 209.407828233818 0
v 12.3591359017542 195.07912217401912 0
v 12.35913590175418 195.07912217401912 0
v 12.849458665678926 193.86553033016818 0
v 13.339781429603669 192.65193848631728 0
v 13.830104193528413 191.43834664246634 0
v 14.320426957453158 190.22475479861544 0
v 14.810749721377901 189.0111629547645 0
v 15.301072485302646 187.79757111091357 0
v 15.791395249227389 186.58397926706266 0
v 16.281718013152133 185.37038742321172 0
v 16.281718013152133 185.37038742321172 0
v 51.746509386506844 199.69909273301042 0
v 87.21130075986154 214.02779804280908 0
v 122.67609213321626 228.35650335260777 0
v 158.14088350657096 242.68520866240647 0
v 193.60567487992566 257.01391397220516 0
v 229.0704662532804 271.34261928200385 0
v 264.5352576266351 285.6713245918025 0
v 300.0000489999898 300.0000299016012 0
v 300.0000489999898 300.0000299016012 0
v 299.50972661106516 301.21362249545234 0
v 299.01940422214057 302.42721508930344 0
v 298.5290818332159 303.6408076831546 0
v 298.03875944429126 304.85440027700577 0
v 297.5484370553666 306.06799287085687 0
v 297.05811466644195 307.28158546470803 0
v 296.56779227751736 308.49517805855913 0
v 296.0774698885927 309.7087706524103 0
v 296.2475099367707 309.7757486713874 0
v 260.53804951909314 296.06817103757487 0
v 224.82858910141556 282.36059340376227 0
v 189.11912868373796 268.6530157699497 0
v 153.40966826606038 254.94543813613717 0
v 117.7002078483828 241.2378605023246 0
v 81.9907474307052 227.53028286851202 0
v 46.28128701302762 213.82270523469947 0
v 10.571826595350046 200.1151276008869 0
v 10.571826595350021 200.1151276008869 0
v 11.04089457825258 198.89316350466385 0
v 11.509962561155136 197.67119940844077 0
v 11.979030544057695 196.4492353122177 0
v 12.448098526960251 195.22727121599465 0
v 12.91716650986281 194.0053071197716 0
v 13.386234492765368 192.78334302354853 0
v 13.855302475667926 191.56137892732545 0
v 14.324370458570483 190.3394148311024 0
v 14.324370458570483 190.3394148311024 0
v 50.03383102624812 204.04699246491498 0
v 85.74329159392576 217.75457009872753 0
v 121.4527521616034 231.4621477325401 0
v 157.16221272928104 245.16972536635268 0
v 192.87167329695868 258.8773030001652 0
v 228.5811338646363 272.58488063397783 0
v 264.2905944323139 286.2924582677904 0
v 300.00005499999156 300.0000359016029 0
v 300.00005499999156 300.0000359016029 0
v 299.5309868670889 301.221999997826 0
v 299.06191873418635 302.4439640940491 0
v 298.59285060128377 303.6659281902721 0
v 298.12378246838114 304.8878922864952 0
v 297.6547143354785 306.10985638271825 0
v 297.1856462025759 307.33182047894127 0
v 296.71657806967335 308.55378457516434 0
v 296.2475099367707 309.7757486713874 0
v 296.4186899852717 309.83975068952134 0
v 260.47543837635334 296.7574767328781 0
v 224.5321867674349 283.67520277623487 0
v 188.5889351585165 270.59292881959163 0
v 152.6456835495981 257.5106548629484 0
v 116.70243194067967 244.42838090630514 0
v 80.75918033176129 231.34610694966187 0
v 44.81592872284287 218.26383299301864 0
v 8.872677113924453 205.1815590363754 0
v 8.872677113924471 205.1815590363754 0
v 9.320347440764362 203.95159543788583 0
v 9.76801776760425 202.72163183939622 0
v 10.215688094444141 201.49166824090665 0
v 10.66335842128403 200.26170464241704 0
v 11.111028748123921 199.03174104392747 0
v 11.558699074963812 197.8017774454379 0
v 12.006369401803703 196.5718138469483 0
v 12.454039728643592 195.3418502484587 0
v 12.454039728643592 195.3418502484587 0
v 48.39729163756209 208.42412345510175 0
v 84.34054354648059 221.50639666174476 0
v 120.28379545539909 234.5886698683878 0
v 156.22704736431757 247.67094307503083 0
v 192.17029927323608 260.7532162816739 0
v 228.11355118215457 273.83548948831685 0
v 264.05680309107305 286.9177626949599 0
v 300.00005499999156 300.0000359016029 0
v 300.00005499999156 300.0000359016029 0
v 299.5523843731516 301.23000025009276 0
v 299.10471374631163 302.45996459858253 0
v 298.6570431194716 303.6899289470723 0
v 298.20937249263164 304.91989329556213 0
v 297.7617018657917 306.14985764405196 0
v 297.31403123895166 307.37982199254174 0
v 296.8663606121117 308.6097863410315 0
v 296.4186899852717 309.83975068952134 0
v 296.5909620340821 309.9007587068069 0
v 260.424867962025 297.447773178462 0
v 224.25877388996793 284.99478765011713 0
v 188.09267981791086 272.5418021217722 0
v 151.92658574585377 260.0888165934273 0
v 115.76049167379668 247.6358310650824 0
v 79.59439760173962 235.1828455367375 0
v 43.42830352968252 222.7298600083926 0
v 7.262209457625431 210.2768744800477 0
v 7.26220945762543 210.2768744800477 0
v 7.68834577836402 209.0392848793974 0
v 8.114482099102611 207.8016952787471 0
v 8.5406184198412 206.56410567809684 0
v 8.966754740579791 205.32651607744654 0
v 9.39289106131838 204.08892647679625 0
v 9.819027382056971 202.85133687614598 0
v 10.245163702795562 201.61374727549568 0
v 10.671300023534151 200.3761576748454 0
v 10.671300023534151 200.3761576748454 0
v 46.837394395591325 212.82914320319028 0
v 83.00348876764849 225.28212873153518 0
v 119.16958313970568 237.7351142598801 0
v 155.33567751176284 250.188099788225 0
v 191.50177188382 262.6410853165699 0
v 227.6678662558772 275.0940708449148 0
v 263.8339606279344 287.5470563732597 0
v 300.00005499999156 300.0000419016046 0
v 300.00005499999156 300.0000419016046 0
v 299.57391837925286 301.2376315022549 0
v 299.1477817585142 302.4752211029052 0
v 298.7216451377755 303.7128107035555 0
v 298.29550851703686 304.9504003042058 0
v 297.86937189629816 306.18798990485607 0
v 297.44323527555946 307.42557950550633 0
v 297.0170986548208 308.66316910615666 0
v 296.5909620340821 309.9007587068069 0
v 296.76427808318834 309.9587487232375 0
v 260.38635716861364 298.13884512426574 0
v 224.008436254039 286.318941525294 0
v 187.6305153394643 274.4990379263222 0
v 151.25259442488962 262.6791343273505 0
v 114.87467351031495 250.85923072837875 0
v 78.49675259574025 239.039327129407 0
v 42.118831681165574 227.21942353043528 0
v 5.7409107665909005 215.39951993146352 0
v 5.740910766590924 215.39951993146352 0
v 6.145383263691432 214.15468232875963 0
v 6.5498557607919405 212.90984472605572 0
v 6.954328257892449 211.66500712335184 0
v 7.3588007549929575 210.42016952064796 0
v 7.763273252093466 209.17533191794408 0
v 8.167745749193974 207.9304943152402 0
v 8.572218246294483 206.6856567125363 0
v 8.976690743394991 205.4408191098324 0
v 8.976690743394991 205.4408191098324 0
v 45.35461127546956 217.26072195880394 0
v 81.73253180754413 229.08062480777545 0
v 118.1104523396187 240.900527656747 0
v 154.48837287169326 252.72043050571853 0
v 190.86629340376783 264.54033335469 0
v 227.2442139358424 276.36023620366154 0
v 263.62213446791696 288.1801390526331 0
v 300.00005499999156 300.0000419016046 0
v 300.00005499999156 300.0000419016046 0
v 299.59558288539114 301.2448802543087 0
v 299.1911107707908 302.48971860701283 0
v 298.78663865619035 303.73455695971694 0
v 298.38216654159 304.97939531242105 0
v 297.97769442698956 306.22423366512515 0
v 297.57322231238913 307.46907201782926 0
v 297.16875019778877 308.71391037053337 0
v 296.76427808318834 309.9587487232375 0
v 296.9385721325716 310.01370273880775 0
v 260.35990600361913 298.8304818202294 0
v 223.78123987466665 287.647260901651 0
v 187.2025737457142 276.46403998307267 0
v 150.62390761676173 265.28081906449427 0
v 114.04524148780925 254.09759814591592 0
v 77.4665753588568 242.91437722733758 0
v 40.887909229904324 231.7311563087592 0
v 4.309243100951846 220.54793539018084 0
v 4.309243100951866 220.54793539018084 0
v 4.691928549379379 219.29622778553045 0
v 5.0746139978068925 218.04452018088006 0
v 5.457299446234405 216.79281257622966 0
v 5.839984894661919 215.54110497157927 0
v 6.2226703430894315 214.28939736692888 0
v 6.605355791516945 213.0376897622785 0
v 6.988041239944458 211.7859821576281 0
v 7.370726688371971 210.5342745529777 0
v 7.370726688371971 210.5342745529777 0
v 43.94939272732442 221.71749472155585 0
v 80.52805876627687 232.900714890134 0
v 117.10672480522932 244.08393505871217 0
v 153.68539084418177 255.26715522729032 0
v 190.26405688313423 266.4503753958685 0
v 226.84272292208666 277.63359556444664 0
v 263.4213889610391 288.8168157330248 0
v 300.00005499999156 300.0000359016029 0
v 300.00005499999156 300.0000359016029 0
v 299.6173696415641 301.2517442562535 0
v 299.2346842831366 302.5034526109041 0
v 298.85199892470905 303.75516096555475 0
v 298.4693135662816 305.00686932020534 0
v 298.0866282078541 306.2585776748559 0
v 297.7039428494266 307.5102860295066 0
v 297.3212574909991 308.76199438415716 0
v 296.9385721325716 310.01370273880775 0
v 297.1138021822201 310.0656087535144 0
v 260.34553314954684 299.5224770162946 0
v 223.57726411687355 288.9793452790748 0
v 186.8089950842003 278.43621354185495 0
v 150.040726051527 267.89308180463513 0
v 113.27245701885371 257.34995006741536 0
v 76.50418798618045 246.80681833019554 0
v 39.735918953507166 236.26368659297572 0
v 2.9676499208338782 225.7205548557559 0
v 2.967649920833906 225.7205548557559 0
v 3.3284317780554034 224.46235899926717 0
v 3.6892136352769005 223.20416314277844 0
v 4.049995492498398 221.94596728628972 0
v 4.410777349719895 220.687771429801 0
v 4.771559206941392 219.4295755733123 0
v 5.1323410641628895 218.17137971682357 0
v 5.493122921384387 216.91318386033484 0
v 5.853904778605884 215.6549880038461 0
v 5.853904778605884 215.6549880038461 0
v 42.622173556279094 226.1981189910657 0
v 79.3904423339523 236.7412499782853 0
v 116.15871111162551 247.2843809655049 0
v 152.9269798892987 257.82751195272454 0
v 189.6952486669719 268.3706429399441 0
v 226.46351744464513 278.91377392716373 0
v 263.23178622231836 289.45690491438336 0
v 300.00005499999156 300.0000359016029 0
v 300.00005499999156 300.0000359016029 0
v 299.6392733977701 301.25823250809185 0
v 299.2784917955487 302.5164291145808 0
v 298.91771019332725 303.77462572106975 0
v 298.5569285911058 305.0328223275587 0
v 298.19614698888444 306.2910189340476 0
v 297.835365386663 307.5492155405366 0
v 297.47458378444156 308.8074121470255 0
v 297.1138021822201 310.0656087535144 0
v 297.28990823211683 310.1144487673524 0
v 260.34323614639607 300.2146177124011 0
v 223.39656406067525 290.31478665744976 0
v 186.44989197495445 280.4149556024984 0
v 149.50321988923366 270.5151245475471 0
v 112.55654780351287 260.6152934925957 0
v 75.60987571779208 250.71546243764436 0
v 38.663203632071315 240.81563138269303 0
v 1.7165315463504953 230.9158003277417 0
v 1.7165315463504671 230.9158003277417 0
v 2.055299907334809 229.65149946952323 0
v 2.3940682683191508 228.38719861130474 0
v 2.7328366293034927 227.12289775308628 0
v 3.0716049902878346 225.8585968948678 0
v 3.4103733512721766 224.59429603664933 0
v 3.7491417122565176 223.32999517843086 0
v 4.0879100732408595 222.06569432021237 0
v 4.4266784342252015 220.8013934619939 0
v 4.4266784342252015 220.8013934619939 0
v 41.373350504945996 230.70122376694505 0
v 78.32002257566678 240.60105407189616 0
v 115.26669464638758 250.5008843768473 0
v 152.21336671710839 260.40071468179843 0
v 189.1600387878292 270.3005449867495 0
v 226.10671085854997 280.20037529170065 0
v 263.05338292927075 290.1002055966518 0
v 300.00005499999156 300.0000359016029 0
v 300.00005499999156 300.0000359016029 0
v 299.6612866540072 301.26433750982164 0
v 299.3225183080229 302.5286391180403 0
v 298.98374996203853 303.79294072625896 0
v 298.6449816160542 305.0572423344777 0
v 298.30621327006986 306.3215439426964 0
v 297.9674449240855 307.58584555091505 0
v 297.6286765781012 308.8501471591337 0
v 297.28990823211683 310.1144487673524 0
v 297.46684228224814 310.16020478031663 0
v 260.35302176066864 300.90669015848823 0
v 223.23920123908914 291.65317553665983 0
v 186.12538071750961 282.39966091483143 0
v 149.01156019593012 273.146146293003 0
v 111.89773967435062 263.8926316711746 0
v 74.78391915277109 254.63911704934623 0
v 37.67009863119159 245.38560242751782 0
v 0.5562781096120943 236.13208780568942 0
v 0.5562781096120865 236.13208780568942 0
v 0.8729297878300366 234.8620674458504 0
v 1.1895814660479869 233.5920470860114 0
v 1.506233144265937 232.32202672617242 0
v 1.822884822483887 231.05200636633342 0
v 2.139536500701837 229.7819860064944 0
v 2.4561881789197875 228.51196564665543 0
v 2.7728398571377375 227.24194528681642 0
v 3.0894915353556875 225.9719249269774 0
v 3.0894915353556875 225.9719249269774 0
v 40.20331271843537 235.2254395488058 0
v 77.31713390151506 244.4789541706342 0
v 114.43095508459474 253.7324687924626 0
v 151.54477626767442 262.985983414291 0
v 188.65859745075412 272.2394980361194 0
v 225.77241863383378 281.4930126579478 0
v 262.88623981691353 290.7465272797762 0
v 300.0000609999932 300.0000419016046 0
v 300.0000609999932 300.0000419016046 0
v 299.68340866027506 301.2700622614436 0
v 299.36675632055693 302.54008262128264 0
v 299.0501039808388 303.81010298112164 0
v 298.73345164112067 305.08012334096065 0
v 298.41679930140253 306.3501437007996 0
v 298.1001469616844 307.6201640606386 0
v 297.78349462196627 308.8901844204776 0
v 297.46684228224814 310.16020478031663 0
v 297.6445503325987 310.2028707924053 0
v 260.37488616361355 301.5984903544982 0
v 223.10522199462832 292.9941099165911 0
v 185.83555782564315 284.389729478684 0
v 148.56589365665795 275.7853490407769 0
v 111.29622948767275 267.1809686028698 0
v 74.02656531868757 258.5765881649627 0
v 36.756901149702344 249.9722077270556 0
v -0.5127630192828292 241.36782728914852 0
v -0.5127630192828143 241.36782728914852 0
v -0.21832447910858488 240.09247367779844 0
v 0.07611406106564456 238.81712006644835 0
v 0.370552601239874 237.54176645509824 0
v 0.6649911414141034 236.26641284374816 0
v 0.9594296815883328 234.99105923239807 0
v 1.2538682217625623 233.71570562104796 0
v 1.5483067619367918 232.44035200969788 0
v 1.8427453021110212 231.1649983983478 0
v 1.8427453021110212 231.1649983983478 0
v 39.11240976434629 239.76937808625468 0
v 76.38207422658157 248.37375777416156 0
v 113.65173868881683 256.97813746206845 0
v 150.9214031510521 265.5825171499754 0
v 188.19106761328734 274.1868968378823 0
v 225.46073207552263 282.79127652578916 0
v 262.73039653775794 291.39565621369604 0
v 300.0000609999932 300.0000359016029 0
v 300.0000609999932 300.0000359016029 0
v 299.7056221665689 301.27539026295324 0
v 299.41118333314455 302.55074462430355 0
v 299.11674449972026 303.8260989856538 0
v 298.82230566629596 305.1014533470041 0
v 298.52786683287167 306.3768077083544 0
v 298.2334279994474 307.6521620697047 0
v 297.938989166023 308.927516431055 0
v 297.6445503325987 310.2028707924053 0
v 297.8229783831533 310.24242880361345 0
v 260.4088227724789 302.28980380037035 0
v 222.9946671618045 294.3371787971272 0
v 185.58051155113006 286.3845537938841 0
v 148.16635594045565 278.431928790641 0
v 110.75220032978123 270.4793037873979 0
v 73.33804471910679 262.5266787841548 0
v 35.92388910843238 254.57405378091164 0
v -1.4902665022420365 246.62142877766854 0
v -1.490266502242056 246.62142877766854 0
v -1.2181307926369602 245.34113041491744 0
v -0.9459950830318643 244.06083205216635 0
v -0.6738593734267684 242.78053368941522 0
v -0.40172366382167257 241.50023532666413 0
v -0.12958795421657676 240.21993696391303 0
v 0.14254775538851927 238.9396386011619 0
v 0.4146834649936151 237.6593402384108 0
v 0.6868191745987109 236.3790418756597 0
v 0.686819174598711 236.3790418756597 0
v 38.10097440277302 244.3316661289026 0
v 75.51512963094733 252.2842903821455 0
v 112.92928485912164 260.2369146353884 0
v 150.34344008729596 268.1895388886313 0
v 187.75759531547027 276.1421631418742 0
v 225.17175054364458 284.0947873951171 0
v 262.5859057718189 292.04741164836 0
v 300.0000609999932 300.0000359016029 0
v 300.0000609999932 300.0000359016029 0
v 299.7279256728882 301.28033501435425 0
v 299.4557903457832 302.5606341271056 0
v 299.1836550186782 303.8409332398569 0
v 298.9115196915733 305.1212323526082 0
v 298.6393843644683 306.4015314653595 0
v 298.3672490373633 307.6818305781108 0
v 298.0951137102583 308.9621296908621 0
v 297.8229783831533 310.24242880361345 0
v 298.00206043389323 310.2788608139358 0
v 260.454811360509 302.9804144960433 0
v 222.9075622871248 295.6819681781507 0
v 185.36031321374054 288.3835218602582 0
v 147.81306414035632 281.08507554236564 0
v 110.2658150669721 273.78662922447313 0
v 72.71856599358784 266.4881829065806 0
v 35.17131692020365 259.18973658868805 0
v -2.3759321531805995 251.89129027079554 0
v -2.375932153180586 251.89129027079554 0
v -2.12618216641811 250.60643790675414 0
v -1.8764321796556338 249.32158554271274 0
v -1.6266821928931574 248.0367331786713 0
v -1.3769322061306812 246.7518808146299 0
v -1.127182219368205 245.46702845058851 0
v -0.8774322326057287 244.1821760865471 0
v -0.6276822458432525 242.8973237225057 0
v -0.3779322590807763 241.6124713584643 0
v -0.37793225908077643 241.6124713584643 0
v 37.169316898303464 248.91091767635683 0
v 74.71656605568771 256.2093639942494 0
v 112.26381521307195 263.50781031214194 0
v 149.8110643704562 270.80625663003445 0
v 187.35831352784044 278.10470294792697 0
v 224.90556268522468 285.40314926581954 0
v 262.4528118426089 292.7015955837121 0
v 300.0000609999932 300.0000419016046 0
v 300.0000609999932 300.0000419016046 0
v 299.7503109292307 301.284894265646 0
v 299.5005608584682 302.5697466296874 0
v 299.2508107877057 303.8545989937288 0
v 299.00106071694324 305.1394513577702 0
v 298.75131064618074 306.4243037218116 0
v 298.50156057541824 307.709156085853 0
v 298.25181050465574 308.9940084498944 0
v 298.00206043389323 310.2788608139358 0
v 298.1817544848065 310.31216082337085 0
v 260.51284852945287 303.67011619145876 0
v 222.84394257409917 297.0280715595466 0
v 185.1750366187455 290.3860269276345 0
v 147.50613066339184 283.7439822957224 0
v 109.83722470803818 277.1019376638103 0
v 72.16831875268451 270.45989303189816 0
v 34.499412797330876 263.817848399986 0
v -3.169493158022817 257.17580376807393 0
v -3.1694931580228074 257.17580376807393 0
v -2.942204978624508 255.88678890285314 0
v -2.714916799226209 254.59777403763238 0
v -2.4876286198279094 253.3087591724116 0
v -2.2603404404296104 252.01974430719082 0
v -2.033052261031311 250.73072944197003 0
v -1.8057640816330116 249.44171457674926 0
v -1.5784759022347123 248.1526997115285 0
v -1.351187722836413 246.8636848463077 0
v -1.351187722836413 246.8636848463077 0
v 36.31771836751729 253.5057287282196 0
v 73.98662445787099 260.1477726101315 0
v 111.65553054822469 266.7898164920434 0
v 149.3244366385784 273.4318603739553 0
v 186.99334272893208 280.0739042558672 0
v 224.6622488192858 286.71594813777915 0
v 262.3311549096395 293.35799201969104 0
v 300.0000609999932 300.0000359016029 0
v 300.0000609999932 300.0000359016029 0
v 299.7727726855949 301.2890515168239 0
v 299.5454843711965 302.5780671320449 0
v 299.3181960567982 303.8670827472659 0
v 299.09090774239985 305.1560983624869 0
v 298.8636194280015 306.4451139777079 0
v 298.6363311136032 307.73412959292887 0
v 298.4090427992048 309.02314520814986 0
v 298.1817544848065 310.31216082337085 0
v 298.3620065358779 310.3423288319184 0
v 260.58291795930586 304.3587086365598 0
v 222.8038293827338 298.3750884412012 0
v 185.02474080616173 292.3914682458427 0
v 147.24565222958967 286.4078480504841 0
v 109.4665636530176 280.42422785512554 0
v 71.68747507644554 274.440607659767 0
v 33.90838649987347 268.4569874644084 0
v -3.870702076698592 262.47336726904985 0
v -3.8707020766986115 262.47336726904985 0
v -3.6659449311841033 261.1805814027606 0
v -3.461187785669595 259.8877955364714 0
v -3.256430640155087 258.59500967018215 0
v -3.051673494640579 257.30222380389296 0
v -2.8469163491260705 256.0094379376037 0
v -2.6421592036115626 254.71665207131446 0
v -2.4374020580970543 253.42386620502523 0
v -2.232644912582546 252.131080338736 0
v -2.232644912582546 252.131080338736 0
v 35.546443326489424 258.1146997840944 0
v 73.32553156556139 264.0983192294527 0
v 111.10461980463336 270.0819386748111 0
v 148.88370804370533 276.0655581201695 0
v 186.6627962827773 282.0491775655278 0
v 224.44188452184926 288.0327970108862 0
v 262.22097276092126 294.01641645624454 0
v 300.0000609999932 300.0000359016029 0
v 300.0000609999932 300.0000359016029 0
v 299.7953041919788 301.2928225178924 0
v 299.59054738396435 302.5856091341818 0
v 299.38579057594995 303.8783957504712 0
v 299.18103376793556 305.17118236676066 0
v 298.97627695992117 306.4639689830501 0
v 298.77152015190677 307.7567555993395 0
v 298.5667633438923 309.04954221562895 0
v 298.3620065358779 310.3423288319184 0
v 298.54275058708873 310.3693348395701 0
v 260.6649882475591 305.04596233128166 0
v 222.78722590802948 299.7225898229932 0
v 184.90946356849986 294.39921731470474 0
v 147.03170122897023 289.0758448064163 0
v 109.15393888944061 283.7524722981279 0
v 71.27617654991099 278.4290997898394 0
v 33.39841421038136 273.10572728155097 0
v -4.4793481291482635 267.7823547732625 0
v -4.479348129148278 267.7823547732625 0
v -4.29718438003523 266.4861924060166 0
v -4.115020630922182 265.1900300387707 0
v -3.9328568818091343 263.89386767152484 0
v -3.750693132696087 262.5977053042789 0
v -3.568529383583039 261.301542937033 0
v -3.3863656344699913 260.0053805697871 0
v -3.2042018853569436 258.70921820254125 0
v -3.022038136243896 257.4130558352953 0
v -3.022038136243896 257.4130558352953 0
v 34.855726505786386 262.7364283435838 0
v 72.73349114781666 268.05980085187224 0
v 110.61125578984694 273.3831733601607 0
v 148.4890204318772 278.7065458684491 0
v 186.3667850739075 284.02991837673756 0
v 224.24454971593775 289.353290885026 0
v 262.12231435796804 294.67666339331447 0
v 300.0000789999983 300.0000359016029 0
v 300.0000789999983 300.0000359016029 0
v 299.8179129483846 301.2961982688488 0
v 299.6357468967709 302.5923606360947 0
v 299.4535808451572 303.88852300334065 0
v 299.2714147935435 305.1846853705865 0
v 299.08924874192985 306.4808477378324 0
v 298.90708269031614 307.7770101050783 0
v 298.72491663870244 309.07317247232425 0
v 298.54275058708873 310.3693348395701 0
v 298.7239386384253 310.393196846331 0
v 260.759039901707 305.7316927755719 0
v 222.7941411649888 301.0701887048128 0
v 184.8292424282705 296.40868463405366 0
v 146.86434369155225 291.7471805632946 0
v 108.899444954834 287.08567649253547 0
v 70.93454621811571 282.42417242177635 0
v 32.96964748139749 277.7626683510172 0
v -4.995251255320795 273.1011642802581 0
v -4.995251255320788 273.1011642802581 0
v -4.8357364101249285 271.8020199121673 0
v -4.676221564929068 270.5028755440765 0
v -4.516706719733208 269.2037311759857 0
v -4.357191874537348 267.90458680789493 0
v -4.197677029341488 266.6054424398041 0
v -4.038162184145628 265.3062980717133 0
v -3.878647338949768 264.0071537036225 0
v -3.719132493753908 262.7080093355317 0
v -3.719132493753908 262.7080093355317 0
v 34.2457674429647 267.3695134062908 0
v 72.21066737968331 272.03101747704994 0
v 110.17556731640192 276.69252154780906 0
v 148.14046725312053 281.35402561856813 0
v 186.10536718983914 286.01552968932725 0
v 224.07026712655775 290.6770337600864 0
v 262.03516706327633 295.3385378308455 0
v 300.00006699999494 300.0000419016046 0
v 300.00006699999494 300.0000419016046 0
v 299.84055095479874 301.29918626969544 0
v 299.68103490960254 302.5983306377862 0
v 299.52151886440635 303.897475005877 0
v 299.36200281921015 305.1966193739678 0
v 299.2024867740139 306.4957637420586 0
v 299.0429707288177 307.79490811014944 0
v 298.8834546836215 309.0940524782402 0
v 298.7239386384253 310.393196846331 0
v 298.90552868987584 310.41388485219267 0
v 260.865056301745 306.4156697193654 0
v 222.82458391361425 302.41745458653804 0
v 184.78411152548347 298.41923945371076 0
v 146.74363913735266 294.4210243208835 0
v 108.70316674922185 290.42280918805614 0
v 70.66269436109107 286.42459405522885 0
v 32.62222197296029 282.4263789224015 0
v -5.418250415170519 278.4281637895742 0
v -5.418250415170517 278.4281637895742 0
v -5.2814330514056085 277.12643342075074 0
v -5.1446156876407 275.82470305192726 0
v -5.00779832387579 274.5229726831037 0
v -4.870980960110882 273.22124231428023 0
v -4.734163596345973 271.91951194545675 0
v -4.597346232581064 270.6177815766332 0
v -4.460528868816155 269.3160512078097 0
v -4.3237115050512465 268.01432083898624 0
v -4.3237115050512465 268.01432083898624 0
v 33.7167600580793 272.0125359718135 0
v 71.75723162120985 276.0107511046408 0
v 109.7977031843404 280.00896623746814 0
v 147.83817474747096 284.0071813702954 0
v 185.8786463106015 288.0053965031227 0
v 223.91911787373206 292.00361163595005 0
v 261.95958943686264 296.00182676877733 0
v 300.0000609999932 300.0000419016046 0
v 300.0000609999932 300.0000419016046 0
v 299.86324446122853 301.3017722704281 0
v 299.72642792246387 302.60350263925164 0
v 299.5896113836992 303.90523300807513 0
v 299.4527948449345 305.20696337689867 0
v 299.3159783061698 306.50869374572216 0
v 299.17916176740516 307.81042411454564 0
v 299.0423452286405 309.1121544833692 0
v 298.90552868987584 310.41388485219267 0
v 299.0874367414164 310.43139885715493 0
v 260.9829803351568 307.0976906626045 0
v 222.8785239288972 303.76398246805417 0
v 184.77406752263764 300.43027427350376 0
v 146.66961111637804 297.0965660789534 0
v 108.56515471011843 293.762857884403 0
v 70.46069830385886 290.4291496898526 0
v 32.35624189759926 287.0954414953022 0
v -5.74821450866034 283.7617333007518 0
v -5.7482145086603165 283.7617333007518 0
v -5.634136303838168 282.45781368130804 0
v -5.520058099016019 281.15389406186426 0
v -5.40597989419387 279.8499744424205 0
v -5.291901689371722 278.54605482297666 0
v -5.177823484549572 277.2421352035329 0
v -5.063745279727423 275.9382155840891 0
v -4.949667074905275 274.63429596464533 0
v -4.835588870083126 273.33037634520156 0
v -4.835588870083126 273.33037634520156 0
v 33.26886586367599 276.6640845397519 0
v 71.37332059743511 279.9977927343023 0
v 109.47777533119422 283.33150092885273 0
v 147.58223006495336 286.6652091234031 0
v 185.6866847987125 289.99891731795344 0
v 223.7911395324716 293.33262551250385 0
v 261.8955942662307 296.66633370705426 0
v 300.0000489999898 300.0000419016046 0
v 300.0000489999898 300.0000419016046 0
v 299.8859724676681 301.3039615210484 0
v 299.7718959353465 302.60788114049217 0
v 299.6578194030248 303.911800759936 0
v 299.5437428707031 305.2157203793798 0
v 299.4296663383814 306.51963999882355 0
v 299.31558980605973 307.8235596182674 0
v 299.2015132737381 309.12747923771116 0
v 299.0874367414164 310.43139885715493 0
v 299.26962079303524 310.445756861223 0
v 261.11278755943556 307.77757035523706 0
v 222.95595432583588 305.1093838492511 0
v 184.79912109223616 302.4411973432651 0
v 146.64228785863648 299.7730108372792 0
v 108.4854546250368 297.10482433129323 0
v 70.32862139143708 294.43663782530723 0
v 32.1717881578374 291.7684513193213 0
v -5.985045075762287 289.10026481333534 0
v -5.985045075762292 289.10026481333534 0
v -5.893740777392748 287.7945526933837 0
v -5.802436479023204 286.488840573432 0
v -5.71113218065366 285.1831284534803 0
v -5.619827882284117 283.8774163335287 0
v -5.5285235839145725 282.57170421357705 0
v -5.437219285545028 281.26599209362536 0
v -5.345914987175485 279.96027997367366 0
v -5.254610688805941 278.654567853722 0
v -5.254610688805941 278.654567853722 0
v 32.90222327229395 281.322754359708 0
v 71.05905723339384 283.9909408656939 0
v 109.21589119449374 286.6591273716799 0
v 147.37272515559363 289.32731387766586 0
v 185.52955911669352 291.9955003836518 0
v 223.6863930777934 294.6636868896378 0
v 261.8432270388933 297.33187339562375 0
v 300.0000609999932 300.0000599016097 0
v 300.0000609999932 300.0000599016097 0
v 299.90875597412344 301.3057720215613 0
v 299.81745094825374 302.611484141513 0
v 299.726145922384 303.9171962614647 0
v 299.6348408965142 305.22290838141635 0
v 299.54353587064446 306.528620501368 0
v 299.4522308447747 307.8343326213197 0
v 299.360925818905 309.14004474127137 0
v 299.26962079303524 310.445756861223 0
v 299.45203284471864 310.45692286438674 0
v 261.2544449220718 308.4550717971957 0
v 223.05685699942495 306.4532207300048 0
v 184.85926907677808 304.4513696628138 0
v 146.66168115413123 302.4495185956228 0
v 108.46409323148438 300.4476675284318 0
v 70.26650530883751 298.44581646124084 0
v 32.06891738619066 296.4439653940499 0
v -6.128670536456184 294.44211432685887 0
v -6.128670536456161 294.44211432685887 0
v -6.060167932047095 293.1350079565122 0
v -5.991665327638029 291.82790158616547 0
v -5.923162723228963 290.5207952158188 0
v -5.854660118819897 289.2136888454721 0
v -5.7861575144108315 287.90658247512545 0
v -5.717654910001766 286.5994761047788 0
v -5.6491523055926995 285.29236973443204 0
v -5.580649701183634 283.98526336408537 0
v -5.580649701183634 283.98526336408537 0
v 32.61693913646347 285.9871144312763 0
v 70.81452797411058 287.98896549846734 0
v 109.01211681175768 289.9908165656583 0
v 147.20970564940478 291.99266763284925 0
v 185.4072944870519 293.9945187000402 0
v 223.604883324699 295.99636976723116 0
v 261.8024721623461 297.99822083442217 0
v 300.0000609999932 300.0000719016131 0
v 300.0000609999932 300.0000719016131 0
v 299.9315574805839 301.30717827195986 0
v 299.86305396117456 302.61428464230653 0
v 299.79455044176524 303.9213910126532 0
v 299.7260469223559 305.22849738299993 0
v 299.6575434029466 306.53560375334666 0
v 299.5890398835373 307.84271012369334 0
v 299.52053636412796 309.14981649404 0
v 299.45203284471864 310.45692286438674 0
v 299.63462489645303 310.4649028666477 0
v 261.4079161155553 309.12999623842427 0
v 223.18120733465753 307.7950896102008 0
v 184.95449855375975 306.46018298197737 0
v 146.727789772862 305.125276353754 0
v 108.50108099196424 303.7903697255305 0
v 70.27437221106646 302.4554630973071 0
v 32.04766343016871 301.1205564690836 0
v -6.179045350729041 299.7856498408602 0
v -6.17904535072902 299.7856498408602 0
v -6.133365357786359 298.4775474702313 0
v -6.087685364843699 297.1694450996024 0
v -6.042005371901038 295.8613427289735 0
v -5.996325378958376 294.5532403583446 0
v -5.950645386015715 293.2451379877157 0
v -5.904965393073054 291.9370356170868 0
v -5.859285400130394 290.6289332464579 0
v -5.813605407187732 289.320830875829 0
v -5.813605407187732 289.320830875829 0
v 32.41310439371031 290.6557367540522 0
v 70.63981419460835 291.99064263227547 0
v 108.86652399550638 293.3255485104987 0
v 147.09323379640443 294.6604543887219 0
v 185.31994359730248 295.9953602669451 0
v 223.5466533982005 297.33026614516837 0
v 261.7733631990986 298.6651720233916 0
v 300.00007299999663 300.0000779016148 0
v 300.00007299999663 300.0000779016148 0
v 299.95439198705367 301.30818102224396 0
v 299.9087109741107 302.61628414287304 0
v 299.8630299611678 303.9243872635021 0
v 299.81734894822483 305.23249038413127 0
v 299.77166793528187 306.5405935047604 0
v 299.72598692233896 307.8486966253895 0
v 299.680305909396 309.1567997460186 0
v 299.63462489645303 310.4649028666477 0
v 299.8173189482163 310.4696548679941 0
v 261.57313471236716 309.8020999288536 0
v 223.32895047651806 309.13454498971305 0
v 185.08476624066893 308.4669900505726 0
v 146.8405820048198 307.79943511143205 0
v 108.59639776897066 307.1318801722915 0
v 70.35221353312153 306.46432523315104 0
v 32.108029297272424 305.7967702940105 0
v -6.1361549385767375 305.12921535487 0
v -6.13615493857674 305.12921535487 0
v -6.113311424604413 303.8205144840715 0
v -6.090467910632086 302.51181361327303 0
v -6.067624396659759 301.20311274247456 0
v -6.044780882687432 299.8944118716761 0
v -6.021937368715105 298.58571100087767 0
v -5.999093854742778 297.2770101300792 0
v -5.97625034077045 295.9683092592807 0
v -5.9534068267981235 294.65960838848224 0
v -5.9534068267981235 294.65960838848224 0
v 32.29077815155122 295.32716332762277 0
v 70.53496312990056 295.99471826676324 0
v 108.7791481082499 296.6622732059038 0
v 147.02333308659925 297.3298281450443 0
v 185.2675180649486 297.9973830841848 0
v 223.51170304329793 298.6649380233253 0
v 261.7558880216473 299.3324929624658 0
v 300.00007299999663 300.0000479016063 0
v 300.00007299999663 300.0000479016063 0
v 299.9772287435241 301.3087487724048 0
v 299.9543844870516 302.61744964320326 0
v 299.931540230579 303.92615051400173 0
v 299.9086959741065 305.2348513848002 0
v 299.88585171763395 306.5435522555987 0
v 299.8630074611614 307.85225312639716 0
v 299.84016320468885 309.16095399719563 0
v 299.8173189482163 310.4696548679941 0
v 300.0000489999898 310.4712508684463 0
v 261.7500412374907 310.4712508684463 0
v 223.50003347499154 310.4712508684463 0
v 185.25002571249243 310.4712508684463 0
v 147.0000179499933 310.4712508684463 0
v 108.75001018749415 310.4712508684463 0
v 70.50000242499505 310.4712508684463 0
v 32.24999466249591 310.4712508684463 0
v -6.00001310000323 310.4712508684463 0
v -6.000013100003236 310.4712508684463 0
v -6.000013025003215 309.1623504975913 0
v -6.000012950003193 307.85345012673633 0
v -6.000012875003172 306.5445497558813 0
v -6.000012800003152 305.2356493850263 0
v -6.00001272500313 303.9267490141713 0
v -6.000012650003109 302.6178486433163 0
v -6.000012575003088 301.3089482724613 0
v -6.000012500003066 300.0000479016063 0
v -6.000012500003066 300.0000479016063 0
v 32.24999518749604 300.0000479016063 0
v 70.50000287499515 300.0000479016063 0
v 108.75001056249425 300.0000479016063 0
v 147.00001824999336 300.0000479016063 0
v 185.25002593749247 300.0000479016063 0
v 223.50003362499157 300.0000479016063 0
v 261.7500413124907 300.0000479016063 0
v 300.00004899998976 300.0000479016063 0
v 300.0000489999898 300.0000479016063 0
v 300.0000489999898 301.3089482724613 0
v 300.0000489999898 302.6178486433163 0
v 300.0000489999898 303.9267490141713 0
v 300.0000489999898 305.2356493850263 0
v 300.0000489999898 306.5445497558813 0
v 300.0000489999898 307.85345012673633 0
v 300.0000489999898 309.1623504975913 0
v 300.0000489999898 310.4712508684463 0
v 300.18279705176843 310.4696608679958 0
v 261.93861505841994 311.1372150571361 0
v 223.69443306507145 311.8047692462764 0
v 185.45025107172293 312.4723234354167 0
v 147.20606907837444 313.139877624557 0
v 108.96188708502595 313.8074318136973 0
v 70.71770509167743 314.47498600283757 0
v 32.47352309832894 315.1425401919779 0
v -5.770658895019551 315.8100943811182 0
v -5.770658895019558 315.8100943811182 0
v -5.793502333991864 314.5013935103197 0
v -5.816345772964169 313.1926926395212 0
v -5.839189211936476 311.88399176872275 0
v -5.862032650908781 310.5752908979243 0
v -5.884876089881087 309.2665900271258 0
v -5.907719528853393 307.9578891563273 0
v -5.930562967825699 306.64918828552885 0
v -5.953406406798004 305.3404874147304 0
v -5.953406406798004 305.3404874147304 0
v 32.29077851905133 304.67293247558985 0
v 70.53496344490065 304.0053775364494 0
v 108.77914837074998 303.33782259730884 0
v 147.02333329659933 302.6702676581683 0
v 185.26751822244867 302.00271271902784 0
v 223.51170314829798 301.3351577798873 0
v 261.7558880741473 300.66760284074684 0
v 300.00007299999663 300.0000479016063 0
v 300.00007299999663 300.0000479016063 0
v 300.0229135064681 301.308749522405 0
v 300.0457540129396 302.61745114320365 0
v 300.0685945194111 303.9261527640024 0
v 300.09143502588256 305.23485438480105 0
v 300.114275532354 306.5435560055997 0
v 300.13711603882547 307.85225762639845 0
v 300.15995654529695 309.1609592471971 0
v 300.18279705176843 310.4696608679958 0
v 300.3654911035317 310.46489086664434 0
v 262.13878404763443 311.79979599486734 0
v 223.9120769917372 313.1347011230904 0
v 185.68536993583993 314.4696062513134 0
v 147.45866287994266 315.8045113795364 0
v 109.2319558240454 317.1394165077594 0
v 71.00524876814814 318.4743216359824 0
v 32.77854171225084 319.80922676420545 0
v -5.448165343646394 321.14413189242845 0
v -5.44816534364641 321.14413189242845 0
v -5.493845284089057 319.8360287717993 0
v -5.539525224531703 318.5279256511702 0
v -5.585205164974349 317.21982253054114 0
v -5.630885105416995 315.911719409912 0
v -5.6765650458596415 314.60361628928285 0
v -5.722244986302288 313.29551316865377 0
v -5.767924926744934 311.9874100480247 0
v -5.81360486718758 310.67930692739554 0
v -5.81360486718758 310.67930692739554 0
v 32.41310111620938 309.3444010491723 0
v 70.63980709960634 308.0094951709491 0
v 108.86651308300331 306.67458929272584 0
v 147.09321906640025 305.3396834145026 0
v 185.3199250497972 304.0047775362794 0
v 223.5466310331942 302.66987165805614 0
v 261.77333701659114 301.33496577983294 0
v 300.0000429999881 300.0000599016097 0
v 300.0000429999881 300.0000599016097 0
v 300.0457240129311 301.308163772239 0
v 300.091405025874 302.61626764286837 0
v 300.13708603881696 303.9243715134977 0
v 300.1827670517599 305.23247538412704 0
v 300.2284480647029 306.5405792547563 0
v 300.27412907764585 307.84868312538566 0
v 300.31981009058876 309.156786996015 0
v 300.3654911035317 310.46489086664434 0
v 300.5480891552678 310.456916864385 0
v 262.3504993276204 312.45876718157575 0
v 224.15290949997302 314.4606174987665 0
v 185.95531967232566 316.46246781595727 0
v 147.75772984467827 318.464318133148 0
v 109.56014001703088 320.46616845033884 0
v 71.36255018938351 322.4680187675296 0
v 33.16496036173612 324.46986908472036 0
v -5.0326294659112705 326.4717194019111 0
v -5.032629465911279 326.4717194019111 0
v -5.101131995320324 325.16461303156444 0
v -5.169634524729368 323.8575066612177 0
v -5.238137054138412 322.55040029087104 0
v -5.306639583547456 321.24329392052437 0
v -5.375142112956501 319.93618755017764 0
v -5.443644642365546 318.62908117983096 0
v -5.51214717177459 317.32197480948423 0
v -5.580649701183634 316.01486843913756 0
v -5.580649701183634 316.01486843913756 0
v 32.61693913646347 314.0130173719466 0
v 70.81452797411058 312.0111663047556 0
v 109.01211681175768 310.0093152375646 0
v 147.20970564940478 308.0074641703736 0
v 185.4072944870519 306.00561310318267 0
v 223.604883324699 304.00376203599166 0
v 261.8024721623461 302.00191096880064 0
v 300.0000609999932 300.0000599016097 0
v 300.0000609999932 300.0000599016097 0
v 300.0685645194025 301.3071670219566 0
v 300.13706803881183 302.61427414230354 0
v 300.20557155822115 303.9213812626504 0
v 300.2740750776305 305.22848838299734 0
v 300.34257859703985 306.53559550334427 0
v 300.41108211644917 307.84270262369114 0
v 300.4795856358585 309.14980974403807 0
v 300.5480891552678 310.456916864385 0
v 300.7304952069495 310.44576286122475 0
v 262.5736610883496 313.1139478672103 0
v 224.41682696974965 315.7821328731958 0
v 186.2599928511497 318.45031787918134 0
v 148.10315873254976 321.1185028851669 0
v 109.94632461394983 323.78668789115244 0
v 71.78949049534987 326.454872897138 0
v 33.632656376749935 329.1230579031235 0
v -4.524177741849996 331.79124290910903 0
v -4.524177741849997 331.79124290910903 0
v -4.6154820027195305 330.48553078915734 0
v -4.706786263589064 329.1798186692057 0
v -4.798090524458597 327.87410654925407 0
v -4.889394785328131 326.5683944293024 0
v -4.980699046197664 325.2626823093507 0
v -5.072003307067197 323.95697018939904 0
v -5.16330756793673 322.6512580694474 0
v -5.254611828806263 321.3455459494957 0
v -5.254611828806263 321.3455459494957 0
v 32.90222227479367 318.67736094351017 0
v 71.0590563783936 316.0091759375247 0
v 109.21589048199354 313.3409909315391 0
v 147.37272458559346 310.6728059255536 0
v 185.52955868919338 308.004620919568 0
v 223.68639279279333 305.3364359135825 0
v 261.8432268963933 302.668250907597 0
v 300.0000609999932 300.00006590161144 0
v 300.0000609999932 300.00006590161144 0
v 300.09136527586276 301.3057780215631 0
v 300.18266955173226 302.61149014151476 0
v 300.2739738276018 303.9172022614664 0
v 300.3652781034714 305.2229143814181 0
v 300.4565823793409 306.5286265013698 0
v 300.54788665521045 307.8343386213214 0
v 300.63919093107995 309.14005074127306 0
v 300.7304952069495 310.44576286122475 0
v 300.9126912585717 310.4314048571566 0
v 262.808234252312 313.7651123017068 0
v 224.7037772460522 317.098819746257 0
v 186.59932023979243 320.43252719080715 0
v 148.49486323353267 323.76623463535736 0
v 110.3904062272729 327.0999420799075 0
v 72.28594922101314 330.4336495244577 0
v 34.18149221475335 333.7673569690079 0
v -3.922964791506388 337.10106441355805 0
v -3.9229647915063763 337.10106441355805 0
v -4.037042958828515 335.7971447941143 0
v -4.151121126150652 334.49322517467044 0
v -4.265199293472791 333.18930555522667 0
v -4.379277460794929 331.8853859357829 0
v -4.493355628117068 330.5814663163391 0
v -4.607433795439206 329.27754669689534 0
v -4.721511962761344 327.9736270774515 0
v -4.8355901300834825 326.66970745800774 0
v -4.8355901300834825 326.66970745800774 0
v 33.26886476117568 323.3360000134576 0
v 71.37331965243483 320.00229256890736 0
v 109.47777454369398 316.6685851243572 0
v 147.58222943495315 313.33487767980705 0
v 185.68668432621232 310.00117023525684 0
v 223.79113921747145 306.6674627907067 0
v 261.8955941087307 303.33375534615647 0
v 300.0000489999898 300.0000479016063 0
v 300.0000489999898 300.0000479016063 0
v 300.11412928231255 301.3039675210501 0
v 300.2282095646353 302.60788714049386 0
v 300.342289846958 303.9118067599377 0
v 300.4563701292808 305.21572637938146 0
v 300.57045041160353 306.51964599882524 0
v 300.68453069392626 307.8235656182691 0
v 300.798610976249 309.12748523771285 0
v 300.9126912585717 310.4314048571566 0
v 301.0945873101089 310.41387285218923 0
v 263.0541172169788 314.4120864850161 0
v 225.01364712384864 318.410300117843 0
v 186.9731770307185 322.40851375066984 0
v 148.93270693758836 326.40672738349673 0
v 110.89223684445824 330.4049410163236 0
v 72.85176675132809 334.40315464915045 0
v 34.81129665819793 338.40136828197734 0
v -3.2291734349321928 342.39958191480423 0
v -3.229173434932214 342.39958191480423 0
v -3.3659907611971125 341.09785154598075 0
v -3.5028080874620104 339.79612117715726 0
v -3.6396254137269084 338.4943908083337 0
v -3.776442739991807 337.19266043951023 0
v -3.913260066256705 335.89093007068675 0
v -4.050077392521603 334.5891997018632 0
v -4.186894718786501 333.2874693330397 0
v -4.3237120450513995 331.98573896421624 0
v -4.3237120450513995 331.98573896421624 0
v 33.716759585579176 327.98752458138915 0
v 71.75723121620976 323.98931019856207 0
v 109.79770284684034 319.991095815735 0
v 147.83817447747091 315.9928814329079 0
v 185.8786461081015 311.99466705008075 0
v 223.91911773873207 307.99645266725366 0
v 261.9595893693626 303.9982382844266 0
v 300.0000609999932 300.0000239015995 0
v 300.0000609999932 300.0000239015995 0
v 300.13687678875766 301.30175502042323 0
v 300.2736925775221 302.6034861392469 0
v 300.4105083662866 303.90521725807065 0
v 300.54732415505106 305.2069483768944 0
v 300.6841399438155 306.50867949571807 0
v 300.82095573258 307.8104106145418 0
v 300.95777152134445 309.1121417333655 0
v 301.0945873101089 310.41387285218923 0
v 301.276165361556 310.393196846331 0
v 263.3112677573381 315.0546994170897 0
v 225.34637015312012 319.7162019878484 0
v 187.3814725489022 324.3777045586071 0
v 149.41657494468424 329.03920712936576 0
v 111.45167734046629 333.7007097001245 0
v 73.48677973624837 338.36221227088316 0
v 35.521882132030385 343.0237148416419 0
v -2.4430154721875397 347.68521741240056 0
v -2.4430154721875215 347.68521741240056 0
v -2.602530287383373 346.38607304430974 0
v -2.7620451025792248 345.0869286762189 0
v -2.921559917775076 343.78778430812815 0
v -3.0810747329709276 342.48863994003733 0
v -3.240589548166779 341.1894955719465 0
v -3.4001043633626304 339.89035120385574 0
v -3.5596191785584823 338.5912068357649 0
v -3.7191339937543337 337.2920624676741 0
v -3.7191339937543337 337.2920624676741 0
v 34.245766130464325 332.6305591469152 0
v 72.21066625468298 327.9690558261563 0
v 110.17556637890164 323.30755250539744 0
v 148.1404665031203 318.6460491846385 0
v 186.10536662733898 313.9845458638796 0
v 224.07026675155763 309.3230425431207 0
v 262.03516687577627 304.66153922236185 0
v 300.00006699999494 300.0000359016029 0
v 300.00006699999494 300.0000359016029 0
v 300.1595792951901 301.29918101969395 0
v 300.3190915903852 302.59832613778497 0
v 300.47860388558036 303.897471255876 0
v 300.63811618077546 305.196616373967 0
v 300.7976284759706 306.49576149205797 0
v 300.95714077116577 307.794906610149 0
v 301.11665306636087 309.09405172824 0
v 301.276165361556 310.393196846331 0
v 301.4573714128977 310.3693348395701 0
v 263.57960860086797 315.6927065978584 0
v 225.7018457888382 321.0160783561466 0
v 187.82408297680843 326.33945011443484 0
v 149.94632016477868 331.66282187272304 0
v 112.06855735274894 336.9861936310113 0
v 74.19079454071917 342.30956538929956 0
v 36.313031728689396 347.63293714758777 0
v -1.564731083340348 352.956308905876 0
v -1.5647310833403483 352.956308905876 0
v -1.7468947874533831 351.6601465386301 0
v -1.929058491566418 350.36398417138423 0
v -2.111222195679453 349.06782180413836 0
v -2.293385899792488 347.77165943689243 0
v -2.4755496039055225 346.4754970696465 0
v -2.6577133080185575 345.17933470240064 0
v -2.839877012131592 343.88317233515477 0
v -3.0220407162446272 342.58700996790884 0
v -3.0220407162446272 342.58700996790884 0
v 34.855723498285535 337.2636374596204 0
v 72.73348771281569 331.9402649513319 0
v 110.61125192734585 326.61689244304347 0
v 148.48901614187602 321.293519934755 0
v 186.36678035640617 315.97014742646655 0
v 224.24454457093634 310.6467749181781 0
v 262.1223087854665 305.32340240988964 0
v 300.00007299999663 300.0000299016012 0
v 300.00007299999663 300.0000299016012 0
v 300.18223530160924 301.2961930188473 0
v 300.3643976032219 302.59235613609343 0
v 300.54655990483457 303.88851925333955 0
v 300.7287222064472 305.1846823705856 0
v 300.9108845080598 306.48084548783174 0
v 301.09304680967244 307.77700860507787 0
v 301.2752091112851 309.073171722324 0
v 301.4573714128977 310.3693348395701 0
v 301.6381214641102 310.3423468319235 0
v 263.8590330577882 316.32596552728165 0
v 226.07994465146618 322.30958422263984 0
v 188.30085624514416 328.293202917998 0
v 150.52176783882214 334.2768216133561 0
v 112.74267943250013 340.2604403087143 0
v 74.96359102617811 346.2440590040724 0
v 37.18450261985606 352.2276776994306 0
v -0.5945857864659274 358.21129639478875 0
v -0.5945857864659252 358.21129639478875 0
v -0.7993428922304221 356.91851127849975 0
v -1.004099997994919 355.62572616221075 0
v -1.2088571037594158 354.3329410459217 0
v -1.4136142095239128 353.0401559296327 0
v -1.6183713152884098 351.7473708133437 0
v -1.8231284210529066 350.45458569705465 0
v -2.0278855268174034 349.16180058076566 0
v -2.2326426325819004 347.86901546447666 0
v -2.2326426325819004 347.86901546447666 0
v 35.54644532148999 341.8853960191183 0
v 73.32553327556188 335.9017765737599 0
v 111.10462122963378 329.91815712840156 0
v 148.88370918370566 323.9345376830432 0
v 186.66279713777755 317.9509182376848 0
v 224.44188509184946 311.96729879232646 0
v 262.2209730459213 305.9836793469681 0
v 300.0000609999932 300.0000599016097 0
v 300.0000609999932 300.0000599016097 0
v 300.20481855800784 301.29284576789894 0
v 300.40957611602244 302.58563163418813 0
v 300.6143336740371 303.8784175004774 0
v 300.81909123205173 305.1712033667666 0
v 301.0238487900663 306.4639892330558 0
v 301.228606348081 307.7567750993451 0
v 301.43336390609556 309.04956096563427 0
v 301.6381214641102 310.3423468319235 0
v 301.81836751517994 310.3121788233759 0
v 264.1494619873264 316.9542219552876 0
v 226.48055645947284 323.5962650871993 0
v 188.8116509316193 330.238308219111 0
v 151.14274540376576 336.8803513510227 0
v 113.4738398759122 343.5223944829344 0
v 75.80493434805868 350.16443761484607 0
v 38.13602882020513 356.80648074675776 0
v 0.4671232923515731 363.44852387866945 0
v 0.467123292351562 363.44852387866945 0
v 0.23983515045327336 362.15950901344866 0
v 0.012547008554984695 360.87049414822786 0
v -0.21474113334330402 359.5814792830071 0
v -0.44202927524159263 358.29246441778633 0
v -0.6693174171398812 357.00344955256554 0
v -0.8966055590381701 355.7144346873448 0
v -1.1238937009364587 354.425419822124 0
v -1.3511818428347473 353.1364049569032 0
v -1.3511818428347473 353.1364049569032 0
v 36.317724262518965 346.49436107499133 0
v 73.98663036787268 339.85231719307944 0
v 111.65553647322639 333.2102733111675 0
v 149.32444257858012 326.5682294292556 0
v 186.99334868393382 319.9261855473437 0
v 224.66225478928754 313.2841416654318 0
v 262.33116089464124 306.6420977835199 0
v 300.00006699999494 300.000053901608 0
v 300.00006699999494 300.000053901608 0
v 300.22735456439307 301.289069516829 0
v 300.4546421287912 302.57808513205 0
v 300.6819296931893 303.86710074727097 0
v 300.90921725758744 305.15611636249196 0
v 301.13650482198557 306.44513197771295 0
v 301.3637923863837 307.73414759293394 0
v 301.5910799507818 309.0231632081549 0
v 301.81836751517994 310.3121788233759 0
v 301.99806156609327 310.2788668139375 0
v 264.4508128002091 317.5773123818298 0
v 226.90356403432497 324.87575794972213 0
v 189.35631526844085 332.1742035176145 0
v 151.8090665025567 339.4726490855068 0
v 114.26181773667255 346.77109465339913 0
v 76.71456897078843 354.0695402212915 0
v 39.167320204904286 361.3679857891838 0
v 1.620071439020137 368.66643135707614 0
v 1.6200714390201112 368.66643135707614 0
v 1.3703214965076476 367.38157899303474 0
v 1.120571553995184 366.09672662899334 0
v 0.8708216114827201 364.81187426495194 0
v 0.6210716689702565 363.52702190091054 0
v 0.3713217264577928 362.24216953686914 0
v 0.12157178394532897 360.95731717282774 0
v -0.12817815856713466 359.67246480878634 0
v -0.3779281010795983 358.38761244474495 0
v -0.3779281010795983 358.38761244474495 0
v 37.1693205365545 351.08916687685263 0
v 74.71656917418859 343.7907213089603 0
v 112.26381781182269 336.49227574106794 0
v 149.8110664494568 329.1938301731756 0
v 187.3583150870909 321.8953846052833 0
v 224.905563724725 314.59693903739094 0
v 262.4528123623591 307.2984934694986 0
v 300.0000609999932 300.0000479016063 0
v 300.0000609999932 300.0000479016063 0
v 300.2498110707557 301.2849002656477 0
v 300.4995611415182 302.5697526296891 0
v 300.7493112122807 303.8546049937305 0
v 300.99906128304326 305.1394573577719 0
v 301.24881135380576 306.4243097218133 0
v 301.49856142456827 307.7091620858547 0
v 301.74831149533077 308.9940144498961 0
v 301.99806156609327 310.2788668139375 0
v 302.1771496168348 310.24243480361514 0
v 264.7629945161605 318.19505830685785 0
v 227.34883941548625 326.1476818101005 0
v 189.934684314812 334.1003053133432 0
v 152.5205292141377 342.0529288165859 0
v 115.1063741134634 350.00555231982855 0
v 77.69221901278914 357.95817582307126 0
v 40.278063912114874 365.9107993263139 0
v 2.863908811440581 373.8634228295566 0
v 2.8639088114406004 373.8634228295566 0
v 2.591773131835513 372.58312521680574 0
v 2.3196374522304257 371.30282760405487 0
v 2.047501772625338 370.02252999130394 0
v 1.7753660930202506 368.74223237855307 0
v 1.5032304134151633 367.4619347658022 0
v 1.2310947338100757 366.18163715305127 0
v 0.9589590542049882 364.9013395403004 0
v 0.6868233745999008 363.6210419275495 0
v 0.6868233745999011 363.6210419275495 0
v 38.100978077774066 355.6684176743066 0
v 75.51513278094822 347.7157934210637 0
v 112.92928748412238 339.7631691678208 0
v 150.34344218729655 331.8105449145779 0
v 187.75759689047072 323.857920661335 0
v 225.17175159364487 315.9052964080921 0
v 262.585906296819 307.9526721548492 0
v 300.0000609999932 300.0000479016063 0
v 300.0000609999932 300.0000479016063 0
v 300.2721970770984 301.28034626435743 0
v 300.5443331542036 302.5606446271085 0
v 300.8164692313088 303.8409429898596 0
v 301.088605308414 305.1212413526107 0
v 301.3607413855192 306.4015397153618 0
v 301.6328774626244 307.68183807811295 0
v 301.9050135397296 308.962136440864 0
v 302.1771496168348 310.24243480361514 0
v 302.35556566738603 310.2028587924019 0
v 265.0859023001511 318.8072384803088 0
v 227.8162389329161 327.4116181682157 0
v 190.5465755656811 336.01599785612257 0
v 153.27691219844615 344.62037754402945 0
v 116.0072488312112 353.22475723193634 0
v 78.73758546397622 361.8291369198432 0
v 41.46792209674123 370.4335166077501 0
v 4.1982587295062785 379.037896295657 0
v 4.198258729506303 379.037896295657 0
v 3.9038202260820842 377.76254268430694 0
v 3.609381722657865 376.4871890729568 0
v 3.3149432192336463 375.2118354616067 0
v 3.020504715809427 373.93648185025665 0
v 2.726066212385208 372.6611282389066 0
v 2.4316277089609892 371.3857746275565 0
v 2.13718920553677 370.1104210162064 0
v 1.8427507021125509 368.8350674048563 0
v 1.842750702112551 368.8350674048563 0
v 39.112414489347636 360.23068771694943 0
v 76.38207827658272 351.62630802904255 0
v 113.65174206381779 343.02192834113566 0
v 150.92140585105287 334.4175486532288 0
v 188.19106963828796 325.81316896532184 0
v 225.46073342552302 317.20878927741495 0
v 262.73039721275813 308.60440958950807 0
v 300.0000609999932 300.0000299016012 0
v 300.0000609999932 300.0000299016012 0
v 300.2944990834173 301.2753835129513 0
v 300.5889371668414 302.55073712430135 0
v 300.8833752502655 303.82609073565146 0
v 301.17781333368964 305.1014443470016 0
v 301.47225141711374 306.37679795835163 0
v 301.76668950053784 307.65215156970174 0
v 302.06112758396193 308.9275051810518 0
v 302.35556566738603 310.2028587924019 0
v 302.5332737177366 310.16020478031663 0
v 265.4194534946572 319.41371940214503 0
v 228.3056332715778 328.66723402397344 0
v 191.19181304849835 337.92074864580184 0
v 154.07799282541893 347.17426326763024 0
v 116.96417260233952 356.42777788945864 0
v 79.85035237926007 365.68129251128704 0
v 42.73653215618066 374.93480713311544 0
v 5.622711933101243 384.18832175494384 0
v 5.622711933101264 384.18832175494384 0
v 5.306060290883324 382.91830139510483 0
v 4.989408648665384 381.6482810352658 0
v 4.672757006447444 380.3782606754268 0
v 4.356105364229504 379.10824031558786 0
v 4.039453722011564 377.83821995574885 0
v 3.7228020797936243 376.56819959590985 0
v 3.4061504375756844 375.29817923607084 0
v 3.0894987953577444 374.0281588762318 0
v 3.0894987953577444 374.0281588762318 0
v 40.20331907093717 364.7746442544034 0
v 77.3171393465166 355.521129632575 0
v 114.43095962209603 346.2676150107466 0
v 151.54477989767545 337.0141003889182 0
v 188.65860017325488 327.7605857670898 0
v 225.7724204488343 318.5070711452614 0
v 262.88624072441377 309.253556523433 0
v 300.0000609999932 300.0000419016046 0
v 300.0000609999932 300.0000419016046 0
v 300.31671258971113 301.2700622614436 0
v 300.63336417942907 302.54008262128264 0
v 300.950015769147 303.81010298112164 0
v 301.2666673588649 305.08012334096065 0
v 301.5833189485828 306.3501437007996 0
v 301.89997053830075 307.6201640606386 0
v 302.2166221280187 308.8901844204776 0
v 302.5332737177366 310.16020478031663 0
v 302.7102077678679 310.1144487673524 0
v 265.76353619964726 320.01427907230357 0
v 228.81686463142663 329.9141093772547 0
v 191.870193063206 339.8139396822058 0
v 154.92352149498532 349.7137699871569 0
v 117.97684992676466 359.61360029210806 0
v 81.03017835854402 369.51343059705914 0
v 44.08350679032338 379.4132609020103 0
v 7.136835222102718 389.3130912069614 0
v 7.13683522210274 389.3130912069614 0
v 6.798066913618413 388.04879034874295 0
v 6.459298605134086 386.7844894905245 0
v 6.1205302966497594 385.52018863230603 0
v 5.781761988165433 384.25588777408757 0
v 5.442993679681106 382.99158691586905 0
v 5.1042253711967795 381.7272860576506 0
v 4.765457062712453 380.4629851994321 0
v 4.426688754228126 379.19868434121366 0
v 4.426688754228126 379.19868434121366 0
v 41.37336028494876 369.2988540362625 0
v 78.3200318156694 359.3990237313114 0
v 115.26670334639003 349.49919342636025 0
v 152.21337487711068 339.59936312140917 0
v 189.16004640783132 329.69953281645803 0
v 226.10671793855195 319.7997025115069 0
v 263.05338946927253 309.89987220655576 0
v 300.0000609999932 300.0000419016046 0
v 300.0000609999932 300.0000419016046 0
v 300.33882934597756 301.2643427598231 0
v 300.67759769196186 302.52864361804154 0
v 301.0163660379462 303.79294447626006 0
v 301.3551343839306 305.0572453344785 0
v 301.6939027299149 306.321546192697 0
v 302.03267107589926 307.5858470509155 0
v 302.37143942188357 308.85014790913397 0
v 302.7102077678679 310.1144487673524 0
v 302.8863198177663 310.0655847535076 0
v 266.11805080009304 320.60871574072723 0
v 229.34978178241977 331.1518467279468 0
v 192.58151276474652 341.6949777151664 0
v 155.81324374707324 352.238108702386 0
v 119.04497472939997 362.7812396896056 0
v 82.27670571172672 373.3243706768252 0
v 45.508436694053444 383.86750166404477 0
v 8.740167676380167 394.4106326512644 0
v 8.74016767638014 394.4106326512644 0
v 8.37938587915866 393.15243679477567 0
v 8.01860408193718 391.89424093828694 0
v 7.657822284715699 390.6360450817982 0
v 7.29704048749422 389.3778492253095 0
v 6.936258690272739 388.11965336882076 0
v 6.575476893051259 386.86145751233204 0
v 6.214695095829779 385.6032616558433 0
v 5.8539132986082985 384.3450657993546 0
v 5.8539132986082985 384.3450657993546 0
v 42.62218176128141 373.80193481213496 0
v 79.39045022395453 363.2588038249154 0
v 116.15871868662764 352.7156728376958 0
v 152.92698714930074 342.1725418504762 0
v 189.69525561197386 331.62941086325657 0
v 226.46352407464695 321.086279876037 0
v 263.2317925373201 310.5431488888174 0
v 300.0000609999932 300.0000179015978 0
v 300.0000609999932 300.0000179015978 0
v 300.36084335221483 301.2582137580865 0
v 300.72162570443646 302.51640961457525 0
v 301.0824080566581 303.774605471064 0
v 301.4431904088798 305.0328013275527 0
v 301.8039727611014 306.29099718404143 0
v 302.16475511332305 307.54919304053016 0
v 302.5255374655447 308.8073888970189 0
v 302.8863198177663 310.0655847535076 0
v 303.06154386741315 310.01370873880944 0
v 266.4828784284609 321.1969289073876 0
v 229.9042129895086 332.38014907596573 0
v 193.3255475505563 343.5633692445439 0
v 156.74688211160404 354.746589413122 0
v 120.16821667265177 365.92980958170017 0
v 83.58955123369947 377.1130297502783 0
v 47.010885794747196 388.29624991885646 0
v 10.432220355794925 399.4794700874346 0
v 10.43222035579493 399.4794700874346 0
v 10.049534922367421 398.2277624827842 0
v 9.666849488939913 396.9760548781338 0
v 9.284164055512404 395.72434727348343 0
v 8.901478622084895 394.47263966883304 0
v 8.518793188657387 393.2209320641827 0
v 8.136107755229878 391.9692244595323 0
v 7.753422321802369 390.7175168548819 0
v 7.370736888374861 389.46580925023153 0
v 7.370736888374861 389.46580925023153 0
v 43.94940240232715 378.2825890816534 0
v 80.52806791627945 367.09936891307524 0
v 117.10673343023174 355.9161487444971 0
v 153.68539894418404 344.7329285759189 0
v 190.26406445813635 333.54970840734074 0
v 226.84272997208862 322.3664882387626 0
v 263.4213954860409 311.18326807018445 0
v 300.0000609999932 300.0000479016063 0
v 300.0000609999932 300.0000479016063 0
v 300.3827463584207 301.2517555062567 0
v 300.7654317168482 302.5034631109071 0
v 301.14811707527565 303.7551707155575 0
v 301.5308024337032 305.0068783202079 0
v 301.9134877921307 306.25858592485827 0
v 302.29617315055816 307.51029352950866 0
v 302.6788585089856 308.76200113415905 0
v 303.06154386741315 310.01370873880944 0
v 303.2358379167964 309.9587487232375 0
v 266.85791768472194 321.77865082220876 0
v 230.47999745264747 333.5985529211801 0
v 194.10207722057297 345.4184550201514 0
v 157.7241569884985 357.2383571191227 0
v 121.34623675642402 369.058259218094 0
v 84.96831652434952 380.8781613170653 0
v 48.590396292275045 392.6980634160366 0
v 12.212476060200572 404.5179655150079 0
v 12.21247606020057 404.5179655150079 0
v 11.808003645600085 403.2731271623038 0
v 11.4035312309996 402.02828880959976 0
v 10.999058816399115 400.78345045689565 0
v 10.59458640179863 399.53861210419154 0
v 10.190113987198146 398.29377375148744 0
v 9.78564157259766 397.0489353987833 0
v 9.381169157997174 395.8040970460793 0
v 8.97669674339669 394.55925869337517 0
v 8.97669674339669 394.55925869337517 0
v 45.354617275471256 382.73935584440363 0
v 81.73253780754581 370.9194529954321 0
v 118.11045833962037 359.09955014646056 0
v 154.48837887169495 347.2796472974891 0
v 190.86629940376952 335.45974444851754 0
v 227.24421993584406 323.639841599546 0
v 263.6221404679186 311.81993875057447 0
v 300.0000609999932 300.0000359016029 0
v 300.0000609999932 300.0000359016029 0
v 300.4045331145936 301.24487500430723 0
v 300.809005229194 302.48971410701154 0
v 301.2134773437944 303.7345532097159 0
v 301.61794945839483 304.9793923124202 0
v 302.0224215729952 306.2242314151245 0
v 302.4268936875956 307.46907051782887 0
v 302.831365802196 308.7139096205332 0
v 303.2358379167964 309.9587487232375 0
v 303.40915396590265 309.90077670681205 0
v 267.2430594438454 322.3537614851567 0
v 231.0769649217882 334.8067462635014 0
v 194.910870399731 347.2597310418461 0
v 158.7447758776738 359.7127158201908 0
v 122.57868135561657 372.16570059853547 0
v 86.41258683355937 384.6186853768802 0
v 50.24649231150215 397.07167015522487 0
v 14.08039778944493 409.52465493356954 0
v 14.08039778944491 409.52465493356954 0
v 13.654261543706342 408.28706533291927 0
v 13.228125297967773 407.04947573226895 0
v 12.801989052229205 405.8118861316187 0
v 12.375852806490636 404.57429653096835 0
v 11.949716560752067 403.3367069303181 0
v 11.523580315013499 402.0991173296678 0
v 11.09744406927493 400.8615277290175 0
v 10.671307823536361 399.62393812836723 0
v 10.671307823536361 399.62393812836723 0
v 46.83740197059346 387.17095335002256 0
v 83.00349611765057 374.71796857167783 0
v 119.16959026470768 362.26498379333316 0
v 155.33568441176476 349.8119990149885 0
v 191.50177855882185 337.35901423664376 0
v 227.66787270587898 324.9060294582991 0
v 263.8339668529361 312.45304467995436 0
v 300.0000609999932 300.0000599016097 0
v 300.0000609999932 300.0000599016097 0
v 300.4261976207319 301.23764950225996 0
v 300.85233424147054 302.4752391029103 0
v 301.27847086220925 303.7128287035606 0
v 301.70460748294795 304.95041830421087 0
v 302.1307441036866 306.18800790486114 0
v 302.5568807244253 307.42559750551146 0
v 302.98301734516394 308.6631871061618 0
v 303.40915396590265 309.90077670681205 0
v 303.58142601471303 309.8397806895298 0
v 267.6381742557946 322.9220538961728 0
v 231.69492249687613 336.00432710281586 0
v 195.75167073795768 349.08660030945885 0
v 159.80841897903923 362.1688735161019 0
v 123.86516722012078 375.2511467227449 0
v 87.92191546120233 388.3334199293879 0
v 51.97866370228388 401.41569313603094 0
v 16.035411943365432 414.497966342674 0
v 16.035411943365432 414.497966342674 0
v 15.587741691525563 413.2680019941842 0
v 15.140071439685695 412.0380376456944 0
v 14.692401187845826 410.8080732972046 0
v 14.244730936005958 409.57810894871477 0
v 13.797060684166087 408.348144600225 0
v 13.349390432326219 407.1181802517352 0
v 12.90172018048635 405.8882159032454 0
v 12.454049928646482 404.6582515547556 0
v 12.454049928646482 404.6582515547556 0
v 48.39730131256482 391.5759783481126 0
v 84.34055269648316 378.4937051414696 0
v 120.2838040804015 365.41143193482657 0
v 156.22705546431982 352.32915872818353 0
v 192.17030684823814 339.2468855215405 0
v 228.1135582321565 326.16461231489745 0
v 264.0568096160749 313.0823391082545 0
v 300.0000609999932 300.00006590161144 0
v 300.0000609999932 300.00006590161144 0
v 300.44773162683316 301.2300302501012 0
v 300.8954022536732 302.45999459859104 0
v 301.34307288051315 303.6899589470808 0
v 301.7907435073531 304.9199232955706 0
v 302.2384141341931 306.1498876440604 0
v 302.68608476103304 307.3798519925502 0
v 303.13375538787307 308.60981634104 0
v 303.58142601471303 309.8397806895298 0
v 303.75260606321405 309.77576667139255 0
v 268.04314602053654 323.4833435552049 0
v 232.3336859778591 337.19092043901725 0
v 196.62422593518158 350.8984973228296 0
v 160.9147658925041 364.60607420664195 0
v 125.20530584982663 378.3136510904543 0
v 89.49584580714912 392.02122797426665 0
v 53.786385764471646 405.728804858079 0
v 18.07692572179417 419.43638174189135 0
v 18.076925721794172 419.43638174189135 0
v 17.607857738891614 418.2144183956685 0
v 17.138789755989055 416.99245504944565 0
v 16.6697217730865 415.7704917032228 0
v 16.200653790183942 414.5485283569999 0
v 15.731585807281384 413.3265650107771 0
v 15.262517824378826 412.1046016645542 0
v 14.793449841476267 410.8826383183314 0
v 14.32438185857371 409.6606749721085 0
v 14.32438185857371 409.6606749721085 0
v 50.033841751251146 395.95309733829595 0
v 85.74330164392859 382.2455197044834 0
v 121.45276153660602 368.5379420706708 0
v 157.16222142928345 354.83036443685825 0
v 192.8716813219609 341.1227868030457 0
v 228.5811412146383 327.4152091692331 0
v 264.29060110731575 313.70763153542055 0
v 300.0000609999932 300.000053901608 0
v 300.0000609999932 300.000053901608 0
v 300.4691291328958 301.2220179978311 0
v 300.9381972657984 302.44398209405415 0
v 301.40726539870104 303.6659461902772 0
v 301.8763335316036 304.8879102865003 0
v 302.3454016645062 306.1098743827233 0
v 302.81446979740883 307.3318384789464 0
v 303.28353793031147 308.55380257516947 0
v 303.75260606321405 309.77576667139255 0
v 303.9226521113937 309.7087706524103 0
v 268.4578604380389 324.037475962209 0
v 232.9930687646841 338.3661812720077 0
v 197.52827709132933 352.6948865818064 0
v 162.06348541797453 367.02359189160507 0
v 126.59869374461974 381.35229720140376 0
v 91.13390207126497 395.68100251120245 0
v 55.669110397910174 410.00970782100114 0
v 20.204318724555378 424.33841313079984 0
v 20.204318724555353 424.33841313079984 0
v 19.71399603563063 423.12482128694893 0
v 19.223673346705908 421.91122944309797 0
v 18.733350657781184 420.69763759924706 0
v 18.24302796885646 419.4840457553961 0
v 17.75270527993174 418.2704539115452 0
v 17.262382591007015 417.0568620676943 0
v 16.772059902082294 415.8432702238433 0
v 16.28173721315757 414.6296783799924 0
v 16.28173721315757 414.6296783799924 0
v 51.74652843651224 400.3009730701937 0
v 87.21131965986692 385.972267760395 0
v 122.6761108832216 371.64356245059633 0
v 158.14090210657628 357.3148571407977 0
v 193.60569332993094 342.986151830999 0
v 229.0704845532856 328.6574465212003 0
v 264.5352757766403 314.3287412114016 0
v 300.00006699999494 300.0000359016029 0
v 300.00006699999494 300.0000359016029 0
v 300.4903901389198 301.21362774545383 0
v 300.98071327784464 302.42721958930474 0
v 301.4710364167695 303.6408114331557 0
v 301.96135955569434 304.8544032770066 0
v 302.45168269461914 306.0679951208575 0
v 302.942005833544 307.2815869647085 0
v 303.43232897246884 308.4951788085594 0
v 303.9226521113937 309.7087706524103 0
v 304.09149215923173 309.63884063259684 0
v 268.8821722332606 324.5843093671451 0
v 233.67285230728942 339.5297781016934 0
v 198.46353238131826 354.47524683624164 0
v 163.2542124553471 369.4207155707899 0
v 128.04489252937594 384.3661843053382 0
v 92.83557260340478 399.31165303988644 0
v 57.62625267743363 414.2571217744347 0
v 22.41693275146247 429.202590508983 0
v 22.416932751462483 429.202590508983 0
v 21.905504606557884 427.9977414176092 0
v 21.394076461653285 426.7928923262354 0
v 20.882648316748682 425.5880432348616 0
v 20.371220171844083 424.3831941434878 0
v 19.859792026939484 423.17834505211397 0
v 19.34836388203488 421.97349596074014 0
v 18.836935737130283 420.76864686936636 0
v 18.325507592225684 419.56379777799253 0
v 18.325507592225684 419.56379777799253 0
v 53.53482676819662 404.61832904344425 0
v 88.74414594416757 389.67286030889596 0
v 123.9534651201385 374.7273915743477 0
v 159.16278429610944 359.78192283979945 0
v 194.37210347208037 344.83645410525116 0
v 229.58142264805133 329.8909853707029 0
v 264.7907418240223 314.9455166361546 0
v 300.0000609999932 300.0000479016063 0
v 300.0000609999932 300.0000479016063 0
v 300.51148989489803 301.20489699298014 0
v 301.0229187898028 302.40974608435397 0
v 301.53434768470765 303.61459517572774 0
v 302.0457765796125 304.8194442671016 0
v 302.5572054745173 306.0242933584754 0
v 303.0686343694221 307.2291424498492 0
v 303.5800632643269 308.433991541223 0
v 304.09149215923173 309.63884063259684 0
v 304.25907820671443 309.5659406119418 0
v 269.31595608116595 325.1236202699498 0
v 234.3728339556175 340.6812999279578 0
v 199.42971183006904 356.2389795859658 0
v 164.48658970452055 371.79665924397375 0
v 129.54346757897207 387.3543389019818 0
v 94.60034545342361 402.91201855998975 0
v 59.65722332787516 418.46969821799775 0
v 24.714101202326674 434.02737787600574 0
v 24.71410120232669 434.02737787600574 0
v 24.18172345148637 432.83163828721297 0
v 23.64934570064605 431.6358986984202 0
v 23.116967949805733 430.44015910962736 0
v 22.58459019896541 429.2444195208346 0
v 22.05221244812509 428.0486799320418 0
v 21.51983469728477 426.852940343249 0
v 20.987456946444453 425.6572007544562 0
v 20.45507919560413 424.4614611656634 0
v 20.45507919560413 424.4614611656634 0
v 55.398201171152564 408.9037807576552 0
v 90.34132314670099 393.34610034964703 0
v 125.28444512224942 377.78841994163884 0
v 160.22756709779785 362.23073953363064 0
v 195.17068907334627 346.67305912562244 0
v 230.11381104889472 331.1153787176142 0
v 265.05693302444314 315.557698309606 0
v 300.00005499999156 300.0000179015978 0
v 300.00005499999156 300.0000179015978 0
v 300.5324329008319 301.1957582403908 0
v 301.06481080167225 302.3914985791838 0
v 301.59718870251265 303.58723891797683 0
v 302.129566603353 304.7829792567698 0
v 302.66194450419334 305.9787195955628 0
v 303.19432240503374 307.1744599343558 0
v 303.7267003058741 308.37020027314884 0
v 304.25907820671443 309.5659406119418 0
v 304.42538025383334 309.49016659047254 0
v 269.7590984317229 325.6553186705977 0
v 235.09281660961253 341.8204707507228 0
v 200.42653478750213 357.9856228308479 0
v 165.76025296539171 374.15077491097304 0
v 131.0939711432813 390.3159269910982 0
v 96.4276893211709 406.4810790712233 0
v 61.76140749906051 422.6462311513484 0
v 27.09512567695009 438.81138323147354 0
v 27.0951256769501 438.81138323147354 0
v 26.541960470220005 437.62511689536484 0
v 25.988795263489905 436.43885055925614 0
v 25.43563005675981 435.25258422314744 0
v 24.882464850029713 434.06631788703874 0
v 24.329299643299613 432.88005155093 0
v 23.776134436569517 431.6937852148213 0
v 23.222969229839418 430.5075188787126 0
v 22.66980402310932 429.3212525426039 0
v 22.66980402310932 429.3212525426039 0
v 57.3360853952196 413.1561004624788 0
v 92.00236676732987 396.9909483823536 0
v 126.66864813944015 380.8257963022285 0
v 161.33492951155043 364.66064422210343 0
v 196.00121088366072 348.4954921419783 0
v 230.66749225577098 332.3303400618532 0
v 265.3337736278812 316.1651879817281 0
v 300.00005499999156 300.0000359016029 0
v 300.00005499999156 300.0000359016029 0
v 300.5532206567218 301.18630223771163 0
v 301.106386313452 302.37256857382033 0
v 301.65955197018224 303.55883490992903 0
v 302.2127176269124 304.74510124603773 0
v 302.76588328364267 305.93136758214644 0
v 303.3190489403729 307.11763391825514 0
v 303.8722145971031 308.30390025436384 0
v 304.42538025383334 309.49016659047254 0
v 304.590326300568 309.41147056817533 0
v 270.21144575988797 326.1791705690223 0
v 235.83256521920788 342.9468705698693 0
v 201.45368467852782 359.7145705707163 0
v 167.07480413784776 376.4822705715633 0
v 132.6959235971677 393.24997057241023 0
v 98.31704305648765 410.01767057325725 0
v 63.93816251580759 426.78537057410426 0
v 29.559281975127533 443.5530705749512 0
v 29.559281975127522 443.5530705749512 0
v 28.985497762555376 442.376638991629 0
v 28.411713549983226 441.2002074083068 0
v 27.83792933741108 440.0237758249846 0
v 27.264145124838933 438.8473442416624 0
v 26.690360912266783 437.6709126583403 0
v 26.116576699694637 436.4944810750181 0
v 25.54279248712249 435.3180494916959 0
v 24.96900827455034 434.1416179083737 0
v 24.96900827455034 434.1416179083737 0
v 59.347889115230494 417.3739171575265 0
v 93.72676995591064 400.6062164066793 0
v 128.1056507965908 383.8385156558321 0
v 162.48453163727095 367.0708149049849 0
v 196.8634124779511 350.30311415413775 0
v 231.24229331863125 333.53541340329053 0
v 265.6211741593114 316.7677126524434 0
v 300.00005499999156 300.00001190159617 0
v 300.00005499999156 300.00001190159617 0
v 300.5738389125636 301.17644423491856 0
v 301.14762282513567 302.35287656824096 0
v 301.72140673770775 303.52930890156335 0
v 302.2951906502798 304.70574123488575 0
v 302.8689745628518 305.88217356820815 0
v 303.4427584754239 307.05860590153054 0
v 304.01654238799597 308.23503823485294 0
v 304.590326300568 309.41147056817533 0
v 304.75388634691 309.329936545074 0
v 270.672877915627 326.69507696519577 0
v 236.59186948434404 344.0602173853175 0
v 202.51086105306103 361.4253578054392 0
v 168.42985262177805 378.79049822556095 0
v 134.34884419049507 396.1556386456827 0
v 100.26783575921206 413.5207790658044 0
v 66.18682732792908 430.88591948592614 0
v 32.1058188966461 448.2510599060479 0
v 32.10581889664611 448.2510599060479 0
v 31.51159057828147 447.0848215756138 0
v 30.91736225991683 445.91858324517966 0
v 30.323133941552186 444.75234491474555 0
v 29.728905623187543 443.58610658431144 0
v 29.1346773048229 442.4198682538774 0
v 28.54044898645826 441.25362992344327 0
v 27.946220668093616 440.08739159300916 0
v 27.351992349728974 438.92115326257505 0
v 27.351992349728974 438.92115326257505 0
v 61.4330001810118 421.5560120924531 0
v 95.51400801229462 404.19087092233116 0
v 129.59501584357747 386.8257297522092 0
v 163.6760236748603 369.46058858208727 0
v 197.7570315061431 352.0954474119653 0
v 231.83803933742593 334.7303062418434 0
v 265.91904716870874 317.36516507172144 0
v 300.00005499999156 300.0000239015995 0
v 300.00005499999156 300.0000239015995 0
v 300.5942839183564 301.1662629820338 0
v 301.1885128367212 302.3325020624681 0
v 301.78274175508596 303.4987411429024 0
v 302.3769706734508 304.6649802233368 0
v 302.9711995918156 305.8312193037711 0
v 303.56542851018037 306.9974583842054 0
v 304.1596574285452 308.1636974646397 0
v 304.75388634691 309.329936545074 0
v 304.9159883928389 309.2455585211669 0
v 271.14323469889473 327.20284960906463 0
v 237.3704810049506 345.16014069696234 0
v 203.59772731100642 363.11743178486 0
v 169.82497361706226 381.0747228727577 0
v 136.0522199231181 399.03201396065543 0
v 102.27946622917392 416.9893050485531 0
v 68.50671253522975 434.9465961364508 0
v 34.733958841285585 452.9038872243485 0
v 34.733958841285556 452.9038872243485 0
v 34.11946731717968 451.74819689690304 0
v 33.50497579307379 450.59250656945756 0
v 32.89048426896791 449.436816242012 0
v 32.27599274486202 448.28112591456653 0
v 31.661501220756143 447.12543558712105 0
v 31.04700969665026 445.9697452596755 0
v 30.432518172544377 444.81405493223 0
v 29.818026648438494 443.65836460478454 0
v 29.818026648438494 443.65836460478454 0
v 63.590780192382624 425.7010727668866 0
v 97.36353373632676 407.7437809289887 0
v 131.1362872802709 389.7864890910908 0
v 164.90904082421503 371.8291972531929 0
v 198.68179436815916 353.8719054152949 0
v 232.4545479121033 335.914613577397 0
v 266.2273014560474 317.9573217394991 0
v 300.00005499999156 300.0000299016012 0
v 300.00005499999156 300.0000299016012 0
v 300.6145466740975 301.1557209790469 0
v 301.2290383482034 302.3114120564926 0
v 301.8435300223093 303.46710313393834 0
v 302.45802169641524 304.6227942113841 0
v 303.07251337052116 305.77848528882976 0
v 303.6870050446271 306.9341763662755 0
v 304.301496718733 308.0898674437212 0
v 304.9159883928389 309.2455585211669 0
v 305.07659643834455 309.1583424964557 0
v 271.6223844846538 327.70231450057963 0
v 238.16817253096315 346.24628650470356 0
v 204.71396057727242 364.79025850882743 0
v 171.25974862358171 383.33423051295136 0
v 137.805536669891 401.8782025170753 0
v 104.35132471620028 420.42217452119917 0
v 70.89711276250958 438.9661465253231 0
v 37.44290080881888 457.510118529447 0
v 37.44290080881889 457.510118529447 0
v 36.80833327902481 456.3653279550898 0
v 36.173765749230725 455.22053738073254 0
v 35.53919821943664 454.0757468063753 0
v 34.90463068964256 452.93095623201805 0
v 34.27006315984848 451.78616565766083 0
v 33.6354956300544 450.6413750833036 0
v 33.00092810026032 449.49658450894634 0
v 32.366360570466234 448.3517939345891 0
v 32.366360570466234 448.3517939345891 0
v 65.82057237415691 429.8078219304652 0
v 99.27478417784758 411.2638499263413 0
v 132.72899598153825 392.7198779222174 0
v 166.18320778522892 374.17590591809346 0
v 199.63741958891958 355.63193391396953 0
v 233.09163139261025 337.0879619098456 0
v 266.5458431963009 318.54398990572173 0
v 300.00005499999156 300.0000179015978 0
v 300.00005499999156 300.0000179015978 0
v 300.6346226797857 301.144808475955 0
v 301.2691903595798 302.2895990503123 0
v 301.90375803937394 303.4343896246695 0
v 302.53832571916803 304.5791801990267 0
v 303.1728933989622 305.723970773384 0
v 303.8074610787563 306.8687613477412 0
v 304.4420287585504 308.0135519220985 0
v 305.07659643834455 309.1583424964557 0
v 305.2356624834132 309.06831847094895 0
v 272.11018229786316 328.19332313969875 0
v 238.98470211231307 347.31832780844854 0
v 205.859221926763 366.44333247719834 0
v 172.73374174121295 385.56833714594814 0
v 139.6082615556629 404.6933418146979 0
v 106.48278137011283 423.81834648344767 0
v 73.35730118456277 442.94335115219747 0
v 40.23182099901271 462.06835582094726 0
v 40.231820999012726 462.06835582094726 0
v 39.577370813585226 460.9348144997773 0
v 38.922920628157726 459.80127317860735 0
v 38.26847044273023 458.6677318574374 0
v 37.61402025730273 457.5341905362675 0
v 36.95957007187522 456.40064921509753 0
v 36.30511988644772 455.2671078939276 0
v 35.65066970102022 454.1335665727576 0
v 34.99621951559272 453.00002525158766 0
v 34.99621951559272 453.00002525158766 0
v 68.12169970114277 433.87502058283786 0
v 101.24717988669283 414.75001591408807 0
v 134.3726600722429 395.62501124533827 0
v 167.49814025779295 376.5000065765885 0
v 200.62362044334301 357.37500190783874 0
v 233.74910062889307 338.24999723908894 0
v 266.87458081444316 319.12499257033915 0
v 300.0000609999932 299.99998790158935 0
v 300.0000609999932 299.99998790158935 0
v 300.6545111854207 301.1335292227593 0
v 301.3089613708482 302.26707054392926 0
v 301.9634115562757 303.4006118650992 0
v 302.6178617417032 304.5341531862691 0
v 303.2723119271307 305.6676945074391 0
v 303.9267621125582 306.80123582860904 0
v 304.5812122979857 307.934777149779 0
v 305.2356624834132 309.06831847094895 0
v 305.3931325280297 308.9755524446652 0
v 272.60647438847917 328.67576377639017 0
v 239.81981624892867 348.37597510811514 0
v 207.03315810937818 368.0761864398401 0
v 174.24649996982765 387.77639777156503 0
v 141.45984183027713 407.47660910329 0
v 108.67318369072663 427.176820435015 0
v 75.88652555117613 446.87703176673995 0
v 43.09986741162561 466.5772430984649 0
v 43.09986741162564 466.5772430984649 0
v 42.42573384562118 465.45529603058003 0
v 41.751600279616724 464.33334896269514 0
v 41.077466713612274 463.2114018948102 0
v 40.40333314760782 462.0894548269253 0
v 39.72919958160336 460.9675077590404 0
v 39.05506601559891 459.84556069115547 0
v 38.380932449594454 458.7236136232706 0
v 37.70679888359 457.6016665553857 0
v 37.70679888359 457.6016665553857 0
v 70.4934566481404 437.9014552236607 0
v 103.28011441269079 418.20124389193575 0
v 136.0667721772412 398.5010325602108 0
v 168.8534299417916 378.8008212284858 0
v 201.640087706342 359.10060989676083 0
v 234.4267454708924 339.40039856503586 0
v 267.2134032354428 319.7001872333109 0
v 300.0000609999932 299.9999759015859 0
v 300.0000609999932 299.9999759015859 0
v 300.6741949409978 301.1219229694708 0
v 301.3483288820023 302.24387003735575 0
v 302.0224628230069 303.36581710524064 0
v 302.6965967640115 304.4877641731256 0
v 303.370730705016 305.6097112410105 0
v 304.0448646460206 306.73165830889536 0
v 304.7189985870251 307.8536053767803 0
v 305.3931325280297 308.9755524446652 0
v 305.5489585721804 308.88006241760974 0
v 273.1111099314592 329.14947891060945 0
v 240.67326129073808 349.41889540360916 0
v 208.23541265001688 369.68831189660887 0
v 175.7975640092957 389.9577283896086 0
v 143.35971536857454 410.2271448826083 0
v 110.92186672785334 430.496561375608 0
v 78.48401808713217 450.7659778686077 0
v 46.046169446411 471.0353943616074 0
v 46.046169446410985 471.0353943616074 0
v 45.352557924887776 469.92538354710445 0
v 44.65894640336457 468.8153727326015 0
v 43.96533488184136 467.7053619180985 0
v 43.27172336031815 466.59535110359553 0
v 42.57811183879494 465.48534028909256 0
v 41.88450031727173 464.3753294745896 0
v 41.19088879574852 463.2653186600866 0
v 40.49727727422531 462.15530784558365 0
v 40.49727727422531 462.15530784558365 0
v 72.9351252399463 441.88589060258374 0
v 105.37297320566728 421.6164733595838 0
v 137.81082117138828 401.3470561165839 0
v 170.24866913710923 381.07763887358396 0
v 202.68651710283024 360.808221630584 0
v 235.12436506855124 340.5388043875841 0
v 267.5622130342722 320.26938714458413 0
v 300.0000609999932 299.9999699015842 0
v 300.0000609999932 299.9999699015842 0
v 300.6936731965166 301.1099814660874 0
v 301.38728539304 302.2199930305906 0
v 302.0808975895634 303.3300045950938 0
v 302.7745097860868 304.440016159597 0
v 303.4681219826102 305.5500277241002 0
v 304.16173417913365 306.66003928860334 0
v 304.855346375657 307.77005085310657 0
v 305.5489585721804 308.88006241760974 0
v 305.70309261585174 308.78187838979096 0
v 273.62393465175955 329.6143260423161 0
v 241.54477668766737 350.4467736948413 0
v 209.46561872357518 371.27922134736644 0
v 177.386460759483 392.1116689998916 0
v 145.3073027953908 412.94411665241677 0
v 113.22814483129861 433.7765643049419 0
v 81.14898686720642 454.6090119574671 0
v 49.06982890311423 475.44145960999225 0
v 49.06982890311425 475.44145960999225 0
v 48.35695070113215 474.34372329896706 0
v 47.64407249915005 473.2459869879418 0
v 46.93119429716795 472.14825067691663 0
v 46.218316095185855 471.05051436589144 0
v 45.505437893203755 469.95277805486626 0
v 44.792559691221655 468.85504174384107 0
v 44.079681489239555 467.7573054328158 0
v 43.366803287257454 466.65956912179064 0
v 43.366803287257454 466.65956912179064 0
v 75.44596050134942 445.8271207192653 0
v 107.52511771544138 424.99467231673987 0
v 139.60427492953335 404.1622239142145 0
v 171.6834321436253 383.32977551168915 0
v 203.76258935771727 362.4973271091638 0
v 235.84174657180924 341.66487870663843 0
v 267.9209037859012 320.832430304113 0
v 300.00006099999314 299.99998190158766 0
v 300.0000609999932 299.99998190158766 0
v 300.7129399519755 301.09771896261304 0
v 301.42581890395786 302.1954560236385 0
v 302.13869785594017 303.2931930846639 0
v 302.85157680792247 304.3909301456893 0
v 303.5644557599048 305.4886672067147 0
v 304.2773347118871 306.58640426774014 0
v 304.99021366386944 307.6841413287656 0
v 305.70309261585174 308.78187838979096 0
v 305.85548665903 308.6810003612088 0
v 274.14479134933555 330.0701341714617 0
v 242.4340960396411 351.45926798171456 0
v 210.72340072994663 372.8484017919674 0
v 179.0127054202522 394.2375356022203 0
v 147.30201011055772 415.6266694124731 0
v 115.59131480086324 437.015803222726 0
v 83.8806194911688 458.40493703297886 0
v 52.16992418147433 479.79407084323174 0
v 52.169924181474336 479.79407084323174 0
v 51.43799642409486 478.70894278577885 0
v 50.70606866671539 477.623814728326 0
v 49.974140909335915 476.5386866708732 0
v 49.24221315195645 475.4535586134203 0
v 48.510285394576975 474.3684305559674 0
v 47.7783576371975 473.28330249851456 0
v 47.04642987981803 472.1981744410617 0
v 46.314502122438554 471.11304638360883 0
v 46.314502122438554 471.11304638360883 0
v 78.02519698213288 449.72391257335596 0
v 109.73589184182721 428.3347787631031 0
v 141.44658670152154 406.9456449528502 0
v 173.15728156121588 385.5565111425974 0
v 204.86797642091022 364.1673773323445 0
v 236.5786712806045 342.77824352209166 0
v 268.28936614029885 321.3891097118388 0
v 300.0000609999932 299.9999759015859 0
v 300.0000609999932 299.9999759015859 0
v 300.7319892073728 301.08510395903875 0
v 301.4639174147524 302.17023201649164 0
v 302.195845622132 303.25536007394453 0
v 302.9277738295116 304.34048813139736 0
v 303.6597020368912 305.4256161888502 0
v 304.3916302442708 306.5107442463031 0
v 305.1235584516504 307.595872303756 0
v 305.85548665903 308.6810003612088 0
v 306.0060987017034 308.5775123318872 0
v 274.6735252991435 330.5168162980216 0
v 243.34095189658353 352.4561202641559 0
v 212.00837849402356 374.3954242302903 0
v 180.67580509146362 396.33472819642463 0
v 149.34323168890367 418.274032162559 0
v 118.0106582863437 440.2133361286934 0
v 86.67808488378375 462.1526400948278 0
v 55.34551148122381 484.09194406096213 0
v 55.34551148122381 484.09194406096213 0
v 54.59475706851012 483.0197557571755 0
v 53.84400265579643 481.94756745338896 0
v 53.09324824308274 480.87537914960234 0
v 52.34249383036905 479.8031908458157 0
v 51.59173941765537 478.73100254202916 0
v 50.84098500494168 477.65881423824254 0
v 50.09023059222799 476.586625934456 0
v 49.3394761795143 475.51443763066936 0
v 49.3394761795143 475.51443763066936 0
v 80.67204928207417 453.575133664535 0
v 112.00462238463402 431.6358296984006 0
v 143.3371954871939 409.69652573226625 0
v 174.66976858975374 387.75722176613186 0
v 206.00234169231362 365.8179177999975 0
v 237.33491479487347 343.87861383386314 0
v 268.6674878974333 321.93930986772875 0
v 300.0000609999932 300.00000590159436 0
v 300.0000609999932 300.00000590159436 0
v 300.750815712707 301.072194205381 0
v 301.50157042542077 302.1443825091676 0
v 302.25232513813455 303.21657081295416 0
v 303.0030798508483 304.2887591167408 0
v 303.75383456356207 305.3609474205274 0
v 304.50458927627585 306.43313572431396 0
v 305.25534398898964 307.5053240281006 0
v 306.0060987017034 308.5775123318872 0
v 306.15488674386 308.471396301821 0
v 275.20997862613854 330.9541871719433 0
v 244.26507050841704 353.43697804206556 0
v 213.32016239069554 375.9197689121878 0
v 182.37525427297408 398.4025597823101 0
v 151.4303461552526 420.8853506524324 0
v 120.48543803753111 443.36814152255465 0
v 89.54052991980961 465.8509323926769 0
v 58.59562180208815 488.3337232627992 0
v 58.59562180208814 488.3337232627992 0
v 57.826269409105024 487.2748002127711 0
v 57.05691701612191 486.21587716274297 0
v 56.28756462313879 485.15695411271486 0
v 55.518212230155676 484.0980310626868 0
v 54.74885983717256 483.0391080126587 0
v 53.979507444189444 481.9801849626306 0
v 53.21015505120633 480.92126191260246 0
v 52.44080265822321 479.86233886257435 0
v 52.44080265822321 479.86233886257435 0
v 83.38571070094468 457.37954724245185 0
v 114.33061874366615 434.89675562232935 0
v 145.27552678638762 412.41396400220685 0
v 176.22043482910908 389.93117238208436 0
v 207.16534287183055 367.44838076196186 0
v 238.110250914552 344.96558914183936 0
v 269.0551589572735 322.48279752171686 0
v 300.00006699999494 300.00000590159436 0
v 300.00006699999494 300.00000590159436 0
v 300.7694194679781 301.0589297016227 0
v 301.5387719359612 302.11785350165104 0
v 302.30812440394436 303.17677730167935 0
v 303.0774768719275 304.2357011017077 0
v 303.8468293399106 305.29462490173603 0
v 304.6161818078937 306.35354870176434 0
v 305.38553427587686 307.4124725017927 0
v 306.15488674386 308.471396301821 0
v 306.30179678548456 308.3626942710221 0
v 275.7539806302724 331.38212454319216 0
v 245.2061644750603 354.40155481536226 0
v 214.65834831984816 377.42098508753236 0
v 184.11053216463603 400.4404153597024 0
v 153.5627160094239 423.45984563187244 0
v 123.01489985421176 446.47927590404254 0
v 92.46708369899963 469.49870617621264 0
v 61.9192675437875 492.5181364483827 0
v 61.919267543787505 492.5181364483827 0
v 61.13155169560141 491.47280265220485 0
v 60.34383584741532 490.427468856027 0
v 59.556119999229225 489.3821350598492 0
v 58.76840415104313 488.33680126367136 0
v 57.98068830285704 487.29146746749353 0
v 57.192972454670944 486.2461336713157 0
v 56.405256606484855 485.2007998751379 0
v 55.61754075829876 484.15546607896005 0
v 55.61754075829876 484.15546607896005 0
v 86.16535653851078 461.13603505678975 0
v 116.7131723187228 438.1166040346195 0
v 147.26098809893483 415.0971730124492 0
v 177.80880387914686 392.0777419902789 0
v 208.35661965935887 369.05831096810863 0
v 238.9044354395709 346.03887994593833 0
v 269.4522512197829 323.0194489237681 0
v 300.00006699999494 300.0000179015978 0
v 300.00006699999494 300.0000179015978 0
v 300.7877832231811 301.0453524477758 0
v 301.57549944636736 302.0906869939539 0
v 302.36321566955354 303.13602154013194 0
v 303.1509318927398 304.18135608630996 0
v 303.93864811592596 305.226690632488 0
v 304.72636433911214 306.272025178666 0
v 305.5140805622984 307.3173597248441 0
v 306.30179678548456 308.3626942710221 0
v 306.446786826565 308.25145423950414 0
v 276.30536803649875 331.8005114117351 0
v 246.16394924643254 355.3495685839661 0
v 216.0225304563663 378.8986257561971 0
v 185.88111166630006 402.4476829284281 0
v 155.73969287623382 425.99674010065905 0
v 125.59827408616758 449.54579727289 0
v 95.45685529610134 473.094854445121 0
v 65.3154365060351 496.643911617352 0
v 65.31543650603511 496.643911617352 0
v 64.50959667771389 495.61248432511434 0
v 63.70375684939267 494.58105703287663 0
v 62.89791702107145 493.549629740639 0
v 62.092077192750224 492.5182024484013 0
v 61.286237364429006 491.4867751561637 0
v 60.48039753610779 490.455347863926 0
v 59.67455770778656 489.4239205716883 0
v 58.86871787946534 488.39249327945066 0
v 58.86871787946534 488.39249327945066 0
v 89.01013651953154 464.8434361072197 0
v 119.15155515959773 441.29437893498874 0
v 149.29297379966394 417.7453217627577 0
v 179.43439243973015 394.19626459052677 0
v 209.57581107979635 370.6472074182958 0
v 239.71722971986253 347.09815024606485 0
v 269.85864835992874 323.5490930738339 0
v 300.00006699999494 300.0000359016029 0
v 300.00006699999494 300.0000359016029 0
v 300.8059069783162 301.0314631938406 0
v 301.6117469566375 302.06289048607823 0
v 302.4175869349587 303.0943177783159 0
v 303.22342691328 304.12574507055353 0
v 304.02926689160125 305.1571723627912 0
v 304.83510686992247 306.18859965502884 0
v 305.64094684824374 307.2200269472665 0
v 306.446786826565 308.25145423950414 0
v 306.5898088670879 308.1377062072755 0
v 276.8639681947688 332.20921652753486 0
v 247.13812752244965 356.2807268477942 0
v 217.4122868501305 380.35223716805353 0
v 187.68644617781138 404.42374748831287 0
v 157.96060550549225 428.4952578085722 0
v 128.2347648331731 452.5667681288315 0
v 98.50892416085395 476.6382784490908 0
v 68.78308348853483 500.70978876935015 0
v 68.78308348853481 500.70978876935015 0
v 67.95936575514818 499.6925822311417 0
v 67.13564802176157 498.67537569293324 0
v 66.31193028837494 497.6581691547248 0
v 65.48821255498831 496.6409626165164 0
v 64.66449482160169 495.62375607830796 0
v 63.84077708821506 494.60654954009954 0
v 63.01705935482843 493.58934300189105 0
v 62.19334162144181 492.5721364636826 0
v 62.19334162144181 492.5721364636826 0
v 91.91918229376095 468.5006253934231 0
v 121.64502296608009 444.42911432316356 0
v 151.37086363839924 420.357603252904 0
v 181.09670431071837 396.28609218264444 0
v 210.82254498303752 372.21458111238496 0
v 240.54838565535667 348.1430700421254 0
v 270.27422632767576 324.07155897186584 0
v 300.00006699999494 300.0000479016063 0
v 300.00006699999494 300.0000479016063 0
v 300.82378473338156 301.01725518981493 0
v 301.6475024667682 302.0344624780236 0
v 302.4712202001548 303.0516697662323 0
v 303.2949379335414 304.0688770544409 0
v 304.1186556669281 305.08608434264954 0
v 304.9423734003147 306.1032916308582 0
v 305.7660911337013 307.1204989190669 0
v 306.5898088670879 308.1377062072755 0
v 306.7308329070447 308.0214441743346 0
v 277.4296251050382 332.6080756405449 0
v 248.12841730303165 357.1947071067551 0
v 218.82720950102515 381.7813385729654 0
v 189.52600169901862 406.3679700391757 0
v 160.2247938970121 430.954601505386 0
v 130.9235860950056 455.5412329715963 0
v 101.62237829299906 480.1278644378065 0
v 72.32117049099253 504.7144959040168 0
v 72.32117049099251 504.7144959040168 0
v 71.4798255026115 503.71181986992536 0
v 70.63848051423048 502.70914383583386 0
v 69.79713552584947 501.7064678017424 0
v 68.95579053746846 500.70379176765096 0
v 68.11444554908745 499.7011157335595 0
v 67.27310056070644 498.69843969946805 0
v 66.43175557232541 497.69576366537655 0
v 65.5904105839444 496.6930876312851 0
v 65.5904105839444 496.6930876312851 0
v 94.89161763595072 472.1064554150746 0
v 124.19282468795704 447.5198231988641 0
v 153.49403173996336 422.9331909826536 0
v 182.79523879196967 398.34655876644314 0
v 212.09644584397597 373.75992655023265 0
v 241.39765289598233 349.17329433402216 0
v 270.69885994798864 324.58666211781167 0
v 300.00006699999494 300.0000299016012 0
v 300.00006699999494 300.0000299016012 0
v 300.84141273837616 301.00270668569283 0
v 301.6827584767574 302.00538346978453 0
v 302.5241042151386 303.00806025387624 0
v 303.3654499535198 304.0107370379679 0
v 304.20679569190105 305.01341382205953 0
v 305.04814143028227 306.01609060615124 0
v 305.8894871686635 307.01876739024294 0
v 306.7308329070447 308.0214441743346 0
v 306.8697989464184 307.9027461407035 0
v 278.00214976725346 332.99701075074313 0
v 249.1345005880885 358.0912753607828 0
v 220.26685140892357 383.18553997082245 0
v 191.3992022297586 408.27980458086205 0
v 162.53155305059366 433.37406919090165 0
v 133.66390387142872 458.4683338009413 0
v 104.79625469226374 483.56259841098097 0
v 75.9286055130988 508.65686302102057 0
v 75.9286055130988 508.65686302102057 0
v 75.06988976979608 507.66902274113255 0
v 74.21117402649335 506.6811824612446 0
v 73.35245828319063 505.69334218135657 0
v 72.4937425398879 504.70550190146855 0
v 71.63502679658518 503.71766162158053 0
v 70.77631105328246 502.7298213416925 0
v 69.91759530997973 501.74198106180455 0
v 69.058879566677 500.75414078191653 0
v 69.058879566677 500.75414078191653 0
v 97.92652799584175 475.65987617187693 0
v 126.7941764250065 450.5656115618373 0
v 155.66182485417124 425.4713469517976 0
v 184.52947328333596 400.377082341758 0
v 213.3971217125007 375.2828177317184 0
v 242.26477014166545 350.18855312167875 0
v 271.13241857083017 325.0942885116391 0
v 300.00006699999494 300.0000239015995 0
v 300.00006699999494 300.0000239015995 0
v 300.8587834932979 300.9878641814875 0
v 301.71749998660084 301.97570446137547 0
v 302.57621647990374 302.9635447412635 0
v 303.4349329732067 303.9513850211515 0
v 304.29364946650963 304.9392253010395 0
v 305.1523659598125 305.92706558092755 0
v 306.0110824531155 306.9149058608155 0
v 306.8697989464184 307.9027461407035 0
v 307.0066709851988 307.78166610639755 0
v 278.581374181367 333.3759183581003 0
v 250.15607737753518 358.97017060980306 0
v 221.73078057370338 384.5644228615058 0
v 193.30548376987156 410.1586751132086 0
v 164.88018696603973 435.75292736491133 0
v 136.45489016220793 461.3471796166141 0
v 108.02959335837613 486.94143186831684 0
v 79.6042965545443 512.5356841200196 0
v 79.6042965545443 512.5356841200196 0
v 78.72847105639381 511.5629810944205 0
v 77.85264555824332 510.59027806882136 0
v 76.97682006009285 509.61757504322225 0
v 76.10099456194236 508.64487201762313 0
v 75.22516906379187 507.67216899202396 0
v 74.34934356564139 506.69946596642484 0
v 73.4735180674909 505.7267629408257 0
v 72.59769256934041 504.7540599152266 0
v 72.59769256934041 504.7540599152266 0
v 101.02298937317222 479.15980766352385 0
v 129.44828617700404 453.5655554118211 0
v 157.87358298083586 427.9713031601184 0
v 186.2988797846677 402.37705090841564 0
v 214.7241765884995 376.7827986567129 0
v 243.14947339233132 351.18854640501013 0
v 271.5747701961631 325.5942941533074 0
v 300.00006699999494 300.0000419016046 0
v 300.00006699999494 300.0000419016046 0
v 300.87589249814545 300.97274492720373 0
v 301.7517179962959 301.94544795280285 0
v 302.6275434944464 302.91815097840197 0
v 303.50336899259685 303.8908540040011 0
v 304.37919449074735 304.8635570296002 0
v 305.25501998889786 305.8362600551993 0
v 306.1308454870483 306.80896308079843 0
v 307.0066709851988 307.78166610639755 0
v 307.1414130233757 307.658198071415 0
v 279.16712659733014 333.74464171257193 0
v 251.19284017128456 359.83108535372884 0
v 223.218553745239 385.91752899488574 0
v 195.24426731919343 412.0039726360427 0
v 167.26998089314785 438.09041627719967 0
v 139.2956944671023 464.17685991835657 0
v 111.32140804105671 490.2633035595135 0
v 83.34712161501113 516.3497472006704 0
v 83.34712161501112 516.3497472006704 0
v 82.45445411208873 515.3924784294444 0
v 81.56178660916635 514.4352096582182 0
v 80.66911910624395 513.4779408869922 0
v 79.77645160332156 512.5206721157662 0
v 78.88378410039917 511.56340334454006 0
v 77.99111659747678 510.60613457331397 0
v 77.0984490945544 509.6488658020879 0
v 76.205781591632 508.69159703086183 0
v 76.205781591632 508.69159703086183 0
v 104.18006801767758 482.60515338970487 0
v 132.15435444372315 456.51870974854796 0
v 160.12864086976873 430.432266107391 0
v 188.1029272958143 404.34582246623404 0
v 216.0772137218599 378.25937882507714 0
v 244.05150014790547 352.1729351839202 0
v 272.02578657395105 326.08649154276327 0
v 300.00007299999663 300.0000479016063 0
v 300.00007299999663 300.0000479016063 0
v 300.892740502919 300.9573166728324 0
v 301.7854080058414 301.9145854440585 0
v 302.6780755087638 302.87185421528454 0
v 303.5707430116862 303.82912298651064 0
v 304.46341051460854 304.78639175773674 0
v 305.35607801753093 305.7436605289628 0
v 306.2487455204533 306.7009293001889 0
v 307.1414130233757 307.658198071415 0
v 307.2739830609372 307.5324200357778 0
v 279.7592277650921 334.1031095641377 0
v 252.24447246924694 360.6737990924976 0
v 224.72971717340184 387.2444886208575 0
v 197.2149618775567 413.8151781492174 0
v 169.70020658171157 440.38586767757727 0
v 142.18545128586646 466.9565572059372 0
v 114.67069599002133 493.5272467342971 0
v 87.1559406941762 520.097936262657 0
v 87.15594069417621 520.097936262657 0
v 86.24670268655885 519.1563919958862 0
v 85.33746467894149 518.2148477291154 0
v 84.42822667132413 517.2733034623445 0
v 83.51898866370675 516.3317591955738 0
v 82.60975065608939 515.3902149288031 0
v 81.70051264847203 514.4486706620322 0
v 80.79127464085467 513.5071263952614 0
v 79.8820366332373 512.5655821284906 0
v 79.8820366332373 512.5655821284906 0
v 107.39679117908221 485.99489260013075 0
v 134.91154572492712 459.4242030717708 0
v 162.42630027077206 432.85351354341094 0
v 189.94105481661697 406.282824015051 0
v 217.45580936246188 379.7121344866911 0
v 244.97056390830681 353.14144495833125 0
v 272.48531845415175 326.5707554299713 0
v 300.00007299999663 300.00006590161144 0
v 300.00007299999663 300.00006590161144 0
v 300.9093117576142 300.9416101683822 0
v 301.8185505152318 301.883154435153 0
v 302.72778927284935 302.8246987019238 0
v 303.6370280304669 303.76624296869466 0
v 304.5462667880845 304.70778723546545 0
v 305.45550554570207 305.64933150223624 0
v 306.36474430331964 306.590875769007 0
v 307.2739830609372 307.5324200357778 0
v 307.4043270978681 307.4043139994811 0
v 280.3574856845985 334.4511546627504 0
v 253.31064427132893 361.4979953260198 0
v 226.26380285805936 388.54483598928914 0
v 199.21696144478977 415.5916766525585 0
v 172.1701200315202 442.63851731582787 0
v 145.12327861825065 469.6853579790972 0
v 118.07643720498106 496.7321986423666 0
v 91.0295957917115 523.7790393056359 0
v 91.0295957917115 523.7790393056359 0
v 90.10406327947736 522.8535067934018 0
v 89.17853076724323 521.9279742811677 0
v 88.25299825500909 521.0024417689335 0
v 87.32746574277496 520.0769092566994 0
v 86.40193323054082 519.1513767444653 0
v 85.47640071830668 518.2258442322311 0
v 84.55086820607255 517.300311719997 0
v 83.62533569383841 516.3747792077629 0
v 83.62533569383841 516.3747792077629 0
v 110.67217710710798 489.3279377944933 0
v 137.71901852037755 462.28109638122373 0
v 164.7658599336471 435.2342549679542 0
v 191.8127013469167 408.1874135546846 0
v 218.85954276018623 381.140572141415 0
v 245.90638417345582 354.0937307281455 0
v 272.9532255867254 327.0468893148759 0
v 300.00006699999494 300.0000479016063 0
v 300.00006699999494 300.0000479016063 0
v 300.9255995122291 300.92558116384066 0
v 301.85113202446325 301.851114426075 0
v 302.77666453669735 302.77664768830937 0
v 303.7021970489315 303.7021809505437 0
v 304.62772956116567 304.627714212778 0
v 305.55326207339976 305.55324747501237 0
v 306.4787945856339 306.4787807372467 0
v 307.4043270978681 307.4043139994811 0
v 307.532427134163 307.27396396254863 0
v 280.9617368558029 334.7887177583933 0
v 254.3910465774428 362.30347155423806 0
v 227.82035629908268 389.81822535008274 0
v 201.24966602072257 417.3329791459274 0
v 174.67897574236247 444.84773294177216 0
v 148.10828546400234 472.36248673761685 0
v 121.53759518564223 499.87724053346153 0
v 94.96690490728213 527.3919943293063 0
v 94.96690490728211 527.3919943293063 0
v 94.02536064051131 526.4827555716887 0
v 93.08381637374052 525.5735168140711 0
v 92.14227210696971 524.6642780564536 0
v 91.20072784019891 523.755039298836 0
v 90.2591835734281 522.8458005412184 0
v 89.3176393066573 521.9365617836008 0
v 88.37609503988651 521.0273230259833 0
v 87.4345507731157 520.1180842683657 0
v 87.4345507731157 520.1180842683657 0
v 114.00524105147582 492.60332972252075 0
v 140.57593132983595 465.0885751766758 0
v 167.14662160819606 437.57382063083094 0
v 193.71731188655616 410.059066084986 0
v 220.2880021649163 382.54431153914106 0
v 246.85869244327642 355.0295569932962 0
v 273.4293827216365 327.51480244745125 0
v 300.00007299999663 300.0000479016063 0
v 300.00007299999663 300.0000479016063 0
v 300.9416172667674 300.9092874092241 0
v 301.8831615335382 301.8185269168419 0
v 302.824705800309 302.7277664244597 0
v 303.7662500670798 303.6370059320775 0
v 304.70779433385064 304.54624543969527 0
v 305.64933860062143 305.45548494731304 0
v 306.5908828673922 306.36472445493087 0
v 307.532427134163 307.27396396254863 0
v 307.65822316980524 307.14141192499227 0
v 281.5717787786481 335.11569760103765 0
v 255.48533438749092 363.089983277083 0
v 229.3988899963338 391.06426895312836 0
v 203.31244560517663 419.03855462917375 0
v 177.22600121401948 447.0128403052191 0
v 151.13955682286235 474.98712598126446 0
v 125.05311243170519 502.9614116573098 0
v 98.96666804054803 530.9356973333552 0
v 98.96666804054802 530.9356973333552 0
v 98.00939851932173 530.0430290804326 0
v 97.05212899809544 529.15036082751 0
v 96.09485947686915 528.2576925745874 0
v 95.13758995564287 527.3650243216648 0
v 94.18032043441659 526.4723560687422 0
v 93.22305091319029 525.5796878158196 0
v 92.265781391964 524.687019562897 0
v 91.30851187073772 523.7943513099744 0
v 91.30851187073772 523.7943513099744 0
v 117.39495626189486 495.82006563392906 0
v 143.48140065305202 467.8457799578837 0
v 169.56784504420915 439.8714942818383 0
v 195.6542894353663 411.8972086057929 0
v 221.74073382652347 383.92292292974753 0
v 247.82717821768063 355.9486372537022 0
v 273.9136226088378 327.9743515776568 0
v 300.00006699999494 300.00006590161144 0
v 300.00006699999494 300.00006590161144 0
v 300.95733652122124 300.892734154534 0
v 301.91460604244753 301.7854024074567 0
v 302.8718755636738 302.67807066037926 0
v 303.8291450849001 303.57073891330185 0
v 304.78641460612636 304.46340716622444 0
v 305.74368412735265 305.35607541914703 0
v 306.70095364857895 306.2487436720697 0
v 307.65822316980524 307.14141192499227 0
v 307.7816912047878 307.0066698868153 0
v 282.18743820308487 335.43196594064693 0
v 256.59318520138186 363.85726199447856 0
v 230.9989321996789 392.28255804831014 0
v 205.40467919797595 420.70785410214177 0
v 179.810426196273 449.1331501559734 0
v 154.21617319457002 477.55844620980497 0
v 128.62192019286704 505.9837422636366 0
v 103.02766719116408 534.4090383174682 0
v 103.0276671911641 534.4090383174682 0
v 102.0549649155652 533.5332135693179 0
v 101.0822626399663 532.6573888211676 0
v 100.10956036436741 531.7815640730174 0
v 99.1368580887685 530.9057393248671 0
v 98.1641558131696 530.0299145767168 0
v 97.19145353757071 529.1540898285666 0
v 96.21875126197182 528.2782650804163 0
v 95.24604898637291 527.402440332266 0
v 95.24604898637291 527.402440332266 0
v 120.84030123807567 498.97714427843437 0
v 146.4345534897784 470.5518482246028 0
v 172.02880574148116 442.12655217077116 0
v 197.62305799318392 413.7012561169396 0
v 223.21731024488668 385.27596006310796 0
v 248.81156249658943 356.85066400927633 0
v 274.4058147482922 328.4253679554447 0
v 300.00006699999494 300.0000719016131 0
v 300.00006699999494 300.0000719016131 0
v 300.97277002559406 300.8758966497634 0
v 301.9454730511932 301.7517213979137 0
v 302.9181760767923 302.62754614606393 0
v 303.8908791023914 303.5033708942142 0
v 304.86358212799047 304.3791956423645 0
v 305.8362851535896 305.25502039051474 0
v 306.8089881791887 306.13084513866505 0
v 307.7816912047878 307.0066698868153 0
v 307.90278323909723 306.8697678480264 0
v 282.80851862905763 335.7374162771912 0
v 257.714254019018 364.6050647063559 0
v 232.61998940897834 393.4727131355206 0
v 207.5257247989387 422.3403615646854 0
v 182.43146018889908 451.20800999385017 0
v 157.33719557885945 480.0756584230149 0
v 132.24293096881982 508.9433068521796 0
v 107.14866635878019 537.8109552813444 0
v 107.1486663587802 537.8109552813444 0
v 106.1608260788922 536.9522387880414 0
v 105.17298579900421 536.0935222947385 0
v 104.1851455191162 535.2348058014355 0
v 103.1973052392282 534.3760893081326 0
v 102.2094649593402 533.5173728148296 0
v 101.22162467945219 532.6586563215267 0
v 100.2337843995642 531.7999398282237 0
v 99.2459441196762 530.9412233349208 0
v 99.2459441196762 530.9412233349208 0
v 124.34020872971581 502.07357490575606 0
v 149.43447333975544 473.20592647659134 0
v 174.52873794979507 444.33827804742657 0
v 199.62300255983467 415.47062961826185 0
v 224.71726716987433 386.60298118909714 0
v 249.81153177991393 357.73533275993236 0
v 274.90579638995354 328.86768433076764 0
v 300.0000609999932 300.0000359016029 0
v 300.0000609999932 300.0000359016029 0
v 300.9879012798812 300.8587523949059 0
v 301.9757415597692 301.7174688882088 0
v 302.9635818396572 302.5761853815117 0
v 303.9514221195452 303.43490187481467 0
v 304.93926239943323 304.2936183681176 0
v 305.92710267932125 305.1523348614205 0
v 306.9149429592092 306.01105135472346 0
v 307.90278323909723 306.8697678480264 0
v 308.0214692727249 306.7307718086442 0
v 283.4348363065142 336.0319788606505 0
v 258.8482033403035 365.3331859126568 0
v 234.2615703740928 394.6343929646631 0
v 209.6749374078821 423.93560001666947 0
v 185.08830444167143 453.2368070686757 0
v 160.5016714754607 482.5380141206821 0
v 135.91503850925 511.8392211726884 0
v 111.32840554303931 541.1404282246947 0
v 111.32840554303931 541.1404282246947 0
v 110.32573025894806 540.2990832363137 0
v 109.3230549748568 539.4577382479326 0
v 108.32037969076556 538.6163932595517 0
v 107.31770440667431 537.7750482711707 0
v 106.31502912258306 536.9337032827897 0
v 105.31235383849182 536.0923582944088 0
v 104.30967855440056 535.2510133060277 0
v 103.30700327030931 534.4096683176467 0
v 103.30700327030931 534.4096683176467 0
v 127.8936354865198 505.1084612656404 0
v 152.4802677027303 475.8072542136341 0
v 177.06689991894075 446.50604716162775 0
v 201.65353213515124 417.20484010962144 0
v 226.24016435136173 387.90363305761514 0
v 250.82679656757222 358.6024260056088 0
v 275.4134287837827 329.3012189536025 0
v 300.0000609999932 300.00001190159617 0
v 300.0000609999932 300.00001190159617 0
v 301.00273703408465 300.8413568899772 0
v 302.00541306817615 301.68270187835816 0
v 303.0080891022676 302.5240468667392 0
v 304.01076513635905 303.36539185512015 0
v 305.0134411704505 304.2067368435012 0
v 306.01611720454196 305.0480818318822 0
v 307.01879323863346 305.88942682026317 0
v 308.0214692727249 306.7307718086442 0
v 308.1377193056624 306.5897837686976 0
v 284.0662074854027 336.3156236910165 0
v 259.9946956651429 366.04146361333545 0
v 235.92318384488317 395.7673035356544 0
v 211.8516720246234 425.49314345797325 0
v 187.78016020436365 455.21898338029223 0
v 163.70864838410392 484.9448233026111 0
v 139.63713656384417 514.67066322493 0
v 115.56562474358441 544.396503147249 0
v 115.56562474358441 544.396503147249 0
v 114.54841745537576 543.5727854138623 0
v 113.5312101671671 542.7490676804757 0
v 112.51400287895846 541.9253499470891 0
v 111.49679559074981 541.1016322137025 0
v 110.47958830254116 540.2779144803159 0
v 109.46238101433252 539.4541967469293 0
v 108.44517372612387 538.6304790135426 0
v 107.42796643791522 537.806761280156 0
v 107.42796643791522 537.806761280156 0
v 131.49947825817497 508.0809213578371 0
v 155.5709900784347 478.3550814355182 0
v 179.64250189869446 448.62924151319925 0
v 203.71401371895422 418.9034015908803 0
v 227.78552553921395 389.1775616685614 0
v 251.8570373594737 359.45172174624247 0
v 275.9285491797334 329.72588182392354 0
v 300.0000609999932 300.0000419016046 0
v 300.0000609999932 300.0000419016046 0
v 301.0172682882019 300.82375963499123 0
v 302.0344755764105 301.64747736837785 0
v 303.0516828646191 302.47119510176447 0
v 304.0688901528278 303.2949128351511 0
v 305.0860974410365 304.11863056853775 0
v 306.1033047292451 304.94234830192437 0
v 307.12051201745373 305.766066035311 0
v 308.1377193056624 306.5897837686976 0
v 308.25148533789616 306.4467317281662 0
v 284.70242741566494 336.58815051823245 0
v 261.1533694934338 366.72956930829866 0
v 237.60431157120257 396.87098809836493 0
v 214.0552536489714 427.0124068884312 0
v 190.5061957267402 457.1538256784974 0
v 166.957137804509 487.2952444685637 0
v 143.4080798822778 517.4366632586299 0
v 119.85902196004662 547.5780820486962 0
v 119.85902196004662 547.5780820486962 0
v 118.82759466780897 546.7722420703749 0
v 117.79616737557132 545.9664020920536 0
v 116.76474008333366 545.1605621137323 0
v 115.73331279109601 544.3547221354111 0
v 114.70188549885836 543.5488821570898 0
v 113.67045820662071 542.7430421787685 0
v 112.63903091438306 541.9372022004472 0
v 111.6076036221454 541.131362222126 0
v 111.6076036221454 541.131362222126 0
v 135.15666079437636 510.98994418205996 0
v 158.70571796660735 480.84852614199394 0
v 182.25477513883834 450.70710810192793 0
v 205.8038323110693 420.5656900618619 0
v 229.35288948330026 390.4242720217959 0
v 252.90194665553125 360.28285398172983 0
v 276.45100382776224 330.1414359416638 0
v 300.0000609999932 300.0000179015978 0
v 300.0000609999932 300.0000179015978 0
v 301.03148904223104 300.8058571299189 0
v 302.06291708446895 301.6116963582399 0
v 303.0943451267068 302.4175355865609 0
v 304.12577316894465 303.223374814882 0
v 305.15720121118255 304.02921404320307 0
v 306.1886292534204 304.8350532715241 0
v 307.2200572956583 305.6408924998451 0
v 308.25148533789616 306.4467317281662 0
v 308.36274336941926 306.3017476870874 0
v 285.34331234724897 336.8495638422995 0
v 262.3238813250787 367.3973799975116 0
v 239.30445030290844 397.9451961527238 0
v 216.28501928073814 428.4930123079359 0
v 193.26558825856785 459.040828463148 0
v 170.24615723639758 489.58864461836015 0
v 147.2267262142273 520.1364607735723 0
v 124.20729519205702 550.6842769287844 0
v 124.20729519205702 550.6842769287844 0
v 123.16196064587898 549.8965607055982 0
v 122.11662609970094 549.108844482412 0
v 121.0712915535229 548.3211282592258 0
v 120.02595700734486 547.5334120360396 0
v 118.98062246116683 546.7456958128535 0
v 117.93528791498879 545.9579795896673 0
v 116.88995336881075 545.1702633664811 0
v 115.84461882263271 544.3825471432949 0
v 115.84461882263271 544.3825471432949 0
v 138.864049844803 513.8347309880828 0
v 161.8834808669733 483.28691483287065 0
v 184.90291188914355 452.7390986776585 0
v 207.92234291131382 422.1912825224464 0
v 230.94177393348411 391.6434663672342 0
v 253.9612049556544 361.09565021202206 0
v 276.98063597782465 330.54783405680996 0
v 300.00006699999494 300.0000179015978 0
v 300.00006699999494 300.0000179015978 0
v 301.04540154617297 300.787734124784 0
v 302.090736092351 301.5754503479702 0
v 303.1360706385291 302.3631665711564 0
v 304.1814051847071 303.1508827943426 0
v 305.22673973088513 303.9385990175288 0
v 306.2720742770632 304.726315240715 0
v 307.31740882324124 305.51403146390123 0
v 308.36274336941926 306.3017476870874 0
v 308.4714514002198 306.1548736454732 0
v 285.9886590300971 337.09978041319425 0
v 263.5058666599744 368.0446871809154 0
v 241.0230742898517 398.98959394863647 0
v 218.540281919729 429.93450071635755 0
v 196.05748954960632 460.8794074840787 0
v 173.5746971794836 491.82431425179976 0
v 151.0919048093609 522.7692210195208 0
v 128.6091124392382 553.714127787242 0
v 128.6091124392382 553.714127787242 0
v 127.55018938921009 552.9447753192588 0
v 126.49126633918198 552.1754228512757 0
v 125.43234328915386 551.4060703832926 0
v 124.37342023912575 550.6367179153094 0
v 123.31449718909765 549.8673654473263 0
v 122.25557413906954 549.0980129793431 0
v 121.19665108904142 548.32866051136 0
v 120.13772803901331 547.5593080433769 0
v 120.13772803901331 547.5593080433769 0
v 142.62052040913602 516.6144005256556 0
v 165.10331277925872 485.6694930079342 0
v 187.5861051493814 454.7245854902129 0
v 210.0688975195041 423.7796779724916 0
v 232.5516898896268 392.83477045477025 0
v 255.03448225974955 361.889862937049 0
v 277.51727462987225 330.94495541932764 0
v 300.00006699999494 300.0000479016063 0
v 300.00006699999494 300.0000479016063 0
v 301.05899005002306 300.76940111958965 0
v 302.11791310005117 301.53875433757304 0
v 303.1768361500793 302.3081075555564 0
v 304.2357592001074 303.07746077353977 0
v 305.29468225013545 303.8468139915231 0
v 306.35360530016357 304.61616720950644 0
v 307.4125283501917 305.38552042748984 0
v 308.4714514002198 306.1548736454732 0
v 308.5775734302877 306.0060796033148 0
v 286.6382687141531 337.3386524808746 0
v 264.69896399801854 368.6712253584344 0
v 242.75965928188398 400.00379823599417 0
v 220.82035456574943 431.336371113554 0
v 198.88104984961484 462.6689439911138 0
v 176.94174513348025 494.00151686867355 0
v 155.0024404173457 525.3340897462333 0
v 133.0631357012111 556.6666626237932 0
v 133.0631357012111 556.6666626237932 0
v 131.99094739742452 555.9159079110794 0
v 130.9187590936379 555.1651531983657 0
v 129.8465707898513 554.4143984856519 0
v 128.77438248606472 553.6636437729381 0
v 127.7021941822781 552.9128890602244 0
v 126.63000587849152 552.1621343475106 0
v 125.55781757470491 551.4113796347968 0
v 124.48562927091831 550.6606249220831 0
v 124.48562927091831 550.6606249220831 0
v 146.4249339870529 519.3280512945231 0
v 168.36423870318748 487.9954776669631 0
v 190.30354341932204 456.66290403940303 0
v 212.24284813545663 425.330330411843 0
v 234.1821528515912 393.997756784283 0
v 256.12145756772577 362.66518315672295 0
v 278.06076228386036 331.33260952916294 0
v 300.00006699999494 300.0000359016029 0
v 300.00006699999494 300.0000359016029 0
v 301.07225530378156 300.7507913643169 0
v 302.1444436075681 301.5015468270309 0
v 303.21663191135474 302.2523022897449 0
v 304.2888202151413 303.00305775245886 0
v 305.3610085189279 303.75381321517284 0
v 306.43319682271454 304.5045686778868 0
v 307.5053851265011 305.2553241406008 0
v 308.5775734302877 306.0060796033148 0
v 308.68109145961785 305.8554495606363 0
v 287.2919568993648 337.56614404533053 0
v 265.9028223391117 369.27683853002475 0
v 244.5136877788586 400.98753301471896 0
v 223.1245532186055 432.6982274994132 0
v 201.73541865835244 464.4089219841074 0
v 180.34628409809937 496.1196164688016 0
v 158.95714953784628 527.8303109534959 0
v 137.5680149775932 559.54100543819 0
v 137.5680149775932 559.54100543819 0
v 136.48288767014057 558.8090772308104 0
v 135.3977603626879 558.0771490234308 0
v 134.31263305523527 557.3452208160513 0
v 133.22750574778263 556.6132926086717 0
v 132.14237844032996 555.8813644012921 0
v 131.05725113287733 555.1494361939126 0
v 129.97212382542466 554.417507986533 0
v 128.88699651797202 553.6855797791534 0
v 128.88699651797202 553.6855797791534 0
v 150.2761310782251 521.974884544459 0
v 171.66526563847816 490.2641893097645 0
v 193.05440019873126 458.55349407507003 0
v 214.44353475898433 426.8427988403756 0
v 235.8326693192374 395.13210360568115 0
v 257.2218038794905 363.4214083709867 0
v 278.61093843974356 331.71071313629227 0
v 300.00007299999663 300.0000179015978 0
v 300.00007299999663 300.0000179015978 0
v 301.08520030744927 300.7319468589776 0
v 302.1703276149019 301.4638758163574 0
v 303.2554549223546 302.1958047737372 0
v 304.34058222980724 302.9277337311171 0
v 305.4257095372599 303.6596626884969 0
v 306.51083684471257 304.3915916458767 0
v 307.5959641521652 305.1235206032565 0
v 308.68109145961785 305.8554495606363 0
v 308.78196348819824 305.7030675174614 0
v 287.94951433567263 337.7822243565533 0
v 267.1170651831471 369.86138119564515 0
v 246.28461603062146 401.9405380347371 0
v 225.45216687809588 434.01969487382894 0
v 204.6197177255703 466.0988517129208 0
v 183.78726857304468 498.17800855201267 0
v 162.9548194205191 530.2571653911045 0
v 142.12237026799352 562.3363222301964 0
v 142.12237026799352 562.3363222301964 0
v 141.02463395696833 561.6234440282143 0
v 139.92689764594311 560.9105658262322 0
v 138.8291613349179 560.1976876242501 0
v 137.7314250238927 559.484809422268 0
v 136.63368871286752 558.7719312202859 0
v 135.5359524018423 558.0590530183038 0
v 134.4382160908171 557.3461748163216 0
v 133.3404797797919 556.6332966143395 0
v 133.3404797797919 556.6332966143395 0
v 154.1729281823173 524.5541390252474 0
v 175.00537658484268 492.4749814361554 0
v 195.83782498736804 460.3958238470633 0
v 216.67027338989342 428.31666625797124 0
v 237.5027217924188 396.2375086688792 0
v 258.33517019494417 364.15835107978705 0
v 279.1676185974695 332.079193490695 0
v 300.00006699999494 300.0000359016029 0
v 300.00006699999494 300.0000359016029 0
v 301.0978040610204 300.71291485358523 0
v 302.19554112204577 301.42579380556754 0
v 303.29327818307115 302.13867275754984 0
v 304.3910152440966 302.85155170953215 0
v 305.48875230512203 303.5644306615145 0
v 306.5864893661474 304.2773096134968 0
v 307.6842264271728 304.9901885654791 0
v 308.78196348819824 305.7030675174614 0
v 308.88015351601877 305.5489274737884 0
v 288.61073627301886 337.9867749145092 0
v 268.3413190300189 370.4246223552301 0
v 248.071901787019 402.8624697959509 0
v 227.80248454401902 435.30031723667173 0
v 207.53306730101912 467.7381646773926 0
v 187.26365005801918 500.1760121181134 0
v 166.99423281501925 532.6138595588343 0
v 146.7248155720193 565.0517069995551 0
v 146.7248155720193 565.0517069995551 0
v 145.61480475751634 564.358095553032 0
v 144.50479394301337 563.6644841065088 0
v 143.3947831285104 562.9708726599855 0
v 142.2847723140074 562.2772612134623 0
v 141.17476149950443 561.5836497669392 0
v 140.06475068500146 560.8900383204159 0
v 138.95473987049849 560.1964268738927 0
v 137.84472905599551 559.5028154273696 0
v 137.84472905599551 559.5028154273696 0
v 158.11414629899545 527.0649672366485 0
v 178.3835635419954 494.6271190459275 0
v 198.6529807849953 462.1892708552064 0
v 218.92239802799523 429.7514226644854 0
v 239.19181527099516 397.31357447376433 0
v 259.46123251399507 364.87572628304326 0
v 279.73064975699504 332.4378780923222 0
v 300.00006699999494 300.0000299016012 0
v 300.00006699999494 300.0000299016012 0
v 301.1100778144979 300.6936420981246 0
v 302.2200886290009 301.38725429464796 0
v 303.33009944350385 302.0808664911714 0
v 304.4401102580068 302.7744786876948 0
v 305.55012107250985 303.4680908842182 0
v 306.6601318870128 304.16170308074163 0
v 307.7701427015158 304.855315277265 0
v 308.88015351601877 305.5489274737884 0
v 308.9756435430742 305.39309542963605 0
v 289.27543146134906 338.1797529691864 0
v 269.5752193796239 370.9664105087367 0
v 249.8750072978987 403.7530680482871 0
v 230.17479521617352 436.53972558783744 0
v 210.47458313444835 469.32638312738777 0
v 190.77437105272315 502.1130406669381 0
v 171.07415897099798 534.8996982064884 0
v 151.37394688927282 567.6863557460388 0
v 151.37394688927282 567.6863557460388 0
v 150.25200057138812 567.0122218050342 0
v 149.13005425350343 566.3380878640296 0
v 148.0081079356187 565.6639539230251 0
v 146.88616161773402 564.9898199820205 0
v 145.76421529984933 564.315686041016 0
v 144.6422689819646 563.6415521000115 0
v 143.5203226640799 562.9674181590069 0
v 142.39837634619522 562.2932842180023 0
v 142.39837634619522 562.2932842180023 0
v 162.0985876779202 529.506626678452 0
v 181.79879900964517 496.7199691389016 0
v 201.4990103413701 463.93331159935127 0
v 221.19922167309508 431.1466540598009 0
v 240.89943300482005 398.35999652025055 0
v 260.599644336545 365.5733389807002 0
v 280.29985566826997 332.7866814411499 0
v 300.00006699999494 300.0000239015995 0
v 300.00006699999494 300.0000239015995 0
v 301.12201406787983 300.6741578426041 0
v 302.2439611357648 301.3482917836086 0
v 303.36590820364967 302.0224257246132 0
v 304.4878552715346 302.69655966561777 0
v 305.6098023394195 303.37069360662235 0
v 306.7317494073044 304.04482754762694 0
v 307.85369647518934 304.71896148863146 0
v 308.9756435430742 305.39309542963605 0
v 309.0683975693545 305.23558338500766 0
v 289.9433921506045 338.36106177055717 0
v 270.8183867318545 371.48654015610674 0
v 251.69338131310448 404.6120185416563 0
v 232.5683758943545 437.7374969272058 0
v 213.4433704756045 470.86297531275534 0
v 194.31836505685447 503.9884536983049 0
v 175.19335963810448 537.1139320838545 0
v 156.0683542193545 570.239410469404 0
v 156.0683542193545 570.239410469404 0
v 154.93481364818476 569.5849640339776 0
v 153.80127307701503 568.9305175985512 0
v 152.6677325058453 568.2760711631247 0
v 151.53419193467556 567.6216247276983 0
v 150.4006513635058 566.9671782922719 0
v 149.26711079233607 566.3127318568454 0
v 148.13357022116634 565.658285421419 0
v 147.0000296499966 565.0038389859926 0
v 147.0000296499966 565.0038389859926 0
v 166.1250343187464 531.8783591004426 0
v 185.25003898749617 498.75287921489263 0
v 204.37504365624596 465.62739932934267 0
v 223.50004832499576 432.50191944379264 0
v 242.62505299374553 399.3764395582427 0
v 261.75005766249535 366.2509596726927 0
v 280.8750623312451 333.1254797871427 0
v 300.0000669999949 299.99999990159273 0
v 300.0000669999949 299.99999990159273 0
v 301.13360832116484 300.6544478370196 0
v 302.2671496423348 301.3088957724465 0
v 303.40069096350476 301.9633437078733 0
v 304.53423228467466 302.61779164330017 0
v 305.6677736058446 303.27223957872707 0
v 306.8013149270146 303.9266875141539 0
v 307.93485624818453 304.5811354495808 0
v 309.0683975693545 305.23558338500766 0
v 309.1583915948528 305.07656533995254 0
v 290.61441809072846 338.5307785686436 0
v 272.07044458660414 371.98499179733466 0
v 253.5264710824798 405.4392050260258 0
v 234.98249757835544 438.89341825471683 0
v 216.4385240742311 472.3476314834079 0
v 197.8945505701068 505.80184471209895 0
v 179.35057706598243 539.25605794079 0
v 160.8066035618581 572.7102711694811 0
v 160.8066035618581 572.7102711694811 0
v 159.6618137375011 572.0757004896861 0
v 158.51702391314407 571.4411298098911 0
v 157.37223408878705 570.806559130096 0
v 156.22744426443 570.1719884503011 0
v 155.082654440073 569.5374177705062 0
v 153.93786461571597 568.9028470907111 0
v 152.79307479135895 568.2682764109161 0
v 151.64828496700193 567.6337057311212 0
v 151.64828496700193 567.6337057311212 0
v 170.19225772112605 534.1794940024305 0
v 188.73623047525018 500.72528227373994 0
v 207.2802032293743 467.27107054504927 0
v 225.82417598349844 433.81685881635866 0
v 244.36814873762256 400.36264708766805 0
v 262.9121214917467 366.9084353589774 0
v 281.4560942458708 333.4542236302868 0
v 300.00006699999494 300.00001190159617 0
v 300.00006699999494 300.00001190159617 0
v 301.14485757435216 300.6345810813907 0
v 302.2896481487094 301.26915026118525 0
v 303.43443872306665 301.9037194409798 0
v 304.57922929742386 302.5382886207743 0
v 305.7240198717811 303.1728578005689 0
v 306.86881044613835 303.80742698036346 0
v 308.01360102049557 304.441996160158 0
v 309.1583915948528 305.07656533995254 0
v 309.2455896195589 304.91594529444353 0
v 291.288297781661 338.6886986133876 0
v 273.3310059437631 372.46145193233167 0
v 255.3737141058652 406.2342052512757 0
v 237.41642226796728 440.00695857021975 0
v 219.45913043006937 473.7797118891638 0
v 201.50183859217148 507.55246520810783 0
v 183.54454675427357 541.3252185270519 0
v 165.58725491637566 575.097971845996 0
v 165.58725491637566 575.097971845996 0
v 164.43156458893014 574.4834816718904 0
v 163.27587426148466 573.8689914977849 0
v 162.12018393403915 573.2545013236795 0
v 160.96449360659363 572.640011149574 0
v 159.80880327914815 572.0255209754685 0
v 158.65311295170264 571.411030801363 0
v 157.49742262425715 570.7965406272575 0
v 156.34173229681164 570.182050453152 0
v 156.34173229681164 570.182050453152 0
v 174.29902413470955 536.4092963842077 0
v 192.25631597260747 502.63654231526345 0
v 210.2136078105054 468.86378824631913 0
v 228.17089964840332 435.09103417737487 0
v 246.12819148630123 401.3182801084306 0
v 264.0854833241992 367.5455260394863 0
v 282.0427751620971 333.772771970542 0
v 300.000066999995 300.00001790159774 0
v 300.000066999995 300.00001790159774 0
v 301.1557573274405 300.61450882570347 0
v 302.31144765488597 301.2289997498092 0
v 303.46713798233145 301.8434906739149 0
v 304.622828309777 302.45798159802064 0
v 305.7785186372225 303.07247252212636 0
v 306.93420896466796 303.6869634462321 0
v 308.08989929211344 304.3014543703378 0
v 309.2455896195589 304.91594529444353 0
v 309.3299796434694 304.7538432485146 0
v 291.96483847334747 338.8348519047977 0
v 274.5996973032255 372.9158605610807 0
v 257.23455613310364 406.9968692173637 0
v 239.8694149629817 441.0778778736468 0
v 222.50427379285975 475.1588865299299 0
v 205.1391326227378 509.2398951862129 0
v 187.77399145261586 543.3209038424959 0
v 170.40885028249394 577.401912498779 0
v 170.40885028249394 577.401912498779 0
v 169.24261120205963 576.8076798304131 0
v 168.0763721216253 576.2134471620473 0
v 166.910133041191 575.6192144936814 0
v 165.74389396075668 575.0249818253155 0
v 164.57765488032234 574.4307491569497 0
v 163.41141579988803 573.8365164885838 0
v 162.2451767194537 573.242283820218 0
v 161.0789376390194 572.6480511518521 0
v 161.0789376390194 572.6480511518521 0
v 178.44407880914133 538.5670447455697 0
v 195.80921997926328 504.48603833928723 0
v 213.17436114938522 470.4050319330048 0
v 230.53950231950716 436.3240255267224 0
v 247.9046434896291 402.24301912043995 0
v 265.26978465975105 368.1620127141576 0
v 282.634925829873 334.08100630787516 0
v 300.00006699999494 299.99999990159273 0
v 300.00006699999494 299.99999990159273 0
v 301.16630608042925 300.59423031995794 0
v 302.33254516086356 301.1884607383232 0
v 303.49878424129787 301.78269115668843 0
v 304.6650233217322 302.37692157505364 0
v 305.8312624021665 302.9711519934189 0
v 306.9975014826008 303.5653824117841 0
v 308.1637405630351 304.1596128301494 0
v 309.3299796434694 304.7538432485146 0
v 309.41152566657416 304.5903192021828 0
v 292.64382416572676 338.9692009428632 0
v 275.87612266487935 373.34808268354357 0
v 259.10842116403194 407.726964424224 0
v 242.34071966318447 442.1058461649044 0
v 225.57301816233706 476.48472790558475 0
v 208.80531666148966 510.86360964626516 0
v 192.03761516064225 545.2424913869455 0
v 175.2699136597948 579.6213731276259 0
v 175.2699136597948 579.6213731276259 0
v 174.09348207647264 579.0475854650529 0
v 172.91705049315044 578.4737978024797 0
v 171.74061890982824 577.9000101399065 0
v 170.56418732650607 577.3262224773334 0
v 169.3877557431839 576.7524348147604 0
v 168.2113241598617 576.1786471521872 0
v 167.0348925765395 575.604859489614 0
v 165.85846099321734 575.0310718270409 0
v 165.85846099321734 575.0310718270409 0
v 182.62616174406455 540.6521915863609 0
v 199.39386249491173 506.273311345681 0
v 216.16156324575894 471.894431105001 0
v 232.92926399660615 437.5155508643211 0
v 249.69696474745334 403.13667062364107 0
v 266.4646654983005 368.7577903829611 0
v 283.23236624914773 334.37891014228114 0
v 300.00006699999494 300.0000299016012 0
v 300.00006699999494 300.0000299016012 0
v 301.17649933331734 300.5738160641739 0
v 302.35293166663973 301.1476022267466 0
v 303.52936399996213 301.72138838931926 0
v 304.7057963332845 302.295174551892 0
v 305.882228666607 302.8689607144647 0
v 307.0586609999294 303.4427468770374 0
v 308.23509333325177 304.01653303961007 0
v 309.41152566657416 304.5903192021828 0
v 309.49019768886455 304.42537915544983 0
v 293.3250448587392 339.09166097756025 0
v 277.15989202861385 373.7579427996707 0
v 260.9947391984885 408.42422462178104 0
v 244.82958636836318 443.09050644389146 0
v 228.66443353823783 477.7567882660019 0
v 212.4992807081125 512.4230700881122 0
v 196.33412787798716 547.0893519102226 0
v 180.1689750478618 581.7556337323331 0
v 180.1689750478618 581.7556337323331 0
v 178.9827087117531 581.2024710756037 0
v 177.7964423756444 580.6493084188744 0
v 176.6101760395357 580.0961457621449 0
v 175.423909703427 579.5429831054156 0
v 174.2376433673183 578.9898204486863 0
v 173.0513770312096 578.4366577919568 0
v 171.8651106951009 577.8834951352275 0
v 170.6788443589922 577.3303324784981 0
v 170.6788443589922 577.3303324784981 0
v 186.84399718911754 542.6640499063875 0
v 203.0091500192429 507.9977673342769 0
v 219.17430284936822 473.33148476216627 0
v 235.33945567949357 438.66520219005565 0
v 251.50460850961892 403.99891961794503 0
v 267.66976133974424 369.33263704583436 0
v 283.8349141698696 334.66635447372374 0
v 300.00006699999494 300.0000719016131 0
v 300.00006699999494 300.0000719016131 0
v 301.18633333610364 300.5532353083427 0
v 302.37259967221235 301.1063987150723 0
v 303.55886600832105 301.6595621218019 0
v 304.74513234442975 302.21272552853145 0
v 305.93139868053845 302.76588893526105 0
v 307.11766501664715 303.31905234199064 0
v 308.30393135275585 303.87221574872024 0
v 309.49019768886455 304.42537915544983 0
v 309.56598971033895 304.2590651083275 0
v 294.00830855233056 339.20218625887566 0
v 278.4506273943221 374.1453074094238 0
v 262.8929462363137 409.08842855997204 0
v 247.33526507830527 444.0315497105202 0
v 231.77758392029688 478.9746708610684 0
v 216.21990276228846 513.9177920116166 0
v 200.66222160428003 548.8609131621647 0
v 185.1045404462716 583.8040343127129 0
v 185.1045404462716 583.8040343127129 0
v 183.9088001074786 583.2716616618741 0
v 182.7130597686856 582.7392890110352 0
v 181.5173194298926 582.2069163601964 0
v 180.3215790910996 581.6745437093575 0
v 179.1258387523066 581.1421710585187 0
v 177.9300984135136 580.6097984076798 0
v 176.7343580747206 580.077425756841 0
v 175.5386177359276 579.5450531060021 0
v 175.5386177359276 579.5450531060021 0
v 191.09629889393602 544.6019297054532 0
v 206.65398005194442 509.65880630490443 0
v 222.21166120995284 474.7156829043556 0
v 237.76934236796126 439.77255950380675 0
v 253.32702352596965 404.8294361032579 0
v 268.88470468397804 369.88631270270906 0
v 284.4423858419865 334.94318930216025 0
v 300.0000669999949 300.0000659016114 0
v 300.0000669999949 300.0000659016114 0
v 301.1958073387879 300.5324408024509 0
v 302.3915476775809 301.0648157032904 0
v 303.5872880163739 301.59719060412993 0
v 304.78302835516695 302.12956550496943 0
v 305.9787686939599 302.66194040580893 0
v 307.17450903275295 303.1943153066485 0
v 308.3702493715459 303.726690207488 0
v 309.56598971033895 304.2590651083275 0
v 309.6388597309854 304.0914910608482 0
v 294.69338949643674 339.3008090368188 0
v 279.747919261888 374.5101270127894 0
v 264.8024490273393 409.71944498875996 0
v 249.8569787927906 444.9287629647306 0
v 234.9115085582419 480.1380809407011 0
v 219.96603832369323 515.3473989166718 0
v 205.02056808914452 550.5567168926423 0
v 190.0750978545958 585.7660348686129 0
v 190.0750978545958 585.7660348686129 0
v 188.870248763222 585.2546097237091 0
v 187.66539967184818 584.7431845788054 0
v 186.46055058047438 584.2317594339017 0
v 185.25570148910055 583.720334288998 0
v 184.05085239772674 583.2089091440942 0
v 182.84600330635294 582.6974839991905 0
v 181.6411542149791 582.1860588542868 0
v 180.4363051236053 581.674633709383 0
v 180.4363051236053 581.674633709383 0
v 195.3817746081538 546.465314233412 0
v 210.32724409270227 511.25599475744093 0
v 225.27271357725078 476.0466752814699 0
v 240.21818306179927 440.8373558054989 0
v 255.16365254634775 405.62803632952784 0
v 270.10912203089623 370.4187168535568 0
v 285.0545915154447 335.2093973775858 0
v 300.0000609999932 300.00007790161476 0
v 300.0000609999932 300.00007790161476 0
v 301.2049108413672 300.51150454651895 0
v 302.40976068274125 301.02293119142314 0
v 303.6146105241153 301.53435783632733 0
v 304.8194603654893 302.0457844812315 0
v 306.02431020686333 302.55721112613566 0
v 307.22916004823736 303.06863777103985 0
v 308.4340098896114 303.58006441594404 0
v 309.6388597309854 304.0914910608482 0
v 309.70880175080237 303.9226930130221 0
v 295.3800949410032 339.38748581137725 0
v 281.05138813120413 374.85227860973237 0
v 266.722681321405 410.3170714080875 0
v 252.3939745116059 445.7818642064426 0
v 238.06526770180676 481.2466570047977 0
v 223.73656089200765 516.7114498031528 0
v 209.40785408220853 552.176242601508 0
v 195.07914727240941 587.6410353998631 0
v 195.07914727240941 587.6410353998631 0
v 193.8655561785587 587.1507077609369 0
v 192.651965084708 586.6603801220108 0
v 191.4383739908573 586.1700524830848 0
v 190.22478289700655 585.6797248441586 0
v 189.01119180315584 585.1893972052325 0
v 187.79760070930513 584.6990695663064 0
v 186.58400961545442 584.2087419273803 0
v 185.3704185216037 583.7184142884541 0
v 185.3704185216037 583.7184142884541 0
v 199.6991245814026 548.2536244900998 0
v 214.02783064120152 512.7888346917456 0
v 228.35653670100044 477.3240448933913 0
v 242.68524276079933 441.85925509503704 0
v 257.0139488205982 406.39446529668277 0
v 271.34265488039716 370.9296754983285 0
v 285.67136094019605 335.4648856999742 0
v 300.00006699999494 300.00009590161994 0
v 300.00006699999494 300.00009590161994 0
v 301.21365884384585 300.4904205405452 0
v 302.4272506876968 300.9807451794705 0
v 303.6408425315477 301.4710698183958 0
v 304.8544343753987 301.96139445732103 0
v 306.0680262192496 302.4517190962463 0
v 307.2816180631005 302.9420437351716 0
v 308.49520990695146 303.4323683740969 0
v 309.70880175080237 303.9226930130221 0
v 309.77577976977943 303.75264096484074 0
v 296.06820138596663 339.46210033251805 0
v 282.3606230021539 375.1715597001953 0
v 268.65304461834114 410.8810190678726 0
v 254.94546623452834 446.5904784355499 0
v 241.23788785071557 482.2999378032272 0
v 227.5303094669028 518.0093971709045 0
v 213.82273108309002 553.7188565385818 0
v 200.11515269927725 589.4283159062591 0
v 200.11515269927725 589.4283159062591 0
v 198.8931893530544 588.9592507733573 0
v 197.67122600683155 588.4901856404556 0
v 196.4492626606087 588.0211205075537 0
v 195.22729931438585 587.552055374652 0
v 194.00533596816297 587.0829902417503 0
v 192.78337262194012 586.6139251088484 0
v 191.56140927571727 586.1448599759467 0
v 190.33944592949442 585.675794843045 0
v 190.33944592949442 585.675794843045 0
v 204.0470243133072 549.9663339753672 0
v 217.75460269711996 514.2568731076896 0
v 231.46218108093274 478.54741224001185 0
v 245.16975946474554 442.83795137233415 0
v 258.8773378485583 407.12849050465644 0
v 272.5849162323711 371.41902963697873 0
v 286.29249461618383 335.70956876930103 0
v 300.00007299999663 300.0001079016233 0
v 300.00007299999663 300.0001079016233 0
v 301.2220363462195 300.4691745345255 0
v 302.44399969244233 300.9382411674277 0
v 303.66596303866515 301.4073078003299 0
v 304.88792638488803 301.87637443323206 0
v 306.1098897311109 302.3454410661342 0
v 307.33185307733373 302.81450769903637 0
v 308.55381642355655 303.28357433193855 0
v 309.77577976977943 303.75264096484074 0
v 309.83978778791504 303.5814429163346 0
v 296.7575130812716 339.52469460025304 0
v 283.6752383746281 375.4679462841715 0
v 270.5929636679847 411.4111979680899 0
v 257.5106889613412 447.3544496520083 0
v 244.42841425469777 483.2977013359268 0
v 231.34613954805434 519.2409530198452 0
v 218.26386484141088 555.1842047037636 0
v 205.18159013476742 591.1274563876821 0
v 205.18159013476742 591.1274563876821 0
v 203.95162578627762 590.6797812608409 0
v 202.72166143778782 590.2321061339997 0
v 201.49169708929801 589.7844310071583 0
v 200.2617327408082 589.3367558803171 0
v 199.03176839231844 588.8890807534759 0
v 197.80180404382864 588.4414056266346 0
v 196.57183969533884 587.9937304997934 0
v 195.34187534684904 587.5460553729522 0
v 195.34187534684904 587.5460553729522 0
v 208.42414930349227 551.6028059390344 0
v 221.5064232601355 515.6595565051166 0
v 234.58869721677877 479.71630707119874 0
v 247.670971173422 443.77305763728094 0
v 260.75324513006524 407.82980820336314 0
v 273.8355190867085 371.8865587694453 0
v 286.9177930433517 335.9433093355275 0
v 300.00006699999494 300.0000599016097 0
v 300.00006699999494 300.0000599016097 0
v 301.23003209848497 300.4477327784503 0
v 302.459997196975 300.8954056552909 0
v 303.68996229546497 301.3430785321315 0
v 304.919927393955 301.79075140897214 0
v 306.149892492445 302.23842428581275 0
v 307.379857590935 302.68609716265337 0
v 308.609822689425 303.133770039494 0
v 309.83978778791504 303.5814429163346 0
v 309.90078980519894 303.4091528675191 0
v 297.447804276854 339.57524836457657 0
v 284.99481874850915 375.74134386163405 0
v 272.5418332201642 411.9074393586916 0
v 260.0888476918193 448.0735348557491 0
v 247.63586216347443 484.23963035280656 0
v 235.1828766351295 520.4057258498641 0
v 222.7298911067846 556.5718213469215 0
v 210.2769055784397 592.7379168439791 0
v 210.2769055784397 592.7379168439791 0
v 209.0393159777894 592.3117742232387 0
v 207.80172637713912 591.8856316024983 0
v 206.56413677648885 591.459488981758 0
v 205.32654717583856 591.0333463610176 0
v 204.08895757518826 590.6072037402772 0
v 202.851367974538 590.1810611195369 0
v 201.6137783738877 589.7549184987965 0
v 200.3761887732374 589.3287758780561 0
v 200.3761887732374 589.3287758780561 0
v 212.8291735515821 553.1626833809995 0
v 225.2821583299268 516.9965908839429 0
v 237.73514310827147 480.8304983868862 0
v 250.18812788661617 444.66440588982954 0
v 262.6411126649609 408.4983133927729 0
v 275.09409744330554 372.3322208957162 0
v 287.54708222165027 336.16612839865957 0
v 300.00006699999494 300.0000359016029 0
v 300.00006699999494 300.0000359016029 0
v 301.23765735064546 300.4261755223424 0
v 302.4752477012959 300.85231514308197 0
v 303.71283805194645 301.2784547638215 0
v 304.9504284025969 301.704594384561 0
v 306.18801875324743 302.1307340053005 0
v 307.42560910389795 302.55687362604004 0
v 308.6631994545484 302.9830132467796 0
v 309.90078980519894 303.4091528675191 0
v 309.9587798216294 303.23584881841634 0
v 298.13887622265764 339.6137698754911 0
v 286.3189726236859 375.9916909325658 0
v 274.4990690247142 412.36961198964053 0
v 262.67916542574244 448.74753304671526 0
v 250.8592618267707 485.12545410379 0
v 239.03935822779897 521.5033751608647 0
v 227.21945462882724 557.8812962179395 0
v 215.3995510298555 594.2592172750142 0
v 215.3995510298555 594.2592172750142 0
v 214.1547126771514 593.8547421604129 0
v 212.9098743244473 593.4502670458116 0
v 211.6650359717432 593.0457919312104 0
v 210.4201976190391 592.6413168166091 0
v 209.175359266335 592.2368417020078 0
v 207.93052091363091 591.8323665874066 0
v 206.6856825609268 591.4278914728053 0
v 205.4408442082227 591.023416358204 0
v 205.4408442082227 591.023416358204 0
v 217.26074780719443 554.6454968011298 0
v 229.08065140616617 518.2675772440555 0
v 240.9005550051379 481.88965768698114 0
v 252.72045860410964 445.51173812990686 0
v 264.5403622030814 409.1338185728326 0
v 276.3602658020531 372.75589901575825 0
v 288.18016940102484 336.37797945868397 0
v 300.0000729999966 300.0000599016097 0
v 300.0000729999966 300.0000599016097 0
v 301.2449113527007 300.4045335162105 0
v 302.4897497054048 300.8090071308113 0
v 303.7345880581089 301.2134807454122 0
v 304.97942641081295 301.617954360013 0
v 306.22426476351706 302.02242797461383 0
v 307.46910311622116 302.4269015892147 0
v 308.71394146892527 302.8313752038155 0
v 309.9587798216294 303.23584881841634 0
v 310.01373983720146 303.06155476903297 0
v 298.83051816862286 339.64022013298523 0
v 287.6472965000443 376.2188854969375 0
v 276.4640748314657 412.7975508608897 0
v 265.2808531628872 449.376216224842 0
v 254.0976314943086 485.95488158879425 0
v 242.91440982573 522.5335469527465 0
v 231.73118815715142 559.1122123166988 0
v 220.54796648857285 595.690877680651 0
v 220.54796648857285 595.690877680651 0
v 219.29625888392246 595.3081900722229 0
v 218.04455127927207 594.9255024637948 0
v 216.79284367462168 594.5428148553667 0
v 215.5411360699713 594.1601272469386 0
v 214.28942846532092 593.7774396385105 0
v 213.03772086067053 593.3947520300824 0
v 211.78601325602014 593.0120644216543 0
v 210.53430565136975 592.6293768132261 0
v 210.53430565136975 592.6293768132261 0
v 221.71752656994812 556.0507121992741 0
v 232.90074748852646 519.472047585322 0
v 244.08396840710483 482.89338297137 0
v 255.2671893256832 446.3147183574179 0
v 266.45041024426155 409.73605374346585 0
v 277.63363116283995 373.15738912951383 0
v 288.8168520814183 336.57872451556176 0
v 300.00007299999663 300.0000599016097 0
v 300.00007299999663 300.0000599016097 0
v 301.2517813546472 300.3827467600376 0
v 302.5034897092978 300.7654336184655 0
v 303.75519806394846 301.14812047689344 0
v 305.00690641859904 301.53080733532136 0
v 306.25861477324963 301.9134941937492 0
v 307.5103231279003 302.29618105217713 0
v 308.76203148255087 302.67886791060505 0
v 310.01373983720146 303.06155476903297 0
v 310.0656338519047 302.8863427193896 0
v 299.52250211468487 339.65460963706226 0
v 288.9793703774651 376.42287655473496 0
v 278.4362386402453 413.1911434724077 0
v 267.89310690302545 449.9594103900804 0
v 257.34997516580563 486.7276773077531 0
v 246.80684342858584 523.4959442254258 0
v 236.26371169136604 560.2642111430985 0
v 225.72057995414622 597.0324780607712 0
v 225.72057995414622 597.0324780607712 0
v 224.4623840976575 596.6716979585501 0
v 223.20418824116877 596.3109178563291 0
v 221.94599238468004 595.9501377541081 0
v 220.6877965281913 595.5893576518871 0
v 219.4296006717026 595.228577549666 0
v 218.17140481521386 594.8677974474451 0
v 216.91320895872514 594.5070173452241 0
v 215.6550131022364 594.146237243003 0
v 215.6550131022364 594.146237243003 0
v 226.19814483945623 557.3779695753301 0
v 236.74127657667606 520.6097019076573 0
v 247.28440831389585 483.8414342399844 0
v 257.82754005111565 447.0731665723115 0
v 268.37067178833547 410.3048989046386 0
v 278.9138035255553 373.5366312369657 0
v 289.4569352627751 336.76836356929283 0
v 300.00006699999494 300.00009590161994 0
v 300.00006699999494 300.00009590161994 0
v 301.25826285648367 300.3608767538411 0
v 302.5164587129724 300.72165760606237 0
v 303.7746545694611 301.08243845828355 0
v 305.03285042594985 301.4432193105048 0
v 306.2910462824385 301.80400016272597 0
v 307.54924213892724 302.16478101494715 0
v 308.80743799541597 302.5255618671684 0
v 310.0656338519047 302.8863427193896 0
v 310.1144798657444 302.71022466948955 0
v 300.21464806079285 339.6568963877102 0
v 290.31481625584127 376.6035681059309 0
v 280.41498445088973 413.5502398241516 0
v 270.5151526459382 450.4969115423723 0
v 260.61532084098667 487.44358326059296 0
v 250.7154890360351 524.3902549788137 0
v 240.81565723108355 561.3369266970344 0
v 230.91582542613202 598.283598415255 0
v 230.91582542613202 598.283598415255 0
v 229.65152456791355 597.9448308192709 0
v 228.38722370969506 597.6060632232868 0
v 227.12292285147657 597.2672956273027 0
v 225.8586219932581 596.9285280313186 0
v 224.59432113503965 596.5897604353345 0
v 223.33002027682116 596.2509928393504 0
v 222.06571941860267 595.9122252433663 0
v 220.8014185603842 595.5734576473822 0
v 220.8014185603842 595.5734576473822 0
v 230.70125036533577 558.6267851791613 0
v 240.60108217028733 521.6801127109403 0
v 250.50091397523886 484.73344024271944 0
v 260.4007457801904 447.78676777449846 0
v 270.300577585142 410.8400953062776 0
v 280.2004093900935 373.89342283805667 0
v 290.1002411950451 336.94675036983574 0
v 300.00007299999663 300.0000779016148 0
v 300.00007299999663 300.0000779016148 0
v 301.2643738582151 300.3388462475992 0
v 302.52867471643356 300.6776145935835 0
v 303.792975574652 301.01638293956785 0
v 305.0572764328705 301.3551512855522 0
v 306.321577291089 301.6939196315365 0
v 307.58587814930746 302.0326879775209 0
v 308.8501790075259 302.3714563235052 0
v 310.1144798657444 302.71022466948955 0
v 310.16023587870865 302.5333026193616 0
v 300.90672050688005 339.6471246349415 0
v 291.6532051350514 376.7609466505215 0
v 282.3996897632228 413.87476866610143 0
v 273.1461743913942 450.98859068168133 0
v 263.8926590195656 488.10241269726123 0
v 254.63914364773694 525.2162347128412 0
v 245.38562827590835 562.3300567284211 0
v 236.13211290407972 599.443878744001 0
v 236.13211290407972 599.443878744001 0
v 234.8620925442407 599.1272211542814 0
v 233.59207218440173 598.8105635645618 0
v 232.32205182456272 598.4939059748422 0
v 231.0520314647237 598.1772483851225 0
v 229.7820111048847 597.8605907954029 0
v 228.5119907450457 597.5439332056833 0
v 227.2419703852067 597.2272756159637 0
v 225.9719500253677 596.910618026244 0
v 225.9719500253677 596.910618026244 0
v 235.2254646471961 559.7967990106649 0
v 244.4789792690245 522.6829799950859 0
v 253.7324938908529 485.5691609795068 0
v 262.9860085126813 448.45534196392776 0
v 272.2395231345097 411.3415229483487 0
v 281.4930377563381 374.2277039327696 0
v 290.7465523781665 337.11388491719055 0
v 300.0000669999949 300.0000659016115 0
v 300.0000669999949 300.0000659016115 0
v 301.2700881098341 300.3167204913303 0
v 302.54010921967335 300.63337508104905 0
v 303.81013032951256 300.9500296707678 0
v 305.08015143935177 301.26668426048656 0
v 306.350172549191 301.58333885020534 0
v 307.6201936590302 301.89999343992406 0
v 308.89021476886944 302.21664802964284 0
v 310.16023587870865 302.5333026193616 0
v 310.2028958907956 302.3555885690093 0
v 301.59851545288853 339.6252523787444 0
v 292.9941350149814 376.8949161884795 0
v 284.3897545770743 414.16457999821466 0
v 275.78537413916723 451.43424380794977 0
v 267.18099370126015 488.7039076176849 0
v 258.576613263353 525.97357142742 0
v 249.97223282544593 563.2432352371551 0
v 241.36785238753882 600.5128990468902 0
v 241.36785238753882 600.5128990468902 0
v 240.09249952618893 600.2184639634669 0
v 238.81714666483907 599.9240288800436 0
v 237.5417938034892 599.6295937966204 0
v 236.26644094213933 599.3351587131971 0
v 234.99108808078944 599.0407236297738 0
v 233.71573521943958 598.7462885463506 0
v 232.44038235808972 598.4518534629273 0
v 231.16502949673983 598.157418379504 0
v 231.16502949673983 598.157418379504 0
v 239.76940918464672 560.8877530697685 0
v 248.3737888725536 523.618087760033 0
v 256.9781685604605 486.34842245029745 0
v 265.5825482483674 449.07875714056195 0
v 274.1869279362743 411.80909183082645 0
v 282.7913076241812 374.53942652109095 0
v 291.39568731208806 337.26976121135544 0
v 300.00006699999494 300.00009590161994 0
v 300.00006699999494 300.00009590161994 0
v 301.275420611345 300.2945324850436 0
v 302.5507742226951 300.5889690684673 0
v 303.8261278340452 300.88340565189094 0
v 305.1014814453953 301.17784223531464 0
v 306.37683505674534 301.4722788187383 0
v 307.65218866809545 301.76671540216194 0
v 308.92754227944556 302.06115198558564 0
v 310.2028958907956 302.3555885690093 0
v 310.2424539020037 302.1771785184598 0
v 302.2898288987606 339.5913336191341 0
v 294.3372038955175 377.00548871980834 0
v 286.38457889227436 414.41964382048263 0
v 278.43195388903126 451.8337989211569 0
v 270.47932888578816 489.24795402183116 0
v 262.52670388254506 526.6621091225054 0
v 254.57407887930196 564.0762642231797 0
v 246.62145387605884 601.490419323854 0
v 246.62145387605884 601.490419323854 0
v 245.34115626330794 601.2182817467484 0
v 244.06085865055707 600.9461441696428 0
v 242.78056103780617 600.6740065925371 0
v 241.50026342505527 600.4018690154315 0
v 240.2199658123044 600.129731438326 0
v 238.9396681995535 599.8575938612203 0
v 237.65937058680262 599.5854562841147 0
v 236.37907297405172 599.3133187070091 0
v 236.37907297405172 599.3133187070091 0
v 244.33169797729482 561.8991643563351 0
v 252.28432298053795 524.4850100056609 0
v 260.2369479837811 487.0708556549869 0
v 268.1895729870242 449.65670130431283 0
v 276.1421979902673 412.24254695363874 0
v 284.09482299351043 374.82839260296464 0
v 292.04744799675353 337.4142382522906 0
v 300.00007299999663 300.0000839016165 0
v 300.00007299999663 300.0000839016165 0
v 301.2803706127475 300.2722207287219 0
v 302.5606682254984 300.54435755582733 0
v 303.8409658382493 300.8164943829328 0
v 305.1212634510002 301.08863121003816 0
v 306.40156106375105 301.36076803714354 0
v 307.681858676502 301.632904864249 0
v 308.96215628925285 301.9050416913544 0
v 310.2424539020037 302.1771785184598 0
v 310.2788919123278 301.99807846771483 0
v 302.9804455944353 339.54532860609936 0
v 295.68199927654274 377.0925787444839 0
v 288.3835529586502 414.6398288828684 0
v 281.08510664075766 452.1870790212529 0
v 273.78666032286515 489.73432915963747 0
v 266.4882140049726 527.2815792980219 0
v 259.18976768708006 564.8288294364065 0
v 251.89132136918752 602.376079574791 0
v 251.89132136918752 602.376079574791 0
v 250.60646900514612 602.1263295040285 0
v 249.32161664110473 601.876579433266 0
v 248.03676427706333 601.6268293625036 0
v 246.75191191302196 601.3770792917411 0
v 245.46705954898056 601.1273292209786 0
v 244.18220718493916 600.8775791502162 0
v 242.89735482089776 600.6278290794537 0
v 241.61250245685636 600.3780790086912 0
v 241.61250245685636 600.3780790086912 0
v 248.9109487747489 562.8308288703066 0
v 256.20939509264144 525.2835787319221 0
v 263.50784141053396 487.73632859353756 0
v 270.80628772842647 450.18907845515304 0
v 278.10473404631904 412.6418283167685 0
v 285.40318036421155 375.0945781783839 0
v 292.7016266821041 337.5473280399994 0
v 300.00007299999663 300.0000779016149 0
v 300.00007299999663 300.0000779016149 0
v 301.28492536403803 300.2498279723774 0
v 302.56977772807943 300.4995780431399 0
v 303.85463009212083 300.7493281139024 0
v 305.1394824561622 300.9990781846649 0
v 306.4243348202036 301.2488282554273 0
v 307.709187184245 301.49857832618983 0
v 308.9940395482864 301.74832839695233 0
v 310.2788919123278 301.99807846771483 0
v 310.3121919217628 301.8183484167913 0
v 303.67014728985066 339.4872523396444 0
v 297.0281026579386 377.15615626249746 0
v 290.3860580260265 414.8250601853506 0
v 283.74401339411435 452.49396410820367 0
v 277.1019687622022 490.16286803105675 0
v 270.4599241302901 527.8317719539099 0
v 263.81787949837803 565.5006758767629 0
v 257.1758348664659 603.169579799616 0
v 257.1758348664659 603.169579799616 0
v 255.8868192512449 602.9422922352179 0
v 254.5978036360239 602.7150046708198 0
v 253.30878802080292 602.4877171064217 0
v 252.01977240558193 602.2604295420235 0
v 250.73075679036097 602.0331419776254 0
v 249.44174117513998 601.8058544132273 0
v 248.152725559919 601.5785668488292 0
v 246.863709944698 601.351279284431 0
v 246.863709944698 601.351279284431 0
v 253.50575457661012 563.6823746115778 0
v 260.1477992085222 526.0134699387245 0
v 266.78984384043434 488.3445652658711 0
v 273.43188847234643 450.6756605930178 0
v 280.0739331042586 413.00675592016455 0
v 286.71597773617066 375.3378512473112 0
v 293.35802236808274 337.6689465744579 0
v 300.0000669999949 300.0000419016046 0
v 300.0000669999949 300.0000419016046 0
v 301.2890826152159 300.22733021600294 0
v 302.57809823043686 300.45461853040126 0
v 303.86711384565785 300.68190684479964 0
v 305.15612946087884 300.90919515919796 0
v 306.44514507609983 301.1364834735963 0
v 307.7341606913208 301.36377178799466 0
v 309.0231763065418 301.591060102393 0
v 310.3121919217628 301.8183484167913 0
v 310.3423599303104 301.63813836573183 0
v 304.35873898495163 339.41722856980437 0
v 298.37511803959285 377.1963187738769 0
v 292.39149709423407 414.97540897794937 0
v 286.4078761488753 452.7544991820219 0
v 280.42425520351645 490.53358938609443 0
v 274.4406342581577 528.3126795901669 0
v 268.4570133127989 566.0917697942394 0
v 262.4733923674401 603.870859998312 0
v 262.4733923674401 603.870859998312 0
v 261.1806065011509 603.6661024402973 0
v 259.88782063486167 603.4613448822827 0
v 258.5950347685724 603.2565873242681 0
v 257.3022489022832 603.0518297662535 0
v 256.00946303599403 602.8470722082388 0
v 254.71667716970478 602.6423146502243 0
v 253.42389130341556 602.4375570922097 0
v 252.13110543712634 602.232799534195 0
v 252.13110543712634 602.232799534195 0
v 258.1147256324849 564.4537093301225 0
v 264.0983458278435 526.67461912605 0
v 270.0819660232021 488.8955289219774 0
v 276.0655862185606 451.1164387179049 0
v 282.0492064139192 413.33734851383235 0
v 288.0328266092778 375.5582583097598 0
v 294.01644680463636 337.7791681056873 0
v 300.00006699999494 300.00007790161476 0
v 300.00006699999494 300.00007790161476 0
v 301.2928536162844 300.2048354596294 0
v 302.58564023257384 300.40959301764406 0
v 303.8784268488632 300.61435057565865 0
v 305.1712134651527 300.8191081336733 0
v 306.4640000814421 301.02386569168794 0
v 307.7567866977315 301.22862324970254 0
v 309.04957331402096 301.4333808077172 0
v 310.3423599303104 301.63813836573183 0
v 310.3693719379638 301.4574003145227 0
v 305.04599867967517 339.33516279655237 0
v 299.7226254213865 377.212925278582 0
v 294.39925216309786 415.09068776061173 0
v 289.0758789048092 452.9684502426414 0
v 283.7525056465205 490.84621272467103 0
v 278.42913238823184 528.7239752067007 0
v 273.1057591299432 566.6017376887304 0
v 267.7823858716545 604.47950017076 0
v 267.7823858716545 604.47950017076 0
v 266.4862235044086 604.2973401191481 0
v 265.19006113716273 604.1151800675361 0
v 263.89389876991686 603.9330200159241 0
v 262.59773640267093 603.7508599643121 0
v 261.301574035425 603.5686999127001 0
v 260.00541166817914 603.3865398610881 0
v 258.70924930093327 603.2043798094761 0
v 257.41308693368734 603.0222197578641 0
v 257.41308693368734 603.0222197578641 0
v 262.7364594419758 565.1444550258338 0
v 268.05983195026425 527.2666902938035 0
v 273.3832044585527 489.3889255617732 0
v 278.7065769668411 451.5111608297429 0
v 284.02994947512957 413.6333960977126 0
v 289.353321983418 375.75563136568223 0
v 294.6766944917065 337.87786663365193 0
v 300.00006699999494 300.00010190162163 0
v 300.00006699999494 300.00010190162163 0
v 301.29623011724107 300.18226420323424 0
v 302.5923932344872 300.3644265048469 0
v 303.88855635173326 300.54658880645957 0
v 305.1847194689794 300.7287511080722 0
v 306.4808825862255 300.9109134096848 0
v 307.7770457034716 301.09307571129744 0
v 309.0732088207177 301.2752380129101 0
v 310.3693719379638 301.4574003145227 0
v 310.39322794472304 301.27618226317765 0
v 305.7317231239637 339.24108201989617 0
v 301.0702183032044 377.20598177661475 0
v 296.4087134824451 415.1708815333333 0
v 291.74720866168576 453.1357812900518 0
v 287.08570384092644 491.1006810467704 0
v 282.4241990201671 529.065580803489 0
v 277.7626941994078 567.0304805602075 0
v 273.1011893786485 604.995380316926 0
v 273.1011893786485 604.995380316926 0
v 271.8020457605579 604.8358627717294 0
v 270.5029021424673 604.6763452265327 0
v 269.2037585243767 604.5168276813362 0
v 267.90461490628616 604.3573101361395 0
v 266.60547128819553 604.1977925909429 0
v 265.30632767010496 604.0382750457463 0
v 264.00718405201434 603.8787575005497 0
v 262.70804043392377 603.719239955353 0
v 262.70804043392377 603.719239955353 0
v 267.3695445046829 565.7543416986349 0
v 272.031048575442 527.7894434419168 0
v 276.6925526462011 489.82454518519864 0
v 281.3540567169602 451.8596469284805 0
v 286.0155607877193 413.8947486717624 0
v 290.6770648584784 375.92985041504426 0
v 295.3385689292375 337.9649521583261 0
v 300.00007299999663 300.000053901608 0
v 300.00007299999663 300.000053901608 0
v 301.29921736808745 300.1595699468042 0
v 302.5983617361782 300.3190859920004 0
v 303.89750610426904 300.4786020371966 0
v 305.1966504723598 300.6381180823928 0
v 306.4957948404506 300.79763412758905 0
v 307.79493920854145 300.95715017278525 0
v 309.0940835766322 301.11666621798145 0
v 310.39322794472304 301.27618226317765 0
v 310.41391595058457 301.0946102117322 0
v 306.41570006775703 339.13508148986267 0
v 302.41748418492955 377.17555276799317 0
v 298.41926830210207 415.2160240461236 0
v 294.42105241927453 453.2564953242541 0
v 290.422836536447 491.2969666023846 0
v 286.4246206536195 529.337437880515 0
v 282.42640477079203 567.3779091586455 0
v 278.4281888879645 605.418380436776 0
v 278.4281888879645 605.418380436776 0
v 277.1264592691412 605.2815653980118 0
v 275.8247296503179 605.1447503592476 0
v 274.52300003149463 605.0079353204833 0
v 273.22127041267134 604.8711202817191 0
v 271.91954079384806 604.7343052429549 0
v 270.61781117502477 604.5974902041905 0
v 269.3160815562015 604.4606751654263 0
v 268.0143519373782 604.3238601266621 0
v 268.0143519373782 604.3238601266621 0
v 272.0125670702055 566.2833873485312 0
v 276.0107822030328 528.2429145704003 0
v 280.0089973358601 490.2024417922694 0
v 284.0072124686874 452.1619690141385 0
v 288.0054276015147 414.1214962360076 0
v 292.003642734342 376.08102345787665 0
v 296.00185786716935 338.04055067974576 0
v 300.00007299999663 300.0000779016149 0
v 300.00007299999663 300.0000779016149 0
v 301.3018033688201 300.13689444037954 0
v 302.6035337376436 300.2737109791442 0
v 303.9052641064671 300.41052751790886 0
v 305.20699447529057 300.5473440566735 0
v 306.5087248441141 300.6841605954382 0
v 307.8104552129376 300.82097713420285 0
v 309.1121855817611 300.9577936729675 0
v 310.41391595058457 301.0946102117322 0
v 310.43143595554864 300.9126721601831 0
v 307.097727010998 339.0171282064426 0
v 303.7640180664474 377.12158425270206 0
v 300.4303091218968 415.22604029896155 0
v 297.0966001773462 453.33049634522104 0
v 293.76289123279565 491.4349523914805 0
v 290.42918228824504 529.53940843774 0
v 287.09547334369444 567.6438644839996 0
v 283.76176439914383 605.748320530259 0
v 283.76176439914383 605.748320530259 0
v 282.45784477970005 605.6342454979377 0
v 281.1539251602563 605.5201704656165 0
v 279.8500055408125 605.4060954332953 0
v 278.5460859213687 605.292020400974 0
v 277.2421663019249 605.1779453686528 0
v 275.9382466824811 605.0638703363315 0
v 274.63432706303735 604.9497953040103 0
v 273.3304074435936 604.8357202716891 0
v 273.3304074435936 604.8357202716891 0
v 276.6641163881442 566.7312627254291 0
v 279.9978253326948 528.6268051791692 0
v 283.33153427724534 490.5223476329094 0
v 286.66524322179595 452.41789008664944 0
v 289.99895216634656 414.3134325403895 0
v 293.3326611108971 376.2089749941296 0
v 296.6663700554477 338.10451744786974 0
v 300.0000789999983 300.0000599016098 0
v 300.0000789999983 300.0000599016098 0
v 301.3039986194421 300.11413643393144 0
v 302.6079182388859 300.2282129662531 0
v 303.9118378583297 300.3422894985748 0
v 305.2157574777735 300.45636603089645 0
v 306.51967709721725 300.5704425632181 0
v 307.8235967166611 300.68451909553977 0
v 309.12751633610486 300.79859562786146 0
v 310.43143595554864 300.9126721601831 0
v 310.44577595961164 300.7304641085575 0
v 307.7775894536257 338.8872986696575 0
v 305.1094029476397 377.0441332307576 0
v 302.44121644165375 415.2009677918577 0
v 299.77302993566775 453.3578023529577 0
v 297.1048434296818 491.51463691405775 0
v 294.43665692369586 529.6714714751579 0
v 291.76847041770986 567.8283060362579 0
v 289.1002839117239 605.9851405973579 0
v 289.1002839117239 605.9851405973579 0
v 287.7945717917722 605.8938355714881 0
v 286.4888596718206 605.8025305456184 0
v 285.18314755186896 605.7112255197487 0
v 283.87743543191726 605.6199204938789 0
v 282.57172331196557 605.5286154680091 0
v 281.26601119201393 605.4373104421394 0
v 279.9602990720623 605.3460054162697 0
v 278.6545869521106 605.2547003903999 0
v 278.6545869521106 605.2547003903999 0
v 281.32277345809655 567.0978658292998 0
v 283.99095996408255 528.9410312681998 0
v 286.6591464700685 490.78419670709974 0
v 289.32733297605444 452.62736214599965 0
v 291.99551948204044 414.4705275848996 0
v 294.6637059880264 376.3136930237996 0
v 297.3318924940124 338.1568584626995 0
v 300.0000789999983 300.0000239015995 0
v 300.0000789999983 300.0000239015995 0
v 301.30579111994996 300.09132892746925 0
v 302.61150323990165 300.182633953339 0
v 303.91721535985334 300.27393897920876 0
v 305.222927479805 300.36524400507847 0
v 306.5286395997566 300.4565490309482 0
v 307.8343517197083 300.547854056818 0
v 309.14006383966 300.63915908268774 0
v 310.44577595961164 300.7304641085575 0
v 310.4569359627736 300.54806405687754 0
v 308.4550841455824 338.74565362952484 0
v 306.45323232839127 376.94324320217214 0
v 304.45138051120006 415.1408327748195 0
v 302.4495286940089 453.3384223474668 0
v 300.4476768768177 491.5360119201141 0
v 298.4458250596265 529.7336014927614 0
v 296.44397324243533 567.9311910654087 0
v 294.4421214252441 606.128780638056 0
v 294.4421214252441 606.128780638056 0
v 293.1350150548974 606.0602756186463 0
v 291.8279086845507 605.9917705992366 0
v 290.52080231420405 605.9232655798268 0
v 289.2136959438573 605.854760560417 0
v 287.9065895735106 605.7862555410073 0
v 286.5994832031639 605.7177505215975 0
v 285.29237683281724 605.6492455021878 0
v 283.9852704624705 605.5807404827781 0
v 283.9852704624705 605.5807404827781 0
v 285.98712152966147 567.3831524101312 0
v 287.9889725968525 529.1855643374843 0
v 289.99082366404343 490.9879762648374 0
v 291.9926747312344 452.7903881921905 0
v 293.9945257984254 414.5928001195436 0
v 295.99637686561636 376.39521204689675 0
v 297.99822793280737 338.19762397424984 0
v 300.0000789999983 300.0000359016029 0
v 300.0000789999983 300.0000359016029 0
v 301.30718612034525 300.06853942101225 0
v 302.6142932406922 300.13704294042157 0
v 303.92140036103905 300.2055464598309 0
v 305.228507481386 300.2740499792402 0
v 306.5356146017329 300.3425534986496 0
v 307.8427217220798 300.4110570180589 0
v 309.1498288424267 300.4795605374682 0
v 310.4569359627736 300.54806405687754 0
v 310.4649039650312 300.36550200515165 0
v 309.1299973368078 338.5922118360497 0
v 307.7950907085843 376.81892166694774 0
v 306.46018408036093 415.0456314978458 0
v 305.1252774521375 453.2723413287439 0
v 303.79037082391403 491.4990511596419 0
v 302.45546419569064 529.72576099054 0
v 301.1205575674672 567.952470821438 0
v 299.78565093924374 606.1791806523361 0
v 299.78565093924374 606.1791806523361 0
v 298.47754781861465 606.1334981393927 0
v 297.1694446979855 606.0878156264494 0
v 295.86134157735637 606.042133113506 0
v 294.5532384567273 605.9964506005626 0
v 293.2451353360982 605.9507680876193 0
v 291.93703221546906 605.9050855746759 0
v 290.6289290948399 605.8594030617326 0
v 289.32082597421083 605.8137205487892 0
v 289.32082597421083 605.8137205487892 0
v 290.6557326024343 567.5870122178916 0
v 291.99063923065773 529.360303886994 0
v 293.3255458588811 491.13359555609634 0
v 294.6604524871046 452.9068872251987 0
v 295.99535911532803 414.6801788943011 0
v 297.3302657435514 376.4534705634034 0
v 298.6651723717749 338.2267622325058 0
v 300.0000789999983 300.00005390160817 0
v 300.0000789999983 300.00005390160817 0
v 301.3081821206274 300.0457349145511 0
v 302.61628524125655 300.09141592749404 0
v 303.9243883618857 300.137096940437 0
v 305.2324914825148 300.1827779533799 0
v 306.54059460314386 300.2284589663228 0
v 307.848697723773 300.2741399792658 0
v 309.15680084440214 300.31982099220875 0
v 310.4649039650312 300.36550200515165 0
v 310.4696919663878 300.18280795338836 0
v 309.8021370272473 338.42699203923746 0
v 309.1345820881068 376.67117612508656 0
v 308.4670271489663 414.91536021093566 0
v 307.7994722098258 453.1595442967848 0
v 307.1319172706853 491.40372838263386 0
v 306.46436233154475 529.647912468483 0
v 305.7968073924043 567.892096554332 0
v 305.12925245326375 606.1362806401812 0
v 305.12925245326375 606.1362806401812 0
v 303.8205508324651 606.1134356337085 0
v 302.51184921166634 606.0905906272358 0
v 301.2031475908677 606.0677456207629 0
v 299.894445970069 606.0449006142902 0
v 298.5857443492703 606.0220556078175 0
v 297.27704272847166 605.9992106013447 0
v 295.9683411076729 605.9763655948719 0
v 294.65963948687425 605.9535205883992 0
v 294.65963948687425 605.9535205883992 0
v 295.327195176015 567.7093372525503 0
v 295.9947508651557 529.4651539167014 0
v 296.66230655429644 491.2209705808525 0
v 297.3298622434371 452.9767872450036 0
v 297.99741793257783 414.7326039091547 0
v 298.66497362171856 376.4884205733058 0
v 299.3325293108593 338.2442372374569 0
v 300.000085 300.000053901608 0
v 300.000085 300.000053901608 0
v 301.3087858707985 300.0228981580805 0
v 302.61748674159696 300.0457424145531 0
v 303.92618761239544 300.0685866710256 0
v 305.2348884831939 300.0914309274982 0
v 306.5435893539924 300.11427518397073 0
v 307.85229022479086 300.13711944044326 0
v 309.16099109558934 300.15996369691584 0
v 310.4696919663878 300.18280795338836 0
v 310.4712459668281 299.999933901574 0
v 310.4712459668281 338.249944739074 0
v 310.4712459668281 376.49995557657405 0
v 310.4712459668281 414.74996641407404 0
v 310.4712459668281 452.999977251574 0
v 310.4712459668281 491.24998808907407 0
v 310.4712459668281 529.4999989265741 0
v 310.4712459668281 567.7500097640741 0
v 310.4712459668281 606.0000206015741 0
v 310.4712459668281 606.0000206015741 0
v 309.16234559597314 606.0000206015741 0
v 307.8534452251181 606.0000206015741 0
v 306.5445448542631 606.0000206015741 0
v 305.2356444834081 606.0000206015741 0
v 303.92674411255314 606.0000206015741 0
v 302.61784374169815 606.0000206015741 0
v 301.3089433708431 606.0000206015741 0
v 300.0000429999881 606.0000206015741 0
v 300.0000429999881 606.0000206015741 0
v 300.0000422499879 567.7500097640741 0
v 300.0000414999877 529.4999989265741 0
v 300.0000407499875 491.24998808907407 0
v 300.0000399999873 452.999977251574 0
v 300.0000392499871 414.74996641407404 0
v 300.0000384999869 376.49995557657405 0
v 300.00003774998663 338.249944739074 0
v 300.00003699998643 299.999933901574 0
v 300.00003699998643 299.999933901574 0
v 301.3089381208416 299.999933901574 0
v 302.61783924169686 299.999933901574 0
v 303.9267403625521 299.999933901574 0
v 305.2356414834073 299.999933901574 0
v 306.54454260426246 299.999933901574 0
v 307.8534437251177 299.999933901574 0
v 309.16234484597294 299.999933901574 0
v 310.4712459668281 299.999933901574 0
v 300.00003699998643 -6.000055598398472 0
v 301.3089381208416 -6.000055598398472 0
v 302.61783924169686 -6.000055598398472 0
v 303.9267403625521 -6.000055598398472 0
v 305.2356414834073 -6.000055598398472 0
v 306.54454260426246 -6.000055598398472 0
v 307.8534437251177 -6.000055598398472 0
v 309.16234484597294 -6.000055598398472 0
v 310.4712459668281 -6.000055598398472 0
v 310.4712459668281 -6.000055598398472 0
v 310.4712459668281 70.49996142660021 0
v 310.4712459668281 146.9999784515989 0
v 310.4712459668281 223.4999954765976 0
v 310.4712459668281 300.00001250159625 0
v 310.4712459668281 376.5000295265949 0
v 310.4712459668281 453.00004655159364 0
v 310.4712459668281 529.5000635765923 0
v 310.4712459668281 606.000080601591 0
v 310.4712459668281 606.000080601591 0
v 309.16234559597314 606.000080601591 0
v 307.8534452251181 606.000080601591 0
v 306.5445448542631 606.000080601591 0
v 305.2356444834081 606.000080601591 0
v 303.92674411255314 606.000080601591 0
v 302.61784374169815 606.000080601591 0
v 301.3089433708431 606.000080601591 0
v 300.0000429999881 606.000080601591 0
v 300.0000429999881 606.000080601591 0
v 300.0000422499879 529.5000635765923 0
v 300.0000414999877 453.00004655159364 0
v 300.0000407499875 376.5000295265949 0
v 300.0000399999873 300.00001250159625 0
v 300.0000392499871 223.49999547659758 0
v 300.0000384999869 146.99997845159885 0
v 300.00003774998663 70.49996142660018 0
v 300.00003699998643 -6.00005559839849 0
v 294.659603486864 -5.953451185193892 0
v 295.9683051076627 -5.976294691666217 0
v 297.2770067284614 -5.999138198138541 0
v 298.5857083492601 -6.021981704610866 0
v 299.89440997005875 -6.044825211083191 0
v 301.2031115908574 -6.067668717555517 0
v 302.5118132116561 -6.090512224027841 0
v 303.8205148324548 -6.113355730500166 0
v 305.1292164532535 -6.136199236972491 0
v 305.1292164532535 -6.136199236972491 0
v 306.4643255815343 70.35216323472409 0
v 307.79943470981516 146.84052570642066 0
v 309.13454383809596 223.32888817811724 0
v 310.46965296637677 299.8172506498138 0
v 311.8047620946576 376.30561312151036 0
v 313.1398712229384 452.79397559320694 0
v 314.47498035121924 529.2823380649036 0
v 315.81008947950005 605.7707005366001 0
v 315.81008947950005 605.7707005366001 0
v 314.5013886087016 605.7935455430728 0
v 313.1926877379031 605.8163905495455 0
v 311.8839868671046 605.8392355560184 0
v 310.57528599630615 605.8620805624911 0
v 309.2665851255077 605.8849255689638 0
v 307.9578842547092 605.9077705754366 0
v 306.6491833839107 605.9306155819094 0
v 305.34048251311225 605.9534605883821 0
v 305.34048251311225 605.9534605883821 0
v 304.00537263483125 529.4650966166851 0
v 302.6702627565502 452.9767326449881 0
v 301.3351528782691 376.4883686732911 0
v 300.0000429999881 300.0000047015941 0
v 298.6649331217071 223.51164072989707 0
v 297.32982324342606 147.0232767582001 0
v 295.994713365145 70.53491278650313 0
v 294.659603486864 -5.953451185193899 0
v 289.32078997420064 -5.813649345583379 0
v 290.62889384483 -5.8593293835260525 0
v 291.93699771545926 -5.905009421468726 0
v 293.2451015860886 -5.9506894594114 0
v 294.55320545671793 -5.996369497354074 0
v 295.86130932734727 -6.042049535296748 0
v 297.1694131979766 -6.087729573239422 0
v 298.4775170686059 -6.1334096111820955 0
v 299.78562093923523 -6.179089649124769 0
v 299.78562093923523 -6.179089649124769 0
v 302.4554334456819 70.2743291126711 0
v 305.1252459521286 146.72774787446696 0
v 307.7950584585752 223.18116663626282 0
v 310.4648709650219 299.6345853980587 0
v 313.1346834714685 376.08800415985456 0
v 315.80449597791517 452.5414229216504 0
v 318.47430848436187 528.9948416834462 0
v 321.1441209908085 605.4482604452421 0
v 321.1441209908085 605.4482604452421 0
v 319.8360178701794 605.4939354581834 0
v 318.5279147495503 605.5396104711247 0
v 317.2198116289212 605.5852854840658 0
v 315.91170850829207 605.6309604970071 0
v 314.6036053876629 605.6766355099484 0
v 313.29550226703384 605.7223105228895 0
v 311.98739914640475 605.7679855358308 0
v 310.6792960257756 605.8136605487721 0
v 310.6792960257756 605.8136605487721 0
v 308.00948276932877 529.3602468119776 0
v 305.33966951288187 452.9068330751832 0
v 302.66985625643497 376.4534193383888 0
v 300.0000429999881 300.00000560159435 0
v 297.3302297435413 223.5465918647999 0
v 294.6604164870944 147.0931781280055 0
v 291.9906032306475 70.63976439121109 0
v 289.32078997420064 -5.8136493455833715 0
v 283.9852344624603 -5.58069387957935 0
v 285.29234158280724 -5.649196423988398 0
v 286.59944870315417 -5.717698968397447 0
v 287.90655582350104 -5.786201512806496 0
v 289.21366294384796 -5.854704057215544 0
v 290.5207700641949 -5.923206601624592 0
v 291.82787718454176 -5.991709146033641 0
v 293.1349843048887 -6.06021169044269 0
v 294.4420914252356 -6.1287142348517385 0
v 294.4420914252356 -6.1287142348517385 0
v 298.4457935596176 70.26646258544224 0
v 302.44949569399955 146.66163940573622 0
v 306.45319782838146 223.0568162260302 0
v 310.45689996276343 299.4519930463242 0
v 314.4606020971454 375.8471698666182 0
v 318.4643042315273 452.2423466869122 0
v 322.4680063659093 528.6375235072062 0
v 326.47170850029124 605.0327003275002 0
v 326.47170850029124 605.0327003275002 0
v 325.1646013799443 605.1012053469099 0
v 323.8574942595974 605.1697103663196 0
v 322.5503871392505 605.2382153857294 0
v 321.2432800189036 605.3067204051391 0
v 319.93617289855666 605.3752254245488 0
v 318.6290657782098 605.4437304439587 0
v 317.32195865786287 605.5122354633684 0
v 316.01485153751594 605.5807404827781 0
v 316.01485153751594 605.5807404827781 0
v 312.01114940313397 529.1855611874834 0
v 308.007447268752 452.79038189218875 0
v 304.0037451343701 376.395202596894 0
v 300.0000429999881 300.00002330159936 0
v 295.99634086560616 223.6048440063047 0
v 291.99263873122425 147.20966471100996 0
v 287.9889365968423 70.81448541571535 0
v 283.9852344624603 -5.580693879579371 0
v 278.6545569521021 -5.254656187202027 0
v 279.96026907205373 -5.345960463071565 0
v 281.2659811920054 -5.437264738941103 0
v 282.5716933119571 -5.528569014810641 0
v 283.87740543190876 -5.619873290680179 0
v 285.1831175518604 -5.711177566549717 0
v 286.4888296718121 -5.802481842419255 0
v 287.7945417917638 -5.8937861182887925 0
v 289.1002539117154 -5.98509039415833 0
v 289.1002539117154 -5.98509039415833 0
v 294.43662617368716 70.32857842804171 0
v 299.77299843565885 146.64224725024175 0
v 305.10937069763054 222.9559160724418 0
v 310.4457429596023 299.26958489464187 0
v 315.78211522157403 375.5832537168419 0
v 321.1184874835457 451.89692253904195 0
v 326.4548597455174 528.210591361242 0
v 331.79123200748916 604.524260183442 0
v 331.79123200748916 604.524260183442 0
v 330.4855198875375 604.6155652093119 0
v 329.1798077675858 604.7068702351816 0
v 327.87409564763414 604.7981752610513 0
v 326.5683835276825 604.8894802869211 0
v 325.26267140773086 604.9807853127909 0
v 323.95695928777917 605.0720903386606 0
v 322.6512471678275 605.1633953645303 0
v 321.34553504787584 605.2547003904001 0
v 321.34553504787584 605.2547003904001 0
v 316.0091627859041 528.9410308181998 0
v 310.6727905239324 452.62736124599957 0
v 305.3364182619607 376.3136916737993 0
v 300.00004599998897 300.00002210159903 0
v 294.6636737380172 223.68635252939873 0
v 289.32730147604553 147.3726829571985 0
v 283.99092921407384 71.05901338499825 0
v 278.6545569521021 -5.254656187202045 0
v 273.330377443585 -4.835634068479131 0
v 274.634297813029 -4.949712325801294 0
v 275.938218182473 -5.063790583123458 0
v 277.24213855191704 -5.177868840445622 0
v 278.546058921361 -5.291947097767785 0
v 279.849979290805 -5.406025355089949 0
v 281.153899660249 -5.520103612412113 0
v 282.45782002969304 -5.6341818697342765 0
v 283.761740399137 -5.74826012705644 0
v 283.761740399137 -5.74826012705644 0
v 290.4291567882378 70.46065489046337 0
v 297.09657317733854 146.6695699079832 0
v 303.76398956643936 222.87848492550302 0
v 310.43140595554013 299.08739994302283 0
v 317.0988223446409 375.29631496054265 0
v 323.7662387337417 451.50522997806246 0
v 330.4336551228425 527.7141449955823 0
v 337.10107151194325 603.923060013102 0
v 337.10107151194325 603.923060013102 0
v 335.79715189249947 604.0371350454233 0
v 334.4932322730557 604.1512100777445 0
v 333.18931265361186 604.2652851100657 0
v 331.8853930341681 604.379360142387 0
v 330.5814734147243 604.4934351747082 0
v 329.2775537952805 604.6075102070295 0
v 327.9736341758367 604.7215852393507 0
v 326.66971455639293 604.8356602716719 0
v 326.66971455639293 604.8356602716719 0
v 320.00229741729197 528.6267484791531 0
v 313.33488027819095 452.41783668663413 0
v 306.66746313908993 376.2089248941153 0
v 300.00004599998897 300.0000131015964 0
v 293.332628860888 223.79110130907748 0
v 286.665211721787 147.58218951655863 0
v 279.99779458268597 71.37327772403967 0
v 273.330377443585 -4.83563406847918 0
v 268.01432193736974 -4.323755923447031 0
v 269.3160530561935 -4.460573362211961 0
v 270.61778417501716 -4.597390800976891 0
v 271.91951529384085 -4.734208239741821 0
v 273.2212464126646 -4.871025678506751 0
v 274.5229775314883 -5.007843117271681 0
v 275.824708650312 -5.1446605560366105 0
v 277.1264397691357 -5.2814779948015405 0
v 278.4281708879594 -5.41829543356647 0
v 278.4281708879594 -5.41829543356647 0
v 286.4246004036138 70.66264397269362 0
v 294.4210299192682 146.7435833789537 0
v 302.4174594349226 222.8245227852138 0
v 310.41388895057696 298.9054621914739 0
v 318.41031846623133 374.98640159773396 0
v 326.4067479818857 451.06734100399404 0
v 334.4031774975401 527.1482804102541 0
v 342.3996070131945 603.2292198165142 0
v 342.3996070131945 603.2292198165142 0
v 341.0978773943712 603.3660423552806 0
v 339.7961477755479 603.502864894047 0
v 338.49441815672463 603.6396874328133 0
v 337.19268853790135 603.7765099715797 0
v 335.89095891907806 603.9133325103461 0
v 334.5892293002548 604.0501550491124 0
v 333.2874996814315 604.1869775878788 0
v 331.9857700626082 604.3238001266452 0
v 331.9857700626082 604.3238001266452 0
v 323.9893390469534 528.2428556203837 0
v 315.9929080312986 452.1619111141222 0
v 307.9964770156438 376.0809666078606 0
v 300.00004599998897 300.0000221015991 0
v 292.00361498433415 223.91907759533757 0
v 284.0071839686793 147.838133089076 0
v 276.01075295302456 71.75718858281448 0
v 268.01432193736974 -4.323755923447038 0
v 262.7080164339169 -3.7191783521500987 0
v 264.0071608020077 -3.87869327234598 0
v 265.3063051700985 -4.038208192541862 0
v 266.6054495381893 -4.197723112737743 0
v 267.90459390628007 -4.357238032933624 0
v 269.2037382743709 -4.516752953129506 0
v 270.5028826424617 -4.676267873325387 0
v 271.8020270105525 -4.835782793521268 0
v 273.1011713786433 -4.99529771371715 0
v 273.1011713786433 -4.99529771371715 0
v 282.4241787701613 70.93450194972 0
v 291.74718616167934 146.86430161315715 0
v 301.0701935531973 222.7941012765943 0
v 310.3932009447153 298.72390094003146 0
v 319.71620833623336 374.6537006034686 0
v 329.03921572775135 450.58350026690573 0
v 338.3622231192694 526.5132999303429 0
v 347.6852305107874 602.4430995937801 0
v 347.6852305107874 602.4430995937801 0
v 346.3860868926968 602.6026171389767 0
v 345.0869432746062 602.7621346841734 0
v 343.78779965651563 602.9216522293699 0
v 342.488656038425 603.0811697745665 0
v 341.18951242033444 603.2406873197632 0
v 339.89036880224387 603.4002048649597 0
v 338.59122518415325 603.5597224101564 0
v 337.2920815660627 603.719239955353 0
v 337.2920815660627 603.719239955353 0
v 327.96907342454443 527.7894376669151 0
v 318.64606528302625 451.85963537847726 0
v 309.323057141508 375.9298330900393 0
v 300.00004899998976 300.00003080160144 0
v 290.67704085847157 224.07022851316356 0
v 281.3540327169533 148.14042622472562 0
v 272.03102457543514 72.21062393628779 0
v 262.7080164339169 -3.719178352150152 0
v 257.4130629336805 -3.0220855546405296 0
v 258.70922605092665 -3.2042493562535923 0
v 260.00538916817277 -3.386413157866655 0
v 261.3015522854189 -3.5685769594797176 0
v 262.597715402665 -3.7507407610927803 0
v 263.8938785199111 -3.932904562705843 0
v 265.1900416371572 -4.115068364318906 0
v 266.48620475440333 -4.297232165931968 0
v 267.78236787164946 -4.479395967545031 0
v 267.78236787164946 -4.479395967545031 0
v 278.42911363822657 71.27613094651485 0
v 289.0758594048037 147.03165786057474 0
v 299.7226051713808 222.78718477463462 0
v 310.3693509379579 298.5427116886945 0
v 321.016096704535 374.2982386027544 0
v 331.6628424711121 450.0537655168143 0
v 342.30958823768924 525.8092924308742 0
v 352.95633400426635 601.564819344934 0
v 352.95633400426635 601.564819344934 0
v 351.6601716370204 601.746979396546 0
v 350.36400926977456 601.9291394481579 0
v 349.0678469025287 602.11129949977 0
v 347.77168453528276 602.2934595513819 0
v 346.47552216803683 602.4756196029939 0
v 345.17935980079096 602.657779654606 0
v 343.8831974335451 602.8399397062179 0
v 342.58703506629917 603.0220997578299 0
v 342.58703506629917 603.0220997578299 0
v 331.94028854972186 527.2665765937711 0
v 321.2935420331445 451.5110534297123 0
v 310.6467955165672 375.7555302656535 0
v 300.0000489999899 300.0000071015947 0
v 289.3533024834125 224.2444839375359 0
v 278.7065559668352 148.48896077347706 0
v 268.05980945025783 72.73343760941827 0
v 257.4130629336805 -3.022085554640512 0
v 252.13108743712124 -2.2326869309776463 0
v 253.42387330341046 -2.4374441889921865 0
v 254.71665916969968 -2.6422014470067268 0
v 256.0094450359889 -2.846958705021267 0
v 257.30223090227815 -3.0517159630358073 0
v 258.59501676856735 -3.2564732210503475 0
v 259.8878026348566 -3.461230479064888 0
v 261.1805885011458 -3.665987737079428 0
v 262.47337436743504 -3.8707449950939683 0
v 262.47337436743504 -3.8707449950939683 0
v 274.44061400815195 71.68743301305042 0
v 286.4078536488689 147.24561102119483 0
v 298.37509328958583 222.8037890293392 0
v 310.34233293030275 298.3619670374836 0
v 322.3095725710197 373.92014504562803 0
v 334.2768122117366 449.4783230537724 0
v 346.2440518524536 525.0365010619167 0
v 358.2112914931705 600.5946790700611 0
v 358.2112914931705 600.5946790700611 0
v 356.9185063768815 600.7994366280758 0
v 355.6257212605925 601.0041941860904 0
v 354.33293614430346 601.208951744105 0
v 353.04015102801446 601.4137093021196 0
v 351.74736591172547 601.6184668601343 0
v 350.4545807954364 601.8232244181488 0
v 349.1617956791474 602.0279819761635 0
v 347.8690105628584 602.2327395341781 0
v 347.8690105628584 602.2327395341781 0
v 335.90177017214125 526.6745612260337 0
v 323.93452978142415 451.11638291788915 0
v 311.967289390707 375.55820460974473 0
v 300.0000489999898 300.00002630160026 0
v 288.0328086092727 224.44184799345578 0
v 276.06556821855554 148.88366968531136 0
v 264.0983278278384 73.32549137716683 0
v 252.13108743712124 -2.232686930977593 0
v 246.86368594469124 -1.3512260812304824 0
v 248.15270230991243 -1.5785143956288197 0
v 249.44171867513364 -1.805802710027157 0
v 250.73073504035483 -2.0330910244254943 0
v 252.01975140557602 -2.2603793388238316 0
v 253.30876777079723 -2.487667653222169 0
v 254.59778413601842 -2.714955967620506 0
v 255.88680050123963 -2.9422442820188435 0
v 257.1758168664608 -3.1695325964171808 0
v 257.1758168664608 -3.1695325964171808 0
v 270.45990538028485 72.16828132429072 0
v 283.7439938941088 147.50609524499862 0
v 297.02808240793286 222.84390916570652 0
v 310.3121709217569 298.1817230864144 0
v 323.5962594355809 373.5195370071223 0
v 336.88034794940495 448.8573509278302 0
v 350.1644364632289 524.1951648485381 0
v 363.44852497705295 599.532978769246 0
v 363.44852497705295 599.532978769246 0
v 362.15950936183197 599.7602663336442 0
v 360.870493746611 599.9875538980423 0
v 359.58147813139 600.2148414624405 0
v 358.292462516169 600.4421290268386 0
v 357.003446900948 600.6694165912368 0
v 355.714431285727 600.896704155635 0
v 354.425415670506 601.1239917200331 0
v 353.13640005528504 601.3512792844313 0
v 353.13640005528504 601.3512792844313 0
v 339.8523107914608 526.0134661137236 0
v 326.5682215276366 450.67565294301585 0
v 313.28413226381235 375.3378397723081 0
v 300.0000429999881 300.0000266016004 0
v 286.7159537361639 224.66221343089268 0
v 273.4318644723397 149.32440026018492 0
v 260.14777520851544 73.98658708947721 0
v 246.86368594469124 -1.351226081230493 0
v 241.61247845684952 -0.37797000547467263 0
v 242.89733082089091 -0.6277201512371939 0
v 244.1821831849323 -0.8774702969997152 0
v 245.4670355489737 -1.1272204427622365 0
v 246.75188791301514 -1.3769705885247578 0
v 248.03674027705654 -1.6267207342872791 0
v 249.32159264109794 -1.8764708800498004 0
v 250.60644500513934 -2.1262210258123218 0
v 251.89129736918073 -2.375971171574843 0
v 251.89129736918073 -2.375971171574843 0
v 266.4881892549656 72.71852753019377 0
v 281.08508114075045 147.8130262319624 0
v 295.68197302653533 222.90752493373103 0
v 310.27886491232016 298.0020236354996 0
v 324.87575679810504 373.0965223372682 0
v 339.47264868388993 448.19102103903685 0
v 354.0695405696748 523.2855197408054 0
v 368.66643245545964 598.380018442574 0
v 368.66643245545964 598.380018442574 0
v 367.38158009141824 598.6297685133366 0
v 366.09672772737684 598.8795185840991 0
v 364.81187536333545 599.1292686548616 0
v 363.52702299929405 599.3790187256241 0
v 362.24217063525265 599.6287687963866 0
v 360.95731827121125 599.8785188671491 0
v 359.67246590716985 600.1282689379116 0
v 358.38761354312845 600.3780190086741 0
v 358.38761354312845 600.3780190086741 0
v 343.79072165734357 525.2835203819054 0
v 329.19382977155874 450.1890217551369 0
v 314.59693788577385 375.0945231283683 0
v 300.00004599998897 300.0000245015997 0
v 285.4031541142041 224.90552587483108 0
v 270.80626222841926 149.8110272480625 0
v 256.2093703426344 74.71652862129395 0
v 241.61247845684952 -0.37797000547470816 0
v 236.3790489740449 0.6867830962052892 0
v 237.659347336796 0.4146472441001534 0
v 238.9396456995471 0.1425113919950176 0
v 240.21994406229823 -0.1296244601101182 0
v 241.50024242504932 -0.401760312215254 0
v 242.78054078780042 -0.6738961643203898 0
v 244.06083915055154 -0.9460320164255256 0
v 245.34113751330264 -1.2181678685306614 0
v 246.62143587605374 -1.4903037206357972 0
v 246.62143587605374 -1.4903037206357972 0
v 262.52668513253974 73.33800400571207 0
v 278.43193438902574 148.1663117320599 0
v 294.3371836455118 222.99461945840775 0
v 310.2424329019978 297.82292718475566 0
v 326.1476821584838 372.65123491110353 0
v 342.05293141496986 447.47954263745135 0
v 357.95818067145586 522.3078503637993 0
v 373.86342992794187 597.1361580901471 0
v 373.86342992794187 597.1361580901471 0
v 372.58313156519074 597.4082956672527 0
v 371.3028332024397 597.6804332443583 0
v 370.02253483968855 597.952570821464 0
v 368.7422364769375 598.2247083985695 0
v 367.46193811418635 598.4968459756751 0
v 366.1816397514352 598.7689835527808 0
v 364.90134138868416 599.0411211298864 0
v 363.62104302593303 599.313258706992 0
v 363.62104302593303 599.313258706992 0
v 347.71579376944703 524.4849492556436 0
v 331.810544512961 449.6566398042953 0
v 315.905295256475 374.828330352947 0
v 300.00004599998897 300.00002090159865 0
v 284.09479674350297 225.1717114502503 0
v 268.18954748701697 150.34340199890198 0
v 252.2842982305309 75.51509254755365 0
v 236.3790489740449 0.6867830962053176 0
v 231.16500549673302 1.8427110237181097 0
v 232.44035985808333 1.5482723402938396 0
v 233.7157142194336 1.2538336568695696 0
v 234.99106858078392 0.9593949734452996 0
v 236.26642294213423 0.6649562900210295 0
v 237.54177730348454 0.3705176065967595 0
v 238.81713166483485 0.07607892317248943 0
v 240.09248602618513 -0.2183597602517806 0
v 241.36784038753544 -0.5127984436760507 0
v 241.36784038753544 -0.5127984436760507 0
v 258.57659976334924 74.02652857579398 0
v 275.785359139163 148.565855595264 0
v 292.9941185149768 223.10518261473402 0
v 310.20287789079055 297.64450963420404 0
v 327.4116372666043 372.18383665367406 0
v 344.6203966424181 446.7231636731441 0
v 361.82915601823186 521.2624906926142 0
v 379.0379153940456 595.8018177120841 0
v 379.0379153940456 595.8018177120841 0
v 377.76256253269577 596.0962602955095 0
v 376.4872096713459 596.3907028789349 0
v 375.21185680999605 596.6851454623602 0
v 373.9365039486462 596.9795880457856 0
v 372.6611510872963 597.274030629211 0
v 371.3857982259464 597.5684732126363 0
v 370.11044536459656 597.8629157960617 0
v 368.8350925032467 598.157358379487 0
v 368.8350925032467 598.157358379487 0
v 351.6263316274325 523.6180274600159 0
v 334.41757075161826 449.0786965405448 0
v 317.20880987580404 374.5393656210737 0
v 300.0000489999899 300.0000347016026 0
v 282.79128812417565 225.46070378213147 0
v 265.58252724836143 150.9213728626604 0
v 248.3737663725472 76.38204194318928 0
v 231.16500549673302 1.8427110237181523 0
v 225.9719320253626 3.0894591769633237 0
v 227.2419531352018 2.7728072872453136 0
v 228.51197424504102 2.4561553975273034 0
v 229.78199535488025 2.139503507809293 0
v 231.05201646471946 1.822851618091283 0
v 232.32203757455866 1.5061997283732729 0
v 233.5920586843979 1.1895478386552627 0
v 234.8620797942371 0.8728959489372525 0
v 236.1321009040763 0.5562440592192424 0
v 236.1321009040763 0.5562440592192424 0
v 254.6391301477331 74.78388321537771 0
v 273.1461593913899 149.0115223715362 0
v 291.6531886350467 223.23916152769465 0
v 310.1602178787035 297.46680068385314 0
v 328.6672471223603 371.6944398400116 0
v 347.1742763660171 445.92207899617006 0
v 365.6813056096739 520.1497181523285 0
v 384.18833485333073 594.377357308487 0
v 384.18833485333073 594.377357308487 0
v 382.9183144934917 594.6940073982046 0
v 381.6482941336527 595.010657487922 0
v 380.37827377381376 595.3273075776394 0
v 379.10825341397475 595.643957667357 0
v 377.83823305413574 595.9606077570745 0
v 376.5682126942968 596.2772578467919 0
v 375.2981923344578 596.5939079365094 0
v 374.0281719746188 596.9105580262269 0
v 374.0281719746188 596.9105580262269 0
v 355.5211419809618 522.6829206700689 0
v 337.0141119873047 448.455283313911 0
v 318.5070819936477 374.2276459577531 0
v 300.00005199999066 300.00000860159514 0
v 281.49302200633366 225.77237124543717 0
v 262.98599201267666 151.54473388927926 0
v 244.47896201901963 77.31709653312134 0
v 225.9719320253626 3.0894591769633735 0
v 220.8014005603791 4.426647755833308 0
v 222.0657021685978 4.087879184848907 0
v 223.33000377681648 3.749110613864506 0
v 224.59430538503517 3.410342042880105 0
v 225.85860699325386 3.0715734718957037 0
v 227.12290860147255 2.7328049009113027 0
v 228.38721020969123 2.3940363299269016 0
v 229.65151181790992 2.0552677589425006 0
v 230.9158134261286 1.7164991879580995 0
v 230.9158134261286 1.7164991879580995 0
v 250.71547478603108 75.60984389939983 0
v 270.5151361459335 149.50318861084156 0
v 290.314797505836 223.3965333222833 0
v 310.11445886573847 297.289878033725 0
v 329.91412022564094 371.18322274516674 0
v 349.7137815855434 445.0765674566085 0
v 369.5134429454459 518.9699121680502 0
v 389.31310430534836 592.8632568794919 0
v 389.31310430534836 592.8632568794919 0
v 388.0488034471299 593.202024475476 0
v 386.78450258891144 593.5407920714601 0
v 385.5202017306929 593.8795596674444 0
v 384.25590087247446 594.2183272634285 0
v 382.991600014256 594.5570948594126 0
v 381.7272991560375 594.8958624553968 0
v 380.462998297819 595.2346300513809 0
v 379.19869743960055 595.573397647365 0
v 379.19869743960055 595.573397647365 0
v 359.3990353296979 521.6800539109236 0
v 339.5993732197952 447.7867101744821 0
v 319.79971110989254 373.89336643804063 0
v 300.0000489999898 300.00002270159916 0
v 280.20038689008715 226.1066789651577 0
v 260.4007247801845 152.21333522871623 0
v 240.60106267028178 78.31999149227477 0
v 220.8014005603791 4.426647755833301 0
v 215.6549951022313 5.853869960212819 0
v 216.91319170872026 5.493087907991267 0
v 218.17138831520919 5.132305855769715 0
v 219.42958492169814 4.771523803548163 0
v 220.6877815281871 4.410741751326611 0
v 221.945978134676 4.0499596991050595 0
v 223.20417474116496 3.6891776468835076 0
v 224.46237134765389 3.3283955946619557 0
v 225.72056795414284 2.9676135424404038 0
v 225.72056795414284 2.9676135424404038 0
v 246.80683067858226 76.5041539027876 0
v 267.8930934030217 150.0406942631348 0
v 288.9793561274611 223.577234623482 0
v 310.06561885190047 297.1137749838292 0
v 331.1518815763399 370.6503153441764 0
v 352.2381443007793 444.1868557045236 0
v 373.32440702521876 517.7233960648708 0
v 394.41066974965815 591.259936425218 0
v 394.41066974965815 591.259936425218 0
v 393.15247389316943 591.6207165274391 0
v 391.8942780366807 591.9814966296601 0
v 390.636082180192 592.342276731881 0
v 389.37788632370325 592.7030568341021 0
v 388.1196904672146 593.0638369363231 0
v 386.86149461072586 593.424617038544 0
v 385.60329875423713 593.7853971407651 0
v 384.3451028977484 594.1461772429861 0
v 384.3451028977484 594.1461772429861 0
v 363.25883942330876 520.6096388326395 0
v 342.1725759488691 447.0731004222928 0
v 321.0863124744295 373.53656201194616 0
v 300.0000489999899 300.0000236015995 0
v 278.9137855255502 226.4634851912528 0
v 257.8275220511106 152.92694678090618 0
v 236.74125857667096 79.3904083705595 0
v 215.6549951022313 5.853869960212819 0
v 210.53428165136293 7.370693189979278 0
v 211.78599075601375 6.988007531551705 0
v 213.03769986066456 6.605321873124133 0
v 214.28940896531537 6.222636214696561 0
v 215.5411180699662 5.839950556268988 0
v 216.792827174617 5.457264897841416 0
v 218.04453627926782 5.074579239413843 0
v 219.29624538391863 4.691893580986271 0
v 220.54795448856945 4.3092079225586986 0
v 220.54795448856945 4.3092079225586986 0
v 242.91439482572574 77.46654142546399 0
v 265.28083516288206 150.62387492836928 0
v 287.64727550003835 223.78120843127456 0
v 310.01371583719464 296.93854193417985 0
v 332.380156174351 370.09587543708517 0
v 354.7465965115073 443.25320893999043 0
v 377.11303684866357 516.4105424428957 0
v 399.47947718581986 589.567875945801 0
v 399.47947718581986 589.567875945801 0
v 398.22776958116947 589.950556054227 0
v 396.9760619765191 590.3332361626531 0
v 395.7243543718687 590.715916271079 0
v 394.4726467672183 591.098596379505 0
v 393.2209391625679 591.481276487931 0
v 391.9692315579175 591.863956596357 0
v 390.7175239532671 592.246636704783 0
v 389.4658163486167 592.629316813209 0
v 389.4658163486167 592.629316813209 0
v 367.09937451146 519.4719888603053 0
v 344.7329326743033 446.3146609074016 0
v 322.36649083714656 373.15733295449786 0
v 300.0000489999898 300.00000500159416 0
v 277.6336071628331 226.84267704869046 0
v 255.2671653256764 153.6853490957867 0
v 232.90072348851965 80.52802114288306 0
v 210.53428165136293 7.370693189979306 0
v 205.4408262082176 8.976653045001115 0
v 206.6856653109219 8.572180330400546 0
v 207.93050441362624 8.167707615799975 0
v 209.17534351633054 7.763234901199405 0
v 210.42018261903485 7.358762186598835 0
v 211.66502172173918 6.954289471998265 0
v 212.90986082444348 6.549816757397695 0
v 214.15469992714782 6.145344042797125 0
v 215.39953902985212 5.740871328196555 0
v 215.39953902985212 5.740871328196555 0
v 239.03934472779517 78.49671434234625 0
v 262.6791504257382 151.25255735649594 0
v 286.31895612368123 224.00840037064563 0
v 309.9587618216243 296.7642433847953 0
v 333.5985675195674 369.520086398945 0
v 357.2383732175104 442.2759294130947 0
v 380.8781789154534 515.0317724272444 0
v 404.5179846133965 587.7876154413941 0
v 404.5179846133965 587.7876154413941 0
v 403.2731462606924 588.1920830559932 0
v 402.0283079079883 588.5965506705924 0
v 400.78346955528417 589.0010182851915 0
v 399.53863120258006 589.4054858997906 0
v 398.293792849876 589.8099535143897 0
v 397.0489544971719 590.2144211289889 0
v 395.8041161444678 590.6188887435881 0
v 394.5592777917637 591.0233563581871 0
v 394.5592777917637 591.0233563581871 0
v 370.9194713438204 518.2675184440388 0
v 347.27966489587715 445.5116805298906 0
v 323.6398584479339 372.7558426157424 0
v 300.00005199999066 300.0000047015941 0
v 276.3602455520474 227.2441667874458 0
v 252.72043910410412 154.48832887329758 0
v 229.08063265616087 81.73249095914935 0
v 205.4408262082176 8.976653045001058 0
v 200.37617077323233 10.67126412514078 0
v 201.61376112388282 10.245127579402126 0
v 202.85135147453332 9.818991033663472 0
v 204.08894182518384 9.392854487924819 0
v 205.32653217583433 8.966717942186165 0
v 206.56412252648482 8.54058139644751 0
v 207.80171287713534 8.114444850708857 0
v 209.03930322778584 7.688308304970203 0
v 210.27689357843633 7.262171759231549 0
v 210.27689357843633 7.262171759231549 0
v 235.1828631351257 79.59436215334637 0
v 260.08883269181507 151.9265525474612 0
v 284.99480224850447 224.25874294157597 0
v 309.9007718051938 296.5909333356908 0
v 334.8067413618832 368.92312372980564 0
v 359.7127109185726 441.2553141239204 0
v 384.61868047526195 513.5875045180353 0
v 409.52465003195135 585.9196949121501 0
v 409.52465003195135 585.9196949121501 0
v 408.2870604313011 586.3458300328884 0
v 407.04947083065076 586.7719651536266 0
v 405.8118812300005 587.1981002743648 0
v 404.5742916293502 587.6242353951031 0
v 403.3367020286999 588.0503705158415 0
v 402.09911242804964 588.4765056365796 0
v 400.8615228273993 588.9026407573178 0
v 399.62393322674905 589.3287758780561 0
v 399.62393322674905 589.3287758780561 0
v 374.71796292005945 516.9965869089417 0
v 349.81199261336985 444.66439793982727 0
v 324.90602230668026 372.3322089707129 0
v 300.00005199999066 300.00002000159844 0
v 275.09408169330106 227.667831032484 0
v 250.18811138661152 155.33564206336962 0
v 225.28214107992193 83.00345309425518 0
v 200.37617077323233 10.671264125140738 0
v 195.34186334684563 12.454005630250734 0
v 196.57182769533543 12.00633507841078 0
v 197.80179204382523 11.558664526570826 0
v 199.03175639231503 11.110993974730873 0
v 200.26172074080483 10.663323422890919 0
v 201.4916850892946 10.215652871050965 0
v 202.7216494377844 9.767982319211011 0
v 203.9516137862742 9.320311767371058 0
v 205.181578134764 8.872641215531104 0
v 205.181578134764 8.872641215531104 0
v 231.34612529805028 80.75914285836748 0
v 257.5106724613365 152.64564450120386 0
v 283.6752196246228 224.53214614404024 0
v 309.83976678790907 296.4186477868766 0
v 336.0043139511953 368.30514942971297 0
v 362.1688611144816 440.19165107254935 0
v 388.33340827776783 512.0781527153857 0
v 414.4979554410541 583.9646543582221 0
v 414.4979554410541 583.9646543582221 0
v 413.2679918425645 584.4123294850633 0
v 412.03802824407495 584.8600046119046 0
v 410.8080646455854 585.307679738746 0
v 409.57810104709574 585.7553548655872 0
v 408.34813744860617 586.2030299924284 0
v 407.1181738501166 586.6507051192697 0
v 405.888210251627 587.098380246111 0
v 404.65824665313744 587.5460553729522 0
v 404.65824665313744 587.5460553729522 0
v 378.49369873985097 515.6595491551145 0
v 352.3291508265645 443.77304293727684 0
v 326.16460291327803 371.88653671943916 0
v 300.00005499999156 300.0000305016015 0
v 273.8355070867051 228.1135242837638 0
v 247.67095917341857 156.22701806592613 0
v 221.5064112601321 84.34051184808845 0
v 195.34186334684563 12.454005630250776 0
v 190.33942792948932 14.32433816017813 0
v 191.5613927757126 13.855269877275486 0
v 192.78335762193586 13.386201594372844 0
v 194.00532246815914 12.917133311470202 0
v 195.2272873143824 12.448065028567559 0
v 196.4492521606057 11.978996745664915 0
v 197.67121700682898 11.509928462762273 0
v 198.89318185305225 11.040860179859632 0
v 200.11514669927553 10.571791896956988 0
v 200.11514669927553 10.571791896956988 0
v 227.53030196690065 81.99071213231201 0
v 254.94545723452578 153.40963236766703 0
v 282.3606125021509 224.82855260302205 0
v 309.775767769776 296.24747283837706 0
v 337.19092303740115 367.6663930737321 0
v 364.60607830502624 439.0853133090871 0
v 392.02123357265134 510.5042335444421 0
v 419.4363888402765 581.9231537797971 0
v 419.4363888402765 581.9231537797971 0
v 418.2144247440534 582.3922189126988 0
v 416.9924606478304 582.8612840456005 0
v 415.7704965516073 583.3303491785023 0
v 414.54853245538425 583.799414311404 0
v 413.3265683591612 584.2684794443057 0
v 412.1046042629381 584.7375445772075 0
v 410.8826401667151 585.2066097101092 0
v 409.660676070492 585.6756748430109 0
v 409.660676070492 585.6756748430109 0
v 382.24552005286665 514.2567577576568 0
v 354.83036403524136 442.8378406723027 0
v 327.415208017616 371.41892358694867 0
v 300.00005199999066 300.00000650159456 0
v 272.5848959823653 228.58108941624045 0
v 245.16973996474 157.1621723308864 0
v 217.75458394711467 85.74325524553228 0
v 190.33942792948932 14.324338160178172 0
v 185.3704065216003 16.28169291476182 0
v 186.58399836545124 15.791369925837012 0
v 187.79759020930214 15.301046936912204 0
v 189.01118205315308 14.810723947987396 0
v 190.224773897004 14.320400959062589 0
v 191.43836574085492 13.830077970137781 0
v 192.65195758470585 13.339754981212973 0
v 193.86554942855676 12.849431992288165 0
v 195.0791412724077 12.359109003363358 0
v 195.0791412724077 12.359109003363358 0
v 223.73655264200528 83.28869452507357 0
v 252.39396401160286 154.21828004678378 0
v 281.0513753812005 225.14786556849398 0
v 309.708786750798 296.0774510902042 0
v 338.36619812039567 367.00703661191443 0
v 367.02360948999325 437.9366221336246 0
v 395.68102085959083 508.8662076553348 0
v 424.3384322291884 579.795793177045 0
v 424.3384322291884 579.795793177045 0
v 423.1248403853375 580.286113315969 0
v 421.91124854148654 580.776433454893 0
v 420.69765669763564 581.2667535938169 0
v 419.48406485378473 581.757073732741 0
v 418.27047300993377 582.247393871665 0
v 417.05688116608286 582.737714010589 0
v 415.8432893222319 583.228034149513 0
v 414.629697478381 583.718354288437 0
v 414.629697478381 583.718354288437 0
v 385.9722861087834 512.7887716167277 0
v 357.3148747391858 441.8591889450182 0
v 328.65746336958824 370.9296062733088 0
v 300.00005199999066 300.0000236015994 0
v 271.342640630393 229.07044092989003 0
v 242.68522926079547 158.14085825818063 0
v 214.02781789119788 87.21127558647123 0
v 185.3704065216003 16.281692914761834 0
v 180.43629312360193 18.325469293831638 0
v 181.64114296497596 17.81404084892695 0
v 182.84599280634998 17.302612404022266 0
v 184.050842647724 16.791183959117582 0
v 185.25569248909804 16.279755514212894 0
v 186.46054233047207 15.768327069308208 0
v 187.6653921718461 15.256898624403522 0
v 188.87024201322012 14.745470179498836 0
v 190.07509185459415 14.23404173459415 0
v 190.07509185459415 14.23404173459415 0
v 219.9660308236911 84.65268308653691 0
v 249.8569697927881 155.07132443847965 0
v 279.74790876188507 225.4899657904224 0
v 309.63884773098204 295.90860714236516 0
v 339.52978670007906 366.3272484943079 0
v 369.420725669176 436.74588984625063 0
v 399.311664638273 507.1645311981934 0
v 429.20260360736995 577.5831725501362 0
v 429.20260360736995 577.5831725501362 0
v 427.9977545159961 578.09459769504 0
v 426.79290542462235 578.6060228399436 0
v 425.5880563332485 579.1174479848473 0
v 424.38320724187474 579.6288731297511 0
v 423.1783581505009 580.1402982746549 0
v 421.9735090591271 580.6517234195586 0
v 420.7686599677533 581.1631485644623 0
v 419.5638108763795 581.6745737093661 0
v 419.5638108763795 581.6745737093661 0
v 389.67287115728226 511.2559356574243 0
v 359.7819314381851 440.8372976054825 0
v 329.8909917190879 370.41865955354064 0
v 300.0000519999907 300.00002150159884 0
v 270.1091122808935 229.58138344965704 0
v 240.2181725617963 159.16274539771518 0
v 210.32723284269912 88.74410734577339 0
v 180.43629312360193 18.32546929383159 0
v 175.53859973592253 20.455040897210083 0
v 176.73434082471573 19.92266284636968 0
v 177.93008191350896 19.390284795529276 0
v 179.12582300230218 18.85790674468887 0
v 180.32156409109538 18.325528693848465 0
v 181.51730517988858 17.79315064300806 0
v 182.7130462686818 17.260772592167655 0
v 183.90878735747503 16.72839454132725 0
v 185.10452844626823 16.196016490486848 0
v 185.10452844626823 16.196016490486848 0
v 216.21989001228485 86.08225841658313 0
v 247.33525157830147 155.9685003426794 0
v 278.4506131443181 225.85474226877568 0
v 309.56597471033473 295.74098419487194 0
v 340.6813362763513 365.6272261209682 0
v 371.79669784236796 435.5134680470645 0
v 402.9120594083846 505.3997099731608 0
v 434.0274209744012 575.285951899257 0
v 434.0274209744012 575.285951899257 0
v 432.8316806356082 575.818332050098 0
v 431.6359402968152 576.350712200939 0
v 430.44019995802216 576.8830923517801 0
v 429.2444596192292 577.415472502621 0
v 428.0487192804362 577.947852653462 0
v 426.8529789416432 578.480232804303 0
v 425.65723860285016 579.012612955144 0
v 424.4614982640572 579.544993105985 0
v 424.4614982640572 579.544993105985 0
v 393.34613594804034 509.65874907988814 0
v 362.2307736320235 439.7725050537913 0
v 331.11541131600666 369.8862610276944 0
v 300.0000489999899 300.00001700159754 0
v 268.88468668397303 230.1137729755007 0
v 237.7693243679562 160.2275289494038 0
v 206.65396205193937 90.34128492330694 0
v 175.53859973592253 20.455040897210097 0
v 170.67882635898712 22.669771124716803 0
v 171.86509344509602 22.11660561798662 0
v 173.05136053120495 21.563440111256437 0
v 174.23762761731388 21.010274604526252 0
v 175.42389470342277 20.45710909779607 0
v 176.61016178953167 19.90394359106589 0
v 177.7964288756406 19.350778084335705 0
v 178.98269596174953 18.79761257760552 0
v 180.16896304785843 18.24444707087534 0
v 180.16896304785843 18.24444707087534 0
v 212.4992687081091 87.57701259009667 0
v 244.82957436835977 156.909578109318 0
v 277.1598800286105 226.24214362853934 0
v 309.4901856888611 295.5747091477607 0
v 341.82049134911176 364.90727466698206 0
v 374.15079700936246 434.2398401862033 0
v 406.48110266961316 503.57240570542467 0
v 438.8114083298638 572.904971224646 0
v 438.8114083298638 572.904971224646 0
v 437.6251419937551 573.4581338813754 0
v 436.4388756576464 574.0112965381047 0
v 435.2526093215377 574.5644591948342 0
v 434.06634298542906 575.1176218515635 0
v 432.88007664932036 575.6707845082929 0
v 431.69381031321166 576.2239471650223 0
v 430.50754397710296 576.7771098217517 0
v 429.32127764099425 577.330272478481 0
v 429.32127764099425 577.330272478481 0
v 396.99097123074336 507.99770980926047 0
v 364.66066482049246 438.66514714003995 0
v 332.3303584102416 369.3325844708194 0
v 300.00005199999066 300.0000218015989 0
v 267.6697455897398 230.66745913237838 0
v 235.33943917948892 161.33489646315786 0
v 203.00913276923802 92.00233379393734 0
v 170.67882635898712 22.669771124716817 0
v 165.8584429932122 24.968975976157992 0
v 167.0348753265346 24.39519146358576 0
v 168.21130765985703 23.82140695101353 0
v 169.38773999317942 23.247622438441294 0
v 170.56417232650182 22.673837925869062 0
v 171.7406046598242 22.10005341329683 0
v 172.9170369931466 21.526268900724595 0
v 174.09346932646903 20.952484388152364 0
v 175.26990165979143 20.378699875580132 0
v 175.26990165979143 20.378699875580132 0
v 208.80530391148605 89.13645870693964 0
v 242.34070616318067 157.89421753829916 0
v 275.87610841487526 226.65197636965866 0
v 309.41151066656994 295.4097352010182 0
v 342.9469129182645 364.1674940323777 0
v 376.4823151699592 432.92525286373717 0
v 410.01771742165374 501.6830116950967 0
v 443.5531196733484 570.4407705264562 0
v 443.55311967334836 570.4407705264562 0
v 442.37668809002616 571.0145581890292 0
v 441.200256506704 571.5883458516023 0
v 440.0238249233818 572.1621335141755 0
v 438.8473933400596 572.7359211767485 0
v 437.6709617567374 573.3097088393216 0
v 436.4945301734152 573.8834965018948 0
v 435.3180985900931 574.4572841644679 0
v 434.1416670067709 575.0310718270409 0
v 434.1416670067709 575.0310718270409 0
v 400.60626400507607 506.27330984568056 0
v 367.0708610033812 437.5155478643202 0
v 333.5354580016864 368.7577858829598 0
v 300.00005499999156 300.00002390159943 0
v 266.46465199829674 231.24226192023906 0
v 232.9292489966019 162.48449993887868 0
v 199.39384599490705 93.72673795751831 0
v 165.85844299321224 24.968975976157935 0
v 161.07891963901432 27.351959451336455 0
v 162.24515946944885 26.757730757971707 0
v 163.41139929988339 26.16350206460696 0
v 164.5776391303179 25.569273371242208 0
v 165.74387896075243 24.97504467787746 0
v 166.91011879118696 24.38081598451271 0
v 168.07635862162147 23.78658729114796 0
v 169.242598452056 23.192358597783212 0
v 170.40883828249054 22.598129904418464 0
v 170.40883828249054 22.598129904418464 0
v 205.1391206227344 90.76014639198434 0
v 239.86940296297826 158.92216287955023 0
v 274.59968530322215 227.0841793671161 0
v 309.32996764346603 295.24619585468196 0
v 344.06024998370987 363.40821234224785 0
v 378.79053232395376 431.5702288298137 0
v 413.5208146641976 499.7322453173796 0
v 448.2510970044415 567.8942618049455 0
v 448.2510970044415 567.8942618049455 0
v 447.08485867400736 568.4884929733109 0
v 445.91862034357325 569.0827241416764 0
v 444.7523820131392 569.6769553100418 0
v 443.5861436827051 570.2711864784072 0
v 442.419905352271 570.8654176467727 0
v 441.2536670218369 571.459648815138 0
v 440.0874286914028 572.0538799835035 0
v 438.9211903609687 572.648111151869 0
v 438.9211903609687 572.648111151869 0
v 404.1909065207244 504.48609218930244 0
v 369.4606226804801 436.3240732267359 0
v 334.7303388402358 368.1620542641693 0
v 300.0000549999915 300.00003530160274 0
v 265.2697711597472 231.8380163390362 0
v 230.5394873195029 163.67599737646958 0
v 195.8092034792586 95.51397841390303 0
v 161.07891963901432 27.351959451336484 0
v 156.34171429680651 29.81799135004529 0
v 157.49740612425245 29.203499825939407 0
v 158.65309795169838 28.589008301833523 0
v 159.8087897791443 27.974516777727644 0
v 160.96448160659023 27.36002525362176 0
v 162.12017343403616 26.745533729515877 0
v 163.27586526148207 26.131042205409997 0
v 164.431557088928 25.516550681304114 0
v 165.58724891637394 24.90205915719823 0
v 165.58724891637394 24.90205915719823 0
v 201.50183259216976 92.44756714508677 0
v 237.4164162679656 159.9930751329753 0
v 273.3309999437614 227.53858312086382 0
v 309.24558361955724 295.0840911087523 0
v 345.16016729535306 362.62959909664085 0
v 381.0747509711489 430.1751070845294 0
v 416.9893346469447 497.7206150724179 0
v 452.90391832274054 565.2661230603064 0
v 452.90391832274054 565.2661230603064 0
v 451.74822799529505 565.8806139844121 0
v 450.5925376678495 566.4951049085178 0
v 449.43684734040403 567.1095958326235 0
v 448.2811570129585 567.7240867567292 0
v 447.125466685513 568.3385776808349 0
v 445.9697763580675 568.9530686049407 0
v 444.814086030622 569.5675595290463 0
v 443.6583957031765 570.182050453152 0
v 443.6583957031765 570.182050453152 0
v 407.7438105273802 502.63654306526365 0
v 371.829225351584 435.0910356773753 0
v 335.9146401757878 367.545528289487 0
v 300.0000549999915 300.00002090159865 0
v 264.08546982419523 232.4545135137103 0
v 228.170884648399 164.90900612582197 0
v 192.25629947260276 97.36349873793364 0
v 156.34171429680651 29.817991350045304 0
v 151.64827296699852 32.36633007207439 0
v 152.79306354135576 31.731761942280137 0
v 153.93785411571298 31.097193812485887 0
v 155.08264469007023 30.462625682691638 0
v 156.22743526442747 29.828057552897384 0
v 157.37222583878471 29.19348942310313 0
v 158.51701641314196 28.55892129330888 0
v 159.66180698749918 27.92435316351463 0
v 160.80659756185642 27.289785033720378 0
v 160.80659756185642 27.289785033720378 0
v 197.89454307010467 94.19820894110178 0
v 234.98248857835293 161.10663284848317 0
v 272.07043408660115 228.01505675586458 0
v 309.1583795948494 294.923480663246 0
v 346.24632510309766 361.8319045706274 0
v 383.3342706113459 428.7403284780088 0
v 420.42221611959417 495.6487523853902 0
v 457.5101616278424 562.5571762927716 0
v 457.5101616278425 562.5571762927716 0
v 456.36537180348546 563.1917439725657 0
v 455.22058197912844 563.8263116523599 0
v 454.0757921547714 564.460879332154 0
v 452.93100233041434 565.0954470119482 0
v 451.7862125060573 565.7300146917423 0
v 450.6414226817003 566.3645823715365 0
v 449.4966328573433 566.9991500513306 0
v 448.35184303298627 567.6337177311248 0
v 448.35184303298627 567.6337177311248 0
v 411.2638967747378 500.72529427374343 0
v 374.17595051648937 433.81687081636215 0
v 337.08800425824086 366.9084473589809 0
v 300.0000579999924 300.00002390159955 0
v 262.91211174174396 233.09160044421822 0
v 225.82416548349548 166.18317698683694 0
v 188.736219225247 99.27475352945567 0
v 151.64827296699855 32.366330072074334 0
v 147.0000176499932 34.99618481719969 0
v 148.13355897116315 34.34173463177219 0
v 149.2671002923331 33.68728444634469 0
v 150.40064161350304 33.03283426091719 0
v 151.534182934673 32.37838407548969 0
v 152.66772425584296 31.72393389006219 0
v 153.80126557701288 31.069483704634692 0
v 154.93480689818284 30.415033519207192 0
v 156.0683482193528 29.760583333779692 0
v 156.0683482193528 29.760583333779692 0
v 194.3183583068526 96.01154310487964 0
v 232.56836839435238 162.26250287597958 0
v 270.81837848185216 228.51346264707954 0
v 309.068388569352 294.7644224181795 0
v 347.31839865685174 361.0153821892794 0
v 385.5684087443516 427.26634196037935 0
v 423.8184188318514 493.5173017314793 0
v 462.06842891935116 559.7682615025792 0
v 462.06842891935116 559.7682615025792 0
v 460.9348883481814 560.4227116880068 0
v 459.8013477770117 561.0771618734343 0
v 458.66780720584194 561.7316120588617 0
v 457.53426663467224 562.3860622442893 0
v 456.4007260635025 563.0405124297168 0
v 455.2671854923327 563.6949626151443 0
v 454.133644921163 564.3494128005718 0
v 453.00010434999325 565.0038629859994 0
v 453.00010434999325 565.0038629859994 0
v 414.75009351249327 498.75290321489945 0
v 376.5000826749932 432.50194344379946 0
v 338.25007183749324 366.2509836726995 0
v 300.00006099999325 300.00002390159955 0
v 261.7500501624932 233.74906413049962 0
v 223.50003932499322 167.49810435939963 0
v 185.25002848749318 101.24714458829965 0
v 147.0000176499932 34.99618481719972 0
v 142.3983643461918 37.706763585196796 0
v 143.52031141407673 37.032629644192234 0
v 144.64225848196165 36.35849570318767 0
v 145.76420554984657 35.68436176218311 0
v 146.88615261773145 35.010227821178546 0
v 148.00809968561637 34.33609388017398 0
v 149.1300467535013 33.66195993916942 0
v 150.2519938213862 32.98782599816486 0
v 151.37394088927113 32.313692057160296 0
v 151.37394088927113 32.313692057160296 0
v 190.77436430272127 97.88700788626119 0
v 230.1747877161714 163.46032371536208 0
v 269.5752111296216 229.03363954446297 0
v 308.9756345430717 294.6069553735639 0
v 348.3760579565219 360.1802712026648 0
v 387.77648136997203 425.7535870317656 0
v 427.1769047834222 491.32690286086654 0
v 466.5773281968723 556.9002186899675 0
v 466.5773281968723 556.9002186899675 0
v 465.4553818789876 557.5743518809718 0
v 464.3334355611029 558.2484850719761 0
v 463.2114892432182 558.9226182629804 0
v 462.0895429253335 559.5967514539848 0
v 460.9675966074488 560.2708846449891 0
v 459.8456502895641 560.9450178359934 0
v 458.72370397167936 561.6191510269978 0
v 457.60175765379466 562.2932842180021 0
v 457.60175765379466 562.2932842180021 0
v 418.2013334903443 496.71996913890143 0
v 378.80090932689393 431.14665405980077 0
v 339.4004851634436 365.5733389807001 0
v 300.00006099999325 300.00002390159943 0
v 260.5996368365429 234.42670882249877 0
v 221.19921267309255 168.8533937433981 0
v 181.79878850964218 103.28007866429743 0
v 142.39836434619184 37.70676358519677 0
v 137.8447170559921 40.49724437583279 0
v 138.95472787049508 39.80363217930939 0
v 140.06473868499805 39.11001998278599 0
v 141.17474949950102 38.416407786262596 0
v 142.28476031400402 37.72279558973919 0
v 143.394771128507 37.02918339321579 0
v 144.50478194300996 36.33557119669239 0
v 145.61479275751293 35.641959000168995 0
v 146.7248035720159 34.94834680364559 0
v 146.7248035720159 34.94834680364559 0
v 187.26363880801597 99.8240431850877 0
v 227.80247404401604 164.69973956652981 0
v 268.34130928001605 229.57543594797193 0
v 308.8801445160161 294.451132329414 0
v 349.4189797520162 359.32682871085615 0
v 389.95781498801625 424.2025250922983 0
v 430.4966502240163 489.0782214737403 0
v 471.0354854600164 553.9539178551825 0
v 471.0354854600164 553.9539178551825 0
v 469.9254746455134 554.6475293017056 0
v 468.81546383101045 555.3411407482288 0
v 467.7054530165075 556.0347521947521 0
v 466.5954422020045 556.7283636412752 0
v 465.4854313875015 557.4219750877984 0
v 464.3754205729985 558.1155865343217 0
v 463.26540975849554 558.8091979808448 0
v 462.15539894399257 559.502809427368 0
v 462.15539894399257 559.502809427368 0
v 421.6165637079925 494.6271137959261 0
v 381.0777284719925 429.7514181644842 0
v 340.5388932359924 364.8757225330423 0
v 300.00005799999235 300.0000269016004 0
v 259.4612227639923 235.1243312701585 0
v 218.92238752799224 170.24863563871656 0
v 178.3835522919922 105.37294000727468 0
v 137.84471705599213 40.49724437583279 0
v 133.3404677797885 43.366769188864595 0
v 134.4382048408139 42.65389023688228 0
v 135.53594190183932 41.94101128489997 0
v 136.63367896286474 41.22813233291765 0
v 137.73141602389018 40.51525338093534 0
v 138.8291530849156 39.80237442895303 0
v 139.926890145941 39.08949547697071 0
v 141.02462720696641 38.3766165249884 0
v 142.12236426799183 37.66373757300609 0
v 142.12236426799183 37.66373757300609 0
v 183.7872618230428 101.82205275119024 0
v 225.45215937809377 165.98036792937438 0
v 267.1170569331447 230.13868310755856 0
v 308.78195448819565 294.2969982857427 0
v 350.4468520432466 358.4553134639268 0
v 392.1117495982976 422.613628642111 0
v 433.77664715334856 486.7719438202952 0
v 475.44154470839953 550.9302589984793 0
v 475.44154470839953 550.9302589984793 0
v 474.34380839737435 551.6431379504616 0
v 473.24607208634916 552.3560169024439 0
v 472.1483357753239 553.0688958544263 0
v 471.0505994642987 553.7817748064085 0
v 469.95286315327354 554.4946537583908 0
v 468.8551268422483 555.2075327103731 0
v 467.7573905312231 555.9204116623555 0
v 466.6596542201979 556.6332906143377 0
v 466.6596542201979 556.6332906143377 0
v 424.99475591514675 492.4749754361536 0
v 383.3298576100956 428.3166602579695 0
v 341.66495930504436 364.1583450797853 0
v 300.0000609999932 300.0000299016012 0
v 258.335162694942 235.84171472341706 0
v 216.67026438989083 171.68339954523287 0
v 175.00536608483964 107.52508436704875 0
v 133.34046777978847 43.36676918886462 0
v 128.8869845179686 46.314468024045695 0
v 129.97211257542148 45.5825398166661 0
v 131.05724063287434 44.850611609286496 0
v 132.1423686903272 44.11868340190689 0
v 133.22749674778007 43.3867551945273 0
v 134.31262480523293 42.6548269871477 0
v 135.3977528626858 41.9228987797681 0
v 136.48288092013865 41.190970572388494 0
v 137.56800897759152 40.4590423650089 0
v 137.56800897759152 40.4590423650089 0
v 180.34627734809746 103.88043283439777 0
v 223.1245457186034 167.30182330378665 0
v 265.90281408910937 230.72321377317553 0
v 308.68108245961525 294.1446042425644 0
v 351.45935083012125 357.56599471195324 0
v 394.23761920062714 420.9873851813421 0
v 437.01588757113313 484.408775650731 0
v 479.794155941639 547.8301661201199 0
v 479.794155941639 547.8301661201199 0
v 478.7090286341864 548.5620943274995 0
v 477.62390132673374 549.2940225348791 0
v 476.5387740192811 550.0259507422587 0
v 475.45364671182847 550.7578789496383 0
v 474.3685194043758 551.4898071570179 0
v 473.28339209692314 552.2217353643975 0
v 472.1982647894705 552.9536635717772 0
v 471.11313748201786 553.6855917791568 0
v 471.11313748201786 553.6855917791568 0
v 428.3348683615117 490.2642013097679 0
v 385.55659924100553 426.842810840379 0
v 342.7783301204994 363.4214203709901 0
v 300.00006099999325 300.00002990160124 0
v 257.2217918794871 236.57863943221236 0
v 214.44352275898092 173.15724896282347 0
v 171.66525363847478 109.73585849343459 0
v 128.88698451796864 46.31446802404571 0
v 124.4856172709149 49.33944088112109 0
v 125.55780632470172 48.58868616840732 0
v 126.62999537848853 47.83793145569354 0
v 127.70218443227535 47.087176742979764 0
v 128.77437348606216 46.33642203026599 0
v 129.84656253984897 45.58566731755222 0
v 130.9187515936358 44.83491260483844 0
v 131.9909406474226 44.084157892124665 0
v 133.06312970120942 43.333403179410894 0
v 133.06312970120942 43.333403179410894 0
v 176.94173913347856 105.99855043453094 0
v 220.82034856574774 168.66369768965097 0
v 264.6989579980169 231.32884494477105 0
v 308.5775674302861 293.99399219989107 0
v 352.45617686255525 356.6591394550111 0
v 396.3347862948243 419.32428671013116 0
v 440.2133957270935 481.98943396525124 0
v 484.09200515936266 544.6545812203713 0
v 484.09200515936266 544.6545812203713 0
v 483.01981610557584 545.405335933085 0
v 481.947627051789 546.1560906457987 0
v 480.8754379980022 546.9068453585126 0
v 479.8032489442154 547.6576000712263 0
v 478.73105989042864 548.40835478394 0
v 477.6588708366418 549.1591094966539 0
v 476.586681782855 549.9098642093676 0
v 475.5144927290682 550.6606189220813 0
v 475.5144927290682 550.6606189220813 0
v 431.635883296799 487.9954716669613 0
v 387.7572738645299 425.3303244118413 0
v 343.87866443226073 362.66517715672126 0
v 300.00005499999156 300.00002990160124 0
v 256.1214455677224 237.33488264648116 0
v 212.24283613545327 174.66973539136114 0
v 168.3642267031841 112.00458813624113 0
v 124.48561727091493 49.33944088112111 0
v 120.1377220390116 52.4407697598307 0
v 121.19664508903972 51.67141654184735 0
v 122.25556813906783 50.902063323864 0
v 123.31449118909595 50.132710105880655 0
v 124.37341423912406 49.363356887897304 0
v 125.43233728915217 48.59400366991395 0
v 126.49126033918029 47.82465045193061 0
v 127.5501833892084 47.05529723394726 0
v 128.6091064392365 46.285944015963906 0
v 128.6091064392365 46.285944015963906 0
v 173.57469042948168 108.17575980140674 0
v 218.54027441972687 170.06557558684958 0
v 263.505858409972 231.9553913722924 0
v 308.47144240021726 293.8452071577352 0
v 353.4370263904624 355.735022943178 0
v 398.40261038070753 417.62483872862094 0
v 443.3681943709528 479.51465451406375 0
v 488.3337783611979 541.4044702995066 0
v 488.333778361198 541.4044702995066 0
v 487.27485606117006 542.1738227674897 0
v 486.2159337611422 542.9431752354728 0
v 485.1570114611143 543.712527703456 0
v 484.09808916108636 544.4818801714391 0
v 483.03916686105845 545.2512326394223 0
v 481.98024456103053 546.0205851074054 0
v 480.9213222610027 546.7899375753885 0
v 479.86239996097476 547.5592900433717 0
v 479.86239996097476 547.5592900433717 0
v 434.89681522072937 485.66947500792907 0
v 389.931230480484 423.77965997248646 0
v 344.9656457402386 361.8898449370438 0
v 300.0000609999932 300.0000299016012 0
v 255.0344762597478 238.11021486615857 0
v 210.06889151950242 176.2203998307159 0
v 165.10330677925703 114.3305847952733 0
v 120.13772203901163 52.44076975983069 0
v 115.8446068226293 55.617506659905885 0
v 116.88994211880755 54.829790436719684 0
v 117.9352774149858 54.04207421353348 0
v 118.98061271116406 53.25435799034729 0
v 120.02594800734231 52.466641767161086 0
v 121.07128330352056 51.678925543974884 0
v 122.11661859969881 50.89120932078869 0
v 123.16195389587706 50.10349309760249 0
v 124.20728919205531 49.31577687441629 0
v 124.20728919205531 49.31577687441629 0
v 170.24615048639566 110.41140918484055 0
v 216.285011780736 171.50704149526482 0
v 262.32387307507634 232.60267380568908 0
v 308.36273436941667 293.6983061161134 0
v 354.401595663757 354.7939384265376 0
v 400.44045695809734 415.8895707369619 0
v 446.4793182524377 476.9852030473861 0
v 492.518179546778 538.0808353578104 0
v 492.518179546778 538.0808353578104 0
v 491.4728450006 538.8685515809966 0
v 490.42751045442196 539.6562678041828 0
v 489.38217590824394 540.443984027369 0
v 488.3368413620659 541.2317002505551 0
v 487.29150681588783 542.0194164737413 0
v 486.2461722697098 542.8071326969275 0
v 485.2008377235318 543.5948489201137 0
v 484.15550317735375 544.3825651432999 0
v 484.15550317735375 544.3825651432999 0
v 438.1166411330132 483.2869328328756 0
v 392.0777790886726 422.19130052245134 0
v 346.0389170443321 361.09566821202714 0
v 300.00005499999156 300.00003590160287 0
v 253.96119295565097 238.9044035911786 0
v 207.92233091131044 177.8087712807544 0
v 161.88346886696985 116.71313897033014 0
v 115.84460682262932 55.61750665990587 0
v 111.60759162214201 58.868685581072995 0
v 112.63901966437987 58.062845602751736 0
v 113.67044770661774 57.25700562443047 0
v 114.7018757488556 56.4511656461092 0
v 115.73330379109346 55.645325667787944 0
v 116.76473183333133 54.839485689466684 0
v 117.79615987556919 54.03364571114542 0
v 118.82758791780705 53.22780573282415 0
v 119.85901596004491 52.42196575450289 0
v 119.85901596004491 52.42196575450289 0
v 166.9571318045073 112.70480333463539 0
v 214.05524764896967 172.98764091476787 0
v 261.15336349343204 233.27047849490037 0
v 308.2514793378944 293.55331607503285 0
v 355.3495951823568 353.83615365516533 0
v 402.44771102681915 414.1189912352978 0
v 449.5458268712815 474.4018288154303 0
v 496.6439427157439 534.6846663955628 0
v 496.6439427157439 534.6846663955628 0
v 495.61251467350604 535.490506373884 0
v 494.58108663126814 536.2963463522053 0
v 493.5496585890303 537.1021863305266 0
v 492.51823054679244 537.9080263088479 0
v 491.4868025045546 538.7138662871691 0
v 490.45537446231674 539.5197062654904 0
v 489.42394642007883 540.3255462438117 0
v 488.392518377841 541.131386222133 0
v 488.392518377841 541.131386222133 0
v 441.2944025333786 480.8485486420005 0
v 394.19628668891625 420.565711061868 0
v 347.0981708444539 360.28287348173546 0
v 300.0000549999915 300.000035901603 0
v 252.90193915552913 239.7171983214705 0
v 205.80382331106676 179.43436074133797 0
v 158.7057074666044 119.15152316120549 0
v 111.60759162214202 58.86868558107301 0
v 107.42796043791351 62.1933105230498 0
v 108.44516772612216 61.36959203966296 0
v 109.4623750143308 60.54587355627613 0
v 110.47958230253946 59.722155072889294 0
v 111.49678959074811 58.89843658950245 0
v 112.51399687895676 58.07471810611561 0
v 113.53120416716541 57.25099962272878 0
v 114.54841145537405 56.42728113934194 0
v 115.5656187435827 55.6035626559551 0
v 115.5656187435827 55.6035626559551 0
v 163.708641634102 115.0552447505936 0
v 211.8516645246213 174.5069268452321 0
v 259.9946874151406 233.9586089398706 0
v 308.1377103056599 293.4102910345091 0
v 356.2807331961792 352.8619731291476 0
v 404.4237560866985 412.3136552237861 0
v 452.5667789772178 471.7653373184246 0
v 500.7098018677371 531.2170194130631 0
v 500.7098018677371 531.2170194130631 0
v 499.6925953295287 532.0407371464497 0
v 498.6753887913202 532.8644548798363 0
v 497.65818225311176 533.688172613223 0
v 496.64097571490333 534.5118903466096 0
v 495.6237691766949 535.3356080799962 0
v 494.6065626384865 536.1593258133828 0
v 493.589356100278 536.9830435467694 0
v 492.57214956206957 537.806761280156 0
v 492.57214956206957 537.806761280156 0
v 444.42912592155005 478.3550799355178 0
v 396.28610228103054 418.9033985908795 0
v 348.143078640511 359.4517172462412 0
v 300.00005499999156 300.0000359016029 0
v 251.85703135947202 240.54835455696468 0
v 203.71400771895253 181.09667321232638 0
v 155.570984078433 121.64499186768808 0
v 107.4279604379135 62.19331052304983 0
v 103.30699127030591 65.5903734855507 0
v 104.30966730439738 64.74902849716969 0
v 105.31234333848883 63.90768350878868 0
v 106.3150193725803 63.06633852040766 0
v 107.31769540667176 62.22499353202665 0
v 108.32037144076322 61.38364854364564 0
v 109.32304747485469 60.542303555264624 0
v 110.32572350894614 59.700958566883614 0
v 111.3283995430376 58.859613578502604 0
v 111.3283995430376 58.859613578502604 0
v 160.50166547545902 117.46202843251544 0
v 209.67493140788042 176.06444328652827 0
v 258.84819734030185 234.6668581405411 0
v 308.0214632727232 293.26927299455394 0
v 357.19472920514465 351.8716878485668 0
v 406.3679951375661 410.4741027025796 0
v 455.54126106998746 469.0765175565924 0
v 504.7145270024089 527.6789324106053 0
v 504.7145270024089 527.6789324106053 0
v 503.71185096831744 528.5202773989863 0
v 502.709174934226 529.3616223873673 0
v 501.7064989001345 530.2029673757484 0
v 500.703822866043 531.0443123641294 0
v 499.7011468319516 531.8856573525104 0
v 498.69847079786007 532.7270023408914 0
v 497.6957947637686 533.5683473292725 0
v 496.69311872967717 534.4096923176535 0
v 496.69311872967717 534.4096923176535 0
v 447.51985279725574 475.8072774636406 0
v 398.34658686483436 417.20486260962775 0
v 349.17332093241293 358.60244775561495 0
v 300.00005499999156 300.0000329016021 0
v 250.82678906757013 241.39761804758922 0
v 201.6535231351487 182.7952031935764 0
v 152.48025720272733 124.19278833956355 0
v 103.3069912703059 65.59037348555069 0
v 99.2459381196745 69.05884246828329 0
v 100.23377839956251 68.20012597498035 0
v 101.2216186794505 67.34140948167742 0
v 102.2094589593385 66.48269298837448 0
v 103.19729923922651 65.62397649507155 0
v 104.18513951911451 64.76526000176861 0
v 105.17297979900252 63.906543508465674 0
v 106.16082007889051 63.04782701516274 0
v 107.14866035877851 62.1891105218598 0
v 107.14866035877851 62.1891105218598 0
v 157.33718957885776 119.9244088801897 0
v 207.52571879893702 177.65970723851962 0
v 257.7142480190163 235.3950055968495 0
v 307.90277723909554 293.1303039551794 0
v 358.0913064591748 350.86560231350927 0
v 408.27983567925406 408.6009006718392 0
v 458.4683648993333 466.3361990301691 0
v 508.6568941194126 524.071497388499 0
v 508.6568941194126 524.071497388499 0
v 507.66905383952457 524.9302131318017 0
v 506.6812135596366 525.7889288751044 0
v 505.6933732797486 526.6476446184072 0
v 504.70553299986057 527.5063603617099 0
v 503.71769271997255 528.3650761050126 0
v 502.7298524400845 529.2237918483154 0
v 501.74201216019657 530.0825075916181 0
v 500.75417188030855 530.9412233349208 0
v 500.75417188030855 530.9412233349208 0
v 450.5656426602293 473.2059257265911 0
v 400.37711344015 415.4706281182614 0
v 350.18858422007077 357.7353305099317 0
v 300.00005499999156 300.000032901602 0
v 249.81152577991227 242.26473529327234 0
v 199.62299655983304 184.52943768494265 0
v 149.43446733975378 126.79414007661296 0
v 99.24593811967452 69.05884246828327 0
v 95.2460309863678 72.59765547094669 0
v 96.21873401196692 71.7218299727962 0
v 97.19143703756603 70.84600447464572 0
v 98.16414006316514 69.97017897649523 0
v 99.13684308876425 69.09435347834474 0
v 100.10954611436337 68.21852798019425 0
v 101.08224913996247 67.34270248204376 0
v 102.05495216556159 66.46687698389329 0
v 103.0276551911607 65.5910514857428 0
v 103.0276551911607 65.5910514857428 0
v 154.2161604445664 122.44164509340642 0
v 205.40466569797212 179.29223870107006 0
v 256.59317095137783 236.14283230873366 0
v 307.7816762047836 292.9934259163973 0
v 358.97018145818924 349.84401952406097 0
v 410.158686711595 406.69461313172457 0
v 461.3471919650007 463.54520673938816 0
v 512.5356972184064 520.3958003470518 0
v 512.5356972184064 520.3958003470518 0
v 511.5629949428075 521.2716258452024 0
v 510.5902926672086 522.1474513433528 0
v 509.6175903916097 523.0232768415033 0
v 508.6448881160108 523.8991023396538 0
v 507.6721858404119 524.7749278378044 0
v 506.699483564813 525.6507533359548 0
v 505.7267812892141 526.5265788341053 0
v 504.7540790136152 527.4024043322559 0
v 504.7540790136152 527.4024043322559 0
v 453.5655730102093 470.5518107245922 0
v 402.3770670068034 413.70121711692855 0
v 351.1885610033974 356.8506235092649 0
v 300.0000549999915 300.00002990160124 0
v 248.8115489965856 243.14943629393764 0
v 197.62304299317964 186.29884268627399 0
v 146.43453698977373 129.44824907861033 0
v 95.24603098636783 72.59765547094668 0
v 91.30849987073431 76.2057444932383 0
v 92.26576939196059 75.3130762403157 0
v 93.22303891318688 74.4204079873931 0
v 94.18030843441318 73.5277397344705 0
v 95.13757795563946 72.6350714815479 0
v 96.09484747686574 71.74240322862529 0
v 97.05211699809203 70.84973497570269 0
v 98.00938651931833 69.9570667227801 0
v 98.9666560405446 69.0643984698575 0
v 98.9666560405446 69.0643984698575 0
v 151.1395448228589 125.01297132194864 0
v 203.31243360517323 180.9615441740398 0
v 255.48532238748754 236.91011702613093 0
v 307.65821116980186 292.8586898782221 0
v 359.8310999521161 348.80726273031325 0
v 412.00398873443044 404.7558355824044 0
v 464.17687751674475 460.7044084344956 0
v 516.3497662990591 516.6529812865867 0
v 516.3497662990591 516.6529812865867 0
v 515.3924967778328 517.5456487895092 0
v 514.4352272566065 518.4383162924315 0
v 513.4779577353802 519.3309837953539 0
v 512.5206882141539 520.2236512982763 0
v 511.56341869292766 521.1163188011988 0
v 510.60614917170136 522.0089863041211 0
v 509.64887965047507 522.9016538070434 0
v 508.6916101292488 523.7943213099659 0
v 508.6916101292488 523.7943213099659 0
v 456.51872134693446 467.8457492078749 0
v 404.34583256462014 411.89717710578395 0
v 352.1729437823059 355.94860500369305 0
v 300.00005499999156 300.0000329016021 0
v 247.82716621767725 244.05146079951112 0
v 195.65427743536293 188.1028886974202 0
v 143.4813886530486 132.15431659532925 0
v 91.3084998707343 76.20574449323829 0
v 87.43453877311231 79.88199953484359 0
v 88.37608303988311 78.9727600272258 0
v 89.3176273066539 78.06352051960802 0
v 90.25917157342471 77.15428101199024 0
v 91.2007158401955 76.24504150437244 0
v 92.1422601069663 75.33580199675465 0
v 93.08380437373711 74.42656248913687 0
v 94.0253486405079 73.51732298151909 0
v 94.9668929072787 72.6080834739013 0
v 94.9668929072787 72.6080834739013 0
v 148.10827271399873 127.63759331559136 0
v 201.24965252071874 182.66710315728142 0
v 254.39103232743878 237.69661299897146 0
v 307.5324121341588 292.72612284066156 0
v 360.6737919408788 347.7556326823516 0
v 413.8151717475988 402.7851425240416 0
v 466.9565515543188 457.8146523657317 0
v 520.0979313610388 512.8441622074217 0
v 520.0979313610388 512.8441622074217 0
v 519.156387094268 513.753400215039 0
v 518.2148428274973 514.6626382226564 0
v 517.2732985607264 515.5718762302738 0
v 516.3317542939556 516.4811142378911 0
v 515.3902100271848 517.3903522455084 0
v 514.448665760414 518.2995902531259 0
v 513.5071214936432 519.2088282607432 0
v 512.5655772268724 520.1180662683605 0
v 512.5655772268724 520.1180662683605 0
v 459.4241974201524 465.0885579266709 0
v 406.28281761343237 410.05904958498127 0
v 353.14143780671236 355.02954124329165 0
v 300.00005799999235 300.000032901602 0
v 246.85867819327234 244.97052455991246 0
v 193.71729838655233 189.94101621822284 0
v 140.57591857983232 134.91150787653322 0
v 87.43453877311231 79.8819995348436 0
v 83.625323693835 83.6253045954464 0
v 84.55085695606935 82.69977133321204 0
v 85.47639021830369 81.7742380709777 0
v 86.40192348053804 80.84870480874335 0
v 87.3274567427724 79.923171546509 0
v 88.25299000500675 78.99763828427464 0
v 89.1785232672411 78.07210502204029 0
v 90.10405652947544 77.14657175980595 0
v 91.0295897917098 76.2210384975716 0
v 91.0295897917098 76.2210384975716 0
v 145.12327261824893 130.31472132411074 0
v 199.21695544478808 184.40840415064986 0
v 253.3106382713272 238.50208697718898 0
v 307.40432109786633 292.5957698037281 0
v 361.49800392440545 346.6894526302673 0
v 415.59168675094463 400.7831354568064 0
v 469.68536957748375 454.87681828334553 0
v 523.7790524040229 508.97050110988465 0
v 523.7790524040229 508.97050110988465 0
v 522.8535198917888 509.8960336221188 0
v 521.9279873795547 510.8215661343529 0
v 521.0024548673205 511.74709864658706 0
v 520.0769223550864 512.6726311588212 0
v 519.1513898428523 513.5981636710553 0
v 518.225857330618 514.5236961832894 0
v 517.300324818384 515.4492286955236 0
v 516.3747923061499 516.3747612077577 0
v 516.3747923061499 516.3747612077577 0
v 462.2811087296105 462.2810791312188 0
v 408.18742515307116 408.1873970546799 0
v 354.0937415765318 354.09371497814095 0
v 300.00005799999246 300.000032901602 0
v 245.9063744234531 245.90635082506316 0
v 191.8126908469137 191.81266874852423 0
v 137.7190072703744 137.7189866719853 0
v 83.62532369383501 83.62530459544638 0
v 79.88202463323391 87.434513674722 0
v 80.79126339085148 86.4929694079512 0
v 81.70050214846906 85.5514251411804 0
v 82.60974090608663 84.6098808744096 0
v 83.51897966370421 83.66833660763879 0
v 84.42821842132179 82.726792340868 0
v 85.33745717893936 81.7852480740972 0
v 86.24669593655693 80.8437038073264 0
v 87.1559346941745 79.9021595405556 0
v 87.1559346941745 79.9021595405556 0
v 142.18544453586455 133.04353859727541 0
v 197.2149543775546 186.1849176539952 0
v 252.24446421924466 239.32629671071498 0
v 307.27397406093473 292.4676757674348 0
v 362.30348390262475 345.6090548241546 0
v 417.3329937443148 398.75043388087437 0
v 472.36250358600483 451.8918129375942 0
v 527.3920134276949 505.033191994314 0
v 527.3920134276949 505.033191994314 0
v 526.4827746700773 505.9747362610848 0
v 525.5735359124598 506.91628052785563 0
v 524.6642971548422 507.8578247946264 0
v 523.7550583972245 508.7993690613972 0
v 522.8458196396069 509.74091332816806 0
v 521.9365808819894 510.68245759493885 0
v 521.0273421243718 511.6240018617097 0
v 520.1181033667542 512.5655461284805 0
v 520.1181033667542 512.5655461284805 0
v 465.0885935250642 459.4241670717607 0
v 410.0590836833741 406.28278801504086 0
v 355.0295738416841 353.14140895832105 0
v 300.00006399999404 300.00002990160124 0
v 244.97055415830403 246.85865084488142 0
v 189.941044316614 193.7172717881616 0
v 134.91153447492394 140.5758927314418 0
v 79.88202463323393 87.43451367472198 0
v 76.20576959162861 91.30848077234569 0
v 77.09843784455121 90.35121050111918 0
v 77.99110609747382 89.39394022989269 0
v 78.88377435039641 88.43666995866619 0
v 79.77644260331901 87.4793996874397 0
v 80.66911085624162 86.52212941621319 0
v 81.5617791091642 85.56485914498668 0
v 82.45444736208681 84.60758887376019 0
v 83.34711561500941 83.65031860253369 0
v 83.34711561500941 83.65031860253369 0
v 139.29568846710058 135.823207384848 0
v 195.24426131919174 187.9960961671623 0
v 251.1928341712829 240.16898494947662 0
v 307.1414070233741 292.34187373179094 0
v 363.08997987546525 344.51476251410526 0
v 419.0385527275564 396.6876512964196 0
v 474.98712557964757 448.8605400787339 0
v 530.9356984317387 501.0334288610482 0
v 530.9356984317387 501.0334288610482 0
v 530.0430309288163 501.9906976322743 0
v 529.1503634258939 502.94796640350035 0
v 528.2576959229716 503.9052351747264 0
v 527.3650284200492 504.8625039459525 0
v 526.4723609171267 505.8197727171786 0
v 525.5796934142044 506.7770414884046 0
v 524.687025911282 507.73431025963066 0
v 523.7943584083596 508.69157903085676 0
v 523.7943584083596 508.69157903085676 0
v 467.8457848062682 456.5186917485429 0
v 411.89721120417687 404.34580446622897 0
v 355.94863760208546 352.1729171839151 0
v 300.0000639999941 300.00002990160124 0
v 244.05149039790274 247.82714261928737 0
v 188.10291679581132 195.65425533697345 0
v 132.15434319371997 143.48136805465958 0
v 76.20576959162861 91.30848077234572 0
v 72.5976865693387 95.24601188797921 0
v 73.4735120674892 94.27330886238009 0
v 74.34933756563967 93.30060583678099 0
v 75.22516306379016 92.32790281118187 0
v 76.10098856194065 91.35519978558276 0
v 76.97681406009114 90.38249675998364 0
v 77.85263955824163 89.40979373438452 0
v 78.72846505639211 88.43709070878542 0
v 79.6042905545426 87.4643876831863 0
v 79.6042905545426 87.4643876831863 0
v 136.45488416220624 138.65289293659202 0
v 193.30547776986987 189.84139818999773 0
v 250.15607137753352 241.02990344340344 0
v 307.0066649851971 292.21840869680915 0
v 363.8572585928608 343.40691395021486 0
v 420.7078522005244 394.59541920362057 0
v 477.558445808188 445.7839244570263 0
v 534.4090394158517 496.972429710432 0
v 534.4090394158517 496.972429710432 0
v 533.5332146677014 497.9451319860309 0
v 532.6573899195512 498.91783426162976 0
v 531.7815651714009 499.8905365372287 0
v 530.9057404232506 500.8632388128276 0
v 530.0299156751003 501.8359410884265 0
v 529.15409092695 502.80864336402544 0
v 528.2782661787998 503.7813456396243 0
v 527.4024414306494 504.7540479152232 0
v 527.4024414306494 504.7540479152232 0
v 470.5518470729856 453.5655434118177 0
v 413.70125271532174 402.3770389084122 0
v 356.85065835765795 351.18853440500675 0
v 300.00006399999404 300.00002990160124 0
v 243.14946964233025 248.8115253981957 0
v 186.2988752846664 197.62302089479022 0
v 129.44828092700254 146.4345163913847 0
v 72.59768656933869 95.2460118879792 0
v 69.0588675666736 99.2459130212842 0
v 69.91758405997653 98.25807274139619 0
v 70.77630055327947 97.27023246150819 0
v 71.63501704658242 96.2823921816202 0
v 72.49373353988535 95.29455190173219 0
v 73.35245003318829 94.30671162184419 0
v 74.21116652649124 93.3188713419562 0
v 75.06988301979418 92.33103106206819 0
v 75.92859951309711 91.34319078218019 0
v 75.92859951309711 91.34319078218019 0
v 133.66389712142683 141.53172000225942 0
v 191.39919472975652 191.72024922233868 0
v 249.13449233808623 241.9087784424179 0
v 306.86978994641595 292.0973076624972 0
v 364.60508755474564 342.2858368825764 0
v 422.3403851630753 392.4743661026556 0
v 480.075682771405 442.6628953227349 0
v 537.8109803797347 492.85142454281413 0
v 537.8109803797347 492.8514245428142 0
v 536.952264636432 493.839264072702 0
v 536.0935488931293 494.8271036025898 0
v 535.2348331498265 495.81494313247754 0
v 534.3761174065238 496.80278266236536 0
v 533.5174016632211 497.7906221922532 0
v 532.6586859199183 498.77846172214095 0
v 531.7999701766156 499.7663012520287 0
v 530.9412544333129 500.75414078191653 0
v 530.9412544333129 500.75414078191653 0
v 473.20595607498296 450.56561231183747 0
v 415.4706577166531 400.37708384175846 0
v 357.7353593583232 350.1885553716794 0
v 300.00006099999325 300.00002690160034 0
v 242.2647626416633 249.81149843152133 0
v 184.52946428333343 199.62296996144227 0
v 126.79416592500354 149.43444149136326 0
v 69.0588675666736 99.2459130212842 0
v 65.59039858394101 103.3069661719156 0
v 66.43174432232223 102.30428938782393 0
v 67.27309006070345 101.30161260373225 0
v 68.11443579908469 100.29893581964058 0
v 68.95578153746591 99.2962590355489 0
v 69.79712727584713 98.29358225145722 0
v 70.63847301422837 97.29090546736555 0
v 71.47981875260959 96.28822868327387 0
v 72.32116449099081 95.2855518991822 0
v 72.32116449099081 95.2855518991822 0
v 130.92357934500365 144.4588178316036 0
v 189.5259941990165 193.63208376402503 0
v 248.12840905302934 242.80534969644643 0
v 306.73082390704224 291.97861562886783 0
v 365.3332387610551 341.1518815612893 0
v 423.93565361506785 390.3251474937107 0
v 482.5380684690807 439.49841342613206 0
v 541.1404833230936 488.67167935855355 0
v 541.1404833230936 488.6716793585535 0
v 540.2991383347126 489.67435464264474 0
v 539.4577933463315 490.67702992673594 0
v 538.6164483579505 491.6797052108272 0
v 537.7751033695695 492.68238049491845 0
v 536.9337583811886 493.6850557790097 0
v 536.0924133928075 494.68773106310095 0
v 535.2510684044265 495.69040634719215 0
v 534.4097234160455 496.6930816312834 0
v 534.4097234160455 496.6930816312834 0
v 475.80730781203243 447.5198171988624 0
v 417.2048922080194 398.34655276644145 0
v 358.6024766040063 349.17328833402047 0
v 300.00006099999325 300.0000239015995 0
v 241.3976453959802 250.8267594691785 0
v 182.79522979196713 201.65349503675753 0
v 124.19281418795407 152.48023060433655 0
v 65.59039858394101 103.30696617191558 0
v 62.193335621440106 107.4279353395232 0
v 63.01705410482695 106.41072805131455 0
v 63.84077258821378 105.3935207631059 0
v 64.66449107160062 104.37631347489726 0
v 65.48820955498746 103.3591061866886 0
v 66.3119280383743 102.34189889847995 0
v 67.13564652176113 101.32469161027132 0
v 67.95936500514797 100.30748432206266 0
v 68.78308348853481 99.29027703385401 0
v 68.78308348853481 99.29027703385401 0
v 128.2347648331731 147.4332999243733 0
v 187.68644617781138 195.5763228148926 0
v 247.13812752244968 243.71934570541188 0
v 306.5898088670879 291.8623685959312 0
v 366.0414902117262 340.00539148645043 0
v 425.49317155636453 388.14841437696975 0
v 484.9448529010028 436.291437267489 0
v 544.3965342456411 484.43446015800833 0
v 544.3965342456411 484.43446015800833 0
v 543.5728165122545 485.45166669621676 0
v 542.7490987788678 486.46887323442525 0
v 541.9253810454812 487.4860797726337 0
v 541.1016633120946 488.5032863108421 0
v 540.2779455787079 489.5204928490505 0
v 539.4542278453213 490.53769938725895 0
v 538.6305101119347 491.55490592546744 0
v 537.806792378548 492.57211246367586 0
v 537.806792378548 492.57211246367586 0
v 478.35511028390954 444.4290903231568 0
v 418.90342818927104 396.2860681826377 0
v 359.45174609463254 348.1430460421186 0
v 300.00006399999404 300.00002390159955 0
v 240.5483819053556 251.85700176108048 0
v 181.0966998107171 203.71397962056136 0
v 121.6450177160786 155.5709574800423 0
v 62.1933356214401 107.42793533952323 0
v 58.86870407946144 111.6075665237517 0
v 59.67454413278272 110.57613848151384 0
v 60.480384186104004 109.54471043927597 0
v 61.28622423942529 108.51328239703811 0
v 62.09206429274657 107.48185435480025 0
v 62.897904346067854 106.45042631256239 0
v 63.70374439938914 105.41899827032452 0
v 64.50958445271041 104.38757022808666 0
v 65.3154245060317 103.3561421858488 0
v 65.3154245060317 103.3561421858488 0
v 125.5982628361644 150.45425728031097 0
v 185.88110116629707 197.55237237477314 0
v 246.1639394964298 244.65048746923532 0
v 306.4467778265625 291.7486025636975 0
v 366.72961615669516 338.84671765815966 0
v 427.0124544868279 385.94483275262183 0
v 487.29529281696057 433.042947847084 0
v 547.5781311470932 480.1410629415462 0
v 547.5781311470932 480.1410629415462 0
v 546.772291168772 481.17249023378383 0
v 545.9664511904507 482.2039175260215 0
v 545.1606112121294 483.23534481825914 0
v 544.3547712338082 484.2667721104968 0
v 543.5489312554869 485.29819940273444 0
v 542.7430912771656 486.3296266949721 0
v 541.9372512988443 487.36105398720974 0
v 541.1314113205231 488.3924812794474 0
v 541.1314113205231 488.3924812794474 0
v 480.8485729153904 441.2943669349854 0
v 420.56573451025764 394.1962525905235 0
v 360.28289610512496 347.0981382460615 0
v 300.0000576999922 300.00002390159955 0
v 239.71721929485955 252.90190955713757 0
v 179.43438088972687 205.80379521267565 0
v 119.15154248459413 158.70568086821368 0
v 58.86870407946145 111.6075665237517 0
v 55.61752875829535 115.84458172423899 0
v 56.40524535648166 114.79924717806095 0
v 57.192961954667965 113.75391263188291 0
v 57.98067855285427 112.70857808570489 0
v 58.76839515104058 111.66324353952685 0
v 59.55611174922688 110.6179089933488 0
v 60.34382834741319 109.57257444717078 0
v 61.131544945599494 108.52723990099274 0
v 61.9192615437858 107.4819053548147 0
v 61.9192615437858 107.4819053548147 0
v 123.01489385421006 153.52076664915506 0
v 184.1105261646343 199.5596279434954 0
v 245.20615847505857 245.59848923783576 0
v 306.3017907854828 291.63735053217613 0
v 367.3974230959071 337.67621182651646 0
v 428.49305540633134 383.7150731208568 0
v 489.5886877167556 429.75393441519714 0
v 550.6843200271799 475.7927957095375 0
v 550.6843200271799 475.7927957095375 0
v 549.8966038039937 476.8381302557155 0
v 549.1088875808075 477.8834648018935 0
v 548.3211713576212 478.92879934807155 0
v 547.533455134435 479.9741338942496 0
v 546.7457389112488 481.01946844042766 0
v 545.9580226880626 482.0648029866057 0
v 545.1703064648764 483.1101375327837 0
v 544.3825902416902 484.15547207896174 0
v 544.3825902416902 484.15547207896174 0
v 483.28695755626586 438.1166107846214 0
v 422.19132487084147 392.07774949028106 0
v 361.09569218541714 346.0388881959407 0
v 300.00005949999274 300.00002690160034 0
v 238.9044268145684 253.96116560726003 0
v 177.80879412914408 207.92230431291966 0
v 116.71316144371968 161.88344301857933 0
v 55.61752875829535 115.84458172423899 0
v 52.44079185822016 120.13769694062131 0
v 53.21014462620338 119.07877314059299 0
v 53.9794973941866 118.01984934056466 0
v 54.74885016216982 116.96092554053634 0
v 55.51820293015305 115.90200174050801 0
v 56.28755569813627 114.84307794047969 0
v 57.056908466119495 113.78415414045136 0
v 57.82626123410272 112.72523034042304 0
v 58.59561400208594 111.66630654039471 0
v 58.59561400208594 111.66630654039471 0
v 120.4854298625288 156.6318905306399 0
v 182.37524572297167 201.5974745208851 0
v 244.2650615834145 246.5630585111303 0
v 306.15487744385734 291.5286425013755 0
v 368.0446933043002 336.4942264916207 0
v 429.9345091647431 381.4598104818659 0
v 491.82432502518594 426.42539447211107 0
v 553.7141408856288 471.39097846235626 0
v 553.7141408856288 471.39097846235626 0
v 552.9447884176457 472.4499015123844 0
v 552.1754359496625 473.5088245624125 0
v 551.4060834816794 474.5677476124406 0
v 550.6367310136964 475.6266706624687 0
v 549.8673785457132 476.6855937124968 0
v 549.0980260777301 477.74451676252494 0
v 548.3286736097469 478.80343981255305 0
v 547.5593211417638 479.86236286258116 0
v 547.5593211417638 479.86236286258116 0
v 485.66950498132087 434.89677962233617 0
v 423.7796888208779 389.93119638209123 0
v 361.88987266043495 344.96561314184623 0
v 300.00005649999196 300.00002990160124 0
v 238.11024033954902 255.03444666135624 0
v 176.2204241791061 210.0688634211113 0
v 114.3306080186631 165.1032801808663 0
v 52.440791858220166 120.13769694062131 0
v 49.33946657951157 124.48559217252458 0
v 50.09022144222539 123.41340311873776 0
v 50.840976304939204 122.34121406495096 0
v 51.59173116765302 121.26902501116416 0
v 52.34248603036684 120.19683595737735 0
v 53.09324089308066 119.12464690359053 0
v 53.84399575579448 118.05245784980373 0
v 54.59475061850829 116.98026879601693 0
v 55.34550548122211 115.90807974223011 0
v 55.34550548122211 115.90807974223011 0
v 118.01065251134209 159.78668917449926 0
v 180.67579954146206 203.66529860676843 0
v 243.34094657158204 247.54390803903758 0
v 306.006093601702 291.4225174713067 0
v 368.671240631822 335.3011269035759 0
v 431.33638766194196 379.17973633584506 0
v 494.00153469206197 423.05834576811424 0
v 556.6666817221819 466.9369552003834 0
v 556.6666817221819 466.93695520038335 0
v 555.9159277594683 468.00914350416997 0
v 555.1651737967547 469.08133180795653 0
v 554.4144198340412 470.15352011174315 0
v 553.6636658713276 471.22570841552977 0
v 552.9129119086141 472.2978967193164 0
v 552.1621579459005 473.370085023103 0
v 551.4114039831869 474.44227332688956 0
v 550.6606500204733 475.5144616306762 0
v 550.6606500204733 475.5144616306762 0
v 487.9955020903531 431.6358529484072 0
v 425.3303541602329 387.7572442661383 0
v 362.66520623011263 343.87863558386937 0
v 300.0000582999925 300.0000269016004 0
v 237.3349103698722 256.1214182193314 0
v 174.669762439752 212.2428095370625 0
v 112.00461450963178 168.36420085479352 0
v 49.339466579511566 124.4855921725246 0
v 46.31449372243617 128.88695941957832 0
v 47.04642200481579 127.80183136212545 0
v 47.77835028719541 126.71670330467259 0
v 48.51027856957503 125.63157524721973 0
v 49.24220685195465 124.54644718976687 0
v 49.974135134334276 123.461319132314 0
v 50.706063416713896 122.37619107486114 0
v 51.437991699093516 121.29106301740828 0
v 52.169919981473136 120.20593495995541 0
v 52.169919981473136 120.20593495995541 0
v 115.59131030086198 162.98420333046136 0
v 179.01270062025083 205.7624717009673 0
v 242.43409093963965 248.54074007147327 0
v 305.8554812590285 291.31900844197924 0
v 369.27687157841734 334.0972768124851 0
v 432.69826189780616 376.8755451829911 0
v 496.11965221719504 419.65381355349706 0
v 559.5410425365839 462.432081924003 0
v 559.5410425365839 462.432081924003 0
v 558.8091150792045 463.51720998145584 0
v 558.077187621825 464.6023380389087 0
v 557.3452601644457 465.6874660963616 0
v 556.6133327070663 466.77259415381445 0
v 555.8814052496868 467.8577222112673 0
v 555.1494777923075 468.9428502687202 0
v 554.417550334928 470.02797832617307 0
v 553.6856228775487 471.1131063836259 0
v 553.6856228775487 471.1131063836259 0
v 490.2642317331596 428.33483801311996 0
v 426.8428405887705 385.556569642614 0
v 363.4214494443815 342.778301272108 0
v 300.0000582999924 300.00003290160214 0
v 236.57866715560334 257.22176453109614 0
v 173.15727601121432 214.4434961605902 0
v 109.73588486682524 171.66522779008426 0
v 46.31449372243617 128.88695941957832 0
v 43.36679668725559 133.3404426813982 0
v 44.07967533923781 132.242706370373 0
v 44.79255399122004 131.1449700593478 0
v 45.50543264320227 130.04723374832258 0
v 46.21831129518449 128.9494974372974 0
v 46.931189947166715 127.8517611262722 0
v 47.644068599148945 126.75402481524699 0
v 48.356947251131174 125.65628850422179 0
v 49.0698259031134 124.55855219319659 0
v 49.0698259031134 124.55855219319659 0
v 113.22814108129755 166.22344899824733 0
v 177.3864562594817 207.88834580329808 0
v 241.54477143766587 249.55324260834885 0
v 305.70308661585 291.2181394133996 0
v 369.8614017940341 332.88303621845034 0
v 434.0197169722183 374.5479330235011 0
v 498.1780321504025 416.21282982855183 0
v 562.3363473285866 457.8777266336026 0
v 562.3363473285866 457.8777266336026 0
v 561.6234691266045 458.9754629446278 0
v 560.9105909246224 460.073199255653 0
v 560.1977127226403 461.1709355666782 0
v 559.4848345206582 462.2686718777034 0
v 558.7719563186761 463.3664081887286 0
v 558.059078116694 464.46414449975384 0
v 557.3461999147119 465.56188081077903 0
v 556.6333217127298 466.6596171218042 0
v 556.6333217127298 466.6596171218042 0
v 492.4750060845455 424.99472031675344 0
v 428.31669045636124 383.3298235117027 0
v 364.15837482817693 341.66492670665195 0
v 300.0000591999927 300.00002990160124 0
v 235.84174357180842 258.33513309655046 0
v 171.6834279436241 216.6702362914997 0
v 107.52511231543986 175.00533948644897 0
v 43.3667966872556 133.3404426813982 0
v 40.497271874223784 137.8446979576035 0
v 41.19088384574712 136.7346863931003 0
v 41.88449581727046 135.62467482859714 0
v 42.578107788793794 134.51466326409394 0
v 43.27171976031713 133.40465169959077 0
v 43.96533173184047 132.29464013508758 0
v 44.6589437033638 131.18462857058438 0
v 45.35255567488714 130.0746170060812 0
v 46.04616764641048 128.96460544157802 0
v 46.04616764641048 128.96460544157802 0
v 110.92186395285258 169.50343992757786 0
v 175.79756025929467 210.04227441357773 0
v 240.67325656573678 250.5811088995776 0
v 305.54895287217886 291.11994338557747 0
v 370.42464917862094 331.6587778715773 0
v 435.3003454850631 372.19761235757716 0
v 500.17604179150516 412.736446843577 0
v 565.0517380979472 453.27528132957684 0
v 565.0517380979472 453.27528132957684 0
v 564.3581266514241 454.3852921440798 0
v 563.6645152049009 455.4953029585828 0
v 562.9709037583776 456.60531377308575 0
v 562.2772923118545 457.7153245875887 0
v 561.5836808653313 458.82533540209175 0
v 560.890069418808 459.9353462165947 0
v 560.1964579722849 461.0453570310977 0
v 559.5028465257617 462.15536784560067 0
v 559.5028465257617 462.15536784560067 0
v 494.6271496943194 421.61653410960105 0
v 429.7514528628772 381.0777003736014 0
v 364.875756031435 340.5388666376017 0
v 300.00005919999273 300.0000329016021 0
v 235.12436236855046 259.46119916560247 0
v 170.24866553710825 218.9223654296028 0
v 105.37296870566604 178.38353169360317 0
v 40.49727187422377 137.8446979576035 0
v 37.706795883589145 142.3983392478015 0
v 38.38092982459371 141.27639217991657 0
v 39.05506376559827 140.15444511203168 0
v 39.72919770660283 139.03249804414676 0
v 40.40333164760739 137.91055097626185 0
v 41.07746558861195 136.78860390837693 0
v 41.75159952961651 135.666656840492 0
v 42.425733470621076 134.54470977260712 0
v 43.09986741162564 133.4227627047222 0
v 43.09986741162564 133.4227627047222 0
v 108.67318309072648 172.82318611817234 0
v 174.24649876982733 212.2236095316225 0
v 239.81981444892816 251.62403294507263 0
v 305.39313012802904 291.0244563585228 0
v 370.96644580712984 330.4248797719729 0
v 436.53976148623065 369.8253031854231 0
v 502.11307716533156 409.22572659887317 0
v 567.6863928444324 448.62615001232336 0
v 567.6863928444324 448.62615001232336 0
v 567.0122589034278 449.74809708020825 0
v 566.3381249624233 450.8700441480932 0
v 565.6639910214187 451.9919912159781 0
v 564.9898570804141 453.11393828386304 0
v 564.3157231394096 454.2358853517479 0
v 563.641589198405 455.3578324196328 0
v 562.9674552574005 456.47977948751776 0
v 562.2933213163959 457.60172655540265 0
v 562.2933213163959 457.60172655540265 0
v 496.72000563729506 418.2013031419525 0
v 431.1466899581942 378.80087972850237 0
v 365.5733742790934 339.4004563150522 0
v 300.00005859999254 300.0000329016021 0
v 234.42674292089168 260.59960948815194 0
v 168.85342724179088 221.1991860747018 0
v 103.28011156269002 181.79876266125166 0
v 37.706795883589166 142.39833924780152 0
v 34.99621171559051 146.9999985516046 0
v 35.65066227601812 145.86645648043444 0
v 36.30511283644573 144.73291440926425 0
v 36.959563396873335 143.5993723380941 0
v 37.61401395730094 142.46583026692394 0
v 38.268464517728546 141.33228819575376 0
v 38.92291507815615 140.1987461245836 0
v 39.577365638583764 139.06520405341342 0
v 40.23181619901137 137.93166198224327 0
v 40.23181619901137 137.93166198224327 0
v 106.48277612011137 176.18167206974306 0
v 172.73373604121136 214.43168215724285 0
v 238.98469596231135 252.68169224474266 0
v 305.2356558834113 290.9317023322425 0
v 371.4866158045113 329.1817124197422 0
v 437.7375757256113 367.43172250724206 0
v 503.9885356467113 405.68173259474185 0
v 570.2394955678113 443.93174268224163 0
v 570.2394955678113 443.93174268224163 0
v 569.5850453823838 445.0652840034116 0
v 568.9305951969563 446.19882532458155 0
v 568.2761450115288 447.3323666457515 0
v 567.6216948261012 448.46590796692146 0
v 566.9672446406738 449.59944928809136 0
v 566.3127944552463 450.7329906092613 0
v 565.6583442698188 451.8665319304313 0
v 565.0038940843913 453.00007325160124 0
v 565.0038940843913 453.00007325160124 0
v 498.7529337882912 414.75006391410164 0
v 432.5019734921911 376.5000545766021 0
v 366.251013196091 338.2500452391025 0
v 300.0000528999909 300.0000359016029 0
v 233.74909260389086 261.75002656410334 0
v 167.49813230779074 223.50001722660377 0
v 101.24717201169062 185.2500078891042 0
v 34.99621171559056 146.99999855160462 0
v 32.36635457046453 151.6482598686116 0
v 33.00092247525872 150.50346854425416 0
v 33.63549038005291 149.35867721989672 0
v 34.270058284847096 148.21388589553925 0
v 34.90462618964129 147.0690945711818 0
v 35.53919409443548 145.92430324682437 0
v 36.17376199922967 144.7795119224669 0
v 36.80832990402386 143.63472059810945 0
v 37.442897808818046 142.489929273752 0
v 37.442897808818046 142.489929273752 0
v 104.3513218661995 179.57787553200046 0
v 171.25974592358097 216.66582179024894 0
v 238.16816998096238 253.75376804849742 0
v 305.07659403834384 290.84171430674587 0
v 371.9850180957253 327.9296605649943 0
v 438.8934421531067 365.0176068232428 0
v 505.8018662104882 402.1055530814913 0
v 572.7102902678697 439.19349933973973 0
v 572.7102902678697 439.19349933973973 0
v 572.0757225880756 440.33828916409675 0
v 571.4411549082814 441.48307898845377 0
v 570.8065872284873 442.6278688128108 0
v 570.1720195486932 443.77265863716786 0
v 569.5374518688991 444.9174484615249 0
v 568.902884189105 446.0622382858819 0
v 568.2683165093108 447.2070281102389 0
v 567.6337488295167 448.35181793459594 0
v 567.6337488295167 448.35181793459594 0
v 500.72532454713513 411.2638731763479 0
v 433.8169002647536 374.17592841809983 0
v 366.9084759823721 337.08798365985183 0
v 300.0000516999906 300.0000389016038 0
v 233.09162741760906 262.9120941433557 0
v 166.1832031352276 225.8241493851077 0
v 99.27477885284605 188.73620462685966 0
v 32.36635457046452 151.6482598686116 0
v 29.818021848437134 156.34170719842132 0
v 30.432513747543123 155.18601537097538 0
v 31.04700564664911 154.03032354352945 0
v 31.661497545755097 152.87463171608354 0
v 32.27598944486108 151.7189398886376 0
v 32.890481343967075 150.56324806119167 0
v 33.50497324307306 149.40755623374577 0
v 34.11946514217905 148.25186440629983 0
v 34.73395704128504 147.0961725788539 0
v 34.73395704128504 147.0961725788539 0
v 102.27946502917355 183.01075700464992 0
v 169.82497301706206 218.92534143044597 0
v 237.37048100495056 254.83992585624202 0
v 304.91598899283906 290.75451028203804 0
v 372.4614969807276 326.66909470783406 0
v 440.0070049686161 362.5836791336301 0
v 507.55251295650464 398.49826355942616 0
v 575.0980209443932 434.4128479852222 0
v 575.0980209443932 434.4128479852222 0
v 574.4835292702872 435.56853831266767 0
v 573.8690375961813 436.7242286401132 0
v 573.2545459220754 437.8799189675587 0
v 572.6400542479695 439.0356092950042 0
v 572.0255625738636 440.1912996224497 0
v 571.4110708997576 441.3469899498952 0
v 570.7965792256517 442.50268027734074 0
v 570.1820875515458 443.6583706047862 0
v 570.1820875515458 443.6583706047862 0
v 502.6365793386572 407.7437876789906 0
v 435.0910711257686 371.829204753195 0
v 367.5455629128801 335.9146218273994 0
v 300.0000546999915 300.0000389016038 0
v 232.4545464871029 264.08545597580815 0
v 164.90903827421437 228.17087305001255 0
v 97.36353006132578 192.25629012421695 0
v 29.818021848437184 156.34170719842132 0
v 27.35198934972812 161.0789125406291 0
v 27.94621804309287 159.91267271019456 0
v 28.540446736457618 158.74643287976005 0
v 29.13467542982237 157.58019304932552 0
v 29.728904123187117 156.41395321889098 0
v 30.323132816551865 155.24771338845645 0
v 30.917361509916617 154.0814735580219 0
v 31.511590203281365 152.9152337275874 0
v 32.10581889664611 151.74899389715287 0
v 32.10581889664611 151.74899389715287 0
v 100.26783523421194 186.47927623739673 0
v 168.42985157177776 221.20955857764062 0
v 236.5918679093436 255.9398409178845 0
v 304.7538842469094 290.67012325812834 0
v 372.91590058447525 325.40040559837223 0
v 441.0779169220411 360.1306879386161 0
v 509.2399332596069 394.86097027886 0
v 577.4019495971728 429.5912526191039 0
v 577.4019495971728 429.59125261910384 0
v 576.8077214288082 430.75749169953815 0
v 576.2134932604436 431.92373077997246 0
v 575.619265092079 433.08996986040677 0
v 575.0250369237144 434.25620894084113 0
v 574.4308087553497 435.42244802127544 0
v 573.8365805869852 436.58868710170975 0
v 573.2423524186205 437.75492618214406 0
v 572.6481242502559 438.92116526257837 0
v 572.6481242502559 438.92116526257837 0
v 504.48610738768997 404.19088367233473 0
v 436.324090525124 369.46060208209104 0
v 368.162073662558 334.73032049184735 0
v 300.000056799992 300.0000389016037 0
v 231.83803993742606 265.2697573113601 0
v 163.67602307486004 230.5394757211164 0
v 95.51400621229408 195.80919413087273 0
v 27.351989349728115 161.07891254062906 0
v 24.969007074550003 165.85843589482698 0
v 25.542791587122235 164.68200281150436 0
v 26.11657609969447 163.50556972818177 0
v 26.6903606122667 162.32913664485915 0
v 27.264145124838933 161.15270356153655 0
v 27.837929637411165 159.97627047821393 0
v 28.411714149983396 158.7998373948913 0
v 28.98549866255563 157.62340431156872 0
v 29.559283175127863 156.4469712282461 0
v 29.559283175127863 156.4469712282461 0
v 98.31704455648806 189.98237347994072 0
v 167.07480593784825 223.51777573163534 0
v 235.83256731920847 257.05317798333 0
v 304.59032870056865 290.58858023502455 0
v 373.34809008192883 324.1239824867192 0
v 442.10585146328907 357.6593847384138 0
v 510.86361284464925 391.19478699010847 0
v 579.6213742260095 424.73018924180303 0
v 579.6213742260095 424.73018924180303 0
v 579.0475903134375 425.90662082512523 0
v 578.4738064008654 427.08305240844743 0
v 577.9000224882933 428.25948399176957 0
v 577.3262385757213 429.43591557509177 0
v 576.7524546631493 430.61234715841397 0
v 576.1786707505771 431.7887787417361 0
v 575.6048868380051 432.9652103250583 0
v 575.0311029254331 434.1416419083805 0
v 575.0311029254331 434.1416419083805 0
v 506.2733409440727 400.60624115668634 0
v 437.5155789627123 367.0708404049921 0
v 368.7578169813519 333.53543965329794 0
v 300.0000549999915 300.0000389016037 0
v 231.24229301863113 266.46463814990955 0
v 162.4845310372707 232.92923739821538 0
v 93.72676905591032 199.39383664652118 0
v 24.96900707454995 165.85843589482698 0
v 22.669798023107624 170.6788192606019 0
v 23.222963529837806 169.49255142449277 0
v 23.776129036567987 168.30628358838365 0
v 24.32929454329817 167.12001575227453 0
v 24.882460050028353 165.9337479161654 0
v 25.435625556758534 164.74748008005628 0
v 25.98879106348872 163.56121224394715 0
v 26.5419565702189 162.37494440783803 0
v 27.09512207694908 161.1886765717289 0
v 27.09512207694908 161.1886765717289 0
v 96.42768467116959 193.51898223197958 0
v 165.7602472653901 225.84928789223025 0
v 235.09280985961058 258.1795935524809 0
v 304.4253724538311 290.5098992127316 0
v 373.75793504805165 322.84020487298227 0
v 443.0904976422721 355.1705105332329 0
v 512.4230602364926 387.5008161934836 0
v 581.7556228307132 419.8311218537343 0
v 581.7556228307132 419.8311218537343 0
v 581.2024579239832 421.0173889398432 0
v 580.6492930172531 422.20365602595217 0
v 580.0961281105231 423.38992311206107 0
v 579.5429632037931 424.57619019817 0
v 578.9897982970631 425.7624572842789 0
v 578.4366333903331 426.9487243703878 0
v 577.883468483603 428.1349914564968 0
v 577.330303576873 429.3212585426057 0
v 577.330303576873 429.3212585426057 0
v 507.99774038265235 396.9909536323552 0
v 438.6651771884317 364.6606487221047 0
v 369.332613994211 332.3303438118543 0
v 300.00005079999033 300.0000389016038 0
v 230.66748760576968 267.66973399135327 0
v 161.33492441154897 235.33942908110282 0
v 92.00236121732831 203.00912417085235 0
v 22.66979802310766 170.67881926060187 0
v 20.45506899560124 175.5385926375373 0
v 20.987447046441645 174.34285154874408 0
v 21.51982509728205 173.14711045995088 0
v 22.052203148122455 171.95136937115768 0
v 22.58458119896286 170.75562828236446 0
v 23.116959249803266 169.55988719357123 0
v 23.64933730064367 168.36414610477803 0
v 24.181715351484076 167.16840501598483 0
v 24.71409340232448 165.9726639271916 0
v 24.71409340232448 165.9726639271916 0
v 94.60033840342163 197.08802549320822 0
v 164.4865834045188 228.20338705922484 0
v 234.3728284056159 259.3187486252414 0
v 304.25907340671307 290.434110191258 0
v 374.14531840781024 321.54947175727466 0
v 444.03156340890735 352.66483332329125 0
v 513.9178084100046 383.78019488930784 0
v 583.8040534111017 414.8955564553245 0
v 583.8040534111017 414.8955564553245 0
v 583.2716755102613 416.0912967941175 0
v 582.7392976094209 417.2870371329105 0
v 582.2069197085806 418.4827774717035 0
v 581.6745418077402 419.6785178104965 0
v 581.1421639068998 420.8742581492895 0
v 580.6097860060595 422.06999848808255 0
v 580.0774081052191 423.2657388268755 0
v 579.5450302043787 424.46147916566855 0
v 579.5450302043787 424.46147916566855 0
v 509.6587850532815 393.34611834965216 0
v 439.77253990218435 362.2307575336357 0
v 369.8862947510871 331.1153967176193 0
v 300.00004959998995 300.0000359016029 0
v 230.11380444889278 268.88467508558654 0
v 160.22755929779555 237.76931426957012 0
v 90.34131414669838 206.6539534535537 0
v 20.45506899560121 175.5385926375373 0
v 18.325496192222452 180.436280025215 0
v 18.836924637127137 179.23143018384098 0
v 19.34835308203182 178.02658034246696 0
v 19.859781526936505 176.82173050109293 0
v 20.37120997184119 175.6168806597189 0
v 20.882638416745877 174.41203081834487 0
v 21.39406686165056 173.20718097697085 0
v 21.905495306555245 172.00233113559682 0
v 22.41692375145993 170.7974812942228 0
v 22.41692375145993 170.7974812942228 0
v 92.83556277840202 200.68842101331998 0
v 163.2542018053441 230.57936073241717 0
v 233.6728408322862 260.4703004515144 0
v 304.0914798592283 290.3612401706116 0
v 374.51011888617035 320.25217988970877 0
v 444.92875791311246 350.143119608806 0
v 515.3473969400545 380.03405932790315 0
v 585.7660359669966 409.92499904700037 0
v 585.7660359669966 409.92499904700037 0
v 585.254607822092 411.1298481383742 0
v 584.7431796771874 412.334697229748 0
v 584.2317515322828 413.5395463211218 0
v 583.7203233873781 414.7443954124956 0
v 583.2088952424735 415.9492445038694 0
v 582.697467097569 417.15409359524324 0
v 582.1860389526644 418.358942686617 0
v 581.6746108077598 419.56379177799084 0
v 581.6746108077598 419.56379177799084 0
v 511.2559714808176 389.6728528088939 0
v 440.8373321538754 359.78191383979686 0
v 370.4186928269333 329.8909748706999 0
v 300.0000534999911 300.0000359016029 0
v 229.58141417304893 270.10909693250596 0
v 159.1627748461068 240.21815796340897 0
v 88.74413551916462 210.32721899431198 0
v 18.32549619222243 180.436280025215 0
v 16.281721013152982 185.37038742321172 0
v 16.772044077077812 184.1567955793608 0
v 17.262367141002642 182.94320373550988 0
v 17.752690204927468 181.72961189165895 0
v 18.243013268852298 180.516020047808 0
v 18.733336332777128 179.3024282039571 0
v 19.223659396701954 178.08883636010617 0
v 19.713982460626784 176.87524451625526 0
v 20.204305524551614 175.66165267240433 0
v 20.204305524551614 175.66165267240433 0
v 91.13388789626093 204.31906479200214 0
v 162.06347026797025 232.97647691159995 0
v 232.99305263967955 261.6338890311978 0
v 303.9226350113889 290.29130115079556 0
v 374.8522173830982 318.94871327039334 0
v 445.7817997548075 347.6061253899912 0
v 516.7113821265168 376.263537509589 0
v 587.6409644982261 404.9209496291868 0
v 587.6409644982261 404.9209496291868 0
v 587.1506421093015 406.1345407230375 0
v 586.6603197203768 407.3481318168882 0
v 586.1699973314522 408.5617229107389 0
v 585.6796749425275 409.77531400458963 0
v 585.1893525536029 410.98890509844034 0
v 584.6990301646783 412.20249619229105 0
v 584.2087077757536 413.41608728614176 0
v 583.718385386829 414.62967837999247 0
v 583.718385386829 414.62967837999247 0
v 512.7888023401196 385.9722670103949 0
v 441.85921929341 357.3148556407973 0
v 370.9296362467005 328.65744427119967 0
v 300.000053199991 300.0000329016021 0
v 229.07047015328146 271.3426215320045 0
v 158.140887106572 242.68521016240692 0
v 87.21130405986247 214.0277987928093 0
v 16.281721013152946 185.37038742321172 0
v 14.324373458571332 190.3394148311024 0
v 14.793441741473973 189.11745073487936 0
v 15.262510024376617 187.89548663865628 0
v 15.731578307279259 186.6735225424332 0
v 16.2006465901819 185.45155844621016 0
v 16.669714873084544 184.2295943499871 0
v 17.138783155987188 183.00763025376403 0
v 17.607851438889828 181.78566615754096 0
v 18.07691972179247 180.5637020613179 0
v 18.07691972179247 180.5637020613179 0
v 89.49583988214746 207.97885807894326 0
v 160.91476004250245 235.39401409656858 0
v 232.33368020285744 262.80917011419393 0
v 303.7526003632124 290.2243261318193 0
v 375.17152052356744 317.6394821494446 0
v 446.5904406839224 345.0546381670699 0
v 518.0093608442774 372.4697941846953 0
v 589.4282810046324 399.8849502023206 0
v 589.4282810046324 399.8849502023206 0
v 588.9592128717297 401.10691354854345 0
v 588.4901447388272 402.3288768947663 0
v 588.0210766059246 403.55084024098915 0
v 587.5520084730219 404.772803587212 0
v 587.0829403401193 405.99476693343485 0
v 586.6138722072167 407.21673027965767 0
v 586.1448040743142 408.43869362588055 0
v 585.6757359414115 409.66065697210337 0
v 585.6757359414115 409.66065697210337 0
v 514.2568156310565 382.2455017044783 0
v 442.8378953207015 354.8303464368531 0
v 371.41897501034646 327.415191169228 0
v 300.00005469999144 300.00003590160287 0
v 228.58113438963642 272.5848806339778 0
v 157.1622140792814 245.16972536635265 0
v 85.74329376892638 217.75457009872753 0
v 14.324373458571358 190.3394148311024 0
v 12.45404272864444 195.3418502484587 0
v 12.901713355484416 194.1118851499687 0
v 13.34938398232439 192.8819200514787 0
v 13.797054609164366 191.6519549529887 0
v 14.244725236004342 190.4219898544987 0
v 14.692395862844316 189.19202475600866 0
v 15.140066489684292 187.96205965751867 0
v 15.587737116524266 186.73209455902864 0
v 16.035407743364242 185.50212946053864 0
v 16.035407743364242 185.50212946053864 0
v 87.92191096120106 211.6666773738251 0
v 159.80841417903787 237.83122528711158 0
v 231.69491739687467 263.99577320039805 0
v 303.58142061471153 290.1603211136845 0
v 375.46792383254837 316.324869026971 0
v 447.35442705038514 342.4894169402575 0
v 519.240930268222 368.653964853544 0
v 591.1274334860587 394.81851276683045 0
v 591.1274334860587 394.81851276683045 0
v 590.6797628592187 396.0484771153203 0
v 590.2320922323788 397.27844146381005 0
v 589.7844216055389 398.5084058122999 0
v 589.3367509786989 399.7383701607897 0
v 588.8890803518589 400.9683345092795 0
v 588.441409725019 402.1982988577693 0
v 587.993739098179 403.4282632062591 0
v 587.546068471339 404.6582275547489 0
v 587.546068471339 404.6582275547489 0
v 515.6595652535023 378.49368039146265 0
v 443.77306203566536 352.3291332281764 0
v 371.8865588178286 326.1645860648901 0
v 300.00005559999175 300.00003890160383 0
v 228.11355238215492 273.8354917383175 0
v 156.22704916431815 247.67094457503126 0
v 84.34054594648131 221.50639741174498 0
v 12.454042728644481 195.3418502484587 0
v 10.671303023535 200.3761576748454 0
v 11.097439569273654 199.1385673241949 0
v 11.523576115012307 197.9009769735444 0
v 11.949712660750961 196.66338662289388 0
v 12.375849206489615 195.4257962722434 0
v 12.80198575222827 194.1882059215929 0
v 13.228122297966923 192.95061557094238 0
v 13.654258843705577 191.71302522029188 0
v 14.08039538944423 190.4754348696414 0
v 14.08039538944423 190.4754348696414 0
v 86.4125842085586 215.38140592633118 0
v 158.74477302767295 240.28737698302098 0
v 231.0769618467873 265.1933480397108 0
v 303.4091506659017 290.09931909640056 0
v 375.74133948501606 315.0052901530904 0
v 448.0735283041304 339.9112612097802 0
v 520.4057171232448 364.81723226647 0
v 592.7379059423591 389.7232033231598 0
v 592.7379059423591 389.7232033231598 0
v 592.3117700716207 390.96079292381006 0
v 591.8856342008822 392.1983825244604 0
v 591.4594983301438 393.43597212511065 0
v 591.0333624594052 394.6735617257609 0
v 590.6072265886668 395.91115132641124 0
v 590.1810907179283 397.1487409270615 0
v 589.7549548471899 398.38633052771183 0
v 589.3288189764514 399.6239201283621 0
v 589.3288189764514 399.6239201283621 0
v 516.9966294823369 374.7179498216725 0
v 444.6644399882223 349.8119795149829 0
v 372.33225049410777 324.9060092082933 0
v 300.0000609999932 300.0000389016037 0
v 227.66787150587862 275.0940685949141 0
v 155.3356820117641 250.18809828822458 0
v 83.00349251764953 225.28212798153498 0
v 10.67130302353496 200.3761576748454 0
v 8.976693743395842 205.4408191098324 0
v 9.381166457996411 204.1959800071281 0
v 9.785639172596982 202.95114090442377 0
v 10.190111887197553 201.70630180171946 0
v 10.594584601798122 200.46146269901516 0
v 10.99905731639869 199.21662359631085 0
v 11.403530030999262 197.97178449360655 0
v 11.808002745599833 196.72694539090222 0
v 12.212475460200402 195.4821062881979 0
v 12.212475460200402 195.4821062881979 0
v 84.96831682434961 219.12191273614118 0
v 157.72415818849885 242.76171918408443 0
v 230.47999955264808 266.4015256320277 0
v 303.23584091679726 290.04133207997097 0
v 375.99168228094646 313.6811385279142 0
v 448.7475236450957 337.3209449758575 0
v 521.5033650092449 360.96075142380073 0
v 594.2592063733941 384.600557871744 0
v 594.2592063733941 384.600557871744 0
v 593.8547342587938 385.8453962244481 0
v 593.4502621441934 387.0902345771522 0
v 593.0457900295929 388.3350729298563 0
v 592.6413179149926 389.57991128256043 0
v 592.2368458003922 390.82474963526454 0
v 591.8323736857917 392.06958798796865 0
v 591.4279015711913 393.31442634067275 0
v 591.023429456591 394.55926469337686 0
v 591.023429456591 394.55926469337686 0
v 518.2675874924416 370.9194589954338 0
v 445.5117455282922 347.27965329749077 0
v 372.7559035641428 323.6398475995477 0
v 300.0000615999934 300.0000419016046 0
v 227.244219635844 276.36023620366154 0
v 154.4883776716946 252.72043050571853 0
v 81.7325357075452 229.08062480777545 0
v 8.9766937433958 205.4408191098324 0
v 7.370729688372821 210.5342745529777 0
v 7.753415346800393 209.28256619832712 0
v 8.136101005227966 208.0308578436765 0
v 8.518786663655538 206.7791494890259 0
v 8.90147232208311 205.5274411343753 0
v 9.284157980510683 204.2757327797247 0
v 9.666843638938255 203.02402442507412 0
v 10.049529297365828 201.7723160704235 0
v 10.4322149557934 200.5206077157729 0
v 10.4322149557934 200.5206077157729 0
v 83.58954718369834 222.88704955292962 0
v 156.7468794116033 245.25349139008637 0
v 229.90421163950825 267.6199332272431 0
v 303.0615438674132 289.9863750643998 0
v 376.21887609531814 312.35281690155654 0
v 449.3762083232231 334.7192587387133 0
v 522.533540551128 357.08570057586996 0
v 595.6908727790329 379.4521424130267 0
v 595.6908727790329 379.4521424130267 0
v 595.3081874206055 380.7038500176771 0
v 594.9255020621779 381.9555576223275 0
v 594.5428167037504 383.2072652269779 0
v 594.160131345323 384.4589728316283 0
v 593.7774459868955 385.71068043627866 0
v 593.394760628468 386.96238804092906 0
v 593.0120752700404 388.21409564557945 0
v 592.629389911613 389.46580325022984 0
v 592.629389911613 389.46580325022984 0
v 519.4720573837079 367.09936216307335 0
v 446.314724855803 344.7329210759168 0
v 373.1573923278979 322.36647998876026 0
v 300.0000597999929 300.0000389016038 0
v 226.84272727208793 277.6335978144473 0
v 153.68539474418287 255.26715672729074 0
v 80.52806221627793 232.90071564013422 0
v 7.370729688372876 210.5342745529777 0
v 5.853907598606683 215.6549880038461 0
v 6.214689658328237 214.39679139735716 0
v 6.575471718049792 213.13859479086824 0
v 6.936253777771347 211.8803981843793 0
v 7.297035837492901 210.62220157789034 0
v 7.657817897214456 209.3640049714014 0
v 8.018599956936011 208.10580836491246 0
v 8.379382016657566 206.84761175842354 0
v 8.74016407637912 205.5894151519346 0
v 8.74016407637912 205.5894151519346 0
v 82.27670196172564 226.6756786263742 0
v 155.81323984707217 247.76194210081383 0
v 229.3497777324187 268.8482055752535 0
v 302.8863156177652 289.9344690496931 0
v 376.42285350311175 311.0207325241327 0
v 449.95939138845824 332.10699599857236 0
v 523.4959292738047 353.19325947301195 0
v 597.0324671591512 374.2795229474516 0
v 597.0324671591512 374.2795229474516 0
v 596.6716855569298 375.5377188039403 0
v 596.3109039547084 376.79591466042905 0
v 595.9501223524869 378.0541105169178 0
v 595.5893407502655 379.3123063734065 0
v 595.228559148044 380.5705022298952 0
v 594.8677775458226 381.82869808638395 0
v 594.5069959436012 383.0868939428727 0
v 594.1462143413797 384.3450897993614 0
v 594.1462143413797 384.3450897993614 0
v 520.6096759985331 363.258827074922 0
v 447.0731376556865 342.17256435048256 0
v 373.5365993128398 321.08630162604317 0
v 300.0000609699932 300.0000389016038 0
v 226.46352262714663 278.9137761771643 0
v 152.92698428429998 257.82751345272493 0
v 79.39044594145332 236.74125072828554 0
v 5.853907598606725 215.6549880038461 0
v 4.426681134225967 220.8013934619939 0
v 4.765449720210372 219.53709185377522 0
v 5.1042183061947775 218.27279024555654 0
v 5.442986892179183 217.00848863733785 0
v 5.781755478163588 215.74418702911916 0
v 6.120524064147993 214.47988542090047 0
v 6.459292650132399 213.21558381268179 0
v 6.798061236116805 211.9512822044631 0
v 7.13682982210121 210.6869805962444 0
v 7.13682982210121 210.6869805962444 0
v 81.03017378354275 230.4866434561473 0
v 154.9235177449843 250.2863063160502 0
v 228.81686170642587 270.0859691759531 0
v 302.7102056678674 289.88563203585596 0
v 376.60354962930893 309.6852948957589 0
v 450.4968935907505 329.48495775566175 0
v 524.3902375521919 349.2846206155647 0
v 598.2835815136335 369.08428347546754 0
v 598.2835815136335 369.08428347546754 0
v 597.9448131676492 370.3485835836858 0
v 597.6060448216648 371.6128836919041 0
v 597.2672764756804 372.87718380012234 0
v 596.9285081296962 374.1414839083406 0
v 596.5897397837118 375.40578401655887 0
v 596.2509714377275 376.67008412477713 0
v 595.9122030917431 377.9343842329954 0
v 595.5734347457587 379.19868434121366 0
v 595.5734347457587 379.19868434121366 0
v 521.6800905443172 359.3990229813112 0
v 447.7867463428755 339.5993616214087 0
v 373.89340214143397 319.79970026150625 0
v 300.00005793999236 300.0000389016038 0
v 226.10671373855075 280.2003775417013 0
v 152.2133695371092 260.4007161817989 0
v 78.32002533566754 240.60105482189638 0
v 4.426681134225987 220.8013934619939 0
v 3.0894941753564353 225.9719249269774 0
v 3.406146027574435 224.7019038171382 0
v 3.7227978797924344 223.431882707299 0
v 4.039449732010434 222.16186159745976 0
v 4.356101584228433 220.89184048762056 0
v 4.672753436446433 219.62181937778135 0
v 4.989405288664432 218.35179826794212 0
v 5.306057140882431 217.0817771581029 0
v 5.622708993100431 215.8117560482637 0
v 5.622708993100431 215.8117560482637 0
v 79.85035009925946 234.3187860419207 0
v 154.07799120541847 252.82581603557773 0
v 228.3056323115775 271.33284602923476 0
v 302.53327341773655 289.83987602289176 0
v 376.76091452389556 308.34690601654876 0
v 450.98855563005463 326.85393601020576 0
v 525.2161967362136 345.3609660038628 0
v 599.4438378423727 363.8679959975198 0
v 599.4438378423727 363.8679959975198 0
v 599.1271862526547 365.1380163573588 0
v 598.8105346629368 366.40803671719783 0
v 598.4938830732189 367.67805707703684 0
v 598.1772314835009 368.9480774368758 0
v 597.860579893783 370.2180977967148 0
v 597.543928304065 371.4881181565538 0
v 597.2272767143471 372.7581385163928 0
v 596.9106251246292 374.0281588762318 0
v 596.9106251246292 374.0281588762318 0
v 522.6829837559701 355.521129632575 0
v 448.455342387311 337.0141003889182 0
v 374.2277010186519 318.5070711452614 0
v 300.0000596499928 300.0000419016046 0
v 225.77241828133373 281.4930126579478 0
v 151.5447769126746 262.985983414291 0
v 77.31713554401551 244.4789541706342 0
v 3.0894941753564353 225.9719249269774 0
v 1.842747822111735 231.1649983983478 0
v 2.137186528036011 229.8896447869977 0
v 2.431625233960288 228.61429117564762 0
v 2.726063939884564 227.33893756429754 0
v 3.0205026458088406 226.06358395294745 0
v 3.3149413517331165 224.78823034159737 0
v 3.6093800576573933 223.51287673024729 0
v 3.9038187635816692 222.2375231188972 0
v 4.198257469505946 220.96216950754712 0
v 4.198257469505946 220.96216950754712 0
v 78.73758405397584 238.1709296333611 0
v 153.2769106384457 255.3796897591751 0
v 227.8162372229156 272.5884498849891 0
v 302.3555638073855 289.79721001080304 0
v 376.8948903918554 307.00597013661707 0
v 451.4342169763253 324.21473026243103 0
v 525.9735435607952 341.423490388245 0
v 600.5128701452651 358.632250514059 0
v 600.5128701452651 358.632250514059 0
v 600.2184335618414 359.90760412540914 0
v 599.9239969784178 361.1829577367592 0
v 599.6295603949941 362.4583113481093 0
v 599.3351238115704 363.73366495945936 0
v 599.0406872281467 365.0090185708095 0
v 598.746250644723 366.2843721821596 0
v 598.4518140612994 367.55972579350964 0
v 598.1573774778757 368.83507940485975 0
v 598.1573774778757 368.83507940485975 0
v 523.6180487709051 351.6263192790458 0
v 449.0787200639347 334.41755915323176 0
v 374.5393913569642 317.20879902741774 0
v 300.0000626499937 300.0000389016038 0
v 225.46073394302323 282.7912787757898 0
v 150.9214052360527 265.5825186499758 0
v 76.38207652908227 248.3737585241618 0
v 1.8427478221117326 231.1649983983478 0
v 0.686821634599408 236.3790418756597 0
v 0.9589575017045485 235.0987435129086 0
v 1.231093368809689 233.81844515015752 0
v 1.5032292359148296 232.53814678740642 0
v 1.77536510301997 231.25784842465532 0
v 2.0475009701251103 229.97755006190422 0
v 2.319636837230251 228.69725169915313 0
v 2.5917727043353915 227.41695333640203 0
v 2.8639085714405317 226.13665497365093 0
v 2.863908571440532 226.13665497365093 0
v 77.6922188027891 242.04190423013694 0
v 152.52052903413767 257.94715348662294 0
v 227.34883926548625 273.85240274310894 0
v 302.1771494968348 289.75765199959494 0
v 377.0054597281833 305.662901256081 0
v 451.83376995953194 321.568150512567 0
v 526.6620801908805 337.473399769053 0
v 601.4903904222291 353.378649025539 0
v 601.4903904222291 353.378649025539 0
v 601.218255095124 354.65894738829013 0
v 600.9461197680191 355.9392457510412 0
v 600.6739844409142 357.2195441137923 0
v 600.4018491138091 358.49984247654345 0
v 600.1297137867041 359.7801408392945 0
v 599.8575784595992 361.06043920204564 0
v 599.5854431324942 362.3407375647967 0
v 599.3133078053892 363.62103592754784 0
v 599.3133078053892 363.62103592754784 0
v 524.4849970340405 347.71578667106184 0
v 449.6566862626917 331.81053741457583 0
v 374.82837549134297 315.9052881580898 0
v 300.00006471999427 300.0000389016038 0
v 225.17175394864557 284.09478964511777 0
v 150.34344317729682 268.1895403886317 0
v 75.51513240594807 252.2842911321457 0
v 0.6868216345993687 236.3790418756597 0
v -0.3779299370801185 241.6124713584643 0
v -0.12817981006760257 240.3276189944229 0
v 0.12157031694491338 239.0427666303815 0
v 0.3713204439574293 237.7579142663401 0
v 0.6210705709699453 236.4730619022987 0
v 0.8708206979824611 235.1882095382573 0
v 1.120570824994977 233.9033571742159 0
v 1.370320952007493 232.6185048101745 0
v 1.620071079020009 231.3336524461331 0
v 1.620071079020009 231.3336524461331 0
v 76.71456852828825 245.93054433191796 0
v 151.80906597755651 260.5274362177028 0
v 226.90356342682475 275.1243281034877 0
v 301.998060876093 289.7212199892725 0
v 377.09255832536127 304.3181118750574 0
v 452.18705577462947 318.9150037608423 0
v 527.2815532238977 333.5118956466272 0
v 602.376050673166 348.108787532412 0
v 602.376050673166 348.108787532412 0
v 602.1263006024035 349.3936398964534 0
v 601.876550531641 350.6784922604948 0
v 601.6268004608785 351.9633446245362 0
v 601.377050390116 353.2481969885776 0
v 601.1273003193535 354.533049352619 0
v 600.877550248591 355.8179017166604 0
v 600.6278001778285 357.1027540807018 0
v 600.378050107066 358.3876064447432 0
v 600.378050107066 358.3876064447432 0
v 525.2835526015477 343.7907145589583 0
v 450.18905509602945 329.1938226731735 0
v 375.09455759051116 314.5969307873886 0
v 300.0000600849929 300.0000389016037 0
v 224.9055625794747 285.4031470158189 0
v 149.8110650739564 270.806255130034 0
v 74.71656756843811 256.2093632442492 0
v -0.37792993708012546 241.6124713584643 0
v -1.3511855028357842 246.8636848463077 0
v -1.1238971936874482 245.57466848108652 0
v -0.8966088845391121 244.2856521158653 0
v -0.669320575390776 242.9966357506441 0
v -0.4420322662424401 241.7076193854229 0
v -0.2147439570941041 240.41860302020172 0
v 0.0125443520542321 239.1295866549805 0
v 0.23983266120256808 237.84057028975928 0
v 0.46712097035090405 236.5515539245381 0
v 0.4671209703509041 236.5515539245381 0
v 75.80493221130804 249.83564318836233 0
v 151.14274345226517 263.11973245218655 0
v 226.4805546932223 276.4038217160108 0
v 301.81836593417944 289.687910979835 0
v 377.1561771751366 302.97200024365924 0
v 452.4939884160937 316.25608950748347 0
v 527.831799657051 329.5401787713077 0
v 603.169610898008 342.8242680351319 0
v 603.169610898008 342.8242680351319 0
v 602.9423233336099 344.1132836503529 0
v 602.7150357692118 345.4022992655739 0
v 602.4877482048137 346.6913148807949 0
v 602.2604606404157 347.9803304960159 0
v 602.0331730760175 349.26934611123687 0
v 601.8058855116194 350.55836172645786 0
v 601.5785979472213 351.84737734167885 0
v 601.3513103828232 353.13639295689984 0
v 601.3513103828232 353.13639295689984 0
v 526.0134983971158 339.8523044430758 0
v 450.67568641140844 326.5682159292518 0
v 375.3378744257011 313.2841274154278 0
v 300.0000624399937 300.0000389016038 0
v 224.66225045428632 286.71595038777974 0
v 149.324438468579 273.43186187395577 0
v 73.98662648287166 260.14777336013174 0
v -1.3511855028357331 246.8636848463077 0
v -2.2326427525819343 252.131080338736 0
v -2.0278854893173928 250.83829372244656 0
v -1.8231282260528512 249.54550710615715 0
v -1.6183709627883098 248.25272048986773 0
v -1.4136136995237683 246.95993387357828 0
v -1.2088564362592267 245.66714725728883 0
v -1.0040991729946853 244.3743606409994 0
v -0.7993419097301437 243.08157402471 0
v -0.5945846464656022 241.78878740842055 0
v -0.5945846464656022 241.78878740842055 0
v 74.96359232142848 253.75602779913768 0
v 150.52176928932258 265.7232681898548 0
v 226.07994625721665 277.690508580572 0
v 301.63812322511075 289.65774897128915 0
v 377.19630019300484 301.62498936200626 0
v 452.7544771608989 313.5922297527234 0
v 528.312654128793 325.55947014344054 0
v 603.8708310966871 337.5267105341577 0
v 603.8708310966871 337.5267105341577 0
v 603.6660735386724 338.81949640044695 0
v 603.4613159806578 340.11228226673614 0
v 603.2565584226431 341.40506813302534 0
v 603.0518008646286 342.6978539993146 0
v 602.847043306614 343.99063986560384 0
v 602.6422857485993 345.28342573189303 0
v 602.4375281905847 346.5762115981822 0
v 602.23277063257 347.8689974644715 0
v 602.23277063257 347.8689974644715 0
v 526.674593959426 335.90175782375456 0
v 451.11641728628206 323.9345181830376 0
v 375.558240613138 311.9672785423207 0
v 300.00006393999405 300.0000389016037 0
v 224.44188726685007 288.0327992608868 0
v 148.88371059370604 276.0655596201699 0
v 73.32553392056207 264.098319979453 0
v -2.23264275258191 252.131080338736 0
v -3.022036096243318 257.4130558352953 0
v -2.839872242130241 256.1168927180492 0
v -2.6577083880171632 254.82072960080308 0
v -2.475544533904086 253.52456648355698 0
v -2.293380679791009 252.22840336631086 0
v -2.111216825677931 250.93224024906473 0
v -1.929052971564854 249.63607713181864 0
v -1.7468891174517767 248.3399140145725 0
v -1.5647252633386992 247.0437508973264 0
v -1.5647252633386992 247.0437508973264 0
v 74.19079930322052 257.6904974139037 0
v 149.94632386977975 268.33724393048107 0
v 225.70184843633896 278.9839904470584 0
v 301.4573730028982 289.63073696363574 0
v 377.21289756945737 300.27748348021305 0
v 452.9684221360166 310.92422999679036 0
v 528.7239467025759 321.57097651336767 0
v 604.479471269135 332.21772302994503 0
v 604.479471269135 332.21772302994503 0
v 604.2973112175231 333.51388539719096 0
v 604.115151165911 334.81004776443683 0
v 603.932991114299 336.1062101316827 0
v 603.750831062687 337.4023724989286 0
v 603.568671011075 338.69853486617455 0
v 603.3865109594631 339.9946972334204 0
v 603.204350907851 341.2908596006663 0
v 603.022190856239 342.5870219679122 0
v 603.022190856239 342.5870219679122 0
v 527.2666624871788 331.9402762013351 0
v 451.51113411811843 321.293530434758 0
v 375.75560574905813 310.6467846681809 0
v 300.00007737999783 300.0000389016038 0
v 224.24454901093753 289.35329313502666 0
v 148.48902064187723 278.70654736844955 0
v 72.73349227281699 268.05980160187244 0
v -3.0220360962433688 257.4130558352953 0
v -3.7191305737533646 262.7080093355317 0
v -3.559615631057477 261.4088649674409 0
v -3.400100688361589 260.1097205993501 0
v -3.2405857456657015 258.8105762312593 0
v -3.0810708029698137 257.51143186316847 0
v -2.9215558602739264 256.2122874950777 0
v -2.7620409175780387 254.91314312698688 0
v -2.602525974882151 253.6139987588961 0
v -2.4430110321862633 252.3148543908053 0
v -2.4430110321862633 252.3148543908053 0
v 73.48679177375178 261.63786253232354 0
v 149.41659457968981 270.9608706738418 0
v 225.34639738562785 280.28387881535997 0
v 301.27620019156586 289.6068869568782 0
v 377.2060029975039 298.92989509839646 0
v 453.13580580344194 308.25290323991464 0
v 529.06560860938 317.5759113814329 0
v 604.995411415318 326.89891952295113 0
v 604.995411415318 326.89891952295113 0
v 604.8358938701214 328.1980631410417 0
v 604.6763763249248 329.4972067591323 0
v 604.5168587797282 330.7963503772229 0
v 604.3573412345315 332.0954939953135 0
v 604.1978236893349 333.3946376134041 0
v 604.0383061441382 334.69378123149465 0
v 603.8787885989417 335.9929248495853 0
v 603.719271053745 337.29206846767585 0
v 603.719271053745 337.29206846767585 0
v 527.7894708503078 327.9690610761578 0
v 451.8596706468704 318.6460536846398 0
v 375.9298704434332 309.3230462931218 0
v 300.00007023999586 300.0000389016038 0
v 224.07027003655855 290.6770315100857 0
v 148.1404698331213 281.35402411856774 0
v 72.21066962968393 272.03101672704975 0
v -3.7191305737533185 262.7080093355317 0
v -4.323709705050737 268.01432083898624 0
v -4.186892258785805 266.71259047016275 0
v -4.050074812520872 265.4108601013392 0
v -3.9132573662559405 264.1091297325157 0
v -3.7764399199910086 262.8073993636922 0
v -3.6396224737260763 261.5056689948687 0
v -3.502805027461144 260.2039386260452 0
v -3.3659875811962117 258.9022082572217 0
v -3.22917013493128 257.6004778883982 0
v -3.22917013493128 257.6004778883982 0
v 72.851770073829 265.5969081540528 0
v 148.93271028258928 273.5933384197074 0
v 225.01365049134955 281.589768685362 0
v 301.09459070010985 289.5861989510166 0
v 377.17553090887014 297.58262921667125 0
v 453.2564711176304 305.5790594823259 0
v 529.3374113263908 313.57548974798044 0
v 605.418351535151 321.57192001363507 0
v 605.418351535151 321.57192001363507 0
v 605.2815364963868 322.87365038245855 0
v 605.1447214576225 324.1753807512821 0
v 605.0079064188583 325.4771111201056 0
v 604.871091380094 326.77884148892906 0
v 604.7342763413297 328.08057185775255 0
v 604.5974613025655 329.38230222657603 0
v 604.4606462638012 330.6840325953996 0
v 604.323831225037 331.98576296422306 0
v 604.323831225037 331.98576296422306 0
v 528.2428886087761 323.98933269856843 0
v 452.16194599251503 315.99290243291387 0
v 376.0810033762541 307.99647216725924 0
v 300.0000607599931 300.0000419016046 0
v 223.91911814373213 292.00361163595005 0
v 147.8381755274712 284.0071813702954 0
v 71.75723291121017 276.01075110464086 0
v -4.32370970505076 268.01432083898624 0
v -4.835587130082633 273.3303703451998 0
v -4.721508857760465 272.0264499757558 0
v -4.607430585438297 270.7225296063118 0
v -4.493352313116128 269.41860923686784 0
v -4.379274040793961 268.1146888674238 0
v -4.265195768471793 266.8107684979798 0
v -4.151117496149625 265.5068481285358 0
v -4.037039223827456 264.20292775909184 0
v -3.9229609515052886 262.8990073896478 0
v -3.9229609515052886 262.8990073896478 0
v 72.28595312101424 269.56642452874877 0
v 148.49486719353376 276.2338416678498 0
v 224.70378126605334 282.90125880695075 0
v 300.91269533857286 289.5686759460517 0
v 377.1216094110924 296.23609308515273 0
v 453.33052348361196 302.9035102242537 0
v 529.5394375561315 309.5709273633547 0
v 605.748351628651 316.2383445024557 0
v 605.748351628651 316.2383445024557 0
v 605.6342690963277 317.54226412189945 0
v 605.5201865640042 318.8461837413432 0
v 605.4061040316808 320.15010336078706 0
v 605.2920214993575 321.45402298023083 0
v 605.1779389670342 322.7579425996746 0
v 605.0638564347107 324.06186221911844 0
v 604.9497739023873 325.3657818385622 0
v 604.835691370064 326.669701458006 0
v 604.835691370064 326.669701458006 0
v 528.6267815575457 320.0022850689052 0
v 452.4178717450273 313.33486867980446 0
v 376.20896193250894 306.6674522907037 0
v 300.00005211999064 300.0000359016029 0
v 223.79114230747234 293.3326195125021 0
v 147.58223249495398 286.66520312340134 0
v 71.37332268243563 279.9977867343006 0
v -4.835587130082672 273.3303703451998 0
v -5.254609068805482 278.65456185372034 0
v -5.163304725435925 277.3488497337687 0
v -5.072000382066368 276.043137613817 0
v -4.980696038696811 274.7374254938653 0
v -4.889391695327255 273.4317133739137 0
v -4.798087351957698 272.12600125396204 0
v -4.7067830085881415 270.82028913401035 0
v -4.615478665218585 269.51457701405866 0
v -4.524174321849028 268.208864894107 0
v -4.524174321849028 268.208864894107 0
v 71.78949393035086 273.54523715607877 0
v 148.10316218255076 278.88160941805046 0
v 224.41683043475066 284.21798168002215 0
v 300.7304986869505 289.5543539419939 0
v 377.0441669391504 294.89072620396564 0
v 453.3578351913503 300.22709846593733 0
v 529.6715034435501 305.563470727909 0
v 605.9851716957501 310.89984298988077 0
v 605.9851716957501 310.89984298988077 0
v 605.8938666698804 312.2055551098324 0
v 605.8025616440106 313.5112672297841 0
v 605.7112566181409 314.81697934973573 0
v 605.619951592271 316.1226914696874 0
v 605.5286465664013 317.42840358963906 0
v 605.4373415405316 318.7341157095907 0
v 605.3460365146618 320.0398278295424 0
v 605.2547314887921 321.345539949494 0
v 605.2547314887921 321.345539949494 0
v 528.9410639190924 316.00916768752234 0
v 452.6273963493927 310.6727954255506 0
v 376.313728779693 305.3364231635789 0
v 300.0000612099933 300.0000509016072 0
v 223.6863936402936 294.66367863963546 0
v 147.3727260705939 289.3273063776638 0
v 71.05905850089414 283.990934115692 0
v -5.254609068805507 278.65456185372034 0
v -5.58064820118321 283.98525736408357 0
v -5.512145589274142 282.67815024373664 0
v -5.443642977365074 281.37104312338977 0
v -5.375140365456006 280.06393600304284 0
v -5.306637753546938 278.7568288826959 0
v -5.23813514163787 277.44972176234904 0
v -5.169632529728802 276.1426146420021 0
v -5.101129917819734 274.83550752165525 0
v -5.032627305910666 273.5284004013083 0
v -5.032627305910666 273.5284004013083 0
v 71.36255257438417 277.5321025356903 0
v 147.757732454679 281.53580467007225 0
v 224.15291233497382 285.53950680445416 0
v 300.54809221526864 289.54320893883613 0
v 376.9432720955635 293.5469110732181 0
v 453.3384519758583 297.5506132076 0
v 529.7336318561532 301.554315341982 0
v 606.128811736448 305.55801747636394 0
v 606.128811736448 305.55801747636394 0
v 606.0603067170383 306.86512459671087 0
v 605.9918016976285 308.1722317170578 0
v 605.9232966782188 309.47933883740467 0
v 605.8547916588091 310.7864459577516 0
v 605.7862866393992 312.0935530780985 0
v 605.7177816199895 313.4006601984454 0
v 605.6492766005797 314.7077673187923 0
v 605.58077158117 316.01487443913925 0
v 605.58077158117 316.01487443913925 0
v 529.1855941083759 312.0111723047573 0
v 452.79041663558166 308.0074701703753 0
v 376.39523916278756 304.00376803599335 0
v 300.0000616899934 300.0000659016114 0
v 223.60488421719924 295.99636376722947 0
v 147.20970674440514 291.9926616328475 0
v 70.81452927161092 287.98895949846553 0
v -5.58064820118318 283.98525736408357 0
v -5.8136039671873245 289.32082487582727 0
v -5.767923966744661 288.01272100519793 0
v -5.722243966301998 286.7046171345686 0
v -5.676563965859335 285.3965132639393 0
v -5.630883965416672 284.08840939331 0
v -5.585203964974008 282.78030552268064 0
v -5.539523964531345 281.47220165205135 0
v -5.493843964088683 280.164097781422 0
v -5.448163963646019 278.8559939107927 0
v -5.448163963646019 278.8559939107927 0
v 71.0052505006486 281.5258064172393 0
v 147.45866496494324 284.195618923686 0
v 223.91207942923788 286.8654314301327 0
v 300.36549389353246 289.5352439365794 0
v 376.81890835782707 292.205056443026 0
v 453.27232282212174 294.87486894947267 0
v 529.7257372864163 297.5446814559194 0
v 606.179151750711 300.214493962366 0
v 606.179151750711 300.214493962366 0
v 606.1334767377697 301.52259708299516 0
v 606.0878017248285 302.83070020362425 0
v 606.0421267118872 304.13880332425333 0
v 605.996451698946 305.4469064448825 0
v 605.9507766860047 306.7550095655116 0
v 605.9051016730634 308.0631126861407 0
v 605.8594266601223 309.3712158067698 0
v 605.813751647181 310.6793189273989 0
v 605.813751647181 310.6793189273989 0
v 529.3603321953849 308.0095071709525 0
v 452.9069127435889 305.339695414506 0
v 376.4534932917929 302.6698836580596 0
v 300.00007383999684 300.00007190161307 0
v 223.5466543882008 297.3302601451666 0
v 147.09323493640477 294.66044838872017 0
v 70.63981548460868 291.9906366322737 0
v -5.813603967187305 289.32082487582727 0
v -5.953405566797766 294.6596023884805 0
v -5.9305620753254455 293.3509007676818 0
v -5.907718583853125 292.04219914688315 0
v -5.8848750923808035 290.7334975260844 0
v -5.862031600908483 289.42479590528575 0
v -5.839188109436162 288.1160942844871 0
v -5.816344617963841 286.80739266368835 0
v -5.79350112649152 285.4986910428897 0
v -5.7706576350192 284.189989422091 0
v -5.7706576350192 284.189989422091 0
v 70.71770603667771 285.52510005037226 0
v 147.20606970837463 286.86021067865346 0
v 223.69443338007156 288.1953213069347 0
v 300.1827970517685 289.5304319352159 0
v 376.6711607234654 290.8655425634972 0
v 453.15952439516235 292.20065319177843 0
v 529.6478880668592 293.5357638200596 0
v 606.1362517385561 294.8708744483409 0
v 606.1362517385561 294.8708744483409 0
v 606.1134142320855 296.17957531913936 0
v 606.0905767256148 297.48827618993784 0
v 606.0677392191442 298.7969770607363 0
v 606.0449017126737 300.1056779315348 0
v 606.022064206203 301.41437880233326 0
v 605.9992266997324 302.72307967313174 0
v 605.9763891932618 304.0317805439302 0
v 605.9535516867911 305.3404814147287 0
v 605.9535516867911 305.3404814147287 0
v 529.4651820300925 304.0053715364477 0
v 452.9768123733939 302.6702616581666 0
v 376.4884427166953 301.3351517798856 0
v 300.0000730599967 300.0000419016046 0
v 223.51170340329804 298.66493202332356 0
v 147.02333374659946 297.32982214504256 0
v 70.53496408990088 295.9947122667615 0
v -5.9534055667977555 294.6596023884805 0
v -6.000011300002721 300.0000419016046 0
v -6.000011300002721 298.6911407807494 0
v -6.000011300002721 297.3822396598942 0
v -6.000011300002721 296.073338539039 0
v -6.000011300002721 294.7644374181838 0
v -6.000011300002721 293.45553629732854 0
v -6.000011300002721 292.14663517647335 0
v -6.000011300002721 290.83773405561817 0
v -6.000011300002721 289.52883293476293 0
v -6.000011300002721 289.52883293476293 0
v 70.5000040749955 289.52883368476313 0
v 147.00001944999374 289.5288344347633 0
v 223.50003482499199 289.5288351847636 0
v 300.0000501999902 289.5288359347638 0
v 376.5000655749884 289.528836684764 0
v 453.0000809499867 289.5288374347642 0
v 529.5000963249848 289.5288381847644 0
v 606.0001116999831 289.5288389347646 0
v 606.0001116999831 289.5288389347646 0
v 606.0001116999831 290.8377393056196 0
v 606.0001116999831 292.1466396764746 0
v 606.0001116999831 293.45554004732963 0
v 606.0001116999831 294.7644404181846 0
v 606.0001116999831 296.0733407890396 0
v 606.0001116999831 297.38224115989465 0
v 606.0001116999831 298.69114153074963 0
v 606.0001116999831 300.0000419016046 0
v 606.0001116999831 300.0000419016046 0
v 529.5000963249848 300.0000419016046 0
v 453.0000809499867 300.0000419016046 0
v 376.5000655749884 300.0000419016046 0
v 300.0000501999902 300.0000419016046 0
v 223.50003482499199 300.0000419016046 0
v 147.00001944999372 300.0000419016046 0
v 70.50000407499556 300.0000419016046 0
v -6.000011300002711 300.0000419016046 0
v -5.953405326797698 305.3404814147287 0
v -5.976248803270015 304.0317790439298 0
v -5.999092279742332 302.7230766731309 0
v -6.021935756214648 301.414374302332 0
v -6.044779232686965 300.10567193153315 0
v -6.067622709159281 298.7969695607342 0
v -6.090466185631597 297.48826718993536 0
v -6.113309662103914 296.17956481913643 0
v -6.136153138576231 294.87086244833756 0
v -6.136153138576231 294.87086244833756 0
v 70.35221495812193 293.53575482005715 0
v 146.84058305482012 292.2006471917768 0
v 223.32895115151828 290.8655395634964 0
v 299.81731924821645 289.53043193521603 0
v 376.30568734491465 288.1953243069356 0
v 452.7940554416128 286.8602166786552 0
v 529.2824235383109 285.52510905037485 0
v 605.7707916350091 284.19000142209444 0
v 605.7707916350091 284.19000142209444 0
v 605.7936366414818 285.4987022928929 0
v 605.8164816479546 286.8074031636914 0
v 605.8393266544274 288.11610403448987 0
v 605.8621716609001 289.42480490528834 0
v 605.8850166673728 290.7335057760868 0
v 605.9078616738457 292.0422066468853 0
v 605.9307066803184 293.35090751768377 0
v 605.9535516867911 294.65960838848224 0
v 605.9535516867911 294.65960838848224 0
v 529.4651820600925 295.99471751676305 0
v 452.9768124333939 297.32982664504385 0
v 376.48844280669533 298.66493577332466 0
v 300.0000731799967 300.00004490160546 0
v 223.5117035532981 301.33515402988627 0
v 147.02333392659955 302.6702631581671 0
v 70.53496429990093 304.0053722864479 0
v -5.953405326797679 305.3404814147287 0
v -5.813603907187307 310.67930092739385 0
v -5.859283862629957 309.3711970567645 0
v -5.904963818072608 308.06309318613523 0
v -5.950643773515258 306.7549893155059 0
v -5.996323728957909 305.44688544487656 0
v -6.04200368440056 304.1387815742472 0
v -6.08768363984321 302.8306777036179 0
v -6.133363595285861 301.5225738329886 0
v -6.179043550728511 300.21446996235926 0
v -6.179043550728511 300.21446996235926 0
v 70.2743733360668 297.544658955913 0
v 146.7277902228621 294.8748479494668 0
v 223.1812071096574 292.20503694302056 0
v 299.6346239964527 289.5352259365743 0
v 376.088040883248 286.86541493012805 0
v 452.54145777004334 284.1956039236818 0
v 528.9948746568386 281.5257929172356 0
v 605.448291543634 278.85598191078935 0
v 605.448291543634 278.85598191078935 0
v 605.4939665565753 280.1640850314185 0
v 605.5396415695166 281.4721881520476 0
v 605.5853165824578 282.78029127267666 0
v 605.6309915953991 284.0883943933058 0
v 605.6766666083403 285.39649751393495 0
v 605.7223416212815 286.70460063456403 0
v 605.7680166342228 288.0127037551931 0
v 605.8136916471641 289.32080687582226 0
v 605.8136916471641 289.32080687582226 0
v 529.3602797028702 291.9906186322687 0
v 452.90686775857625 294.66043038871516 0
v 376.45345581428234 297.3302421451616 0
v 300.0000438699884 300.00005390160806 0
v 223.5466319256945 302.6698656580545 0
v 147.09321998140058 305.33967741450095 0
v 70.63980803710672 308.0094891709474 0
v -5.813603907187257 310.67930092739385 0
v -5.580648801183379 316.0148624391358 0
v -5.649151368092435 314.7077545687887 0
v -5.71765393500149 313.40064669844156 0
v -5.786156501910544 312.09353882809444 0
v -5.8546590688196 310.7864309577473 0
v -5.923161635728655 309.4793230874002 0
v -5.991664202637709 308.17221521705306 0
v -6.060166769546765 306.86510734670594 0
v -6.12866933645582 305.5579994763588 0
v -6.12866933645582 305.5579994763588 0
v 70.26650575883767 301.5542995919775 0
v 146.66168085413113 297.5505997075962 0
v 223.0568559494246 293.54689982321486 0
v 299.4520310447181 289.5431999388336 0
v 375.8472061400116 285.5395000544523 0
v 452.24238123530506 281.53580017007096 0
v 528.6375563305986 277.53210028568964 0
v 605.032731425892 273.5284004013083 0
v 605.032731425892 273.5284004013083 0
v 605.1012364453018 274.835506771655 0
v 605.1697414647116 276.1426131420017 0
v 605.2382464841213 277.44971951234845 0
v 605.3067515035311 278.7568258826951 0
v 605.3752565229408 280.0639322530418 0
v 605.4437615423506 281.37103862338853 0
v 605.5122665617604 282.67814499373526 0
v 605.5807715811701 283.98525136408193 0
v 605.5807715811701 283.98525136408193 0
v 529.1855940333759 287.98895274846365 0
v 452.7904164855817 291.9926541328454 0
v 376.39523893778755 295.99635551722713 0
v 300.00006138999333 300.0000569016089 0
v 223.60488384219911 304.0037582859906 0
v 147.20970629440495 308.0074596703723 0
v 70.81452874661079 312.0111610547541 0
v -5.580648801183429 316.0148624391358 0
v -5.254611048806043 321.345539949494 0
v -5.345915354675589 320.03982707954214 0
v -5.437219660545135 318.7341142095903 0
v -5.528523966414681 317.4284013396384 0
v -5.619828272284227 316.1226884696865 0
v -5.711132578153773 314.81697559973463 0
v -5.802436884023319 313.51126272978274 0
v -5.893741189892864 312.2055498598309 0
v -5.98504549576241 310.899836989879 0
v -5.98504549576241 310.899836989879 0
v 70.32862160143715 305.5634669779079 0
v 146.6422886986367 300.2270969659369 0
v 222.95595579583625 294.8907269539658 0
v 299.26962289303583 289.5543569419947 0
v 375.58328999023536 284.21798693002364 0
v 451.89695708743494 278.88161691805254 0
v 528.2106241846345 273.5452469060815 0
v 604.524291281834 268.2088768941104 0
v 604.524291281834 268.2088768941104 0
v 604.6155963077038 269.51458901406204 0
v 604.7069013335736 270.82030113401373 0
v 604.7982063594434 272.1260132539654 0
v 604.8895113853131 273.43172537391706 0
v 604.9808164111828 274.7374374938687 0
v 605.0721214370526 276.0431496138204 0
v 605.1634264629224 277.3488617337721 0
v 605.2547314887921 278.6545738537237 0
v 605.2547314887921 278.6545738537237 0
v 528.9410636715924 283.990944615695 0
v 452.6273958543926 289.3273153776663 0
v 376.3137280371928 294.6636861396376 0
v 300.00006021999303 300.0000569016089 0
v 223.68639240279327 305.33642766358014 0
v 147.37272458559346 310.67279842555143 0
v 71.0590567683937 316.00916918752273 0
v -5.254611048806055 321.345539949494 0
v -4.835589410083279 326.669701458006 0
v -4.949667644905436 325.365781088562 0
v -5.063745879727594 324.061860719118 0
v -5.177824114549751 322.757940349674 0
v -5.291902349371908 321.45401998023 0
v -5.405980584194065 320.150099610786 0
v -5.5200588190162225 318.84617924134204 0
v -5.63413705383838 317.542258871898 0
v -5.748215288660537 316.23833850245404 0
v -5.748215288660537 316.23833850245404 0
v 70.46069801135879 309.57092361335367 0
v 146.6696113113781 302.90350872425336 0
v 222.8785246113974 296.236093835153 0
v 299.0874379114167 289.5686789460526 0
v 375.29635121143605 282.90126405695224 0
v 451.5052645114553 276.2338491678519 0
v 527.7141778114748 269.56643427875156 0
v 603.923091111494 262.8990193896512 0
v 603.923091111494 262.8990193896512 0
v 604.0371661438153 264.20293900909496 0
v 604.1512411761365 265.5068586285388 0
v 604.2653162084578 266.81077824798257 0
v 604.379391240779 268.11469786742634 0
v 604.4934662731002 269.4186174868701 0
v 604.6075413054215 270.7225371063139 0
v 604.7216163377427 272.0264567257577 0
v 604.835691370064 273.3303763452015 0
v 604.835691370064 273.3303763452015 0
v 528.6267812725456 279.99779198430207 0
v 452.41787117502713 286.66520762340264 0
v 376.2089610775088 293.3326232625032 0
v 300.00005097999036 300.0000389016037 0
v 223.79114088247195 306.6674545407043 0
v 147.5822307849536 313.33487017980485 0
v 71.37332068743513 320.0022858189054 0
v -4.83558941008323 326.669701458006 0
v -4.3237113850512126 331.9857329642145 0
v -4.460528786316132 330.684002595391 0
v -4.597346187581051 329.3822722265675 0
v -4.734163588845971 328.08054185774404 0
v -4.8709809901108905 326.7788114889205 0
v -5.00779839137581 325.477081120097 0
v -5.14461579264073 324.1753507512735 0
v -5.281433193905649 322.87362038245004 0
v -5.418250595170568 321.57189001362656 0
v -5.418250595170568 321.57189001362656 0
v 70.66269459359114 313.5754612479724 0
v 146.74363978235283 305.5790324823182 0
v 222.82458497111455 297.58260371666404 0
v 298.90553015987626 289.58617495100987 0
v 374.98647534863795 281.58974618535564 0
v 451.0674205373997 273.59331741970146 0
v 527.1483657261614 265.5968886540473 0
v 603.2293109149231 257.6004598883931 0
v 603.2293109149231 257.6004598883931 0
v 603.3661259536873 258.9021902572166 0
v 603.5029409924516 260.20392062604014 0
v 603.6397560312158 261.50565099486363 0
v 603.77657106998 262.8073813636871 0
v 603.9133861087442 264.1091117325106 0
v 604.0502011475085 265.4108421013341 0
v 604.1870161862728 266.7125724701576 0
v 604.323831225037 268.0143028389811 0
v 604.323831225037 268.0143028389811 0
v 528.242888398776 276.0107316046353 0
v 452.1619455725149 284.00716037028945 0
v 376.08100274625394 292.0035891359436 0
v 300.0000599199929 300.0000179015978 0
v 223.91911709373187 307.996446667252 0
v 147.8381742674709 315.99287543290615 0
v 71.7572314412098 323.9893041985603 0
v -4.323711385051183 331.9857329642145 0
v -3.719133513754197 337.2920564676724 0
v -3.8786484189500743 335.9929120995816 0
v -4.038163324145952 334.6937677314908 0
v -4.197678229341829 333.3946233634 0
v -4.357193134537706 332.09547899530924 0
v -4.516708039733583 330.7963346272184 0
v -4.67622294492946 329.4971902591276 0
v -4.835737850125337 328.1980458910368 0
v -4.995252755321214 326.898901522946 0
v -4.995252755321214 326.898901522946 0
v 70.93454517561544 317.5758956314284 0
v 146.8643431065521 308.2528897399108 0
v 222.79414103748874 298.9298838483932 0
v 298.72393896842544 289.6068779568757 0
v 374.6537368993621 280.2838720653581 0
v 450.58353483029873 270.9608661738405 0
v 526.5133327612355 261.6378602823229 0
v 602.4431306921721 252.3148543908053 0
v 602.4431306921721 252.3148543908053 0
v 602.6026482373687 253.6139980088959 0
v 602.7621657825653 254.9131416269865 0
v 602.9216833277619 256.21228524507706 0
v 603.0812008729586 257.5114288631677 0
v 603.2407184181552 258.81057248125825 0
v 603.4002359633519 260.1097160993488 0
v 603.5597535085484 261.40885971743944 0
v 603.719271053745 262.70800333553 0
v 603.719271053745 262.70800333553 0
v 527.7894704828077 272.0310099770478 0
v 451.85966991187024 281.3540166185656 0
v 375.92986934093284 290.6770232600834 0
v 300.00006876999544 300.00002990160124 0
v 224.07026819905803 309.32303654311903 0
v 148.14046762812063 318.6460431846368 0
v 72.21066705718329 327.9690498261546 0
v -3.719133513754173 337.2920564676724 0
v -3.022040416244542 342.58700396790715 0
v -3.2042042253576066 341.290840850661 0
v -3.3863680344706713 339.9946777334149 0
v -3.5685318435837363 338.6985146161688 0
v -3.750695652696801 337.4023514989227 0
v -3.9328594618098656 336.1061883816766 0
v -4.11502327092293 334.81002526443046 0
v -4.297187080035995 333.51386214718434 0
v -4.479350889149059 332.2176990299382 0
v -4.479350889149059 332.2176990299382 0
v 71.27617427741032 321.57095551336175 0
v 147.0316994439697 310.9242119967853 0
v 222.78722461052908 300.27746848020877 0
v 298.5427497770885 289.6307249636323 0
v 374.29827494364787 278.98398144705584 0
v 450.05380011020725 268.3372379304793 0
v 525.8093252767666 257.69049441390285 0
v 601.564850443326 247.0437508973264 0
v 601.564850443326 247.0437508973264 0
v 601.7470179949402 248.3399132645723 0
v 601.9291855465542 249.6360756318182 0
v 602.1113530981684 250.93223799906409 0
v 602.2935206497825 252.22840036630998 0
v 602.4756882013967 253.52456273355588 0
v 602.6578557530108 254.82072510080178 0
v 602.8400233046249 256.1168874680477 0
v 603.022190856239 257.4130498352936 0
v 603.022190856239 257.4130498352936 0
v 527.2666619471786 268.0597941018703 0
v 451.51113303811815 278.70653836844696 0
v 375.7556041290577 289.3532826350237 0
v 300.00007521999726 300.00002690160034 0
v 224.2445463109368 310.64677116817705 0
v 148.48901740187637 321.2935154347538 0
v 72.73348849281592 331.94025970133043 0
v -3.022040416244522 342.58700396790715 0
v -2.232642392581832 347.8690094644749 0
v -2.4373996205963637 346.57622284818547 0
v -2.6421568486108953 345.2834362318961 0
v -2.846914076625427 343.9906496156066 0
v -3.0516713046399584 342.6978629993172 0
v -3.25642853265449 341.40507638302773 0
v -3.4611857606690215 340.1122897667383 0
v -3.665942988683553 338.8195031504489 0
v -3.8707002166980846 337.52671653415945 0
v -3.8707002166980846 337.52671653415945 0
v 71.68747608144581 325.55947839344293 0
v 147.2456523795897 313.5922402527264 0
v 222.80382867773358 301.6250021120099 0
v 298.3620049758775 289.6577639712934 0
v 373.9201812740214 277.69052583057686 0
v 449.47835757216524 265.72328768986034 0
v 525.0365338703092 253.75604954914382 0
v 600.594710168453 241.7888114084273 0
v 600.594710168453 241.7888114084273 0
v 600.7994677264677 243.08159727471653 0
v 601.0042252844823 244.37438314100575 0
v 601.2089828424969 245.66716900729497 0
v 601.4137404005115 246.9599548735842 0
v 601.6184979585262 248.25274073987342 0
v 601.8232555165407 249.54552660616264 0
v 602.0280130745554 250.83831247245186 0
v 602.23277063257 252.13109833874108 0
v 602.23277063257 252.13109833874108 0
v 526.674594004426 264.0983372294578 0
v 451.116417376282 276.06557612017457 0
v 375.5582407481381 288.0328150108913 0
v 300.0000641199941 300.000053901608 0
v 224.44188749185008 311.9672927923247 0
v 148.88371086370614 323.9345316830414 0
v 73.32553423556215 335.9017705737582 0
v -2.2326423925818517 347.8690094644749 0
v -1.3511817228347132 353.13639895690153 0
v -1.5784699922330379 351.84738259168034 0
v -1.8057582616313628 350.55836622645916 0
v -2.0330465310296875 349.2693498612379 0
v -2.260334800428012 347.9803334960167 0
v -2.487623069826337 346.69131713079554 0
v -2.7149113392246615 345.4023007655743 0
v -2.9421996086229867 344.1132844003531 0
v -3.1694878780213114 342.8242680351319 0
v -3.1694878780213114 342.8242680351319 0
v 72.16832359018589 329.54018102130834 0
v 147.5061350583931 316.25609400748476 0
v 222.84394652660032 302.9720069936612 0
v 298.1817579948075 289.6879199798376 0
v 373.5195694630147 276.40383296601397 0
v 448.85738093122194 263.1197459521904 0
v 524.1951923994292 249.8356589383668 0
v 599.5330038676364 236.55157192454323 0
v 599.5330038676364 236.55157192454323 0
v 599.7602921820347 237.84058753976421 0
v 599.9875804964331 239.1296031549852 0
v 600.2148688108314 240.41861877020617 0
v 600.4421571252298 241.70763438542716 0
v 600.6694454396281 242.99665000064815 0
v 600.8967337540264 244.2856656158691 0
v 601.1240220684248 245.5746812310901 0
v 601.3513103828232 246.8636968463111 0
v 601.3513103828232 246.8636968463111 0
v 526.0134988696159 260.14778461013486 0
v 450.67568735640873 273.4318723739587 0
v 375.33787584320146 286.71596013778253 0
v 300.00006432999425 300.0000479016063 0
v 224.66225281678703 313.2841356654301 0
v 149.32444130357976 326.5682234292539 0
v 73.9866297903726 339.85231119307775 0
v -1.3511817228346672 353.13639895690153 0
v -0.37792807107958987 358.38760644474326 0
v -0.6276781613420954 357.10275333070166 0
v -0.877428251604601 355.81790021666 0
v -1.1271783418671066 354.5330471026184 0
v -1.3769284321296122 353.24819398857676 0
v -1.6266785223921176 351.96334087453516 0
v -1.8764286126546232 350.67848776049357 0
v -2.126178702917129 349.3936346464519 0
v -2.3759287931796345 348.1087815324103 0
v -2.3759287931796345 348.1087815324103 0
v 72.71856849858857 333.5118911466259 0
v 147.81306579035677 318.91500076084145 0
v 222.90756308212497 304.318110375057 0
v 298.0020603738932 289.7212199892725 0
v 373.0965576656614 275.12432960348815 0
v 448.19105495742957 260.52743921770366 0
v 523.2855522491978 245.93054883191922 0
v 598.3800495409661 231.3336584461348 0
v 598.3800495409661 231.3336584461348 0
v 598.6297996117286 232.6185108101762 0
v 598.8795496824911 233.9033631742176 0
v 599.1292997532536 235.18821553825902 0
v 599.3790498240161 236.47306790230041 0
v 599.6287998947786 237.7579202663418 0
v 599.8785499655411 239.04277263038324 0
v 600.1283000363036 240.32762499442464 0
v 600.3780501070661 241.61247735846604 0
v 600.3780501070661 241.61247735846604 0
v 525.2835528347979 256.20936849425067 0
v 450.1890555625297 270.80625963003536 0
v 375.09455829026143 285.40315076582 0
v 300.00006101799323 300.0000419016046 0
v 224.90556374572503 314.5969330373893 0
v 149.81106647345678 329.19382417317394 0
v 74.71656920118858 343.7907153089586 0
v -0.3779280710796229 358.38760644474326 0
v 0.6868233145998841 363.62103592754784 0
v 0.41468748499475416 362.3407375647967 0
v 0.14255165538962422 361.06043920204564 0
v -0.12958417421550572 359.7801408392945 0
v -0.40172000382063566 358.49984247654345 0
v -0.6738558334257656 357.2195441137923 0
v -0.9459916630308955 355.9392457510412 0
v -1.2181274926360255 354.65894738829013 0
v -1.4902633222411554 353.378649025539 0
v -1.4902633222411552 353.378649025539 0
v 73.33804624160723 337.47340201905365 0
v 148.1663558054556 321.56815501256824 0
v 222.99466536930396 305.6629080060829 0
v 297.82297493315235 289.75766099959753 0
v 372.65128449700074 273.8524139931121 0
v 447.4795940608491 257.94716698662677 0
v 522.3079036246975 242.0419199801414 0
v 597.1362131885459 226.136672973656 0
v 597.1362131885459 226.136672973656 0
v 597.4083485156508 227.41697058640688 0
v 597.6804838427558 228.69726819915778 0
v 597.9526191698608 229.97756581190868 0
v 598.2247544969657 231.25786342465955 0
v 598.4968898240708 232.53816103741042 0
v 598.7690251511757 233.81845865016132 0
v 599.0411604782807 235.09875626291222 0
v 599.3132958053857 236.3790538756631 0
v 599.3132958053857 236.3790538756631 0
v 524.4849867440374 252.2843016321487 0
v 449.65667768268924 268.1895493886343 0
v 374.82836862134104 284.09479714511986 0
v 300.0000595599928 300.00004490160546 0
v 225.17175049864454 315.90529265809107 0
v 150.34344143729635 331.8105404145766 0
v 75.51513237594816 347.71578817106223 0
v 0.6868233145999056 363.62103592754784 0
v 1.8427505221125002 368.8350614048547 0
v 1.5483118574382355 367.5597070435044 0
v 1.2538731927639708 366.28435268215406 0
v 0.9594345280897061 365.00899832080376 0
v 0.6649958634154414 363.7336439594535 0
v 0.37055719874117665 362.4582895981032 0
v 0.07611853406691194 361.1829352367529 0
v -0.218320130607353 359.9075808754026 0
v -0.5127587952816175 358.63222651405226 0
v -0.5127587952816176 358.63222651405226 0
v 74.02656865543852 341.4234686382389 0
v 148.56589610615865 324.21471076242557 0
v 223.1052235568788 307.0059528866122 0
v 297.6445510075989 289.7971950107988 0
v 372.18387845831904 272.5884371349855 0
v 446.7232059090392 255.37967925917212 0
v 521.2625333597593 238.17092138335875 0
v 595.8018608104795 220.9621635075454 0
v 595.8018608104795 220.9621635075454 0
v 596.0962996439039 222.23751636889529 0
v 596.3907384773281 223.51286923024514 0
v 596.6851773107525 224.78822209159503 0
v 596.9796161441768 226.06357495294492 0
v 597.274054977601 227.33892781429478 0
v 597.5684938110254 228.61428067564466 0
v 597.8629326444496 229.88963353699452 0
v 598.157371477874 231.1649863983444 0
v 598.157371477874 231.1649863983444 0
v 523.6180438584038 248.37374577415818 0
v 449.0787162389336 265.582505149972 0
v 374.53938861946347 282.7912645257858 0
v 300.00006099999325 300.00002390159955 0
v 225.46073338052304 317.2087832774133 0
v 150.92140576105288 334.4175426532271 0
v 76.38207814158272 351.6263020290409 0
v 1.8427505221125102 368.8350614048547 0
v 3.089498495357659 374.02815287623014 0
v 2.7728466783896697 372.75813101639073 0
v 2.4561948614216806 371.4881091565513 0
v 2.139543044453691 370.2180872967118 0
v 1.8228912274857016 368.9480654368724 0
v 1.5062394105177122 367.678043577033 0
v 1.1895875935497229 366.40802171719355 0
v 0.8729357765817336 365.1379998573541 0
v 0.5562839596137441 363.8679779975147 0
v 0.5562839596137439 363.8679779975147 0
v 74.78392426552254 345.36095025385833 0
v 149.01156457143134 326.8539225102019 0
v 223.23920487734014 308.3468947665456 0
v 297.4668451832489 289.83986702288917 0
v 371.69448548915767 271.3328392792328 0
v 445.9221257950665 252.82581153557646 0
v 520.1497661009753 234.31878379192008 0
v 594.3774064068841 215.8117560482637 0
v 594.3774064068841 215.8117560482637 0
v 594.694057996602 217.0817764081027 0
v 595.01070958632 218.35179676794172 0
v 595.3273611760379 219.6218171277807 0
v 595.6440127657559 220.8918374876197 0
v 595.9606643554738 222.16185784745872 0
v 596.2773159451917 223.4318782072977 0
v 596.5939675349097 224.7018985671367 0
v 596.9106191246276 225.97191892697572 0
v 596.9106191246276 225.97191892697572 0
v 522.6829790459689 244.47894817063252 0
v 448.4553389673101 262.9859774142893 0
v 374.2276988886514 281.4930066579461 0
v 300.00005880999265 300.0000359016029 0
v 225.77241873133391 318.50706514525973 0
v 151.54477865267518 337.01409438891653 0
v 77.31713857401644 355.52112363257334 0
v 3.0894984953577023 374.02815287623014 0
v 4.426688334228007 379.1986783412119 0
v 4.0879198157436205 377.9343767329932 0
v 3.7491512972592336 376.67007512477454 0
v 3.4103827787748475 375.4057735165559 0
v 3.0716142602904606 374.14147190833717 0
v 2.7328457418060745 372.87717030011845 0
v 2.394077223321688 371.6128686918998 0
v 2.0553087048373015 370.34856708368113 0
v 1.716540186352915 369.0842654754624 0
v 1.716540186352915 369.0842654754624 0
v 75.60988366029432 349.2846056155604 0
v 149.50322713423571 329.4849457556584 0
v 223.39657060817711 309.6852858957563 0
v 297.2899140821185 289.8856260358543 0
v 371.1832575560599 270.08596617595225 0
v 445.0766010300013 250.2863063160502 0
v 518.9699445039427 230.48664645614815 0
v 592.863287977884 210.68698659624613 0
v 592.863287977884 210.68698659624613 0
v 593.2020563238684 211.9512874544646 0
v 593.5408246698528 213.21558831268308 0
v 593.879593015837 214.47988917090157 0
v 594.2183613618214 215.74419002912003 0
v 594.5571297078058 217.0084908873385 0
v 594.89589805379 218.272791745557 0
v 595.2346663997744 219.53709260377548 0
v 595.5734347457587 220.80139346199394 0
v 595.5734347457587 220.80139346199394 0
v 521.6800914443174 240.6010540718962 0
v 447.78674814287604 260.40071468179843 0
v 373.89340484143474 280.20037529170065 0
v 300.0000615399934 300.0000359016029 0
v 226.10671823855205 319.7996965115052 0
v 152.21337493711076 339.5993571214074 0
v 78.32003163566935 359.39901773130964 0
v 4.426688334228061 379.1986783412119 0
v 5.853912818608162 384.3450597993529 0
v 5.493130796386618 383.086863192864 0
v 5.132348774165074 381.82866658637505 0
v 4.77156675194353 380.5704699798861 0
v 4.410784729721986 379.31227337339715 0
v 4.050002707500442 378.0540767669082 0
v 3.6892206852788982 376.7958801604193 0
v 3.3284386630573546 375.5376835539304 0
v 2.9676566408358105 374.27948694744146 0
v 2.9676566408358105 374.27948694744146 0
v 76.50419400118217 353.19322572300246 0
v 150.04073136152851 332.10696449856346 0
v 223.57726872187487 311.02070327412446 0
v 297.11380608222123 289.93444204968546 0
v 370.6503434425676 268.84818082524646 0
v 444.18688080291395 247.76191960080752 0
v 517.7234181632604 226.67565837636852 0
v 591.2599555236067 205.58939715192952 0
v 591.2599555236067 205.58939715192952 0
v 591.6207371258281 206.84759300841824 0
v 591.9815187280495 208.10578886490697 0
v 592.342300330271 209.3639847213957 0
v 592.7030819324923 210.62218057788442 0
v 593.0638635347137 211.88037643437312 0
v 593.4246451369352 213.13857229086184 0
v 593.7854267391566 214.39676814735057 0
v 594.146208341378 215.6549640038393 0
v 594.146208341378 215.6549640038393 0
v 520.6096714010318 236.7412259782785 0
v 447.07313446068554 257.8274879527177 0
v 373.53659752033934 278.9137499271569 0
v 300.0000605799931 300.0000119015961 0
v 226.46352363964684 321.0862738760353 0
v 152.92698669930064 342.1725358504745 0
v 79.39044975895433 363.2587978249137 0
v 5.853912818608137 384.3450597993529 0
v 7.37073628837469 389.46580325022984 0
v 6.9880506749471305 388.21409489557925 0
v 6.605365061519571 386.9623865409286 0
v 6.222679448092011 385.710678186278 0
v 5.839993834664451 384.4589698316274 0
v 5.457308221236891 383.20726147697684 0
v 5.074622607809332 381.95555312232625 0
v 4.691936994381773 380.7038447676756 0
v 4.309251380954213 379.452136413025 0
v 4.309251380954213 379.452136413025 0
v 77.46658258885884 357.0856968258689 0
v 150.62391379676347 334.7192572387128 0
v 223.7812450046681 312.35281765155673 0
v 296.93857621257274 289.9863780644007 0
v 370.0959074204774 267.61993847724455 0
v 443.253238628382 245.2534988900885 0
v 516.4105698362866 222.8870593029324 0
v 589.5679010441913 200.52061971577632 0
v 589.5679010441913 200.52061971577632 0
v 589.9505864026188 201.7723273204267 0
v 590.3332717610463 203.0240349250771 0
v 590.7159571194738 204.2757425297275 0
v 591.0986424779013 205.5274501343779 0
v 591.4813278363288 206.77915773902825 0
v 591.8640131947564 208.03086534367864 0
v 592.2466985531838 209.28257294832903 0
v 592.6293839116113 210.53428055297942 0
v 592.6293839116113 210.53428055297942 0
v 519.4720529587067 232.90072089013572 0
v 446.31472200580214 255.26716122729204 0
v 373.15739105289754 277.6336015644483 0
v 300.000060099993 300.0000419016046 0
v 226.84272914708845 322.3664822387609 0
v 153.68539819418385 344.7329225759172 0
v 80.52806724127925 367.09936291307355 0
v 7.370736288374701 389.46580325022984 0
v 8.976696143396522 394.5592526933734 0
v 8.572223451295958 393.3144135906691 0
v 8.167750759195394 392.0695744879648 0
v 7.763278067094831 390.8247353852605 0
v 7.358805374994267 389.5798962825562 0
v 6.954332682893703 388.33505717985184 0
v 6.549859990793139 387.09021807714754 0
v 6.145387298692575 385.84537897444324 0
v 5.740914606592011 384.60053987173893 0
v 5.740914606592011 384.60053987173893 0
v 78.49675534824105 360.9607356737963 0
v 151.2525960898901 337.3209314758537 0
v 224.00843683153914 313.68112727791106 0
v 296.76427757318817 290.04132307996844 0
v 369.5201183148372 266.4015188820258 0
v 442.2759590564863 242.76171468408316 0
v 515.0317997981352 219.12191048614054 0
v 587.7876405397843 195.4821062881979 0
v 587.7876405397843 195.4821062881979 0
v 588.1921126543847 196.72694464090202 0
v 588.5965847689852 197.9717829936061 0
v 589.0010568835855 199.2166213463102 0
v 589.4055289981859 200.4614596990143 0
v 589.8100011127864 201.70629805171842 0
v 590.2144732273867 202.95113640442253 0
v 590.6189453419872 204.1959747571266 0
v 591.0234174565876 205.4408131098307 0
v 591.0234174565876 205.4408131098307 0
v 518.2675772924388 229.08061805777356 0
v 445.51173712828984 252.72042300571638 0
v 372.75589696414096 276.3602279536592 0
v 300.0000567999921 300.0000329016021 0
v 227.2442166358432 323.6398378495449 0
v 154.48837647169432 347.2796427974878 0
v 81.73253630754544 370.9194477454306 0
v 8.976696143396566 394.5592526933734 0
v 10.671307223536191 399.62393212836554 0
v 10.245170677797537 398.386341777715 0
v 9.819034132058883 397.14875142706455 0
v 9.39289758632023 395.91116107641403 0
v 8.966761040581575 394.6735707257635 0
v 8.540624494842922 393.435980375113 0
v 8.114487949104268 392.19839002446247 0
v 7.688351403365614 390.960799673812 0
v 7.26221485762696 389.7232093231615 0
v 7.26221485762696 389.7232093231615 0
v 79.59440300174113 364.81724051647234 0
v 151.9265911458553 339.91127170978314 0
v 224.25877928996945 315.005302903094 0
v 296.59096743408367 290.09933409640485 0
v 368.92315557819785 265.19336528971564 0
v 441.255343722312 240.2873964830265 0
v 513.5875318664262 215.38142767633735 0
v 585.9197200105403 190.47545886964818 0
v 585.9197200105403 190.47545886964818 0
v 586.345856631279 191.71304847029847 0
v 586.7719932520176 192.95063807094874 0
v 587.1981298727563 194.18822767159904 0
v 587.624266493495 195.42581727224933 0
v 588.0504031142337 196.66340687289963 0
v 588.4765397349724 197.90099647354992 0
v 588.902676355711 199.1385860742002 0
v 589.3288129764497 200.3761756748505 0
v 589.3288129764497 200.3761756748505 0
v 516.9966247573356 225.28214523153986 0
v 444.66443653822137 250.18811478822926 0
v 372.3322483191072 275.09408434491866 0
v 300.000060099993 300.000053901608 0
v 227.6678718808788 324.9060234582974 0
v 155.33568366176462 349.8119930149868 0
v 83.00349544265043 374.71796257167614 0
v 10.671307223536246 399.62393212836554 0
v 12.454048728646141 404.65824555475393 0
v 12.006378176806187 403.42828120626416 0
v 11.558707624966233 402.19831685777433 0
v 11.11103707312628 400.9683525092845 0
v 10.663366521286326 399.7383881607947 0
v 10.215695969446372 398.50842381230495 0
v 9.768025417606419 397.2784594638151 0
v 9.320354865766465 396.0484951153253 0
v 8.872684313926511 394.8185307668355 0
v 8.872684313926511 394.8185307668355 0
v 80.75918745676331 368.6539851035497 0
v 152.6456905996001 342.4894394402638 0
v 224.5321937424369 316.324893776978 0
v 296.41869688527373 290.1603481136922 0
v 368.3052000281105 263.99580245040636 0
v 440.19170317094733 237.83125678712048 0
v 512.0782063137841 211.66671112383466 0
v 583.9647094566209 185.5021654605488 0
v 583.9647094566209 185.5021654605488 0
v 584.4123793334606 186.7321290590384 0
v 584.8600492103004 187.962092657528 0
v 585.3077190871402 189.19205625601757 0
v 585.75538896398 190.42201985450717 0
v 586.2030588408197 191.65198345299677 0
v 586.6507287176595 192.88194705148635 0
v 587.0983985944993 194.11191064997593 0
v 587.546068471339 195.34187424846553 0
v 587.546068471339 195.34187424846553 0
v 515.6595660035024 221.50642066175158 0
v 443.7730635356658 247.67096707503762 0
v 371.88656106782923 273.83551348832367 0
v 300.0000585999926 300.00005990160975 0
v 228.11355613215596 326.16460631489576 0
v 156.22705366431939 352.32915272818184 0
v 84.3405511964828 378.4936991414679 0
v 12.454048728646171 404.65824555475393 0
v 14.32438125857354 409.6606689721068 0
v 13.855313050670919 408.43870412588353 0
v 13.386244842768297 407.21673927966026 0
v 12.917176634865676 405.994774433437 0
v 12.448108426963056 404.7728095872137 0
v 11.979040219060433 403.55084474099044 0
v 11.509972011157814 402.32887989476717 0
v 11.040903803255192 401.1069150485439 0
v 10.571835595352571 399.8849502023206 0
v 10.571835595352571 399.8849502023206 0
v 81.99075575570755 372.4697971846961 0
v 153.40967591606255 345.0546441670716 0
v 224.82859607641754 317.63949114944717 0
v 296.2475162367725 290.22433813182266 0
v 367.66643639712754 262.80918511419816 0
v 439.0853565574825 235.39403209657365 0
v 510.50427671783746 207.97887907894918 0
v 581.9231968781925 180.56372606132467 0
v 581.9231968781925 180.56372606132467 0
v 582.3922650110951 181.78568940754752 0
v 582.8613331439976 183.00765275377037 0
v 583.3304012769003 184.22961609999322 0
v 583.7994694098029 185.4515794462161 0
v 584.2685375427054 186.67354279243895 0
v 584.737605675608 187.8955061386618 0
v 585.2066738085106 189.11746948488465 0
v 585.6757419414132 190.3394328311075 0
v 585.6757419414132 190.3394328311075 0
v 514.2568218560582 217.7545873487324 0
v 442.8379017707033 245.16974186635733 0
v 371.41898168534834 272.58489638398225 0
v 300.0000615999934 300.00005090160715 0
v 228.58114151463843 327.41520541923205 0
v 157.16222142928348 354.830359936857 0
v 85.74330134392852 382.2455144544819 0
v 14.324381258573567 409.6606689721068 0
v 16.281736013157232 414.6296723799907 0
v 15.791413024232424 413.4160805361398 0
v 15.301090035307617 412.20248869228885 0
v 14.810767046382809 410.98889684843795 0
v 14.320444057458001 409.77530500458704 0
v 13.830121068533193 408.56171316073613 0
v 13.339798079608386 407.3481213168852 0
v 12.849475090683578 406.13452947303426 0
v 12.35915210175877 404.92093762918336 0
v 12.35915210175877 404.92093762918336 0
v 83.28873462346813 376.26352775958617 0
v 154.2183171451775 347.60611788998904 0
v 225.14789966688687 318.94870802039185 0
v 296.0774821885962 290.29129815079466 0
v 367.00706471030554 261.6338882811975 0
v 437.93664723201493 232.97647841160034 0
v 508.8662297537243 204.31906854200318 0
v 579.7958122754337 175.66165867240602 0
v 579.7958122754337 175.66165867240602 0
v 580.2861354143586 176.87525051625695 0
v 580.7764585532834 178.08884236010786 0
v 581.2667816922083 179.3024342039588 0
v 581.7571048311331 180.5160260478097 0
v 582.247427970058 181.72961789166064 0
v 582.7377511089828 182.94320973551157 0
v 583.2280742479077 184.15680157936248 0
v 583.7183973868325 185.37039342321341 0
v 583.7183973868325 185.37039342321341 0
v 512.7888147151231 214.02780329281057 0
v 441.8592320434137 242.68521316240773 0
v 370.9296493717043 271.3426230320049 0
v 300.0000666999949 300.0000329016021 0
v 229.07048402828548 328.65744277119927 0
v 158.14090135657602 357.3148526407964 0
v 87.21131868486663 385.97226251039353 0
v 16.28173601315723 414.6296723799907 0
v 18.32551239222704 419.5637917779908 0
v 17.814084022322376 418.35894193661676 0
v 17.302655652417712 417.15409209524273 0
v 16.79122728251305 415.9492422538687 0
v 16.279798912608385 414.7443924124947 0
v 15.768370542703721 413.5395425711207 0
v 15.256942172799057 412.3346927297467 0
v 14.745513802894394 411.12984288837265 0
v 14.23408543298973 409.9249930469986 0
v 14.23408543298973 409.9249930469986 0
v 84.65272445993182 380.03405557790205 0
v 155.0713634868739 350.14311810880554 0
v 225.490002513816 320.25218063970897 0
v 295.9086415407581 290.3612431706124 0
v 366.32728056770014 260.4703057015158 0
v 436.74591959464226 230.57936823241928 0
v 507.1645586215844 200.68843076332274 0
v 577.5831976485265 170.79749329422617 0
v 577.5831976485264 170.79749329422617 0
v 578.094625793431 172.00234238559997 0
v 578.6060539383355 173.20719147697378 0
v 579.1174820832401 174.4120405683476 0
v 579.6289102281448 175.6168896597214 0
v 580.1403383730494 176.8217387510952 0
v 580.651766517954 178.02658784246904 0
v 581.1631946628586 179.23143693384284 0
v 581.6746228077632 180.43628602521665 0
v 581.6746228077632 180.43628602521665 0
v 511.2559840058211 210.3272242443134 0
v 440.8373452038791 240.21816246341018 0
v 370.41870640193713 270.10910068250695 0
v 300.0000675999951 300.0000389016037 0
v 229.58142879805303 329.8909771207005 0
v 159.16278999611103 359.78191533979725 0
v 88.74415119416904 389.672853558894 0
v 18.325512392226983 419.5637917779908 0
v 20.45508399560549 424.46145516566173 0
v 19.922705944765084 423.2657140768685 0
v 19.39032789392468 422.0699729880753 0
v 18.857949843084278 420.87423189928205 0
v 18.32557179224387 419.6784908104888 0
v 17.793193741403464 418.48274972169565 0
v 17.26081569056306 417.2870086329024 0
v 16.728437639722657 416.0912675441092 0
v 16.19605958888225 414.895526455316 0
v 16.19605958888225 414.895526455316 0
v 86.08230451497937 383.7801671393 0
v 155.9685494410765 352.66480782328404 0
v 225.8547943671736 321.54944850726804 0
v 295.7410392932707 290.4340891912521 0
v 365.6272842193678 259.3187298752361 0
v 435.513529145465 228.20337055922013 0
v 505.3997740715621 197.08801124320416 0
v 575.2860189976592 165.9726519271882 0
v 575.2860189976592 165.9726519271882 0
v 575.8183968984996 167.168391515981 0
v 576.3507747993399 168.36413110477378 0
v 576.8831527001803 169.55987069356655 0
v 577.4155306010207 170.75561028235936 0
v 577.9479085018611 171.95134987115216 0
v 578.4802864027015 173.14708945994494 0
v 579.0126643035418 174.3428290487377 0
v 579.5450422043822 175.53856863753052 0
v 579.5450422043822 175.53856863753052 0
v 509.6587974282851 206.6539294535469 0
v 439.772552652188 237.76929026956333 0
v 369.88630787609094 268.8846510855797 0
v 300.00006309999384 300.0000119015961 0
v 230.11381832389674 331.11537271761256 0
v 160.2275735477997 362.23073353362895 0
v 90.34132877170259 393.34609434964534 0
v 20.45508399560549 424.46145516566173 0
v 22.66980822311051 429.32124654260224 0
v 22.11664271638033 428.13497945649334 0
v 21.563477209650145 426.94871237038444 0
v 21.010311702919964 425.7624452842755 0
v 20.457146196189782 424.5761781981666 0
v 19.9039806894596 423.3899111120577 0
v 19.35081518272942 422.20364402594873 0
v 18.797649675999235 421.01737693983983 0
v 18.244484169269054 419.83110985373094 0
v 18.244484169269054 419.83110985373094 0
v 87.57704743848976 387.5008056934807 0
v 156.90961070771044 355.17050153323044 0
v 226.24217397693113 322.8401973729802 0
v 295.57473724615187 290.50989321272993 0
v 364.9073005153726 258.1795890524797 0
v 434.23986378459324 225.84928489222943 0
v 503.57242705381395 193.51898073197918 0
v 572.9049903230347 161.18867657172893 0
v 572.9049903230347 161.1886765717289 0
v 573.4581552297647 162.3749429078376 0
v 574.0113201364946 163.5612092439463 0
v 574.5644850432246 164.747475580055 0
v 575.1176499499547 165.93374191616374 0
v 575.6708148566847 167.12000825227244 0
v 576.2239797634147 168.30627458838114 0
v 576.7771446701447 169.49254092448984 0
v 577.3303095768747 170.67880726059855 0
v 577.3303095768747 170.67880726059855 0
v 507.9977469076542 203.009112170849 0
v 438.66518423843365 235.33941708109947 0
v 369.33262156921313 267.66972199134995 0
v 300.0000588999926 300.0000269016004 0
v 230.6674962307721 332.33033181185084 0
v 161.33493356155157 364.66063672210134 0
v 92.00237089233104 396.9909416323518 0
v 22.669808223110522 429.32124654260224 0
v 24.9690130745517 434.14161190837206 0
v 24.39522856197947 432.96517957504966 0
v 23.821444049407233 431.78874724172726 0
v 23.247659536835002 430.61231490840487 0
v 22.67387502426277 429.4358825750825 0
v 22.10009051169054 428.25945024176 0
v 21.526305999118307 427.0830179084376 0
v 20.952521486546072 425.90658557511523 0
v 20.37873697397384 424.73015324179283 0
v 20.37873697397384 424.73015324179283 0
v 89.1364988053342 391.1947524900986 0
v 157.89426063669455 357.65935173840444 0
v 226.6520224680549 324.12395098671027 0
v 295.40978429941526 290.58855023501604 0
v 364.16754613077563 257.0531494833218 0
v 432.92530796213595 223.51774873162765 0
v 501.6830697934963 189.98234797993345 0
v 570.4408316248566 156.44694722823925 0
v 570.4408316248566 156.44694722823928 0
v 571.0146155374287 157.62337881156148 0
v 571.5883994500007 158.79981039488365 0
v 572.1621833625728 159.97624197820585 0
v 572.7359672751448 161.15267356152805 0
v 573.3097511877169 162.32910514485025 0
v 573.883535100289 163.50553672817244 0
v 574.457319012861 164.68196831149461 0
v 575.0311029254331 165.8583998948168 0
v 575.0311029254331 165.8583998948168 0
v 506.2733416940729 199.3938013965112 0
v 437.5155804627127 232.92920289820563 0
v 368.7578192313526 266.46460439990005 0
v 300.0000579999924 300.0000059015945 0
v 231.24229676863223 333.5354074032889 0
v 162.4845355372721 367.07080890498327 0
v 93.72677430591193 400.60621040667763 0
v 24.969013074551754 434.14161190837206 0
v 27.35199654973016 438.9211472625733 0
v 26.757767931365432 437.7549074321388 0
v 26.163539313000705 436.5886676017043 0
v 25.569310694635977 435.4224277712697 0
v 24.97508207627125 434.2561879408352 0
v 24.38085345790652 433.0899481104007 0
v 23.786624839541794 431.92370827996615 0
v 23.192396221177066 430.75746844953164 0
v 22.59816760281234 429.59122861909714 0
v 22.59816760281234 429.59122861909714 0
v 90.7601840153782 394.8609477788537 0
v 158.92220042794406 360.13066693861026 0
v 227.08421684050992 325.40038609836677 0
v 295.2462332530758 290.67010525812333 0
v 363.4082496656417 255.9398244178799 0
v 431.5702660782075 221.20954357763642 0
v 499.73228249077334 186.47926273739296 0
v 567.8942989033392 151.74898189714952 0
v 567.8942989033392 151.74898189714952 0
v 568.4885270717037 152.91522097758383 0
v 569.0827552400683 154.08146005801814 0
v 569.676983408433 155.24769913845245 0
v 570.2712115767976 156.41393821888676 0
v 570.8654397451621 157.5801772993211 0
v 571.4596679135268 158.7464163797554 0
v 572.0538960818914 159.9126554601897 0
v 572.6481242502559 161.07889454062402 0
v 572.6481242502559 161.07889454062402 0
v 504.48610828769023 195.80917613086768 0
v 436.3240923251245 230.53945772111135 0
v 368.16207636255876 265.269739311355 0
v 300.00006039999306 300.00002090159865 0
v 231.83804443742736 334.73030249184234 0
v 163.6760284748616 369.46058408208603 0
v 95.51401251229589 404.19086567232966 0
v 27.35199654973019 438.9211472625733 0
v 29.81803084843968 443.6583586047828 0
v 29.20353902433371 442.5026675273371 0
v 28.589047200227746 441.3469764498914 0
v 27.974555376121778 440.1912853724457 0
v 27.36006355201581 439.035594295 0
v 26.745571727909844 437.8799032175543 0
v 26.131079903803876 436.7242121401086 0
v 25.51658807969791 435.56852106266285 0
v 24.902096255591943 434.4128299852172 0
v 24.902096255591943 434.4128299852172 0
v 92.44760424348046 398.49824705942154 0
v 159.99311223136897 362.5836641336259 0
v 227.53862021925747 326.6690812078303 0
v 295.084128207146 290.75449828203466 0
v 362.62963619503455 254.83991535623903 0
v 430.17514418292296 218.9253324304434 0
v 497.7206521708115 183.01074950464778 0
v 565.2661601587 147.09616657885215 0
v 565.2661601587 147.09616657885218 0
v 565.8806518328059 148.2518576562979 0
v 566.4951435069119 149.4075487337436 0
v 567.1096351810178 150.5632398111893 0
v 567.7241268551238 151.71893088863504 0
v 568.3386185292297 152.87462196608075 0
v 568.9531102033357 154.03031304352646 0
v 569.5676018774416 155.18600412097217 0
v 570.1820935515475 156.34169519841788 0
v 570.1820935515475 156.34169519841788 0
v 502.63658571365903 192.2562781242135 0
v 435.09107787577057 228.1708610500091 0
v 367.54557003788204 264.0854439758047 0
v 300.0000621999936 300.00002690160034 0
v 232.4545543621051 335.91460982739596 0
v 164.9090465242166 371.8291927531916 0
v 97.36353868632813 407.74377567898716 0
v 29.818030848439662 443.6583586047828 0
v 32.36636477046742 448.35178793458743 0
v 31.731796940673252 447.2069973602302 0
v 31.097229110879084 446.06220678587295 0
v 30.46266128108492 444.91741621151573 0
v 29.82809345129075 443.7726256371585 0
v 29.193525621496583 442.62783506280124 0
v 28.55895779170242 441.483044488444 0
v 27.92438996190825 440.33825391408675 0
v 27.289822132114082 439.19346333972953 0
v 27.289822132114082 439.19346333972953 0
v 94.1982460394955 402.1055193314817 0
v 161.10666994687693 365.01757532323387 0
v 228.01509385425834 327.92963131498607 0
v 294.92351776163974 290.8416873067382 0
v 361.83194166902115 253.75374329849038 0
v 428.7403655764026 216.66579929024255 0
v 495.648789483784 179.57785528199474 0
v 562.5572133911654 142.48991127374688 0
v 562.5572133911654 142.4899112737469 0
v 563.1917810709596 143.63470109810393 0
v 563.8263487507536 144.77949092246098 0
v 564.4609164305477 145.924280746818 0
v 565.0954841103419 147.06907057117502 0
v 565.730051790136 148.21386039553204 0
v 566.3646194699302 149.35865021988906 0
v 566.9991871497242 150.5034400442461 0
v 567.6337548295184 151.64822986860312 0
v 567.6337548295184 151.64822986860312 0
v 500.725331072137 188.73617462685115 0
v 433.8169073147556 225.8241193850992 0
v 366.9084835573742 262.91206414334727 0
v 300.00005979999287 300.00000890159527 0
v 233.09163604261153 337.0879536598434 0
v 166.18321228523013 374.1758984180914 0
v 99.27478852784873 411.2638431763394 0
v 32.366364770467385 448.3517879345875 0
v 34.99622371559391 453.0000192515859 0
v 34.34177315516631 451.86647793041595 0
v 33.6873225947387 450.732936609246 0
v 33.0328720343111 449.59939528807604 0
v 32.37842147388349 448.46585396690614 0
v 31.723970913455883 447.3323126457362 0
v 31.069520353028274 446.1987713245662 0
v 30.41506979260067 445.06523000339627 0
v 29.760619232173063 443.9316886822263 0
v 29.760619232173063 443.9316886822263 0
v 96.01157915327306 405.68168009472697 0
v 162.26253907437305 367.4316715072276 0
v 228.51349899547304 329.1816629197282 0
v 294.764458916573 290.93165433222885 0
v 361.015418837673 252.68164574472948 0
v 427.266378758773 214.4316371572301 0
v 493.517338679873 176.18162856973072 0
v 559.768298600973 137.93161998223138 0
v 559.768298600973 137.9316199822314 0
v 560.4227487864006 139.06516130340137 0
v 561.077198971828 140.1987026245713 0
v 561.7316491572556 141.33224394574125 0
v 562.3860993426831 142.4657852669112 0
v 563.0405495281105 143.59932658808117 0
v 563.6949997135381 144.73286790925113 0
v 564.3494498989655 145.86640923042106 0
v 565.0039000843931 146.999950551591 0
v 565.0039000843931 146.999950551591 0
v 498.75294053829316 185.24995913909038 0
v 432.5019809921933 223.49996772658974 0
v 366.25102144609343 261.7499763140891 0
v 300.0000618999935 299.9999849015885 0
v 233.7491023538936 338.24999348908784 0
v 167.49814280779373 376.5000020765872 0
v 101.24718326169386 414.75001066408663 0
v 34.99622371559394 453.00001925158597 0
v 37.70680308359118 457.6016605553839 0
v 37.03266914258662 456.479713487499 0
v 36.35853520158206 455.35776641961405 0
v 35.684401260577495 454.23581935172916 0
v 35.01026731957293 453.1138722838442 0
v 34.33613337856837 451.9919252159593 0
v 33.66199943756381 450.86997814807444 0
v 32.987865496559245 449.7480310801895 0
v 32.31373155555468 448.6260840123046 0
v 32.31373155555468 448.6260840123046 0
v 97.88704708465549 409.2256620988549 0
v 163.4603626137563 369.82524018540516 0
v 229.03367814285713 330.4248182719555 0
v 294.6069936719579 291.0243963585058 0
v 360.1803092010587 251.62397444505604 0
v 425.7536247301596 212.22355253160634 0
v 491.32694025926037 172.8231306181566 0
v 556.9002557883612 133.4227087047069 0
v 556.9002557883612 133.4227087047069 0
v 557.5743889793655 134.54465577259182 0
v 558.2485221703698 135.66660284047674 0
v 558.9226553613742 136.78854990836163 0
v 559.5967885523785 137.91049697624655 0
v 560.2709217433829 139.03244404413147 0
v 560.9450549343873 140.15439111201636 0
v 561.6191881253916 141.27633817990127 0
v 562.2933213163959 142.3982852477862 0
v 562.2933213163959 142.3982852477862 0
v 496.7200065372953 181.7987071612359 0
v 431.1466917581947 221.19912907468563 0
v 365.5733769790941 260.5995509881353 0
v 300.0000621999935 299.999972901585 0
v 234.42674742089292 339.40039481503476 0
v 168.85343264179232 378.80081672848445 0
v 103.28011786269172 418.2012386419342 0
v 37.706803083591126 457.6016605553839 0
v 40.49728087422633 462.15530184558196 0
v 39.80366897770301 461.045291031079 0
v 39.1100570811797 459.935280216576 0
v 38.41644518465638 458.82526940207305 0
v 37.722833288133074 457.71525858757 0
v 37.02922139160976 456.60524777306705 0
v 36.335609495086445 455.4952369585641 0
v 35.64199759856313 454.3852261440611 0
v 34.948385702039815 453.27521532955814 0
v 34.948385702039815 453.27521532955814 0
v 99.82408185848186 412.73638159355846 0
v 164.6997780149239 372.19754785755885 0
v 229.57547417136595 331.6587141215592 0
v 294.451170327808 291.11988038555955 0
v 359.32686648425 250.5810466495599 0
v 424.2025626406921 210.04221291356026 0
v 489.07825879713414 169.50337917756065 0
v 553.9539549535762 128.96454544156097 0
v 553.9539549535762 128.964545441561 0
v 554.6475664000993 130.07455625606397 0
v 555.3411778466225 131.18456707056694 0
v 556.0347892931458 132.2945778850699 0
v 556.7284007396689 133.4045886995729 0
v 557.4220121861921 134.51459951407588 0
v 558.1156236327154 135.62461032857885 0
v 558.8092350792385 136.73462114308182 0
v 559.5028465257617 137.8446319575848 0
v 559.5028465257617 137.8446319575848 0
v 494.6271508193198 178.38346569358444 0
v 429.75145511287786 218.9222994295841 0
v 364.8757594064359 259.46113316558376 0
v 300.00006369999403 299.9999669015834 0
v 235.12436799355214 340.538800637583 0
v 170.2486722871102 381.07763437358267 0
v 105.37297658066825 421.6164681095823 0
v 40.49728087422636 462.15530184558196 0
v 43.36680688725848 466.6595631217889 0
v 42.65392823527625 465.56182606076345 0
v 41.94104958329402 464.46408899973807 0
v 41.228170931311794 463.3663519387127 0
v 40.515292279329564 462.26861487768724 0
v 39.802413627347335 461.1708778166618 0
v 39.08953497536511 460.0731407556364 0
v 38.37665632338288 458.97540369461103 0
v 37.66377767140065 457.8776666335856 0
v 37.66377767140065 457.8776666335856 0
v 101.8220932245849 416.21277132853527 0
v 165.98040877776916 374.54787602348495 0
v 230.1387243309534 332.8829807184346 0
v 294.2970398841377 291.2180854133843 0
v 358.45535543732194 249.55319010833398 0
v 422.6136709905062 207.88829480328366 0
v 486.77198654369045 166.22339949823333 0
v 550.9303020968747 124.55850419318301 0
v 550.9303020968747 124.55850419318301 0
v 551.6431802988568 125.65624050420821 0
v 552.3560585008389 126.75397681523341 0
v 553.068936702821 127.85171312625862 0
v 553.7818149048031 128.94944943728382 0
v 554.4946931067852 130.047185748309 0
v 555.2075713087673 131.14492205933422 0
v 555.9204495107494 132.24265837035944 0
v 556.6333277127316 133.34039468138462 0
v 556.6333277127316 133.34039468138462 0
v 492.47501260954743 175.00529073643514 0
v 428.3166975063633 216.6701867914857 0
v 364.15838240317913 258.33508284653624 0
v 300.000067299995 299.99997890158676 0
v 235.8417521968109 341.6648749566373 0
v 171.6834370936267 383.32977101168785 0
v 107.52512199044259 424.9946670667384 0
v 43.36680688725846 466.6595631217889 0
v 46.31450572243958 471.1130403836071 0
v 45.58257744005996 470.02791232615425 0
v 44.85064915768034 468.94278426870136 0
v 44.11872087530071 467.85765621124847 0
v 43.38679259292109 466.77252815379563 0
v 42.65486431054147 465.6874000963428 0
v 41.92293602816184 464.6022720388899 0
v 41.19100774578222 463.517143981437 0
v 40.4590794634026 462.4320159239842 0
v 40.4590794634026 462.4320159239842 0
v 103.88046993279147 419.6537490534787 0
v 167.30186040218035 376.87548218297314 0
v 230.72325087156923 334.0972153124676 0
v 294.1446413409581 291.3189484419621 0
v 357.56603181034694 248.5406815714566 0
v 420.9874222797358 205.76241470095107 0
v 484.4088127491247 162.98414783044552 0
v 547.8302032185136 120.20588095994003 0
v 547.8302032185136 120.20588095994006 0
v 548.5621314258932 121.29100826739271 0
v 549.2940596332728 122.37613557484536 0
v 550.0259878406524 123.46126288229802 0
v 550.757916048032 124.54639018975067 0
v 551.4898442554116 125.63151749720332 0
v 552.2217724627913 126.71664480465597 0
v 552.9537006701709 127.80177211210862 0
v 553.6856288775505 128.88689941956127 0
v 553.6856288775505 128.88689941956127 0
v 490.2642384831616 171.665167040067 0
v 426.8428480887727 214.44343466057273 0
v 363.4214576943839 257.2217022810785 0
v 300.000067299995 299.9999699015842 0
v 236.57867690560613 342.77823752208997 0
v 173.1572865112173 385.5565051425956 0
v 109.73589611682843 428.33477276310134 0
v 46.31450572243955 471.1130403836071 0
v 49.339479179515145 475.5144316306677 0
v 48.58872439180135 474.44224257688086 0
v 47.837969604087554 473.37005352309404 0
v 47.08721481637376 472.2978644693072 0
v 46.33646002865996 471.2256754155204 0
v 45.58570524094616 470.15348636173354 0
v 44.834950453232366 469.0812973079467 0
v 44.08419566551857 468.0091082541599 0
v 43.333440877804776 466.9369192003731 0
v 43.333440877804776 466.9369192003731 0
v 105.99858805792479 423.0583112681044 0
v 168.6637352380448 379.17970333583565 0
v 231.3288824181648 335.30109540356693 0
v 293.9940295982848 291.4224874712982 0
v 356.6591767784048 247.5438795390295 0
v 419.3243239585248 203.66527160676077 0
v 481.98947113864483 159.78666367449205 0
v 544.6546183187648 115.90805574222333 0
v 544.6546183187648 115.9080557422233 0
v 545.4053730314786 116.98024479601011 0
v 546.1561277441924 118.05243384979693 0
v 546.9068824569063 119.12462290358374 0
v 547.65763716962 120.19681195737056 0
v 548.4083918823337 121.26900101115737 0
v 549.1591465950476 122.34119006494419 0
v 549.9099013077614 123.413379118731 0
v 550.6606560204751 124.48556817251782 0
v 550.6606560204751 124.48556817251782 0
v 487.9955089153551 168.36417610478657 0
v 425.3303618102351 212.2427840370553 0
v 362.66521470511515 256.121391969324 0
v 300.00006759999513 299.9999999015928 0
v 237.33492049487512 343.87860783386145 0
v 174.66977338975516 387.75721576613023 0
v 112.00462628463515 431.635823698399 0
v 49.33947917951514 475.5144316306677 0
v 52.440806258224235 479.86233286257266 0
v 51.671453490241014 478.80340981254454 0
v 50.90210072225779 477.74448676251643 0
v 50.13274795427457 476.6855637124883 0
v 49.36339518629134 475.6266406624602 0
v 48.59404241830812 474.5677176124321 0
v 47.8246896503249 473.508794562404 0
v 47.05533688234168 472.44987151237586 0
v 46.285984114358456 471.39094846234775 0
v 46.285984114358456 471.39094846234775 0
v 108.17579952480119 426.425365972103 0
v 170.06561493524393 381.4597834818582 0
v 231.95543034568666 336.4942009916134 0
v 293.84524575612943 291.52861850136867 0
v 355.7350611665721 246.5630360111239 0
v 417.6248765770149 201.59745352087913 0
v 479.5146919874576 156.63187103063433 0
v 541.4045073979004 111.66628854038959 0
v 541.4045073979004 111.66628854038962 0
v 542.1738598658835 112.72521159041773 0
v 542.9432123338667 113.78413464044584 0
v 543.7125648018498 114.84305769047394 0
v 544.4819172698329 115.90198074050205 0
v 545.2512697378161 116.96090379053017 0
v 546.0206222057992 118.01982684055827 0
v 546.7899746737824 119.07874989058638 0
v 547.5593271417655 120.1376729406145 0
v 547.5593271417655 120.1376729406145 0
v 485.6695120313228 165.10325543085926 0
v 423.77969692088016 210.06883792110403 0
v 361.88988181043754 255.0344204113488 0
v 300.0000666999949 300.0000029015936 0
v 238.1102515895522 344.9655853918383 0
v 176.2204364791096 389.9311678820831 0
v 114.33062136866693 434.8967503723279 0
v 52.44080625822426 479.86233286257266 0
v 55.617544358299774 484.15546007895836 0
v 54.82982798511353 483.1101247827801 0
v 54.04211161192729 482.06478948660185 0
v 53.25439523874105 481.01945419042363 0
v 52.466678865554805 479.97411889424535 0
v 51.67896249236856 478.92878359806707 0
v 50.89124611918232 477.88344830188885 0
v 50.10352974599608 476.8381130057106 0
v 49.315813372809835 475.79277770953234 0
v 49.315813372809835 475.79277770953234 0
v 110.41144575823411 429.75391791519246 0
v 171.5070781436584 383.7150581208525 0
v 232.60271052908266 337.6761983265126 0
v 293.69834291450695 291.6373385321727 0
v 354.7939752999312 245.59847873783278 0
v 415.8896076853555 199.55961894349286 0
v 476.98524007077975 153.52075914915298 0
v 538.080872456204 107.48189935481304 0
v 538.080872456204 107.48189935481301 0
v 538.8685886793902 108.52723390099105 0
v 539.6563049025765 109.57256844716909 0
v 540.4440211257627 110.61790299334712 0
v 541.2317373489489 111.66323753952516 0
v 542.019453572135 112.7085720857032 0
v 542.8071697953212 113.75390663188122 0
v 543.5948860185075 114.79924117805926 0
v 544.3826022416937 115.8445757242373 0
v 544.3826022416937 115.8445757242373 0
v 483.2869700062694 161.88343626857744 0
v 422.1913377708452 207.92229681291758 0
v 361.09570553542096 253.9611573572577 0
v 300.00007329999676 300.00001790159786 0
v 238.9044410645725 346.03887844593794 0
v 177.80880882914823 392.0777389902781 0
v 116.71317659372403 438.1165995346182 0
v 55.61754435829977 484.15546007895836 0
v 58.868720879466196 488.39248727944897 0
v 58.062880901144936 487.3610592372111 0
v 57.25704092282367 486.3296311949733 0
v 56.45120094450241 485.2982031527354 0
v 55.645360966181144 484.2667751104976 0
v 54.839520987859885 483.2353470682597 0
v 54.033681009538626 482.2039190260219 0
v 53.22784103121736 481.17249098378403 0
v 52.4220010528961 480.1410629415462 0
v 52.4220010528961 480.1410629415462 0
v 112.70483885802864 433.04294934708446 0
v 172.98767666316118 385.9448357526227 0
v 233.27051446829373 338.8467221581609 0
v 293.5533522734263 291.7486085636992 0
v 353.83619007855884 244.65049496923743 0
v 414.1190278836914 197.55238137477568 0
v 474.40186568882393 150.45426778031396 0
v 534.6847034939565 103.35615418585218 0
v 534.6847034939565 103.3561541858522 0
v 535.4905434722777 104.38758147808986 0
v 536.296383450599 105.41900877032751 0
v 537.1022234289203 106.45043606256516 0
v 537.9080634072416 107.48186335480281 0
v 538.7139033855627 108.51329064704046 0
v 539.519743363884 109.54471793927812 0
v 540.3255833422053 110.57614523151577 0
v 541.1314233205266 111.60757252375342 0
v 541.1314233205266 111.60757252375342 0
v 480.848585515394 158.70568686821537 0
v 420.56574771026146 205.8038012126773 0
v 360.2829099051289 252.90191555713926 0
v 300.0000720999964 300.00002990160124 0
v 239.71723429486383 347.09814424606316 0
v 179.43439648973128 394.1962585905251 0
v 119.15155868459874 441.2943729349871 0
v 58.868720879466196 488.392487279449 0
v 62.19334762144351 492.57213046368094 0
v 61.369629438056755 491.55492317547225 0
v 60.54591125467 490.53771588726363 0
v 59.72219307128325 489.520508599055 0
v 58.8984748878965 488.5033013108463 0
v 58.074756704509745 487.48609402263764 0
v 57.25103852112299 486.468886734429 0
v 56.42732033773624 485.4516794462204 0
v 55.60360215434949 484.4344721580117 0
v 55.60360215434949 484.4344721580117 0
v 115.05528394898789 436.29145076749285 0
v 174.5069657436263 388.148429376974 0
v 233.9586475382647 340.0054079864551 0
v 293.4103293329031 291.86238659593624 0
v 352.86201112754145 243.71936520541738 0
v 412.31369292217994 195.5763438148985 0
v 471.7653747168183 147.43332242437964 0
v 531.2170565114567 99.29030103386077 0
v 531.2170565114567 99.2903010338608 0
v 532.0407742448433 100.30750757206924 0
v 532.8644919782299 101.32471411027768 0
v 533.6882097116165 102.34192064848611 0
v 534.5119274450033 103.35912718669455 0
v 535.3356451783899 104.37633372490299 0
v 536.1593629117765 105.39354026311142 0
v 536.9830806451631 106.41074680131986 0
v 537.8067983785497 107.4279533395283 0
v 537.8067983785497 107.4279533395283 0
v 478.3551170339115 155.57097548004737 0
v 418.9034356892732 203.71399762056646 0
v 359.4517543446349 251.85701976108555 0
v 300.00007299999663 300.0000419016046 0
v 240.5483916553584 348.1430640421237 0
v 181.09671031072008 396.2860861826428 0
v 121.64502896608178 444.42910832316187 0
v 62.193347621443536 492.57213046368094 0
v 65.5904105839444 496.6930816312834 0
v 64.74906552056338 495.69040559719195 0
v 63.907720457182336 494.6877295631005 0
v 63.0663753938013 493.68505352900905 0
v 62.22503033042027 492.6823774949176 0
v 61.38368526703924 491.67970146082615 0
v 60.542340203658206 490.6770254267347 0
v 59.70099514027717 489.67434939264325 0
v 58.85965007689614 488.6716733585518 0
v 58.85965007689614 488.6716733585518 0
v 117.462065005909 439.498409676131 0
v 176.06447993492185 390.32514599371024 0
v 234.66689486393471 341.15188231128946 0
v 293.2693097929476 291.97861862886873 0
v 351.8717247219604 242.80535494644792 0
v 410.47413965097326 193.63209126402717 0
v 469.0765545799861 144.45882758160639 0
v 527.678969508999 95.2855638991856 0
v 527.678969508999 95.2855638991856 0
v 528.52031449738 96.28823918327686 0
v 529.361659485761 97.29091446736811 0
v 530.2030044741421 98.29358975145935 0
v 531.0443494625231 99.2962650355506 0
v 531.8856944509041 100.29894031964186 0
v 532.7270394392851 101.3016156037331 0
v 533.5683844276662 102.30429088782435 0
v 534.4097294160472 103.3069661719156 0
v 534.4097294160472 103.3069661719156 0
v 475.8073145620343 152.48023060433658 0
v 417.20489970802146 201.65349503675756 0
v 358.60248485400865 250.82675946917854 0
v 300.0000699999958 300.00002390159955 0
v 241.39765514598292 349.1732883340205 0
v 182.79524029197012 398.3465527664415 0
v 124.19282543795725 447.5198171988625 0
v 65.59041058394439 496.69308163128346 0
v 69.058879566677 500.75413478191484 0
v 68.20016382337428 499.766295252027 0
v 67.34144808007156 498.77845572213926 0
v 66.48273233676883 497.7906161922515 0
v 65.62401659346611 496.80277666236367 0
v 64.76530085016338 495.81493713247585 0
v 63.90658510686065 494.8270976025881 0
v 63.04786936355793 493.8392580727003 0
v 62.189153620255205 492.8514185428125 0
v 62.189153620255205 492.8514185428125 0
v 119.9244512285849 442.6628908227337 0
v 177.65974883691462 392.4743631026548 0
v 235.39504644524433 342.285835382576 0
v 293.130344053574 292.0973076624972 0
v 350.8656416619037 241.9087799424184 0
v 408.6009392702334 191.72025222233952 0
v 466.3362368785631 141.53172450226072 0
v 524.0715344868928 91.3431967821819 0
v 524.0715344868928 91.34319678218193 0
v 524.9302502301955 92.33103631206973 0
v 525.7889659734982 93.3188758419575 0
v 526.6476817168009 94.30671537184529 0
v 527.5063974601037 95.29455490173308 0
v 528.3651132034064 96.28239443162087 0
v 529.2238289467091 97.27023396150865 0
v 530.0825446900118 98.25807349139643 0
v 530.9412604333145 99.24591302128422 0
v 530.9412604333145 99.24591302128422 0
v 473.2059628249848 149.43444074136306 0
v 415.4706652166551 199.62296846144187 0
v 357.7353676083254 249.8114961815207 0
v 300.00006999999573 300.00002390159955 0
v 242.26477239166604 350.18855162167836 0
v 184.52947478333635 400.37707934175717 0
v 126.79417717500667 450.565607061836 0
v 69.05887956667698 500.7541347819148 0
v 72.5976985693421 504.7540599152266 0
v 71.7218723211914 503.7813561396273 0
v 70.8460460730407 502.8086523640279 0
v 69.97021982489 501.8359485884286 0
v 69.0943935767393 500.8632448128293 0
v 68.2185673285886 499.89054103723 0
v 67.3427410804379 498.91783726163067 0
v 66.4669148322872 497.9451334860313 0
v 65.5910885841365 496.972429710432 0
v 65.5910885841365 496.972429710432 0
v 122.44168294180034 445.78392595702667 0
v 179.29227729946416 394.5954222036214 0
v 236.142871657128 343.40691845021615 0
v 292.99346601479186 292.21841469681084 0
v 349.8440603724557 241.02991094340555 0
v 406.6946547301195 189.84140719000027 0
v 463.54524908778336 138.65290343659495 0
v 520.3958434454472 87.4643996831897 0
v 520.3958434454472 87.46439968318971 0
v 521.2716689435977 88.43710270878883 0
v 522.1474944417482 89.40980573438793 0
v 523.0233199398987 90.38250875998705 0
v 523.8991454380491 91.35521178558616 0
v 524.7749709361997 92.32791481118527 0
v 525.6507964343501 93.30061783678438 0
v 526.5266219325007 94.27332086238349 0
v 527.4024474306511 95.2460238879826 0
v 527.4024474306511 95.2460238879826 0
v 470.5518538229875 146.43452839138808 0
v 413.7012602153239 197.6230328947936 0
v 356.8506666076603 248.81153739819908 0
v 300.00007299999663 300.0000419016046 0
v 243.14947939233298 351.18854640501013 0
v 186.29888578466938 402.3770509084155 0
v 129.44829217700578 453.56555541182104 0
v 72.59769856934213 504.75405991522655 0
v 76.205781591632 508.69159103086014 0
v 75.3131133387094 507.73432075963365 0
v 74.42044508578681 506.7770504884071 0
v 73.5277768328642 505.8197802171806 0
v 72.6351085799416 504.8625099459541 0
v 71.74244032701901 503.9052396747276 0
v 70.8497720740964 502.94796940350113 0
v 69.95710382117382 501.9906991322746 0
v 69.06443556825121 501.0334288610481 0
v 69.06443556825121 501.0334288610481 0
v 125.01300917034257 448.8605423287344 0
v 180.96158277243393 396.68765579642076 0
v 236.91015637452531 344.51476926410714 0
v 292.8587299766167 292.3418827317935 0
v 348.80730357870806 240.1689961994798 0
v 404.7558771807994 187.99610966716614 0
v 460.7044507828908 135.82322313485247 0
v 516.6530243849821 83.6503366025388 0
v 516.6530243849821 83.65033660253879 0
v 517.5456918879045 84.60760537376486 0
v 518.4383593908269 85.56487414499094 0
v 519.3310268937494 86.522142916217 0
v 520.2236943966717 87.47941168744308 0
v 521.116361899594 88.43668045866916 0
v 522.0090294025165 89.39394922989523 0
v 522.9016969054389 90.35121800112131 0
v 523.7943644083613 91.30848677234738 0
v 523.7943644083613 91.30848677234738 0
v 467.8457915562701 143.48137480466147 0
v 411.89721870417895 195.65426283697556 0
v 355.9486458520878 247.82715086928965 0
v 300.00007299999663 300.0000389016037 0
v 244.05150014790547 352.1729269339178 0
v 188.1029272958143 404.34581496623196 0
v 132.15435444372315 456.518702998546 0
v 76.20578159163199 508.6915910308601 0
v 79.8820366332373 512.5655761284888 0
v 78.97279787561973 511.62403111171784 0
v 78.06355911800216 510.6824860949468 0
v 77.15432036038457 509.7409410781758 0
v 76.245081602767 508.79939606140476 0
v 75.33584284514943 507.8578510446338 0
v 74.42660408753184 506.9163060278628 0
v 73.51736532991427 505.97476101109174 0
v 72.6081265722967 505.03321599432076 0
v 72.6081265722967 505.03321599432076 0
v 127.63763641398674 451.8918384376014 0
v 182.66714625567678 398.750460880882 0
v 237.69665609736683 345.6090833241626 0
v 292.72616593905684 292.46770576744325 0
v 347.75567578074686 239.3263282107239 0
v 402.785185622437 186.18495065400447 0
v 457.814695464127 133.0435730972851 0
v 512.844205305817 79.90219554056574 0
v 512.844205305817 79.90219554056573 0
v 513.7534440634346 80.84373980733653 0
v 514.6626828210522 81.78528407410732 0
v 515.5719215786697 82.72682834087813 0
v 516.4811603362873 83.66837260764893 0
v 517.390399093905 84.60991687441972 0
v 518.2996378515226 85.55146114119053 0
v 519.2088766091401 86.49300540796132 0
v 520.1181153667577 87.43454967473212 0
v 520.1181153667577 87.43454967473212 0
v 465.08860552506763 140.5759279814517 0
v 410.0590956833776 193.7173062881713 0
v 355.02958584168755 246.8586845948909 0
v 300.00007599999753 300.0000629016105 0
v 244.97056615830746 353.1414412083301 0
v 189.9410563166174 406.28281951504965 0
v 134.91154647492738 459.4241978217692 0
v 79.8820366332373 512.5655761284888 0
v 83.62534169384011 516.3747732077611 0
v 82.69980843160576 515.449240695527 0
v 81.7742751693714 514.5237081832928 0
v 80.84874190713705 513.5981756710587 0
v 79.9232086449027 512.6726431588246 0
v 78.99767538266836 511.74711064659044 0
v 78.07214212043401 510.8215781343563 0
v 77.14660885819966 509.8960456221222 0
v 76.2210755959653 508.97051310988803 0
v 76.2210755959653 508.97051310988803 0
v 130.31475917250464 454.8768317833493 0
v 184.40844274904399 400.78315045681063 0
v 238.50212632558333 346.6894691302719 0
v 292.59580990212265 292.5957878037332 0
v 346.68949347866203 238.5021064771945 0
v 400.78317705520135 184.40842515065577 0
v 454.8768606317407 130.3147438241171 0
v 508.97054420828005 76.22106249757837 0
v 508.97054420828005 76.22106249757839 0
v 509.8960767205142 77.14659425981232 0
v 510.8216092327483 78.07212602204623 0
v 511.74714174498246 78.99765778428016 0
v 512.6726742572166 79.9231895465141 0
v 513.5982067694507 80.84872130874801 0
v 514.5237392816848 81.77425307098194 0
v 515.449271793919 82.69978483321586 0
v 516.3748043061531 83.62531659544979 0
v 516.3748043061531 83.62531659544979 0
v 462.281121479614 137.7189986719887 0
v 408.1874386530749 191.8126807485276 0
v 354.09375582653576 245.9063628250665 0
v 300.00007299999663 300.0000449016054 0
v 245.9063901734575 354.09372697814433 0
v 191.8127073469184 408.18740905468326 0
v 137.71902452037926 462.2810911312222 0
v 83.62534169384014 516.3747732077611 0
v 87.4345507731157 520.1181082683725 0
v 86.4930065063449 519.2088687607546 0
v 85.55146223957411 518.2996292531368 0
v 84.6099179728033 517.3903897455191 0
v 83.6683737060325 516.4811502379013 0
v 82.7268294392617 515.5719107302834 0
v 81.7852851724909 514.6626712226657 0
v 80.84374090572011 513.7534317150479 0
v 79.9021966389493 512.8441922074301 0
v 79.9021966389493 512.8441922074301 0
v 133.04357644566932 457.8146846157407 0
v 186.18495625238933 402.7851770240513 0
v 239.32633605910937 347.75566943236186 0
v 292.4677158658294 292.7261618406725 0
v 345.6090956725494 237.69665424898312 0
v 398.7504754792694 182.6671466572937 0
v 451.89185528598944 127.63763906560428 0
v 505.03323509270945 72.60813147391491 0
v 505.03323509270945 72.60813147391492 0
v 505.97477935948024 73.5173702315325 0
v 506.916323626251 74.42660898915007 0
v 507.8578678930218 75.33584774676764 0
v 508.7994121597926 76.24508650438523 0
v 509.7409564265634 77.1543252620028 0
v 510.6825006933342 78.06356401962037 0
v 511.624044960105 78.97280277723794 0
v 512.5655892268758 79.88204153485552 0
v 512.5655892268758 79.88204153485552 0
v 459.42420942015576 134.91154987654514 0
v 406.28282961343575 189.94105821823476 0
v 353.14144980671574 244.97056655992438 0
v 300.00006999999573 300.00007490161397 0
v 246.85869019327572 355.0295832433036 0
v 193.7173103865557 410.0590915849932 0
v 140.5759305798357 465.08859992668283 0
v 87.43455077311569 520.1181082683725 0
v 91.30851787073942 523.7943453099726 0
v 90.35124759951292 522.90167705705 0
v 89.39397732828643 522.0090088041275 0
v 88.43670705705992 521.1163405512049 0
v 87.47943678583343 520.2236722982823 0
v 86.52216651460692 519.3310040453597 0
v 85.56489624338042 518.4383357924371 0
v 84.60762597215393 517.5456675395145 0
v 83.65035570092742 516.6529992865919 0
v 83.65035570092742 516.6529992865919 0
v 135.82324523324195 460.70442793450115 0
v 187.99613476555646 404.75585658241044 0
v 240.16902429787098 348.80728523031974 0
v 292.3419138301855 292.85871387822897 0
v 344.5148033625 236.9101425261382 0
v 396.6876928948145 180.9615711740475 0
v 448.86058242712903 125.01299982195678 0
v 501.03347195944355 69.06442846986602 0
v 501.03347195944355 69.06442846986604 0
v 501.99074148066984 69.95709672278865 0
v 502.94801100189613 70.84976497571125 0
v 503.9052805231224 71.74243322863384 0
v 504.8625500443487 72.63510148155645 0
v 505.819819565575 73.52776973447905 0
v 506.7770890868013 74.42043798740164 0
v 507.7343586080276 75.31310624032425 0
v 508.6916281292539 76.20577449324685 0
v 508.6916281292539 76.20577449324685 0
v 456.5187393469396 132.15434584533756 0
v 404.34585056462527 188.1029171974283 0
v 352.17296178231095 244.05148854951904 0
v 300.00007299999663 300.00005990160975 0
v 247.82718421768237 355.94863125370046 0
v 195.65429543536806 411.8972026057912 0
v 143.48140665305374 467.84577395788193 0
v 91.30851787073942 523.7943453099726 0
v 95.24604898637291 527.4024343322642 0
v 94.2733459607738 526.5266080841135 0
v 93.3006429351747 525.6507818359628 0
v 92.32793990957558 524.7749555878121 0
v 91.35523688397646 523.8991293396614 0
v 90.38253385837734 523.0233030915107 0
v 89.40983083277823 522.14747684336 0
v 88.43712780717912 521.2716505952093 0
v 87.46442478158001 520.3958243470586 0
v 87.46442478158001 520.3958243470586 0
v 138.65293078498593 463.5452322393954 0
v 189.8414367883919 406.69464013173217 0
v 241.0299427917978 349.844048024069 0
v 292.21844879520376 292.99345591640576 0
v 343.40695479860966 236.14286380874262 0
v 394.5954608020156 179.29227170107941 0
v 445.7839668054216 122.44167959341621 0
v 496.9724728088275 65.59108748575301 0
v 496.9724728088275 65.59108748575301 0
v 497.9451750844264 66.4669129839035 0
v 498.9178773600253 67.34273848205399 0
v 499.8905796356242 68.21856398020446 0
v 500.8632819112231 69.09438947835496 0
v 501.83598418682203 69.97021497650545 0
v 502.80868646242095 70.84604047465592 0
v 503.7813887380198 71.72186597280641 0
v 504.75409101361873 72.5976914709569 0
v 504.75409101361873 72.5976914709569 0
v 453.565585760213 129.44828432862033 0
v 402.37708050680726 186.29887718628373 0
v 351.18857525340155 243.14947004394716 0
v 300.00006999999584 300.0000629016106 0
v 248.81156474659008 356.850655759274 0
v 197.62305949318437 413.7012486169374 0
v 146.4345542397786 470.5518414746008 0
v 95.2460489863729 527.4024343322642 0
v 99.24595011967791 530.9412233349208 0
v 98.25810983978991 530.0825068416178 0
v 97.27026955990192 529.2237903483149 0
v 96.28242928001391 528.365073855012 0
v 95.29458900012591 527.5063573617091 0
v 94.30674872023792 526.6476408684061 0
v 93.31890844034992 525.7889243751033 0
v 92.33106816046192 524.9302078818004 0
v 91.34322788057392 524.0714913884974 0
v 91.34322788057392 524.0714913884974 0
v 141.53175785065338 466.3361945301679 0
v 191.72028782073284 408.6008976718384 0
v 241.90881779081232 350.86560081350893 0
v 292.0973477608918 293.13030395517944 0
v 342.28587773097127 235.39500709684995 0
v 392.4744077010507 177.65971023852046 0
v 442.6629376711302 119.92441338019097 0
v 492.85146764120964 62.18911652186148 0
v 492.85146764120964 62.18911652186148 0
v 493.8393071710974 63.047833015164414 0
v 494.8271467009852 63.90654950846735 0
v 495.814986230873 64.76526600177029 0
v 496.8028257607608 65.62398249507322 0
v 497.7906652906486 66.48269898837617 0
v 498.77850482053634 67.3414154816791 0
v 499.76634435042416 68.20013197498204 0
v 500.7541838803119 69.05884846828498 0
v 500.7541838803119 69.05884846828498 0
v 450.56565466023267 126.79414532661445 0
v 400.3771254401534 184.52944218494395 0
v 350.18859622007415 242.26473904327338 0
v 300.00006699999494 300.00003590160287 0
v 249.81153777991565 357.73533275993236 0
v 199.62300855983642 415.4706296182618 0
v 149.43447933975716 473.2059264765913 0
v 99.2459501196779 530.9412233349208 0
v 103.30700327030931 534.4096623176449 0
v 102.30432648621763 533.5683173292639 0
v 101.30164970212596 532.7269723408829 0
v 100.29897291803428 531.885627352502 0
v 99.2962961339426 531.0442823641209 0
v 98.29361934985094 530.2029373757399 0
v 97.29094256575927 529.361592387359 0
v 96.28826578166759 528.520247398978 0
v 95.28558899757591 527.678902410597 0
v 95.28558899757591 527.678902410597 0
v 144.45885567999753 469.07648905658453 0
v 193.63212236241912 410.4740757025721 0
v 242.80538904484075 351.87166234855965 0
v 291.9786557272624 293.26924899454724 0
v 341.151922409684 234.66683564053483 0
v 390.3251890921056 176.06442228652236 0
v 439.4984557745272 117.46200893250995 0
v 488.6717224569488 58.85959557849753 0
v 488.6717224569488 58.85959557849753 0
v 489.6743977410401 59.70094056687854 0
v 490.67707302513134 60.542285555259554 0
v 491.6797483092226 61.38363054364057 0
v 492.68242359331384 62.22497553202158 0
v 493.6850988774051 63.06632052040259 0
v 494.68777416149635 63.90766550878361 0
v 495.6904494455876 64.74901049716462 0
v 496.69312472967886 65.59035548554563 0
v 496.69312472967886 65.59035548554563 0
v 447.5198595472577 124.19276883955804 0
v 398.3465943648365 182.79518219357044 0
v 349.1733291824153 241.39759554758285 0
v 300.0000639999941 300.00000890159527 0
v 250.82679881757292 358.6024222556077 0
v 201.6535336351517 417.2048356096201 0
v 152.4802684527305 475.8072489636325 0
v 103.30700327030934 534.4096623176449 0
v 107.4279724379169 537.806761280156 0
v 106.41076514970825 536.9830427967692 0
v 105.3935578614996 536.1593243133823 0
v 104.37635057329096 535.3356058299955 0
v 103.35914328508231 534.5118873466087 0
v 102.34193599687366 533.6881688632218 0
v 101.32472870866502 532.864450379835 0
v 100.30752142045637 532.0407318964482 0
v 99.29031413224772 531.2170134130613 0
v 99.29031413224772 531.2170134130613 0
v 147.4333377727672 471.76533356842344 0
v 195.5763614132867 412.3136537237856 0
v 243.7193850538062 352.86197387914774 0
v 291.8624086943257 293.4102940345099 0
v 340.0054323348452 233.9586141898721 0
v 388.1484559753647 174.50693434523424 0
v 436.29147961588416 115.05525450059639 0
v 484.4345032564037 55.60357465595854 0
v 484.4345032564037 55.60357465595854 0
v 485.4517097946121 56.42729238934516 0
v 486.4689163328205 57.251010122731785 0
v 487.486122871029 58.074727856118415 0
v 488.50332940923744 58.89844558950504 0
v 489.52053594744586 59.72216332289166 0
v 490.53774248565435 60.54588105627829 0
v 491.5549490238628 61.36959878966491 0
v 492.5721555620712 62.193316523051536 0
v 492.5721555620712 62.193316523051536 0
v 444.4291326715519 121.6449971176896 0
v 396.2861097810326 181.09667771232768 0
v 348.14308689051336 240.54835830696572 0
v 300.00006399999404 300.0000389016038 0
v 251.85704110947475 359.4517194962418 0
v 203.71401821895546 418.9034000908799 0
v 155.5709953284362 478.355080685518 0
v 107.42797243791688 537.806761280156 0
v 111.6076036221454 541.131362222126 0
v 110.57617557990754 540.3255222438047 0
v 109.54474753766968 539.5196822654834 0
v 108.51331949543182 538.7138422871623 0
v 107.48189145319395 537.908002308841 0
v 106.45046341095609 537.1021623305197 0
v 105.41903536871823 536.2963223521986 0
v 104.38760732648036 535.4904823738773 0
v 103.3561792842425 534.684642395556 0
v 103.3561792842425 534.684642395556 0
v 150.45429512870487 474.40180556542373 0
v 197.55241097316727 414.11896873529145 0
v 244.65052681762967 353.83613190515916 0
v 291.74864266209204 293.5532950750269 0
v 338.8467585065544 233.2704582448946 0
v 385.94487435101684 172.98762141476232 0
v 433.0429901954792 112.70478458463003 0
v 480.1411060399416 52.42194775449775 0
v 480.1411060399416 52.42194775449774 0
v 481.1725333321792 53.227786982818785 0
v 482.2039606244169 54.03362621113983 0
v 483.23538791665453 54.83946543946089 0
v 484.2668152088921 55.645304667781936 0
v 485.2982425011298 56.451143896102984 0
v 486.32966979336743 57.25698312442404 0
v 487.3610970856051 58.06282235274509 0
v 488.39252437784273 58.868661581066135 0
v 488.39252437784273 58.868661581066135 0
v 441.29440928338056 119.15149916119861 0
v 394.1962941889184 179.4343367413311 0
v 347.0981790944562 239.71717432146357 0
v 300.00006399999404 300.00001190159605 0
v 252.9019489055319 360.28284948172853 0
v 205.80383381106975 420.565687061861 0
v 158.70571871660758 480.8485246419935 0
v 111.6076036221454 541.131362222126 0
v 115.84461882263271 544.3825411432931 0
v 114.79928427645467 543.5948249201069 0
v 113.75394973027663 542.8071086969207 0
v 112.70861518409859 542.0193924737345 0
v 111.66328063792056 541.2316762505483 0
v 110.61794609174252 540.4439600273621 0
v 109.57261154556448 539.6562438041758 0
v 108.52727699938644 538.8685275809896 0
v 107.4819424532084 538.0808113578034 0
v 107.4819424532084 538.0808113578034 0
v 153.52080449754897 476.9851805473796 0
v 199.55966654188953 415.8895497369558 0
v 245.5985285862301 354.793918926532 0
v 291.6373906305706 293.6982881161082 0
v 337.6762526749112 232.60265730568437 0
v 383.7151147192518 171.50702649526056 0
v 429.7539767635923 110.41139568483675 0
v 475.79283880793287 49.315764874412935 0
v 475.79283880793287 49.31576487441292 0
v 476.8381733541109 50.103480347598904 0
v 477.8835079002889 50.891195820784894 0
v 478.92884244646694 51.678911293970884 0
v 479.97417699264497 52.46662676715687 0
v 481.01951153882305 53.25434224034285 0
v 482.0648460850011 54.04205771352884 0
v 483.1101806311791 54.82977318671483 0
v 484.15551517735713 55.617488659900815 0
v 484.15551517735713 55.617488659900815 0
v 438.1166531330166 116.71312022032485 0
v 392.077791088676 177.80875178074888 0
v 346.0389290443355 238.90438334117295 0
v 300.00006699999494 300.00001490159696 0
v 253.96120495565435 361.095646462021 0
v 207.92234291131382 422.19127802244503 0
v 161.88348086697323 483.28690958286904 0
v 115.8446188226327 544.3825411432931 0
v 120.13773403901502 547.5593020433753 0
v 119.0788109889869 546.7899495753921 0
v 118.01988793895879 546.020597107409 0
v 116.96096488893068 545.2512446394257 0
v 115.90204183890256 544.4818921714426 0
v 114.84311878887446 543.7125397034595 0
v 113.78419573884635 542.9431872354762 0
v 112.72527268881824 542.1738347674931 0
v 111.66634963879012 541.4044822995099 0
v 111.66634963879012 541.4044822995099 0
v 156.6319336290353 479.5146680140675 0
v 201.5975176192805 417.6248537286251 0
v 246.5631016095257 355.7350394431827 0
v 291.5286855997709 293.8452251577403 0
v 336.4942695900161 231.95541087229793 0
v 381.45985358026127 170.06559658685552 0
v 426.42543757050646 108.17578230141311 0
v 471.39102156075165 46.285968015970695 0
v 471.39102156075165 46.285968015970695 0
v 472.44994461077977 47.055320483953835 0
v 473.5088676608079 47.82467295193697 0
v 474.567790710836 48.5940254199201 0
v 475.6267137608641 49.36337788790324 0
v 476.6856368108922 50.13273035588638 0
v 477.74455986092033 50.90208282386951 0
v 478.80348291094845 51.671435291852646 0
v 479.86240596097656 52.440787759835786 0
v 479.86240596097656 52.440787759835786 0
v 434.89682197073137 114.33060204527823 0
v 389.9312379804862 176.22041633072067 0
v 344.965653990241 238.1102306161631 0
v 300.0000699999958 300.0000449016055 0
v 255.0344860097506 361.88985918704793 0
v 210.0689020195054 423.77967347249046 0
v 165.1033180292602 485.66948775793287 0
v 120.13773403901502 547.5593020433753 0
v 124.48562927091831 550.6606249220831 0
v 123.4134402171315 549.9098694593691 0
v 122.34125116334468 549.1591139966552 0
v 121.26906210955786 548.408358533941 0
v 120.19687305577105 547.6576030712271 0
v 119.12468400198425 546.9068476085131 0
v 118.05249494819743 546.156092145799 0
v 116.98030589441062 545.405336683085 0
v 115.9081168406238 544.654581220371 0
v 115.9081168406238 544.654581220371 0
v 159.78672702289316 481.9894354652514 0
v 203.66533720516253 419.32428971013184 0
v 247.5439473874319 356.65914395501227 0
v 291.42255756970127 293.99399819989264 0
v 335.30116775197064 231.32885244477302 0
v 379.17977793424 168.66370668965345 0
v 423.0583881165094 105.99856093453388 0
v 466.93699829877875 43.33341517941426 0
v 466.93699829877875 43.33341517941429 0
v 468.00918660256536 44.08416989212807 0
v 469.0813749063519 44.834924604841845 0
v 470.15356321013854 45.585679317555616 0
v 471.22575151392516 46.336434030269395 0
v 472.2979398177118 47.08718874298317 0
v 473.3701281214984 47.837943455696944 0
v 474.44231642528496 48.58869816841072 0
v 475.5145047290716 49.3394528811245 0
v 475.5145047290716 49.3394528811245 0
v 431.6358952968024 112.00459938624434 0
v 387.7572858645333 174.66974589136416 0
v 343.8786764322641 237.334892396484 0
v 300.00006699999494 300.00003890160383 0
v 256.12145756772577 362.66518540672365 0
v 212.24284813545665 425.3303319118435 0
v 168.36423870318748 487.9954784169633 0
v 124.48562927091831 550.6606249220831 0
v 128.88699651797202 553.6855737791516 0
v 127.80186846051916 552.953645571772 0
v 126.7167404030663 552.2217173643924 0
v 125.63161234561343 551.4897891570128 0
v 124.54648428816057 550.7578609496331 0
v 123.46135623070771 550.0259327422535 0
v 122.37622817325484 549.2940045348739 0
v 121.29110011580198 548.5620763274943 0
v 120.20597205834912 547.8301481201147 0
v 120.20597205834912 547.8301481201147 0
v 162.98424117885529 484.40875915072627 0
v 205.76251029936145 420.98737018133784 0
v 248.5407794198676 357.56598121194935 0
v 291.31904854037373 294.1445922425609 0
v 334.0973176608799 230.7232032731725 0
v 376.87558678138606 167.301814303784 0
v 419.65385590189226 103.88042533439557 0
v 462.4321250223984 40.45903636500714 0
v 462.4321250223984 40.45903636500715 0
v 463.51725307985123 41.19096457238675 0
v 464.6023811373041 41.92289277976635 0
v 465.687509194757 42.65482098714595 0
v 466.77263725220985 43.38674919452555 0
v 467.8577653096627 44.118677401905146 0
v 468.9428933671156 44.85060560928475 0
v 470.02802142456846 45.58253381666435 0
v 471.1131494820213 46.31446202404395 0
v 471.1131494820213 46.31446202404395 0
v 428.33488036151516 109.7358509934324 0
v 385.55661124100897 173.15723996282085 0
v 342.7783421205028 236.5786289322093 0
v 300.00007299999663 300.00001790159774 0
v 257.2218038794905 363.42140687098623 0
v 214.44353475898436 426.84279584037466 0
v 171.66526563847816 490.26418480976315 0
v 128.88699651797202 553.6855737791516 0
v 133.3404797797919 556.6332906143377 0
v 132.24274346876672 555.9204124123556 0
v 131.1450071577415 555.2075342103735 0
v 130.04727084671632 554.4946560083915 0
v 128.9495345356911 553.7817778064094 0
v 127.85179822466591 553.0688996044273 0
v 126.75406191364071 552.3560214024453 0
v 125.65632560261551 551.6431432004632 0
v 124.55858929159031 550.9302649984811 0
v 124.55858929159031 550.9302649984811 0
v 166.22348684664126 486.7719513202974 0
v 207.88838440169224 422.61363764211364 0
v 249.5532819567432 358.4553239639299 0
v 291.2181795117942 294.2970102857462 0
v 332.88307706684515 230.13869660756245 0
v 374.5479746218961 165.98038292937872 0
v 416.2128721769471 101.82206925119499 0
v 457.87776973199806 37.66375557301126 0
v 457.87776973199806 37.6637555730112 0
v 458.97550604302324 38.3766337749933 0
v 460.0732423540485 39.0895119769754 0
v 461.1709786650737 39.802390178957495 0
v 462.26871497609886 40.515268380939595 0
v 463.36645128712405 41.228146582921696 0
v 464.46418759814924 41.94102478490379 0
v 465.5619239091745 42.65390298688589 0
v 466.65966022019967 43.36678118886799 0
v 466.65966022019967 43.36678118886799 0
v 424.9947626651487 107.5250948670517 0
v 383.3298651100977 171.6834085452354 0
v 341.66496755504676 235.84172222341914 0
v 300.0000699999958 300.00003590160287 0
v 258.3351724449448 364.1583495797866 0
v 216.67027488989385 428.3166632579703 0
v 175.00537733484288 492.474976936154 0
v 133.3404797797919 556.6332906143377 0
v 137.8447350559972 559.502809427368 0
v 136.734723491494 558.8091972308446 0
v 135.62471192699084 558.1155850343212 0
v 134.51470036248764 557.4219728377977 0
v 133.40468879798448 556.7283606412743 0
v 132.29467723348128 556.0347484447509 0
v 131.18466566897808 555.3411362482275 0
v 130.07465410447492 554.6475240517041 0
v 128.96464253997172 553.9539118551806 0
v 128.96464253997172 553.9539118551806 0
v 169.503478525972 489.07821697373896 0
v 210.04231451197228 424.2025220922973 0
v 250.58115049797254 359.32682721085564 0
v 291.11998648397287 294.45113232941395 0
v 331.6588224699731 229.57543744797226 0
v 372.1976584559734 164.69974256653063 0
v 412.7364944419737 99.82404768508894 0
v 453.2753304279739 34.94835280364725 0
v 453.2753304279739 34.948352803647296 0
v 454.3853404924767 35.6419650001707 0
v 455.4953505569795 36.335577196694096 0
v 456.6053606214822 37.02918939321749 0
v 457.71537068598496 37.7228015897409 0
v 458.82538075048774 38.4164137862643 0
v 459.93539081499046 39.1100259827877 0
v 461.04540087949323 39.80363817931109 0
v 462.155410943996 40.4972503758345 0
v 462.155410943996 40.4972503758345 0
v 421.61657645799613 105.37294525727619 0
v 381.0777419719963 170.24864013871786 0
v 340.53890748599645 235.12433502015955 0
v 300.00007299999663 300.00002990160124 0
v 259.46123851399676 364.8757247830429 0
v 218.9224040279969 429.7514196644846 0
v 178.38356954199708 494.6271145459263 0
v 137.8447350559972 559.502809427368 0
v 142.39837634619522 562.2932782180005 0
v 141.2764292783103 561.6191442769959 0
v 140.15448221042539 560.9450103359914 0
v 139.03253514254047 560.2708763949869 0
v 137.91058807465555 559.5967424539823 0
v 136.78864100677066 558.9226085129777 0
v 135.66669393888574 558.2484745719732 0
v 134.54474687100083 557.5743406309687 0
v 133.4227998031159 556.9002066899641 0
v 133.4227998031159 556.9002066899641 0
v 172.82322396656627 491.3268923608636 0
v 212.2236481300166 425.75357803176314 0
v 251.62407229346695 360.1802637026626 0
v 291.0244964569173 294.60694937356214 0
v 330.42492062036763 229.03363504446168 0
v 369.825344783818 163.46032071536115 0
v 409.2257689472684 97.88700638626068 0
v 448.62619311071876 32.31369205716021 0
v 448.62619311071876 32.31369205716026 0
v 449.74813942860345 32.98782599816482 0
v 450.87008574648814 33.661959939169385 0
v 451.99203206437284 34.33609388017395 0
v 453.1139783822575 35.01022782117852 0
v 454.2359247001423 35.68436176218308 0
v 455.35787101802697 36.35849570318764 0
v 456.47981733591166 37.032629644192205 0
v 457.60176365379635 37.70676358519677 0
v 457.60176365379635 37.70676358519677 0
v 418.2013402403462 103.28007791429724 0
v 378.80091682689607 168.8533922433977 0
v 339.40049341344593 234.42670657249818 0
v 300.0000699999958 300.00002090159865 0
v 260.59964658654565 365.5733352306991 0
v 221.1992231730955 431.1466495597996 0
v 181.79879975964536 496.71996388890005 0
v 142.39837634619522 562.2932782180005 0
v 147.0000296499966 565.0038329859908 0
v 145.86648832882665 564.3493828005633 0
v 144.73294700765672 563.6949326151358 0
v 143.59940568648676 563.0404824297084 0
v 142.4658643653168 562.3860322442808 0
v 141.33232304414685 561.7315820588533 0
v 140.1987817229769 561.0771318734259 0
v 139.06524040180696 560.4226816879984 0
v 137.931699080637 559.7682315025709 0
v 137.931699080637 559.7682315025709 0
v 176.18170991813702 493.51727173147094 0
v 214.431720755637 427.26631196037096 0
v 252.681731593137 361.01535218927097 0
v 290.931742430637 294.76439241817104 0
v 329.18175326813696 228.5134326470711 0
v 367.431764105637 162.26247287597113 0
v 405.68177494313704 96.01151310487114 0
v 443.93178578063703 29.760553333771213 0
v 443.93178578063703 29.76055333377124 0
v 445.0653263518068 30.41500351919874 0
v 446.1988669229765 31.06945370462624 0
v 447.33240749414625 31.72390389005374 0
v 448.46594806531596 32.37835407548124 0
v 449.5994886364857 33.03280426090874 0
v 450.7330292076555 33.68725444633624 0
v 451.8665697788252 34.34170463176374 0
v 453.00011034999494 34.99615481719124 0
v 453.00011034999494 34.99615481719124 0
v 414.75010026249515 101.24711458829118 0
v 376.50009017499536 167.49807435939113 0
v 338.2500800874956 233.74903413049108 0
v 300.0000699999958 299.999993901591 0
v 261.750059912496 366.2509536726909 0
v 223.5000498249962 432.50191344379095 0
v 185.25003973749642 498.7528732148909 0
v 147.00002964999663 565.0038329859908 0
v 151.64829096700362 567.6337057311212 0
v 150.50350039264637 566.9991373013269 0
v 149.35870981828913 566.3645688715326 0
v 148.2139192439319 565.7300004417382 0
v 147.06912866957467 565.0954320119439 0
v 145.92433809521742 564.4608635821496 0
v 144.7795475208602 563.8262951523552 0
v 143.63475694650296 563.1917267225609 0
v 142.48996637214572 562.5571582927666 0
v 142.48996637214572 562.5571582927666 0
v 179.57791263039417 495.64873513538544 0
v 216.66585888864265 428.74031197800423 0
v 253.75380514689112 361.831888820623 0
v 290.8417514051396 294.9234656632418 0
v 327.929697663388 228.0150425058606 0
v 365.0176439216365 161.1066193484794 0
v 402.105590179885 94.19819619109819 0
v 439.19353643813344 27.289773033716983 0
v 439.19353643813344 27.28977303371694 0
v 440.33832701249065 27.924340413510983 0
v 441.4831175868479 28.55890779330502 0
v 442.62790816120514 29.19347517309906 0
v 443.77269873556236 29.828042552893102 0
v 444.91748930991963 30.462609932687144 0
v 446.06227988427685 31.097177312481183 0
v 447.2070704586341 31.73174469227522 0
v 448.35186103299134 32.36631207206926 0
v 448.35186103299134 32.36631207206926 0
v 411.2639147747429 99.27473627945075 0
v 374.17596851649444 166.18316048683224 0
v 337.0880222582459 233.09158469421374 0
v 300.0000759999975 300.0000089015952 0
v 262.912129741749 366.9084331089767 0
v 225.82418348350055 433.8168573163582 0
v 188.73623722525207 500.7252815237397 0
v 151.64829096700362 567.6337057311212 0
v 156.3417382968133 570.182050453152 0
v 155.1860472193676 569.5675580290458 0
v 154.03035614192189 568.9530656049398 0
v 152.87466506447618 568.3385731808337 0
v 151.71897398703044 567.7240807567275 0
v 150.56328290958473 567.1095883326213 0
v 149.40759183213902 566.4950959085153 0
v 148.2519007546933 565.8806034844092 0
v 147.0962096772476 565.266111060303 0
v 147.0962096772476 565.266111060303 0
v 183.01079410304362 497.72060412241484 0
v 218.92537852883967 430.17509718452663 0
v 254.83996295463572 362.6295902466384 0
v 290.75454738043175 295.08408330875017 0
v 326.66913180622777 227.53857637086196 0
v 362.5837162320238 159.9930694329737 0
v 398.49830065781987 92.44756249508549 0
v 434.4128850836159 24.902055557197286 0
v 434.4128850836159 24.902055557197272 0
v 435.5685754110614 25.51654678130307 0
v 436.7242657385069 26.13103800540887 0
v 437.8799560659524 26.745529229514663 0
v 439.0356463933979 27.36002045362046 0
v 440.1913367208434 27.97451167772626 0
v 441.3470270482889 28.589002901832053 0
v 442.50271737573445 29.20349412593785 0
v 443.65840770317993 29.81798535004365 0
v 443.65840770317993 29.81798535004365 0
v 407.7438240273841 97.3634934879322 0
v 371.8292403515883 164.90900162582074 0
v 335.91465667579246 232.4545097637093 0
v 300.00007299999663 300.00001790159786 0
v 264.0854893242008 367.5455260394864 0
v 228.17090564840498 435.091034177375 0
v 192.25632197260916 502.6365423152635 0
v 156.34173829681333 570.182050453152 0
v 161.0789436390211 572.6480511518521 0
v 159.9127045585868 572.0538244834879 0
v 158.7464654781525 571.4595978151237 0
v 157.58022639771818 570.8653711467596 0
v 156.41398731728387 570.2711444783954 0
v 155.24774823684956 569.6769178100312 0
v 154.08150915641525 569.082691141667 0
v 152.91527007598094 568.4884644733029 0
v 151.74903099554663 567.8942378049387 0
v 151.74903099554663 567.8942378049387 0
v 186.47931408579072 499.7322225173732 0
v 221.2095971760348 431.57020722980764 0
v 255.9398802662789 363.40819194224207 0
v 290.67016335652295 295.24617665467656 0
v 325.4004464467671 227.08416136711105 0
v 360.1307295370111 158.92214607954548 0
v 394.86101262725526 90.76013079197992 0
v 429.5912957174993 22.59811550441441 0
v 429.5912957174993 22.59811550441438 0
v 430.7575347979336 23.192343897779047 0
v 431.9237738783679 23.78657229114371 0
v 433.0900129588022 24.380800684508372 0
v 434.25625203923653 24.97502907787304 0
v 435.4224911196709 25.569257471237705 0
v 436.5887302001052 26.163485864602368 0
v 437.7549692805395 26.75771425796703 0
v 438.9212083609738 27.351942651331697 0
v 438.9212083609738 27.351942651331697 0
v 404.19092527072974 95.51395621389675 0
v 369.46064218048565 163.67596977646178 0
v 334.73035909024156 231.83798333902683 0
v 300.0000759999975 299.9999969015919 0
v 265.2697929097534 368.16201046415694 0
v 230.5395098195093 436.324024026722 0
v 195.80922672926522 504.48603758928704 0
v 161.07894363902113 572.6480511518521 0
v 165.85846699321903 575.0310718270409 0
v 164.68203465989663 574.4572841644679 0
v 163.5056023265742 573.8834965018948 0
v 162.3291699932518 573.3097088393216 0
v 161.15273765992941 572.7359211767485 0
v 159.97630532660702 572.1621335141755 0
v 158.79987299328462 571.5883458516023 0
v 157.6234406599622 571.0145581890292 0
v 156.4470083266398 570.4407705264562 0
v 156.4470083266398 570.4407705264562 0
v 189.98241057833442 501.6830131950971 0
v 223.51781283002904 432.925255863738 0
v 257.0532150817237 364.16749853237894 0
v 290.58861733341826 295.40974120101987 0
v 324.12401958511293 226.6519838696608 0
v 357.6594218368075 157.89422653830172 0
v 391.1948240885022 89.13646920694265 0
v 424.73022634019674 20.378711875583576 0
v 424.73022634019674 20.37871187558352 0
v 425.90665867351913 20.952496088155666 0
v 427.0830910068415 21.526280300727812 0
v 428.2595233401639 22.100064513299962 0
v 429.4359556734863 22.67384872587211 0
v 430.6123880068087 23.247632938444255 0
v 431.7888203401311 23.821417151016405 0
v 432.9652526734535 24.39520136358855 0
v 434.1416850067759 24.968985576160698 0
v 434.1416850067759 24.968985576160698 0
v 400.6062827550813 93.72674635752074 0
v 367.07088050338666 162.48450713888076 0
v 333.5354782516921 231.24226792024078 0
v 300.0000759999975 300.00002870160085 0
v 266.46467374830286 368.7577894829609 0
v 232.92927149660827 437.5155502643209 0
v 199.39386924491367 506.27331104568094 0
v 165.85846699321905 575.0310718270409 0
v 170.6788503589939 577.330272478481 0
v 169.49258327288499 576.7771098217517 0
v 168.3063161867761 576.2239471650223 0
v 167.1200491006672 575.6707845082929 0
v 165.93378201455826 575.1176218515635 0
v 164.74751492844933 574.5644591948342 0
v 163.56124784234044 574.0112965381047 0
v 162.37498075623154 573.4581338813754 0
v 161.1887136701226 572.904971224646 0
v 161.1887136701226 572.904971224646 0
v 193.51902008037348 503.5724099054259 0
v 225.84932649062438 434.23984858620577 0
v 258.1796329008753 364.9072872669856 0
v 290.5099393111261 295.57472594776544 0
v 322.8402457213771 226.2421646285453 0
v 355.1705521316279 156.90960330932512 0
v 387.50085854187876 87.57704199010499 0
v 419.8311649521297 18.244480670884855 0
v 419.8311649521297 18.244480670884847 0
v 421.0174312882384 18.797645952614968 0
v 422.2036976243471 19.350811234345088 0
v 423.3899639604558 19.903976516075204 0
v 424.5762302965645 20.457141797805324 0
v 425.76249663267316 21.010307079535444 0
v 426.94876296878186 21.56347236126556 0
v 428.13502930489057 22.11663764299568 0
v 429.32129564099927 22.6698029247258 0
v 429.32129564099927 22.6698029247258 0
v 396.9909899807486 92.0023616189452 0
v 364.6606843204979 161.33492031316462 0
v 332.3303786602472 230.66747900738397 0
v 300.0000729999966 300.0000377016034 0
v 267.66976733974593 369.3325963958228 0
v 235.33946167949523 438.66515509004216 0
v 203.00915601924456 507.9977137842616 0
v 170.67885035899388 577.330272478481 0
v 175.53862373592932 579.5450531060021 0
v 174.34288339713632 579.0126729551611 0
v 173.14714305834332 578.48029280432 0
v 171.95140271955032 577.9479126534791 0
v 170.75566238075731 577.415532502638 0
v 169.55992204196434 576.883152351797 0
v 168.36418170317134 576.350772200956 0
v 167.16844136437834 575.818392050115 0
v 165.97270102558534 575.286011899274 0
v 165.97270102558534 575.286011899274 0
v 197.08806334160215 505.3997664481767 0
v 228.203425657619 435.5135209970794 0
v 259.31878797363584 365.6272755459821 0
v 290.4341502896526 295.7410300948849 0
v 321.54951260566946 225.85478464378764 0
v 352.6648749216863 155.96853919269034 0
v 383.7802372377031 86.08229374159305 0
v 414.89559955371993 16.19604829049581 0
v 414.89559955371993 16.19604829049586 0
v 416.0913391425127 16.728426116336202 0
v 417.28707873130554 17.260803942176544 0
v 418.4828183200983 17.793181768016883 0
v 419.6785579088911 18.325559593857225 0
v 420.87429749768387 18.857937419697567 0
v 422.07003708647665 19.390315245537906 0
v 423.2657766752695 19.922693071378248 0
v 424.46151626406225 20.45507089721859 0
v 424.46151626406225 20.45507089721859 0
v 393.34615469804567 90.34131867331654 0
v 362.230793132029 160.2275664494145 0
v 331.1154315660124 230.11381422551244 0
v 300.0000699999958 300.0000620016104 0
v 268.8847084339792 369.88630977770833 0
v 237.76934686796255 439.7725575538063 0
v 206.65398530194594 509.6588053299042 0
v 175.53862373592932 579.5450531060021 0
v 180.43631112360703 581.674633709383 0
v 179.231461282233 581.1632010644771 0
v 178.02661144085897 580.6517684195712 0
v 176.82176159948494 580.1403357746653 0
v 175.61691175811092 579.6289031297595 0
v 174.4120619167369 579.1174704848536 0
v 173.20721207536286 578.6060378399477 0
v 172.00236223398883 578.0946051950418 0
v 170.7975123926148 577.5831725501359 0
v 170.7975123926148 577.5831725501359 0
v 200.68845286171222 507.16453779819506 0
v 230.57939333080964 436.7459030462542 0
v 260.47033379990705 366.3272682943134 0
v 290.3612742690044 295.9086335423725 0
v 320.2522147381019 225.48999879043163 0
v 350.14315520719924 155.0713640384908 0
v 380.03409567629666 84.65272928654997 0
v 409.9250361453941 14.234094534609085 0
v 409.9250361453941 14.234094534609078 0
v 411.1298852367679 14.745522679513678 0
v 412.3347343281417 15.25695082441828 0
v 413.5395834195155 15.76837896932288 0
v 414.7444325108893 16.27980711422748 0
v 415.9492816022631 16.79123525913208 0
v 417.15413069363694 17.302663404036682 0
v 418.3589797850107 17.814091548941285 0
v 419.56382887638455 18.325519693845884 0
v 419.56382887638455 18.325519693845884 0
v 389.6728891572874 88.74415894578803 0
v 359.78194943819017 159.16279819773015 0
v 329.89100971909295 229.5814374496723 0
v 300.0000699999958 300.00007670161443 0
v 270.1091302808986 370.41871595355656 0
v 240.2181905618014 440.83735520549874 0
v 210.32725084270422 511.25599445744086 0
v 180.43631112360703 581.674633709383 0
v 185.37042452160543 583.7184142884541 0
v 184.1568326777545 583.2280941495301 0
v 182.9432408339036 582.7377740106061 0
v 181.72964899005265 582.2474538716822 0
v 180.51605714620172 581.7571337327581 0
v 179.3024653023508 581.2668135938341 0
v 178.08887345849988 580.7764934549101 0
v 176.87528161464897 580.2861733159862 0
v 175.66168977079803 579.7958531770621 0
v 175.66168977079803 579.7958531770621 0
v 204.31910264039607 508.8662700553526 0
v 232.97651550999407 437.93668693364305 0
v 261.6339283795921 367.0071038119335 0
v 290.2913412491901 296.077520690224 0
v 318.94875411878814 225.14793756851446 0
v 347.6061669883861 154.21835444680494 0
v 376.26357985798415 83.28877132509541 0
v 404.9209927275822 12.359188203385884 0
v 404.9209927275822 12.359188203385877 0
v 406.1345838214329 12.84951096731062 0
v 407.3481749152836 13.339833731235363 0
v 408.5617660091343 13.830156495160105 0
v 409.775357102985 14.320479259084848 0
v 410.98894819683574 14.810802023009591 0
v 412.20253929068645 15.301124786934334 0
v 413.41613038453715 15.791447550859077 0
v 414.62972147838786 16.28177031478382 0
v 414.62972147838786 16.28177031478382 0
v 385.9723093587901 87.21135081149262 0
v 357.31489723919225 158.1409313082014 0
v 328.65748511959447 229.07051180491018 0
v 300.00007299999663 300.000092301619 0
v 271.34266088039885 370.92967279832783 0
v 242.68524876080104 441.8592532950366 0
v 214.02783664120324 512.7888337917453 0
v 185.37042452160543 583.7184142884541 0
v 190.3394519294961 585.675794843045 0
v 189.11748708327283 585.2067222101412 0
v 187.89552223704956 584.7376495772372 0
v 186.6735573908263 584.2685769443333 0
v 185.451592544603 583.7995043114295 0
v 184.22962769837972 583.3304316785257 0
v 183.00766285215644 582.8613590456217 0
v 181.78569800593317 582.3922864127178 0
v 180.5637331597099 581.923213779814 0
v 180.5637331597099 581.923213779814 0
v 207.97888992733544 510.50429609445973 0
v 235.394046694961 439.08537840910543 0
v 262.80920346258654 367.66646072375113 0
v 290.22436023021214 296.2475430383969 0
v 317.63951699783763 224.82862535304264 0
v 345.05467376546324 153.40970766768834 0
v 372.4698305330888 81.99078998233404 0
v 399.88498730071433 10.571872296979791 0
v 399.88498730071433 10.571872296979741 0
v 401.1069513969374 11.0409402798823 0
v 402.3289154931605 11.510008262784856 0
v 403.55087958938356 11.979076245687413 0
v 404.77284368560663 12.448144228589971 0
v 405.99480778182965 12.91721221149253 0
v 407.2167718780527 13.386280194395086 0
v 408.4387359742758 13.855348177297643 0
v 409.6607000704989 14.324416160200201 0
v 409.6607000704989 14.324416160200201 0
v 382.2455440528735 85.7433384955558 0
v 354.8303880352482 157.1622608309114 0
v 327.4152320176228 228.581183166267 0
v 300.0000759999975 300.0001055016226 0
v 272.5849199823722 371.4190278369782 0
v 245.1697639647468 442.8379501723338 0
v 217.75460794712146 514.2568725076894 0
v 190.3394519294961 585.675794843045 0
v 195.3418813468507 587.5460553729522 0
v 194.1119169983609 587.0983877461131 0
v 192.8819526498711 586.650720119274 0
v 191.6519883013813 586.2030524924347 0
v 190.4220239528915 585.7553848655956 0
v 189.19205960440172 585.3077172387565 0
v 187.96209525591192 584.8600496119172 0
v 186.73213090742212 584.4123819850781 0
v 185.50216655893232 583.964714358239 0
v 185.50216655893232 583.964714358239 0
v 211.666715222219 512.0782124154025 0
v 237.83126388550568 440.1917104725661 0
v 263.9958125487924 368.30520852972967 0
v 290.16036121207907 296.4187065868932 0
v 316.32490987536573 224.53220464405678 0
v 342.48945853865246 152.64570270122033 0
v 368.65400720193907 80.75920075838388 0
v 394.8185558652258 8.872698815547437 0
v 394.8185558652258 8.872698815547466 0
v 396.0485202137156 9.320369142387356 0
v 397.2784845622054 9.768039469227245 0
v 398.50844891069517 10.215709796067134 0
v 399.738413259185 10.663380122907025 0
v 400.9683776076748 11.111050449746916 0
v 402.1983419561646 11.558720776586805 0
v 403.42830630465437 12.006391103426694 0
v 404.6582706531442 12.454061430266584 0
v 404.6582706531442 12.454061430266584 0
v 378.49372198985753 84.34056067310229 0
v 352.3291733265708 156.22705991593799 0
v 326.16462466328414 228.11355915877368 0
v 300.0000759999974 300.00005840160935 0
v 273.83552733671075 371.8865576444451 0
v 247.6709786734241 443.77305688728075 0
v 221.5064300101374 515.6595561301165 0
v 195.3418813468507 587.5460553729522 0
v 200.37619477323912 589.3287758780561 0
v 199.13860442258863 588.9026407573178 0
v 197.90101407193814 588.4765056365796 0
v 196.66342372128764 588.0503705158415 0
v 195.42583337063712 587.6242353951031 0
v 194.18824301998663 587.1981002743648 0
v 192.95065266933614 586.7719651536266 0
v 191.71306231868564 586.3458300328884 0
v 190.47547196803515 585.9196949121501 0
v 190.47547196803515 585.9196949121501 0
v 215.38144302472494 513.5875078930362 0
v 240.28741408141474 441.2553208739224 0
v 265.19338513810453 368.9231338548085 0
v 290.0993561947944 296.59094683569464 0
v 315.0053272514841 224.25875981658078 0
v 339.91129830817397 151.92657279746686 0
v 364.81726936486376 79.594385778353 0
v 389.72324042155356 7.262198759239141 0
v 389.72324042155356 7.262198759239169 0
v 390.9608300222038 7.688335079977759 0
v 392.1984196228541 8.114471400716349 0
v 393.4360092235044 8.54060772145494 0
v 394.6735988241547 8.966744042193529 0
v 395.91118842480495 9.392880362932118 0
v 397.1487780254553 9.819016683670709 0
v 398.38636762610554 10.2451530044093 0
v 399.6239572267558 10.671289325147889 0
v 399.6239572267558 10.671289325147889 0
v 374.7179869200662 83.00347514426142 0
v 349.8120166133766 155.33566096337495 0
v 324.906046306687 227.66784678248848 0
v 300.0000759999975 300.000032601602 0
v 275.0941056933079 372.33221842071555 0
v 250.18813538661828 444.6644042398291 0
v 225.28216507992872 516.9965900589426 0
v 200.37619477323912 589.3287758780561 0
v 205.44085020822442 591.023416358204 0
v 204.1960111055201 590.6189412436028 0
v 202.95117200281578 590.2144661290015 0
v 201.70633290011148 589.8099910144003 0
v 200.46149379740717 589.4055158997991 0
v 199.21665469470287 589.0010407851978 0
v 197.97181559199856 588.5965656705966 0
v 196.72697648929423 588.1920905559954 0
v 195.48213738658993 587.7876154413941 0
v 195.48213738658993 587.7876154413941 0
v 219.12194533453362 515.0317781272461 0
v 242.7617532824773 442.2759408130979 0
v 266.40156123042095 369.5201034989499 0
v 290.0413691783647 296.7642661848018 0
v 313.68117712630834 224.0084288706537 0
v 337.320985074252 151.25259155650565 0
v 360.96079302219573 78.49675424235755 0
v 384.6006009701394 5.740916928209458 0
v 384.6006009701394 5.7409169282094865 0
v 385.8454385728433 6.1453894178099935 0
v 387.09027617554716 6.5498619074105005 0
v 388.33511377825107 6.954334397011007 0
v 389.579951380955 7.358806886611514 0
v 390.8247889836589 7.763279376212021 0
v 392.0696265863628 8.167751865812528 0
v 393.31446418906665 8.572224355413034 0
v 394.55930179177057 8.976696845013542 0
v 394.55930179177057 8.976696845013542 0
v 370.9194953438273 81.73253678416236 0
v 347.279688895884 154.48837672331118 0
v 323.63988244794075 227.24421666246 0
v 300.0000759999975 300.0000566016088 0
v 276.3602695520542 372.7558965407576 0
v 252.72046310411096 445.5117364799064 0
v 229.0806566561677 518.2675764190552 0
v 205.44085020822442 591.023416358204 0
v 210.5343116513714 592.6293768132261 0
v 209.28260329672082 592.2466967048001 0
v 208.0308949420702 591.8640165963741 0
v 206.77918658741962 591.4813364879482 0
v 205.527478232769 591.0986563795221 0
v 204.2757698781184 590.7159762710961 0
v 203.02406152346782 590.3332961626702 0
v 201.7723531688172 589.9506160542442 0
v 200.52064481416662 589.5679359458181 0
v 200.52064481416662 589.5679359458181 0
v 222.88708665132333 516.4106013929126 0
v 245.25352848848007 443.253266840007 0
v 267.6199703256368 370.09593228710133 0
v 289.9864121627935 296.93859773419575 0
v 312.35285399995024 223.78126318129017 0
v 334.719295837107 150.62392862838453 0
v 357.08573767426367 77.46659407547895 0
v 379.4521795114204 4.30925952257337 0
v 379.4521795114204 4.309259522573363 0
v 380.703887866071 4.691945031000894 0
v 381.95559622072165 5.074630539428425 0
v 383.20730457537223 5.457316047855955 0
v 384.4590129300228 5.840001556283486 0
v 385.7107212846734 6.222687064711017 0
v 386.962429639324 6.605372573138547 0
v 388.21413799397465 6.988058081566078 0
v 389.46584634862523 7.370743589993609 0
v 389.46584634862523 7.370743589993609 0
v 367.0994045114685 80.52807274289768 0
v 344.7329626743118 153.68540189580176 0
v 322.36652083715506 226.8427310487058 0
v 300.0000789999983 300.00006020160987 0
v 277.6336371628416 373.15738935451395 0
v 255.26719532568487 446.314718507418 0
v 232.90075348852815 519.4720476603221 0
v 210.5343116513714 592.6293768132261 0
v 215.65501910223813 594.146237243003 0
v 214.39682249574918 593.785457140782 0
v 213.13862588926025 593.424677038561 0
v 211.8804292827713 593.06389693634 0
v 210.62223267628235 592.703116834119 0
v 209.36403606979343 592.342336731898 0
v 208.10583946330448 591.981556629677 0
v 206.84764285681555 591.620776527456 0
v 205.5894462503266 591.2599964252349 0
v 205.5894462503266 591.2599964252349 0
v 226.67571047476645 517.7234584648884 0
v 247.7619746992063 444.1869205045419 0
v 268.84823892364614 370.6503825441954 0
v 289.9345031480859 297.11384458384885 0
v 311.0207673725258 223.5773066235023 0
v 332.1070315969656 150.0407686631558 0
v 353.19329582140546 76.50423070280931 0
v 374.2795600458453 2.9676927424627593 0
v 374.2795600458453 2.967692742462809 0
v 375.537755902334 3.328474569684298 0
v 376.79595175882275 3.6892563969057868 0
v 378.0541476153115 4.050038224127276 0
v 379.3123434718002 4.4108200513487645 0
v 380.57053932828893 4.771601878570253 0
v 381.82873518477766 5.132383705791742 0
v 383.0869310412664 5.493165533013231 0
v 384.3451268977551 5.85394736023472 0
v 384.3451268977551 5.85394736023472 0
v 363.25886342331546 79.39048359558075 0
v 342.17259994887587 152.92701983092678 0
v 321.0863364744362 226.46355606627282 0
v 300.00007299999663 300.00009230161885 0
v 278.913809525557 373.5366285369649 0
v 257.82754605111734 447.0731647723109 0
v 236.74128257667775 520.609701007657 0
v 215.65501910223813 594.146237243003 0
v 220.80142456038593 595.5734576473822 0
v 219.53712370216743 595.234690051398 0
v 218.27282284394897 594.8959224554139 0
v 217.0085219857305 594.5571548594297 0
v 215.74422112751202 594.2183872634456 0
v 214.47992026929353 593.8796196674615 0
v 213.21561941107507 593.5408520714773 0
v 211.9513185528566 593.2020844754932 0
v 210.68701769463812 592.8633168795091 0
v 210.68701769463812 592.8633168795091 0
v 230.486680554541 518.9699716430672 0
v 250.2863434144439 445.0766264066252 0
v 270.0860062743468 371.18328117018336 0
v 289.88566913424967 297.28993593374145 0
v 309.6853319941526 223.39659069729953 0
v 329.48499485405546 149.50324546085767 0
v 349.2846577139584 75.6099002244157 0
v 369.08432057386125 1.7165549879738364 0
v 369.08432057386125 1.7165549879738577 0
v 370.3486214320797 2.0553233339581958 0
v 371.61292229029823 2.394091679942534 0
v 372.8772231485167 2.732860025926872 0
v 374.14152400673515 3.07162837191121 0
v 375.4058248649536 3.410396717895548 0
v 376.6701257231721 3.749165063879886 0
v 377.9344265813906 4.087933409864224 0
v 379.19872743960906 4.426701755848562 0
v 379.19872743960906 4.426701755848562 0
v 359.3990645797062 78.32004624229026 0
v 339.59940171980327 152.21339072873198 0
v 319.7997388599004 226.10673521517367 0
v 300.0000759999975 300.0000797016154 0
v 280.2004131400946 373.8934241880571 0
v 260.4007502801917 447.7867686744988 0
v 240.60108742028882 521.6801131609404 0
v 220.80142456038593 595.5734576473822 0
v 225.97195602536942 596.910618026244 0
v 224.70193491553022 596.5939679365265 0
v 223.431913805691 596.277317846809 0
v 222.16189269585178 595.9606677570915 0
v 220.89187158601257 595.644017667374 0
v 219.62185047617336 595.3273675776564 0
v 218.35182936633413 595.010717487939 0
v 217.08180825649492 594.6940673982215 0
v 215.81178714665572 594.3774173085039 0
v 215.81178714665572 594.3774173085039 0
v 234.31881789031294 520.1497779273454 0
v 252.82584863397017 445.92213854618683 0
v 271.33287937762736 371.69449916502833 0
v 289.8399101212846 297.4668597838698 0
v 308.34694086494187 223.23922040271123 0
v 326.85397160859907 149.01158102155273 0
v 345.36100235225626 74.78394164039412 0
v 363.8680330959135 0.5563022592356219 0
v 363.8680330959135 0.5563022592356681 0
v 365.1380542057527 0.8729539239536144 0
v 366.408075315592 1.1896055886715606 0
v 367.6780964254312 1.506257253389507 0
v 368.9481175352704 1.8229089181074531 0
v 370.2181386451096 2.1395605828253994 0
v 371.4881597549488 2.4562122475433457 0
v 372.7581808647881 2.772863912261292 0
v 374.0282019746273 3.089515576979238 0
v 374.0282019746273 3.089515576979238 0
v 355.52117123097 77.31715338313734 0
v 337.01414048731283 151.54479118929544 0
v 318.5071097436556 225.77242899545354 0
v 300.0000789999983 300.00006680161164 0
v 281.4930482563411 374.22770460776974 0
v 262.9860175126839 448.45534241392784 0
v 244.47898676902665 522.6829802200859 0
v 225.97195602536942 596.910618026244 0
v 231.16503549674152 598.157418379504 0
v 229.8896811353912 597.8629757960786 0
v 228.61432677404093 597.5685332126532 0
v 227.33897241269062 597.2740906292279 0
v 226.0636180513403 596.9796480458025 0
v 224.78826368999 596.6852054623771 0
v 223.5129093286397 596.3907628789518 0
v 222.2375549672894 596.0963202955264 0
v 220.9622006059391 595.801877712101 0
v 220.9622006059391 595.801877712101 0
v 238.17096223175352 521.2625508426311 0
v 255.3797238575679 446.7232239731611 0
v 272.5884854833823 372.1838971036911 0
v 289.79724710919675 297.64457023422113 0
v 307.00600873501116 223.10524336475117 0
v 324.2147703608256 148.56591649528116 0
v 341.42353198663994 74.0265896258112 0
v 358.63229361245436 -0.512737243658762 0
v 358.63229361245436 -0.512737243658723 0
v 359.9076464738042 -0.21829863523447424 0
v 361.18299933515414 0.0761399731897745 0
v 362.458352196504 0.37057858161402324 0
v 363.73370505785385 0.665017190038272 0
v 365.0090579192037 0.9594557984625207 0
v 366.28441078055357 1.2538944068867695 0
v 367.5597636419035 1.5483330153110182 0
v 368.83511650325335 1.842771623735267 0
v 368.83511650325335 1.842771623735267 0
v 351.6263563774394 76.38210246820634 0
v 334.4175962516254 150.92143331267744 0
v 317.20883612581144 225.46076415714853 0
v 300.0000759999974 300.00009500161957 0
v 282.79131587418345 374.53942584609064 0
v 265.5825557483695 449.07875669056176 0
v 248.37379562255552 523.6180875350328 0
v 231.16503549674152 598.157418379504 0
v 236.3790789740534 599.3133187070091 0
v 235.09878061130232 599.0411811299034 0
v 233.81848224855122 598.7690435527978 0
v 232.5381838858001 598.4969059756922 0
v 231.257885523049 598.2247683985865 0
v 229.9775871602979 597.9526308214809 0
v 228.69728879754678 597.6804932443753 0
v 227.41699043479568 597.4083556672697 0
v 226.13669207204458 597.136218090164 0
v 226.13669207204458 597.136218090164 0
v 242.0419420785308 522.3079111888164 0
v 257.94719208501704 447.47960428746876 0
v 273.85244209150324 372.65129738612114 0
v 289.7576920979895 297.8229904847735 0
v 305.66294210447575 222.9946835834259 0
v 321.56819211096195 148.1663766820783 0
v 337.47344211744814 73.33806978073062 0
v 353.3786921239344 -1.4902371206169391 0
v 353.3786921239344 -1.4902371206169782 0
v 354.65898973668527 -1.2181014185118841 0
v 355.9392873494362 -0.9459657164067901 0
v 357.21958496218707 -0.673830014301696 0
v 358.49988257493794 -0.4016943121966019 0
v 359.78018018768887 -0.12955861009150782 0
v 361.06047780043974 0.14257709201358626 0
v 362.34077541319067 0.41471279411868034 0
v 363.62107302594154 0.6868484962237744 0
v 363.62107302594154 0.6868484962237744 0
v 347.71582376945554 75.51515727257194 0
v 331.81057451296954 150.3434660489201 0
v 315.9053252564835 225.17177482526827 0
v 300.0000759999975 300.00008360161644 0
v 284.0948267435115 374.82839237796463 0
v 268.1895774870254 449.65670115431277 0
v 252.28432823053942 524.4850099306609 0
v 236.3790789740534 599.3133187070091 0
v 241.61250845685802 600.378079008691 0
v 240.3276553428164 600.1283289379285 0
v 239.0428022287748 599.878578867166 0
v 237.7579491147332 599.6288287964035 0
v 236.47309600069158 599.379078725641 0
v 235.18824288664996 599.1293286548785 0
v 233.90338977260836 598.879578584116 0
v 232.61853665856677 598.6298285133535 0
v 231.33368354452514 598.380078442591 0
v 231.33368354452514 598.380078442591 0
v 245.93057693031042 523.2855777158218 0
v 260.52747031609573 448.1910769890526 0
v 275.124363701881 373.0965762622834 0
v 289.7212570876663 298.0020755355142 0
v 304.3181504734516 222.90757480874504 0
v 318.9150438592369 147.81307408197586 0
v 333.5119372450222 72.71857335520667 0
v 348.10883063080746 -2.3759273715625113 0
v 348.10883063080746 -2.3759273715624545 0
v 349.39368299484886 -2.126177375799976 0
v 350.67853535889026 -1.876427380037497 0
v 351.96338772293166 -1.6266773842750184 0
v 353.24824008697306 -1.3769273885125397 0
v 354.53309245101445 -1.127177392750061 0
v 355.81794481505585 -0.8774273969875823 0
v 357.10279717909725 -0.6276774012251036 0
v 358.38764954313865 -0.37792740546262493 0
v 358.38764954313865 -0.37792740546262493 0
v 343.79075690735357 74.71657339630657 0
v 329.1938642715685 149.81107419807577 0
v 314.5969716357834 224.905574999845 0
v 300.0000789999983 300.0000758016142 0
v 285.40318636421324 375.09457660338336 0
v 270.80629372842816 450.1890774051526 0
v 256.20940109264313 525.2835782069218 0
v 241.61250845685802 600.378079008691 0
v 246.86371594469972 601.351279284431 0
v 245.57470032947873 601.1239917200329 0
v 244.28568471425774 600.8967041556348 0
v 242.99666909903675 600.6694165912367 0
v 241.70765348381576 600.4421290268385 0
v 240.4186378685948 600.2148414624404 0
v 239.1296222533738 599.9875538980423 0
v 237.84060663815282 599.7602663336442 0
v 236.55159102293183 599.532978769246 0
v 236.55159102293183 599.532978769246 0
v 249.83568103675626 524.1951691235394 0
v 263.1197710505807 448.85735947783263 0
v 276.40386106440513 373.5195498321259 0
v 289.68795107822956 298.18174018641923 0
v 302.97204109205404 222.84393054071256 0
v 316.25613110587847 147.50612089500584 0
v 329.5402211197029 72.16831124929911 0
v 342.8243111335273 -3.169498396407562 0
v 342.8243111335273 -3.1694983964075334 0
v 344.1133267487483 -2.942210157009217 0
v 345.4023423639693 -2.7149219176109005 0
v 346.6913579791903 -2.487633678212584 0
v 347.9803735944113 -2.2603454388142676 0
v 349.26938920963227 -2.033057199415951 0
v 350.55840482485326 -1.8057689600176348 0
v 351.84742044007425 -1.5784807206193183 0
v 353.13643605529523 -1.3511924812210019 0
v 353.13643605529523 -1.3511924812210019 0
v 339.8523460414708 73.9866164894855 0
v 326.5682560276464 149.324425460192 0
v 313.2841660138219 224.6622344308985 0
v 300.0000759999975 300.000043401605 0
v 286.71598598617305 375.33785237231154 0
v 273.43189597234857 450.675661343018 0
v 260.14780595852415 526.0134703137245 0
v 246.86371594469972 601.351279284431 0
v 252.131111437128 602.232799534195 0
v 250.83832557083878 602.0280419761804 0
v 249.54553970454955 601.8232844181657 0
v 248.25275383826033 601.6185268601512 0
v 246.95996797197108 601.4137693021365 0
v 245.66718210568186 601.2090117441219 0
v 244.37439623939264 601.0042541861073 0
v 243.08161037310342 600.7994966280927 0
v 241.7888245068142 600.594739070078 0
v 241.7888245068142 600.594739070078 0
v 253.75606564753156 525.0365596369332 0
v 265.7233067882489 449.47838020378845 0
v 277.6905479289663 373.9202007706437 0
v 289.65778906968364 298.3620213374989 0
v 301.625030210401 222.8038419043541 0
v 313.59227135111837 147.24566247120936 0
v 325.55951249183573 71.68748303806456 0
v 337.5267536325531 -3.8706963950802447 0
v 337.5267536325531 -3.8706963950801985 0
v 338.8195387488421 -3.66593921206568 0
v 340.1123238651311 -3.4611820290511615 0
v 341.40510898142014 -3.256424846036643 0
v 342.69789409770914 -3.0516676630221244 0
v 343.99067921399813 -2.846910480007606 0
v 345.2834643302872 -2.6421532969930874 0
v 346.5762494465762 -2.437396113978569 0
v 347.8690345628652 -2.2326389309640504 0
v 347.8690345628652 -2.2326389309640504 0
v 335.901794172148 73.32554087718083 0
v 323.9345537814309 148.88372068532573 0
v 311.96731339071374 224.44190049347063 0
v 300.0000729999966 300.00008030161547 0
v 288.03283260927947 375.55826010976034 0
v 276.0655922185623 451.11643991790527 0
v 264.09835182784514 526.6746197260501 0
v 252.131111437128 602.232799534195 0
v 257.41309293368903 603.0222197578641 0
v 256.1169298164429 602.84005220625 0
v 254.8207666991968 602.6578846546358 0
v 253.5246035819507 602.4757171030218 0
v 252.2284404647046 602.2935495514076 0
v 250.93227734745847 602.1113819997935 0
v 249.63611423021234 601.9292144481794 0
v 248.33995111296625 601.7470468965653 0
v 247.04378799572012 601.5648793449511 0
v 247.04378799572012 601.5648793449511 0
v 257.69053451229746 525.8093536308916 0
v 268.33728102887477 450.053827916832 0
v 278.9840275454521 374.29830220277245 0
v 289.63077406202945 298.5427764887129 0
v 300.27752057860675 222.78725077465333 0
v 310.92426709518406 147.03172506059377 0
v 321.57101361176143 71.27619934653421 0
v 332.21776012833874 -4.479326367525346 0
v 332.21776012833874 -4.479326367525349 0
v 333.51392249558467 -4.297162640912308 0
v 334.81008486283054 -4.1149989142992665 0
v 336.1062472300764 -3.932835187686225 0
v 337.40240959732233 -3.7506714610731837 0
v 338.69857196456826 -3.5685077344601424 0
v 339.99473433181413 -3.386344007847101 0
v 341.29089669906 -3.2041802812340596 0
v 342.5870590663059 -3.0220165546210183 0
v 342.5870590663059 -3.0220165546210183 0
v 331.9403132997288 72.73351298443963 0
v 321.2935675331517 148.48904252350027 0
v 310.6468217665746 224.2445720625609 0
v 300.0000759999975 300.00010160162157 0
v 289.35333023342037 375.7556311406822 0
v 278.70658446684325 451.51116067974283 0
v 268.05983870026614 527.2666902188035 0
v 257.41309293368903 603.0222197578641 0
v 262.7080464339254 603.719239955353 0
v 261.4089013158344 603.5597299101585 0
v 260.10975619774337 603.400219864964 0
v 258.81061107965235 603.2407098197696 0
v 257.5114659615614 603.081199774575 0
v 256.21232084347037 602.9216897293804 0
v 254.91317572537935 602.762179684186 0
v 253.61403060728833 602.6026696389915 0
v 252.3148854891973 602.443159593797 0
v 252.3148854891973 602.443159593797 0
v 261.63789438071575 526.5133576053591 0
v 270.9609032722342 450.58355561692133 0
v 280.28391216375263 374.65375362848357 0
v 289.6069210552711 298.72395164004575 0
v 298.92992994678946 222.79414965160794 0
v 308.2529388383079 146.86434766317018 0
v 317.57594772982634 70.93454567473236 0
v 326.8989566213448 -4.995256313705454 0
v 326.8989566213448 -4.99525631370544 0
v 328.1981009894356 -4.835741393509558 0
v 329.49724535752637 -4.676226473313677 0
v 330.7963897256172 -4.516711553117796 0
v 332.095534093708 -4.357196632921914 0
v 333.3946784617988 -4.197681712726032 0
v 334.6938228298896 -4.038166792530151 0
v 335.99296719798036 -3.87865187233427 0
v 337.2921115660712 -3.7191369521383884 0
v 337.2921115660712 -3.7191369521383884 0
v 327.96910342455294 72.21066016129804 0
v 318.64609528303475 148.14045727473444 0
v 309.3230871415165 224.07025438817087 0
v 300.0000789999983 300.0000515016073 0
v 290.6770708584801 375.9298486150437 0
v 281.35406271696183 451.85964572848013 0
v 272.0310545754436 527.7894428419166 0
v 262.7080464339254 603.719239955353 0
v 268.01435793737994 604.3238601266621 0
v 266.71262681855626 604.1870375878957 0
v 265.4108956997325 604.0502150491293 0
v 264.1091645809088 603.913392510363 0
v 262.8074334620851 603.7765699715966 0
v 261.5057023432614 603.6397474328302 0
v 260.2039712244377 603.5029248940639 0
v 258.90224010561394 603.3661023552975 0
v 257.60050898679026 603.2292798165311 0
v 257.60050898679026 603.2292798165311 0
v 265.5969407524453 527.1483392852707 0
v 273.5933725181003 451.0673987540103 0
v 281.5898042837553 374.9864582227499 0
v 289.58623604941033 298.90551769148954 0
v 297.5826678150654 222.82457716022918 0
v 305.5790995807204 146.74363662896877 0
v 313.57553134637544 70.66269609770836 0
v 321.57196311203046 -5.41824443355199 0
v 321.57196311203046 -5.418244433551958 0
v 322.87369273085375 -5.281426994787028 0
v 324.17542234967704 -5.144609556022098 0
v 325.4771519685003 -5.007792117257168 0
v 326.7788815873236 -4.870974678492237 0
v 328.0806112061469 -4.734157239727306 0
v 329.3823408249702 -4.597339800962376 0
v 330.6840704437935 -4.460522362197446 0
v 331.98580006261676 -4.323704923432516 0
v 331.98580006261676 -4.323704923432516 0
v 323.98936979696214 71.75724070782931 0
v 315.99293953130757 147.83818633909112 0
v 307.99650926565295 223.91913197035296 0
v 300.0000789999983 300.0000776016148 0
v 292.00364873434376 376.08102323287665 0
v 284.00721846868913 452.16196886413843 0
v 276.01078820303456 528.2429144954003 0
v 268.01435793737994 604.3238601266621 0
v 273.33041344359526 604.8357202716891 0
v 272.02649307415123 604.7216377393657 0
v 270.72257270470726 604.6075552070424 0
v 269.41865233526323 604.493472674719 0
v 268.11473196581926 604.3793901423957 0
v 266.81081159637523 604.2653076100723 0
v 265.5068912269312 604.1512250777489 0
v 264.20297085748723 604.0371425454256 0
v 262.8990504880432 603.9230600131023 0
v 262.8990504880432 603.9230600131023 0
v 269.5664683771444 527.7141490455836 0
v 276.23388626624563 451.5052380780649 0
v 282.90130415534685 375.29632711054626 0
v 289.568722044448 299.08741614302755 0
v 296.2361399335492 222.87850517550885 0
v 302.90355782265044 146.6695942079902 0
v 309.57097571175166 70.46068324047155 0
v 316.2383936008529 -5.748227727047151 0
v 316.2383936008529 -5.748227727047144 0
v 317.54231322029665 -5.6341494697249805 0
v 318.8462328397404 -5.520071212402817 0
v 320.1501524591842 -5.405992955080653 0
v 321.454072078628 -5.291914697758489 0
v 322.7579916980718 -5.177836440436326 0
v 324.0619113175156 -5.063758183114162 0
v 325.36583093695936 -4.949679925791998 0
v 326.66975055640313 -4.835601668469835 0
v 326.66975055640313 -4.835601668469835 0
v 320.00233341730217 71.37331357405003 0
v 313.33491627820115 147.5822288165699 0
v 306.6674991391002 223.79114405908973 0
v 300.0000819999992 300.0000593016096 0
v 293.3326648608982 376.2089745441295 0
v 286.66524772179724 452.4178897866493 0
v 279.9978305826962 528.6268050291692 0
v 273.33041344359526 604.8357202716891 0
v 278.65459295211235 605.2547003903999 0
v 277.34888008216046 605.1633953645302 0
v 276.0431672122086 605.0720903386605 0
v 274.73745434225674 604.9807853127907 0
v 273.43174147230485 604.889480286921 0
v 272.12602860235296 604.7981752610513 0
v 270.8203157324011 604.7068702351814 0
v 269.51460286244924 604.6155652093117 0
v 268.20888999249735 604.524260183442 0
v 268.20888999249735 604.524260183442 0
v 273.5452637544695 528.2105921862423 0
v 278.88163751644163 451.8969241890424 0
v 284.21801127841377 375.58325619184257 0
v 289.5543850403859 299.2695881946428 0
v 294.89075880235805 222.955920197443 0
v 300.2271325643302 146.64225220024315 0
v 305.56350632630233 70.3285842030433 0
v 310.8998800882745 -5.9850837941564805 0
v 310.8998800882745 -5.985083794156495 0
v 312.2055922082261 -5.893779443286936 0
v 313.5113043281778 -5.802475092417377 0
v 314.81701644812944 -5.711170741547818 0
v 316.12272856808113 -5.6198663906782595 0
v 317.42844068803277 -5.528562039808701 0
v 318.7341528079844 -5.437257688939142 0
v 320.0398649279361 -5.345953338069583 0
v 321.34557704788773 -5.254648987200024 0
v 321.34557704788773 -5.254648987200024 0
v 316.0092040359158 71.05901968499995 0
v 310.6728310239439 147.37268835719993 0
v 305.33645801197196 223.68635702939991 0
v 300.000085 300.0000257015999 0
v 294.6637119880281 376.3136943737999 0
v 289.3273389760562 452.62736304599986 0
v 283.9909659640843 528.9410317181998 0
v 278.65459295211235 605.2547003903999 0
v 283.9852764624722 605.5807404827781 0
v 282.6781685921251 605.5122354633684 0
v 281.37106072177795 605.4437304439587 0
v 280.0639528514308 605.3752254245488 0
v 278.7568449810837 605.3067204051391 0
v 277.4497371107366 605.2382153857294 0
v 276.14262924038945 605.1697103663196 0
v 274.83552137004233 605.1012053469099 0
v 273.5284134996952 605.0327003275002 0
v 273.5284134996952 605.0327003275002 0
v 277.53211713407757 528.637526507207 0
v 281.53582076846 452.2423526869139 0
v 285.53952440284235 375.84717886662077 0
v 289.5432280372247 299.4520050463276 0
v 293.54693167160707 223.05683122603443 0
v 297.55063530598943 146.66165740574132 0
v 301.55433894037185 70.26648358544821 0
v 305.5580425747542 -6.128690234844953 0
v 305.5580425747542 -6.1286902348449495 0
v 306.86514894510094 -6.060187615435879 0
v 308.1722553154476 -5.99168499602681 0
v 309.4793616857943 -5.92318237661774 0
v 310.786468056141 -5.85467975720867 0
v 312.09357442648775 -5.7861771377996 0
v 313.4006807968344 -5.71767451839053 0
v 314.7077871671811 -5.649171898981461 0
v 316.0148935375278 -5.5806692795723905 0
v 316.0148935375278 -5.5806692795723905 0
v 312.01119140314586 70.81450694072142 0
v 308.00748926876395 147.20968316101522 0
v 304.003787134382 223.604859381309 0
v 300.000085 300.0000356016028 0
v 295.99638286561805 376.3952118218966 0
v 291.9926807312361 452.79038804219044 0
v 287.98897859685417 529.1855642624843 0
v 283.9852764624722 605.5807404827781 0
v 289.3208319742125 605.813720548789 0
v 288.0127281035832 605.7680380358456 0
v 286.70462423295385 605.7223555229023 0
v 285.39652036232457 605.6766730099589 0
v 284.0884164916952 605.6309904970155 0
v 282.7803126210659 605.5853079840722 0
v 281.4722087504366 605.5396254711288 0
v 280.16410487980727 605.4939429581855 0
v 278.85600100917793 605.4482604452421 0
v 278.85600100917793 605.4482604452421 0
v 281.525815015625 528.9948464084476 0
v 284.1956290220721 452.54143237165306 0
v 286.8654430285192 376.0880183348586 0
v 289.5352570349663 299.63460429806406 0
v 292.20507104141336 223.18119026126953 0
v 294.87488504786046 146.72777622447506 0
v 297.54469905430756 70.27436218768048 0
v 300.21451306075465 -6.179051849113989 0
v 300.21451306075465 -6.179051849113996 0
v 301.5226161813838 -6.1333718111713225 0
v 302.8307193020129 -6.087691773228649 0
v 304.13882242264197 -6.042011735285975 0
v 305.4469255432711 -5.996331697343301 0
v 306.75502866390025 -5.950651659400627 0
v 308.06313178452933 -5.904971621457953 0
v 309.3712349051584 -5.8592915835152795 0
v 310.67933802578756 -5.813611545572606 0
v 310.67933802578756 -5.813611545572606 0
v 308.00952476934066 70.63980496622258 0
v 305.3397115128938 147.0932214780178 0
v 302.6698982564469 223.546637989813 0
v 300.000085 300.0000545016082 0
v 297.33027174355317 376.4534710134034 0
v 294.66045848710627 452.9068875251986 0
v 291.9906452306594 529.3603040369937 0
v 289.3208319742125 605.813720548789 0
v 294.659603486864 605.9534605883821 0
v 293.3509018660653 605.9306155819094 0
v 292.0422002452666 605.9077705754366 0
v 290.7334986244679 605.8849255689638 0
v 289.42479700366925 605.8620805624911 0
v 288.1160953828706 605.8392355560184 0
v 286.8073937620719 605.8163905495455 0
v 285.4986921412732 605.7935455430728 0
v 284.1899905204745 605.7707005366001 0
v 284.1899905204745 605.7707005366001 0
v 285.5251003987555 529.2823357399029 0
v 286.8602102770366 452.79397094320564 0
v 288.19532015531763 376.3056061465084 0
v 289.53043003359863 299.8172413498112 0
v 290.86553991187964 223.32887655311396 0
v 292.2006497901607 146.84051175641673 0
v 293.53575966844176 70.35214695971945 0
v 294.87086954672276 -6.136217836977721 0
v 294.87086954672276 -6.136217836977728 0
v 296.17957041752123 -6.113374330505403 0
v 297.4882712883197 -6.0905308240330776 0
v 298.7969721591182 -6.067687317560752 0
v 300.10567302991666 -6.044843811088427 0
v 301.41437390071513 -6.0220003046161015 0
v 302.7230747715136 -5.999156798143776 0
v 304.0317756423121 -5.976313291671451 0
v 305.34047651311056 -5.953469785199125 0
v 305.34047651311056 -5.953469785199125 0
v 304.00536738482975 70.53489651149852 0
v 302.6702582565489 147.02326280819616 0
v 301.3351491282681 223.5116291048938 0
v 300.0000399999873 299.9999954015915 0
v 298.6649308717065 376.48836169828917 0
v 297.32982174342567 452.9767279949868 0
v 295.9947126151448 529.4650942916844 0
v 294.659603486864 605.9534605883821 0
v 300.00003699998643 606.000080601591 0
v 298.69113587913125 606.000080601591 0
v 297.382234758276 606.000080601591 0
v 296.0733336374208 606.000080601591 0
v 294.7644325165656 606.000080601591 0
v 293.4555313957104 606.000080601591 0
v 292.14663027485517 606.000080601591 0
v 290.83772915399993 606.000080601591 0
v 289.52882803314475 606.000080601591 0
v 289.52882803314475 606.000080601591 0
v 289.52882803314475 529.5000634265923 0
v 289.52882803314475 453.0000462515935 0
v 289.52882803314475 376.5000290765948 0
v 289.52882803314475 300.00001190159605 0
v 289.52882803314475 223.49999472659732 0
v 289.52882803314475 146.9999775515986 0
v 289.52882803314475 70.4999603765998 0
v 289.52882803314475 -6.000056798398873 0
v 289.52882803314475 -6.00005679839883 0
v 290.83772840399973 -6.00005679839883 0
v 292.1466287748548 -6.00005679839883 0
v 293.45552914570976 -6.00005679839883 0
v 294.76442951656475 -6.00005679839883 0
v 296.07332988741973 -6.00005679839883 0
v 297.3822302582747 -6.00005679839883 0
v 298.69113062912976 -6.00005679839883 0
v 300.00003099998474 -6.00005679839883 0
v 300.00003099998474 -6.00005679839883 0
v 300.00003174998494 70.4999603765999 0
v 300.0000324999852 146.99997755159865 0
v 300.0000332499854 223.49999472659738 0
v 300.0000339999856 300.0000119015961 0
v 300.0000347499858 376.50002907659484 0
v 300.000035499986 453.0000462515936 0
v 300.00003624998624 529.5000634265923 0
v 300.00003699998643 606.000080601591 0
l 1 2
l 2 3
l 3 4
l 4 5
l 5 6
l 6 7
l 7 8
l 8 9
l 9 10
l 10 11
l 11 12
l 12 13
l 13 14
l 14 15
l 15 16
l 16 17
l 18 19
l 19 20
l 20 21
l 21 22
l 22 23
l 23 24
l 24 25
l 25 26
l 26 27
l 27 28
l 28 29
l 29 30
l 30 31
l 31 32
l 32 33
l 33 34
l 35 36
l 36 37
l 37 38
l 38 39
l 39 40
l 40 41
l 41 42
l 42 43
l 43 44
l 44 45
l 45 46
l 46 47
l 47 48
l 48 49
l 49 50
l 50 51
l 52 53
l 53 54
l 54 55
l 55 56
l 56 57
l 57 58
l 58 59
l 59 60
l 60 61
l 61 62
l 62 63
l 63 64
l 64 65
l 65 66
l 66 67
l 67 68
l 69 70
l 70 71
l 71 72
l 72 73
l 73 74
l 74 75
l 75 76
l 76 77
l 77 78
l 78 79
l 79 80
l 80 81
l 81 82
l 82 83
l 83 84
l 84 85
l 86 87
l 87 88
l 88 89
l 89 90
l 90 91
l 91 92
l 92 93
l 93 94
l 94 95
l 95 96
l 96 97
l 97 98
l 98 99
l 99 100
l 100 101
l 101 102
l 103 104
l 104 105
l 105 106
l 106 107
l 107 108
l 108 109
l 109 110
l 110 111
l 111 112
l 112 113
l 113 114
l 114 115
l 115 116
l 116 117
l 117 118
l 118 119
l 120 121
l 121 122
l 122 123
l 123 124
l 124 125
l 125 126
l 126 127
l 127 128
l 128 129
l 129 130
l 130 131
l 131 132
l 132 133
l 133 134
l 134 135
l 135 136
l 137 138
l 138 139
l 139 140
l 140 141
l 141 142
l 142 143
l 143 144
l 144 145
l 145 146
l 146 147
l 147 148
l 148 149
l 149 150
l 150 151
l 151 152
l 152 153
l 154 155
l 155 156
l 156 157
l 157 158
l 158 159
l 159 160
l 160 161
l 161 162
l 162 163
l 163 164
l 164 165
l 165 166
l 166 167
l 167 168
l 168 169
l 169 170
l 171 172
l 172 173
l 173 174
l 174 175
l 175 176
l 176 177
l 177 178
l 178 179
l 179 180
l 180 181
l 181 182
l 182 183
l 183 184
l 184 185
l 185 186
l 186 187
l 188 189
l 189 190
l 190 191
l 191 192
l 192 193
l 193 194
l 194 195
l 195 196
l 196 197
l 197 198
l 198 199
l 199 200
l 200 201
l 201 202
l 202 203
l 203 204

l 205 206
l 206 207
l 207 208
l 208 209
l 209 210
l 210 211
l 211 212
l 212 213
l 214 215
l 215 216
l 216 217
l 217 218
l 218 219
l 219 220
l 220 221
l 221 222
l 223 224
l 224 225
l 225 226
l 226 227
l 227 228
l 228 229
l 229 230
l 230 231
l 232 233
l 233 234
l 234 235
l 235 236
l 236 237
l 237 238
l 238 239
l 239 240

l 241 242
l 242 243
l 243 244
l 244 245
l 245 246
l 246 247
l 247 248
l 248 249
l 250 251
l 251 252
l 252 253
l 253 254
l 254 255
l 255 256
l 256 257
l 257 258
l 259 260
l 260 261
l 261 262
l 262 263
l 263 264
l 264 265
l 265 266
l 266 267
l 268 269
l 269 270
l 270 271
l 271 272
l 272 273
l 273 274
l 274 275
l 275 276

l 277 278
l 278 279
l 279 280
l 280 281
l 281 282
l 282 283
l 283 284
l 284 285
l 286 287
l 287 288
l 288 289
l 289 290
l 290 291
l 291 292
l 292 293
l 293 294
l 295 296
l 296 297
l 297 298
l 298 299
l 299 300
l 300 301
l 301 302
l 302 303
l 304 305
l 305 306
l 306 307
l 307 308
l 308 309
l 309 310
l 310 311
l 311 312

l 313 314
l 314 315
l 315 316
l 316 317
l 317 318
l 318 319
l 319 320
l 320 321
l 322 323
l 323 324
l 324 325
l 325 326
l 326 327
l 327 328
l 328 329
l 329 330
l 331 332
l 332 333
l 333 334
l 334 335
l 335 336
l 336 337
l 337 338
l 338 339
l 340 341
l 341 342
l 342 343
l 343 344
l 344 345
l 345 346
l 346 347
l 347 348

l 349 350
l 350 351
l 351 352
l 352 353
l 353 354
l 354 355
l 355 356
l 356 357
l 358 359
l 359 360
l 360 361
l 361 362
l 362 363
l 363 364
l 364 365
l 365 366
l 367 368
l 368 369
l 369 370
l 370 371
l 371 372
l 372 373
l 373 374
l 374 375
l 376 377
l 377 378
l 378 379
l 379 380
l 380 381
l 381 382
l 382 383
l 383 384

l 385 386
l 386 387
l 387 388
l 388 389
l 389 390
l 390 391
l 391 392
l 392 393
l 394 395
l 395 396
l 396 397
l 397 398
l 398 399
l 399 400
l 400 401
l 401 402
l 403 404
l 404 405
l 405 406
l 406 407
l 407 408
l 408 409
l 409 410
l 410 411
l 412 413
l 413 414
l 414 415
l 415 416
l 416 417
l 417 418
l 418 419
l 419 420

l 421 422
l 422 423
l 423 424
l 424 425
l 425 426
l 426 427
l 427 428
l 428 429
l 430 431
l 431 432
l 432 433
l 433 434
l 434 435
l 435 436
l 436 437
l 437 438
l 439 440
l 440 441
l 441 442
l 442 443
l 443 444
l 444 445
l 445 446
l 446 447
l 448 449
l 449 450
l 450 451
l 451 452
l 452 453
l 453 454
l 454 455
l 455 456

l 457 458
l 458 459
l 459 460
l 460 461
l 461 462
l 462 463
l 463 464
l 464 465
l 466 467
l 467 468
l 468 469
l 469 470
l 470 471
l 471 472
l 472 473
l 473 474
l 475 476
l 476 477
l 477 478
l 478 479
l 479 480
l 480 481
l 481 482
l 482 483
l 484 485
l 485 486
l 486 487
l 487 488
l 488 489
l 489 490
l 490 491
l 491 492

l 493 494
l 494 495
l 495 496
l 496 497
l 497 498
l 498 499
l 499 500
l 500 501
l 502 503
l 503 504
l 504 505
l 505 506
l 506 507
l 507 508
l 508 509
l 509 510
l 511 512
l 512 513
l 513 514
l 514 515
l 515 516
l 516 517
l 517 518
l 518 519
l 520 521
l 521 522
l 522 523
l 523 524
l 524 525
l 525 526
l 526 527
l 527 528

l 529 530
l 530 531
l 531 532
l 532 533
l 533 534
l 534 535
l 535 536
l 536 537
l 538 539
l 539 540
l 540 541
l 541 542
l 542 543
l 543 544
l 544 545
l 545 546
l 547 548
l 548 549
l 549 550
l 550 551
l 551 552
l 552 553
l 553 554
l 554 555
l 556 557
l 557 558
l 558 559
l 559 560
l 560 561
l 561 562
l 562 563
l 563 564

l 565 566
l 566 567
l 567 568
l 568 569
l 569 570
l 570 571
l 571 572
l 572 573
l 574 575
l 575 576
l 576 577
l 577 578
l 578 579
l 579 580
l 580 581
l 581 582
l 583 584
l 584 585
l 585 586
l 586 587
l 587 588
l 588 589
l 589 590
l 590 591
l 592 593
l 593 594
l 594 595
l 595 596
l 596 597
l 597 598
l 598 599
l 599 600

l 601 602
l 602 603
l 603 604
l 604 605
l 605 606
l 606 607
l 607 608
l 608 609
l 610 611
l 611 612
l 612 613
l 613 614
l 614 615
l 615 616
l 616 617
l 617 618
l 619 620
l 620 621
l 621 622
l 622 623
l 623 624
l 624 625
l 625 626
l 626 627
l 628 629
l 629 630
l 630 631
l 631 632
l 632 633
l 633 634
l 634 635
l 635 636

l 637 638
l 638 639
l 639 640
l 640 641
l 641 642
l 642 643
l 643 644
l 644 645
l 646 647
l 647 648
l 648 649
l 649 650
l 650 651
l 651 652
l 652 653
l 653 654
l 655 656
l 656 657
l 657 658
l 658 659
l 659 660
l 660 661
l 661 662
l 662 663
l 664 665
l 665 666
l 666 667
l 667 668
l 668 669
l 669 670
l 670 671
l 671 672

l 673 674
l 674 675
l 675 676
l 676 677
l 677 678
l 678 679
l 679 680
l 680 681
l 682 683
l 683 684
l 684 685
l 685 686
l 686 687
l 687 688
l 688 689
l 689 690
l 691 692
l 692 693
l 693 694
l 694 695
l 695 696
l 696 697
l 697 698
l 698 699
l 700 701
l 701 702
l 702 703
l 703 704
l 704 705
l 705 706
l 706 707
l 707 708

l 709 710
l 710 711
l 711 712
l 712 713
l 713 714
l 714 715
l 715 716
l 716 717
l 718 719
l 719 720
l 720 721
l 721 722
l 722 723
l 723 724
l 724 725
l 725 726
l 727 728
l 728 729
l 729 730
l 730 731
l 731 732
l 732 733
l 733 734
l 734 735
l 736 737
l 737 738
l 738 739
l 739 740
l 740 741
l 741 742
l 742 743
l 743 744

l 745 746
l 746 747
l 747 748
l 748 749
l 749 750
l 750 751
l 751 752
l 752 753
l 754 755
l 755 756
l 756 757
l 757 758
l 758 759
l 759 760
l 760 761
l 761 762
l 763 764
l 764 765
l 765 766
l 766 767
l 767 768
l 768 769
l 769 770
l 770 771
l 772 773
l 773 774
l 774 775
l 775 776
l 776 777
l 777 778
l 778 779
l 779 780

l 781 782
l 782 783
l 783 784
l 784 785
l 785 786
l 786 787
l 787 788
l 788 789
l 790 791
l 791 792
l 792 793
l 793 794
l 794 795
l 795 796
l 796 797
l 797 798
l 799 800
l 800 801
l 801 802
l 802 803
l 803 804
l 804 805
l 805 806
l 806 807
l 808 809
l 809 810
l 810 811
l 811 812
l 812 813
l 813 814
l 814 815
l 815 816

l 817 818
l 818 819
l 819 820
l 820 821
l 821 822
l 822 823
l 823 824
l 824 825
l 826 827
l 827 828
l 828 829
l 829 830
l 830 831
l 831 832
l 832 833
l 833 834
l 835 836
l 836 837
l 837 838
l 838 839
l 839 840
l 840 841
l 841 842
l 842 843
l 844 845
l 845 846
l 846 847
l 847 848
l 848 849
l 849 850
l 850 851
l 851 852

l 853 854
l 854 855
l 855 856
l 856 857
l 857 858
l 858 859
l 859 860
l 860 861
l 862 863
l 863 864
l 864 865
l 865 866
l 866 867
l 867 868
l 868 869
l 869 870
l 871 872
l 872 873
l 873 874
l 874 875
l 875 876
l 876 877
l 877 878
l 878 879
l 880 881
l 881 882
l 882 883
l 883 884
l 884 885
l 885 886
l 886 887
l 887 888

l 889 890
l 890 891
l 891 892
l 892 893
l 893 894
l 894 895
l 895 896
l 896 897
l 898 899
l 899 900
l 900 901
l 901 902
l 902 903
l 903 904
l 904 905
l 905 906
l 907 908
l 908 909
l 909 910
l 910 911
l 911 912
l 912 913
l 913 914
l 914 915
l 916 917
l 917 918
l 918 919
l 919 920
l 920 921
l 921 922
l 922 923
l 923 924

l 925 926
l 926 927
l 927 928
l 928 929
l 929 930
l 930 931
l 931 932
l 932 933
l 934 935
l 935 936
l 936 937
l 937 938
l 938 939
l 939 940
l 940 941
l 941 942
l 943 944
l 944 945
l 945 946
l 946 947
l 947 948
l 948 949
l 949 950
l 950 951
l 952 953
l 953 954
l 954 955
l 955 956
l 956 957
l 957 958
l 958 959
l 959 960

l 961 962
l 962 963
l 963 964
l 964 965
l 965 966
l 966 967
l 967 968
l 968 969
l 970 971
l 971 972
l 972 973
l 973 974
l 974 975
l 975 976
l 976 977
l 977 978
l 979 980
l 980 981
l 981 982
l 982 983
l 983 984
l 984 985
l 985 986
l 986 987
l 988 989
l 989 990
l 990 991
l 991 992
l 992 993
l 993 994
l 994 995
l 995 996

l 997 998
l 998 999
l 999 1000
l 1000 1001
l 1001 1002
l 1002 1003
l 1003 1004
l 1004 1005
l 1006 1007
l 1007 1008
l 1008 1009
l 1009 1010
l 1010 1011
l 1011 1012
l 1012 1013
l 1013 1014
l 1015 1016
l 1016 1017
l 1017 1018
l 1018 1019
l 1019 1020
l 1020 1021
l 1021 1022
l 1022 1023
l 1024 1025
l 1025 1026
l 1026 1027
l 1027 1028
l 1028 1029
l 1029 1030
l 1030 1031
l 1031 1032

l 1033 1034
l 1034 1035
l 1035 1036
l 1036 1037
l 1037 1038
l 1038 1039
l 1039 1040
l 1040 1041
l 1042 1043
l 1043 1044
l 1044 1045
l 1045 1046
l 1046 1047
l 1047 1048
l 1048 1049
l 1049 1050
l 1051 1052
l 1052 1053
l 1053 1054
l 1054 1055
l 1055 1056
l 1056 1057
l 1057 1058
l 1058 1059
l 1060 1061
l 1061 1062
l 1062 1063
l 1063 1064
l 1064 1065
l 1065 1066
l 1066 1067
l 1067 1068

l 1069 1070
l 1070 1071
l 1071 1072
l 1072 1073
l 1073 1074
l 1074 1075
l 1075 1076
l 1076 1077
l 1078 1079
l 1079 1080
l 1080 1081
l 1081 1082
l 1082 1083
l 1083 1084
l 1084 1085
l 1085 1086
l 1087 1088
l 1088 1089
l 1089 1090
l 1090 1091
l 1091 1092
l 1092 1093
l 1093 1094
l 1094 1095
l 1096 1097
l 1097 1098
l 1098 1099
l 1099 1100
l 1100 1101
l 1101 1102
l 1102 1103
l 1103 1104

l 1105 1106
l 1106 1107
l 1107 1108
l 1108 1109
l 1109 1110
l 1110 1111
l 1111 1112
l 1112 1113
l 1114 1115
l 1115 1116
l 1116 1117
l 1117 1118
l 1118 1119
l 1119 1120
l 1120 1121
l 1121 1122
l 1123 1124
l 1124 1125
l 1125 1126
l 1126 1127
l 1127 1128
l 1128 1129
l 1129 1130
l 1130 1131
l 1132 1133
l 1133 1134
l 1134 1135
l 1135 1136
l 1136 1137
l 1137 1138
l 1138 1139
l 1139 1140

l 1141 1142
l 1142 1143
l 1143 1144
l 1144 1145
l 1145 1146
l 1146 1147
l 1147 1148
l 1148 1149
l 1150 1151
l 1151 1152
l 1152 1153
l 1153 1154
l 1154 1155
l 1155 1156
l 1156 1157
l 1157 1158
l 1159 1160
l 1160 1161
l 1161 1162
l 1162 1163
l 1163 1164
l 1164 1165
l 1165 1166
l 1166 1167
l 1168 1169
l 1169 1170
l 1170 1171
l 1171 1172
l 1172 1173
l 1173 1174
l 1174 1175
l 1175 1176

l 1177 1178
l 1178 1179
l 1179 1180
l 1180 1181
l 1181 1182
l 1182 1183
l 1183 1184
l 1184 1185
l 1186 1187
l 1187 1188
l 1188 1189
l 1189 1190
l 1190 1191
l 1191 1192
l 1192 1193
l 1193 1194
l 1195 1196
l 1196 1197
l 1197 1198
l 1198 1199
l 1199 1200
l 1200 1201
l 1201 1202
l 1202 1203
l 1204 1205
l 1205 1206
l 1206 1207
l 1207 1208
l 1208 1209
l 1209 1210
l 1210 1211
l 1211 1212

l 1213 1214
l 1214 1215
l 1215 1216
l 1216 1217
l 1217 1218
l 1218 1219
l 1219 1220
l 1220 1221
l 1222 1223
l 1223 1224
l 1224 1225
l 1225 1226
l 1226 1227
l 1227 1228
l 1228 1229
l 1229 1230
l 1231 1232
l 1232 1233
l 1233 1234
l 1234 1235
l 1235 1236
l 1236 1237
l 1237 1238
l 1238 1239
l 1240 1241
l 1241 1242
l 1242 1243
l 1243 1244
l 1244 1245
l 1245 1246
l 1246 1247
l 1247 1248

l 1249 1250
l 1250 1251
l 1251 1252
l 1252 1253
l 1253 1254
l 1254 1255
l 1255 1256
l 1256 1257
l 1258 1259
l 1259 1260
l 1260 1261
l 1261 1262
l 1262 1263
l 1263 1264
l 1264 1265
l 1265 1266
l 1267 1268
l 1268 1269
l 1269 1270
l 1270 1271
l 1271 1272
l 1272 1273
l 1273 1274
l 1274 1275
l 1276 1277
l 1277 1278
l 1278 1279
l 1279 1280
l 1280 1281
l 1281 1282
l 1282 1283
l 1283 1284

l 1285 1286
l 1286 1287
l 1287 1288
l 1288 1289
l 1289 1290
l 1290 1291
l 1291 1292
l 1292 1293
l 1294 1295
l 1295 1296
l 1296 1297
l 1297 1298
l 1298 1299
l 1299 1300
l 1300 1301
l 1301 1302
l 1303 1304
l 1304 1305
l 1305 1306
l 1306 1307
l 1307 1308
l 1308 1309
l 1309 1310
l 1310 1311
l 1312 1313
l 1313 1314
l 1314 1315
l 1315 1316
l 1316 1317
l 1317 1318
l 1318 1319
l 1319 1320

l 1321 1322
l 1322 1323
l 1323 1324
l 1324 1325
l 1325 1326
l 1326 1327
l 1327 1328
l 1328 1329
l 1330 1331
l 1331 1332
l 1332 1333
l 1333 1334
l 1334 1335
l 1335 1336
l 1336 1337
l 1337 1338
l 1339 1340
l 1340 1341
l 1341 1342
l 1342 1343
l 1343 1344
l 1344 1345
l 1345 1346
l 1346 1347
l 1348 1349
l 1349 1350
l 1350 1351
l 1351 1352
l 1352 1353
l 1353 1354
l 1354 1355
l 1355 1356

l 1357 1358
l 1358 1359
l 1359 1360
l 1360 1361
l 1361 1362
l 1362 1363
l 1363 1364
l 1364 1365
l 1366 1367
l 1367 1368
l 1368 1369
l 1369 1370
l 1370 1371
l 1371 1372
l 1372 1373
l 1373 1374
l 1375 1376
l 1376 1377
l 1377 1378
l 1378 1379
l 1379 1380
l 1380 1381
l 1381 1382
l 1382 1383
l 1384 1385
l 1385 1386
l 1386 1387
l 1387 1388
l 1388 1389
l 1389 1390
l 1390 1391
l 1391 1392

l 1393 1394
l 1394 1395
l 1395 1396
l 1396 1397
l 1397 1398
l 1398 1399
l 1399 1400
l 1400 1401
l 1402 1403
l 1403 1404
l 1404 1405
l 1405 1406
l 1406 1407
l 1407 1408
l 1408 1409
l 1409 1410
l 1411 1412
l 1412 1413
l 1413 1414
l 1414 1415
l 1415 1416
l 1416 1417
l 1417 1418
l 1418 1419
l 1420 1421
l 1421 1422
l 1422 1423
l 1423 1424
l 1424 1425
l 1425 1426
l 1426 1427
l 1427 1428

l 1429 1430
l 1430 1431
l 1431 1432
l 1432 1433
l 1433 1434
l 1434 1435
l 1435 1436
l 1436 1437
l 1438 1439
l 1439 1440
l 1440 1441
l 1441 1442
l 1442 1443
l 1443 1444
l 1444 1445
l 1445 1446
l 1447 1448
l 1448 1449
l 1449 1450
l 1450 1451
l 1451 1452
l 1452 1453
l 1453 1454
l 1454 1455
l 1456 1457
l 1457 1458
l 1458 1459
l 1459 1460
l 1460 1461
l 1461 1462
l 1462 1463
l 1463 1464

l 1465 1466
l 1466 1467
l 1467 1468
l 1468 1469
l 1469 1470
l 1470 1471
l 1471 1472
l 1472 1473
l 1474 1475
l 1475 1476
l 1476 1477
l 1477 1478
l 1478 1479
l 1479 1480
l 1480 1481
l 1481 1482
l 1483 1484
l 1484 1485
l 1485 1486
l 1486 1487
l 1487 1488
l 1488 1489
l 1489 1490
l 1490 1491
l 1492 1493
l 1493 1494
l 1494 1495
l 1495 1496
l 1496 1497
l 1497 1498
l 1498 1499
l 1499 1500

l 1501 1502
l 1502 1503
l 1503 1504
l 1504 1505
l 1505 1506
l 1506 1507
l 1507 1508
l 1508 1509
l 1510 1511
l 1511 1512
l 1512 1513
l 1513 1514
l 1514 1515
l 1515 1516
l 1516 1517
l 1517 1518
l 1519 1520
l 1520 1521
l 1521 1522
l 1522 1523
l 1523 1524
l 1524 1525
l 1525 1526
l 1526 1527
l 1528 1529
l 1529 1530
l 1530 1531
l 1531 1532
l 1532 1533
l 1533 1534
l 1534 1535
l 1535 1536

l 1537 1538
l 1538 1539
l 1539 1540
l 1540 1541
l 1541 1542
l 1542 1543
l 1543 1544
l 1544 1545
l 1546 1547
l 1547 1548
l 1548 1549
l 1549 1550
l 1550 1551
l 1551 1552
l 1552 1553
l 1553 1554
l 1555 1556
l 1556 1557
l 1557 1558
l 1558 1559
l 1559 1560
l 1560 1561
l 1561 1562
l 1562 1563
l 1564 1565
l 1565 1566
l 1566 1567
l 1567 1568
l 1568 1569
l 1569 1570
l 1570 1571
l 1571 1572

l 1573 1574
l 1574 1575
l 1575 1576
l 1576 1577
l 1577 1578
l 1578 1579
l 1579 1580
l 1580 1581
l 1582 1583
l 1583 1584
l 1584 1585
l 1585 1586
l 1586 1587
l 1587 1588
l 1588 1589
l 1589 1590
l 1591 1592
l 1592 1593
l 1593 1594
l 1594 1595
l 1595 1596
l 1596 1597
l 1597 1598
l 1598 1599
l 1600 1601
l 1601 1602
l 1602 1603
l 1603 1604
l 1604 1605
l 1605 1606
l 1606 1607
l 1607 1608

l 1609 1610
l 1610 1611
l 1611 1612
l 1612 1613
l 1613 1614
l 1614 1615
l 1615 1616
l 1616 1617
l 1618 1619
l 1619 1620
l 1620 1621
l 1621 1622
l 1622 1623
l 1623 1624
l 1624 1625
l 1625 1626
l 1627 1628
l 1628 1629
l 1629 1630
l 1630 1631
l 1631 1632
l 1632 1633
l 1633 1634
l 1634 1635
l 1636 1637
l 1637 1638
l 1638 1639
l 1639 1640
l 1640 1641
l 1641 1642
l 1642 1643
l 1643 1644

l 1645 1646
l 1646 1647
l 1647 1648
l 1648 1649
l 1649 1650
l 1650 1651
l 1651 1652
l 1652 1653
l 1654 1655
l 1655 1656
l 1656 1657
l 1657 1658
l 1658 1659
l 1659 1660
l 1660 1661
l 1661 1662
l 1663 1664
l 1664 1665
l 1665 1666
l 1666 1667
l 1667 1668
l 1668 1669
l 1669 1670
l 1670 1671
l 1672 1673
l 1673 1674
l 1674 1675
l 1675 1676
l 1676 1677
l 1677 1678
l 1678 1679
l 1679 1680

l 1681 1682
l 1682 1683
l 1683 1684
l 1684 1685
l 1685 1686
l 1686 1687
l 1687 1688
l 1688 1689
l 1690 1691
l 1691 1692
l 1692 1693
l 1693 1694
l 1694 1695
l 1695 1696
l 1696 1697
l 1697 1698
l 1699 1700
l 1700 1701
l 1701 1702
l 1702 1703
l 1703 1704
l 1704 1705
l 1705 1706
l 1706 1707
l 1708 1709
l 1709 1710
l 1710 1711
l 1711 1712
l 1712 1713
l 1713 1714
l 1714 1715
l 1715 1716

l 1717 1718
l 1718 1719
l 1719 1720
l 1720 1721
l 1721 1722
l 1722 1723
l 1723 1724
l 1724 1725
l 1726 1727
l 1727 1728
l 1728 1729
l 1729 1730
l 1730 1731
l 1731 1732
l 1732 1733
l 1733 1734
l 1735 1736
l 1736 1737
l 1737 1738
l 1738 1739
l 1739 1740
l 1740 1741
l 1741 1742
l 1742 1743
l 1744 1745
l 1745 1746
l 1746 1747
l 1747 1748
l 1748 1749
l 1749 1750
l 1750 1751
l 1751 1752

l 1753 1754
l 1754 1755
l 1755 1756
l 1756 1757
l 1757 1758
l 1758 1759
l 1759 1760
l 1760 1761
l 1762 1763
l 1763 1764
l 1764 1765
l 1765 1766
l 1766 1767
l 1767 1768
l 1768 1769
l 1769 1770
l 1771 1772
l 1772 1773
l 1773 1774
l 1774 1775
l 1775 1776
l 1776 1777
l 1777 1778
l 1778 1779
l 1780 1781
l 1781 1782
l 1782 1783
l 1783 1784
l 1784 1785
l 1785 1786
l 1786 1787
l 1787 1788

l 1789 1790
l 1790 1791
l 1791 1792
l 1792 1793
l 1793 1794
l 1794 1795
l 1795 1796
l 1796 1797
l 1798 1799
l 1799 1800
l 1800 1801
l 1801 1802
l 1802 1803
l 1803 1804
l 1804 1805
l 1805 1806
l 1807 1808
l 1808 1809
l 1809 1810
l 1810 1811
l 1811 1812
l 1812 1813
l 1813 1814
l 1814 1815
l 1816 1817
l 1817 1818
l 1818 1819
l 1819 1820
l 1820 1821
l 1821 1822
l 1822 1823
l 1823 1824

l 1825 1826
l 1826 1827
l 1827 1828
l 1828 1829
l 1829 1830
l 1830 1831
l 1831 1832
l 1832 1833
l 1834 1835
l 1835 1836
l 1836 1837
l 1837 1838
l 1838 1839
l 1839 1840
l 1840 1841
l 1841 1842
l 1843 1844
l 1844 1845
l 1845 1846
l 1846 1847
l 1847 1848
l 1848 1849
l 1849 1850
l 1850 1851
l 1852 1853
l 1853 1854
l 1854 1855
l 1855 1856
l 1856 1857
l 1857 1858
l 1858 1859
l 1859 1860

l 1861 1862
l 1862 1863
l 1863 1864
l 1864 1865
l 1865 1866
l 1866 1867
l 1867 1868
l 1868 1869
l 1870 1871
l 1871 1872
l 1872 1873
l 1873 1874
l 1874 1875
l 1875 1876
l 1876 1877
l 1877 1878
l 1879 1880
l 1880 1881
l 1881 1882
l 1882 1883
l 1883 1884
l 1884 1885
l 1885 1886
l 1886 1887
l 1888 1889
l 1889 1890
l 1890 1891
l 1891 1892
l 1892 1893
l 1893 1894
l 1894 1895
l 1895 1896

l 1897 1898
l 1898 1899
l 1899 1900
l 1900 1901
l 1901 1902
l 1902 1903
l 1903 1904
l 1904 1905
l 1906 1907
l 1907 1908
l 1908 1909
l 1909 1910
l 1910 1911
l 1911 1912
l 1912 1913
l 1913 1914
l 1915 1916
l 1916 1917
l 1917 1918
l 1918 1919
l 1919 1920
l 1920 1921
l 1921 1922
l 1922 1923
l 1924 1925
l 1925 1926
l 1926 1927
l 1927 1928
l 1928 1929
l 1929 1930
l 1930 1931
l 1931 1932

l 1933 1934
l 1934 1935
l 1935 1936
l 1936 1937
l 1937 1938
l 1938 1939
l 1939 1940
l 1940 1941
l 1942 1943
l 1943 1944
l 1944 1945
l 1945 1946
l 1946 1947
l 1947 1948
l 1948 1949
l 1949 1950
l 1951 1952
l 1952 1953
l 1953 1954
l 1954 1955
l 1955 1956
l 1956 1957
l 1957 1958
l 1958 1959
l 1960 1961
l 1961 1962
l 1962 1963
l 1963 1964
l 1964 1965
l 1965 1966
l 1966 1967
l 1967 1968

l 1969 1970
l 1970 1971
l 1971 1972
l 1972 1973
l 1973 1974
l 1974 1975
l 1975 1976
l 1976 1977
l 1978 1979
l 1979 1980
l 1980 1981
l 1981 1982
l 1982 1983
l 1983 1984
l 1984 1985
l 1985 1986
l 1987 1988
l 1988 1989
l 1989 1990
l 1990 1991
l 1991 1992
l 1992 1993
l 1993 1994
l 1994 1995
l 1996 1997
l 1997 1998
l 1998 1999
l 1999 2000
l 2000 2001
l 2001 2002
l 2002 2003
l 2003 2004

l 2005 2006
l 2006 2007
l 2007 2008
l 2008 2009
l 2009 2010
l 2010 2011
l 2011 2012
l 2012 2013
l 2014 2015
l 2015 2016
l 2016 2017
l 2017 2018
l 2018 2019
l 2019 2020
l 2020 2021
l 2021 2022
l 2023 2024
l 2024 2025
l 2025 2026
l 2026 2027
l 2027 2028
l 2028 2029
l 2029 2030
l 2030 2031
l 2032 2033
l 2033 2034
l 2034 2035
l 2035 2036
l 2036 2037
l 2037 2038
l 2038 2039
l 2039 2040

l 2041 2042
l 2042 2043
l 2043 2044
l 2044 2045
l 2045 2046
l 2046 2047
l 2047 2048
l 2048 2049
l 2050 2051
l 2051 2052
l 2052 2053
l 2053 2054
l 2054 2055
l 2055 2056
l 2056 2057
l 2057 2058
l 2059 2060
l 2060 2061
l 2061 2062
l 2062 2063
l 2063 2064
l 2064 2065
l 2065 2066
l 2066 2067
l 2068 2069
l 2069 2070
l 2070 2071
l 2071 2072
l 2072 2073
l 2073 2074
l 2074 2075
l 2075 2076

l 2077 2078
l 2078 2079
l 2079 2080
l 2080 2081
l 2081 2082
l 2082 2083
l 2083 2084
l 2084 2085
l 2086 2087
l 2087 2088
l 2088 2089
l 2089 2090
l 2090 2091
l 2091 2092
l 2092 2093
l 2093 2094
l 2095 2096
l 2096 2097
l 2097 2098
l 2098 2099
l 2099 2100
l 2100 2101
l 2101 2102
l 2102 2103
l 2104 2105
l 2105 2106
l 2106 2107
l 2107 2108
l 2108 2109
l 2109 2110
l 2110 2111
l 2111 2112

l 2113 2114
l 2114 2115
l 2115 2116
l 2116 2117
l 2117 2118
l 2118 2119
l 2119 2120
l 2120 2121
l 2122 2123
l 2123 2124
l 2124 2125
l 2125 2126
l 2126 2127
l 2127 2128
l 2128 2129
l 2129 2130
l 2131 2132
l 2132 2133
l 2133 2134
l 2134 2135
l 2135 2136
l 2136 2137
l 2137 2138
l 2138 2139
l 2140 2141
l 2141 2142
l 2142 2143
l 2143 2144
l 2144 2145
l 2145 2146
l 2146 2147
l 2147 2148

l 2149 2150
l 2150 2151
l 2151 2152
l 2152 2153
l 2153 2154
l 2154 2155
l 2155 2156
l 2156 2157
l 2158 2159
l 2159 2160
l 2160 2161
l 2161 2162
l 2162 2163
l 2163 2164
l 2164 2165
l 2165 2166
l 2167 2168
l 2168 2169
l 2169 2170
l 2170 2171
l 2171 2172
l 2172 2173
l 2173 2174
l 2174 2175
l 2176 2177
l 2177 2178
l 2178 2179
l 2179 2180
l 2180 2181
l 2181 2182
l 2182 2183
l 2183 2184

l 2185 2186
l 2186 2187
l 2187 2188
l 2188 2189
l 2189 2190
l 2190 2191
l 2191 2192
l 2192 2193
l 2194 2195
l 2195 2196
l 2196 2197
l 2197 2198
l 2198 2199
l 2199 2200
l 2200 2201
l 2201 2202
l 2203 2204
l 2204 2205
l 2205 2206
l 2206 2207
l 2207 2208
l 2208 2209
l 2209 2210
l 2210 2211
l 2212 2213
l 2213 2214
l 2214 2215
l 2215 2216
l 2216 2217
l 2217 2218
l 2218 2219
l 2219 2220

l 2221 2222
l 2222 2223
l 2223 2224
l 2224 2225
l 2225 2226
l 2226 2227
l 2227 2228
l 2228 2229
l 2230 2231
l 2231 2232
l 2232 2233
l 2233 2234
l 2234 2235
l 2235 2236
l 2236 2237
l 2237 2238
l 2239 2240
l 2240 2241
l 2241 2242
l 2242 2243
l 2243 2244
l 2244 2245
l 2245 2246
l 2246 2247
l 2248 2249
l 2249 2250
l 2250 2251
l 2251 2252
l 2252 2253
l 2253 2254
l 2254 2255
l 2255 2256

l 2257 2258
l 2258 2259
l 2259 2260
l 2260 2261
l 2261 2262
l 2262 2263
l 2263 2264
l 2264 2265
l 2266 2267
l 2267 2268
l 2268 2269
l 2269 2270
l 2270 2271
l 2271 2272
l 2272 2273
l 2273 2274
l 2275 2276
l 2276 2277
l 2277 2278
l 2278 2279
l 2279 2280
l 2280 2281
l 2281 2282
l 2282 2283
l 2284 2285
l 2285 2286
l 2286 2287
l 2287 2288
l 2288 2289
l 2289 2290
l 2290 2291
l 2291 2292

l 2293 2294
l 2294 2295
l 2295 2296
l 2296 2297
l 2297 2298
l 2298 2299
l 2299 2300
l 2300 2301
l 2302 2303
l 2303 2304
l 2304 2305
l 2305 2306
l 2306 2307
l 2307 2308
l 2308 2309
l 2309 2310
l 2311 2312
l 2312 2313
l 2313 2314
l 2314 2315
l 2315 2316
l 2316 2317
l 2317 2318
l 2318 2319
l 2320 2321
l 2321 2322
l 2322 2323
l 2323 2324
l 2324 2325
l 2325 2326
l 2326 2327
l 2327 2328

l 2329 2330
l 2330 2331
l 2331 2332
l 2332 2333
l 2333 2334
l 2334 2335
l 2335 2336
l 2336 2337
l 2338 2339
l 2339 2340
l 2340 2341
l 2341 2342
l 2342 2343
l 2343 2344
l 2344 2345
l 2345 2346
l 2347 2348
l 2348 2349
l 2349 2350
l 2350 2351
l 2351 2352
l 2352 2353
l 2353 2354
l 2354 2355
l 2356 2357
l 2357 2358
l 2358 2359
l 2359 2360
l 2360 2361
l 2361 2362
l 2362 2363
l 2363 2364

l 2365 2366
l 2366 2367
l 2367 2368
l 2368 2369
l 2369 2370
l 2370 2371
l 2371 2372
l 2372 2373
l 2374 2375
l 2375 2376
l 2376 2377
l 2377 2378
l 2378 2379
l 2379 2380
l 2380 2381
l 2381 2382
l 2383 2384
l 2384 2385
l 2385 2386
l 2386 2387
l 2387 2388
l 2388 2389
l 2389 2390
l 2390 2391
l 2392 2393
l 2393 2394
l 2394 2395
l 2395 2396
l 2396 2397
l 2397 2398
l 2398 2399
l 2399 2400

l 2401 2402
l 2402 2403
l 2403 2404
l 2404 2405
l 2405 2406
l 2406 2407
l 2407 2408
l 2408 2409
l 2410 2411
l 2411 2412
l 2412 2413
l 2413 2414
l 2414 2415
l 2415 2416
l 2416 2417
l 2417 2418
l 2419 2420
l 2420 2421
l 2421 2422
l 2422 2423
l 2423 2424
l 2424 2425
l 2425 2426
l 2426 2427
l 2428 2429
l 2429 2430
l 2430 2431
l 2431 2432
l 2432 2433
l 2433 2434
l 2434 2435
l 2435 2436

l 2437 2438
l 2438 2439
l 2439 2440
l 2440 2441
l 2441 2442
l 2442 2443
l 2443 2444
l 2444 2445
l 2446 2447
l 2447 2448
l 2448 2449
l 2449 2450
l 2450 2451
l 2451 2452
l 2452 2453
l 2453 2454
l 2455 2456
l 2456 2457
l 2457 2458
l 2458 2459
l 2459 2460
l 2460 2461
l 2461 2462
l 2462 2463
l 2464 2465
l 2465 2466
l 2466 2467
l 2467 2468
l 2468 2469
l 2469 2470
l 2470 2471
l 2471 2472

l 2473 2474
l 2474 2475
l 2475 2476
l 2476 2477
l 2477 2478
l 2478 2479
l 2479 2480
l 2480 2481
l 2482 2483
l 2483 2484
l 2484 2485
l 2485 2486
l 2486 2487
l 2487 2488
l 2488 2489
l 2489 2490
l 2491 2492
l 2492 2493
l 2493 2494
l 2494 2495
l 2495 2496
l 2496 2497
l 2497 2498
l 2498 2499
l 2500 2501
l 2501 2502
l 2502 2503
l 2503 2504
l 2504 2505
l 2505 2506
l 2506 2507
l 2507 2508

l 2509 2510
l 2510 2511
l 2511 2512
l 2512 2513
l 2513 2514
l 2514 2515
l 2515 2516
l 2516 2517
l 2518 2519
l 2519 2520
l 2520 2521
l 2521 2522
l 2522 2523
l 2523 2524
l 2524 2525
l 2525 2526
l 2527 2528
l 2528 2529
l 2529 2530
l 2530 2531
l 2531 2532
l 2532 2533
l 2533 2534
l 2534 2535
l 2536 2537
l 2537 2538
l 2538 2539
l 2539 2540
l 2540 2541
l 2541 2542
l 2542 2543
l 2543 2544

l 2545 2546
l 2546 2547
l 2547 2548
l 2548 2549
l 2549 2550
l 2550 2551
l 2551 2552
l 2552 2553
l 2554 2555
l 2555 2556
l 2556 2557
l 2557 2558
l 2558 2559
l 2559 2560
l 2560 2561
l 2561 2562
l 2563 2564
l 2564 2565
l 2565 2566
l 2566 2567
l 2567 2568
l 2568 2569
l 2569 2570
l 2570 2571
l 2572 2573
l 2573 2574
l 2574 2575
l 2575 2576
l 2576 2577
l 2577 2578
l 2578 2579
l 2579 2580

l 2581 2582
l 2582 2583
l 2583 2584
l 2584 2585
l 2585 2586
l 2586 2587
l 2587 2588
l 2588 2589
l 2590 2591
l 2591 2592
l 2592 2593
l 2593 2594
l 2594 2595
l 2595 2596
l 2596 2597
l 2597 2598
l 2599 2600
l 2600 2601
l 2601 2602
l 2602 2603
l 2603 2604
l 2604 2605
l 2605 2606
l 2606 2607
l 2608 2609
l 2609 2610
l 2610 2611
l 2611 2612
l 2612 2613
l 2613 2614
l 2614 2615
l 2615 2616

l 2617 2618
l 2618 2619
l 2619 2620
l 2620 2621
l 2621 2622
l 2622 2623
l 2623 2624
l 2624 2625
l 2626 2627
l 2627 2628
l 2628 2629
l 2629 2630
l 2630 2631
l 2631 2632
l 2632 2633
l 2633 2634
l 2635 2636
l 2636 2637
l 2637 2638
l 2638 2639
l 2639 2640
l 2640 2641
l 2641 2642
l 2642 2643
l 2644 2645
l 2645 2646
l 2646 2647
l 2647 2648
l 2648 2649
l 2649 2650
l 2650 2651
l 2651 2652

l 2653 2654
l 2654 2655
l 2655 2656
l 2656 2657
l 2657 2658
l 2658 2659
l 2659 2660
l 2660 2661
l 2662 2663
l 2663 2664
l 2664 2665
l 2665 2666
l 2666 2667
l 2667 2668
l 2668 2669
l 2669 2670
l 2671 2672
l 2672 2673
l 2673 2674
l 2674 2675
l 2675 2676
l 2676 2677
l 2677 2678
l 2678 2679
l 2680 2681
l 2681 2682
l 2682 2683
l 2683 2684
l 2684 2685
l 2685 2686
l 2686 2687
l 2687 2688

l 2689 2690
l 2690 2691
l 2691 2692
l 2692 2693
l 2693 2694
l 2694 2695
l 2695 2696
l 2696 2697
l 2698 2699
l 2699 2700
l 2700 2701
l 2701 2702
l 2702 2703
l 2703 2704
l 2704 2705
l 2705 2706
l 2707 2708
l 2708 2709
l 2709 2710
l 2710 2711
l 2711 2712
l 2712 2713
l 2713 2714
l 2714 2715
l 2716 2717
l 2717 2718
l 2718 2719
l 2719 2720
l 2720 2721
l 2721 2722
l 2722 2723
l 2723 2724

l 2725 2726
l 2726 2727
l 2727 2728
l 2728 2729
l 2729 2730
l 2730 2731
l 2731 2732
l 2732 2733
l 2734 2735
l 2735 2736
l 2736 2737
l 2737 2738
l 2738 2739
l 2739 2740
l 2740 2741
l 2741 2742
l 2743 2744
l 2744 2745
l 2745 2746
l 2746 2747
l 2747 2748
l 2748 2749
l 2749 2750
l 2750 2751
l 2752 2753
l 2753 2754
l 2754 2755
l 2755 2756
l 2756 2757
l 2757 2758
l 2758 2759
l 2759 2760

l 2761 2762
l 2762 2763
l 2763 2764
l 2764 2765
l 2765 2766
l 2766 2767
l 2767 2768
l 2768 2769
l 2770 2771
l 2771 2772
l 2772 2773
l 2773 2774
l 2774 2775
l 2775 2776
l 2776 2777
l 2777 2778
l 2779 2780
l 2780 2781
l 2781 2782
l 2782 2783
l 2783 2784
l 2784 2785
l 2785 2786
l 2786 2787
l 2788 2789
l 2789 2790
l 2790 2791
l 2791 2792
l 2792 2793
l 2793 2794
l 2794 2795
l 2795 2796

l 2797 2798
l 2798 2799
l 2799 2800
l 2800 2801
l 2801 2802
l 2802 2803
l 2803 2804
l 2804 2805
l 2806 2807
l 2807 2808
l 2808 2809
l 2809 2810
l 2810 2811
l 2811 2812
l 2812 2813
l 2813 2814
l 2815 2816
l 2816 2817
l 2817 2818
l 2818 2819
l 2819 2820
l 2820 2821
l 2821 2822
l 2822 2823
l 2824 2825
l 2825 2826
l 2826 2827
l 2827 2828
l 2828 2829
l 2829 2830
l 2830 2831
l 2831 2832

l 2833 2834
l 2834 2835
l 2835 2836
l 2836 2837
l 2837 2838
l 2838 2839
l 2839 2840
l 2840 2841
l 2842 2843
l 2843 2844
l 2844 2845
l 2845 2846
l 2846 2847
l 2847 2848
l 2848 2849
l 2849 2850
l 2851 2852
l 2852 2853
l 2853 2854
l 2854 2855
l 2855 2856
l 2856 2857
l 2857 2858
l 2858 2859
l 2860 2861
l 2861 2862
l 2862 2863
l 2863 2864
l 2864 2865
l 2865 2866
l 2866 2867
l 2867 2868

l 2869 2870
l 2870 2871
l 2871 2872
l 2872 2873
l 2873 2874
l 2874 2875
l 2875 2876
l 2876 2877
l 2878 2879
l 2879 2880
l 2880 2881
l 2881 2882
l 2882 2883
l 2883 2884
l 2884 2885
l 2885 2886
l 2887 2888
l 2888 2889
l 2889 2890
l 2890 2891
l 2891 2892
l 2892 2893
l 2893 2894
l 2894 2895
l 2896 2897
l 2897 2898
l 2898 2899
l 2899 2900
l 2900 2901
l 2901 2902
l 2902 2903
l 2903 2904

l 2905 2906
l 2906 2907
l 2907 2908
l 2908 2909
l 2909 2910
l 2910 2911
l 2911 2912
l 2912 2913
l 2914 2915
l 2915 2916
l 2916 2917
l 2917 2918
l 2918 2919
l 2919 2920
l 2920 2921
l 2921 2922
l 2923 2924
l 2924 2925
l 2925 2926
l 2926 2927
l 2927 2928
l 2928 2929
l 2929 2930
l 2930 2931
l 2932 2933
l 2933 2934
l 2934 2935
l 2935 2936
l 2936 2937
l 2937 2938
l 2938 2939
l 2939 2940

l 2941 2942
l 2942 2943
l 2943 2944
l 2944 2945
l 2945 2946
l 2946 2947
l 2947 2948
l 2948 2949
l 2950 2951
l 2951 2952
l 2952 2953
l 2953 2954
l 2954 2955
l 2955 2956
l 2956 2957
l 2957 2958
l 2959 2960
l 2960 2961
l 2961 2962
l 2962 2963
l 2963 2964
l 2964 2965
l 2965 2966
l 2966 2967
l 2968 2969
l 2969 2970
l 2970 2971
l 2971 2972
l 2972 2973
l 2973 2974
l 2974 2975
l 2975 2976

l 2977 2978
l 2978 2979
l 2979 2980
l 2980 2981
l 2981 2982
l 2982 2983
l 2983 2984
l 2984 2985
l 2986 2987
l 2987 2988
l 2988 2989
l 2989 2990
l 2990 2991
l 2991 2992
l 2992 2993
l 2993 2994
l 2995 2996
l 2996 2997
l 2997 2998
l 2998 2999
l 2999 3000
l 3000 3001
l 3001 3002
l 3002 3003
l 3004 3005
l 3005 3006
l 3006 3007
l 3007 3008
l 3008 3009
l 3009 3010
l 3010 3011
l 3011 3012

l 3013 3014
l 3014 3015
l 3015 3016
l 3016 3017
l 3017 3018
l 3018 3019
l 3019 3020
l 3020 3021
l 3022 3023
l 3023 3024
l 3024 3025
l 3025 3026
l 3026 3027
l 3027 3028
l 3028 3029
l 3029 3030
l 3031 3032
l 3032 3033
l 3033 3034
l 3034 3035
l 3035 3036
l 3036 3037
l 3037 3038
l 3038 3039
l 3040 3041
l 3041 3042
l 3042 3043
l 3043 3044
l 3044 3045
l 3045 3046
l 3046 3047
l 3047 3048

l 3049 3050
l 3050 3051
l 3051 3052
l 3052 3053
l 3053 3054
l 3054 3055
l 3055 3056
l 3056 3057
l 3058 3059
l 3059 3060
l 3060 3061
l 3061 3062
l 3062 3063
l 3063 3064
l 3064 3065
l 3065 3066
l 3067 3068
l 3068 3069
l 3069 3070
l 3070 3071
l 3071 3072
l 3072 3073
l 3073 3074
l 3074 3075
l 3076 3077
l 3077 3078
l 3078 3079
l 3079 3080
l 3080 3081
l 3081 3082
l 3082 3083
l 3083 3084

l 3085 3086
l 3086 3087
l 3087 3088
l 3088 3089
l 3089 3090
l 3090 3091
l 3091 3092
l 3092 3093
l 3094 3095
l 3095 3096
l 3096 3097
l 3097 3098
l 3098 3099
l 3099 3100
l 3100 3101
l 3101 3102
l 3103 3104
l 3104 3105
l 3105 3106
l 3106 3107
l 3107 3108
l 3108 3109
l 3109 3110
l 3110 3111
l 3112 3113
l 3113 3114
l 3114 3115
l 3115 3116
l 3116 3117
l 3117 3118
l 3118 3119
l 3119 3120

l 3121 3122
l 3122 3123
l 3123 3124
l 3124 3125
l 3125 3126
l 3126 3127
l 3127 3128
l 3128 3129
l 3130 3131
l 3131 3132
l 3132 3133
l 3133 3134
l 3134 3135
l 3135 3136
l 3136 3137
l 3137 3138
l 3139 3140
l 3140 3141
l 3141 3142
l 3142 3143
l 3143 3144
l 3144 3145
l 3145 3146
l 3146 3147
l 3148 3149
l 3149 3150
l 3150 3151
l 3151 3152
l 3152 3153
l 3153 3154
l 3154 3155
l 3155 3156

l 3157 3158
l 3158 3159
l 3159 3160
l 3160 3161
l 3161 3162
l 3162 3163
l 3163 3164
l 3164 3165
l 3166 3167
l 3167 3168
l 3168 3169
l 3169 3170
l 3170 3171
l 3171 3172
l 3172 3173
l 3173 3174
l 3175 3176
l 3176 3177
l 3177 3178
l 3178 3179
l 3179 3180
l 3180 3181
l 3181 3182
l 3182 3183
l 3184 3185
l 3185 3186
l 3186 3187
l 3187 3188
l 3188 3189
l 3189 3190
l 3190 3191
l 3191 3192

l 3193 3194
l 3194 3195
l 3195 3196
l 3196 3197
l 3197 3198
l 3198 3199
l 3199 3200
l 3200 3201
l 3202 3203
l 3203 3204
l 3204 3205
l 3205 3206
l 3206 3207
l 3207 3208
l 3208 3209
l 3209 3210
l 3211 3212
l 3212 3213
l 3213 3214
l 3214 3215
l 3215 3216
l 3216 3217
l 3217 3218
l 3218 3219
l 3220 3221
l 3221 3222
l 3222 3223
l 3223 3224
l 3224 3225
l 3225 3226
l 3226 3227
l 3227 3228

l 3229 3230
l 3230 3231
l 3231 3232
l 3232 3233
l 3233 3234
l 3234 3235
l 3235 3236
l 3236 3237
l 3238 3239
l 3239 3240
l 3240 3241
l 3241 3242
l 3242 3243
l 3243 3244
l 3244 3245
l 3245 3246
l 3247 3248
l 3248 3249
l 3249 3250
l 3250 3251
l 3251 3252
l 3252 3253
l 3253 3254
l 3254 3255
l 3256 3257
l 3257 3258
l 3258 3259
l 3259 3260
l 3260 3261
l 3261 3262
l 3262 3263
l 3263 3264

l 3265 3266
l 3266 3267
l 3267 3268
l 3268 3269
l 3269 3270
l 3270 3271
l 3271 3272
l 3272 3273
l 3274 3275
l 3275 3276
l 3276 3277
l 3277 3278
l 3278 3279
l 3279 3280
l 3280 3281
l 3281 3282
l 3283 3284
l 3284 3285
l 3285 3286
l 3286 3287
l 3287 3288
l 3288 3289
l 3289 3290
l 3290 3291
l 3292 3293
l 3293 3294
l 3294 3295
l 3295 3296
l 3296 3297
l 3297 3298
l 3298 3299
l 3299 3300

l 3301 3302
l 3302 3303
l 3303 3304
l 3304 3305
l 3305 3306
l 3306 3307
l 3307 3308
l 3308 3309
l 3310 3311
l 3311 3312
l 3312 3313
l 3313 3314
l 3314 3315
l 3315 3316
l 3316 3317
l 3317 3318
l 3319 3320
l 3320 3321
l 3321 3322
l 3322 3323
l 3323 3324
l 3324 3325
l 3325 3326
l 3326 3327
l 3328 3329
l 3329 3330
l 3330 3331
l 3331 3332
l 3332 3333
l 3333 3334
l 3334 3335
l 3335 3336

l 3337 3338
l 3338 3339
l 3339 3340
l 3340 3341
l 3341 3342
l 3342 3343
l 3343 3344
l 3344 3345
l 3346 3347
l 3347 3348
l 3348 3349
l 3349 3350
l 3350 3351
l 3351 3352
l 3352 3353
l 3353 3354
l 3355 3356
l 3356 3357
l 3357 3358
l 3358 3359
l 3359 3360
l 3360 3361
l 3361 3362
l 3362 3363
l 3364 3365
l 3365 3366
l 3366 3367
l 3367 3368
l 3368 3369
l 3369 3370
l 3370 3371
l 3371 3372

l 3373 3374
l 3374 3375
l 3375 3376
l 3376 3377
l 3377 3378
l 3378 3379
l 3379 3380
l 3380 3381
l 3382 3383
l 3383 3384
l 3384 3385
l 3385 3386
l 3386 3387
l 3387 3388
l 3388 3389
l 3389 3390
l 3391 3392
l 3392 3393
l 3393 3394
l 3394 3395
l 3395 3396
l 3396 3397
l 3397 3398
l 3398 3399
l 3400 3401
l 3401 3402
l 3402 3403
l 3403 3404
l 3404 3405
l 3405 3406
l 3406 3407
l 3407 3408

l 3409 3410
l 3410 3411
l 3411 3412
l 3412 3413
l 3413 3414
l 3414 3415
l 3415 3416
l 3416 3417
l 3418 3419
l 3419 3420
l 3420 3421
l 3421 3422
l 3422 3423
l 3423 3424
l 3424 3425
l 3425 3426
l 3427 3428
l 3428 3429
l 3429 3430
l 3430 3431
l 3431 3432
l 3432 3433
l 3433 3434
l 3434 3435
l 3436 3437
l 3437 3438
l 3438 3439
l 3439 3440
l 3440 3441
l 3441 3442
l 3442 3443
l 3443 3444

l 3445 3446
l 3446 3447
l 3447 3448
l 3448 3449
l 3449 3450
l 3450 3451
l 3451 3452
l 3452 3453
l 3454 3455
l 3455 3456
l 3456 3457
l 3457 3458
l 3458 3459
l 3459 3460
l 3460 3461
l 3461 3462
l 3463 3464
l 3464 3465
l 3465 3466
l 3466 3467
l 3467 3468
l 3468 3469
l 3469 3470
l 3470 3471
l 3472 3473
l 3473 3474
l 3474 3475
l 3475 3476
l 3476 3477
l 3477 3478
l 3478 3479
l 3479 3480

l 3481 3482
l 3482 3483
l 3483 3484
l 3484 3485
l 3485 3486
l 3486 3487
l 3487 3488
l 3488 3489
l 3490 3491
l 3491 3492
l 3492 3493
l 3493 3494
l 3494 3495
l 3495 3496
l 3496 3497
l 3497 3498
l 3499 3500
l 3500 3501
l 3501 3502
l 3502 3503
l 3503 3504
l 3504 3505
l 3505 3506
l 3506 3507
l 3508 3509
l 3509 3510
l 3510 3511
l 3511 3512
l 3512 3513
l 3513 3514
l 3514 3515
l 3515 3516

l 3517 3518
l 3518 3519
l 3519 3520
l 3520 3521
l 3521 3522
l 3522 3523
l 3523 3524
l 3524 3525
l 3526 3527
l 3527 3528
l 3528 3529
l 3529 3530
l 3530 3531
l 3531 3532
l 3532 3533
l 3533 3534
l 3535 3536
l 3536 3537
l 3537 3538
l 3538 3539
l 3539 3540
l 3540 3541
l 3541 3542
l 3542 3543
l 3544 3545
l 3545 3546
l 3546 3547
l 3547 3548
l 3548 3549
l 3549 3550
l 3550 3551
l 3551 3552

l 3553 3554
l 3554 3555
l 3555 3556
l 3556 3557
l 3557 3558
l 3558 3559
l 3559 3560
l 3560 3561
l 3562 3563
l 3563 3564
l 3564 3565
l 3565 3566
l 3566 3567
l 3567 3568
l 3568 3569
l 3569 3570
l 3571 3572
l 3572 3573
l 3573 3574
l 3574 3575
l 3575 3576
l 3576 3577
l 3577 3578
l 3578 3579
l 3580 3581
l 3581 3582
l 3582 3583
l 3583 3584
l 3584 3585
l 3585 3586
l 3586 3587
l 3587 3588

l 3589 3590
l 3590 3591
l 3591 3592
l 3592 3593
l 3593 3594
l 3594 3595
l 3595 3596
l 3596 3597
l 3598 3599
l 3599 3600
l 3600 3601
l 3601 3602
l 3602 3603
l 3603 3604
l 3604 3605
l 3605 3606
l 3607 3608
l 3608 3609
l 3609 3610
l 3610 3611
l 3611 3612
l 3612 3613
l 3613 3614
l 3614 3615
l 3616 3617
l 3617 3618
l 3618 3619
l 3619 3620
l 3620 3621
l 3621 3622
l 3622 3623
l 3623 3624

l 3625 3626
l 3626 3627
l 3627 3628
l 3628 3629
l 3629 3630
l 3630 3631
l 3631 3632
l 3632 3633
l 3634 3635
l 3635 3636
l 3636 3637
l 3637 3638
l 3638 3639
l 3639 3640
l 3640 3641
l 3641 3642
l 3643 3644
l 3644 3645
l 3645 3646
l 3646 3647
l 3647 3648
l 3648 3649
l 3649 3650
l 3650 3651
l 3652 3653
l 3653 3654
l 3654 3655
l 3655 3656
l 3656 3657
l 3657 3658
l 3658 3659
l 3659 3660

l 3661 3662
l 3662 3663
l 3663 3664
l 3664 3665
l 3665 3666
l 3666 3667
l 3667 3668
l 3668 3669
l 3670 3671
l 3671 3672
l 3672 3673
l 3673 3674
l 3674 3675
l 3675 3676
l 3676 3677
l 3677 3678
l 3679 3680
l 3680 3681
l 3681 3682
l 3682 3683
l 3683 3684
l 3684 3685
l 3685 3686
l 3686 3687
l 3688 3689
l 3689 3690
l 3690 3691
l 3691 3692
l 3692 3693
l 3693 3694
l 3694 3695
l 3695 3696

l 3697 3698
l 3698 3699
l 3699 3700
l 3700 3701
l 3701 3702
l 3702 3703
l 3703 3704
l 3704 3705
l 3706 3707
l 3707 3708
l 3708 3709
l 3709 3710
l 3710 3711
l 3711 3712
l 3712 3713
l 3713 3714
l 3715 3716
l 3716 3717
l 3717 3718
l 3718 3719
l 3719 3720
l 3720 3721
l 3721 3722
l 3722 3723
l 3724 3725
l 3725 3726
l 3726 3727
l 3727 3728
l 3728 3729
l 3729 3730
l 3730 3731
l 3731 3732

l 3733 3734
l 3734 3735
l 3735 3736
l 3736 3737
l 3737 3738
l 3738 3739
l 3739 3740
l 3740 3741
l 3742 3743
l 3743 3744
l 3744 3745
l 3745 3746
l 3746 3747
l 3747 3748
l 3748 3749
l 3749 3750
l 3751 3752
l 3752 3753
l 3753 3754
l 3754 3755
l 3755 3756
l 3756 3757
l 3757 3758
l 3758 3759
l 3760 3761
l 3761 3762
l 3762 3763
l 3763 3764
l 3764 3765
l 3765 3766
l 3766 3767
l 3767 3768

l 3769 3770
l 3770 3771
l 3771 3772
l 3772 3773
l 3773 3774
l 3774 3775
l 3775 3776
l 3776 3777
l 3778 3779
l 3779 3780
l 3780 3781
l 3781 3782
l 3782 3783
l 3783 3784
l 3784 3785
l 3785 3786
l 3787 3788
l 3788 3789
l 3789 3790
l 3790 3791
l 3791 3792
l 3792 3793
l 3793 3794
l 3794 3795
l 3796 3797
l 3797 3798
l 3798 3799
l 3799 3800
l 3800 3801
l 3801 3802
l 3802 3803
l 3803 3804

l 3805 3806
l 3806 3807
l 3807 3808
l 3808 3809
l 3809 3810
l 3810 3811
l 3811 3812
l 3812 3813
l 3814 3815
l 3815 3816
l 3816 3817
l 3817 3818
l 3818 3819
l 3819 3820
l 3820 3821
l 3821 3822
l 3823 3824
l 3824 3825
l 3825 3826
l 3826 3827
l 3827 3828
l 3828 3829
l 3829 3830
l 3830 3831
l 3832 3833
l 3833 3834
l 3834 3835
l 3835 3836
l 3836 3837
l 3837 3838
l 3838 3839
l 3839 3840

l 3841 3842
l 3842 3843
l 3843 3844
l 3844 3845
l 3845 3846
l 3846 3847
l 3847 3848
l 3848 3849
l 3850 3851
l 3851 3852
l 3852 3853
l 3853 3854
l 3854 3855
l 3855 3856
l 3856 3857
l 3857 3858
l 3859 3860
l 3860 3861
l 3861 3862
l 3862 3863
l 3863 3864
l 3864 3865
l 3865 3866
l 3866 3867
l 3868 3869
l 3869 3870
l 3870 3871
l 3871 3872
l 3872 3873
l 3873 3874
l 3874 3875
l 3875 3876

l 3877 3878
l 3878 3879
l 3879 3880
l 3880 3881
l 3881 3882
l 3882 3883
l 3883 3884
l 3884 3885
l 3886 3887
l 3887 3888
l 3888 3889
l 3889 3890
l 3890 3891
l 3891 3892
l 3892 3893
l 3893 3894
l 3895 3896
l 3896 3897
l 3897 3898
l 3898 3899
l 3899 3900
l 3900 3901
l 3901 3902
l 3902 3903
l 3904 3905
l 3905 3906
l 3906 3907
l 3907 3908
l 3908 3909
l 3909 3910
l 3910 3911
l 3911 3912

l 3913 3914
l 3914 3915
l 3915 3916
l 3916 3917
l 3917 3918
l 3918 3919
l 3919 3920
l 3920 3921
l 3922 3923
l 3923 3924
l 3924 3925
l 3925 3926
l 3926 3927
l 3927 3928
l 3928 3929
l 3929 3930
l 3931 3932
l 3932 3933
l 3933 3934
l 3934 3935
l 3935 3936
l 3936 3937
l 3937 3938
l 3938 3939
l 3940 3941
l 3941 3942
l 3942 3943
l 3943 3944
l 3944 3945
l 3945 3946
l 3946 3947
l 3947 3948

l 3949 3950
l 3950 3951
l 3951 3952
l 3952 3953
l 3953 3954
l 3954 3955
l 3955 3956
l 3956 3957
l 3958 3959
l 3959 3960
l 3960 3961
l 3961 3962
l 3962 3963
l 3963 3964
l 3964 3965
l 3965 3966
l 3967 3968
l 3968 3969
l 3969 3970
l 3970 3971
l 3971 3972
l 3972 3973
l 3973 3974
l 3974 3975
l 3976 3977
l 3977 3978
l 3978 3979
l 3979 3980
l 3980 3981
l 3981 3982
l 3982 3983
l 3983 3984

l 3985 3986
l 3986 3987
l 3987 3988
l 3988 3989
l 3989 3990
l 3990 3991
l 3991 3992
l 3992 3993
l 3994 3995
l 3995 3996
l 3996 3997
l 3997 3998
l 3998 3999
l 3999 4000
l 4000 4001
l 4001 4002
l 4003 4004
l 4004 4005
l 4005 4006
l 4006 4007
l 4007 4008
l 4008 4009
l 4009 4010
l 4010 4011
l 4012 4013
l 4013 4014
l 4014 4015
l 4015 4016
l 4016 4017
l 4017 4018
l 4018 4019
l 4019 4020

l 4021 4022
l 4022 4023
l 4023 4024
l 4024 4025
l 4025 4026
l 4026 4027
l 4027 4028
l 4028 4029
l 4030 4031
l 4031 4032
l 4032 4033
l 4033 4034
l 4034 4035
l 4035 4036
l 4036 4037
l 4037 4038
l 4039 4040
l 4040 4041
l 4041 4042
l 4042 4043
l 4043 4044
l 4044 4045
l 4045 4046
l 4046 4047
l 4048 4049
l 4049 4050
l 4050 4051
l 4051 4052
l 4052 4053
l 4053 4054
l 4054 4055
l 4055 4056

l 4057 4058
l 4058 4059
l 4059 4060
l 4060 4061
l 4061 4062
l 4062 4063
l 4063 4064
l 4064 4065
l 4066 4067
l 4067 4068
l 4068 4069
l 4069 4070
l 4070 4071
l 4071 4072
l 4072 4073
l 4073 4074
l 4075 4076
l 4076 4077
l 4077 4078
l 4078 4079
l 4079 4080
l 4080 4081
l 4081 4082
l 4082 4083
l 4084 4085
l 4085 4086
l 4086 4087
l 4087 4088
l 4088 4089
l 4089 4090
l 4090 4091
l 4091 4092

l 4093 4094
l 4094 4095
l 4095 4096
l 4096 4097
l 4097 4098
l 4098 4099
l 4099 4100
l 4100 4101
l 4102 4103
l 4103 4104
l 4104 4105
l 4105 4106
l 4106 4107
l 4107 4108
l 4108 4109
l 4109 4110
l 4111 4112
l 4112 4113
l 4113 4114
l 4114 4115
l 4115 4116
l 4116 4117
l 4117 4118
l 4118 4119
l 4120 4121
l 4121 4122
l 4122 4123
l 4123 4124
l 4124 4125
l 4125 4126
l 4126 4127
l 4127 4128

l 4129 4130
l 4130 4131
l 4131 4132
l 4132 4133
l 4133 4134
l 4134 4135
l 4135 4136
l 4136 4137
l 4138 4139
l 4139 4140
l 4140 4141
l 4141 4142
l 4142 4143
l 4143 4144
l 4144 4145
l 4145 4146
l 4147 4148
l 4148 4149
l 4149 4150
l 4150 4151
l 4151 4152
l 4152 4153
l 4153 4154
l 4154 4155
l 4156 4157
l 4157 4158
l 4158 4159
l 4159 4160
l 4160 4161
l 4161 4162
l 4162 4163
l 4163 4164

l 4165 4166
l 4166 4167
l 4167 4168
l 4168 4169
l 4169 4170
l 4170 4171
l 4171 4172
l 4172 4173
l 4174 4175
l 4175 4176
l 4176 4177
l 4177 4178
l 4178 4179
l 4179 4180
l 4180 4181
l 4181 4182
l 4183 4184
l 4184 4185
l 4185 4186
l 4186 4187
l 4187 4188
l 4188 4189
l 4189 4190
l 4190 4191
l 4192 4193
l 4193 4194
l 4194 4195
l 4195 4196
l 4196 4197
l 4197 4198
l 4198 4199
l 4199 4200

l 4201 4202
l 4202 4203
l 4203 4204
l 4204 4205
l 4205 4206
l 4206 4207
l 4207 4208
l 4208 4209
l 4210 4211
l 4211 4212
l 4212 4213
l 4213 4214
l 4214 4215
l 4215 4216
l 4216 4217
l 4217 4218
l 4219 4220
l 4220 4221
l 4221 4222
l 4222 4223
l 4223 4224
l 4224 4225
l 4225 4226
l 4226 4227
l 4228 4229
l 4229 4230
l 4230 4231
l 4231 4232
l 4232 4233
l 4233 4234
l 4234 4235
l 4235 4236

l 4237 4238
l 4238 4239
l 4239 4240
l 4240 4241
l 4241 4242
l 4242 4243
l 4243 4244
l 4244 4245
l 4246 4247
l 4247 4248
l 4248 4249
l 4249 4250
l 4250 4251
l 4251 4252
l 4252 4253
l 4253 4254
l 4255 4256
l 4256 4257
l 4257 4258
l 4258 4259
l 4259 4260
l 4260 4261
l 4261 4262
l 4262 4263
l 4264 4265
l 4265 4266
l 4266 4267
l 4267 4268
l 4268 4269
l 4269 4270
l 4270 4271
l 4271 4272

l 4273 4274
l 4274 4275
l 4275 4276
l 4276 4277
l 4277 4278
l 4278 4279
l 4279 4280
l 4280 4281
l 4282 4283
l 4283 4284
l 4284 4285
l 4285 4286
l 4286 4287
l 4287 4288
l 4288 4289
l 4289 4290
l 4291 4292
l 4292 4293
l 4293 4294
l 4294 4295
l 4295 4296
l 4296 4297
l 4297 4298
l 4298 4299
l 4300 4301
l 4301 4302
l 4302 4303
l 4303 4304
l 4304 4305
l 4305 4306
l 4306 4307
l 4307 4308

l 4309 4310
l 4310 4311
l 4311 4312
l 4312 4313
l 4313 4314
l 4314 4315
l 4315 4316
l 4316 4317
l 4318 4319
l 4319 4320
l 4320 4321
l 4321 4322
l 4322 4323
l 4323 4324
l 4324 4325
l 4325 4326
l 4327 4328
l 4328 4329
l 4329 4330
l 4330 4331
l 4331 4332
l 4332 4333
l 4333 4334
l 4334 4335
l 4336 4337
l 4337 4338
l 4338 4339
l 4339 4340
l 4340 4341
l 4341 4342
l 4342 4343
l 4343 4344

l 4345 4346
l 4346 4347
l 4347 4348
l 4348 4349
l 4349 4350
l 4350 4351
l 4351 4352
l 4352 4353
l 4354 4355
l 4355 4356
l 4356 4357
l 4357 4358
l 4358 4359
l 4359 4360
l 4360 4361
l 4361 4362
l 4363 4364
l 4364 4365
l 4365 4366
l 4366 4367
l 4367 4368
l 4368 4369
l 4369 4370
l 4370 4371
l 4372 4373
l 4373 4374
l 4374 4375
l 4375 4376
l 4376 4377
l 4377 4378
l 4378 4379
l 4379 4380

l 4381 4382
l 4382 4383
l 4383 4384
l 4384 4385
l 4385 4386
l 4386 4387
l 4387 4388
l 4388 4389
l 4390 4391
l 4391 4392
l 4392 4393
l 4393 4394
l 4394 4395
l 4395 4396
l 4396 4397
l 4397 4398
l 4399 4400
l 4400 4401
l 4401 4402
l 4402 4403
l 4403 4404
l 4404 4405
l 4405 4406
l 4406 4407
l 4408 4409
l 4409 4410
l 4410 4411
l 4411 4412
l 4412 4413
l 4413 4414
l 4414 4415
l 4415 4416

l 4417 4418
l 4418 4419
l 4419 4420
l 4420 4421
l 4421 4422
l 4422 4423
l 4423 4424
l 4424 4425
l 4426 4427
l 4427 4428
l 4428 4429
l 4429 4430
l 4430 4431
l 4431 4432
l 4432 4433
l 4433 4434
l 4435 4436
l 4436 4437
l 4437 4438
l 4438 4439
l 4439 4440
l 4440 4441
l 4441 4442
l 4442 4443
l 4444 4445
l 4445 4446
l 4446 4447
l 4447 4448
l 4448 4449
l 4449 4450
l 4450 4451
l 4451 4452

l 4453 4454
l 4454 4455
l 4455 4456
l 4456 4457
l 4457 4458
l 4458 4459
l 4459 4460
l 4460 4461
l 4462 4463
l 4463 4464
l 4464 4465
l 4465 4466
l 4466 4467
l 4467 4468
l 4468 4469
l 4469 4470
l 4471 4472
l 4472 4473
l 4473 4474
l 4474 4475
l 4475 4476
l 4476 4477
l 4477 4478
l 4478 4479
l 4480 4481
l 4481 4482
l 4482 4483
l 4483 4484
l 4484 4485
l 4485 4486
l 4486 4487
l 4487 4488

l 4489 4490
l 4490 4491
l 4491 4492
l 4492 4493
l 4493 4494
l 4494 4495
l 4495 4496
l 4496 4497
l 4498 4499
l 4499 4500
l 4500 4501
l 4501 4502
l 4502 4503
l 4503 4504
l 4504 4505
l 4505 4506
l 4507 4508
l 4508 4509
l 4509 4510
l 4510 4511
l 4511 4512
l 4512 4513
l 4513 4514
l 4514 4515
l 4516 4517
l 4517 4518
l 4518 4519
l 4519 4520
l 4520 4521
l 4521 4522
l 4522 4523
l 4523 4524

l 4525 4526
l 4526 4527
l 4527 4528
l 4528 4529
l 4529 4530
l 4530 4531
l 4531 4532
l 4532 4533
l 4534 4535
l 4535 4536
l 4536 4537
l 4537 4538
l 4538 4539
l 4539 4540
l 4540 4541
l 4541 4542
l 4543 4544
l 4544 4545
l 4545 4546
l 4546 4547
l 4547 4548
l 4548 4549
l 4549 4550
l 4550 4551
l 4552 4553
l 4553 4554
l 4554 4555
l 4555 4556
l 4556 4557
l 4557 4558
l 4558 4559
l 4559 4560

l 4561 4562
l 4562 4563
l 4563 4564
l 4564 4565
l 4565 4566
l 4566 4567
l 4567 4568
l 4568 4569
l 4570 4571
l 4571 4572
l 4572 4573
l 4573 4574
l 4574 4575
l 4575 4576
l 4576 4577
l 4577 4578
l 4579 4580
l 4580 4581
l 4581 4582
l 4582 4583
l 4583 4584
l 4584 4585
l 4585 4586
l 4586 4587
l 4588 4589
l 4589 4590
l 4590 4591
l 4591 4592
l 4592 4593
l 4593 4594
l 4594 4595
l 4595 4596

l 4597 4598
l 4598 4599
l 4599 4600
l 4600 4601
l 4601 4602
l 4602 4603
l 4603 4604
l 4604 4605
l 4606 4607
l 4607 4608
l 4608 4609
l 4609 4610
l 4610 4611
l 4611 4612
l 4612 4613
l 4613 4614
l 4615 4616
l 4616 4617
l 4617 4618
l 4618 4619
l 4619 4620
l 4620 4621
l 4621 4622
l 4622 4623
l 4624 4625
l 4625 4626
l 4626 4627
l 4627 4628
l 4628 4629
l 4629 4630
l 4630 4631
l 4631 4632

l 4633 4634
l 4634 4635
l 4635 4636
l 4636 4637
l 4637 4638
l 4638 4639
l 4639 4640
l 4640 4641
l 4642 4643
l 4643 4644
l 4644 4645
l 4645 4646
l 4646 4647
l 4647 4648
l 4648 4649
l 4649 4650
l 4651 4652
l 4652 4653
l 4653 4654
l 4654 4655
l 4655 4656
l 4656 4657
l 4657 4658
l 4658 4659
l 4660 4661
l 4661 4662
l 4662 4663
l 4663 4664
l 4664 4665
l 4665 4666
l 4666 4667
l 4667 4668

l 4669 4670
l 4670 4671
l 4671 4672
l 4672 4673
l 4673 4674
l 4674 4675
l 4675 4676
l 4676 4677
l 4678 4679
l 4679 4680
l 4680 4681
l 4681 4682
l 4682 4683
l 4683 4684
l 4684 4685
l 4685 4686
l 4687 4688
l 4688 4689
l 4689 4690
l 4690 4691
l 4691 4692
l 4692 4693
l 4693 4694
l 4694 4695
l 4696 4697
l 4697 4698
l 4698 4699
l 4699 4700
l 4700 4701
l 4701 4702
l 4702 4703
l 4703 4704

l 4705 4706
l 4706 4707
l 4707 4708
l 4708 4709
l 4709 4710
l 4710 4711
l 4711 4712
l 4712 4713
l 4714 4715
l 4715 4716
l 4716 4717
l 4717 4718
l 4718 4719
l 4719 4720
l 4720 4721
l 4721 4722
l 4723 4724
l 4724 4725
l 4725 4726
l 4726 4727
l 4727 4728
l 4728 4729
l 4729 4730
l 4730 4731
l 4732 4733
l 4733 4734
l 4734 4735
l 4735 4736
l 4736 4737
l 4737 4738
l 4738 4739
l 4739 4740

l 4741 4742
l 4742 4743
l 4743 4744
l 4744 4745
l 4745 4746
l 4746 4747
l 4747 4748
l 4748 4749
l 4750 4751
l 4751 4752
l 4752 4753
l 4753 4754
l 4754 4755
l 4755 4756
l 4756 4757
l 4757 4758
l 4759 4760
l 4760 4761
l 4761 4762
l 4762 4763
l 4763 4764
l 4764 4765
l 4765 4766
l 4766 4767
l 4768 4769
l 4769 4770
l 4770 4771
l 4771 4772
l 4772 4773
l 4773 4774
l 4774 4775
l 4775 4776

l 4777 4778
l 4778 4779
l 4779 4780
l 4780 4781
l 4781 4782
l 4782 4783
l 4783 4784
l 4784 4785
l 4786 4787
l 4787 4788
l 4788 4789
l 4789 4790
l 4790 4791
l 4791 4792
l 4792 4793
l 4793 4794
l 4795 4796
l 4796 4797
l 4797 4798
l 4798 4799
l 4799 4800
l 4800 4801
l 4801 4802
l 4802 4803
l 4804 4805
l 4805 4806
l 4806 4807
l 4807 4808
l 4808 4809
l 4809 4810
l 4810 4811
l 4811 4812

l 4813 4814
l 4814 4815
l 4815 4816
l 4816 4817
l 4817 4818
l 4818 4819
l 4819 4820
l 4820 4821
l 4822 4823
l 4823 4824
l 4824 4825
l 4825 4826
l 4826 4827
l 4827 4828
l 4828 4829
l 4829 4830
l 4831 4832
l 4832 4833
l 4833 4834
l 4834 4835
l 4835 4836
l 4836 4837
l 4837 4838
l 4838 4839
l 4840 4841
l 4841 4842
l 4842 4843
l 4843 4844
l 4844 4845
l 4845 4846
l 4846 4847
l 4847 4848

l 4849 4850
l 4850 4851
l 4851 4852
l 4852 4853
l 4853 4854
l 4854 4855
l 4855 4856
l 4856 4857
l 4858 4859
l 4859 4860
l 4860 4861
l 4861 4862
l 4862 4863
l 4863 4864
l 4864 4865
l 4865 4866
l 4867 4868
l 4868 4869
l 4869 4870
l 4870 4871
l 4871 4872
l 4872 4873
l 4873 4874
l 4874 4875
l 4876 4877
l 4877 4878
l 4878 4879
l 4879 4880
l 4880 4881
l 4881 4882
l 4882 4883
l 4883 4884

l 4885 4886
l 4886 4887
l 4887 4888
l 4888 4889
l 4889 4890
l 4890 4891
l 4891 4892
l 4892 4893
l 4894 4895
l 4895 4896
l 4896 4897
l 4897 4898
l 4898 4899
l 4899 4900
l 4900 4901
l 4901 4902
l 4903 4904
l 4904 4905
l 4905 4906
l 4906 4907
l 4907 4908
l 4908 4909
l 4909 4910
l 4910 4911
l 4912 4913
l 4913 4914
l 4914 4915
l 4915 4916
l 4916 4917
l 4917 4918
l 4918 4919
l 4919 4920

l 4921 4922
l 4922 4923
l 4923 4924
l 4924 4925
l 4925 4926
l 4926 4927
l 4927 4928
l 4928 4929
l 4930 4931
l 4931 4932
l 4932 4933
l 4933 4934
l 4934 4935
l 4935 4936
l 4936 4937
l 4937 4938
l 4939 4940
l 4940 4941
l 4941 4942
l 4942 4943
l 4943 4944
l 4944 4945
l 4945 4946
l 4946 4947
l 4948 4949
l 4949 4950
l 4950 4951
l 4951 4952
l 4952 4953
l 4953 4954
l 4954 4955
l 4955 4956

l 4957 4958
l 4958 4959
l 4959 4960
l 4960 4961
l 4961 4962
l 4962 4963
l 4963 4964
l 4964 4965
l 4966 4967
l 4967 4968
l 4968 4969
l 4969 4970
l 4970 4971
l 4971 4972
l 4972 4973
l 4973 4974
l 4975 4976
l 4976 4977
l 4977 4978
l 4978 4979
l 4979 4980
l 4980 4981
l 4981 4982
l 4982 4983
l 4984 4985
l 4985 4986
l 4986 4987
l 4987 4988
l 4988 4989
l 4989 4990
l 4990 4991
l 4991 4992

l 4993 4994
l 4994 4995
l 4995 4996
l 4996 4997
l 4997 4998
l 4998 4999
l 4999 5000
l 5000 5001
l 5002 5003
l 5003 5004
l 5004 5005
l 5005 5006
l 5006 5007
l 5007 5008
l 5008 5009
l 5009 5010
l 5011 5012
l 5012 5013
l 5013 5014
l 5014 5015
l 5015 5016
l 5016 5017
l 5017 5018
l 5018 5019
l 5020 5021
l 5021 5022
l 5022 5023
l 5023 5024
l 5024 5025
l 5025 5026
l 5026 5027
l 5027 5028

l 5029 5030
l 5030 5031
l 5031 5032
l 5032 5033
l 5033 5034
l 5034 5035
l 5035 5036
l 5036 5037
l 5038 5039
l 5039 5040
l 5040 5041
l 5041 5042
l 5042 5043
l 5043 5044
l 5044 5045
l 5045 5046
l 5047 5048
l 5048 5049
l 5049 5050
l 5050 5051
l 5051 5052
l 5052 5053
l 5053 5054
l 5054 5055
l 5056 5057
l 5057 5058
l 5058 5059
l 5059 5060
l 5060 5061
l 5061 5062
l 5062 5063
l 5063 5064

l 5065 5066
l 5066 5067
l 5067 5068
l 5068 5069
l 5069 5070
l 5070 5071
l 5071 5072
l 5072 5073
l 5074 5075
l 5075 5076
l 5076 5077
l 5077 5078
l 5078 5079
l 5079 5080
l 5080 5081
l 5081 5082
l 5083 5084
l 5084 5085
l 5085 5086
l 5086 5087
l 5087 5088
l 5088 5089
l 5089 5090
l 5090 5091
l 5092 5093
l 5093 5094
l 5094 5095
l 5095 5096
l 5096 5097
l 5097 5098
l 5098 5099
l 5099 5100

l 5101 5102
l 5102 5103
l 5103 5104
l 5104 5105
l 5105 5106
l 5106 5107
l 5107 5108
l 5108 5109
l 5110 5111
l 5111 5112
l 5112 5113
l 5113 5114
l 5114 5115
l 5115 5116
l 5116 5117
l 5117 5118
l 5119 5120
l 5120 5121
l 5121 5122
l 5122 5123
l 5123 5124
l 5124 5125
l 5125 5126
l 5126 5127
l 5128 5129
l 5129 5130
l 5130 5131
l 5131 5132
l 5132 5133
l 5133 5134
l 5134 5135
l 5135 5136

l 5137 5138
l 5138 5139
l 5139 5140
l 5140 5141
l 5141 5142
l 5142 5143
l 5143 5144
l 5144 5145
l 5146 5147
l 5147 5148
l 5148 5149
l 5149 5150
l 5150 5151
l 5151 5152
l 5152 5153
l 5153 5154
l 5155 5156
l 5156 5157
l 5157 5158
l 5158 5159
l 5159 5160
l 5160 5161
l 5161 5162
l 5162 5163
l 5164 5165
l 5165 5166
l 5166 5167
l 5167 5168
l 5168 5169
l 5169 5170
l 5170 5171
l 5171 5172

l 5173 5174
l 5174 5175
l 5175 5176
l 5176 5177
l 5177 5178
l 5178 5179
l 5179 5180
l 5180 5181
l 5182 5183
l 5183 5184
l 5184 5185
l 5185 5186
l 5186 5187
l 5187 5188
l 5188 5189
l 5189 5190
l 5191 5192
l 5192 5193
l 5193 5194
l 5194 5195
l 5195 5196
l 5196 5197
l 5197 5198
l 5198 5199
l 5200 5201
l 5201 5202
l 5202 5203
l 5203 5204
l 5204 5205
l 5205 5206
l 5206 5207
l 5207 5208

l 5209 5210
l 5210 5211
l 5211 5212
l 5212 5213
l 5213 5214
l 5214 5215
l 5215 5216
l 5216 5217
l 5218 5219
l 5219 5220
l 5220 5221
l 5221 5222
l 5222 5223
l 5223 5224
l 5224 5225
l 5225 5226
l 5227 5228
l 5228 5229
l 5229 5230
l 5230 5231
l 5231 5232
l 5232 5233
l 5233 5234
l 5234 5235
l 5236 5237
l 5237 5238
l 5238 5239
l 5239 5240
l 5240 5241
l 5241 5242
l 5242 5243
l 5243 5244

l 5245 5246
l 5246 5247
l 5247 5248
l 5248 5249
l 5249 5250
l 5250 5251
l 5251 5252
l 5252 5253
l 5254 5255
l 5255 5256
l 5256 5257
l 5257 5258
l 5258 5259
l 5259 5260
l 5260 5261
l 5261 5262
l 5263 5264
l 5264 5265
l 5265 5266
l 5266 5267
l 5267 5268
l 5268 5269
l 5269 5270
l 5270 5271
l 5272 5273
l 5273 5274
l 5274 5275
l 5275 5276
l 5276 5277
l 5277 5278
l 5278 5279
l 5279 5280

l 5281 5282
l 5282 5283
l 5283 5284
l 5284 5285
l 5285 5286
l 5286 5287
l 5287 5288
l 5288 5289
l 5290 5291
l 5291 5292
l 5292 5293
l 5293 5294
l 5294 5295
l 5295 5296
l 5296 5297
l 5297 5298
l 5299 5300
l 5300 5301
l 5301 5302
l 5302 5303
l 5303 5304
l 5304 5305
l 5305 5306
l 5306 5307
l 5308 5309
l 5309 5310
l 5310 5311
l 5311 5312
l 5312 5313
l 5313 5314
l 5314 5315
l 5315 5316

l 5317 5318
l 5318 5319
l 5319 5320
l 5320 5321
l 5321 5322
l 5322 5323
l 5323 5324
l 5324 5325
l 5326 5327
l 5327 5328
l 5328 5329
l 5329 5330
l 5330 5331
l 5331 5332
l 5332 5333
l 5333 5334
l 5335 5336
l 5336 5337
l 5337 5338
l 5338 5339
l 5339 5340
l 5340 5341
l 5341 5342
l 5342 5343
l 5344 5345
l 5345 5346
l 5346 5347
l 5347 5348
l 5348 5349
l 5349 5350
l 5350 5351
l 5351 5352

l 5353 5354
l 5354 5355
l 5355 5356
l 5356 5357
l 5357 5358
l 5358 5359
l 5359 5360
l 5360 5361
l 5362 5363
l 5363 5364
l 5364 5365
l 5365 5366
l 5366 5367
l 5367 5368
l 5368 5369
l 5369 5370
l 5371 5372
l 5372 5373
l 5373 5374
l 5374 5375
l 5375 5376
l 5376 5377
l 5377 5378
l 5378 5379
l 5380 5381
l 5381 5382
l 5382 5383
l 5383 5384
l 5384 5385
l 5385 5386
l 5386 5387
l 5387 5388

l 5389 5390
l 5390 5391
l 5391 5392
l 5392 5393
l 5393 5394
l 5394 5395
l 5395 5396
l 5396 5397
l 5398 5399
l 5399 5400
l 5400 5401
l 5401 5402
l 5402 5403
l 5403 5404
l 5404 5405
l 5405 5406
l 5407 5408
l 5408 5409
l 5409 5410
l 5410 5411
l 5411 5412
l 5412 5413
l 5413 5414
l 5414 5415
l 5416 5417
l 5417 5418
l 5418 5419
l 5419 5420
l 5420 5421
l 5421 5422
l 5422 5423
l 5423 5424

l 5425 5426
l 5426 5427
l 5427 5428
l 5428 5429
l 5429 5430
l 5430 5431
l 5431 5432
l 5432 5433
l 5434 5435
l 5435 5436
l 5436 5437
l 5437 5438
l 5438 5439
l 5439 5440
l 5440 5441
l 5441 5442
l 5443 5444
l 5444 5445
l 5445 5446
l 5446 5447
l 5447 5448
l 5448 5449
l 5449 5450
l 5450 5451
l 5452 5453
l 5453 5454
l 5454 5455
l 5455 5456
l 5456 5457
l 5457 5458
l 5458 5459
l 5459 5460

l 5461 5462
l 5462 5463
l 5463 5464
l 5464 5465
l 5465 5466
l 5466 5467
l 5467 5468
l 5468 5469
l 5470 5471
l 5471 5472
l 5472 5473
l 5473 5474
l 5474 5475
l 5475 5476
l 5476 5477
l 5477 5478
l 5479 5480
l 5480 5481
l 5481 5482
l 5482 5483
l 5483 5484
l 5484 5485
l 5485 5486
l 5486 5487
l 5488 5489
l 5489 5490
l 5490 5491
l 5491 5492
l 5492 5493
l 5493 5494
l 5494 5495
l 5495 5496

l 5497 5498
l 5498 5499
l 5499 5500
l 5500 5501
l 5501 5502
l 5502 5503
l 5503 5504
l 5504 5505
l 5506 5507
l 5507 5508
l 5508 5509
l 5509 5510
l 5510 5511
l 5511 5512
l 5512 5513
l 5513 5514
l 5515 5516
l 5516 5517
l 5517 5518
l 5518 5519
l 5519 5520
l 5520 5521
l 5521 5522
l 5522 5523
l 5524 5525
l 5525 5526
l 5526 5527
l 5527 5528
l 5528 5529
l 5529 5530
l 5530 5531
l 5531 5532

l 5533 5534
l 5534 5535
l 5535 5536
l 5536 5537
l 5537 5538
l 5538 5539
l 5539 5540
l 5540 5541
l 5542 5543
l 5543 5544
l 5544 5545
l 5545 5546
l 5546 5547
l 5547 5548
l 5548 5549
l 5549 5550
l 5551 5552
l 5552 5553
l 5553 5554
l 5554 5555
l 5555 5556
l 5556 5557
l 5557 5558
l 5558 5559
l 5560 5561
l 5561 5562
l 5562 5563
l 5563 5564
l 5564 5565
l 5565 5566
l 5566 5567
l 5567 5568

l 5569 5570
l 5570 5571
l 5571 5572
l 5572 5573
l 5573 5574
l 5574 5575
l 5575 5576
l 5576 5577
l 5578 5579
l 5579 5580
l 5580 5581
l 5581 5582
l 5582 5583
l 5583 5584
l 5584 5585
l 5585 5586
l 5587 5588
l 5588 5589
l 5589 5590
l 5590 5591
l 5591 5592
l 5592 5593
l 5593 5594
l 5594 5595
l 5596 5597
l 5597 5598
l 5598 5599
l 5599 5600
l 5600 5601
l 5601 5602
l 5602 5603
l 5603 5604

l 5605 5606
l 5606 5607
l 5607 5608
l 5608 5609
l 5609 5610
l 5610 5611
l 5611 5612
l 5612 5613
l 5614 5615
l 5615 5616
l 5616 5617
l 5617 5618
l 5618 5619
l 5619 5620
l 5620 5621
l 5621 5622
l 5623 5624
l 5624 5625
l 5625 5626
l 5626 5627
l 5627 5628
l 5628 5629
l 5629 5630
l 5630 5631
l 5632 5633
l 5633 5634
l 5634 5635
l 5635 5636
l 5636 5637
l 5637 5638
l 5638 5639
l 5639 5640

l 5641 5642
l 5642 5643
l 5643 5644
l 5644 5645
l 5645 5646
l 5646 5647
l 5647 5648
l 5648 5649
l 5650 5651
l 5651 5652
l 5652 5653
l 5653 5654
l 5654 5655
l 5655 5656
l 5656 5657
l 5657 5658
l 5659 5660
l 5660 5661
l 5661 5662
l 5662 5663
l 5663 5664
l 5664 5665
l 5665 5666
l 5666 5667
l 5668 5669
l 5669 5670
l 5670 5671
l 5671 5672
l 5672 5673
l 5673 5674
l 5674 5675
l 5675 5676

l 5677 5678
l 5678 5679
l 5679 5680
l 5680 5681
l 5681 5682
l 5682 5683
l 5683 5684
l 5684 5685
l 5686 5687
l 5687 5688
l 5688 5689
l 5689 5690
l 5690 5691
l 5691 5692
l 5692 5693
l 5693 5694
l 5695 5696
l 5696 5697
l 5697 5698
l 5698 5699
l 5699 5700
l 5700 5701
l 5701 5702
l 5702 5703
l 5704 5705
l 5705 5706
l 5706 5707
l 5707 5708
l 5708 5709
l 5709 5710
l 5710 5711
l 5711 5712

l 5713 5714
l 5714 5715
l 5715 5716
l 5716 5717
l 5717 5718
l 5718 5719
l 5719 5720
l 5720 5721
l 5722 5723
l 5723 5724
l 5724 5725
l 5725 5726
l 5726 5727
l 5727 5728
l 5728 5729
l 5729 5730
l 5731 5732
l 5732 5733
l 5733 5734
l 5734 5735
l 5735 5736
l 5736 5737
l 5737 5738
l 5738 5739
l 5740 5741
l 5741 5742
l 5742 5743
l 5743 5744
l 5744 5745
l 5745 5746
l 5746 5747
l 5747 5748

l 5749 5750
l 5750 5751
l 5751 5752
l 5752 5753
l 5753 5754
l 5754 5755
l 5755 5756
l 5756 5757
l 5758 5759
l 5759 5760
l 5760 5761
l 5761 5762
l 5762 5763
l 5763 5764
l 5764 5765
l 5765 5766
l 5767 5768
l 5768 5769
l 5769 5770
l 5770 5771
l 5771 5772
l 5772 5773
l 5773 5774
l 5774 5775
l 5776 5777
l 5777 5778
l 5778 5779
l 5779 5780
l 5780 5781
l 5781 5782
l 5782 5783
l 5783 5784

l 5785 5786
l 5786 5787
l 5787 5788
l 5788 5789
l 5789 5790
l 5790 5791
l 5791 5792
l 5792 5793
l 5794 5795
l 5795 5796
l 5796 5797
l 5797 5798
l 5798 5799
l 5799 5800
l 5800 5801
l 5801 5802
l 5803 5804
l 5804 5805
l 5805 5806
l 5806 5807
l 5807 5808
l 5808 5809
l 5809 5810
l 5810 5811
l 5812 5813
l 5813 5814
l 5814 5815
l 5815 5816
l 5816 5817
l 5817 5818
l 5818 5819
l 5819 5820

l 5821 5822
l 5822 5823
l 5823 5824
l 5824 5825
l 5825 5826
l 5826 5827
l 5827 5828
l 5828 5829
l 5830 5831
l 5831 5832
l 5832 5833
l 5833 5834
l 5834 5835
l 5835 5836
l 5836 5837
l 5837 5838
l 5839 5840
l 5840 5841
l 5841 5842
l 5842 5843
l 5843 5844
l 5844 5845
l 5845 5846
l 5846 5847
l 5848 5849
l 5849 5850
l 5850 5851
l 5851 5852
l 5852 5853
l 5853 5854
l 5854 5855
l 5855 5856

l 5857 5858
l 5858 5859
l 5859 5860
l 5860 5861
l 5861 5862
l 5862 5863
l 5863 5864
l 5864 5865
l 5866 5867
l 5867 5868
l 5868 5869
l 5869 5870
l 5870 5871
l 5871 5872
l 5872 5873
l 5873 5874
l 5875 5876
l 5876 5877
l 5877 5878
l 5878 5879
l 5879 5880
l 5880 5881
l 5881 5882
l 5882 5883
l 5884 5885
l 5885 5886
l 5886 5887
l 5887 5888
l 5888 5889
l 5889 5890
l 5890 5891
l 5891 5892

l 5893 5894
l 5894 5895
l 5895 5896
l 5896 5897
l 5897 5898
l 5898 5899
l 5899 5900
l 5900 5901
l 5902 5903
l 5903 5904
l 5904 5905
l 5905 5906
l 5906 5907
l 5907 5908
l 5908 5909
l 5909 5910
l 5911 5912
l 5912 5913
l 5913 5914
l 5914 5915
l 5915 5916
l 5916 5917
l 5917 5918
l 5918 5919
l 5920 5921
l 5921 5922
l 5922 5923
l 5923 5924
l 5924 5925
l 5925 5926
l 5926 5927
l 5927 5928

l 5929 5930
l 5930 5931
l 5931 5932
l 5932 5933
l 5933 5934
l 5934 5935
l 5935 5936
l 5936 5937
l 5938 5939
l 5939 5940
l 5940 5941
l 5941 5942
l 5942 5943
l 5943 5944
l 5944 5945
l 5945 5946
l 5947 5948
l 5948 5949
l 5949 5950
l 5950 5951
l 5951 5952
l 5952 5953
l 5953 5954
l 5954 5955
l 5956 5957
l 5957 5958
l 5958 5959
l 5959 5960
l 5960 5961
l 5961 5962
l 5962 5963
l 5963 5964

l 5965 5966
l 5966 5967
l 5967 5968
l 5968 5969
l 5969 5970
l 5970 5971
l 5971 5972
l 5972 5973
l 5974 5975
l 5975 5976
l 5976 5977
l 5977 5978
l 5978 5979
l 5979 5980
l 5980 5981
l 5981 5982
l 5983 5984
l 5984 5985
l 5985 5986
l 5986 5987
l 5987 5988
l 5988 5989
l 5989 5990
l 5990 5991
l 5992 5993
l 5993 5994
l 5994 5995
l 5995 5996
l 5996 5997
l 5997 5998
l 5998 5999
l 5999 6000

l 6001 6002
l 6002 6003
l 6003 6004
l 6004 6005
l 6005 6006
l 6006 6007
l 6007 6008
l 6008 6009
l 6010 6011
l 6011 6012
l 6012 6013
l 6013 6014
l 6014 6015
l 6015 6016
l 6016 6017
l 6017 6018
l 6019 6020
l 6020 6021
l 6021 6022
l 6022 6023
l 6023 6024
l 6024 6025
l 6025 6026
l 6026 6027
l 6028 6029
l 6029 6030
l 6030 6031
l 6031 6032
l 6032 6033
l 6033 6034
l 6034 6035
l 6035 6036

l 6037 6038
l 6038 6039
l 6039 6040
l 6040 6041
l 6041 6042
l 6042 6043
l 6043 6044
l 6044 6045
l 6046 6047
l 6047 6048
l 6048 6049
l 6049 6050
l 6050 6051
l 6051 6052
l 6052 6053
l 6053 6054
l 6055 6056
l 6056 6057
l 6057 6058
l 6058 6059
l 6059 6060
l 6060 6061
l 6061 6062
l 6062 6063
l 6064 6065
l 6065 6066
l 6066 6067
l 6067 6068
l 6068 6069
l 6069 6070
l 6070 6071
l 6071 6072

l 6073 6074
l 6074 6075
l 6075 6076
l 6076 6077
l 6077 6078
l 6078 6079
l 6079 6080
l 6080 6081
l 6082 6083
l 6083 6084
l 6084 6085
l 6085 6086
l 6086 6087
l 6087 6088
l 6088 6089
l 6089 6090
l 6091 6092
l 6092 6093
l 6093 6094
l 6094 6095
l 6095 6096
l 6096 6097
l 6097 6098
l 6098 6099
l 6100 6101
l 6101 6102
l 6102 6103
l 6103 6104
l 6104 6105
l 6105 6106
l 6106 6107
l 6107 6108

l 6109 6110
l 6110 6111
l 6111 6112
l 6112 6113
l 6113 6114
l 6114 6115
l 6115 6116
l 6116 6117
l 6118 6119
l 6119 6120
l 6120 6121
l 6121 6122
l 6122 6123
l 6123 6124
l 6124 6125
l 6125 6126
l 6127 6128
l 6128 6129
l 6129 6130
l 6130 6131
l 6131 6132
l 6132 6133
l 6133 6134
l 6134 6135
l 6136 6137
l 6137 6138
l 6138 6139
l 6139 6140
l 6140 6141
l 6141 6142
l 6142 6143
l 6143 6144

l 6145 6146
l 6146 6147
l 6147 6148
l 6148 6149
l 6149 6150
l 6150 6151
l 6151 6152
l 6152 6153
l 6154 6155
l 6155 6156
l 6156 6157
l 6157 6158
l 6158 6159
l 6159 6160
l 6160 6161
l 6161 6162
l 6163 6164
l 6164 6165
l 6165 6166
l 6166 6167
l 6167 6168
l 6168 6169
l 6169 6170
l 6170 6171
l 6172 6173
l 6173 6174
l 6174 6175
l 6175 6176
l 6176 6177
l 6177 6178
l 6178 6179
l 6179 6180

l 6181 6182
l 6182 6183
l 6183 6184
l 6184 6185
l 6185 6186
l 6186 6187
l 6187 6188
l 6188 6189
l 6190 6191
l 6191 6192
l 6192 6193
l 6193 6194
l 6194 6195
l 6195 6196
l 6196 6197
l 6197 6198
l 6199 6200
l 6200 6201
l 6201 6202
l 6202 6203
l 6203 6204
l 6204 6205
l 6205 6206
l 6206 6207
l 6208 6209
l 6209 6210
l 6210 6211
l 6211 6212
l 6212 6213
l 6213 6214
l 6214 6215
l 6215 6216

l 6217 6218
l 6218 6219
l 6219 6220
l 6220 6221
l 6221 6222
l 6222 6223
l 6223 6224
l 6224 6225
l 6226 6227
l 6227 6228
l 6228 6229
l 6229 6230
l 6230 6231
l 6231 6232
l 6232 6233
l 6233 6234
l 6235 6236
l 6236 6237
l 6237 6238
l 6238 6239
l 6239 6240
l 6240 6241
l 6241 6242
l 6242 6243
l 6244 6245
l 6245 6246
l 6246 6247
l 6247 6248
l 6248 6249
l 6249 6250
l 6250 6251
l 6251 6252

l 6253 6254
l 6254 6255
l 6255 6256
l 6256 6257
l 6257 6258
l 6258 6259
l 6259 6260
l 6260 6261
l 6262 6263
l 6263 6264
l 6264 6265
l 6265 6266
l 6266 6267
l 6267 6268
l 6268 6269
l 6269 6270
l 6271 6272
l 6272 6273
l 6273 6274
l 6274 6275
l 6275 6276
l 6276 6277
l 6277 6278
l 6278 6279
l 6280 6281
l 6281 6282
l 6282 6283
l 6283 6284
l 6284 6285
l 6285 6286
l 6286 6287
l 6287 6288

l 6289 6290
l 6290 6291
l 6291 6292
l 6292 6293
l 6293 6294
l 6294 6295
l 6295 6296
l 6296 6297
l 6298 6299
l 6299 6300
l 6300 6301
l 6301 6302
l 6302 6303
l 6303 6304
l 6304 6305
l 6305 6306
l 6307 6308
l 6308 6309
l 6309 6310
l 6310 6311
l 6311 6312
l 6312 6313
l 6313 6314
l 6314 6315
l 6316 6317
l 6317 6318
l 6318 6319
l 6319 6320
l 6320 6321
l 6321 6322
l 6322 6323
l 6323 6324

l 6325 6326
l 6326 6327
l 6327 6328
l 6328 6329
l 6329 6330
l 6330 6331
l 6331 6332
l 6332 6333
l 6334 6335
l 6335 6336
l 6336 6337
l 6337 6338
l 6338 6339
l 6339 6340
l 6340 6341
l 6341 6342
l 6343 6344
l 6344 6345
l 6345 6346
l 6346 6347
l 6347 6348
l 6348 6349
l 6349 6350
l 6350 6351
l 6352 6353
l 6353 6354
l 6354 6355
l 6355 6356
l 6356 6357
l 6357 6358
l 6358 6359
l 6359 6360

l 6361 6362
l 6362 6363
l 6363 6364
l 6364 6365
l 6365 6366
l 6366 6367
l 6367 6368
l 6368 6369
l 6370 6371
l 6371 6372
l 6372 6373
l 6373 6374
l 6374 6375
l 6375 6376
l 6376 6377
l 6377 6378
l 6379 6380
l 6380 6381
l 6381 6382
l 6382 6383
l 6383 6384
l 6384 6385
l 6385 6386
l 6386 6387
l 6388 6389
l 6389 6390
l 6390 6391
l 6391 6392
l 6392 6393
l 6393 6394
l 6394 6395
l 6395 6396

l 6397 6398
l 6398 6399
l 6399 6400
l 6400 6401
l 6401 6402
l 6402 6403
l 6403 6404
l 6404 6405
l 6406 6407
l 6407 6408
l 6408 6409
l 6409 6410
l 6410 6411
l 6411 6412
l 6412 6413
l 6413 6414
l 6415 6416
l 6416 6417
l 6417 6418
l 6418 6419
l 6419 6420
l 6420 6421
l 6421 6422
l 6422 6423
l 6424 6425
l 6425 6426
l 6426 6427
l 6427 6428
l 6428 6429
l 6429 6430
l 6430 6431
l 6431 6432

l 6433 6434
l 6434 6435
l 6435 6436
l 6436 6437
l 6437 6438
l 6438 6439
l 6439 6440
l 6440 6441
l 6442 6443
l 6443 6444
l 6444 6445
l 6445 6446
l 6446 6447
l 6447 6448
l 6448 6449
l 6449 6450
l 6451 6452
l 6452 6453
l 6453 6454
l 6454 6455
l 6455 6456
l 6456 6457
l 6457 6458
l 6458 6459
l 6460 6461
l 6461 6462
l 6462 6463
l 6463 6464
l 6464 6465
l 6465 6466
l 6466 6467
l 6467 6468

l 6469 6470
l 6470 6471
l 6471 6472
l 6472 6473
l 6473 6474
l 6474 6475
l 6475 6476
l 6476 6477
l 6478 6479
l 6479 6480
l 6480 6481
l 6481 6482
l 6482 6483
l 6483 6484
l 6484 6485
l 6485 6486
l 6487 6488
l 6488 6489
l 6489 6490
l 6490 6491
l 6491 6492
l 6492 6493
l 6493 6494
l 6494 6495
l 6496 6497
l 6497 6498
l 6498 6499
l 6499 6500
l 6500 6501
l 6501 6502
l 6502 6503
l 6503 6504

l 6505 6506
l 6506 6507
l 6507 6508
l 6508 6509
l 6509 6510
l 6510 6511
l 6511 6512
l 6512 6513
l 6514 6515
l 6515 6516
l 6516 6517
l 6517 6518
l 6518 6519
l 6519 6520
l 6520 6521
l 6521 6522
l 6523 6524
l 6524 6525
l 6525 6526
l 6526 6527
l 6527 6528
l 6528 6529
l 6529 6530
l 6530 6531
l 6532 6533
l 6533 6534
l 6534 6535
l 6535 6536
l 6536 6537
l 6537 6538
l 6538 6539
l 6539 6540

l 6541 6542
l 6542 6543
l 6543 6544
l 6544 6545
l 6545 6546
l 6546 6547
l 6547 6548
l 6548 6549
l 6550 6551
l 6551 6552
l 6552 6553
l 6553 6554
l 6554 6555
l 6555 6556
l 6556 6557
l 6557 6558
l 6559 6560
l 6560 6561
l 6561 6562
l 6562 6563
l 6563 6564
l 6564 6565
l 6565 6566
l 6566 6567
l 6568 6569
l 6569 6570
l 6570 6571
l 6571 6572
l 6572 6573
l 6573 6574
l 6574 6575
l 6575 6576

l 6577 6578
l 6578 6579
l 6579 6580
l 6580 6581
l 6581 6582
l 6582 6583
l 6583 6584
l 6584 6585
l 6586 6587
l 6587 6588
l 6588 6589
l 6589 6590
l 6590 6591
l 6591 6592
l 6592 6593
l 6593 6594
l 6595 6596
l 6596 6597
l 6597 6598
l 6598 6599
l 6599 6600
l 6600 6601
l 6601 6602
l 6602 6603
l 6604 6605
l 6605 6606
l 6606 6607
l 6607 6608
l 6608 6609
l 6609 6610
l 6610 6611
l 6611 6612

l 6613 6614
l 6614 6615
l 6615 6616
l 6616 6617
l 6617 6618
l 6618 6619
l 6619 6620
l 6620 6621
l 6622 6623
l 6623 6624
l 6624 6625
l 6625 6626
l 6626 6627
l 6627 6628
l 6628 6629
l 6629 6630
l 6631 6632
l 6632 6633
l 6633 6634
l 6634 6635
l 6635 6636
l 6636 6637
l 6637 6638
l 6638 6639
l 6640 6641
l 6641 6642
l 6642 6643
l 6643 6644
l 6644 6645
l 6645 6646
l 6646 6647
l 6647 6648

l 6649 6650
l 6650 6651
l 6651 6652
l 6652 6653
l 6653 6654
l 6654 6655
l 6655 6656
l 6656 6657
l 6658 6659
l 6659 6660
l 6660 6661
l 6661 6662
l 6662 6663
l 6663 6664
l 6664 6665
l 6665 6666
l 6667 6668
l 6668 6669
l 6669 6670
l 6670 6671
l 6671 6672
l 6672 6673
l 6673 6674
l 6674 6675
l 6676 6677
l 6677 6678
l 6678 6679
l 6679 6680
l 6680 6681
l 6681 6682
l 6682 6683
l 6683 6684

l 6685 6686
l 6686 6687
l 6687 6688
l 6688 6689
l 6689 6690
l 6690 6691
l 6691 6692
l 6692 6693
l 6694 6695
l 6695 6696
l 6696 6697
l 6697 6698
l 6698 6699
l 6699 6700
l 6700 6701
l 6701 6702
l 6703 6704
l 6704 6705
l 6705 6706
l 6706 6707
l 6707 6708
l 6708 6709
l 6709 6710
l 6710 6711
l 6712 6713
l 6713 6714
l 6714 6715
l 6715 6716
l 6716 6717
l 6717 6718
l 6718 6719
l 6719 6720

l 6721 6722
l 6722 6723
l 6723 6724
l 6724 6725
l 6725 6726
l 6726 6727
l 6727 6728
l 6728 6729
l 6730 6731
l 6731 6732
l 6732 6733
l 6733 6734
l 6734 6735
l 6735 6736
l 6736 6737
l 6737 6738
l 6739 6740
l 6740 6741
l 6741 6742
l 6742 6743
l 6743 6744
l 6744 6745
l 6745 6746
l 6746 6747
l 6748 6749
l 6749 6750
l 6750 6751
l 6751 6752
l 6752 6753
l 6753 6754
l 6754 6755
l 6755 6756

l 6757 6758
l 6758 6759
l 6759 6760
l 6760 6761
l 6761 6762
l 6762 6763
l 6763 6764
l 6764 6765
l 6766 6767
l 6767 6768
l 6768 6769
l 6769 6770
l 6770 6771
l 6771 6772
l 6772 6773
l 6773 6774
l 6775 6776
l 6776 6777
l 6777 6778
l 6778 6779
l 6779 6780
l 6780 6781
l 6781 6782
l 6782 6783
l 6784 6785
l 6785 6786
l 6786 6787
l 6787 6788
l 6788 6789
l 6789 6790
l 6790 6791
l 6791 6792

l 6793 6794
l 6794 6795
l 6795 6796
l 6796 6797
l 6797 6798
l 6798 6799
l 6799 6800
l 6800 6801
l 6802 6803
l 6803 6804
l 6804 6805
l 6805 6806
l 6806 6807
l 6807 6808
l 6808 6809
l 6809 6810
l 6811 6812
l 6812 6813
l 6813 6814
l 6814 6815
l 6815 6816
l 6816 6817
l 6817 6818
l 6818 6819
l 6820 6821
l 6821 6822
l 6822 6823
l 6823 6824
l 6824 6825
l 6825 6826
l 6826 6827
l 6827 6828

l 6829 6830
l 6830 6831
l 6831 6832
l 6832 6833
l 6833 6834
l 6834 6835
l 6835 6836
l 6836 6837
l 6838 6839
l 6839 6840
l 6840 6841
l 6841 6842
l 6842 6843
l 6843 6844
l 6844 6845
l 6845 6846
l 6847 6848
l 6848 6849
l 6849 6850
l 6850 6851
l 6851 6852
l 6852 6853
l 6853 6854
l 6854 6855
l 6856 6857
l 6857 6858
l 6858 6859
l 6859 6860
l 6860 6861
l 6861 6862
l 6862 6863
l 6863 6864

l 6865 6866
l 6866 6867
l 6867 6868
l 6868 6869
l 6869 6870
l 6870 6871
l 6871 6872
l 6872 6873
l 6874 6875
l 6875 6876
l 6876 6877
l 6877 6878
l 6878 6879
l 6879 6880
l 6880 6881
l 6881 6882
l 6883 6884
l 6884 6885
l 6885 6886
l 6886 6887
l 6887 6888
l 6888 6889
l 6889 6890
l 6890 6891
l 6892 6893
l 6893 6894
l 6894 6895
l 6895 6896
l 6896 6897
l 6897 6898
l 6898 6899
l 6899 6900

l 6901 6902
l 6902 6903
l 6903 6904
l 6904 6905
l 6905 6906
l 6906 6907
l 6907 6908
l 6908 6909
l 6910 6911
l 6911 6912
l 6912 6913
l 6913 6914
l 6914 6915
l 6915 6916
l 6916 6917
l 6917 6918
l 6919 6920
l 6920 6921
l 6921 6922
l 6922 6923
l 6923 6924
l 6924 6925
l 6925 6926
l 6926 6927
l 6928 6929
l 6929 6930
l 6930 6931
l 6931 6932
l 6932 6933
l 6933 6934
l 6934 6935
l 6935 6936

l 6937 6938
l 6938 6939
l 6939 6940
l 6940 6941
l 6941 6942
l 6942 6943
l 6943 6944
l 6944 6945
l 6946 6947
l 6947 6948
l 6948 6949
l 6949 6950
l 6950 6951
l 6951 6952
l 6952 6953
l 6953 6954
l 6955 6956
l 6956 6957
l 6957 6958
l 6958 6959
l 6959 6960
l 6960 6961
l 6961 6962
l 6962 6963
l 6964 6965
l 6965 6966
l 6966 6967
l 6967 6968
l 6968 6969
l 6969 6970
l 6970 6971
l 6971 6972

l 6973 6974
l 6974 6975
l 6975 6976
l 6976 6977
l 6977 6978
l 6978 6979
l 6979 6980
l 6980 6981
l 6982 6983
l 6983 6984
l 6984 6985
l 6985 6986
l 6986 6987
l 6987 6988
l 6988 6989
l 6989 6990
l 6991 6992
l 6992 6993
l 6993 6994
l 6994 6995
l 6995 6996
l 6996 6997
l 6997 6998
l 6998 6999
l 7000 7001
l 7001 7002
l 7002 7003
l 7003 7004
l 7004 7005
l 7005 7006
l 7006 7007
l 7007 7008

l 7009 7010
l 7010 7011
l 7011 7012
l 7012 7013
l 7013 7014
l 7014 7015
l 7015 7016
l 7016 7017
l 7018 7019
l 7019 7020
l 7020 7021
l 7021 7022
l 7022 7023
l 7023 7024
l 7024 7025
l 7025 7026
l 7027 7028
l 7028 7029
l 7029 7030
l 7030 7031
l 7031 7032
l 7032 7033
l 7033 7034
l 7034 7035
l 7036 7037
l 7037 7038
l 7038 7039
l 7039 7040
l 7040 7041
l 7041 7042
l 7042 7043
l 7043 7044

l 7045 7046
l 7046 7047
l 7047 7048
l 7048 7049
l 7049 7050
l 7050 7051
l 7051 7052
l 7052 7053
l 7054 7055
l 7055 7056
l 7056 7057
l 7057 7058
l 7058 7059
l 7059 7060
l 7060 7061
l 7061 7062
l 7063 7064
l 7064 7065
l 7065 7066
l 7066 7067
l 7067 7068
l 7068 7069
l 7069 7070
l 7070 7071
l 7072 7073
l 7073 7074
l 7074 7075
l 7075 7076
l 7076 7077
l 7077 7078
l 7078 7079
l 7079 7080

l 7081 7082
l 7082 7083
l 7083 7084
l 7084 7085
l 7085 7086
l 7086 7087
l 7087 7088
l 7088 7089
l 7090 7091
l 7091 7092
l 7092 7093
l 7093 7094
l 7094 7095
l 7095 7096
l 7096 7097
l 7097 7098
l 7099 7100
l 7100 7101
l 7101 7102
l 7102 7103
l 7103 7104
l 7104 7105
l 7105 7106
l 7106 7107
l 7108 7109
l 7109 7110
l 7110 7111
l 7111 7112
l 7112 7113
l 7113 7114
l 7114 7115
l 7115 7116

l 7117 7118
l 7118 7119
l 7119 7120
l 7120 7121
l 7121 7122
l 7122 7123
l 7123 7124
l 7124 7125
l 7126 7127
l 7127 7128
l 7128 7129
l 7129 7130
l 7130 7131
l 7131 7132
l 7132 7133
l 7133 7134
l 7135 7136
l 7136 7137
l 7137 7138
l 7138 7139
l 7139 7140
l 7140 7141
l 7141 7142
l 7142 7143
l 7144 7145
l 7145 7146
l 7146 7147
l 7147 7148
l 7148 7149
l 7149 7150
l 7150 7151
l 7151 7152

l 7153 7154
l 7154 7155
l 7155 7156
l 7156 7157
l 7157 7158
l 7158 7159
l 7159 7160
l 7160 7161
l 7162 7163
l 7163 7164
l 7164 7165
l 7165 7166
l 7166 7167
l 7167 7168
l 7168 7169
l 7169 7170
l 7171 7172
l 7172 7173
l 7173 7174
l 7174 7175
l 7175 7176
l 7176 7177
l 7177 7178
l 7178 7179
l 7180 7181
l 7181 7182
l 7182 7183
l 7183 7184
l 7184 7185
l 7185 7186
l 7186 7187
l 7187 7188

l 7189 7190
l 7190 7191
l 7191 7192
l 7192 7193
l 7193 7194
l 7194 7195
l 7195 7196
l 7196 7197
l 7198 7199
l 7199 7200
l 7200 7201
l 7201 7202
l 7202 7203
l 7203 7204
l 7204 7205
l 7205 7206
l 7207 7208
l 7208 7209
l 7209 7210
l 7210 7211
l 7211 7212
l 7212 7213
l 7213 7214
l 7214 7215
l 7216 7217
l 7217 7218
l 7218 7219
l 7219 7220
l 7220 7221
l 7221 7222
l 7222 7223
l 7223 7224

l 7225 7226
l 7226 7227
l 7227 7228
l 7228 7229
l 7229 7230
l 7230 7231
l 7231 7232
l 7232 7233
l 7234 7235
l 7235 7236
l 7236 7237
l 7237 7238
l 7238 7239
l 7239 7240
l 7240 7241
l 7241 7242
l 7243 7244
l 7244 7245
l 7245 7246
l 7246 7247
l 7247 7248
l 7248 7249
l 7249 7250
l 7250 7251
l 7252 7253
l 7253 7254
l 7254 7255
l 7255 7256
l 7256 7257
l 7257 7258
l 7258 7259
l 7259 7260

l 7261 7262
l 7262 7263
l 7263 7264
l 7264 7265
l 7265 7266
l 7266 7267
l 7267 7268
l 7268 7269
l 7270 7271
l 7271 7272
l 7272 7273
l 7273 7274
l 7274 7275
l 7275 7276
l 7276 7277
l 7277 7278
l 7279 7280
l 7280 7281
l 7281 7282
l 7282 7283
l 7283 7284
l 7284 7285
l 7285 7286
l 7286 7287
l 7288 7289
l 7289 7290
l 7290 7291
l 7291 7292
l 7292 7293
l 7293 7294
l 7294 7295
l 7295 7296

l 7297 7298
l 7298 7299
l 7299 7300
l 7300 7301
l 7301 7302
l 7302 7303
l 7303 7304
l 7304 7305
l 7306 7307
l 7307 7308
l 7308 7309
l 7309 7310
l 7310 7311
l 7311 7312
l 7312 7313
l 7313 7314
l 7315 7316
l 7316 7317
l 7317 7318
l 7318 7319
l 7319 7320
l 7320 7321
l 7321 7322
l 7322 7323
l 7324 7325
l 7325 7326
l 7326 7327
l 7327 7328
l 7328 7329
l 7329 7330
l 7330 7331
l 7331 7332

l 7333 7334
l 7334 7335
l 7335 7336
l 7336 7337
l 7337 7338
l 7338 7339
l 7339 7340
l 7340 7341
l 7342 7343
l 7343 7344
l 7344 7345
l 7345 7346
l 7346 7347
l 7347 7348
l 7348 7349
l 7349 7350
l 7351 7352
l 7352 7353
l 7353 7354
l 7354 7355
l 7355 7356
l 7356 7357
l 7357 7358
l 7358 7359
l 7360 7361
l 7361 7362
l 7362 7363
l 7363 7364
l 7364 7365
l 7365 7366
l 7366 7367
l 7367 7368

l 7369 7370
l 7370 7371
l 7371 7372
l 7372 7373
l 7373 7374
l 7374 7375
l 7375 7376
l 7376 7377
l 7378 7379
l 7379 7380
l 7380 7381
l 7381 7382
l 7382 7383
l 7383 7384
l 7384 7385
l 7385 7386
l 7387 7388
l 7388 7389
l 7389 7390
l 7390 7391
l 7391 7392
l 7392 7393
l 7393 7394
l 7394 7395
l 7396 7397
l 7397 7398
l 7398 7399
l 7399 7400
l 7400 7401
l 7401 7402
l 7402 7403
l 7403 7404

l 7405 7406
l 7406 7407
l 7407 7408
l 7408 7409
l 7409 7410
l 7410 7411
l 7411 7412
l 7412 7413
l 7414 7415
l 7415 7416
l 7416 7417
l 7417 7418
l 7418 7419
l 7419 7420
l 7420 7421
l 7421 7422
l 7423 7424
l 7424 7425
l 7425 7426
l 7426 7427
l 7427 7428
l 7428 7429
l 7429 7430
l 7430 7431
l 7432 7433
l 7433 7434
l 7434 7435
l 7435 7436
l 7436 7437
l 7437 7438
l 7438 7439
l 7439 7440

l 7441 7442
l 7442 7443
l 7443 7444
l 7444 7445
l 7445 7446
l 7446 7447
l 7447 7448
l 7448 7449
l 7450 7451
l 7451 7452
l 7452 7453
l 7453 7454
l 7454 7455
l 7455 7456
l 7456 7457
l 7457 7458
l 7459 7460
l 7460 7461
l 7461 7462
l 7462 7463
l 7463 7464
l 7464 7465
l 7465 7466
l 7466 7467
l 7468 7469
l 7469 7470
l 7470 7471
l 7471 7472
l 7472 7473
l 7473 7474
l 7474 7475
l 7475 7476

l 7477 7478
l 7478 7479
l 7479 7480
l 7480 7481
l 7481 7482
l 7482 7483
l 7483 7484
l 7484 7485
l 7486 7487
l 7487 7488
l 7488 7489
l 7489 7490
l 7490 7491
l 7491 7492
l 7492 7493
l 7493 7494
l 7495 7496
l 7496 7497
l 7497 7498
l 7498 7499
l 7499 7500
l 7500 7501
l 7501 7502
l 7502 7503
l 7504 7505
l 7505 7506
l 7506 7507
l 7507 7508
l 7508 7509
l 7509 7510
l 7510 7511
l 7511 7512

l 7513 7514
l 7514 7515
l 7515 7516
l 7516 7517
l 7517 7518
l 7518 7519
l 7519 7520
l 7520 7521
l 7522 7523
l 7523 7524
l 7524 7525
l 7525 7526
l 7526 7527
l 7527 7528
l 7528 7529
l 7529 7530
l 7531 7532
l 7532 7533
l 7533 7534
l 7534 7535
l 7535 7536
l 7536 7537
l 7537 7538
l 7538 7539
l 7540 7541
l 7541 7542
l 7542 7543
l 7543 7544
l 7544 7545
l 7545 7546
l 7546 7547
l 7547 7548

l 7549 7550
l 7550 7551
l 7551 7552
l 7552 7553
l 7553 7554
l 7554 7555
l 7555 7556
l 7556 7557
l 7558 7559
l 7559 7560
l 7560 7561
l 7561 7562
l 7562 7563
l 7563 7564
l 7564 7565
l 7565 7566
l 7567 7568
l 7568 7569
l 7569 7570
l 7570 7571
l 7571 7572
l 7572 7573
l 7573 7574
l 7574 7575
l 7576 7577
l 7577 7578
l 7578 7579
l 7579 7580
l 7580 7581
l 7581 7582
l 7582 7583
l 7583 7584

l 7585 7586
l 7586 7587
l 7587 7588
l 7588 7589
l 7589 7590
l 7590 7591
l 7591 7592
l 7592 7593
l 7594 7595
l 7595 7596
l 7596 7597
l 7597 7598
l 7598 7599
l 7599 7600
l 7600 7601
l 7601 7602
l 7603 7604
l 7604 7605
l 7605 7606
l 7606 7607
l 7607 7608
l 7608 7609
l 7609 7610
l 7610 7611
l 7612 7613
l 7613 7614
l 7614 7615
l 7615 7616
l 7616 7617
l 7617 7618
l 7618 7619
l 7619 7620

l 7621 7622
l 7622 7623
l 7623 7624
l 7624 7625
l 7625 7626
l 7626 7627
l 7627 7628
l 7628 7629
l 7630 7631
l 7631 7632
l 7632 7633
l 7633 7634
l 7634 7635
l 7635 7636
l 7636 7637
l 7637 7638
l 7639 7640
l 7640 7641
l 7641 7642
l 7642 7643
l 7643 7644
l 7644 7645
l 7645 7646
l 7646 7647
l 7648 7649
l 7649 7650
l 7650 7651
l 7651 7652
l 7652 7653
l 7653 7654
l 7654 7655
l 7655 7656

l 7657 7658
l 7658 7659
l 7659 7660
l 7660 7661
l 7661 7662
l 7662 7663
l 7663 7664
l 7664 7665
l 7666 7667
l 7667 7668
l 7668 7669
l 7669 7670
l 7670 7671
l 7671 7672
l 7672 7673
l 7673 7674
l 7675 7676
l 7676 7677
l 7677 7678
l 7678 7679
l 7679 7680
l 7680 7681
l 7681 7682
l 7682 7683
l 7684 7685
l 7685 7686
l 7686 7687
l 7687 7688
l 7688 7689
l 7689 7690
l 7690 7691
l 7691 7692

l 7693 7694
l 7694 7695
l 7695 7696
l 7696 7697
l 7697 7698
l 7698 7699
l 7699 7700
l 7700 7701
l 7702 7703
l 7703 7704
l 7704 7705
l 7705 7706
l 7706 7707
l 7707 7708
l 7708 7709
l 7709 7710
l 7711 7712
l 7712 7713
l 7713 7714
l 7714 7715
l 7715 7716
l 7716 7717
l 7717 7718
l 7718 7719
l 7720 7721
l 7721 7722
l 7722 7723
l 7723 7724
l 7724 7725
l 7725 7726
l 7726 7727
l 7727 7728

l 7729 7730
l 7730 7731
l 7731 7732
l 7732 7733
l 7733 7734
l 7734 7735
l 7735 7736
l 7736 7737
l 7738 7739
l 7739 7740
l 7740 7741
l 7741 7742
l 7742 7743
l 7743 7744
l 7744 7745
l 7745 7746
l 7747 7748
l 7748 7749
l 7749 7750
l 7750 7751
l 7751 7752
l 7752 7753
l 7753 7754
l 7754 7755
l 7756 7757
l 7757 7758
l 7758 7759
l 7759 7760
l 7760 7761
l 7761 7762
l 7762 7763
l 7763 7764

l 7765 7766
l 7766 7767
l 7767 7768
l 7768 7769
l 7769 7770
l 7770 7771
l 7771 7772
l 7772 7773
l 7774 7775
l 7775 7776
l 7776 7777
l 7777 7778
l 7778 7779
l 7779 7780
l 7780 7781
l 7781 7782
l 7783 7784
l 7784 7785
l 7785 7786
l 7786 7787
l 7787 7788
l 7788 7789
l 7789 7790
l 7790 7791
l 7792 7793
l 7793 7794
l 7794 7795
l 7795 7796
l 7796 7797
l 7797 7798
l 7798 7799
l 7799 7800

l 7801 7802
l 7802 7803
l 7803 7804
l 7804 7805
l 7805 7806
l 7806 7807
l 7807 7808
l 7808 7809
l 7810 7811
l 7811 7812
l 7812 7813
l 7813 7814
l 7814 7815
l 7815 7816
l 7816 7817
l 7817 7818
l 7819 7820
l 7820 7821
l 7821 7822
l 7822 7823
l 7823 7824
l 7824 7825
l 7825 7826
l 7826 7827
l 7828 7829
l 7829 7830
l 7830 7831
l 7831 7832
l 7832 7833
l 7833 7834
l 7834 7835
l 7835 7836

l 7837 7838
l 7838 7839
l 7839 7840
l 7840 7841
l 7841 7842
l 7842 7843
l 7843 7844
l 7844 7845
l 7846 7847
l 7847 7848
l 7848 7849
l 7849 7850
l 7850 7851
l 7851 7852
l 7852 7853
l 7853 7854
l 7855 7856
l 7856 7857
l 7857 7858
l 7858 7859
l 7859 7860
l 7860 7861
l 7861 7862
l 7862 7863
l 7864 7865
l 7865 7866
l 7866 7867
l 7867 7868
l 7868 7869
l 7869 7870
l 7870 7871
l 7871 7872

l 7873 7874
l 7874 7875
l 7875 7876
l 7876 7877
l 7877 7878
l 7878 7879
l 7879 7880
l 7880 7881
l 7882 7883
l 7883 7884
l 7884 7885
l 7885 7886
l 7886 7887
l 7887 7888
l 7888 7889
l 7889 7890
l 7891 7892
l 7892 7893
l 7893 7894
l 7894 7895
l 7895 7896
l 7896 7897
l 7897 7898
l 7898 7899
l 7900 7901
l 7901 7902
l 7902 7903
l 7903 7904
l 7904 7905
l 7905 7906
l 7906 7907
l 7907 7908

l 7909 7910
l 7910 7911
l 7911 7912
l 7912 7913
l 7913 7914
l 7914 7915
l 7915 7916
l 7916 7917
l 7918 7919
l 7919 7920
l 7920 7921
l 7921 7922
l 7922 7923
l 7923 7924
l 7924 7925
l 7925 7926
l 7927 7928
l 7928 7929
l 7929 7930
l 7930 7931
l 7931 7932
l 7932 7933
l 7933 7934
l 7934 7935
l 7936 7937
l 7937 7938
l 7938 7939
l 7939 7940
l 7940 7941
l 7941 7942
l 7942 7943
l 7943 7944

l 7945 7946
l 7946 7947
l 7947 7948
l 7948 7949
l 7949 7950
l 7950 7951
l 7951 7952
l 7952 7953
l 7954 7955
l 7955 7956
l 7956 7957
l 7957 7958
l 7958 7959
l 7959 7960
l 7960 7961
l 7961 7962
l 7963 7964
l 7964 7965
l 7965 7966
l 7966 7967
l 7967 7968
l 7968 7969
l 7969 7970
l 7970 7971
l 7972 7973
l 7973 7974
l 7974 7975
l 7975 7976
l 7976 7977
l 7977 7978
l 7978 7979
l 7979 7980

l 7981 7982
l 7982 7983
l 7983 7984
l 7984 7985
l 7985 7986
l 7986 7987
l 7987 7988
l 7988 7989
l 7990 7991
l 7991 7992
l 7992 7993
l 7993 7994
l 7994 7995
l 7995 7996
l 7996 7997
l 7997 7998
l 7999 8000
l 8000 8001
l 8001 8002
l 8002 8003
l 8003 8004
l 8004 8005
l 8005 8006
l 8006 8007
l 8008 8009
l 8009 8010
l 8010 8011
l 8011 8012
l 8012 8013
l 8013 8014
l 8014 8015
l 8015 8016

l 8017 8018
l 8018 8019
l 8019 8020
l 8020 8021
l 8021 8022
l 8022 8023
l 8023 8024
l 8024 8025
l 8026 8027
l 8027 8028
l 8028 8029
l 8029 8030
l 8030 8031
l 8031 8032
l 8032 8033
l 8033 8034
l 8035 8036
l 8036 8037
l 8037 8038
l 8038 8039
l 8039 8040
l 8040 8041
l 8041 8042
l 8042 8043
l 8044 8045
l 8045 8046
l 8046 8047
l 8047 8048
l 8048 8049
l 8049 8050
l 8050 8051
l 8051 8052

l 8053 8054
l 8054 8055
l 8055 8056
l 8056 8057
l 8057 8058
l 8058 8059
l 8059 8060
l 8060 8061
l 8062 8063
l 8063 8064
l 8064 8065
l 8065 8066
l 8066 8067
l 8067 8068
l 8068 8069
l 8069 8070
l 8071 8072
l 8072 8073
l 8073 8074
l 8074 8075
l 8075 8076
l 8076 8077
l 8077 8078
l 8078 8079
l 8080 8081
l 8081 8082
l 8082 8083
l 8083 8084
l 8084 8085
l 8085 8086
l 8086 8087
l 8087 8088

l 8089 8090
l 8090 8091
l 8091 8092
l 8092 8093
l 8093 8094
l 8094 8095
l 8095 8096
l 8096 8097
l 8098 8099
l 8099 8100
l 8100 8101
l 8101 8102
l 8102 8103
l 8103 8104
l 8104 8105
l 8105 8106
l 8107 8108
l 8108 8109
l 8109 8110
l 8110 8111
l 8111 8112
l 8112 8113
l 8113 8114
l 8114 8115
l 8116 8117
l 8117 8118
l 8118 8119
l 8119 8120
l 8120 8121
l 8121 8122
l 8122 8123
l 8123 8124

l 8125 8126
l 8126 8127
l 8127 8128
l 8128 8129
l 8129 8130
l 8130 8131
l 8131 8132
l 8132 8133
l 8134 8135
l 8135 8136
l 8136 8137
l 8137 8138
l 8138 8139
l 8139 8140
l 8140 8141
l 8141 8142
l 8143 8144
l 8144 8145
l 8145 8146
l 8146 8147
l 8147 8148
l 8148 8149
l 8149 8150
l 8150 8151
l 8152 8153
l 8153 8154
l 8154 8155
l 8155 8156
l 8156 8157
l 8157 8158
l 8158 8159
l 8159 8160

l 8161 8162
l 8162 8163
l 8163 8164
l 8164 8165
l 8165 8166
l 8166 8167
l 8167 8168
l 8168 8169
l 8170 8171
l 8171 8172
l 8172 8173
l 8173 8174
l 8174 8175
l 8175 8176
l 8176 8177
l 8177 8178
l 8179 8180
l 8180 8181
l 8181 8182
l 8182 8183
l 8183 8184
l 8184 8185
l 8185 8186
l 8186 8187
l 8188 8189
l 8189 8190
l 8190 8191
l 8191 8192
l 8192 8193
l 8193 8194
l 8194 8195
l 8195 8196

l 8197 8198
l 8198 8199
l 8199 8200
l 8200 8201
l 8201 8202
l 8202 8203
l 8203 8204
l 8204 8205
l 8206 8207
l 8207 8208
l 8208 8209
l 8209 8210
l 8210 8211
l 8211 8212
l 8212 8213
l 8213 8214
l 8215 8216
l 8216 8217
l 8217 8218
l 8218 8219
l 8219 8220
l 8220 8221
l 8221 8222
l 8222 8223
l 8224 8225
l 8225 8226
l 8226 8227
l 8227 8228
l 8228 8229
l 8229 8230
l 8230 8231
l 8231 8232

l 8233 8234
l 8234 8235
l 8235 8236
l 8236 8237
l 8237 8238
l 8238 8239
l 8239 8240
l 8240 8241
l 8242 8243
l 8243 8244
l 8244 8245
l 8245 8246
l 8246 8247
l 8247 8248
l 8248 8249
l 8249 8250
l 8251 8252
l 8252 8253
l 8253 8254
l 8254 8255
l 8255 8256
l 8256 8257
l 8257 8258
l 8258 8259
l 8260 8261
l 8261 8262
l 8262 8263
l 8263 8264
l 8264 8265
l 8265 8266
l 8266 8267
l 8267 8268

l 8269 8270
l 8270 8271
l 8271 8272
l 8272 8273
l 8273 8274
l 8274 8275
l 8275 8276
l 8276 8277
l 8278 8279
l 8279 8280
l 8280 8281
l 8281 8282
l 8282 8283
l 8283 8284
l 8284 8285
l 8285 8286
l 8287 8288
l 8288 8289
l 8289 8290
l 8290 8291
l 8291 8292
l 8292 8293
l 8293 8294
l 8294 8295
l 8296 8297
l 8297 8298
l 8298 8299
l 8299 8300
l 8300 8301
l 8301 8302
l 8302 8303
l 8303 8304

l 8305 8306
l 8306 8307
l 8307 8308
l 8308 8309
l 8309 8310
l 8310 8311
l 8311 8312
l 8312 8313
l 8314 8315
l 8315 8316
l 8316 8317
l 8317 8318
l 8318 8319
l 8319 8320
l 8320 8321
l 8321 8322
l 8323 8324
l 8324 8325
l 8325 8326
l 8326 8327
l 8327 8328
l 8328 8329
l 8329 8330
l 8330 8331
l 8332 8333
l 8333 8334
l 8334 8335
l 8335 8336
l 8336 8337
l 8337 8338
l 8338 8339
l 8339 8340

l 8341 8342
l 8342 8343
l 8343 8344
l 8344 8345
l 8345 8346
l 8346 8347
l 8347 8348
l 8348 8349
l 8350 8351
l 8351 8352
l 8352 8353
l 8353 8354
l 8354 8355
l 8355 8356
l 8356 8357
l 8357 8358
l 8359 8360
l 8360 8361
l 8361 8362
l 8362 8363
l 8363 8364
l 8364 8365
l 8365 8366
l 8366 8367
l 8368 8369
l 8369 8370
l 8370 8371
l 8371 8372
l 8372 8373
l 8373 8374
l 8374 8375
l 8375 8376

l 8377 8378
l 8378 8379
l 8379 8380
l 8380 8381
l 8381 8382
l 8382 8383
l 8383 8384
l 8384 8385
l 8386 8387
l 8387 8388
l 8388 8389
l 8389 8390
l 8390 8391
l 8391 8392
l 8392 8393
l 8393 8394
l 8395 8396
l 8396 8397
l 8397 8398
l 8398 8399
l 8399 8400
l 8400 8401
l 8401 8402
l 8402 8403
l 8404 8405
l 8405 8406
l 8406 8407
l 8407 8408
l 8408 8409
l 8409 8410
l 8410 8411
l 8411 8412

l 8413 8414
l 8414 8415
l 8415 8416
l 8416 8417
l 8417 8418
l 8418 8419
l 8419 8420
l 8420 8421
l 8422 8423
l 8423 8424
l 8424 8425
l 8425 8426
l 8426 8427
l 8427 8428
l 8428 8429
l 8429 8430
l 8431 8432
l 8432 8433
l 8433 8434
l 8434 8435
l 8435 8436
l 8436 8437
l 8437 8438
l 8438 8439
l 8440 8441
l 8441 8442
l 8442 8443
l 8443 8444
l 8444 8445
l 8445 8446
l 8446 8447
l 8447 8448

l 8449 8450
l 8450 8451
l 8451 8452
l 8452 8453
l 8453 8454
l 8454 8455
l 8455 8456
l 8456 8457
l 8458 8459
l 8459 8460
l 8460 8461
l 8461 8462
l 8462 8463
l 8463 8464
l 8464 8465
l 8465 8466
l 8467 8468
l 8468 8469
l 8469 8470
l 8470 8471
l 8471 8472
l 8472 8473
l 8473 8474
l 8474 8475
l 8476 8477
l 8477 8478
l 8478 8479
l 8479 8480
l 8480 8481
l 8481 8482
l 8482 8483
l 8483 8484

l 8485 8486
l 8486 8487
l 8487 8488
l 8488 8489
l 8489 8490
l 8490 8491
l 8491 8492
l 8492 8493
l 8494 8495
l 8495 8496
l 8496 8497
l 8497 8498
l 8498 8499
l 8499 8500
l 8500 8501
l 8501 8502
l 8503 8504
l 8504 8505
l 8505 8506
l 8506 8507
l 8507 8508
l 8508 8509
l 8509 8510
l 8510 8511
l 8512 8513
l 8513 8514
l 8514 8515
l 8515 8516
l 8516 8517
l 8517 8518
l 8518 8519
l 8519 8520

l 8521 8522
l 8522 8523
l 8523 8524
l 8524 8525
l 8525 8526
l 8526 8527
l 8527 8528
l 8528 8529
l 8530 8531
l 8531 8532
l 8532 8533
l 8533 8534
l 8534 8535
l 8535 8536
l 8536 8537
l 8537 8538
l 8539 8540
l 8540 8541
l 8541 8542
l 8542 8543
l 8543 8544
l 8544 8545
l 8545 8546
l 8546 8547
l 8548 8549
l 8549 8550
l 8550 8551
l 8551 8552
l 8552 8553
l 8553 8554
l 8554 8555
l 8555 8556

l 8557 8558
l 8558 8559
l 8559 8560
l 8560 8561
l 8561 8562
l 8562 8563
l 8563 8564
l 8564 8565
l 8566 8567
l 8567 8568
l 8568 8569
l 8569 8570
l 8570 8571
l 8571 8572
l 8572 8573
l 8573 8574
l 8575 8576
l 8576 8577
l 8577 8578
l 8578 8579
l 8579 8580
l 8580 8581
l 8581 8582
l 8582 8583
l 8584 8585
l 8585 8586
l 8586 8587
l 8587 8588
l 8588 8589
l 8589 8590
l 8590 8591
l 8591 8592

l 8593 8594
l 8594 8595
l 8595 8596
l 8596 8597
l 8597 8598
l 8598 8599
l 8599 8600
l 8600 8601
l 8602 8603
l 8603 8604
l 8604 8605
l 8605 8606
l 8606 8607
l 8607 8608
l 8608 8609
l 8609 8610
l 8611 8612
l 8612 8613
l 8613 8614
l 8614 8615
l 8615 8616
l 8616 8617
l 8617 8618
l 8618 8619
l 8620 8621
l 8621 8622
l 8622 8623
l 8623 8624
l 8624 8625
l 8625 8626
l 8626 8627
l 8627 8628

l 8629 8630
l 8630 8631
l 8631 8632
l 8632 8633
l 8633 8634
l 8634 8635
l 8635 8636
l 8636 8637
l 8638 8639
l 8639 8640
l 8640 8641
l 8641 8642
l 8642 8643
l 8643 8644
l 8644 8645
l 8645 8646
l 8647 8648
l 8648 8649
l 8649 8650
l 8650 8651
l 8651 8652
l 8652 8653
l 8653 8654
l 8654 8655
l 8656 8657
l 8657 8658
l 8658 8659
l 8659 8660
l 8660 8661
l 8661 8662
l 8662 8663
l 8663 8664

l 8665 8666
l 8666 8667
l 8667 8668
l 8668 8669
l 8669 8670
l 8670 8671
l 8671 8672
l 8672 8673
l 8674 8675
l 8675 8676
l 8676 8677
l 8677 8678
l 8678 8679
l 8679 8680
l 8680 8681
l 8681 8682
l 8683 8684
l 8684 8685
l 8685 8686
l 8686 8687
l 8687 8688
l 8688 8689
l 8689 8690
l 8690 8691
l 8692 8693
l 8693 8694
l 8694 8695
l 8695 8696
l 8696 8697
l 8697 8698
l 8698 8699
l 8699 8700

l 8701 8702
l 8702 8703
l 8703 8704
l 8704 8705
l 8705 8706
l 8706 8707
l 8707 8708
l 8708 8709
l 8710 8711
l 8711 8712
l 8712 8713
l 8713 8714
l 8714 8715
l 8715 8716
l 8716 8717
l 8717 8718
l 8719 8720
l 8720 8721
l 8721 8722
l 8722 8723
l 8723 8724
l 8724 8725
l 8725 8726
l 8726 8727
l 8728 8729
l 8729 8730
l 8730 8731
l 8731 8732
l 8732 8733
l 8733 8734
l 8734 8735
l 8735 8736

l 8737 8738
l 8738 8739
l 8739 8740
l 8740 8741
l 8741 8742
l 8742 8743
l 8743 8744
l 8744 8745
l 8746 8747
l 8747 8748
l 8748 8749
l 8749 8750
l 8750 8751
l 8751 8752
l 8752 8753
l 8753 8754
l 8755 8756
l 8756 8757
l 8757 8758
l 8758 8759
l 8759 8760
l 8760 8761
l 8761 8762
l 8762 8763
l 8764 8765
l 8765 8766
l 8766 8767
l 8767 8768
l 8768 8769
l 8769 8770
l 8770 8771
l 8771 8772

l 8773 8774
l 8774 8775
l 8775 8776
l 8776 8777
l 8777 8778
l 8778 8779
l 8779 8780
l 8780 8781
l 8782 8783
l 8783 8784
l 8784 8785
l 8785 8786
l 8786 8787
l 8787 8788
l 8788 8789
l 8789 8790
l 8791 8792
l 8792 8793
l 8793 8794
l 8794 8795
l 8795 8796
l 8796 8797
l 8797 8798
l 8798 8799
l 8800 8801
l 8801 8802
l 8802 8803
l 8803 8804
l 8804 8805
l 8805 8806
l 8806 8807
l 8807 8808

l 8809 8810
l 8810 8811
l 8811 8812
l 8812 8813
l 8813 8814
l 8814 8815
l 8815 8816
l 8816 8817
l 8818 8819
l 8819 8820
l 8820 8821
l 8821 8822
l 8822 8823
l 8823 8824
l 8824 8825
l 8825 8826
l 8827 8828
l 8828 8829
l 8829 8830
l 8830 8831
l 8831 8832
l 8832 8833
l 8833 8834
l 8834 8835
l 8836 8837
l 8837 8838
l 8838 8839
l 8839 8840
l 8840 8841
l 8841 8842
l 8842 8843
l 8843 8844

l 8845 8846
l 8846 8847
l 8847 8848
l 8848 8849
l 8849 8850
l 8850 8851
l 8851 8852
l 8852 8853
l 8854 8855
l 8855 8856
l 8856 8857
l 8857 8858
l 8858 8859
l 8859 8860
l 8860 8861
l 8861 8862
l 8863 8864
l 8864 8865
l 8865 8866
l 8866 8867
l 8867 8868
l 8868 8869
l 8869 8870
l 8870 8871
l 8872 8873
l 8873 8874
l 8874 8875
l 8875 8876
l 8876 8877
l 8877 8878
l 8878 8879
l 8879 8880

l 8881 8882
l 8882 8883
l 8883 8884
l 8884 8885
l 8885 8886
l 8886 8887
l 8887 8888
l 8888 8889
l 8890 8891
l 8891 8892
l 8892 8893
l 8893 8894
l 8894 8895
l 8895 8896
l 8896 8897
l 8897 8898
l 8899 8900
l 8900 8901
l 8901 8902
l 8902 8903
l 8903 8904
l 8904 8905
l 8905 8906
l 8906 8907
l 8908 8909
l 8909 8910
l 8910 8911
l 8911 8912
l 8912 8913
l 8913 8914
l 8914 8915
l 8915 8916

l 8917 8918
l 8918 8919
l 8919 8920
l 8920 8921
l 8921 8922
l 8922 8923
l 8923 8924
l 8924 8925
l 8926 8927
l 8927 8928
l 8928 8929
l 8929 8930
l 8930 8931
l 8931 8932
l 8932 8933
l 8933 8934
l 8935 8936
l 8936 8937
l 8937 8938
l 8938 8939
l 8939 8940
l 8940 8941
l 8941 8942
l 8942 8943
l 8944 8945
l 8945 8946
l 8946 8947
l 8947 8948
l 8948 8949
l 8949 8950
l 8950 8951
l 8951 8952

l 8953 8954
l 8954 8955
l 8955 8956
l 8956 8957
l 8957 8958
l 8958 8959
l 8959 8960
l 8960 8961
l 8962 8963
l 8963 8964
l 8964 8965
l 8965 8966
l 8966 8967
l 8967 8968
l 8968 8969
l 8969 8970
l 8971 8972
l 8972 8973
l 8973 8974
l 8974 8975
l 8975 8976
l 8976 8977
l 8977 8978
l 8978 8979
l 8980 8981
l 8981 8982
l 8982 8983
l 8983 8984
l 8984 8985
l 8985 8986
l 8986 8987
l 8987 8988

l 8989 8990
l 8990 8991
l 8991 8992
l 8992 8993
l 8993 8994
l 8994 8995
l 8995 8996
l 8996 8997
l 8998 8999
l 8999 9000
l 9000 9001
l 9001 9002
l 9002 9003
l 9003 9004
l 9004 9005
l 9005 9006
l 9007 9008
l 9008 9009
l 9009 9010
l 9010 9011
l 9011 9012
l 9012 9013
l 9013 9014
l 9014 9015
l 9016 9017
l 9017 9018
l 9018 9019
l 9019 9020
l 9020 9021
l 9021 9022
l 9022 9023
l 9023 9024

l 9025 9026
l 9026 9027
l 9027 9028
l 9028 9029
l 9029 9030
l 9030 9031
l 9031 9032
l 9032 9033
l 9034 9035
l 9035 9036
l 9036 9037
l 9037 9038
l 9038 9039
l 9039 9040
l 9040 9041
l 9041 9042
l 9043 9044
l 9044 9045
l 9045 9046
l 9046 9047
l 9047 9048
l 9048 9049
l 9049 9050
l 9050 9051
l 9052 9053
l 9053 9054
l 9054 9055
l 9055 9056
l 9056 9057
l 9057 9058
l 9058 9059
l 9059 9060

l 9061 9062
l 9062 9063
l 9063 9064
l 9064 9065
l 9065 9066
l 9066 9067
l 9067 9068
l 9068 9069
l 9070 9071
l 9071 9072
l 9072 9073
l 9073 9074
l 9074 9075
l 9075 9076
l 9076 9077
l 9077 9078
l 9079 9080
l 9080 9081
l 9081 9082
l 9082 9083
l 9083 9084
l 9084 9085
l 9085 9086
l 9086 9087
l 9088 9089
l 9089 9090
l 9090 9091
l 9091 9092
l 9092 9093
l 9093 9094
l 9094 9095
l 9095 9096

l 9097 9098
l 9098 9099
l 9099 9100
l 9100 9101
l 9101 9102
l 9102 9103
l 9103 9104
l 9104 9105
l 9106 9107
l 9107 9108
l 9108 9109
l 9109 9110
l 9110 9111
l 9111 9112
l 9112 9113
l 9113 9114
l 9115 9116
l 9116 9117
l 9117 9118
l 9118 9119
l 9119 9120
l 9120 9121
l 9121 9122
l 9122 9123
l 9124 9125
l 9125 9126
l 9126 9127
l 9127 9128
l 9128 9129
l 9129 9130
l 9130 9131
l 9131 9132

l 9133 9134
l 9134 9135
l 9135 9136
l 9136 9137
l 9137 9138
l 9138 9139
l 9139 9140
l 9140 9141
l 9142 9143
l 9143 9144
l 9144 9145
l 9145 9146
l 9146 9147
l 9147 9148
l 9148 9149
l 9149 9150
l 9151 9152
l 9152 9153
l 9153 9154
l 9154 9155
l 9155 9156
l 9156 9157
l 9157 9158
l 9158 9159
l 9160 9161
l 9161 9162
l 9162 9163
l 9163 9164
l 9164 9165
l 9165 9166
l 9166 9167
l 9167 9168

l 9169 9170
l 9170 9171
l 9171 9172
l 9172 9173
l 9173 9174
l 9174 9175
l 9175 9176
l 9176 9177
l 9178 9179
l 9179 9180
l 9180 9181
l 9181 9182
l 9182 9183
l 9183 9184
l 9184 9185
l 9185 9186
l 9187 9188
l 9188 9189
l 9189 9190
l 9190 9191
l 9191 9192
l 9192 9193
l 9193 9194
l 9194 9195
l 9196 9197
l 9197 9198
l 9198 9199
l 9199 9200
l 9200 9201
l 9201 9202
l 9202 9203
l 9203 9204

l 9205 9206
l 9206 9207
l 9207 9208
l 9208 9209
l 9209 9210
l 9210 9211
l 9211 9212
l 9212 9213
l 9214 9215
l 9215 9216
l 9216 9217
l 9217 9218
l 9218 9219
l 9219 9220
l 9220 9221
l 9221 9222
l 9223 9224
l 9224 9225
l 9225 9226
l 9226 9227
l 9227 9228
l 9228 9229
l 9229 9230
l 9230 9231
l 9232 9233
l 9233 9234
l 9234 9235
l 9235 9236
l 9236 9237
l 9237 9238
l 9238 9239
l 9239 9240

l 9241 9242
l 9242 9243
l 9243 9244
l 9244 9245
l 9245 9246
l 9246 9247
l 9247 9248
l 9248 9249
l 9250 9251
l 9251 9252
l 9252 9253
l 9253 9254
l 9254 9255
l 9255 9256
l 9256 9257
l 9257 9258
l 9259 9260
l 9260 9261
l 9261 9262
l 9262 9263
l 9263 9264
l 9264 9265
l 9265 9266
l 9266 9267
l 9268 9269
l 9269 9270
l 9270 9271
l 9271 9272
l 9272 9273
l 9273 9274
l 9274 9275
l 9275 9276

l 9277 9278
l 9278 9279
l 9279 9280
l 9280 9281
l 9281 9282
l 9282 9283
l 9283 9284
l 9284 9285
l 9286 9287
l 9287 9288
l 9288 9289
l 9289 9290
l 9290 9291
l 9291 9292
l 9292 9293
l 9293 9294
l 9295 9296
l 9296 9297
l 9297 9298
l 9298 9299
l 9299 9300
l 9300 9301
l 9301 9302
l 9302 9303
l 9304 9305
l 9305 9306
l 9306 9307
l 9307 9308
l 9308 9309
l 9309 9310
l 9310 9311
l 9311 9312

l 9313 9314
l 9314 9315
l 9315 9316
l 9316 9317
l 9317 9318
l 9318 9319
l 9319 9320
l 9320 9321
l 9322 9323
l 9323 9324
l 9324 9325
l 9325 9326
l 9326 9327
l 9327 9328
l 9328 9329
l 9329 9330
l 9331 9332
l 9332 9333
l 9333 9334
l 9334 9335
l 9335 9336
l 9336 9337
l 9337 9338
l 9338 9339
l 9340 9341
l 9341 9342
l 9342 9343
l 9343 9344
l 9344 9345
l 9345 9346
l 9346 9347
l 9347 9348

l 9349 9350
l 9350 9351
l 9351 9352
l 9352 9353
l 9353 9354
l 9354 9355
l 9355 9356
l 9356 9357
l 9358 9359
l 9359 9360
l 9360 9361
l 9361 9362
l 9362 9363
l 9363 9364
l 9364 9365
l 9365 9366
l 9367 9368
l 9368 9369
l 9369 9370
l 9370 9371
l 9371 9372
l 9372 9373
l 9373 9374
l 9374 9375
l 9376 9377
l 9377 9378
l 9378 9379
l 9379 9380
l 9380 9381
l 9381 9382
l 9382 9383
l 9383 9384

l 9385 9386
l 9386 9387
l 9387 9388
l 9388 9389
l 9389 9390
l 9390 9391
l 9391 9392
l 9392 9393
l 9394 9395
l 9395 9396
l 9396 9397
l 9397 9398
l 9398 9399
l 9399 9400
l 9400 9401
l 9401 9402
l 9403 9404
l 9404 9405
l 9405 9406
l 9406 9407
l 9407 9408
l 9408 9409
l 9409 9410
l 9410 9411
l 9412 9413
l 9413 9414
l 9414 9415
l 9415 9416
l 9416 9417
l 9417 9418
l 9418 9419
l 9419 9420

l 9421 9422
l 9422 9423
l 9423 9424
l 9424 9425
l 9425 9426
l 9426 9427
l 9427 9428
l 9428 9429
l 9430 9431
l 9431 9432
l 9432 9433
l 9433 9434
l 9434 9435
l 9435 9436
l 9436 9437
l 9437 9438
l 9439 9440
l 9440 9441
l 9441 9442
l 9442 9443
l 9443 9444
l 9444 9445
l 9445 9446
l 9446 9447
l 9448 9449
l 9449 9450
l 9450 9451
l 9451 9452
l 9452 9453
l 9453 9454
l 9454 9455
l 9455 9456

l 9457 9458
l 9458 9459
l 9459 9460
l 9460 9461
l 9461 9462
l 9462 9463
l 9463 9464
l 9464 9465
l 9466 9467
l 9467 9468
l 9468 9469
l 9469 9470
l 9470 9471
l 9471 9472
l 9472 9473
l 9473 9474
l 9475 9476
l 9476 9477
l 9477 9478
l 9478 9479
l 9479 9480
l 9480 9481
l 9481 9482
l 9482 9483
l 9484 9485
l 9485 9486
l 9486 9487
l 9487 9488
l 9488 9489
l 9489 9490
l 9490 9491
l 9491 9492

l 9493 9494
l 9494 9495
l 9495 9496
l 9496 9497
l 9497 9498
l 9498 9499
l 9499 9500
l 9500 9501
l 9502 9503
l 9503 9504
l 9504 9505
l 9505 9506
l 9506 9507
l 9507 9508
l 9508 9509
l 9509 9510
l 9511 9512
l 9512 9513
l 9513 9514
l 9514 9515
l 9515 9516
l 9516 9517
l 9517 9518
l 9518 9519
l 9520 9521
l 9521 9522
l 9522 9523
l 9523 9524
l 9524 9525
l 9525 9526
l 9526 9527
l 9527 9528

l 9529 9530
l 9530 9531
l 9531 9532
l 9532 9533
l 9533 9534
l 9534 9535
l 9535 9536
l 9536 9537
l 9538 9539
l 9539 9540
l 9540 9541
l 9541 9542
l 9542 9543
l 9543 9544
l 9544 9545
l 9545 9546
l 9547 9548
l 9548 9549
l 9549 9550
l 9550 9551
l 9551 9552
l 9552 9553
l 9553 9554
l 9554 9555
l 9556 9557
l 9557 9558
l 9558 9559
l 9559 9560
l 9560 9561
l 9561 9562
l 9562 9563
l 9563 9564

l 9565 9566
l 9566 9567
l 9567 9568
l 9568 9569
l 9569 9570
l 9570 9571
l 9571 9572
l 9572 9573
l 9574 9575
l 9575 9576
l 9576 9577
l 9577 9578
l 9578 9579
l 9579 9580
l 9580 9581
l 9581 9582
l 9583 9584
l 9584 9585
l 9585 9586
l 9586 9587
l 9587 9588
l 9588 9589
l 9589 9590
l 9590 9591
l 9592 9593
l 9593 9594
l 9594 9595
l 9595 9596
l 9596 9597
l 9597 9598
l 9598 9599
l 9599 9600

l 9601 9602
l 9602 9603
l 9603 9604
l 9604 9605
l 9605 9606
l 9606 9607
l 9607 9608
l 9608 9609
l 9610 9611
l 9611 9612
l 9612 9613
l 9613 9614
l 9614 9615
l 9615 9616
l 9616 9617
l 9617 9618
l 9619 9620
l 9620 9621
l 9621 9622
l 9622 9623
l 9623 9624
l 9624 9625
l 9625 9626
l 9626 9627
l 9628 9629
l 9629 9630
l 9630 9631
l 9631 9632
l 9632 9633
l 9633 9634
l 9634 9635
l 9635 9636

l 9637 9638
l 9638 9639
l 9639 9640
l 9640 9641
l 9641 9642
l 9642 9643
l 9643 9644
l 9644 9645
l 9646 9647
l 9647 9648
l 9648 9649
l 9649 9650
l 9650 9651
l 9651 9652
l 9652 9653
l 9653 9654
l 9655 9656
l 9656 9657
l 9657 9658
l 9658 9659
l 9659 9660
l 9660 9661
l 9661 9662
l 9662 9663
l 9664 9665
l 9665 9666
l 9666 9667
l 9667 9668
l 9668 9669
l 9669 9670
l 9670 9671
l 9671 9672

l 9673 9674
l 9674 9675
l 9675 9676
l 9676 9677
l 9677 9678
l 9678 9679
l 9679 9680
l 9680 9681
l 9682 9683
l 9683 9684
l 9684 9685
l 9685 9686
l 9686 9687
l 9687 9688
l 9688 9689
l 9689 9690
l 9691 9692
l 9692 9693
l 9693 9694
l 9694 9695
l 9695 9696
l 9696 9697
l 9697 9698
l 9698 9699
l 9700 9701
l 9701 9702
l 9702 9703
l 9703 9704
l 9704 9705
l 9705 9706
l 9706 9707
l 9707 9708

l 9709 9710
l 9710 9711
l 9711 9712
l 9712 9713
l 9713 9714
l 9714 9715
l 9715 9716
l 9716 9717
l 9718 9719
l 9719 9720
l 9720 9721
l 9721 9722
l 9722 9723
l 9723 9724
l 9724 9725
l 9725 9726
l 9727 9728
l 9728 9729
l 9729 9730
l 9730 9731
l 9731 9732
l 9732 9733
l 9733 9734
l 9734 9735
l 9736 9737
l 9737 9738
l 9738 9739
l 9739 9740
l 9740 9741
l 9741 9742
l 9742 9743
l 9743 9744

l 9745 9746
l 9746 9747
l 9747 9748
l 9748 9749
l 9749 9750
l 9750 9751
l 9751 9752
l 9752 9753
l 9754 9755
l 9755 9756
l 9756 9757
l 9757 9758
l 9758 9759
l 9759 9760
l 9760 9761
l 9761 9762
l 9763 9764
l 9764 9765
l 9765 9766
l 9766 9767
l 9767 9768
l 9768 9769
l 9769 9770
l 9770 9771
l 9772 9773
l 9773 9774
l 9774 9775
l 9775 9776
l 9776 9777
l 9777 9778
l 9778 9779
l 9779 9780

l 9781 9782
l 9782 9783
l 9783 9784
l 9784 9785
l 9785 9786
l 9786 9787
l 9787 9788
l 9788 9789
l 9790 9791
l 9791 9792
l 9792 9793
l 9793 9794
l 9794 9795
l 9795 9796
l 9796 9797
l 9797 9798
l 9799 9800
l 9800 9801
l 9801 9802
l 9802 9803
l 9803 9804
l 9804 9805
l 9805 9806
l 9806 9807
l 9808 9809
l 9809 9810
l 9810 9811
l 9811 9812
l 9812 9813
l 9813 9814
l 9814 9815
l 9815 9816

l 9817 9818
l 9818 9819
l 9819 9820
l 9820 9821
l 9821 9822
l 9822 9823
l 9823 9824
l 9824 9825
l 9826 9827
l 9827 9828
l 9828 9829
l 9829 9830
l 9830 9831
l 9831 9832
l 9832 9833
l 9833 9834
l 9835 9836
l 9836 9837
l 9837 9838
l 9838 9839
l 9839 9840
l 9840 9841
l 9841 9842
l 9842 9843
l 9844 9845
l 9845 9846
l 9846 9847
l 9847 9848
l 9848 9849
l 9849 9850
l 9850 9851
l 9851 9852

l 9853 9854
l 9854 9855
l 9855 9856
l 9856 9857
l 9857 9858
l 9858 9859
l 9859 9860
l 9860 9861
l 9862 9863
l 9863 9864
l 9864 9865
l 9865 9866
l 9866 9867
l 9867 9868
l 9868 9869
l 9869 9870
l 9871 9872
l 9872 9873
l 9873 9874
l 9874 9875
l 9875 9876
l 9876 9877
l 9877 9878
l 9878 9879
l 9880 9881
l 9881 9882
l 9882 9883
l 9883 9884
l 9884 9885
l 9885 9886
l 9886 9887
l 9887 9888

l 9889 9890
l 9890 9891
l 9891 9892
l 9892 9893
l 9893 9894
l 9894 9895
l 9895 9896
l 9896 9897
l 9898 9899
l 9899 9900
l 9900 9901
l 9901 9902
l 9902 9903
l 9903 9904
l 9904 9905
l 9905 9906
l 9907 9908
l 9908 9909
l 9909 9910
l 9910 9911
l 9911 9912
l 9912 9913
l 9913 9914
l 9914 9915
l 9916 9917
l 9917 9918
l 9918 9919
l 9919 9920
l 9920 9921
l 9921 9922
l 9922 9923
l 9923 9924

l 9925 9926
l 9926 9927
l 9927 9928
l 9928 9929
l 9929 9930
l 9930 9931
l 9931 9932
l 9932 9933
l 9934 9935
l 9935 9936
l 9936 9937
l 9937 9938
l 9938 9939
l 9939 9940
l 9940 9941
l 9941 9942
l 9943 9944
l 9944 9945
l 9945 9946
l 9946 9947
l 9947 9948
l 9948 9949
l 9949 9950
l 9950 9951
l 9952 9953
l 9953 9954
l 9954 9955
l 9955 9956
l 9956 9957
l 9957 9958
l 9958 9959
l 9959 9960

l 9961 9962
l 9962 9963
l 9963 9964
l 9964 9965
l 9965 9966
l 9966 9967
l 9967 9968
l 9968 9969
l 9970 9971
l 9971 9972
l 9972 9973
l 9973 9974
l 9974 9975
l 9975 9976
l 9976 9977
l 9977 9978
l 9979 9980
l 9980 9981
l 9981 9982
l 9982 9983
l 9983 9984
l 9984 9985
l 9985 9986
l 9986 9987
l 9988 9989
l 9989 9990
l 9990 9991
l 9991 9992
l 9992 9993
l 9993 9994
l 9994 9995
l 9995 9996

l 9997 9998
l 9998 9999
l 9999 10000
l 10000 10001
l 10001 10002
l 10002 10003
l 10003 10004
l 10004 10005
l 10006 10007
l 10007 10008
l 10008 10009
l 10009 10010
l 10010 10011
l 10011 10012
l 10012 10013
l 10013 10014
l 10015 10016
l 10016 10017
l 10017 10018
l 10018 10019
l 10019 10020
l 10020 10021
l 10021 10022
l 10022 10023
l 10024 10025
l 10025 10026
l 10026 10027
l 10027 10028
l 10028 10029
l 10029 10030
l 10030 10031
l 10031 10032

l 10033 10034
l 10034 10035
l 10035 10036
l 10036 10037
l 10037 10038
l 10038 10039
l 10039 10040
l 10040 10041
l 10042 10043
l 10043 10044
l 10044 10045
l 10045 10046
l 10046 10047
l 10047 10048
l 10048 10049
l 10049 10050
l 10051 10052
l 10052 10053
l 10053 10054
l 10054 10055
l 10055 10056
l 10056 10057
l 10057 10058
l 10058 10059
l 10060 10061
l 10061 10062
l 10062 10063
l 10063 10064
l 10064 10065
l 10065 10066
l 10066 10067
l 10067 10068

l 10069 10070
l 10070 10071
l 10071 10072
l 10072 10073
l 10073 10074
l 10074 10075
l 10075 10076
l 10076 10077
l 10078 10079
l 10079 10080
l 10080 10081
l 10081 10082
l 10082 10083
l 10083 10084
l 10084 10085
l 10085 10086
l 10087 10088
l 10088 10089
l 10089 10090
l 10090 10091
l 10091 10092
l 10092 10093
l 10093 10094
l 10094 10095
l 10096 10097
l 10097 10098
l 10098 10099
l 10099 10100
l 10100 10101
l 10101 10102
l 10102 10103
l 10103 10104

l 10105 10106
l 10106 10107
l 10107 10108
l 10108 10109
l 10109 10110
l 10110 10111
l 10111 10112
l 10112 10113
l 10114 10115
l 10115 10116
l 10116 10117
l 10117 10118
l 10118 10119
l 10119 10120
l 10120 10121
l 10121 10122
l 10123 10124
l 10124 10125
l 10125 10126
l 10126 10127
l 10127 10128
l 10128 10129
l 10129 10130
l 10130 10131
l 10132 10133
l 10133 10134
l 10134 10135
l 10135 10136
l 10136 10137
l 10137 10138
l 10138 10139
l 10139 10140

l 10141 10142
l 10142 10143
l 10143 10144
l 10144 10145
l 10145 10146
l 10146 10147
l 10147 10148
l 10148 10149
l 10150 10151
l 10151 10152
l 10152 10153
l 10153 10154
l 10154 10155
l 10155 10156
l 10156 10157
l 10157 10158
l 10159 10160
l 10160 10161
l 10161 10162
l 10162 10163
l 10163 10164
l 10164 10165
l 10165 10166
l 10166 10167
l 10168 10169
l 10169 10170
l 10170 10171
l 10171 10172
l 10172 10173
l 10173 10174
l 10174 10175
l 10175 10176

l 10177 10178
l 10178 10179
l 10179 10180
l 10180 10181
l 10181 10182
l 10182 10183
l 10183 10184
l 10184 10185
l 10186 10187
l 10187 10188
l 10188 10189
l 10189 10190
l 10190 10191
l 10191 10192
l 10192 10193
l 10193 10194
l 10195 10196
l 10196 10197
l 10197 10198
l 10198 10199
l 10199 10200
l 10200 10201
l 10201 10202
l 10202 10203
l 10204 10205
l 10205 10206
l 10206 10207
l 10207 10208
l 10208 10209
l 10209 10210
l 10210 10211
l 10211 10212

l 10213 10214
l 10214 10215
l 10215 10216
l 10216 10217
l 10217 10218
l 10218 10219
l 10219 10220
l 10220 10221
l 10222 10223
l 10223 10224
l 10224 10225
l 10225 10226
l 10226 10227
l 10227 10228
l 10228 10229
l 10229 10230
l 10231 10232
l 10232 10233
l 10233 10234
l 10234 10235
l 10235 10236
l 10236 10237
l 10237 10238
l 10238 10239
l 10240 10241
l 10241 10242
l 10242 10243
l 10243 10244
l 10244 10245
l 10245 10246
l 10246 10247
l 10247 10248

l 10249 10250
l 10250 10251
l 10251 10252
l 10252 10253
l 10253 10254
l 10254 10255
l 10255 10256
l 10256 10257
l 10258 10259
l 10259 10260
l 10260 10261
l 10261 10262
l 10262 10263
l 10263 10264
l 10264 10265
l 10265 10266
l 10267 10268
l 10268 10269
l 10269 10270
l 10270 10271
l 10271 10272
l 10272 10273
l 10273 10274
l 10274 10275
l 10276 10277
l 10277 10278
l 10278 10279
l 10279 10280
l 10280 10281
l 10281 10282
l 10282 10283
l 10283 10284

l 10285 10286
l 10286 10287
l 10287 10288
l 10288 10289
l 10289 10290
l 10290 10291
l 10291 10292
l 10292 10293
l 10294 10295
l 10295 10296
l 10296 10297
l 10297 10298
l 10298 10299
l 10299 10300
l 10300 10301
l 10301 10302
l 10303 10304
l 10304 10305
l 10305 10306
l 10306 10307
l 10307 10308
l 10308 10309
l 10309 10310
l 10310 10311
l 10312 10313
l 10313 10314
l 10314 10315
l 10315 10316
l 10316 10317
l 10317 10318
l 10318 10319
l 10319 10320

l 10321 10322
l 10322 10323
l 10323 10324
l 10324 10325
l 10325 10326
l 10326 10327
l 10327 10328
l 10328 10329
l 10330 10331
l 10331 10332
l 10332 10333
l 10333 10334
l 10334 10335
l 10335 10336
l 10336 10337
l 10337 10338
l 10339 10340
l 10340 10341
l 10341 10342
l 10342 10343
l 10343 10344
l 10344 10345
l 10345 10346
l 10346 10347
l 10348 10349
l 10349 10350
l 10350 10351
l 10351 10352
l 10352 10353
l 10353 10354
l 10354 10355
l 10355 10356

l 10357 10358
l 10358 10359
l 10359 10360
l 10360 10361
l 10361 10362
l 10362 10363
l 10363 10364
l 10364 10365
l 10366 10367
l 10367 10368
l 10368 10369
l 10369 10370
l 10370 10371
l 10371 10372
l 10372 10373
l 10373 10374
l 10375 10376
l 10376 10377
l 10377 10378
l 10378 10379
l 10379 10380
l 10380 10381
l 10381 10382
l 10382 10383
l 10384 10385
l 10385 10386
l 10386 10387
l 10387 10388
l 10388 10389
l 10389 10390
l 10390 10391
l 10391 10392

l 10393 10394
l 10394 10395
l 10395 10396
l 10396 10397
l 10397 10398
l 10398 10399
l 10399 10400
l 10400 10401
l 10402 10403
l 10403 10404
l 10404 10405
l 10405 10406
l 10406 10407
l 10407 10408
l 10408 10409
l 10409 10410
l 10411 10412
l 10412 10413
l 10413 10414
l 10414 10415
l 10415 10416
l 10416 10417
l 10417 10418
l 10418 10419
l 10420 10421
l 10421 10422
l 10422 10423
l 10423 10424
l 10424 10425
l 10425 10426
l 10426 10427
l 10427 10428

l 10429 10430
l 10430 10431
l 10431 10432
l 10432 10433
l 10433 10434
l 10434 10435
l 10435 10436
l 10436 10437
l 10438 10439
l 10439 10440
l 10440 10441
l 10441 10442
l 10442 10443
l 10443 10444
l 10444 10445
l 10445 10446
l 10447 10448
l 10448 10449
l 10449 10450
l 10450 10451
l 10451 10452
l 10452 10453
l 10453 10454
l 10454 10455
l 10456 10457
l 10457 10458
l 10458 10459
l 10459 10460
l 10460 10461
l 10461 10462
l 10462 10463
l 10463 10464

l 10465 10466
l 10466 10467
l 10467 10468
l 10468 10469
l 10469 10470
l 10470 10471
l 10471 10472
l 10472 10473
l 10474 10475
l 10475 10476
l 10476 10477
l 10477 10478
l 10478 10479
l 10479 10480
l 10480 10481
l 10481 10482
l 10483 10484
l 10484 10485
l 10485 10486
l 10486 10487
l 10487 10488
l 10488 10489
l 10489 10490
l 10490 10491
l 10492 10493
l 10493 10494
l 10494 10495
l 10495 10496
l 10496 10497
l 10497 10498
l 10498 10499
l 10499 10500

l 10501 10502
l 10502 10503
l 10503 10504
l 10504 10505
l 10505 10506
l 10506 10507
l 10507 10508
l 10508 10509
l 10510 10511
l 10511 10512
l 10512 10513
l 10513 10514
l 10514 10515
l 10515 10516
l 10516 10517
l 10517 10518
l 10519 10520
l 10520 10521
l 10521 10522
l 10522 10523
l 10523 10524
l 10524 10525
l 10525 10526
l 10526 10527
l 10528 10529
l 10529 10530
l 10530 10531
l 10531 10532
l 10532 10533
l 10533 10534
l 10534 10535
l 10535 10536

l 10537 10538
l 10538 10539
l 10539 10540
l 10540 10541
l 10541 10542
l 10542 10543
l 10543 10544
l 10544 10545
l 10546 10547
l 10547 10548
l 10548 10549
l 10549 10550
l 10550 10551
l 10551 10552
l 10552 10553
l 10553 10554
l 10555 10556
l 10556 10557
l 10557 10558
l 10558 10559
l 10559 10560
l 10560 10561
l 10561 10562
l 10562 10563
l 10564 10565
l 10565 10566
l 10566 10567
l 10567 10568
l 10568 10569
l 10569 10570
l 10570 10571
l 10571 10572

l 10573 10574
l 10574 10575
l 10575 10576
l 10576 10577
l 10577 10578
l 10578 10579
l 10579 10580
l 10580 10581
l 10582 10583
l 10583 10584
l 10584 10585
l 10585 10586
l 10586 10587
l 10587 10588
l 10588 10589
l 10589 10590
l 10591 10592
l 10592 10593
l 10593 10594
l 10594 10595
l 10595 10596
l 10596 10597
l 10597 10598
l 10598 10599
l 10600 10601
l 10601 10602
l 10602 10603
l 10603 10604
l 10604 10605
l 10605 10606
l 10606 10607
l 10607 10608

l 10609 10610
l 10610 10611
l 10611 10612
l 10612 10613
l 10613 10614
l 10614 10615
l 10615 10616
l 10616 10617
l 10618 10619
l 10619 10620
l 10620 10621
l 10621 10622
l 10622 10623
l 10623 10624
l 10624 10625
l 10625 10626
l 10627 10628
l 10628 10629
l 10629 10630
l 10630 10631
l 10631 10632
l 10632 10633
l 10633 10634
l 10634 10635
l 10636 10637
l 10637 10638
l 10638 10639
l 10639 10640
l 10640 10641
l 10641 10642
l 10642 10643
l 10643 10644

l 10645 10646
l 10646 10647
l 10647 10648
l 10648 10649
l 10649 10650
l 10650 10651
l 10651 10652
l 10652 10653
l 10654 10655
l 10655 10656
l 10656 10657
l 10657 10658
l 10658 10659
l 10659 10660
l 10660 10661
l 10661 10662
l 10663 10664
l 10664 10665
l 10665 10666
l 10666 10667
l 10667 10668
l 10668 10669
l 10669 10670
l 10670 10671
l 10672 10673
l 10673 10674
l 10674 10675
l 10675 10676
l 10676 10677
l 10677 10678
l 10678 10679
l 10679 10680

l 10681 10682
l 10682 10683
l 10683 10684
l 10684 10685
l 10685 10686
l 10686 10687
l 10687 10688
l 10688 10689
l 10690 10691
l 10691 10692
l 10692 10693
l 10693 10694
l 10694 10695
l 10695 10696
l 10696 10697
l 10697 10698
l 10699 10700
l 10700 10701
l 10701 10702
l 10702 10703
l 10703 10704
l 10704 10705
l 10705 10706
l 10706 10707
l 10708 10709
l 10709 10710
l 10710 10711
l 10711 10712
l 10712 10713
l 10713 10714
l 10714 10715
l 10715 10716

l 10717 10718
l 10718 10719
l 10719 10720
l 10720 10721
l 10721 10722
l 10722 10723
l 10723 10724
l 10724 10725
l 10726 10727
l 10727 10728
l 10728 10729
l 10729 10730
l 10730 10731
l 10731 10732
l 10732 10733
l 10733 10734
l 10735 10736
l 10736 10737
l 10737 10738
l 10738 10739
l 10739 10740
l 10740 10741
l 10741 10742
l 10742 10743
l 10744 10745
l 10745 10746
l 10746 10747
l 10747 10748
l 10748 10749
l 10749 10750
l 10750 10751
l 10751 10752

l 10753 10754
l 10754 10755
l 10755 10756
l 10756 10757
l 10757 10758
l 10758 10759
l 10759 10760
l 10760 10761
l 10762 10763
l 10763 10764
l 10764 10765
l 10765 10766
l 10766 10767
l 10767 10768
l 10768 10769
l 10769 10770
l 10771 10772
l 10772 10773
l 10773 10774
l 10774 10775
l 10775 10776
l 10776 10777
l 10777 10778
l 10778 10779
l 10780 10781
l 10781 10782
l 10782 10783
l 10783 10784
l 10784 10785
l 10785 10786
l 10786 10787
l 10787 10788

l 10789 10790
l 10790 10791
l 10791 10792
l 10792 10793
l 10793 10794
l 10794 10795
l 10795 10796
l 10796 10797
l 10798 10799
l 10799 10800
l 10800 10801
l 10801 10802
l 10802 10803
l 10803 10804
l 10804 10805
l 10805 10806
l 10807 10808
l 10808 10809
l 10809 10810
l 10810 10811
l 10811 10812
l 10812 10813
l 10813 10814
l 10814 10815
l 10816 10817
l 10817 10818
l 10818 10819
l 10819 10820
l 10820 10821
l 10821 10822
l 10822 10823
l 10823 10824

l 10825 10826
l 10826 10827
l 10827 10828
l 10828 10829
l 10829 10830
l 10830 10831
l 10831 10832
l 10832 10833
l 10834 10835
l 10835 10836
l 10836 10837
l 10837 10838
l 10838 10839
l 10839 10840
l 10840 10841
l 10841 10842
l 10843 10844
l 10844 10845
l 10845 10846
l 10846 10847
l 10847 10848
l 10848 10849
l 10849 10850
l 10850 10851
l 10852 10853
l 10853 10854
l 10854 10855
l 10855 10856
l 10856 10857
l 10857 10858
l 10858 10859
l 10859 10860

l 10861 10862
l 10862 10863
l 10863 10864
l 10864 10865
l 10865 10866
l 10866 10867
l 10867 10868
l 10868 10869
l 10870 10871
l 10871 10872
l 10872 10873
l 10873 10874
l 10874 10875
l 10875 10876
l 10876 10877
l 10877 10878
l 10879 10880
l 10880 10881
l 10881 10882
l 10882 10883
l 10883 10884
l 10884 10885
l 10885 10886
l 10886 10887
l 10888 10889
l 10889 10890
l 10890 10891
l 10891 10892
l 10892 10893
l 10893 10894
l 10894 10895
l 10895 10896

l 10897 10898
l 10898 10899
l 10899 10900
l 10900 10901
l 10901 10902
l 10902 10903
l 10903 10904
l 10904 10905
l 10906 10907
l 10907 10908
l 10908 10909
l 10909 10910
l 10910 10911
l 10911 10912
l 10912 10913
l 10913 10914
l 10915 10916
l 10916 10917
l 10917 10918
l 10918 10919
l 10919 10920
l 10920 10921
l 10921 10922
l 10922 10923
l 10924 10925
l 10925 10926
l 10926 10927
l 10927 10928
l 10928 10929
l 10929 10930
l 10930 10931
l 10931 10932

l 10933 10934
l 10934 10935
l 10935 10936
l 10936 10937
l 10937 10938
l 10938 10939
l 10939 10940
l 10940 10941
l 10942 10943
l 10943 10944
l 10944 10945
l 10945 10946
l 10946 10947
l 10947 10948
l 10948 10949
l 10949 10950
l 10951 10952
l 10952 10953
l 10953 10954
l 10954 10955
l 10955 10956
l 10956 10957
l 10957 10958
l 10958 10959
l 10960 10961
l 10961 10962
l 10962 10963
l 10963 10964
l 10964 10965
l 10965 10966
l 10966 10967
l 10967 10968

l 10969 10970
l 10970 10971
l 10971 10972
l 10972 10973
l 10973 10974
l 10974 10975
l 10975 10976
l 10976 10977
l 10978 10979
l 10979 10980
l 10980 10981
l 10981 10982
l 10982 10983
l 10983 10984
l 10984 10985
l 10985 10986
l 10987 10988
l 10988 10989
l 10989 10990
l 10990 10991
l 10991 10992
l 10992 10993
l 10993 10994
l 10994 10995
l 10996 10997
l 10997 10998
l 10998 10999
l 10999 11000
l 11000 11001
l 11001 11002
l 11002 11003
l 11003 11004

l 11005 11006
l 11006 11007
l 11007 11008
l 11008 11009
l 11009 11010
l 11010 11011
l 11011 11012
l 11012 11013
l 11014 11015
l 11015 11016
l 11016 11017
l 11017 11018
l 11018 11019
l 11019 11020
l 11020 11021
l 11021 11022
l 11023 11024
l 11024 11025
l 11025 11026
l 11026 11027
l 11027 11028
l 11028 11029
l 11029 11030
l 11030 11031
l 11032 11033
l 11033 11034
l 11034 11035
l 11035 11036
l 11036 11037
l 11037 11038
l 11038 11039
l 11039 11040

l 11041 11042
l 11042 11043
l 11043 11044
l 11044 11045
l 11045 11046
l 11046 11047
l 11047 11048
l 11048 11049
l 11050 11051
l 11051 11052
l 11052 11053
l 11053 11054
l 11054 11055
l 11055 11056
l 11056 11057
l 11057 11058
l 11059 11060
l 11060 11061
l 11061 11062
l 11062 11063
l 11063 11064
l 11064 11065
l 11065 11066
l 11066 11067
l 11068 11069
l 11069 11070
l 11070 11071
l 11071 11072
l 11072 11073
l 11073 11074
l 11074 11075
l 11075 11076

l 11077 11078
l 11078 11079
l 11079 11080
l 11080 11081
l 11081 11082
l 11082 11083
l 11083 11084
l 11084 11085
l 11086 11087
l 11087 11088
l 11088 11089
l 11089 11090
l 11090 11091
l 11091 11092
l 11092 11093
l 11093 11094
l 11095 11096
l 11096 11097
l 11097 11098
l 11098 11099
l 11099 11100
l 11100 11101
l 11101 11102
l 11102 11103
l 11104 11105
l 11105 11106
l 11106 11107
l 11107 11108
l 11108 11109
l 11109 11110
l 11110 11111
l 11111 11112

l 11113 11114
l 11114 11115
l 11115 11116
l 11116 11117
l 11117 11118
l 11118 11119
l 11119 11120
l 11120 11121
l 11122 11123
l 11123 11124
l 11124 11125
l 11125 11126
l 11126 11127
l 11127 11128
l 11128 11129
l 11129 11130
l 11131 11132
l 11132 11133
l 11133 11134
l 11134 11135
l 11135 11136
l 11136 11137
l 11137 11138
l 11138 11139
l 11140 11141
l 11141 11142
l 11142 11143
l 11143 11144
l 11144 11145
l 11145 11146
l 11146 11147
l 11147 11148

l 11149 11150
l 11150 11151
l 11151 11152
l 11152 11153
l 11153 11154
l 11154 11155
l 11155 11156
l 11156 11157
l 11158 11159
l 11159 11160
l 11160 11161
l 11161 11162
l 11162 11163
l 11163 11164
l 11164 11165
l 11165 11166
l 11167 11168
l 11168 11169
l 11169 11170
l 11170 11171
l 11171 11172
l 11172 11173
l 11173 11174
l 11174 11175
l 11176 11177
l 11177 11178
l 11178 11179
l 11179 11180
l 11180 11181
l 11181 11182
l 11182 11183
l 11183 11184

l 11185 11186
l 11186 11187
l 11187 11188
l 11188 11189
l 11189 11190
l 11190 11191
l 11191 11192
l 11192 11193
l 11194 11195
l 11195 11196
l 11196 11197
l 11197 11198
l 11198 11199
l 11199 11200
l 11200 11201
l 11201 11202
l 11203 11204
l 11204 11205
l 11205 11206
l 11206 11207
l 11207 11208
l 11208 11209
l 11209 11210
l 11210 11211
l 11212 11213
l 11213 11214
l 11214 11215
l 11215 11216
l 11216 11217
l 11217 11218
l 11218 11219
l 11219 11220

l 11221 11222
l 11222 11223
l 11223 11224
l 11224 11225
l 11225 11226
l 11226 11227
l 11227 11228
l 11228 11229
l 11230 11231
l 11231 11232
l 11232 11233
l 11233 11234
l 11234 11235
l 11235 11236
l 11236 11237
l 11237 11238
l 11239 11240
l 11240 11241
l 11241 11242
l 11242 11243
l 11243 11244
l 11244 11245
l 11245 11246
l 11246 11247
l 11248 11249
l 11249 11250
l 11250 11251
l 11251 11252
l 11252 11253
l 11253 11254
l 11254 11255
l 11255 11256

l 11257 11258
l 11258 11259
l 11259 11260
l 11260 11261
l 11261 11262
l 11262 11263
l 11263 11264
l 11264 11265
l 11266 11267
l 11267 11268
l 11268 11269
l 11269 11270
l 11270 11271
l 11271 11272
l 11272 11273
l 11273 11274
l 11275 11276
l 11276 11277
l 11277 11278
l 11278 11279
l 11279 11280
l 11280 11281
l 11281 11282
l 11282 11283
l 11284 11285
l 11285 11286
l 11286 11287
l 11287 11288
l 11288 11289
l 11289 11290
l 11290 11291
l 11291 11292

l 11293 11294
l 11294 11295
l 11295 11296
l 11296 11297
l 11297 11298
l 11298 11299
l 11299 11300
l 11300 11301
l 11302 11303
l 11303 11304
l 11304 11305
l 11305 11306
l 11306 11307
l 11307 11308
l 11308 11309
l 11309 11310
l 11311 11312
l 11312 11313
l 11313 11314
l 11314 11315
l 11315 11316
l 11316 11317
l 11317 11318
l 11318 11319
l 11320 11321
l 11321 11322
l 11322 11323
l 11323 11324
l 11324 11325
l 11325 11326
l 11326 11327
l 11327 11328

l 11329 11330
l 11330 11331
l 11331 11332
l 11332 11333
l 11333 11334
l 11334 11335
l 11335 11336
l 11336 11337
l 11338 11339
l 11339 11340
l 11340 11341
l 11341 11342
l 11342 11343
l 11343 11344
l 11344 11345
l 11345 11346
l 11347 11348
l 11348 11349
l 11349 11350
l 11350 11351
l 11351 11352
l 11352 11353
l 11353 11354
l 11354 11355
l 11356 11357
l 11357 11358
l 11358 11359
l 11359 11360
l 11360 11361
l 11361 11362
l 11362 11363
l 11363 11364

l 11365 11366
l 11366 11367
l 11367 11368
l 11368 11369
l 11369 11370
l 11370 11371
l 11371 11372
l 11372 11373
l 11374 11375
l 11375 11376
l 11376 11377
l 11377 11378
l 11378 11379
l 11379 11380
l 11380 11381
l 11381 11382
l 11383 11384
l 11384 11385
l 11385 11386
l 11386 11387
l 11387 11388
l 11388 11389
l 11389 11390
l 11390 11391
l 11392 11393
l 11393 11394
l 11394 11395
l 11395 11396
l 11396 11397
l 11397 11398
l 11398 11399
l 11399 11400

l 11401 11402
l 11402 11403
l 11403 11404
l 11404 11405
l 11405 11406
l 11406 11407
l 11407 11408
l 11408 11409
l 11410 11411
l 11411 11412
l 11412 11413
l 11413 11414
l 11414 11415
l 11415 11416
l 11416 11417
l 11417 11418
l 11419 11420
l 11420 11421
l 11421 11422
l 11422 11423
l 11423 11424
l 11424 11425
l 11425 11426
l 11426 11427
l 11428 11429
l 11429 11430
l 11430 11431
l 11431 11432
l 11432 11433
l 11433 11434
l 11434 11435
l 11435 11436

l 11437 11438
l 11438 11439
l 11439 11440
l 11440 11441
l 11441 11442
l 11442 11443
l 11443 11444
l 11444 11445
l 11446 11447
l 11447 11448
l 11448 11449
l 11449 11450
l 11450 11451
l 11451 11452
l 11452 11453
l 11453 11454
l 11455 11456
l 11456 11457
l 11457 11458
l 11458 11459
l 11459 11460
l 11460 11461
l 11461 11462
l 11462 11463
l 11464 11465
l 11465 11466
l 11466 11467
l 11467 11468
l 11468 11469
l 11469 11470
l 11470 11471
l 11471 11472

l 11473 11474
l 11474 11475
l 11475 11476
l 11476 11477
l 11477 11478
l 11478 11479
l 11479 11480
l 11480 11481
l 11482 11483
l 11483 11484
l 11484 11485
l 11485 11486
l 11486 11487
l 11487 11488
l 11488 11489
l 11489 11490
l 11491 11492
l 11492 11493
l 11493 11494
l 11494 11495
l 11495 11496
l 11496 11497
l 11497 11498
l 11498 11499
l 11500 11501
l 11501 11502
l 11502 11503
l 11503 11504
l 11504 11505
l 11505 11506
l 11506 11507
l 11507 11508

l 11509 11510
l 11510 11511
l 11511 11512
l 11512 11513
l 11513 11514
l 11514 11515
l 11515 11516
l 11516 11517
l 11518 11519
l 11519 11520
l 11520 11521
l 11521 11522
l 11522 11523
l 11523 11524
l 11524 11525
l 11525 11526
l 11527 11528
l 11528 11529
l 11529 11530
l 11530 11531
l 11531 11532
l 11532 11533
l 11533 11534
l 11534 11535
l 11536 11537
l 11537 11538
l 11538 11539
l 11539 11540
l 11540 11541
l 11541 11542
l 11542 11543
l 11543 11544

l 11545 11546
l 11546 11547
l 11547 11548
l 11548 11549
l 11549 11550
l 11550 11551
l 11551 11552
l 11552 11553
l 11554 11555
l 11555 11556
l 11556 11557
l 11557 11558
l 11558 11559
l 11559 11560
l 11560 11561
l 11561 11562
l 11563 11564
l 11564 11565
l 11565 11566
l 11566 11567
l 11567 11568
l 11568 11569
l 11569 11570
l 11570 11571
l 11572 11573
l 11573 11574
l 11574 11575
l 11575 11576
l 11576 11577
l 11577 11578
l 11578 11579
l 11579 11580

l 11581 11582
l 11582 11583
l 11583 11584
l 11584 11585
l 11585 11586
l 11586 11587
l 11587 11588
l 11588 11589
l 11590 11591
l 11591 11592
l 11592 11593
l 11593 11594
l 11594 11595
l 11595 11596
l 11596 11597
l 11597 11598
l 11599 11600
l 11600 11601
l 11601 11602
l 11602 11603
l 11603 11604
l 11604 11605
l 11605 11606
l 11606 11607
l 11608 11609
l 11609 11610
l 11610 11611
l 11611 11612
l 11612 11613
l 11613 11614
l 11614 11615
l 11615 11616

l 11617 11618
l 11618 11619
l 11619 11620
l 11620 11621
l 11621 11622
l 11622 11623
l 11623 11624
l 11624 11625
l 11626 11627
l 11627 11628
l 11628 11629
l 11629 11630
l 11630 11631
l 11631 11632
l 11632 11633
l 11633 11634
l 11635 11636
l 11636 11637
l 11637 11638
l 11638 11639
l 11639 11640
l 11640 11641
l 11641 11642
l 11642 11643
l 11644 11645
l 11645 11646
l 11646 11647
l 11647 11648
l 11648 11649
l 11649 11650
l 11650 11651
l 11651 11652

l 11653 11654
l 11654 11655
l 11655 11656
l 11656 11657
l 11657 11658
l 11658 11659
l 11659 11660
l 11660 11661
l 11662 11663
l 11663 11664
l 11664 11665
l 11665 11666
l 11666 11667
l 11667 11668
l 11668 11669
l 11669 11670
l 11671 11672
l 11672 11673
l 11673 11674
l 11674 11675
l 11675 11676
l 11676 11677
l 11677 11678
l 11678 11679
l 11680 11681
l 11681 11682
l 11682 11683
l 11683 11684
l 11684 11685
l 11685 11686
l 11686 11687
l 11687 11688

l 11689 11690
l 11690 11691
l 11691 11692
l 11692 11693
l 11693 11694
l 11694 11695
l 11695 11696
l 11696 11697
l 11698 11699
l 11699 11700
l 11700 11701
l 11701 11702
l 11702 11703
l 11703 11704
l 11704 11705
l 11705 11706
l 11707 11708
l 11708 11709
l 11709 11710
l 11710 11711
l 11711 11712
l 11712 11713
l 11713 11714
l 11714 11715
l 11716 11717
l 11717 11718
l 11718 11719
l 11719 11720
l 11720 11721
l 11721 11722
l 11722 11723
l 11723 11724

l 11725 11726
l 11726 11727
l 11727 11728
l 11728 11729
l 11729 11730
l 11730 11731
l 11731 11732
l 11732 11733
l 11734 11735
l 11735 11736
l 11736 11737
l 11737 11738
l 11738 11739
l 11739 11740
l 11740 11741
l 11741 11742
l 11743 11744
l 11744 11745
l 11745 11746
l 11746 11747
l 11747 11748
l 11748 11749
l 11749 11750
l 11750 11751
l 11752 11753
l 11753 11754
l 11754 11755
l 11755 11756
l 11756 11757
l 11757 11758
l 11758 11759
l 11759 11760

l 11761 11762
l 11762 11763
l 11763 11764
l 11764 11765
l 11765 11766
l 11766 11767
l 11767 11768
l 11768 11769
l 11770 11771
l 11771 11772
l 11772 11773
l 11773 11774
l 11774 11775
l 11775 11776
l 11776 11777
l 11777 11778
l 11779 11780
l 11780 11781
l 11781 11782
l 11782 11783
l 11783 11784
l 11784 11785
l 11785 11786
l 11786 11787
l 11788 11789
l 11789 11790
l 11790 11791
l 11791 11792
l 11792 11793
l 11793 11794
l 11794 11795
l 11795 11796

l 11797 11798
l 11798 11799
l 11799 11800
l 11800 11801
l 11801 11802
l 11802 11803
l 11803 11804
l 11804 11805
l 11806 11807
l 11807 11808
l 11808 11809
l 11809 11810
l 11810 11811
l 11811 11812
l 11812 11813
l 11813 11814
l 11815 11816
l 11816 11817
l 11817 11818
l 11818 11819
l 11819 11820
l 11820 11821
l 11821 11822
l 11822 11823
l 11824 11825
l 11825 11826
l 11826 11827
l 11827 11828
l 11828 11829
l 11829 11830
l 11830 11831
l 11831 11832

l 11833 11834
l 11834 11835
l 11835 11836
l 11836 11837
l 11837 11838
l 11838 11839
l 11839 11840
l 11840 11841
l 11842 11843
l 11843 11844
l 11844 11845
l 11845 11846
l 11846 11847
l 11847 11848
l 11848 11849
l 11849 11850
l 11851 11852
l 11852 11853
l 11853 11854
l 11854 11855
l 11855 11856
l 11856 11857
l 11857 11858
l 11858 11859
l 11860 11861
l 11861 11862
l 11862 11863
l 11863 11864
l 11864 11865
l 11865 11866
l 11866 11867
l 11867 11868

l 11869 11870
l 11870 11871
l 11871 11872
l 11872 11873
l 11873 11874
l 11874 11875
l 11875 11876
l 11876 11877
l 11878 11879
l 11879 11880
l 11880 11881
l 11881 11882
l 11882 11883
l 11883 11884
l 11884 11885
l 11885 11886
l 11887 11888
l 11888 11889
l 11889 11890
l 11890 11891
l 11891 11892
l 11892 11893
l 11893 11894
l 11894 11895
l 11896 11897
l 11897 11898
l 11898 11899
l 11899 11900
l 11900 11901
l 11901 11902
l 11902 11903
l 11903 11904

l 11905 11906
l 11906 11907
l 11907 11908
l 11908 11909
l 11909 11910
l 11910 11911
l 11911 11912
l 11912 11913
l 11914 11915
l 11915 11916
l 11916 11917
l 11917 11918
l 11918 11919
l 11919 11920
l 11920 11921
l 11921 11922
l 11923 11924
l 11924 11925
l 11925 11926
l 11926 11927
l 11927 11928
l 11928 11929
l 11929 11930
l 11930 11931
l 11932 11933
l 11933 11934
l 11934 11935
l 11935 11936
l 11936 11937
l 11937 11938
l 11938 11939
l 11939 11940

l 11941 11942
l 11942 11943
l 11943 11944
l 11944 11945
l 11945 11946
l 11946 11947
l 11947 11948
l 11948 11949
l 11950 11951
l 11951 11952
l 11952 11953
l 11953 11954
l 11954 11955
l 11955 11956
l 11956 11957
l 11957 11958
l 11959 11960
l 11960 11961
l 11961 11962
l 11962 11963
l 11963 11964
l 11964 11965
l 11965 11966
l 11966 11967
l 11968 11969
l 11969 11970
l 11970 11971
l 11971 11972
l 11972 11973
l 11973 11974
l 11974 11975
l 11975 11976

l 11977 11978
l 11978 11979
l 11979 11980
l 11980 11981
l 11981 11982
l 11982 11983
l 11983 11984
l 11984 11985
l 11986 11987
l 11987 11988
l 11988 11989
l 11989 11990
l 11990 11991
l 11991 11992
l 11992 11993
l 11993 11994
l 11995 11996
l 11996 11997
l 11997 11998
l 11998 11999
l 11999 12000
l 12000 12001
l 12001 12002
l 12002 12003
l 12004 12005
l 12005 12006
l 12006 12007
l 12007 12008
l 12008 12009
l 12009 12010
l 12010 12011
l 12011 12012

l 12013 12014
l 12014 12015
l 12015 12016
l 12016 12017
l 12017 12018
l 12018 12019
l 12019 12020
l 12020 12021
l 12022 12023
l 12023 12024
l 12024 12025
l 12025 12026
l 12026 12027
l 12027 12028
l 12028 12029
l 12029 12030
l 12031 12032
l 12032 12033
l 12033 12034
l 12034 12035
l 12035 12036
l 12036 12037
l 12037 12038
l 12038 12039
l 12040 12041
l 12041 12042
l 12042 12043
l 12043 12044
l 12044 12045
l 12045 12046
l 12046 12047
l 12047 12048

l 12049 12050
l 12050 12051
l 12051 12052
l 12052 12053
l 12053 12054
l 12054 12055
l 12055 12056
l 12056 12057
l 12058 12059
l 12059 12060
l 12060 12061
l 12061 12062
l 12062 12063
l 12063 12064
l 12064 12065
l 12065 12066
l 12067 12068
l 12068 12069
l 12069 12070
l 12070 12071
l 12071 12072
l 12072 12073
l 12073 12074
l 12074 12075
l 12076 12077
l 12077 12078
l 12078 12079
l 12079 12080
l 12080 12081
l 12081 12082
l 12082 12083
l 12083 12084

l 12085 12086
l 12086 12087
l 12087 12088
l 12088 12089
l 12089 12090
l 12090 12091
l 12091 12092
l 12092 12093
l 12094 12095
l 12095 12096
l 12096 12097
l 12097 12098
l 12098 12099
l 12099 12100
l 12100 12101
l 12101 12102
l 12103 12104
l 12104 12105
l 12105 12106
l 12106 12107
l 12107 12108
l 12108 12109
l 12109 12110
l 12110 12111
l 12112 12113
l 12113 12114
l 12114 12115
l 12115 12116
l 12116 12117
l 12117 12118
l 12118 12119
l 12119 12120

l 12121 12122
l 12122 12123
l 12123 12124
l 12124 12125
l 12125 12126
l 12126 12127
l 12127 12128
l 12128 12129
l 12130 12131
l 12131 12132
l 12132 12133
l 12133 12134
l 12134 12135
l 12135 12136
l 12136 12137
l 12137 12138
l 12139 12140
l 12140 12141
l 12141 12142
l 12142 12143
l 12143 12144
l 12144 12145
l 12145 12146
l 12146 12147
l 12148 12149
l 12149 12150
l 12150 12151
l 12151 12152
l 12152 12153
l 12153 12154
l 12154 12155
l 12155 12156

l 12157 12158
l 12158 12159
l 12159 12160
l 12160 12161
l 12161 12162
l 12162 12163
l 12163 12164
l 12164 12165
l 12166 12167
l 12167 12168
l 12168 12169
l 12169 12170
l 12170 12171
l 12171 12172
l 12172 12173
l 12173 12174
l 12175 12176
l 12176 12177
l 12177 12178
l 12178 12179
l 12179 12180
l 12180 12181
l 12181 12182
l 12182 12183
l 12184 12185
l 12185 12186
l 12186 12187
l 12187 12188
l 12188 12189
l 12189 12190
l 12190 12191
l 12191 12192

l 12193 12194
l 12194 12195
l 12195 12196
l 12196 12197
l 12197 12198
l 12198 12199
l 12199 12200
l 12200 12201
l 12202 12203
l 12203 12204
l 12204 12205
l 12205 12206
l 12206 12207
l 12207 12208
l 12208 12209
l 12209 12210
l 12211 12212
l 12212 12213
l 12213 12214
l 12214 12215
l 12215 12216
l 12216 12217
l 12217 12218
l 12218 12219
l 12220 12221
l 12221 12222
l 12222 12223
l 12223 12224
l 12224 12225
l 12225 12226
l 12226 12227
l 12227 12228

l 12229 12230
l 12230 12231
l 12231 12232
l 12232 12233
l 12233 12234
l 12234 12235
l 12235 12236
l 12236 12237
l 12238 12239
l 12239 12240
l 12240 12241
l 12241 12242
l 12242 12243
l 12243 12244
l 12244 12245
l 12245 12246
l 12247 12248
l 12248 12249
l 12249 12250
l 12250 12251
l 12251 12252
l 12252 12253
l 12253 12254
l 12254 12255
l 12256 12257
l 12257 12258
l 12258 12259
l 12259 12260
l 12260 12261
l 12261 12262
l 12262 12263
l 12263 12264

l 12265 12266
l 12266 12267
l 12267 12268
l 12268 12269
l 12269 12270
l 12270 12271
l 12271 12272
l 12272 12273
l 12274 12275
l 12275 12276
l 12276 12277
l 12277 12278
l 12278 12279
l 12279 12280
l 12280 12281
l 12281 12282
l 12283 12284
l 12284 12285
l 12285 12286
l 12286 12287
l 12287 12288
l 12288 12289
l 12289 12290
l 12290 12291
l 12292 12293
l 12293 12294
l 12294 12295
l 12295 12296
l 12296 12297
l 12297 12298
l 12298 12299
l 12299 12300

l 12301 12302
l 12302 12303
l 12303 12304
l 12304 12305
l 12305 12306
l 12306 12307
l 12307 12308
l 12308 12309
l 12310 12311
l 12311 12312
l 12312 12313
l 12313 12314
l 12314 12315
l 12315 12316
l 12316 12317
l 12317 12318
l 12319 12320
l 12320 12321
l 12321 12322
l 12322 12323
l 12323 12324
l 12324 12325
l 12325 12326
l 12326 12327
l 12328 12329
l 12329 12330
l 12330 12331
l 12331 12332
l 12332 12333
l 12333 12334
l 12334 12335
l 12335 12336

l 12337 12338
l 12338 12339
l 12339 12340
l 12340 12341
l 12341 12342
l 12342 12343
l 12343 12344
l 12344 12345
l 12346 12347
l 12347 12348
l 12348 12349
l 12349 12350
l 12350 12351
l 12351 12352
l 12352 12353
l 12353 12354
l 12355 12356
l 12356 12357
l 12357 12358
l 12358 12359
l 12359 12360
l 12360 12361
l 12361 12362
l 12362 12363
l 12364 12365
l 12365 12366
l 12366 12367
l 12367 12368
l 12368 12369
l 12369 12370
l 12370 12371
l 12371 12372

l 12373 12374
l 12374 12375
l 12375 12376
l 12376 12377
l 12377 12378
l 12378 12379
l 12379 12380
l 12380 12381
l 12382 12383
l 12383 12384
l 12384 12385
l 12385 12386
l 12386 12387
l 12387 12388
l 12388 12389
l 12389 12390
l 12391 12392
l 12392 12393
l 12393 12394
l 12394 12395
l 12395 12396
l 12396 12397
l 12397 12398
l 12398 12399
l 12400 12401
l 12401 12402
l 12402 12403
l 12403 12404
l 12404 12405
l 12405 12406
l 12406 12407
l 12407 12408

l 12409 12410
l 12410 12411
l 12411 12412
l 12412 12413
l 12413 12414
l 12414 12415
l 12415 12416
l 12416 12417
l 12418 12419
l 12419 12420
l 12420 12421
l 12421 12422
l 12422 12423
l 12423 12424
l 12424 12425
l 12425 12426
l 12427 12428
l 12428 12429
l 12429 12430
l 12430 12431
l 12431 12432
l 12432 12433
l 12433 12434
l 12434 12435
l 12436 12437
l 12437 12438
l 12438 12439
l 12439 12440
l 12440 12441
l 12441 12442
l 12442 12443
l 12443 12444

l 12445 12446
l 12446 12447
l 12447 12448
l 12448 12449
l 12449 12450
l 12450 12451
l 12451 12452
l 12452 12453
l 12454 12455
l 12455 12456
l 12456 12457
l 12457 12458
l 12458 12459
l 12459 12460
l 12460 12461
l 12461 12462
l 12463 12464
l 12464 12465
l 12465 12466
l 12466 12467
l 12467 12468
l 12468 12469
l 12469 12470
l 12470 12471
l 12472 12473
l 12473 12474
l 12474 12475
l 12475 12476
l 12476 12477
l 12477 12478
l 12478 12479
l 12479 12480

l 12481 12482
l 12482 12483
l 12483 12484
l 12484 12485
l 12485 12486
l 12486 12487
l 12487 12488
l 12488 12489
l 12490 12491
l 12491 12492
l 12492 12493
l 12493 12494
l 12494 12495
l 12495 12496
l 12496 12497
l 12497 12498
l 12499 12500
l 12500 12501
l 12501 12502
l 12502 12503
l 12503 12504
l 12504 12505
l 12505 12506
l 12506 12507
l 12508 12509
l 12509 12510
l 12510 12511
l 12511 12512
l 12512 12513
l 12513 12514
l 12514 12515
l 12515 12516

l 12517 12518
l 12518 12519
l 12519 12520
l 12520 12521
l 12521 12522
l 12522 12523
l 12523 12524
l 12524 12525
l 12526 12527
l 12527 12528
l 12528 12529
l 12529 12530
l 12530 12531
l 12531 12532
l 12532 12533
l 12533 12534
l 12535 12536
l 12536 12537
l 12537 12538
l 12538 12539
l 12539 12540
l 12540 12541
l 12541 12542
l 12542 12543
l 12544 12545
l 12545 12546
l 12546 12547
l 12547 12548
l 12548 12549
l 12549 12550
l 12550 12551
l 12551 12552

l 12553 12554
l 12554 12555
l 12555 12556
l 12556 12557
l 12557 12558
l 12558 12559
l 12559 12560
l 12560 12561
l 12562 12563
l 12563 12564
l 12564 12565
l 12565 12566
l 12566 12567
l 12567 12568
l 12568 12569
l 12569 12570
l 12571 12572
l 12572 12573
l 12573 12574
l 12574 12575
l 12575 12576
l 12576 12577
l 12577 12578
l 12578 12579
l 12580 12581
l 12581 12582
l 12582 12583
l 12583 12584
l 12584 12585
l 12585 12586
l 12586 12587
l 12587 12588

l 12589 12590
l 12590 12591
l 12591 12592
l 12592 12593
l 12593 12594
l 12594 12595
l 12595 12596
l 12596 12597
l 12598 12599
l 12599 12600
l 12600 12601
l 12601 12602
l 12602 12603
l 12603 12604
l 12604 12605
l 12605 12606
l 12607 12608
l 12608 12609
l 12609 12610
l 12610 12611
l 12611 12612
l 12612 12613
l 12613 12614
l 12614 12615
l 12616 12617
l 12617 12618
l 12618 12619
l 12619 12620
l 12620 12621
l 12621 12622
l 12622 12623
l 12623 12624

l 12625 12626
l 12626 12627
l 12627 12628
l 12628 12629
l 12629 12630
l 12630 12631
l 12631 12632
l 12632 12633
l 12634 12635
l 12635 12636
l 12636 12637
l 12637 12638
l 12638 12639
l 12639 12640
l 12640 12641
l 12641 12642
l 12643 12644
l 12644 12645
l 12645 12646
l 12646 12647
l 12647 12648
l 12648 12649
l 12649 12650
l 12650 12651
l 12652 12653
l 12653 12654
l 12654 12655
l 12655 12656
l 12656 12657
l 12657 12658
l 12658 12659
l 12659 12660

l 12661 12662
l 12662 12663
l 12663 12664
l 12664 12665
l 12665 12666
l 12666 12667
l 12667 12668
l 12668 12669
l 12670 12671
l 12671 12672
l 12672 12673
l 12673 12674
l 12674 12675
l 12675 12676
l 12676 12677
l 12677 12678
l 12679 12680
l 12680 12681
l 12681 12682
l 12682 12683
l 12683 12684
l 12684 12685
l 12685 12686
l 12686 12687
l 12688 12689
l 12689 12690
l 12690 12691
l 12691 12692
l 12692 12693
l 12693 12694
l 12694 12695
l 12695 12696

l 12697 12698
l 12698 12699
l 12699 12700
l 12700 12701
l 12701 12702
l 12702 12703
l 12703 12704
l 12704 12705
l 12706 12707
l 12707 12708
l 12708 12709
l 12709 12710
l 12710 12711
l 12711 12712
l 12712 12713
l 12713 12714
l 12715 12716
l 12716 12717
l 12717 12718
l 12718 12719
l 12719 12720
l 12720 12721
l 12721 12722
l 12722 12723
l 12724 12725
l 12725 12726
l 12726 12727
l 12727 12728
l 12728 12729
l 12729 12730
l 12730 12731
l 12731 12732

l 12733 12734
l 12734 12735
l 12735 12736
l 12736 12737
l 12737 12738
l 12738 12739
l 12739 12740
l 12740 12741
l 12742 12743
l 12743 12744
l 12744 12745
l 12745 12746
l 12746 12747
l 12747 12748
l 12748 12749
l 12749 12750
l 12751 12752
l 12752 12753
l 12753 12754
l 12754 12755
l 12755 12756
l 12756 12757
l 12757 12758
l 12758 12759
l 12760 12761
l 12761 12762
l 12762 12763
l 12763 12764
l 12764 12765
l 12765 12766
l 12766 12767
l 12767 12768

l 12769 12770
l 12770 12771
l 12771 12772
l 12772 12773
l 12773 12774
l 12774 12775
l 12775 12776
l 12776 12777
l 12778 12779
l 12779 12780
l 12780 12781
l 12781 12782
l 12782 12783
l 12783 12784
l 12784 12785
l 12785 12786
l 12787 12788
l 12788 12789
l 12789 12790
l 12790 12791
l 12791 12792
l 12792 12793
l 12793 12794
l 12794 12795
l 12796 12797
l 12797 12798
l 12798 12799
l 12799 12800
l 12800 12801
l 12801 12802
l 12802 12803
l 12803 12804

l 12805 12806
l 12806 12807
l 12807 12808
l 12808 12809
l 12809 12810
l 12810 12811
l 12811 12812
l 12812 12813
l 12814 12815
l 12815 12816
l 12816 12817
l 12817 12818
l 12818 12819
l 12819 12820
l 12820 12821
l 12821 12822
l 12823 12824
l 12824 12825
l 12825 12826
l 12826 12827
l 12827 12828
l 12828 12829
l 12829 12830
l 12830 12831
l 12832 12833
l 12833 12834
l 12834 12835
l 12835 12836
l 12836 12837
l 12837 12838
l 12838 12839
l 12839 12840

l 12841 12842
l 12842 12843
l 12843 12844
l 12844 12845
l 12845 12846
l 12846 12847
l 12847 12848
l 12848 12849
l 12850 12851
l 12851 12852
l 12852 12853
l 12853 12854
l 12854 12855
l 12855 12856
l 12856 12857
l 12857 12858
l 12859 12860
l 12860 12861
l 12861 12862
l 12862 12863
l 12863 12864
l 12864 12865
l 12865 12866
l 12866 12867
l 12868 12869
l 12869 12870
l 12870 12871
l 12871 12872
l 12872 12873
l 12873 12874
l 12874 12875
l 12875 12876

l 12877 12878
l 12878 12879
l 12879 12880
l 12880 12881
l 12881 12882
l 12882 12883
l 12883 12884
l 12884 12885
l 12886 12887
l 12887 12888
l 12888 12889
l 12889 12890
l 12890 12891
l 12891 12892
l 12892 12893
l 12893 12894
l 12895 12896
l 12896 12897
l 12897 12898
l 12898 12899
l 12899 12900
l 12900 12901
l 12901 12902
l 12902 12903
l 12904 12905
l 12905 12906
l 12906 12907
l 12907 12908
l 12908 12909
l 12909 12910
l 12910 12911
l 12911 12912

l 12913 12914
l 12914 12915
l 12915 12916
l 12916 12917
l 12917 12918
l 12918 12919
l 12919 12920
l 12920 12921
l 12922 12923
l 12923 12924
l 12924 12925
l 12925 12926
l 12926 12927
l 12927 12928
l 12928 12929
l 12929 12930
l 12931 12932
l 12932 12933
l 12933 12934
l 12934 12935
l 12935 12936
l 12936 12937
l 12937 12938
l 12938 12939
l 12940 12941
l 12941 12942
l 12942 12943
l 12943 12944
l 12944 12945
l 12945 12946
l 12946 12947
l 12947 12948

l 12949 12950
l 12950 12951
l 12951 12952
l 12952 12953
l 12953 12954
l 12954 12955
l 12955 12956
l 12956 12957
l 12958 12959
l 12959 12960
l 12960 12961
l 12961 12962
l 12962 12963
l 12963 12964
l 12964 12965
l 12965 12966
l 12967 12968
l 12968 12969
l 12969 12970
l 12970 12971
l 12971 12972
l 12972 12973
l 12973 12974
l 12974 12975
l 12976 12977
l 12977 12978
l 12978 12979
l 12979 12980
l 12980 12981
l 12981 12982
l 12982 12983
l 12983 12984

l 12985 12986
l 12986 12987
l 12987 12988
l 12988 12989
l 12989 12990
l 12990 12991
l 12991 12992
l 12992 12993
l 12994 12995
l 12995 12996
l 12996 12997
l 12997 12998
l 12998 12999
l 12999 13000
l 13000 13001
l 13001 13002
l 13003 13004
l 13004 13005
l 13005 13006
l 13006 13007
l 13007 13008
l 13008 13009
l 13009 13010
l 13010 13011
l 13012 13013
l 13013 13014
l 13014 13015
l 13015 13016
l 13016 13017
l 13017 13018
l 13018 13019
l 13019 13020

l 13021 13022
l 13022 13023
l 13023 13024
l 13024 13025
l 13025 13026
l 13026 13027
l 13027 13028
l 13028 13029
l 13030 13031
l 13031 13032
l 13032 13033
l 13033 13034
l 13034 13035
l 13035 13036
l 13036 13037
l 13037 13038
l 13039 13040
l 13040 13041
l 13041 13042
l 13042 13043
l 13043 13044
l 13044 13045
l 13045 13046
l 13046 13047
l 13048 13049
l 13049 13050
l 13050 13051
l 13051 13052
l 13052 13053
l 13053 13054
l 13054 13055
l 13055 13056

l 13057 13058
l 13058 13059
l 13059 13060
l 13060 13061
l 13061 13062
l 13062 13063
l 13063 13064
l 13064 13065
l 13066 13067
l 13067 13068
l 13068 13069
l 13069 13070
l 13070 13071
l 13071 13072
l 13072 13073
l 13073 13074
l 13075 13076
l 13076 13077
l 13077 13078
l 13078 13079
l 13079 13080
l 13080 13081
l 13081 13082
l 13082 13083
l 13084 13085
l 13085 13086
l 13086 13087
l 13087 13088
l 13088 13089
l 13089 13090
l 13090 13091
l 13091 13092

l 13093 13094
l 13094 13095
l 13095 13096
l 13096 13097
l 13097 13098
l 13098 13099
l 13099 13100
l 13100 13101
l 13102 13103
l 13103 13104
l 13104 13105
l 13105 13106
l 13106 13107
l 13107 13108
l 13108 13109
l 13109 13110
l 13111 13112
l 13112 13113
l 13113 13114
l 13114 13115
l 13115 13116
l 13116 13117
l 13117 13118
l 13118 13119
l 13120 13121
l 13121 13122
l 13122 13123
l 13123 13124
l 13124 13125
l 13125 13126
l 13126 13127
l 13127 13128

l 13129 13130
l 13130 13131
l 13131 13132
l 13132 13133
l 13133 13134
l 13134 13135
l 13135 13136
l 13136 13137
l 13138 13139
l 13139 13140
l 13140 13141
l 13141 13142
l 13142 13143
l 13143 13144
l 13144 13145
l 13145 13146
l 13147 13148
l 13148 13149
l 13149 13150
l 13150 13151
l 13151 13152
l 13152 13153
l 13153 13154
l 13154 13155
l 13156 13157
l 13157 13158
l 13158 13159
l 13159 13160
l 13160 13161
l 13161 13162
l 13162 13163
l 13163 13164

l 13165 13166
l 13166 13167
l 13167 13168
l 13168 13169
l 13169 13170
l 13170 13171
l 13171 13172
l 13172 13173
l 13174 13175
l 13175 13176
l 13176 13177
l 13177 13178
l 13178 13179
l 13179 13180
l 13180 13181
l 13181 13182
l 13183 13184
l 13184 13185
l 13185 13186
l 13186 13187
l 13187 13188
l 13188 13189
l 13189 13190
l 13190 13191
l 13192 13193
l 13193 13194
l 13194 13195
l 13195 13196
l 13196 13197
l 13197 13198
l 13198 13199
l 13199 13200

