v 366.81749299999996 254.537694 0
v 368.90529448205564 252.9770682580444 0
v 370.9686638705078 251.36611884404292 0
v 373.01578464753413 249.72142436641843 0
v 375.05484029531243 248.05956343359375 0
v 379.1414901318359 244.75065663603513 0
v 383.29408123749994 241.57202731874997 0
v 385.41556347170405 240.07301323626703 0
v 387.5780814697265 238.6563043491211 0
v 388.6772862183502 237.98399516893153 0
v 389.7898187137451 237.3384792657348 0
v 390.91670189118344 236.72182896558377 0
v 392.05895868593745 236.1361165945312 0
v 393.21761203327935 235.58341447863003 0
v 394.3936848684814 235.06579494393307 0
v 395.58820012681576 234.58533031649318 0
v 396.80218074355463 234.14409292236326 0
v 398.0366496539703 233.7441550875961 0
v 399.2926297933349 233.3875891382446 0
v 400.5711440969207 233.07646740036162 0
v 401.87321549999996 232.81286219999998 0
v 401.87321549999996 232.81286219999998 0
v 404.8496294654541 233.01681763335205 0
v 407.8260418736328 233.1729190010039 0
v 410.80245116726064 233.2793691755991 0
v 413.77885578906256 233.3343710297812 0
v 416.7552541817626 233.33612743619386 0
v 419.7316447880859 233.28284126748048 0
v 422.7080260507568 233.17271539628464 0
v 425.68439641249995 233.00395269525 0
v 428.66075431604 232.77475603702 0
v 431.63709820410156 232.48332829423828 0
v 434.61342651940913 232.12787233954833 0
v 437.5897377046874 231.70659104559374 0
v 440.56603020266107 231.21768728501803 0
v 443.5423024560547 230.6593639304648 0
v 446.5185529075928 230.0298238545776 0
v 449.49478 229.32726992999994 0
v 449.49478 229.32726992999994 0
v 449.9686268539374 230.77758079620477 0
v 450.4652991993897 232.20505905846673 0
v 450.98406281994204 233.61043915600703 0
v 451.5241834991797 234.99445552804679 0
v 452.6655591680517 237.7013348525097 0
v 453.88355247468746 240.33157254562494 0
v 455.17228968776857 242.89104412116205 0
v 456.52589707597656 245.38562509289056 0
v 457.93850090799316 247.82119097458002 0
v 459.4042274525 250.20361727999995 0
v 460.91720297817875 252.53877952291987 0
v 462.47155375371096 254.83255321710928 0
v 464.06140604777835 257.09081387633785 0
v 465.6808861290625 259.31943701437496 0
v 468.98523472800787 263.7112727819531 0
v 472.33760970000003 268.05506462999995 0
v 472.33760970000003 268.05506462999995 0
v 472.98364676620315 269.30692107046866 0
v 473.522231332125 270.442763143125 0
v 473.742304805127 270.98429429015624 0
v 473.9248062062344 271.5173604435937 0
v 474.06616588650587 272.04880780289056 0
v 474.16281419700005 272.5854825675 0
v 474.1932560732864 272.8579196641259 0
v 474.2111814887754 273.1342309368749 0
v 474.2161442373494 273.4152721606787 0
v 474.2076981128905 273.70189911046873 0
v 474.1853969092815 273.99496756117674 0
v 474.1487944204043 274.2953332877343 0
v 474.0974444401413 274.6038520650732 0
v 474.030900762375 274.9213796681249 0
v 473.85044748986127 275.5868844510937 0
v 473.60386495392186 276.29869383609366 0
v 473.28758350561526 277.063654022578 0
v 472.898033496 277.8886112099999 0
v 317.861738 369.524226 0
v 314.6023001332276 368.5321008945557 0
v 311.3934534720703 367.5182978314453 0
v 308.25180324401856 366.47569618425297 0
v 305.19395467656256 365.3971753265625 0
v 302.2365129971924 364.27561463195804 0
v 299.3960834333984 363.1038934740234 0
v 298.0249373284332 362.49699752555233 0
v 296.6892712126709 361.87489122634275 0
v 295.39116073954773 361.23668449809264 0
v 294.13268156249995 360.5814872625 0
v 292.915909334964 359.9084094412628 0
v 291.74291971037593 359.2165609560791 0
v 290.6157883421722 358.5050517286468 0
v 289.5365908837891 357.772991680664 0
v 288.50740298866265 357.0194907338287 0
v 287.53030031022945 356.2436588098388 0
v 286.60735850192566 355.4446058303924 0
v 285.7406532171875 354.62144171718745 0
v 284.93226010945125 353.77327639192197 0
v 284.18425483215333 352.8992197762939 0
v 283.8335462716175 352.45220408512455 0
v 283.4987130387298 351.9983817920013 0
v 283.1800145901699 351.5376416371364 0
v 282.8777103826172 351.0698723607421 0
v 282.5920598727512 350.5949627030307 0
v 282.3233225172516 350.11280140421445 0
v 282.07175777279775 349.6232772045054 0
v 281.8376250960693 349.12627884411614 0
v 281.6211839437458 348.6216950632587 0
v 281.4226937725067 348.10941460214536 0
v 281.2424140390316 347.5893262009883 0
v 281.0806042 347.06131859999994 0
v 281.0806042 347.06131859999994 0
v 281.5596344100364 345.7193541351928 0
v 281.987320923416 344.3671104752929 0
v 282.36236215379466 343.0043284064575 0
v 282.6834565148281 341.63074871484366 0
v 282.9493024201721 340.2461121866088 0
v 283.15859828348243 338.8501596079101 0
v 283.3100425184148 337.4426317649048 0
v 283.402333538625 336.02326944375 0
v 283.4341697577688 334.591813430603 0
v 283.40424958950194 333.148004511621 0
v 283.3112714474802 331.6915834729614 0
v 283.1539337453594 330.2222911007812 0
v 282.9309348967952 328.73986818123774 0
v 282.6409733154434 327.24405550048823 0
v 282.2827474149597 325.7345938446898 0
v 281.854955609 324.2112239999999 0
v 281.854955609 324.2112239999999 0
v 282.3799503361069 323.73676795805136 0
v 282.8716606376523 323.25121617894274 0
v 283.3311207002231 322.7549131918423 0
v 283.7593647104062 322.24820352591786 0
v 284.1574268547886 321.73143171033774 0
v 284.52634131995706 321.20494227426997 0
v 284.86714229249856 320.6690797468825 0
v 285.180863959 320.12418865734367 0
v 285.4685405060483 319.5706135348214 0
v 285.7312061202304 319.0086989084838 0
v 285.96989498813326 318.43878930749895 0
v 286.18564129634365 317.861229261035 0
v 286.3794792314487 317.2763632982601 0
v 286.55244298003515 316.6845359483421 0
v 286.70556672868986 316.0860917404494 0
v 286.839884664 315.48137520374985 0
v 287.05623984093353 314.2545032606029 0
v 287.20978200353125 313.00667635224596 0
v 287.30878464448824 311.7406507120238 0
v 287.3615212565 310.4591825732811 0
v 287.3612903644687 307.8609437336131 0
v 287.27527726899996 305.2340096999999 0
v 287.27527726899996 305.2340096999999 0
v 288.04106964847995 302.9002759641356 0
v 288.8540133679648 300.5948548787108 0
v 289.71600160714695 298.31888225822746 0
v 290.6289275457187 296.07349391718736 0
v 291.59468436337255 293.8598256700927 0
v 292.6151652398007 291.6790133314452 0
v 293.69226335469574 289.532192715747 0
v 294.82787188774995 287.4204996374999 0
v 296.02388401865574 285.34506991120594 0
v 297.2821929271054 283.3070393513671 0
v 298.6046917927914 281.30754377248525 0
v 299.9932737954062 279.3477189890624 0
v 301.44983211464205 277.4287008156005 0
v 302.9762599301914 275.55162506660145 0
v 304.5744504217465 273.71762755656727 0
v 306.24629676899997 271.9278440999999 0
v 306.24629676899997 271.9278440999999 0
v 306.03350982907807 269.4589285973437 0
v 305.9014709818749 266.99002254749996 0
v 305.88205950260345 265.75557011337884 0
v 305.9024279379844 264.5211164976561 0
v 305.96910725184176 263.28666051873034 0
v 306.088628408 262.0522009949999 0
v 306.26752237028313 260.8177367448631 0
v 306.51232010251556 259.5832665867186 0
v 306.6614738085578 258.9660289228929 0
v 306.8295525685214 258.3487893389647 0
v 307.01737275288446 257.73154768723373 0
v 307.225750732125 257.11430381999986 0
v 307.45550287672086 256.4970575895628 0
v 307.7074455571503 255.87980884822247 0
v 307.9823951438913 255.26255744827864 0
v 308.2811680074218 254.6453032420311 0
v 308.6045805182199 254.02804608177962 0
v 308.9534490467636 253.41078581982407 0
v 309.32858996353093 252.7935223084642 0
v 309.73081963899995 252.17625539999983 0
v 309.73081963899995 252.17625539999983 0
v 310.3465139261362 252.11393695139796 0
v 310.9799507189804 252.07528530636458 0
v 311.630535294061 252.05950705268302 0
v 312.2976729279062 252.06580877813656 0
v 313.67922847800384 252.14147851758239 0
v 315.11985958149995 252.2959472269686 0
v 316.614808450621 252.52286760856188 0
v 318.1593172975937 252.81589236462875 0
v 319.7486283346444 253.1686741974359 0
v 321.3779837739999 253.57486580924984 0
v 324.73779670853116 254.5220891789647 0
v 328.2006937989999 255.6067840919061 0
v 331.7286127432187 256.7781721662069 0
v 335.28349123899994 257.98547501999985 0
v 335.28349123899994 257.98547501999985 0
v 336.2635126830103 258.24843319657776 0
v 337.2435329395982 258.4745321155333 0
v 338.2235520671613 258.6650584578867 0
v 339.2035701240976 258.8212989046581 0
v 340.183587168805 258.9445401368677 0
v 341.16360325968117 259.03606883553573 0
v 342.14361845512394 259.0971716816825 0
v 343.12363281353123 259.129135356328 0
v 344.10364639330083 259.13324654049256 0
v 345.0836592528306 259.1107919151964 0
v 346.0636714505182 259.0630581614597 0
v 347.04368304476174 258.9913319603026 0
v 349.0037046565073 258.7810489398082 0
v 350.96372455525 258.49023630187486 0
v 352.92374320817237 258.12918749466417 0
v 354.883761082457 257.70819596633777 0
v 356.8437786452866 257.23755516505724 0
v 358.80379636384373 256.7275585389842 0
v 362.72383413687106 255.6306716051073 0
v 366.643878139 254.49988274999987 0
v 366.643878139 254.49988274999987 0
v 370.9448319093125 255.1814047329491 0
v 375.10914410775 255.9449546779686 0
v 377.1292832718125 256.36395534305404 0
v 379.1023304280625 256.8112212468163 0
v 381.0239750382187 257.28933847197493 0
v 382.88990656399994 257.80089310124987 0
v 384.695814467125 258.34847121736067 0
v 386.4373882093124 258.9346589030272 0
v 388.1103172522812 259.56204224096905 0
v 389.71029105774994 260.2332073139061 0
v 391.23299908743746 260.950740204558 0
v 392.6741308030625 261.7172269956444 0
v 393.3627584998886 262.1196362547005 0
v 394.02937566634375 262.5352537698851 0
v 394.6734434851425 262.96440280153826 0
v 395.29442313899995 263.40740660999984 0
v 395.29442313899995 263.40740660999984 0
v 391.52958319132233 264.2819791547185 0
v 387.9408148337509 265.18394775938947 0
v 384.5254331288528 266.1128947647856 0
v 381.2807531391953 267.06840251167955 0
v 378.20408992734536 268.050053340844 0
v 375.29275855587 269.0574295930516 0
v 372.54407408733675 270.09011360907516 0
v 369.95535158431244 271.14768772968733 0
v 367.5239061093643 272.2297342956609 0
v 365.2470527250596 273.33583564776836 0
v 363.12210649396513 274.4655741267827 0
v 361.14638247864843 275.6185320734764 0
v 360.2136397589588 276.2035878286946 0
v 359.31719574167636 276.7942918286223 0
v 358.4567148096218 277.3905918658562 0
v 357.6318613456162 277.99243573299304 0
v 356.8422997324803 278.59977122262916 0
v 356.087694353035 279.2125461273613 0
v 355.3677095901013 279.830708239786 0
v 354.68200982649995 280.4542053524998 0
v 354.030259445052 281.0829852580994 0
v 353.41212282857816 281.71699574918136 0
v 352.8272643598996 282.3561846183422 0
v 352.27534842183684 283.00049965817857 0
v 351.7560393972111 283.649888661287 0
v 351.2690016688431 284.30429942026416 0
v 350.8138996195538 284.9636797277065 0
v 350.39039763216397 285.62797737621077 0
v 349.9981600894948 286.2971401583735 0
v 349.6368513743668 286.97111586679125 0
v 349.3061358696011 287.64985229406057 0
v 349.00567795801857 288.33329723277814 0
v 348.73514202244 289.02139847554054 0
v 348.4941924456864 289.71410381494434 0
v 348.2824936105786 290.41136104358606 0
v 348.0997098999375 291.1131179540624 0
v 347.945505696584 291.8193223389698 0
v 347.819545383339 292.529921990905 0
v 347.7214933430234 293.2448647024645 0
v 347.65101395845807 293.964098266245 0
v 347.60777161246386 294.6875704748429 0
v 347.5914306878617 295.415229120855 0
v 347.60165556747256 296.1470219968777 0
v 347.6381106341172 296.88289689550766 0
v 347.70046027061665 297.62280160934154 0
v 347.7883688597916 298.3666839309758 0
v 347.9015007844632 299.1144916530071 0
v 348.03952042745215 299.8661725680321 0
v 348.20209217157947 300.62167446864726 0
v 348.38888039966594 301.3809451474492 0
v 348.5995494945325 302.1439323970346 0
v 348.833763839 302.91058400999987 0
v 348.833763839 302.91058400999987 0
v 348.4597879858933 302.6437852329381 0
v 348.07388833061106 302.4048182683299 0
v 347.67631491561644 302.19309947885364 0
v 347.26731778337256 302.0080452271874 0
v 346.84714697634263 301.8490718760094 0
v 346.4160525369898 301.7155957879979 0
v 345.9742845077772 301.60703332583114 0
v 345.522092931168 301.5228008521874 0
v 345.0597278496253 301.4623147297448 0
v 344.5874393056123 301.4249913211815 0
v 344.1054773415921 301.41024698917585 0
v 343.6140920000279 301.4174980964061 0
v 343.11353332338274 301.4461610055504 0
v 342.60405135412 301.49565207928697 0
v 342.0858961347026 301.56538768029407 0
v 341.5593177075938 301.6547841712499 0
v 340.48189140015444 301.8902252737206 0
v 339.37377277150733 302.1973062881249 0
v 338.2369621613575 302.5713581158886 0
v 337.07345990941013 303.0077116584373 0
v 335.8852663553705 303.50169781719717 0
v 334.6743818389439 304.04864749359365 0
v 333.4428066998353 304.6438915890526 0
v 332.19254127774997 305.2827610049999 0
v 329.6439409434703 306.67269940406237 0
v 327.04458355374607 308.18110990218736 0
v 324.41047182621924 309.77063971078115 0
v 321.7576084785312 311.40393604124995 0
v 319.10199622832374 313.0436461049999 0
v 316.4596377932383 314.6524171134374 0
v 313.8465358909165 316.19289627796866 0
v 311.278693239 317.6277308099999 0
v 311.278693239 317.6277308099999 0
v 310.56223815218164 319.2866598200975 0
v 309.9325593088281 320.91665258953105 0
v 309.67084734154514 321.7139353636742 0
v 309.45553307084174 322.4957490532616 0
v 309.36784836709427 322.8799971763063 0
v 309.29485104195584 323.2593486501634 0
v 309.2375704135811 323.63346034881664 0
v 309.197035800125 324.00198914624985 0
v 309.17427651974214 324.36459191644667 0
v 309.17032189058716 324.7209255333909 0
v 309.1862012308149 325.0706468710664 0
v 309.22294385858004 325.4134128034568 0
v 309.2815790920374 325.748880204546 0
v 309.36313624934155 326.0767059483177 0
v 309.4686446486473 326.3965469087556 0
v 309.59913360810936 326.7080599598436 0
v 309.7556324458825 327.01090197556533 0
v 309.93917048012133 327.3047298299046 0
v 310.15077702898066 327.58920039684523 0
v 310.39148141061526 327.86397055037094 0
v 310.6623129431797 328.1286971644655 0
v 310.9643009448289 328.38303711311266 0
v 311.29847473371734 328.6266472702962 0
v 311.665863628 328.85918450999986 0
v 311.665863628 328.85918450999986 0
v 312.18888579330155 329.6686186284447 0
v 312.676674992209 330.5273942126366 0
v 313.1306291129768 331.4335534964867 0
v 313.55214604385935 332.3851387139061 0
v 313.94262367311103 333.380192098806 0
v 314.3034598889863 334.41675588509753 0
v 314.63605257973944 335.49287230669177 0
v 314.941799633625 336.6065835974999 0
v 315.2220989388972 337.755931991433 0
v 315.47834838381056 338.9389597224023 0
v 315.7119458566193 340.15370902431874 0
v 315.9242892455781 341.3982221310937 0
v 316.2908053249629 343.96870869486315 0
v 316.58907972799994 346.63475728499986 0
v 316.8302955607246 349.38070577279285 0
v 317.02563592917187 352.19089202953114 0
v 317.18628393937695 355.04965392650377 0
v 317.323422697375 357.94132933499986 0
v 317.57190488089066 363.76077217171866 0
v 317.860547328 369.5239235099999 0
v 317.860547328 369.5239235099999 0
v 317.860696162 369.52396132124994 0
v 317.86084499599997 369.52399913249997 0
v 317.86099383 369.52403694374993 0
v 317.861142664 369.52407475499996 0
v 317.861291498 369.52411256625 0
v 317.86144033200003 369.52415037749995 0
v 317.861589166 369.52418818875 0
v 317.861738 369.524226 0
v 317.861738 369.524226 0
v 319.02937618396976 370.93761938701175 0
v 320.1219047956641 372.36174762421876 0
v 321.1379593503858 373.79680567587894 0
v 322.0761753634376 375.2429885062501 0
v 322.9351883501221 376.7004910795898 0
v 323.71363382574225 378.1695083601562 0
v 324.07221734543515 378.90839594197996 0
v 324.4101473056007 379.65023531220703 0
v 324.72725314565133 380.3950508413696 0
v 325.02336430500003 381.14286689999994 0
v 325.29831022305973 381.89370785863036 0
v 325.5519203392432 382.64759808779286 0
v 325.78402409296325 383.40456195802 0
v 325.9944509236328 384.16462383984367 0
v 326.1830302706647 384.92780810379634 0
v 326.3495915734717 385.6941391204101 0
v 326.49396427146667 386.4636412602172 0
v 326.6159778040625 387.2363388937499 0
v 326.71546161067204 388.0122563915404 0
v 326.792245130708 388.79141812412104 0
v 326.84615780358337 389.5738484620239 0
v 326.87702906871095 390.3595717757812 0
v 326.8846883655035 391.1486124359252 0
v 326.868965133374 391.94099481298827 0
v 326.8296888117352 392.73674327750234 0
v 326.76668884 393.53588219999995 0
v 326.76668884 393.53588219999995 0
v 328.36514923333493 394.4515271596435 0
v 329.9529046041797 395.39926353152345 0
v 331.52806037129386 396.3847810225634 0
v 333.08872195343747 397.41376933968746 0
v 334.6329947693701 398.4919181898193 0
v 336.15898423785154 399.62491727988277 0
v 337.66479577764164 400.81845631680176 0
v 339.1485348075 402.07822500749995 0
v 340.6083067461865 403.4099130589013 0
v 342.0422170124609 404.8192101779296 0
v 343.448371025083 406.3118060715087 0
v 344.8248742028125 407.8933904465624 0
v 346.1698319644092 409.5696530100146 0
v 347.48134972863284 411.346283468789 0
v 348.75753291424314 413.22897152980954 0
v 349.99648694 415.2234069 0
v 349.99648694 415.2234069 0
v 351.45334210836853 414.8851488391122 0
v 352.9001008764014 414.5822655842651 0
v 354.3370382978644 414.3137923762454 0
v 355.7644294265234 414.0787644558398 0
v 357.18254931614445 413.87621706383504 0
v 358.59167302049315 413.70518544101805 0
v 359.9920755933356 413.5647048281753 0
v 361.38403208843755 413.4538104660937 0
v 362.76781755956483 413.37153759555997 0
v 364.1437070604834 413.31692145736076 0
v 365.5119756449591 413.288997292283 0
v 366.8728983667578 413.28680034111323 0
v 369.5738064373877 413.35572904364494 0
v 372.2486317025 413.5159894912499 0
v 374.89957459222165 413.75986361022217 0
v 377.5288355366797 414.0796333268554 0
v 380.138614966001 414.4675805674438 0
v 382.7311133103125 414.9159872582812 0
v 385.30853099974127 415.41713532566155 0
v 387.8730684644141 415.9633066958788 0
v 390.426926134458 416.546783295227 0
v 392.97230444 417.15984704999994 0
v 392.97230444 417.15984704999994 0
v 394.87418758232485 417.25514209595576 0
v 396.76391988875486 417.29573763002924 0
v 398.6419208503485 417.28352162996697 0
v 400.5086099581641 417.2203820735155 0
v 402.3644067032599 417.1082069384216 0
v 404.2097305766943 416.94888420243154 0
v 406.04500106952577 416.7443018432921 0
v 407.8706376728125 416.49634783874995 0
v 409.6870598776129 416.20691016655144 0
v 411.49468717498536 415.8778768044433 0
v 413.2939390559881 415.511135730172 0
v 415.08523501167974 415.10857492148426 0
v 416.86899453311827 414.67208235612657 0
v 418.64563711136225 414.20354601184556 0
v 420.41558223747 413.7048538663878 0
v 422.17924940250003 413.17789389749987 0
v 425.6894278135595 412.0467224004198 0
v 429.17952827300786 410.825135342578 0
v 432.65290670931154 409.5282365459471 0
v 436.11291905093753 408.1711298324999 0
v 443.0062691640235 405.3367079430468 0
v 449.88642604 402.4427002499999 0
v 449.88642604 402.4427002499999 0
v 450.4459408906909 401.96945750053703 0
v 450.96977747208985 401.4819392317968 0
v 451.4544345619361 400.9787446551269 0
v 451.89641093796877 400.45847298187493 0
v 452.10029972634857 400.19149548757684 0
v 452.29220537792725 399.9197234233886 0
v 452.4716902399222 399.6429816907286 0
v 452.6383166595508 399.3610951910155 0
v 452.7916469840305 399.0738888256676 0
v 452.93124356057865 398.7811874961034 0
v 453.0566687364127 398.48281610374136 0
v 453.16748485875 398.17859954999994 0
v 453.26325427480805 397.86836273629746 0
v 453.3435393318042 397.5519305640526 0
v 453.40790237695586 397.22912793468373 0
v 453.4559057574805 396.89977974960925 0
v 453.4871118205954 396.5637109102477 0
v 453.5010829135181 396.22074631801746 0
v 453.4973813834659 395.870710874337 0
v 453.4755695776562 395.5134294806249 0
v 453.43520984330655 395.14872703829946 0
v 453.37586452763423 394.7764284487792 0
v 453.29709597785677 394.39635861348256 0
v 453.19846654119146 394.00834243382803 0
v 453.0795385648556 393.61220481123405 0
v 452.93987439606695 393.20777064711905 0
v 452.77903638204253 392.7948648429016 0
v 452.59658687 392.37331229999995 0
v 452.59658687 392.37331229999995 0
v 451.25198364810063 392.2949441887609 0
v 449.8628538738672 392.17961343899407 0
v 448.4407279257471 392.02398342943724 0
v 446.99713618218755 391.82471753882805 0
v 445.54360902163575 391.5784791459045 0
v 444.09167682253906 391.2819316294042 0
v 442.6528699633448 390.93173836806517 0
v 441.2387188225 390.5245627406249 0
v 440.54449238972353 390.2985638454725 0
v 439.86075377845214 390.05706812582144 0
v 439.18894428599185 389.799658504014 0
v 438.5305052096484 389.5259179023925 0
v 437.88687784672794 389.235429243299 0
v 437.25950349453615 388.92777544907585 0
v 436.649823450379 388.6025394420652 0
v 436.05927901156247 388.25930414460925 0
v 435.48931147539247 387.8976524790503 0
v 434.94136213917477 387.5171673677305 0
v 434.41687230021546 387.11743173299226 0
v 433.9172832558203 386.6980284971776 0
v 433.44403630329526 386.25854058262877 0
v 432.9985727399463 385.7985509116881 0
v 432.58233386307927 385.3176424066977 0
v 432.19676097 384.81539798999984 0
v 339.931694 352.10080200000004 0
v 340.31886173124997 353.4079369125 0
v 340.7060294625 354.715071825 0
v 341.09319719375003 356.0222067375 0
v 341.480364925 357.32934165 0
v 341.86753265625 358.6364765625 0
v 342.2547003875 359.943611475 0
v 342.64186811875004 361.2507463875 0
v 343.02903585 362.55788129999996 0
v 343.02903585 362.55788129999996 0
v 345.8927834844922 365.15732497939445 0
v 348.7207835509375 367.7782206351562 0
v 350.10066414753413 369.10914746436754 0
v 351.446750933789 370.46035869990226 0
v 352.7507582702588 371.83682814583733 0
v 354.0044005175 373.2435296062499 0
v 355.1993920360693 374.6854368852172 0
v 356.32744718652344 376.16752378681633 0
v 356.86378436138125 376.92518890987685 0
v 357.38028032941895 377.69476411512437 0
v 357.87589938570613 378.4768711280684 0
v 358.3496058253125 379.27213167421866 0
v 358.8003639433075 380.0811674790847 0
v 359.22713803476074 380.9046002681762 0
v 359.6288923947418 381.74305176700284 0
v 360.0045913183203 382.5971437010742 0
v 360.3531991005658 383.46749779589993 0
v 360.67368003654786 384.3547357769897 0
v 360.9649984213361 385.2594793698532 0
v 361.22611855 386.18235029999994 0
v 361.22611855 386.18235029999994 0
v 362.180986742395 387.30327329901115 0
v 363.15207598244143 388.39985899833977 0
v 364.14388913193113 389.4653523295532 0
v 365.1609290526563 390.4929982242187 0
v 366.2076986064087 391.47604161390376 0
v 367.28870065498046 392.40772743017567 0
v 367.8434460091336 392.8522002893966 0
v 368.40843806016363 393.281300604602 0
v 368.98423966579435 393.69418399223775 0
v 369.57141368375 394.0900060687499 0
v 370.1705229717544 394.46792245058435 0
v 370.78213038753177 394.82708875418695 0
v 371.4067987888059 395.1666605960037 0
v 372.0450910333008 395.4857935924804 0
v 372.6975699787405 395.78364336006314 0
v 373.3647984828491 396.0593655151978 0
v 374.0473394033505 396.31211567433013 0
v 374.7457555979688 396.5410494539062 0
v 375.4606099244278 396.745322470372 0
v 376.19246524045167 396.9240903401733 0
v 376.94188440376433 397.0765086797561 0
v 377.70943027208983 397.20173310556635 0
v 378.4956657031522 397.29891923404995 0
v 379.30115355467535 397.3672226816527 0
v 380.1264566843833 397.40579906482077 0
v 380.97213795000005 397.4138039999999 0
v 380.97213795000005 397.4138039999999 0
v 387.6687024392579 395.24008072916007 0
v 394.4202698953125 392.9702117207812 0
v 401.148391013086 390.74149789482414 0
v 407.7746164875 388.6912401712499 0
v 411.0250029506103 387.7759388853442 0
v 414.2204970134765 386.95673947001944 0
v 415.7945949688385 386.588541281011 0
v 417.35129251296394 386.2508045402709 0
v 418.88936387546084 385.9456745746737 0
v 420.4075832859375 385.67529671109367 0
v 421.9047249740021 385.4418162764053 0
v 423.37956316926267 385.2473785974829 0
v 424.8308721013275 385.09412900120077 0
v 426.2574259998047 384.98421281443353 0
v 427.65799909430234 384.91977536405545 0
v 429.0313656144287 384.90296197694084 0
v 430.37629978979186 384.9359179799642 0
v 431.69157585 385.0207886999999 0
v 431.69157585 385.0207886999999 0
v 432.6571980931055 384.37042535332023 0
v 433.59421256437497 383.6842902009374 0
v 434.4998273804882 382.9588927918358 0
v 435.371250658125 382.19074267499985 0
v 436.2056905139649 381.376349399414 0
v 437.0003550646876 380.5122225140624 0
v 437.3818991370923 380.0604182017821 0
v 437.7524524269727 379.5948715679296 0
v 438.11166594891364 379.1151463061278 0
v 438.45919071750006 378.6208061099999 0
v 438.7946777473169 378.11141467316884 0
v 439.1177780529493 377.58653568925774 0
v 439.428142648982 377.0457328518895 0
v 439.7254225500001 376.4885698546874 0
v 440.0092687705884 375.9146103912743 0
v 440.27933232533206 375.3234181552733 0
v 440.53526422881595 374.7145568403075 0
v 440.776715495625 374.0875901399999 0
v 441.0033371403443 373.44208174797353 0
v 441.2147801775586 372.7775953578515 0
v 441.41069562185305 372.09369466325677 0
v 441.59073448781254 371.3899433578124 0
v 441.754547790022 370.6659051351415 0
v 441.90178654306646 369.9211436888671 0
v 442.0321017615308 369.1552227126122 0
v 442.14514446000004 368.3677058999999 0
v 442.14514446000004 368.3677058999999 0
v 442.2520052008238 367.72539572492144 0
v 442.40002164681647 367.100727839685 0
v 442.58782330219776 366.49311478522606 0
v 442.8140396711875 365.9019691024804 0
v 443.0773002580054 365.32670333238366 0
v 443.3762345668712 364.76673001587153 0
v 443.7094721020045 364.2214616938796 0
v 444.07564236762505 363.6903109073437 0
v 444.47337486795266 363.1726901971993 0
v 444.901299107207 362.6680121043822 0
v 445.3580445896079 362.17568916982805 0
v 445.84224081937504 361.69513393447255 0
v 446.3525173007281 361.2257589392513 0
v 446.8875035378868 360.7669767251 0
v 447.4458290350708 360.3181998329543 0
v 448.0261232965 359.87884080374994 0
v 449.2471361289727 359.0260264979076 0
v 450.5395780690625 358.2038341350585 0
v 451.89248515052736 357.4075640426879 0
v 453.294893407125 356.63251654828116 0
v 456.20435758075007 355.12729066330064 0
v 459.18025886000004 353.6505590999999 0
v 459.18025886000004 353.6505590999999 0
v 460.42188841465094 354.37173750225577 0
v 461.61209159689463 355.00290917789044 0
v 462.7513030422925 355.54483094270495 0
v 463.83995738640635 355.99825961249985 0
v 464.36546146909467 356.1920255417028 0
v 464.8784892647974 356.363952003076 0
v 465.3790951029599 356.51413359859487 0
v 465.8673333130275 356.6426649302343 0
v 466.3432582244449 356.7496405999694 0
v 466.8069241666578 356.8351552097753 0
v 467.2583854691111 356.8993033616271 0
v 467.69769646125 356.9421796574999 0
v 468.12491147251984 356.9638786993688 0
v 468.5400848323658 356.96449508920887 0
v 468.9432708702329 356.9441234289953 0
v 469.3345239155664 356.902858320703 0
v 469.7138982978116 356.84079436630725 0
v 470.0814483464137 356.7580261677831 0
v 470.4372283908176 356.65464832710563 0
v 470.78129276046883 356.53075544624994 0
v 471.1136957848123 356.38644212719106 0
v 471.4344917932935 356.22180297190414 0
v 471.74373511535737 356.0369325823644 0
v 472.0414800804493 355.8319255605468 0
v 472.32778101801426 355.60687650842635 0
v 472.60269225749755 355.3618800279784 0
v 472.8662681283445 355.0970307211779 0
v 473.11856296 354.8124231899999 0
v 473.11856296 354.8124231899999 0
v 474.0225083184967 353.7343061077184 0
v 474.83681655512214 352.65058712627916 0
v 475.21123786644876 352.1066819647763 0
v 475.5643072337665 351.5614423781651 0
v 475.8963771025616 351.01489038300605 0
v 476.20779991832035 350.4670479958593 0
v 476.498928126529 349.9179372332853 0
v 476.77011417267397 349.36758011184435 0
v 477.0217105022415 348.815998648097 0
v 477.25406956071777 348.26321485860336 0
v 477.4675437935893 347.7092507599241 0
v 477.6624856463422 347.15412836861924 0
v 477.8392475644629 346.5978697012494 0
v 477.9981819934375 346.0404967743749 0
v 478.2639781658942 344.92249620835315 0
v 478.4626937276026 343.80030280303697 0
v 478.59714824245304 342.67409269090933 0
v 478.67016127433595 341.54404200445305 0
v 478.6845523871418 340.41032687615103 0
v 478.6431411447607 339.2731234384862 0
v 478.54874711108334 338.13260782394156 0
v 478.40418985 336.9889561649999 0
v 478.21228892540097 335.8423445941442 0
v 477.9758639011768 334.69294924385736 0
v 477.6977343412177 333.5409462466222 0
v 477.3807198094141 332.3865117349218 0
v 477.0276398696564 331.2298218412389 0
v 476.641314085835 330.0710526980565 0
v 476.22456202184026 328.91038043785755 0
v 475.7802032415625 327.7479811931249 0
v 474.81994378771975 325.41870627999015 0
v 473.7830922354297 323.0846370185155 0
v 472.69220509581544 320.7471824685643 0
v 471.56983888 318.4077516899998 0
v 471.56983888 318.4077516899998 0
v 471.70954686013647 317.3570167161564 0
v 471.8181618321069 316.3529330336277 0
v 471.896564766066 315.394178910291 0
v 471.945636632168 314.47943261402327 0
v 471.96625840056737 313.6073724127019 0
v 471.9593110414184 312.776676574204 0
v 471.92567552487577 311.9860233664067 0
v 471.86623282109383 311.23409105718736 0
v 471.78186390022677 310.5195579144231 0
v 471.6734497324293 309.8411022059911 0
v 471.5418712878556 309.19740219976853 0
v 471.3880095366602 308.58713616363264 0
v 471.21274544899757 308.0089823654607 0
v 471.01695999502203 307.4616190731297 0
v 470.801534144888 306.9437245545171 0
v 470.56734886875006 306.45397707749987 0
v 470.31528513676244 305.9910549099553 0
v 470.0462239190797 305.5536363197606 0
v 469.7610461858561 305.140399574793 0
v 469.4606329072462 304.75002294292955 0
v 469.1458650534043 304.3811846920476 0
v 468.81762359448487 304.03256309002427 0
v 468.47678950064244 303.7028364047368 0
v 468.12424374203124 303.3906829040624 0
v 467.7608672888059 303.0947808558782 0
v 467.38754111112064 302.8138085280614 0
v 467.00514617912995 302.5464441884892 0
v 466.6145634629883 302.29136610503895 0
v 465.8123585588696 301.81278177801255 0
v 464.98797416 301.36748168999986 0
v 464.98797416 301.36748168999986 0
v 464.74738774838386 300.2743776458325 0
v 464.48725610716826 299.2054254914465 0
v 464.20779801164656 298.16035488932766 0
v 463.9092322371118 297.13889550196274 0
v 463.5917775588573 296.1407769918378 0
v 463.2556527521763 295.1657290214391 0
v 462.90107659236173 294.21348125325295 0
v 462.52826785470705 293.2837633497655 0
v 462.1374453145054 292.37630497346316 0
v 461.7288277470499 291.4908357868321 0
v 461.3026339276338 290.6270854523587 0
v 460.8590826315503 289.7847836325291 0
v 460.3983926340927 288.96365998982975 0
v 459.9207827105539 288.1634441867467 0
v 459.4264716362274 287.38386588576634 0
v 458.9156781864063 286.6246547493749 0
v 458.38862113638373 285.8855404400586 0
v 457.84551926145303 285.1662526203038 0
v 457.2865913369072 284.4665209525968 0
v 456.7120561380396 283.7860750994237 0
v 456.12213244014333 283.1246447232709 0
v 455.5170390185117 282.48195948662465 0
v 454.89699464843784 281.85774905197115 0
v 454.26221810521486 281.2517430817968 0
v 453.6129281641362 280.66367123858765 0
v 452.9493436004948 280.0932631848302 0
v 452.27168318958394 279.5402485830106 0
v 451.5801657066968 279.0043570956151 0
v 450.1564346261667 277.9828621140416 0
v 448.67990056125007 277.02661553999985 0
v 447.1523137142924 276.13345467338 0
v 445.5754242876392 275.3012168140722 0
v 443.95098248363627 274.5277392619664 0
v 442.28073850462897 273.81085931695304 0
v 440.566442552963 273.148414278922 0
v 438.80984483098393 272.5382414477636 0
v 437.0126955410374 271.9781781233678 0
v 435.1767448854688 271.4660616056249 0
v 433.30374306662384 270.99972919442496 0
v 431.3954402868482 270.57701818965813 0
v 429.4535867484873 270.19576589121453 0
v 427.47993265388675 269.8538095989843 0
v 425.4762282053922 269.54898661285756 0
v 423.4442236053492 269.2791342327246 0
v 421.38566905610327 269.0420897584753 0
v 419.30231476000006 268.83569048999993 0
v 419.30231476000006 268.83569048999993 0
v 418.5976453617384 268.5005781251015 0
v 417.92215681265634 268.1656883739374 0
v 417.5997963166529 267.98832752758295 0
v 417.29006018505856 267.7990229935546 0
v 416.99472480191173 267.5937749914833 0
v 416.71556655125005 267.3685837409999 0
v 416.4543618171119 267.11944946173526 0
v 416.21288698353527 266.8423723733202 0
v 415.9929184345582 266.53335269538564 0
v 415.7962325542188 266.18839064756236 0
v 415.6246057265553 265.80348644948134 0
v 415.4798143356055 265.3746403207733 0
v 415.3636347654078 264.8978524810692 0
v 415.27784340000005 264.36912314999984 0
v 415.27784340000005 264.36912314999984 0
v 415.24378272002343 264.1761578789391 0
v 415.19219587492927 263.9938855850682 0
v 415.1239932206585 263.82174271829206 0
v 415.04008511315243 263.65916572851546 0
v 414.94138190835184 263.50559106564316 0
v 414.82879396219784 263.36045517957996 0
v 414.7032316306314 263.22319452023055 0
v 414.5656052695938 263.09324553749985 0
v 414.25780188286876 262.85302840151354 0
v 413.9126666495509 262.63529537085924 0
v 413.5374824171685 262.4355380447753 0
v 413.13953203325 262.2492480224999 0
v 412.304464200918 261.899036286328 0
v 411.4657259327813 261.5485929562499 0
v 411.06318750410696 261.36201344159167 0
v 410.68158000906647 261.16185082617176 0
v 410.32818629518806 260.94359670922836 0
v 410.01028921000005 260.7027426899998 0
v 410.01028921000005 260.7027426899998 0
v 409.4190807846445 260.5190309961839 0
v 408.8432069473902 260.3700263373631 0
v 408.28187514239295 260.2540388756028 0
v 407.7342928138086 260.16937877296857 0
v 407.1996674057932 260.11435619152576 0
v 406.67720636250255 260.0872812933397 0
v 406.1661171280924 260.0864642404759 0
v 405.6656071467188 260.11021519499985 0
v 405.1748838625377 260.1568443189769 0
v 404.6931547197047 260.22466177447245 0
v 404.21962716237584 260.3119777235521 0
v 403.7535086347071 260.4171023282811 0
v 402.84032844497324 260.67401815294903 0
v 401.94727370375006 260.9818905449998 0
v 400.1961787798243 261.6964302173435 0
v 398.4495002889064 262.4525717174998 0
v 397.561966088943 262.81244639431617 0
v 396.6565146569727 263.14216541765603 0
v 396.1950885893748 263.29149196443575 0
v 395.72680554624276 263.42821008404275 0
v 395.2508729717326 263.5506299385422 0
v 394.7664983100001 263.65706168999975 0
v 455.30993699999993 282.38693999999987 0
v 459.2998092306444 281.0471406969726 0
v 463.32949663265623 279.82677649828116 0
v 465.3650605835083 279.27876059879145 0
v 467.4175257999023 278.7814571182616 0
v 469.4892081060717 278.34181727098377 0
v 471.5824233262499 277.96679227124986 0
v 473.6994872846704 277.66333333335194 0
v 475.8427158055664 277.4383916715819 0
v 476.92486547201565 277.3575370737111 0
v 478.0144247131713 277.2989185002318 0
v 479.1116830070626 277.2634048529304 0
v 480.2169298317187 277.2518650335936 0
v 481.3304546651687 277.2651679440077 0
v 482.4525469854418 277.30418248595936 0
v 483.58349627056725 277.3697775612349 0
v 484.72359199857414 277.46282207162096 0
v 485.87312364749164 277.584184918904 0
v 487.03238069534905 277.73473500487046 0
v 488.2016526201754 277.9153412313069 0
v 489.38122889999994 278.1268724999999 0
v 489.38122889999994 278.1268724999999 0
v 490.2937918928316 278.29113229656633 0
v 491.13592634695067 278.47104740917223 0
v 491.91066102673 278.66594460186485 0
v 492.62102469654286 278.87515063869125 0
v 493.27004612076263 279.097992283699 0
v 493.86075406376216 279.3337963009349 0
v 494.39617728991476 279.5818894544466 0
v 494.8793445635937 279.8415985082811 0
v 495.31328464917203 280.11225022648574 0
v 495.7010263110229 280.39317137310775 0
v 496.0455983135195 280.6836887121944 0
v 496.3500294210352 280.98312900779285 0
v 496.6173483979428 281.29081902395035 0
v 496.8505840086156 281.6060855247142 0
v 497.052765017427 281.92825527413163 0
v 497.22692018874994 282.25665503624987 0
v 497.37607828695764 282.59061157511616 0
v 497.5032680764233 282.9294516547777 0
v 497.61151832151995 283.2725020392818 0
v 497.70385778662103 283.6190894926757 0
v 497.8529194343285 284.32018266232166 0
v 497.9746831345312 285.0273452760936 0
v 498.0933790022143 285.7351914463695 0
v 498.23323715236324 286.4383352855273 0
v 498.3186739942953 286.7864607410549 0
v 498.4184876999633 287.1313909059447 0
v 498.53570703374044 287.472452544244 0
v 498.6733607599999 287.8089724199999 0
v 498.6733607599999 287.8089724199999 0
v 497.8216037163158 288.55086230984784 0
v 497.0449529746288 289.28336131050287 0
v 496.3398319405492 290.00691654738085 0
v 495.70266401968735 290.72197514589834 0
v 495.12987261765375 291.4289842314714 0
v 494.6178811400585 292.12839092951646 0
v 494.1631129925121 292.82064236544966 0
v 493.76199158062497 293.5061856646874 0
v 493.4109403100073 294.1854679526457 0
v 493.10638258626943 294.8589363547411 0
v 492.84474181502185 295.52703799638965 0
v 492.6224414018749 296.19022000300765 0
v 492.4359047524389 296.8489295000115 0
v 492.2815552723241 297.5036136128172 0
v 492.15581636714103 298.15471946684124 0
v 492.0551114424999 298.8026941874998 0
v 491.91449715728504 300.0910387303856 0
v 491.83109966156235 301.37222424480456 0
v 491.7763062002148 302.6498277340868 0
v 491.72150401812496 303.92742620156235 0
v 491.6380803601757 305.2085966505614 0
v 491.49742247124993 306.4969160844139 0
v 491.3966892041967 307.1448744842009 0
v 491.2709175962304 307.79596150645006 0
v 491.11653105296136 308.4506242765776 0
v 490.92995297999994 309.1093099199999 0
v 490.92995297999994 309.1093099199999 0
v 490.8719573409581 309.91092465163587 0
v 490.8508250013292 310.6830376539477 0
v 490.8650391495773 311.42686293022786 0
v 490.913082974166 312.1436144837694 0
v 490.99343966355895 312.8345063178652 0
v 491.1045924062204 313.50075243580795 0
v 491.2450243906138 314.1435668408907 0
v 491.4132188052031 314.76416353640604 0
v 491.6076588384519 315.36375652564715 0
v 491.8268276788244 315.9435598119066 0
v 492.06920851478407 316.50478739847733 0
v 492.3332845347948 317.0486532886522 0
v 492.6175389273205 317.5763714857241 0
v 492.9204548808249 318.0891559929857 0
v 493.2405155837717 318.58822081373006 0
v 493.5762042246249 319.07477995124987 0
v 494.28839807390546 320.0152371897875 0
v 495.0449019363769 320.9202397349412 0
v 495.8335813197496 321.7994996130541 0
v 496.6423017317343 322.6627288504686 0
v 498.2713276723807 324.37994350857406 0
v 499.8349038199999 326.14957991999984 0
v 499.8349038199999 326.14957991999984 0
v 498.96621576681383 326.6081003909425 0
v 498.14038159646475 327.07274146566635 0
v 497.35591021776594 327.5432903635774 0
v 496.6113105395312 328.0195343040819 0
v 495.90509147057367 328.50126050658577 0
v 495.23576191970693 328.98825619049546 0
v 494.60183079574455 329.4803085752168 0
v 494.0018070074999 329.9772048801561 0
v 493.43419946378657 330.4787323247193 0
v 492.8975170734179 330.98467812831285 0
v 492.39026874520744 331.4948295103425 0
v 491.91096338796865 332.00897369021465 0
v 491.4581099105151 332.52689788733534 0
v 491.0302172216601 333.0483893211107 0
v 490.62579423021725 333.5732352109468 0
v 490.2433498449999 334.1012227762498 0
v 489.538432528496 335.1657718108812 0
v 488.9035365426562 336.24033418025374 0
v 488.3267331579882 337.32320763961656 0
v 487.79609364499987 338.4126899442186 0
v 486.82559131609366 340.60467211013656 0
v 485.8965997199999 342.80266271999983 0
v 485.8965997199999 342.80266271999983 0
v 486.13858785749994 345.17481450749983 0
v 486.38057599499996 347.54696629499983 0
v 486.6225641324999 349.91911808249984 0
v 486.86455226999993 352.29126986999984 0
v 487.10654040749995 354.66342165749984 0
v 487.3485285449999 357.03557344499984 0
v 487.5905166824999 359.40772523249984 0
v 487.83250481999994 361.77987701999984 0
v 487.83250481999994 361.77987701999984 0
v 487.05062008545804 362.4676071129417 0
v 486.315720120852 363.1532278993944 0
v 485.62627745314904 363.83680776454815 0
v 484.9807646093164 364.5184150935936 0
v 484.37765411632114 365.198118271721 0
v 483.8154185011304 365.8759856841209 0
v 483.2925302907113 366.55208571598365 0
v 482.80746201203124 367.2264867524998 0
v 482.3586861920571 367.89925717885967 0
v 481.94467535775635 368.5704653802537 0
v 481.5639020360958 369.2401797418724 0
v 481.2148387540429 369.9084686489061 0
v 480.8959580385647 370.5754004865452 0
v 480.6057324166284 371.2410436399803 0
v 480.342634415201 371.9054664944017 0
v 480.10513656124994 372.5687374349999 0
v 479.8917113817422 373.2309248469652 0
v 479.700831403645 373.8920971154881 0
v 479.5309691539254 374.55232262575913 0
v 479.3805971595507 375.21166976296865 0
v 479.13221404470454 376.5280024589647 0
v 478.9434622748437 377.8416422849998 0
v 478.6959736330273 380.46303165328106 0
v 478.5403729599999 383.0802145199998 0
v 478.5403729599999 383.0802145199998 0
v 477.8062066829839 383.8238139749898 0
v 477.06699604059077 384.5277710852708 0
v 476.3226774570526 385.1931290019349 0
v 475.57318735660147 385.82093087607404 0
v 474.81846216346975 386.41221985878 0
v 474.05843830188957 386.9680391011449 0
v 473.2930521960931 387.48943175426035 0
v 472.52224027031247 387.97744096921855 0
v 471.7459389487798 388.43310989711136 0
v 470.9640846557275 388.8574816890305 0
v 470.1766138153875 389.25159949606825 0
v 469.383462851992 389.61650646931616 0
v 468.58456818977345 389.95324575986643 0
v 467.77986625296376 390.2628605188109 0
v 466.9692934657952 390.54639389724133 0
v 466.1527862524999 390.8048890462498 0
v 465.3302810373101 391.0393891169282 0
v 464.5017142444579 391.25093726036846 0
v 463.6670222981756 391.4405766276625 0
v 462.8261416226953 391.6093503699022 0
v 461.1255597810693 391.88847358358623 0
v 459.3994601134374 392.09665211015607 0
v 457.64733401365714 392.24223115834695 0
v 455.86867287558584 392.33355593689436 0
v 454.06296809308094 392.3789716545336 0
v 452.2297110599999 392.3868235199999 0
v 355.601788 375.51352799999995 0
v 357.8138060726807 375.97105438031684 0
v 360.0418562955078 376.39399773472263 0
v 362.28535157565915 376.77707402964984 0
v 364.5437048203125 377.11499923153116 0
v 366.81632893664556 377.4024893067992 0
v 369.102636831836 377.63426022188656 0
v 371.4020414130615 377.805027943226 0
v 373.7139555875 377.90950843724994 0
v 376.0377922623291 377.942417670391 0
v 378.37296434472654 377.89847160908187 0
v 380.7188847418701 377.7723862197553 0
v 383.0749663609375 377.55887746884366 0
v 385.44062210910647 377.25266132277966 0
v 387.81526489355474 376.84845374799596 0
v 389.0057729578766 376.6079519143444 0
v 390.19830762146 376.34097071092515 0
v 391.3927954977021 376.0468496335423 0
v 392.58916320000003 375.7249281779999 0
v 392.58916320000003 375.7249281779999 0
v 395.8417376350342 374.1631591134491 0
v 399.085412241211 372.5480442831562 0
v 402.3197338513916 370.8768530059101 0
v 405.5442492984376 369.1468546005 0
v 408.75850541521 367.3553183857148 0
v 411.9620490345703 365.4995136803437 0
v 415.1544269893799 363.57670980317573 0
v 418.3351861125 361.584176073 0
v 421.503873236792 359.5191818086054 0
v 424.6600351951172 357.3789963287812 0
v 427.8032188203369 355.1608889523163 0
v 430.9329709453125 352.8621289979999 0
v 434.0488384029053 350.479985784621 0
v 437.1503680259766 348.01172863096866 0
v 440.2371066473877 345.4546268558319 0
v 443.30860110000003 342.8059497779999 0
v 355.58052599999996 340.2331109999999 0
v 356.1510298942578 342.5657037518554 0
v 356.65082850249996 344.87656094296864 0
v 357.07965521917964 347.1670591391601 0
v 357.43724343875 349.4385749062499 0
v 357.723326555664 351.69248481005855 0
v 357.93763796437497 353.9301654164062 0
v 358.0799110593359 356.1529932911132 0
v 358.14987923499996 358.36234499999995 0
v 358.14727588582025 360.55959710888663 0
v 358.07183440624993 362.7461261835937 0
v 357.92328819074214 364.92330878994136 0
v 357.70137063374995 367.0925214937499 0
v 357.40581512972653 369.2551408608398 0
v 357.036355073125 371.4125434570312 0
v 356.5927238583984 373.56610584814445 0
v 356.07465487999997 375.71720459999995 0
v 427.042108 336.99646799999994 0
v 426.45079008196285 337.60614055521137 0
v 425.8994823061719 338.2291535213012 0
v 425.3866716238574 338.8650024836398 0
v 424.9108449862499 339.5131830275976 0
v 424.4704893445801 340.17319073854526 0
v 424.0640916500781 340.84452120185296 0
v 423.6901388539746 341.5266700028915 0
v 423.3471179075 342.2191327270312 0
v 423.03351576188476 342.9214049596426 0
v 422.74781936835933 343.6329822860962 0
v 422.4885156781543 344.3533602917623 0
v 422.2540916425 345.08203456201164 0
v 422.04303421262694 345.8185006822146 0
v 421.8538303397656 346.5622542377416 0
v 421.6849669751465 347.3127908139633 0
v 421.53493106999997 348.06960599624995 0
v 421.28528944304685 349.6000545205004 0
v 421.09280106874996 351.149564493457 0
v 420.9453615569531 352.71410059808346 0
v 420.8308665175 354.28962751734366 0
v 420.65229229499994 357.457512531621 0
v 420.46024328 360.6209369999999 0
v 352.316809 321.49889699999994 0
v 352.06273141894314 321.20287203479006 0
v 351.8086538184204 320.9294056176569 0
v 351.55457617896576 320.67799556978275 0
v 351.30049848111327 320.4481397123496 0
v 351.046420705397 320.2393358665397 0
v 350.79234283235104 320.05108185353544 0
v 350.5382648425095 319.88287549451866 0
v 350.2841867164062 319.73421461067187 0
v 350.0301084345755 319.6045970231771 0
v 349.7760299775513 319.4935205532165 0
v 349.5219513258676 319.4004830219724 0
v 349.2678724600586 319.32498225062693 0
v 349.0137933606582 319.26651606036233 0
v 348.75971400820066 319.2245822723606 0
v 348.5056343832199 319.1986787078041 0
v 348.25155446624996 319.188303187875 0
v 347.997474237825 319.1929535337555 0
v 347.743393678479 319.2121275666277 0
v 347.489312768746 319.24532310767387 0
v 347.2352314891601 319.2920379780762 0
v 346.72706774256585 319.424016991678 0
v 346.21890228296866 319.6040471768907 0
v 345.71073495464105 319.82811110317164 0
v 345.2025656018554 320.0921913399785 0
v 344.6943940688842 320.39227045676876 0
v 344.1862201999999 320.724331023 0
v 344.1862201999999 320.724331023 0
v 345.07582103417957 323.31620280264843 0
v 345.8678616796874 325.9406229789375 0
v 346.26548521745593 327.25230474348336 0
v 346.68454465097653 328.5568428403827 0
v 347.14031529455565 329.8491436807002 0
v 347.64807246249995 331.1241136755 0
v 347.92621952882985 331.75350785928845 0
v 348.2230914691161 332.37665923584666 0
v 348.540597697647 332.9929311065577 0
v 348.8806476287108 333.60168677280467 0
v 349.24515067659604 334.2022895359705 0
v 349.6360162555908 334.79410269743846 0
v 350.05515377998347 335.3764895585914 0
v 350.5044726640624 335.9488134208125 0
v 350.985882322116 336.51043758548474 0
v 351.50129216843254 337.0607253539912 0
v 352.0526116173004 337.5990400277149 0
v 352.64175008300776 338.124744908039 0
v 353.2706169798431 338.6372032963465 0
v 353.9411217220947 339.1357784940205 0
v 354.6551737240508 339.6198338024439 0
v 355.41468239999995 340.088732523 0
v 355.41468239999995 340.088732523 0
v 356.01792676352534 340.93198777066846 0
v 356.633220078203 341.7601786323164 0
v 357.26563470143554 342.5669633046577 0
v 357.9202429906249 343.3459999844062 0
v 358.60211730317377 344.09094686827586 0
v 359.31632999648434 344.7954621529805 0
v 359.6871483476134 345.13057613211896 0
v 360.0679534279589 345.4532040352339 0
v 360.459379282196 345.76255313691456 0
v 360.86205995499995 346.05783071175006 0
v 361.27662949104615 346.3382440343297 0
v 361.70372193500964 346.6030003792427 0
v 362.1439713315661 346.85130702107836 0
v 362.59801172539056 347.0823712344258 0
v 363.06647716115833 347.29540029387437 0
v 363.55000168354485 347.48960147401317 0
v 364.0492193372253 347.6641820494316 0
v 364.56476416687497 347.8183492947188 0
v 365.0972702171691 347.951310484464 0
v 365.64737153278315 348.06227289325636 0
v 366.2157021583923 348.1504437956853 0
v 366.8028961386718 348.2150304663399 0
v 367.40958751829703 348.25524017980945 0
v 368.03641034194334 348.27028021068315 0
v 368.6839986542858 348.2593578335503 0
v 369.35298649999993 348.2216803230001 0
v 369.35298649999993 348.2216803230001 0
v 371.7001239078612 347.93495111544144 0
v 374.04728311757805 347.72215589925 0
v 376.39446101459953 347.5777186966525 0
v 378.7416544843749 347.4960635298751 0
v 381.0888604123534 347.4716144211446 0
v 383.4360756839842 347.4987953926875 0
v 385.7832971847167 347.5720304667305 0
v 388.13052179999994 347.6857436655 0
v 392.82496791601557 348.01230052612505 0
v 397.5193891156249 348.433858152375 0
v 402.21376048242183 348.9058087220625 0
v 406.90805709999995 349.383544413 0
v 406.90805709999995 349.383544413 0
v 408.87827364868156 348.63318015675003 0
v 410.6548990644531 347.88281590049996 0
v 412.25423802065427 347.13245164425 0
v 413.692595190625 346.382087388 0
v 414.986275247705 345.63172313175 0
v 416.1515828652344 344.88135887550004 0
v 417.2048227165527 344.13099461925003 0
v 418.16229947499994 343.380630363 0
v 419.040317813916 342.63026610675 0
v 419.8551824066406 341.8799018505 0
v 420.6231979265136 341.12953759425 0
v 421.36066904687493 340.379173338 0
v 422.80919678242185 338.87844482549997 0
v 424.33120299999996 337.37771631299995 0
v 424.33120299999996 337.37771631299995 0
v 426.33189677771475 337.17679113131834 0
v 428.33721130296874 336.9874608876093 0
v 429.3315028043335 336.87188451241775 0
v 430.3148312426758 336.72889564562695 0
v 431.2831572013598 336.5483905452063 0
v 432.23244126374993 336.32026546912505 0
v 432.69868026613614 336.185188020827 0
v 433.1586440132104 336.0344166753523 0
v 433.61182757789334 335.86668846494706 0
v 434.05772603310544 335.6807404218574 0
v 434.4958344517672 335.4753095783296 0
v 434.9256479067993 335.24913296660964 0
v 435.3466614711221 335.00094761894377 0
v 435.7583702176562 334.7294905675782 0
v 436.1602692193222 334.4334988447589 0
v 436.5518535490405 334.1117094827322 0
v 436.93261827973174 333.76285951374416 0
v 437.3020584843164 333.38568597004104 0
v 437.659669235715 332.9789258838689 0
v 438.00494560684814 332.54131628747393 0
v 438.33738267063626 332.07159421310223 0
v 438.6564755 331.56849669300004 0
v 438.6564755 331.56849669300004 0
v 438.8885517447747 331.44196572357043 0
v 439.1020531765964 331.3107901553365 0
v 439.2974180692112 331.17507956338056 0
v 439.47508469636523 331.0349435227852 0
v 439.6354913318046 330.8904916086326 0
v 439.77907624927553 330.7418333960054 0
v 439.90627772252435 330.58907845998584 0
v 440.01753402529687 330.4323363756563 0
v 440.11328343133937 330.2717167180992 0
v 440.1939642143981 330.107329062397 0
v 440.26001464821917 329.9392829836321 0
v 440.3118730065488 329.76768805688675 0
v 440.349977563133 329.5926538572435 0
v 440.37476659171796 329.4142899597847 0
v 440.3866783660499 329.23270593959273 0
v 440.38615115987494 329.04801137175 0
v 440.37362324693925 328.86031583133894 0
v 440.34953290098895 328.66972889344186 0
v 440.3143183957702 328.4763601331413 0
v 440.2684180050293 328.28031912551955 0
v 440.1463126619651 327.88065866864207 0
v 439.9867230617656 327.47162412346876 0
v 439.7931553944001 327.0540920906586 0
v 439.5691158498379 326.6289391708711 0
v 439.3181106180481 326.19704196476516 0
v 439.043645889 325.759277073 0
v 439.043645889 325.759277073 0
v 438.88030381832374 325.1812846495997 0
v 438.70599806171487 324.65336728189163 0
v 438.52108694824074 324.1733047036147 0
v 438.32592880696876 323.73887664850787 0
v 438.1208819669663 323.3478628503102 0
v 437.90630475730075 322.99804304276074 0
v 437.6825555070395 322.6871969595985 0
v 437.44999254525 322.41310433456255 0
v 437.2089742009995 322.1735449013917 0
v 436.95985880335553 321.9662983938252 0
v 436.7030046813852 321.78914454560197 0
v 436.4387701641562 321.63986309046095 0
v 436.16751358073583 321.51623376214127 0
v 435.8895932601914 321.41603629438185 0
v 435.60536753159033 321.33705042092174 0
v 435.315194724 321.2770558755 0
v 435.01943316648783 321.2338323918556 0
v 434.7184411881211 321.20515970372753 0
v 434.4125771179673 321.1888175448549 0
v 434.1021992850938 321.18258564897656 0
v 433.469335647457 321.1915715811592 0
v 432.82271690775 321.2143553701875 0
v 432.1652096985117 321.23317488597365 0
v 431.4996806522813 321.23026799842967 0
v 431.16480376296244 321.21511648775646 0
v 430.8289964015977 321.1878725774677 0
v 430.49261689725444 321.1463160013026 0
v 430.156023579 321.088226493 0
v 430.156023579 321.088226493 0
v 429.05449272163673 322.41472135630073 0
v 428.15249369134375 323.3972508231563 0
v 427.40747051206637 324.1291176977461 0
v 426.77686720775 324.70362478425 0
v 426.21812780233984 325.21407488684764 0
v 425.6886963197813 325.75377080971873 0
v 425.4216723070542 326.063743080063 0
v 425.1460167840196 326.41601535704297 0
v 424.8564102536704 326.8222504911812 0
v 424.547533219 327.29411133300005 0
v 424.547533219 327.29411133300005 0
v 424.1710167323301 327.86087684915844 0
v 423.765656390875 328.4131150910567 0
v 423.3329752099668 328.9512017341414 0
v 422.87449620493754 329.47551245385944 0
v 422.3917423911192 329.9864229256575 0
v 421.8862367838438 330.4843088249824 0
v 421.35950239844334 330.969545827281 0
v 420.81306225025 331.442509608 0
v 419.66715672681255 332.3531202064864 0
v 418.4607043361876 333.2191460240157 0
v 417.20588920103125 334.0435924641622 0
v 415.914895444 334.8294649305 0
v 413.27310855493755 336.2975095560469 0
v 410.63281665025 337.64732312925 0
v 408.09149271118747 338.9029488787031 0
v 405.746609719 340.088430033 0
v 405.746609719 340.088430033 0
v 402.0997516866367 339.302744752043 0
v 398.4379849225938 338.5916102584688 0
v 396.5981225242612 338.28094261560506 0
v 394.7504670526914 338.00924433997267 0
v 392.8936632111118 337.78329265503373 0
v 391.02635570275 337.60986478425 0
v 389.1471892308335 337.49573795108347 0
v 387.25480849858985 337.4476893789961 0
v 385.3478582092466 337.4724962914497 0
v 383.42498306603125 337.5769359119063 0
v 382.45715014398013 337.66113586996744 0
v 381.48482777217134 337.76778546382764 0
v 380.5078465385084 337.8977318464195 0
v 379.52603703089454 338.0518221706758 0
v 378.5392298372334 338.23090358952925 0
v 377.54725554542824 338.4358232559126 0
v 376.54994474338264 338.6674283227586 0
v 375.547128019 338.926565943 0
v 375.547128019 338.926565943 0
v 374.56501001837563 338.7022538471584 0
v 373.6093528908018 338.44485923384474 0
v 372.67916336710243 338.15562392937636 0
v 371.77344817810155 337.8357897600704 0
v 370.89121405462316 337.4865985522438 0
v 370.03146772749125 337.1092921322139 0
v 369.19321592752965 336.70511232629775 0
v 368.3754653855625 336.2753009608125 0
v 367.5772228324137 335.82109986207536 0
v 366.79749499890727 335.3437508564034 0
v 366.03528861586716 334.84449577011367 0
v 365.2896104141172 334.3245764295235 0
v 364.55946712448156 333.7852346609498 0
v 363.8438654777842 333.22771229071 0
v 363.14181220484903 332.653251145121 0
v 362.45231403650007 332.0630930505 0
v 361.10700993685657 330.84065331943066 0
v 359.80000702544544 329.57032770803903 0
v 358.52335914885845 328.26205082686226 0
v 357.2691201536876 326.9257572864375 0
v 354.79608419396095 324.2088586699922 0
v 352.31732991900003 321.49910874299997 0
v 352.31732991900003 321.49910874299997 0
v 352.31726480412505 321.499082275125 0
v 352.31719968925 321.49905580725 0
v 352.317134574375 321.49902933937494 0
v 352.3170694595 321.49900287149995 0
v 352.317004344625 321.49897640362497 0
v 352.31693922975 321.4989499357499 0
v 352.31687411487496 321.49892346787493 0
v 352.316809 321.49889699999994 0
v 348.415232 302.35128 0
v 349.5346715243555 304.05588027369134 0
v 350.6502552348437 305.9162995270312 0
v 351.1823734586792 306.91315303267817 0
v 351.68445448759763 307.9588153971679 0
v 352.14680724111577 309.056571325144 0
v 352.55974063875004 310.20970552124993 0
v 352.7446466164597 310.80806594005276 0
v 352.91356360001714 311.42150269012933 0
v 353.0652802043619 312.05042635956016 0
v 353.1985850444336 312.6952475364257 0
v 353.3122667351718 313.3563768088064 0
v 353.40511389151607 314.03422476478266 0
v 353.4759151284061 314.7292019924349 0
v 353.52345906078125 315.44171907984366 0
v 353.5465343035812 316.17218661508934 0
v 353.5439294717456 316.92101518625236 0
v 353.5144331802139 317.68861538141323 0
v 353.4568340439258 318.4753977886523 0
v 353.36992067782074 319.28177299605005 0
v 353.2524816968384 320.108151591687 0
v 353.1033057159183 320.9549441636434 0
v 352.92118135 321.82256129999996 0
v 363.936492 332.348205 0
v 363.9982161881465 326.6759779019531 0
v 364.09851657935934 321.02036412187505 0
v 364.19323953944706 318.21168883813476 0
v 364.33373457629875 315.4226488183594 0
v 364.5320443652473 312.65840470737305 0
v 364.80021158162504 309.92411715000003 0
v 365.15027890076436 307.22494679106444 0
v 365.5942889979981 304.5660542753906 0
v 365.85528592444166 303.2533249102844 0
v 366.14428454865845 301.9526002478027 0
v 366.4627902050651 300.66452536854854 0
v 366.8123082280781 299.38974535312497 0
v 367.1943439521141 298.128905282135 0
v 367.6104027115896 296.8826502361816 0
v 368.06198984092117 295.6516252958679 0
v 368.5506106745254 294.4364755417969 0
v 369.0777705468188 293.2378460545715 0
v 369.644974792218 292.0563819147949 0
v 370.2537287451396 290.89272820307 0
v 370.90553774 289.74753 0
v 370.90553774 289.74753 0
v 373.95637976210935 289.0022160860683 0
v 377.055126066875 288.3375688110468 0
v 378.6321760518652 288.0518414760681 0
v 380.2328573794531 287.8058963763457 0
v 381.8610551402832 287.6062720370559 0
v 383.52065442500003 287.4595069833749 0
v 385.21554032424797 287.3721397404792 0
v 386.94959792867184 287.3507088335449 0
v 388.72671232891594 287.40175278774825 0
v 390.550768615625 287.5318101282656 0
v 392.4256518794433 287.7474193802732 0
v 394.3552472110156 288.0551190689473 0
v 396.34343970098627 288.4614477194641 0
v 398.39411443999995 288.972943857 0
v 398.39411443999995 288.972943857 0
v 399.6911768992285 289.6574663201836 0
v 400.87793380507804 290.3640528293438 0
v 401.9617049747949 291.0912393801445 0
v 402.94981022562496 291.83756196825004 0
v 403.8495693748144 292.6015565893242 0
v 404.6683022396094 293.3817592390313 0
v 405.4133286372558 294.1767059130352 0
v 406.091968385 294.984932607 0
v 406.7115413000878 295.8049753165899 0
v 407.2793671997656 296.63537003746876 0
v 407.80276590127926 297.4746527653008 0
v 408.28905722187494 298.32135949575 0
v 409.17959698929684 300.03118894715624 0
v 410.0095450399999 301.753146357 0
v 410.0095450399999 301.753146357 0
v 409.74568159878623 302.4543232418859 0
v 409.5162018832983 303.1440358960869 0
v 409.3199943298281 303.8226550101684 0
v 409.1559473746679 304.4905512746953 0
v 409.0229494541097 305.14809538023303 0
v 408.91988900444574 305.7956580173467 0
v 408.84565446196797 306.4336098766014 0
v 408.7991342629687 307.0623216485625 0
v 408.77921684373985 307.68216402379505 0
v 408.78479064057365 308.2935076928643 0
v 408.81474408976226 308.8967233463353 0
v 408.8679656275976 309.4921816747734 0
v 408.943343690372 310.0802533687438 0
v 409.0397667143774 310.66130911881146 0
v 409.156123135906 311.2357196155418 0
v 409.29130139124993 311.8038555495 0
v 409.6136771485522 312.92278649136034 0
v 409.998001476621 314.02106746891405 0
v 410.4353818657934 315.1016640066826 0
v 410.9169258064062 316.16754162918744 0
v 411.9769343033007 318.2670022264922 0
v 413.10688688999994 320.34317345700003 0
v 413.10688688999994 320.34317345700003 0
v 413.13993123816033 320.4849390684654 0
v 413.16259991175946 320.6220920628344 0
v 413.1750096594902 320.7546843428787 0
v 413.17727723004515 320.8827678113702 0
v 413.16951937211695 321.0063943710805 0
v 413.1518528343985 321.12561592478136 0
v 413.1243943655823 321.2404843752447 0
v 413.08726071436126 321.3510516252422 0
v 413.0405686294279 321.45736957754565 0
v 412.98443485947524 321.55949013492665 0
v 412.91897615319556 321.6574652001571 0
v 412.84430925928183 321.75134667600884 0
v 412.76055092642684 321.84118646525343 0
v 412.66781790332317 321.92703647066276 0
v 412.5662269386635 322.0089485950085 0
v 412.45589478114056 322.08697474106253 0
v 412.20947388227586 322.23157670938224 0
v 411.92948919627065 322.36125759779594 0
v 411.6168747126668 322.4764326284777 0
v 411.2725644210058 322.57751702360156 0
v 410.8974923108294 322.66492600534167 0
v 410.49259237167934 322.7390747958721 0
v 410.0587985930973 322.80037861736685 0
v 409.59704496462496 322.84925269200005 0
v 408.593394116176 322.9113724893779 0
v 407.48911174266595 322.9287559653984 0
v 406.2916697604284 322.9047248974541 0
v 405.0085400857968 322.8426010629375 0
v 402.2151053246855 322.61736220375775 0
v 399.16858278999996 322.2796136069999 0
v 399.16858278999996 322.2796136069999 0
v 398.4936118370816 322.08141201322735 0
v 397.84403169489497 321.9276566945536 0
v 397.2189258095431 321.81674336838233 0
v 396.61737762712886 321.74706775211706 0
v 396.0384705937551 321.71702556316137 0
v 395.48128815552485 321.72501251891885 0
v 394.94491375854085 321.769424336793 0
v 394.42843084890615 321.8486567341874 0
v 393.93092287272367 321.9611054285056 0
v 393.4514732760961 322.1051661371513 0
v 392.98916550512655 322.27923457752786 0
v 392.54308300591794 322.481706467039 0
v 392.112309224573 322.7109775230882 0
v 391.6959276071948 322.965443463079 0
v 391.29302159988606 323.2435000044151 0
v 390.90267464875 323.5435428644999 0
v 390.52397019988916 323.8639677607371 0
v 390.15599169940674 324.2031704105303 0
v 389.7978225934054 324.5595465312828 0
v 389.44854632798825 324.93149184039834 0
v 388.7730061033178 325.7156728933329 0
v 388.1220385942187 326.5428793085624 0
v 386.86449199802735 328.27503118282027 0
v 385.6172470899999 330.02527337699996 0
v 385.6172470899999 330.02527337699996 0
v 384.99904081708456 330.51338685291057 0
v 384.3752687056615 330.9625486856133 0
v 383.7461044114028 331.3739734138139 0
v 383.11172158998045 331.7488755762187 0
v 382.47229389706627 332.08846971153366 0
v 381.8279949883324 332.3939703584648 0
v 381.17899851945094 332.6665920557182 0
v 380.52547814609363 332.907549342 0
v 379.8676075239328 333.11805675601613 0
v 379.20556030864003 333.2993288364726 0
v 378.5395101558877 333.45258012207563 0
v 377.86963072134756 333.5790251515312 0
v 377.19609566069175 333.6798784635454 0
v 376.51907862959223 333.75635459682417 0
v 375.83875328372096 333.8096680900737 0
v 375.1552932787499 333.84103348199994 0
v 373.7796639141967 333.842778116707 0
v 372.3935797813085 333.77130481059373 0
v 370.99843012546137 333.63632987330857 0
v 369.5956041920312 333.44756961449997 0
v 366.7724804739257 332.9475583709063 0
v 363.93532258999994 332.34900155700007 0
v 363.93532258999994 332.34900155700007 0
v 363.9354687662499 332.34890198737503 0
v 363.93561494249997 332.34880241775005 0
v 363.93576111874995 332.3487028481251 0
v 363.935907295 332.34860327850004 0
v 363.93605347125 332.348503708875 0
v 363.93619964749996 332.34840413925 0
v 363.93634582375 332.34830456962504 0
v 363.936492 332.348205 0
v 410.39396199999993 301.3631459999999 0
v 412.2997523008593 301.05944383434365 0
v 414.20040483874993 300.7865824147499 0
v 415.1444674346191 300.687745894746 0
v 416.0820411753906 300.62785425328116 0
v 417.01139125627924 300.61731905436324 0
v 417.93078287249995 300.66655186199995 0
v 418.3862021298645 300.7168348820287 0
v 418.8384812192675 300.7859642401992 0
v 419.28740329011106 300.8752413820122 0
v 419.7327514917969 300.9859677529687 0
v 420.17430897372674 301.1194447985698 0
v 420.6118588853027 301.27697396431637 0
v 421.0451843759265 301.45985669570945 0
v 421.47406859499995 301.66939443825 0
v 421.898294691925 301.9068886374389 0
v 422.3176458161035 302.1736407387773 0
v 422.73190511693724 302.4709521877661 0
v 423.1408557438281 302.80012442990625 0
v 423.54428084617797 303.1624589106987 0
v 423.94196357338865 303.5592570756445 0
v 424.33368707486204 303.99182037024457 0
v 424.71923449999997 304.46145024 0
v 424.71923449999997 304.46145024 0
v 425.03427116877316 304.7754233701556 0
v 425.3375750911621 305.1070007758154 0
v 425.6295359753333 305.4555977488312 0
v 425.91054352945315 305.8206295810547 0
v 426.18098746168823 306.20151156433775 0
v 426.4412574802051 306.5976589905322 0
v 426.69174329317013 307.0084871514899 0
v 426.93283460874994 307.4334113390625 0
v 427.38839258041986 308.32320896145995 0
v 427.81104906054685 309.262374192539 0
v 428.20392171446287 310.2462293671142 0
v 428.5701282075 311.27009682 0
v 429.2350133722656 313.4191578999609 0
v 429.8306458775 315.67213611093746 0
v 430.38196704585937 317.9916101314453 0
v 430.91391819999996 320.34015864 0
v 430.91391819999996 320.34015864 0
v 430.18901948295894 321.01997362717526 0
v 429.49100619117183 321.75357644677734 0
v 428.81132265364255 322.52384938467037 0
v 428.141413199375 323.31367472671883 0
v 427.472722157373 324.10593475878665 0
v 426.7966938566406 324.8835117667383 0
v 426.10477262618167 325.62928803643797 0
v 425.388402795 326.32614585375006 0
v 425.0183760069519 326.6508810570933 0
v 424.6390286920996 326.9569675045386 0
v 424.2492913915686 327.24226548181923 0
v 423.84809464648436 327.50463527466803 0
v 423.4343689979724 327.74193716881814 0
v 423.00704498715817 327.95203145000255 0
v 422.5650531551672 328.13277840395426 0
v 422.107324043125 328.28203831640633 0
v 421.63278819215697 328.3976714730918 0
v 421.14037614338866 328.47753815974374 0
v 420.62901843794555 328.51949866209515 0
v 420.0976456169532 328.521413265879 0
v 419.5451882215369 328.48114225682843 0
v 418.97057679282227 328.3965459206764 0
v 418.3727418719348 328.26548454315594 0
v 417.750614 328.0858184100001 0
v 417.750614 328.0858184100001 0
v 413.8313689320557 327.7861061829567 0
v 410.2437970486328 327.60006062912123 0
v 406.96393966784666 327.5198112481861 0
v 403.9678381078125 327.5374875398438 0
v 401.2315336866455 327.64521900378674 0
v 398.7310677224609 327.8351351397071 0
v 396.442481533374 328.0993654472975 0
v 394.3418164375 328.43003942625 0
v 392.4051137529541 328.81928657625735 0
v 390.60841479785154 329.25923639701176 0
v 388.9277608903076 329.7420183882057 0
v 387.33919334843745 330.25976204953133 0
v 384.34248263417965 331.3686523813477 0
v 381.42661319999996 332.52294339000014 0
v 385.44300499999997 330.33160499999997 0
v 385.3054088183106 329.04799245135496 0
v 385.13826190339057 327.7626348249023 0
v 384.93555105433785 326.48090028424076 0
v 384.69126307025005 325.2081569929687 0
v 384.3993847502246 323.94977311468506 0
v 384.0539028933594 322.7111168129883 0
v 383.8591815133298 322.10086405448453 0
v 383.64880429875194 321.497556251477 0
v 383.42201959951296 320.9018644244156 0
v 383.1780757655 320.31445959375003 0
v 382.9162211466003 319.73601277993015 0
v 382.6357040927012 319.16719500340577 0
v 382.3357729536897 318.60867728462676 0
v 382.01567607945316 318.061130644043 0
v 381.6746618198787 317.52522610210417 0
v 381.31197852485354 317.00163467926023 0
v 380.92687454426493 316.49102739596094 0
v 380.518598228 315.99407527265623 0
v 380.086397925946 315.5114493297958 0
v 379.62952198799024 315.04382058782954 0
v 379.1472187640198 314.5918600672073 0
v 378.63873660392187 314.15623878837886 0
v 378.1033238575837 313.73762777179405 0
v 377.54022887489253 313.33669803790275 0
v 376.9487000057356 312.9541206071548 0
v 376.3279856 312.5905664999999 0
v 376.3279856 312.5905664999999 0
v 376.0129148502549 312.14712322191554 0
v 375.7418366942578 311.72018202509025 0
v 375.51339935467865 311.3092358362911 0
v 375.3262510541875 310.91377758228504 0
v 375.17904001545406 310.5333001898391 0
v 375.07041446114846 310.1672965857201 0
v 374.9990226139404 309.81525969669514 0
v 374.96351269649995 309.4766824495312 0
v 374.96253293149704 309.1510577709951 0
v 374.99473154160154 308.8378785878539 0
v 375.05875674948334 308.5366378268746 0
v 375.15325677781243 308.2468284148241 0
v 375.27687984925876 307.9679432784695 0
v 375.42827418649216 307.6994753445776 0
v 375.60608801218257 307.4409175399154 0
v 375.8089695489999 307.19176279124986 0
v 376.0355670196142 306.95150402534813 0
v 376.28452864669526 306.719634168977 0
v 376.5545026529131 306.49564614890346 0
v 376.8441372609375 306.2790328918945 0
v 377.4769811730859 305.86590237413805 0
v 378.17224616449994 305.4761860298437 0
v 378.919118016539 305.10582727314693 0
v 379.7067825105625 304.7507695181835 0
v 380.5244254279297 304.4069561790893 0
v 381.36123255 304.07033067 0
v 381.36123255 304.07033067 0
v 382.0718584228125 303.9226770617907 0
v 382.7740276673438 303.8003968849043 0
v 383.4672245139844 303.7050379930773 0
v 384.15093319312507 303.6381482400468 0
v 384.8246379351562 303.60127547954954 0
v 385.48782297046876 303.5959675653222 0
v 386.13997252945313 303.6237723511017 0
v 386.78057084249997 303.6862376906249 0
v 387.4091021400001 303.7849114376286 0
v 388.02505065234374 303.9213414458495 0
v 388.6279006099219 304.0970755690246 0
v 389.21713624312497 304.3136616608905 0
v 389.7922417823438 304.5726475751842 0
v 390.3527014579688 304.8755811656425 0
v 390.8979995003907 305.2240102860021 0
v 391.42762014000004 305.6194827899999 0
v 391.42762014000004 305.6194827899999 0
v 392.3857226376539 306.30697673494615 0
v 393.3415491773242 307.0439298626952 0
v 394.28691113782475 307.8300890151121 0
v 395.2136198979688 308.66520103406236 0
v 396.11348683656985 309.54901276141095 0
v 396.97832333244145 310.4812710390233 0
v 397.799940764397 311.4617227087645 0
v 398.57015051125 312.49011461249984 0
v 398.9334185586423 313.0222090401982 0
v 399.280763951814 313.56619359209463 0
v 399.61116311311685 314.1220366234221 0
v 399.92359246490236 314.6897064894139 0
v 400.21702842952243 315.2691715453032 0
v 400.4904474293287 315.86040014632306 0
v 400.7428258866727 316.46336064770674 0
v 400.9731402239063 317.0780214046873 0
v 401.1803668633811 317.70435077249806 0
v 401.3634822274488 318.34231710637187 0
v 401.521462738461 318.9918887615422 0
v 401.6532848187695 319.653034093242 0
v 401.75792489072603 320.3257214567045 0
v 401.83435937668213 321.0099192071629 0
v 401.8815646989896 321.7055956998503 0
v 401.89851728 322.4127192899998 0
v 378.787999 305.37618 0
v 381.0830969361328 306.97429729488283 0
v 383.39054095156246 308.59453180781253 0
v 384.52366098449704 309.43459513117676 0
v 385.62958943183594 310.30617029121095 0
v 386.69823359177246 311.2179181319678 0
v 387.7195007625 312.17849949749996 0
v 388.20921400759585 312.6798092658234 0
v 388.6832982422119 313.1965752318603 0
v 389.1404918786224 313.7298800011175 0
v 389.5795333291016 314.28080617910155 0
v 389.99916100592344 314.85043637131895 0
v 390.3981133213623 315.43985318327634 0
v 390.7751286876923 316.05013922048033 0
v 391.1289455171875 316.6823770884375 0
v 391.45830222212214 317.3376493926544 0
v 391.7619372147705 318.01703873863767 0
v 392.0385889074066 318.72162773189393 0
v 392.2869957123047 319.4524989779297 0
v 392.5058960417389 320.2107350822516 0
v 392.6940283079834 320.99741865036617 0
v 392.85013092331235 321.8136322877801 0
v 392.9729423 322.66045859999997 0
v 281.780124 344.8410419999999 0
v 277.6762776904297 346.65564307728505 0
v 273.8763243296875 348.4257107732812 0
v 272.0989698494873 349.3037245048462 0
v 270.4079834197265 350.18222077294917 0
v 268.8068299781494 351.0650715382104 0
v 267.2989744625 351.95614876125 0
v 265.88788181052246 352.859324402688 0
v 264.57701695996093 353.77847042314454 0
v 263.9602527532562 354.2452423131985 0
v 263.3698448485596 354.71745878323975 0
v 262.80622636308897 355.1956038283456 0
v 262.26983041406254 355.6801614435937 0
v 261.7610901186981 356.17161562406153 0
v 261.2804385942139 356.6704503648266 0
v 260.82830895782774 357.1771496609664 0
v 260.4051343267578 357.6921975075585 0
v 260.011347818222 358.21607789968044 0
v 259.6473825494385 358.7492748324096 0
v 259.31367163762513 359.2922723008236 0
v 259.0106482 359.8455542999999 0
v 259.0106482 359.8455542999999 0
v 259.0106482 360.8137617712499 0
v 259.0106482 361.78196924249994 0
v 259.0106482 362.7501767137499 0
v 259.0106482 363.71838418499993 0
v 259.0106482 364.68659165624996 0
v 259.0106482 365.6547991274999 0
v 259.0106482 366.62300659874995 0
v 259.0106482 367.59121407 0
v 259.0106482 367.59121407 0
v 259.7169633106729 368.15447755914 0
v 260.39261993194583 368.72796622202634 0
v 261.0384688617624 369.3113960681085 0
v 261.6553608980664 369.90448310683587 0
v 262.2441468388015 370.506943347658 0
v 262.8056774819116 371.1184928000244 0
v 263.34080362534024 371.7388474733844 0
v 263.8503760670312 372.3677233771875 0
v 264.33524560492833 373.0048365208832 0
v 264.7962630369751 373.64990291392087 0
v 265.23427916111535 374.3026385657501 0
v 265.6501447752929 374.96275948582036 0
v 266.04471067745146 375.6299816835809 0
v 266.41882766553465 376.3040211684814 0
v 266.77334653748625 376.98459394997127 0
v 267.10911809125 377.67141603749997 0
v 267.72782243598874 379.0626721684717 0
v 268.2817470833008 380.47551763699215 0
v 268.7776984167358 381.90768051865723 0
v 269.2224828198437 383.3568888890625 0
v 269.6229066761743 384.8208708238037 0
v 269.9857763692773 386.2973543984766 0
v 270.31789828270263 387.78406768867677 0
v 270.62607879999996 389.27873877 0
v 270.62607879999996 389.27873877 0
v 270.9165174734314 389.75923106353264 0
v 271.2230307327636 390.216406370332 0
v 271.54547258342893 390.65128692344973 0
v 271.88369703085937 391.0648949559375 0
v 272.237558080487 391.4582527008472 0
v 272.60690973774416 391.8323823912305 0
v 272.9916060080627 392.18830626013914 0
v 273.39150089687496 392.527046540625 0
v 273.806448409613 392.84962546573973 0
v 274.23630255170895 393.1570652685351 0
v 274.68091732859494 393.450388182063 0
v 275.1401467457031 393.730616439375 0
v 276.1018655223145 394.2558779175586 0
v 277.120290925 394.7410275675 0
v 278.1942549972168 395.19424325361325 0
v 279.32258978242186 395.6237028403125 0
v 280.5041273240723 396.03758419201176 0
v 281.737699665625 396.444065173125 0
v 284.35627692226564 397.26753748125 0
v 287.16897789999996 398.15954268 0
v 288.6452048929199 398.6516897743945 0
v 290.1664589464844 399.1855036846875 0
v 291.73157210415036 399.76916227529296 0
v 293.33937640937495 400.41084341062503 0
v 294.98870390561524 401.1187249550977 0
v 296.67838663632807 401.90098477312495 0
v 298.4072566449707 402.7658007291211 0
v 300.174145975 403.72135068750003 0
v 301.97788666987304 404.77581251267577 0
v 303.81731077304687 405.93736406906254 0
v 305.6912503279785 407.2141832210742 0
v 307.598537378125 408.61444783312504 0
v 309.53800396694334 410.14633576962893 0
v 311.5084821378906 411.818024895 0
v 313.50880393442384 413.6376930736524 0
v 315.5378014 415.61351817 0
v 315.5378014 415.61351817 0
v 316.1801832086426 415.72879625580066 0
v 316.80458783017576 415.8230959128305 0
v 317.41144662988285 415.89692052412573 0
v 318.0011909730468 415.95077347272223 0
v 318.5742522249512 415.9851581416559 0
v 319.1310617508788 416.0005779139627 0
v 319.6720509161132 415.99753617267874 0
v 320.1976510859375 415.9765363008399 0
v 320.7082936256348 415.9380816814821 0
v 321.20440990048826 415.8826756976413 0
v 321.6864312757812 415.8108217323536 0
v 322.1547891167968 415.7230231686547 0
v 322.6099147888184 415.619783389581 0
v 323.0522396571289 415.501605778168 0
v 323.4821950870117 415.368993717452 0
v 323.90021244375 415.2224505904688 0
v 324.3067230926269 415.0624797802544 0
v 324.7021583989258 414.8895846698447 0
v 325.0869497279296 414.7042686422758 0
v 325.46152844492184 414.50703508058353 0
v 326.1817735040039 414.078828886973 0
v 326.86634449843746 413.60899315330084 0
v 327.51869235048827 413.10155494385475 0
v 328.14226798242186 412.5605413229224 0
v 328.74052231650387 411.9899793547916 0
v 329.31690627499995 411.3938961037501 0
v 331.47275679843744 408.8348915562305 0
v 333.5547550937499 406.1897116251563 0
v 334.0895971739257 405.54515472086524 0
v 334.6370781011718 404.91534717654054 0
v 335.20064879775384 404.3043160564701 0
v 335.78376018593747 403.71608842494146 0
v 336.3898631879882 403.15469134624243 0
v 337.0224087261719 402.6241518846607 0
v 337.6848477227539 402.128497104484 0
v 338.38063109999996 401.67175407 0
v 317.468391 415.99677299999985 0
v 316.6780032206372 416.49972945933825 0
v 315.92416578478515 417.01487458189433 0
v 315.21194964829834 417.5438996826048 0
v 314.5464257670312 418.0884960764061 0
v 313.9326650968384 418.6503550782347 0
v 313.3757385935742 419.23116800302716 0
v 313.1201728282449 419.52921072245255 0
v 312.88071721309325 419.83262616572006 0
v 312.65800561760096 420.14162574719677 0
v 312.45267191125 420.45642088124987 0
v 312.26534996352206 420.77722298224626 0
v 312.09667364389895 421.10424346455306 0
v 311.9472768218625 421.43769374253736 0
v 311.81779336689453 421.7777852305663 0
v 311.70885714847685 422.1247293430067 0
v 311.6211020360913 422.4787374942259 0
v 311.5551618992197 422.8400210985909 0
v 311.5116706073437 423.20879157046863 0
v 311.4912620299454 423.5852603242263 0
v 311.4945700365064 423.9696387742308 0
v 311.5222284965085 424.3621383348494 0
v 311.57487127943364 424.7629704204491 0
v 311.6531322547635 425.1723464453969 0
v 311.75764529197994 425.5904778240599 0
v 311.8890442605649 426.01757597080524 0
v 312.04796303 426.4538522999999 0
v 312.04796303 426.4538522999999 0
v 312.0752531846393 426.9470188580675 0
v 312.1421831225049 427.4322553187987 0
v 312.2470326382684 427.9099057497985 0
v 312.3880815266015 428.3803142186718 0
v 312.5636095821759 428.8438247930235 0
v 312.7718965996631 429.3007815404589 0
v 313.01122237373477 429.75152852858264 0
v 313.27986669906255 430.1964098249998 0
v 313.576109370318 430.6357694973155 0
v 313.8982301821728 431.0699516131346 0
v 314.2445089292987 431.4993002400621 0
v 314.6132254063672 431.92415944570297 0
v 315.41109072901855 432.7617858635448 0
v 316.2780645075 433.5855834074998 0
v 318.16429086144535 435.20270203710913 0
v 320.16181132718754 436.7975356612498 0
v 322.160532763711 438.39210460664043 0
v 324.05036203000003 440.0084291999998 0
v 324.05036203000003 440.0084291999998 0
v 324.37155063734014 440.2217673097987 0
v 324.69715404254885 440.3997752190159 0
v 325.02707841978395 440.54320411238234 0
v 325.36122994320317 440.6528051746287 0
v 325.69951478696413 440.729329590486 0
v 326.0418391252246 440.7735285446849 0
v 326.38810913214235 440.78615322195634 0
v 326.738230981875 440.7679548070311 0
v 327.0921108485803 440.7196844846401 0
v 327.44965490641596 440.642093439514 0
v 327.8107693295398 440.5359328563838 0
v 328.17536029210936 440.4019539199803 0
v 328.54333396828247 440.24090781503435 0
v 328.9145965322168 440.05354572627675 0
v 329.2890541580701 439.84061883843833 0
v 329.66661302 439.6028783362499 0
v 330.0471792921643 439.34107540444234 0
v 330.4306591487207 439.0559612277465 0
v 330.8169587638269 438.7482869908931 0
v 331.2059843116406 438.4188038786132 0
v 331.99183790202153 437.6974157666966 0
v 332.78746931312503 436.89780636984364 0
v 333.5921279382129 436.02598516590075 0
v 334.4050631705469 435.0879616327147 0
v 335.2255244033887 434.0897452481322 0
v 336.05276103000006 433.0373454899999 0
v 336.05276103000006 433.0373454899999 0
v 336.7059200311142 432.7835655312578 0
v 337.33031251563233 432.5873360304931 0
v 337.9270990625053 432.4463351037103 0
v 338.49744025068367 432.358240866914 0
v 338.77305651618457 432.33330816851225 0
v 339.04249665911834 432.3207314361088 0
v 339.30590575185397 432.3202204342045 0
v 339.5634288667603 432.33148492729975 0
v 339.81521107620614 432.354234679895 0
v 340.0613974525602 432.388179456491 0
v 340.3021330681915 432.4330290215883 0
v 340.53756299546876 432.4884931396874 0
v 340.993086074437 432.63010409289353 0
v 341.4291272684156 432.81069043211414 0
v 341.8468471563553 433.0279302733538 0
v 342.2474063172071 433.27950173261706 0
v 342.63196532992157 433.56308292590876 0
v 343.0016847734497 433.87635196923327 0
v 343.3577252267423 434.2169869785954 0
v 343.70124726875 434.5826660699999 0
v 344.03341147842383 434.9710673594511 0
v 344.35537843471434 435.379868962954 0
v 344.6683087165726 435.80674899651297 0
v 344.97336290294925 436.2493855761327 0
v 345.5644853050611 437.1726408375731 0
v 346.1380302726563 438.1310596753124 0
v 347.2695264307227 440.07908779183583 0
v 348.44212843 441.94486934999986 0
v 348.44212843 441.94486934999986 0
v 348.69331776483307 442.37249705848683 0
v 348.9584290443286 442.78442304307146 0
v 349.23722982566863 443.18098257165803 0
v 349.5294876660352 443.56251091215074 0
v 349.83497012261023 443.929343332454 0
v 350.1534447525757 444.28181510047193 0
v 350.4846791131137 444.62026148410905 0
v 350.8284407614063 444.94501775126946 0
v 351.1844972546353 445.25641916985745 0
v 351.55261614998295 445.5548010077773 0
v 351.9325650046311 445.84049853293334 0
v 352.32411137576173 446.1138470132299 0
v 353.1410668961987 446.6248379108614 0
v 354.00162316875 447.09045584390617 0
v 354.9039206508716 447.5133829555983 0
v 355.8460998000196 447.89630138917227 0
v 356.8263010736499 448.2418932878621 0
v 357.84266492921876 448.55284079490224 0
v 358.8933318241821 448.8318260535268 0
v 359.97644221599614 449.0815312069701 0
v 361.0901365621167 449.3046383984664 0
v 362.23255532 449.5038297712499 0
v 364.5961279008789 449.8411936336156 0
v 367.05228361828125 450.1150799399413 0
v 369.58614613185546 450.34694583610093 0
v 372.18283910125 450.5582484679686 0
v 374.82748618611333 450.77044498141834 0
v 377.5052110460938 451.00499252232413 0
v 380.20113734083986 451.28334823655996 0
v 382.90038873000003 451.6269692699999 0
v 382.90038873000003 451.6269692699999 0
v 384.12158819414185 451.6965548679194 0
v 385.2971700009473 451.7296293246532 0
v 386.42928124386117 451.7279112722888 0
v 387.52006901632814 451.693119342914 0
v 388.5716804117932 451.6269721686162 0
v 389.5862625237012 451.5311883814833 0
v 390.56596244549684 451.4074866136028 0
v 391.512927270625 451.2575854970624 0
v 392.4293040925305 451.08320366394975 0
v 393.3172400046582 450.88605974635243 0
v 394.17888210045294 450.66787237635816 0
v 395.0163774733594 450.4303601860546 0
v 396.62751642428714 449.90423587287 0
v 398.16783360500006 449.3214358634999 0
v 401.10470964601564 448.0408049830077 0
v 403.96441957687506 446.69845999818745 0
v 405.40827911989265 446.0385173584071 0
v 406.8843773780469 445.4043933626483 0
v 408.40989109889654 444.8098370676122 0
v 410.00199703000004 444.26859752999985 0
v 410.00199703000004 444.26859752999985 0
v 410.9730901145701 443.830867535483 0
v 411.9493124165601 443.4290724999974 0
v 412.93052084182773 443.0622087453285 0
v 413.91657229623047 442.7292725932616 0
v 414.9073236856259 442.42926036558185 0
v 415.9026319158716 442.16116838407453 0
v 416.902353892825 441.9239929705251 0
v 417.90634652234377 441.7167304467186 0
v 418.9144667102854 441.5383771344404 0
v 419.92657136250733 441.387929355476 0
v 420.9425173848673 441.26438343161027 0
v 421.9621616832227 441.16673568462875 0
v 422.9853611634311 441.0939824363167 0
v 424.01197273135017 441.0451200084593 0
v 425.0418532928373 441.01914472284193 0
v 426.07485975375 441.0150529012499 0
v 428.1496779972827 441.06850493728257 0
v 430.2352827088086 441.19744669083974 0
v 432.330529135188 441.3938487362035 0
v 434.43427252328127 441.64968164765605 0
v 436.54536811994876 441.95691599947986 0
v 438.66267117205086 442.3075223659569 0
v 440.7850369264478 442.6934713213695 0
v 442.91132063000003 443.10673343999986 0
v 442.91132063000003 443.10673343999986 0
v 444.00300011701063 442.96401591000694 0
v 445.092648016612 442.7953885117363 0
v 446.1797822304086 442.60154336368754 0
v 447.2639206600049 442.38317258436024 0
v 449.4212817730146 441.8756226058684 0
v 451.5608745684766 441.2782755242577 0
v 453.6788422592267 440.59666828752495 0
v 455.7713280581006 439.8363378436669 0
v 457.83447517793394 439.0028211406804 0
v 459.8644268315625 438.1016551265624 0
v 461.85732623182196 437.1383767493096 0
v 463.8093165915479 436.1185229569188 0
v 465.71654112357606 435.047630697387 0
v 467.5751430407422 433.93123691871085 0
v 469.381265555882 432.77487856888723 0
v 471.1310518818311 431.584092595913 0
v 472.8206452314252 430.3644159477849 0
v 474.4461888175 429.1213855724999 0
v 476.0038258528912 427.8605384180547 0
v 477.4896995504346 426.58741143244623 0
v 478.89995312296577 425.3075415636712 0
v 480.2307297833203 424.0264657597265 0
v 481.47817274433413 422.7497209686089 0
v 482.6384252188428 421.4828441383154 0
v 483.7076304196821 420.2313722168426 0
v 484.68193155968754 419.0008421521874 0
v 485.55747185169497 417.79679089234673 0
v 486.33039450854005 416.6247553853173 0
v 486.6771689777879 416.05247383535584 0
v 486.99684274305855 415.490272579096 0
v 487.2889337059564 414.9388437350374 0
v 487.552959768086 414.3988794216796 0
v 487.78843883105174 413.87107175752226 0
v 487.99488879645816 413.35611286106496 0
v 488.1718275659097 412.8546948508074 0
v 488.3187730410108 412.36750984524895 0
v 488.4352431233659 411.8952499628894 0
v 488.52075571457954 411.43860732222834 0
v 488.5748287162561 410.9982740417653 0
v 488.59698003000005 410.5749422399999 0
v 488.59698003000005 410.5749422399999 0
v 488.1356271478568 409.694081224074 0
v 487.74098745679936 408.82990504993643 0
v 487.4100686326987 407.98166520992237 0
v 487.1398783514258 407.1486131963671 0
v 486.9274242888517 406.33000050160575 0
v 486.7697141208472 405.5250786179735 0
v 486.66375552328344 404.7330990378057 0
v 486.6065561720313 403.9533132534374 0
v 486.59512374296185 403.18497275720387 0
v 486.62646591194584 402.4273290414403 0
v 486.69759035485447 401.6796335984819 0
v 486.8055047475586 400.94113792066395 0
v 486.9472167659292 400.2110935003215 0
v 487.1197340858374 399.48875182978986 0
v 487.32006438315403 398.77336440140425 0
v 487.54521533375004 398.06418270749987 0
v 488.0580098982642 396.66144249247543 0
v 488.6341791863477 395.2745431233983 0
v 489.2497846049683 393.89749653895007 0
v 489.8808875610938 392.52431467781236 0
v 490.5035494616919 391.14900947866687 0
v 491.0938317137305 389.7655928801952 0
v 491.36934966121737 389.06897153705006 0
v 491.6277957241773 388.36807682107906 0
v 491.8661775784812 387.6621602246172 0
v 492.08150290000003 386.95047323999995 0
v 492.08150290000003 386.95047323999995 0
v 492.2343220099008 386.21248028749045 0
v 492.33774023709725 385.5041356936743 0
v 492.39305784814246 384.824659213807 0
v 492.4015751095899 384.1732706031445 0
v 492.3645922879929 383.5491896169424 0
v 492.2834096499048 382.9516360104566 0
v 492.159327461879 382.3798295389425 0
v 491.9936459904688 381.83298995765614 0
v 491.7876655022275 381.3103370218533 0
v 491.5426862637085 380.8110904867895 0
v 491.26000854146525 380.33447010772056 0
v 490.9409326020508 379.87969563990225 0
v 490.58675871201876 379.44598683859033 0
v 490.19878713792235 379.0325634590405 0
v 489.778318146315 378.6386452565084 0
v 489.32665200375004 378.26345198624995 0
v 488.84508897678074 377.90620340352075 0
v 488.3349293319605 377.5661192635766 0
v 487.79747333584265 377.2424193216732 0
v 487.2340212549806 376.93432333306635 0
v 486.6458733559274 376.64105105301167 0
v 486.03432990523686 376.3618222367651 0
v 485.400691169462 376.09585663958217 0
v 484.74625741515626 375.8423740167187 0
v 483.38020591716554 375.3697367149731 0
v 481.9465775436914 374.9376683735742 0
v 480.4557744271607 374.5399270345678 0
v 478.9181987 374.17027074 0
v 286.88300399999997 305.23501799999997 0
v 282.3778895118255 304.31019674416166 0
v 277.9766151199951 303.5288241150513 0
v 273.67745633667295 302.8867365734005 0
v 269.4786886740234 302.3797705799414 0
v 265.37858764421077 302.00376259540553 0
v 261.37542875939937 301.75454908052484 0
v 257.46748753175353 301.62796649603115 0
v 253.65303947343745 301.61985130265623 0
v 249.93036009661557 301.72603996113185 0
v 246.29772491345213 301.9423689321899 0
v 242.75340943611144 302.26467467656215 0
v 239.29568917675775 302.68879365498043 0
v 235.9228396475555 303.21056232817654 0
v 232.6331363606689 303.8258171568823 0
v 229.4248548282623 304.53039460182947 0
v 226.29627056249998 305.32013112374995 0
v 223.24565907554623 306.19086318337554 0
v 220.2712958795654 307.13842724143797 0
v 217.37145648672177 308.15865975866905 0
v 214.54441640917966 309.2473971958007 0
v 211.78845115910332 310.40047601356474 0
v 209.10183624865718 311.61373267269283 0
v 206.48284719000546 312.88300363391687 0
v 203.92975949531245 314.2041253579687 0
v 201.44084867674252 315.57293430558 0
v 199.01439024645993 316.98526693748283 0
v 196.648659716629 318.4369597144088 0
v 194.34193259941404 319.9238490970897 0
v 192.09248440697934 321.44177154625754 0
v 189.89859065148923 322.9865635226439 0
v 187.758526845108 324.55406148698074 0
v 185.67056849999997 326.1401018999999 0
v 185.67056849999997 326.1401018999999 0
v 187.7580806857086 329.20511884236134 0
v 189.8706905055908 332.13079892834463 0
v 192.00712780690608 334.91957976504807 0
v 194.16612243691407 337.5738989595702 0
v 196.34640424287412 340.09619411900934 0
v 198.5467030720459 342.4889028504637 0
v 200.7657487716888 344.75446276103196 0
v 203.00227118906247 346.8953114578124 0
v 205.25500017142636 348.91388654790336 0
v 207.52266556604005 350.8126256384032 0
v 209.80399722016296 352.5939663364104 0
v 212.09772498105465 354.2603462490233 0
v 214.40257869597468 355.81420298334035 0
v 216.71728821218258 357.2579741464599 0
v 219.04058337693786 358.59409734548024 0
v 221.37119403749998 359.8250101874999 0
v 223.7078500411285 360.95315027961715 0
v 226.049281235083 361.98095522893055 0
v 228.3942174666229 362.91086264253835 0
v 230.7413885830078 363.74531012753897 0
v 233.08952443149718 364.48673529103075 0
v 235.43735485935056 365.1375757401122 0
v 237.7836097138275 365.70026908188163 0
v 240.12701884218745 366.1772529234374 0
v 242.46631209169004 366.5709648718779 0
v 244.80021930959467 366.8838425343016 0
v 247.12747034316098 367.11832351780686 0
v 249.4467950396484 367.276845429492 0
v 251.7569232463165 367.3618458764555 0
v 254.05658481042474 367.3757624657958 0
v 256.34450957923275 367.3210328046111 0
v 258.61942739999995 367.20009449999986 0
v 280.865858 334.94961899999987 0
v 280.0448249421234 333.97492717938985 0
v 279.2094269920654 333.0356330952757 0
v 278.35990650080873 332.1312728767317 0
v 277.49650581933594 331.2613826528319 0
v 276.6194672986298 330.4254985526503 0
v 275.7290332896728 329.6231567052611 0
v 274.8254461434479 328.85389323973834 0
v 273.9089482109375 328.1172442851561 0
v 272.9797818431244 327.41274597058856 0
v 272.0381893909912 326.7399344251097 0
v 271.08441320552066 326.0983457777937 0
v 270.11869563769534 325.4875161577147 0
v 269.14127903849794 324.9069816939467 0
v 268.15240575891113 324.3562785155639 0
v 267.1523181499176 323.83494275164026 0
v 266.1412585625 323.34251053124984 0
v 265.11946934764103 322.878517983467 0
v 264.08719285632327 322.4425012373656 0
v 263.0446714395294 322.0339964220198 0
v 261.9921474482422 321.65253966650374 0
v 260.9298632334443 321.29766709989156 0
v 259.8580611461182 320.9689148512572 0
v 258.7769835372467 320.6658190496749 0
v 257.6868727578125 320.3879158242186 0
v 256.5879711587982 320.1347413039626 0
v 255.48052109118655 319.9058316179808 0
v 254.3647649059601 319.7007228953475 0
v 253.2409449541016 319.5189512651366 0
v 250.97008315441897 319.2235637982787 0
v 248.66987450000002 319.01595824999987 0
v 246.34225779870607 318.89242365289294 0
v 243.98917185839844 318.8492490395506 0
v 241.6125554869385 318.8827234425658 0
v 239.2143474921875 318.98913589453116 0
v 236.79648668200684 319.16477542803943 0
v 234.36091186425782 319.4059310756835 0
v 231.90956184680175 319.70889187005605 0
v 229.4443754375 320.0699468437499 0
v 226.96729144421388 320.48538502935776 0
v 224.48024867480467 320.95149545947254 0
v 221.9851859371338 321.46456716668695 0
v 219.4840420390625 322.0208891835936 0
v 214.47126599316402 323.2484402768554 0
v 209.45743099999999 324.6044609999999 0
v 283.789383 397.0205669999999 0
v 282.02338923309327 398.05934325829 0
v 280.29194907119137 399.1145366702269 0
v 278.59492313814695 400.1860810476607 0
v 276.9321720578125 401.27391020244136 0
v 275.3035564540406 402.3779579464187 0
v 273.70893695068355 403.49815809144286 0
v 272.14817417159423 404.63444444936357 0
v 270.621128740625 405.78675083203115 0
v 269.12766128162843 406.9550110512954 0
v 267.667632418457 408.13915891900626 0
v 266.2409027749634 409.3391282470138 0
v 264.847332975 410.5548528471679 0
v 263.4867836424194 411.78626653131863 0
v 262.1591154010742 413.0333031113159 0
v 260.8641888748169 414.2958963990097 0
v 259.6018646875 415.57398020625 0
v 258.37200346297607 416.86748834488674 0
v 257.1744658250977 418.17635462677 0
v 256.0091123977173 419.50051286374963 0
v 254.87580380468748 420.83989686767575 0
v 253.77440066986085 422.19444045039825 0
v 252.70476361708984 423.56407742376706 0
v 251.66675327022705 424.9487415996322 0
v 250.660230253125 426.3483667898437 0
v 249.68505518963624 427.76288680625146 0
v 248.74108870361331 429.19223546070555 0
v 247.8281914189087 430.6363465650558 0
v 246.946223959375 432.09515393115237 0
v 246.09504694886476 433.56859137084496 0
v 245.2745210112305 435.0565926959839 0
v 244.48450677032469 436.55909171841887 0
v 243.72486485000002 438.07602224999994 0
v 242.9954558741089 439.6073181025772 0
v 242.29614046650394 441.15291308800045 0
v 241.6267792510376 442.7127410181198 0
v 240.9872328515625 444.2867357047851 0
v 240.37736189193117 445.87483095984646 0
v 239.7970269959961 447.4769605951538 0
v 239.24608878760984 449.0930584225571 0
v 238.72440789062503 450.72305825390623 0
v 238.23184492889405 452.3668939010513 0
v 237.76826052626953 454.02449917584227 0
v 237.333515306604 455.6958078901291 0
v 236.92746989374996 457.38075385576167 0
v 236.54998491156005 459.0792708845902 0
v 236.2009209838867 460.7912927884644 0
v 235.88013873458252 462.5167533792343 0
v 235.5874987875 464.25558646875004 0
v 235.08608829541015 467.7731053914184 0
v 234.6955744984375 471.34332005126953 0
v 234.41484238740233 474.96570094310306 0
v 234.242776953125 478.6397185617187 0
v 234.1782631864258 482.36484340191646 0
v 234.22018607812498 486.1405459584961 0
v 234.36743061904298 489.9662967262573 0
v 234.6188818 493.8415662 0
v 234.6188818 493.8415662 0
v 234.96481614431806 493.98961389079284 0
v 235.32269445022828 494.12295747326664 0
v 235.69244816841444 494.2416813211578 0
v 236.07400874956053 494.34586980820313 0
v 236.46730764435043 494.43560730813897 0
v 236.87227630346803 494.5109781947021 0
v 237.28884617759718 494.57206684162895 0
v 237.7169487174219 494.61895762265624 0
v 238.60747759689332 494.67048308195797 0
v 239.54331454735348 494.66622956249995 0
v 240.5239111742737 494.6068720541748 0
v 241.54871908312498 494.49308554687497 0
v 242.61718987937866 494.3255450304932 0
v 243.72877516850585 494.1049254949218 0
v 244.88292655597775 493.8319019300536 0
v 246.07909564726563 493.5071493257812 0
v 247.31673404784055 493.131342671997 0
v 248.59529336317382 492.70515695859376 0
v 249.91422519873655 492.2292671754638 0
v 251.27298115999997 491.7043483125 0
v 254.10777188151366 490.5101233066406 0
v 257.09527837148437 489.12788186015626 0
v 260.2311134736816 487.5630238921874 0
v 263.51089003187496 485.820949321875 0
v 266.930220889834 483.90705806835933 0
v 270.4847188913281 481.82675005078124 0
v 274.1699968801269 479.5854251882812 0
v 277.98166769999995 477.1884834 0
v 300.437529 403.6047659999999 0
v 298.23571205442505 405.44185687522884 0
v 296.150841429541 407.3165450197997 0
v 295.1515819909554 408.2677698064327 0
v 294.18074433685916 409.22813199641405 0
v 293.2380568686912 410.19754428508173 0
v 292.3232479878906 411.17591936777336 0
v 291.4360460958961 412.1631699398265 0
v 290.5761795941467 413.1592086965789 0
v 289.7433768840813 414.16394833336824 0
v 288.9373663671386 415.1773015455321 0
v 288.15787644475785 416.1991810284083 0
v 287.4046355183777 417.22949947733457 0
v 286.6773719894371 418.2681695876483 0
v 285.975814259375 419.31510405468737 0
v 285.2996907296303 420.37021557378955 0
v 284.6487298016418 421.43341684029224 0
v 284.0226598768486 422.5046205495334 0
v 283.4212093566895 423.58373939685055 0
v 282.291080136029 425.7653732870635 0
v 281.2561693511719 427.9776200736327 0
v 280.31430421362916 430.21978131925954 0
v 279.46331193491204 432.4911585866454 0
v 278.70101972653197 434.7910534384917 0
v 278.02525479999997 437.11876743749986 0
v 277.4338443668273 439.4736021463713 0
v 276.9246156385254 441.8548591278076 0
v 276.49539582660515 444.2618399445098 0
v 276.14401214257805 446.69384615917954 0
v 275.8682917979553 449.15017933451827 0
v 275.666062004248 451.6301410332274 0
v 275.5351499729675 454.13303281800825 0
v 275.47338291562494 456.65815625156233 0
v 275.47858804373163 459.204812896591 0
v 275.54859256879877 461.77230431579574 0
v 275.6812237023376 464.3599320718779 0
v 275.8743086558593 466.9669977275389 0
v 276.12567464087516 469.5928028454802 0
v 276.4331488688964 472.2366489884032 0
v 276.79455855143425 474.8978377190092 0
v 277.20773089999994 477.57567059999985 0
v 277.20773089999994 477.57567059999985 0
v 277.94202186935416 478.3782000727934 0
v 278.6339880401855 479.22306319094224 0
v 279.28531010195917 480.10857894159835 0
v 279.89766874414056 481.0330663119139 0
v 280.47274465619495 481.994844289041 0
v 281.0122185275879 482.99223186013177 0
v 281.5177710477844 484.02354801233815 0
v 281.99108290624997 485.0871117328124 0
v 282.4338347924499 486.18124200870653 0
v 282.84770739584957 487.30425782717276 0
v 283.2343814059143 488.454478175363 0
v 283.5955375121093 489.63022204042966 0
v 284.2480187707519 492.0515562697998 0
v 284.81859668749996 494.5548124124999 0
v 285.32071677807613 497.12654236574696 0
v 285.7678245582031 499.75329802675776 0
v 286.1733655436035 502.421631292749 0
v 286.55078525 505.11809406093744 0
v 287.2750428886718 510.54161569277335 0
v 288.04816159999996 515.9162780999999 0
v 288.04816159999996 515.9162780999999 0
v 293.19501065423276 513.4957928082732 0
v 298.0007535229248 511.1819346876708 0
v 302.4790188963165 508.97044351068405 0
v 306.6434354646484 506.85705904980455 0
v 310.507631918161 504.8375210775237 0
v 314.0852369470947 502.9075693663329 0
v 317.3898792416901 501.0629436887237 0
v 320.4351874921874 499.29938381718733 0
v 323.23479038882755 497.61262952421566 0
v 325.80231662185054 495.99842058229973 0
v 328.15139488149714 494.4524967639312 0
v 330.2956538580078 492.97059784160143 0
v 332.24872224162294 491.548463587802 0
v 334.024228722583 490.1818337750243 0
v 335.6358019911285 488.86644817575973 0
v 337.09707073749996 487.59804656249986 0
v 338.4216636519378 486.3723687077361 0
v 339.6232094246826 485.1851543839598 0
v 340.7153367459747 484.0321433636626 0
v 341.71167430605465 482.9090754193358 0
v 342.62585079516293 481.811690323471 0
v 343.47149490354 480.7357278485594 0
v 344.2622353214264 479.6769277670927 0
v 345.01170073906246 478.63102985156235 0
v 346.4413213345458 476.56089960827626 0
v 347.869386211914 474.4912552986327 0
v 348.6169069819061 473.44596480015554 0
v 349.40492489309077 472.3880151025634 0
v 350.24706863570856 471.3131459783477 0
v 351.15696689999993 470.2170971999999 0
v 351.15696689999993 470.2170971999999 0
v 351.6955977663146 469.5030406149929 0
v 352.20163197774406 468.78898290377185 0
v 352.6756347473913 468.07492412172445 0
v 353.1181712883593 467.36086432423815 0
v 353.5298068137511 466.6468035667006 0
v 353.9111065366699 465.93274190449944 0
v 354.26263567021846 465.218679393022 0
v 354.5849594274999 464.50461608765613 0
v 354.8786430216174 463.79055204378926 0
v 355.1442516656737 463.07648731680894 0
v 355.38235057277217 462.36242196210287 0
v 355.5935049560155 461.6483560350585 0
v 355.778280028507 460.9342895910634 0
v 355.9372410033495 460.22022268550523 0
v 356.0709530936462 459.50615537377155 0
v 356.1799815124999 458.7920877112499 0
v 356.26489147301385 458.07801975332785 0
v 356.326248188291 457.363951555393 0
v 356.3646168714343 456.6498831728328 0
v 356.38056273554685 455.935814661035 0
v 356.3746509937316 455.22174607538716 0
v 356.34744685909175 454.50767747127674 0
v 356.2995155447302 453.79360890409134 0
v 356.23142226374995 453.07954042921864 0
v 356.03701065434564 451.6514039779613 0
v 355.7687337357031 450.22326856060533 0
v 355.43111321264644 448.79513462025136 0
v 355.02867079 447.36700259999986 0
v 351.413174 470.3542259999999 0
v 352.95193195872804 473.951125931076 0
v 354.47870279013677 477.40720498806144 0
v 355.993683489563 480.7250237384673 0
v 357.4970710523438 483.90714274980456 0
v 358.989062473816 486.9561225895843 0
v 360.4698547493165 489.87452382531734 0
v 361.9396448741822 492.6649070245147 0
v 363.39862984375003 495.32983275468746 0
v 364.84700665335697 497.8718615833465 0
v 366.2849722983398 500.29355407800284 0
v 367.7127237740357 502.5974708061675 0
v 369.1304580757813 504.78617233535147 0
v 370.5383721989136 506.86221923306573 0
v 371.9366631387696 508.82817206682125 0
v 373.32552789068603 510.686591404129 0
v 374.70516345 512.4400378124999 0
v 376.07576681204836 514.091071859445 0
v 377.43753497216795 515.6422541124755 0
v 378.7906649256958 517.0961451391022 0
v 380.13535366796873 518.4553055068359 0
v 381.47179819432375 519.7222957831877 0
v 382.80019550009763 520.8996765356688 0
v 384.1207425806274 521.99000833179 0
v 385.43363643124997 522.9958517390623 0
v 386.7390740473022 523.9197673249969 0
v 388.0372524241211 524.7643156571044 0
v 389.3283685570434 525.532057302896 0
v 390.61261944140625 526.2255528298826 0
v 391.89020207254634 526.8473628055755 0
v 393.1613134458007 527.4000477974853 0
v 394.42615055650634 527.886168373123 0
v 395.6849104 528.3082850999999 0
v 395.6849104 528.3082850999999 0
v 396.6519083969612 527.5052596545662 0
v 397.59172916445914 526.6820957952208 0
v 398.5045926189781 525.8389564998984 0
v 399.3907186770019 524.9760047465331 0
v 400.2503272550148 524.0934035130592 0
v 401.08363826950074 523.1913157774109 0
v 401.8908716369438 522.2699045175224 0
v 402.6722472738281 521.3293327113281 0
v 403.42798509663777 520.3697633367622 0
v 404.1583050218567 519.3913593717591 0
v 404.8634269659691 518.3942837942528 0
v 405.54357084545904 517.3786995821777 0
v 406.1989565768104 516.3447697134682 0
v 406.82980407650757 515.2926571660583 0
v 407.4363332610344 514.2225249178825 0
v 408.018764046875 513.1345359468751 0
v 408.5773163505135 512.0288532309701 0
v 409.1122100884338 510.9056397481018 0
v 409.6236651771202 509.7650584762047 0
v 410.1119015330566 508.60727239321284 0
v 410.5771390727272 507.4324444770607 0
v 411.01959771261596 506.2407377056824 0
v 411.439497369207 505.03231505701217 0
v 411.83705795898436 503.80733950898434 0
v 412.5660416040344 501.308381626593 0
v 413.2083079796387 498.7451678819824 0
v 413.7656164176697 496.11900209862665 0
v 414.23972625000005 493.4311881 0
v 414.6323968085022 490.68302970957643 0
v 414.9453874250488 487.87583075083006 0
v 415.1804574315124 485.0108950472351 0
v 415.33936615976563 482.08952642226564 0
v 415.4238729416809 479.1130286993957 0
v 415.43573710913086 476.0827057020996 0
v 415.376717993988 472.99986125385124 0
v 415.248574928125 469.8657991781249 0
v 415.0530672434143 466.68182329839476 0
v 414.7919542717285 463.4492374381348 0
v 414.4669953449402 460.16934542081907 0
v 414.07994979492184 456.8434510699219 0
v 413.6325769535461 453.4728582089173 0
v 413.12663615268553 450.05887066127934 0
v 412.5638867242126 446.6027922504822 0
v 411.946088 443.1059268 0
v 488.6062289999999 377.6612069999999 0
v 490.55815890580857 377.9677233373257 0
v 492.4910615585784 378.237363251497 0
v 494.40516385820035 378.4705664783048 0
v 496.30069270456534 378.6677727535399 0
v 498.1778749975643 378.8294218129931 0
v 500.03693763708793 378.95595339245534 0
v 501.8781075230274 379.0478072277174 0
v 503.70161155527336 379.1054230545702 0
v 505.50767663371687 379.1292406088046 0
v 507.2965296582488 379.11969962621146 0
v 509.06839752876016 379.07723984258155 0
v 510.82350714514155 379.00230099370594 0
v 512.5620854072841 378.8953228153753 0
v 514.2843592150787 378.7567450433806 0
v 515.9905554684161 378.5870074135127 0
v 517.6809010671874 378.3865496615624 0
v 519.3556229112834 378.1558115233206 0
v 521.0149479005951 377.89523273457814 0
v 522.6591029350132 377.60525303112587 0
v 524.2883149144287 377.2863121487548 0
v 525.9028107387325 376.9388498232556 0
v 527.5028173078156 376.56330579041924 0
v 529.0885615215686 376.16011978603655 0
v 530.6602702798828 375.72973154589835 0
v 532.2181704826488 375.2725808057956 0
v 533.7624890297575 374.78910730151904 0
v 535.2934528211002 374.2797507688597 0
v 536.8112887565673 373.7449509436083 0
v 539.808484659439 372.6007803584929 0
v 542.7558919375 371.36011343249993 0
v 545.6553257898772 370.02646805195604 0
v 548.5086014156982 368.6033621031884 0
v 551.3175340140899 367.09431347252365 0
v 554.0839387841796 365.502840046289 0
v 556.8096309250946 363.8324597108111 0
v 559.4964256359619 362.0866903524169 0
v 562.1461381159088 360.2690498574334 0
v 564.7605835640625 358.38305611218743 0
v 567.3415771795501 356.4322270030059 0
v 569.890934161499 354.4200804162157 0
v 572.4104697090362 352.3501342381438 0
v 574.9019990212889 350.2259063551171 0
v 577.3673372973846 348.0509146534624 0
v 579.8082997364502 345.82867701950676 0
v 582.2267015376129 343.56271133957694 0
v 584.6243579 341.2565354999999 0
v 584.6243579 341.2565354999999 0
v 583.2508433251602 340.8029596877318 0
v 581.8886422587036 340.31337791417894 0
v 580.5371519377242 339.7897086064066 0
v 579.1957695993163 339.2338701914794 0
v 577.8638924805739 338.64778109646255 0
v 576.5409178185913 338.03335974842093 0
v 575.2262428504623 337.39252457441955 0
v 573.9192648132811 336.7271940015234 0
v 571.3259884801391 335.3307203673064 0
v 568.7562667159181 333.85928626228997 0
v 566.2052774173707 332.3282391029937 0
v 563.66819848125 330.7529263059374 0
v 558.6164832833007 327.5308934646239 0
v 553.5625442960937 324.3159670705077 0
v 551.0226856234009 322.74953733244797 0
v 548.4678046936523 321.23092645574695 0
v 545.8930794036011 319.77548185692433 0
v 543.2936876499999 318.3985509524999 0
v 541.9832349421035 317.7443242033494 0
v 540.664807329602 317.1154811589934 0
v 539.3378020495895 316.5139402464968 0
v 538.0016163391601 315.9416198929247 0
v 536.6556474354079 315.4004385253419 0
v 535.2992925754272 314.8923145708135 0
v 533.9319489963119 314.41916645640435 0
v 532.5530139351562 313.98291260917955 0
v 531.1618846290543 313.585471456204 0
v 529.7579583151 313.2287614245427 0
v 528.3406322303879 312.9147009412606 0
v 526.9093036120116 312.6452084334227 0
v 525.4633696970657 312.42220232809393 0
v 524.002227722644 312.24760105233935 0
v 522.5252749258407 312.1233230332238 0
v 521.03190854375 312.0512866978123 0
v 519.5215258134658 312.03341047316997 0
v 517.9935239720825 312.0716127863616 0
v 516.447300256694 312.16781206445216 0
v 514.8822519043945 312.3239267345067 0
v 513.2977761522782 312.5418752235902 0
v 511.6932702374389 312.8235759587676 0
v 510.0681313969711 313.17094736710385 0
v 508.4217568679687 313.5859078756639 0
v 506.7535438875259 314.0703759115129 0
v 505.06288969273675 314.62626990171555 0
v 503.3491915206955 315.25550827333706 0
v 501.6118466084961 315.96000945344224 0
v 499.8502521932327 316.7416918690962 0
v 498.0638055119995 317.60247394736376 0
v 496.25190380189053 318.54427411531 0
v 494.41394429999997 319.5690107999999 0
v 293.78252299999997 409.483155 0
v 293.12401807442893 409.5016532603225 0
v 292.4821876994355 409.5376105837789 0
v 291.85667139009894 409.59066340541546 0
v 291.247108661499 409.66044816027835 0
v 290.65313902871515 409.74660128341344 0
v 290.07440200682674 409.848759209867 0
v 289.5105371109134 409.9665583746852 0
v 288.96118385605473 410.09963521291405 0
v 288.42598175732996 410.24762615959963 0
v 287.9045703298187 410.4101676497882 0
v 287.39658908860054 410.5868961185257 0
v 286.9016775487549 410.7774480008584 0
v 286.4194752253612 410.9814597318322 0
v 285.9496216334991 411.19856774649344 0
v 285.49175628824804 411.4284084798881 0
v 285.0455187046875 411.6706183670625 0
v 284.1864848829559 412.19069134293414 0
v 283.3696362889404 412.7558781544775 0
v 282.5920890432769 413.3632702820613 0
v 281.85095926660154 414.00995920605465 0
v 281.14336307955017 414.69303640682625 0
v 280.4664166027587 415.409593364745 0
v 279.8172359568633 416.15672156018 0
v 279.1929372624999 416.9315124734999 0
v 278.5906366403045 417.7310575850738 0
v 278.0074502109131 418.5524483752705 0
v 277.44049409496154 419.39277632445885 0
v 276.8868844130859 420.24913291300777 0
v 275.80816883410637 421.99829792966307 0
v 274.74823243906246 423.77667526818743 0
v 273.68400419304197 425.56099677153213 0
v 272.5924130611328 427.3279942826484 0
v 272.0291467145599 428.197725242043 0
v 271.4503880084228 429.05439964448726 0
v 270.8532530633575 429.89510897034984 0
v 270.234858 430.7169446999999 0
v 319.020517 436.5257609999999 0
v 317.8344429529205 437.175897706884 0
v 316.715100297583 437.84423953366684 0
v 315.6601895222137 438.53015923454393 0
v 314.66741111503904 439.2330295637108 0
v 313.73446556428524 439.95222327536305 0
v 312.8590533581787 440.6871131236961 0
v 312.03887498494566 441.4370718629058 0
v 311.27163093281246 442.2014722471873 0
v 310.5550216900055 442.97968703073656 0
v 309.886747744751 443.7710889677488 0
v 309.2645095852752 444.5750508124198 0
v 308.6860076998047 445.39094531894517 0
v 308.14894257656556 446.21814524152023 0
v 307.6510147037842 447.05602333434064 0
v 307.1899245696869 447.90395235160196 0
v 306.7633726625 448.76130504749983 0
v 306.3690594704498 449.6274541762297 0
v 306.0046854817627 450.50177249198714 0
v 305.6679511846649 451.3836327489677 0
v 305.3565570673828 452.27240770136706 0
v 304.8005913251709 454.06819270920397 0
v 304.3183921609375 455.8841095490624 0
v 303.5017091896484 459.55626685910147 0
v 302.7593394 463.24873589999993 0
v 321.731422 438.47177999999997 0
v 319.6889655223144 442.24244831850586 0
v 317.8514184550781 445.85310710742186 0
v 316.20833770952146 449.3112034105957 0
v 314.749280196875 452.624184271875 0
v 313.4638028283691 455.79949673510737 0
v 312.34146251523435 458.8445878441407 0
v 311.3718161687012 461.7669046428223 0
v 310.54442069999993 464.573894175 0
v 309.8488330203613 467.27300348452155 0
v 309.2746100410156 469.87167961523437 0
v 308.8113086731933 472.3773696109863 0
v 308.44848582812494 474.797520515625 0
v 308.17569841704096 477.1395793729981 0
v 307.9825033511719 479.4109932269532 0
v 307.858457541748 481.6192091213379 0
v 307.79311789999997 483.77167410000004 0
v 384.071606 451.236858 0
v 384.54631258415316 452.56848782059933 0
v 384.9738688638896 453.8942232956543 0
v 385.35584919012456 455.214261235675 0
v 385.69382791377336 456.52879845117184 0
v 385.9893793857513 457.838031752655 0
v 386.24407795697357 459.1421579506347 0
v 386.45949797835556 460.4413738556213 0
v 386.63721380081245 461.735876278125 0
v 386.77879977525964 463.0258620286559 0
v 386.8858302526123 464.31152791772456 0
v 386.9598795837857 465.593070755841 0
v 387.00252211969524 466.8706873535156 0
v 387.0153322112561 468.14457452125845 0
v 386.9998842093837 469.41492906958 0
v 386.9577524649932 470.6819478089905 0
v 386.89051132899993 471.94582755 0
v 386.68699828586614 474.46495727885736 0
v 386.4019398873046 476.9738927402343 0
v 386.0479309406376 479.4742084182128 0
v 385.63756625318746 481.96747879687496 0
v 384.6981488852265 486.93918159257805 0
v 383.684446242 491.9015969999999 0
v 387.547943 452.01324899999986 0
v 388.3295876902734 453.70131403989245 0
v 389.025353003125 455.40654952289054 0
v 389.63891410847657 457.12822226522445 0
v 390.17394617624996 458.8655990831249 0
v 390.63412437636714 460.6179467928222 0
v 391.0231238787499 462.38453221054675 0
v 391.3446198533203 464.1646221525292 0
v 391.60228746999996 465.9574834349999 0
v 391.7998018987109 467.76238287418937 0
v 391.94083830937495 469.57858728632806 0
v 392.029071871914 471.40536348764635 0
v 392.06817775624995 473.2419782943749 0
v 392.06183113230463 475.08769852274406 0
v 392.01370717 476.9417909889843 0
v 391.9274810392577 478.80352250932606 0
v 391.8068279099999 480.6721598999999 0
v 486.06541999999996 346.2728279999999 0
v 487.8298220043548 345.401290346584 0
v 489.5849716516357 344.5754324679857 0
v 491.33067992754206 343.7948280460537 0
v 493.06675781777335 343.0590507626366 0
v 494.7930163080291 342.36767429958337 0
v 496.50926638400875 341.7202723387426 0
v 498.2153190314117 341.1164185619631 0
v 499.91098523593746 340.55568665109365 0
v 501.59607598328546 340.037650287983 0
v 503.2704022591552 339.56188315447986 0
v 504.9337750492462 339.1279589324331 0
v 506.5860053392577 338.73545130369126 0
v 508.2269041148895 338.38393395010337 0
v 509.8562823618408 338.072980553518 0
v 511.4739510658111 337.8021647957839 0
v 513.0797212124999 337.5710603587499 0
v 514.6734037876068 337.3792409242648 0
v 516.254809776831 337.2262801741772 0
v 517.8237501658722 337.1117517903359 0
v 519.3800359404297 337.03522945458974 0
v 520.923478086203 336.99628684878746 0
v 522.4538875888916 336.9944976547777 0
v 523.971075434195 337.0294355544094 0
v 525.4748526078124 337.10067422953114 0
v 526.9650300954437 337.2077873619918 0
v 528.4414188827881 337.35034863364007 0
v 529.903829955545 337.5279317263247 0
v 531.352074299414 337.74011032189446 0
v 532.7859629000945 337.9864581021981 0
v 534.2053067432861 338.2665487490844 0
v 535.6099168146881 338.5799559444021 0
v 536.9996040999999 338.9262533699999 0
v 448.20842899999997 230.19733199999996 0
v 446.16710076833493 230.6657168161889 0
v 444.11783821855465 231.09958188123042 0
v 442.0612284434814 231.49950337358638 0
v 439.99785853593744 231.86605747171873 0
v 435.8531866947265 232.50136819916008 0
v 431.68851943749996 233.01012349124997 0
v 427.5085535068358 233.39693277568358 0
v 423.31798564531243 233.6664054801562 0
v 419.12151259550774 233.82315103236326 0
v 414.9238310999999 233.87177885999998 0
v 414.9238310999999 233.87177885999998 0
v 413.316662266953 233.8560955609277 0
v 411.7096678487499 233.82665192085932 0
v 410.1029923605468 233.78376756301756 0
v 408.4967803174999 233.72776211062495 0
v 406.8911762347655 233.65895518690428 0
v 405.2863246274999 233.5776664150781 0
v 403.6823700108593 233.4842154183691 0
v 402.0794568999999 233.37892182 0
v 402.0794568999999 233.37892182 0
v 401.4650021262109 233.47042520254683 0
v 400.8547756665624 233.584896083625 0
v 400.2485308486327 233.7192159803906 0
v 399.6460209999999 233.87026640999994 0
v 399.0469994482421 234.03492888960938 0
v 398.4512195209374 234.21008493637495 0
v 397.85843454566395 234.3926160674531 0
v 397.26839784999993 234.57940379999997 0
v 397.26839784999993 234.57940379999997 0
v 396.0642356923828 235.0097016099243 0
v 394.8798247699999 235.47879538705075 0
v 393.71442008230457 235.98440153865965 0
v 392.56727662874994 236.5242364720312 0
v 391.437649408789 237.09601659444579 0
v 390.3247934218749 237.69745831318357 0
v 389.22796366746087 238.32627803552487 0
v 388.14641514499993 238.98019216875 0
v 386.0261817937499 240.35416929697263 0
v 383.9581333637499 241.80112095609374 0
v 381.93630985062487 243.30277840435545 0
v 379.9547512499999 244.84087289999997 0
v 379.9547512499999 244.84087289999997 0
v 378.50807272707016 245.99885444419917 0
v 377.0648899759374 247.16085934171872 0
v 375.6234264568359 248.32483278744135 0
v 374.1819056299999 249.48871997624997 0
v 372.738550955664 250.6504661030273 0
v 371.29158589406245 251.80801636265616 0
v 369.83923390542964 252.95931595001946 0
v 368.3797184499999 254.10231005999992 0
v 368.3797184499999 254.10231005999992 0
v 368.3672324401007 254.12115359553033 0
v 368.35929115739566 254.13840612671183 0
v 368.3556460977179 254.15415026964874 0
v 368.35604875690035 254.16846864044527 0
v 368.36025063077585 254.18144385520563 0
v 368.36800321517745 254.19315853003414 0
v 368.379058005938 254.20369528103498 0
v 368.3931664988906 254.21313672431245 0
v 368.4751674092792 254.2416017422734 0
v 368.5861472213749 254.25915112499996 0
v 368.7102016684863 254.27107230316398 0
v 368.8314264839218 254.28265270743742 0
v 368.93391740099014 254.29917976849208 0
v 369.00177015299994 254.3259409169999 0
v 369.00177015299994 254.3259409169999 0
v 371.37583690128116 254.719792546746 0
v 373.74670438299995 255.1433650005937 0
v 376.11019660846864 255.605705801707 0
v 378.4621375879999 256.11586247324993 0
v 380.79835133190613 256.68288253838665 0
v 383.11466185049994 257.3158135202812 0
v 385.40689315409367 258.0237029420976 0
v 387.6708692529999 258.8155983269999 0
v 387.6708692529999 258.8155983269999 0
v 388.7126239906757 259.22197138850385 0
v 389.7422581425312 259.65626687653116 0
v 390.7578269830585 260.1194856076054 0
v 391.7573857867499 260.6126283982499 0
v 392.73898982809754 261.1366960649882 0
v 393.7006943815936 261.69268942434365 0
v 394.6405547217304 262.2816092928398 0
v 395.55662612299994 262.90445648699995 0
v 395.55662612299994 262.90445648699995 0
v 396.7953309327851 262.4984416280097 0
v 398.01157484815616 262.0252313332031 0
v 399.21597599563665 261.5173894782011 0
v 400.41915250175 261.00747993862495 0
v 401.6317224930194 260.52806659009565 0
v 402.8643040959687 260.11171330823436 0
v 403.49141741636174 259.9373604034357 0
v 404.127515437121 259.7909839686621 0
v 404.773925424062 259.67665448836595 0
v 405.43197464299993 259.59844244699997 0
v 405.43197464299993 259.59844244699997 0
v 406.0692864820624 259.5753808929843 0
v 406.71074441112495 259.57789959487496 0
v 407.35273056799986 259.60976171732807 0
v 407.99162709049983 259.67473042499995 0
v 408.62381611643735 259.7765688825468 0
v 409.2456797836249 259.919040254625 0
v 409.5516090257538 260.00668927256834 0
v 409.85360022987487 260.1059077058906 0
v 410.15120116321475 260.2171659501738 0
v 410.44395959299993 260.34093440099997 0
v 410.44395959299993 260.34093440099997 0
v 410.7308183109223 260.53208570442035 0
v 411.0290505896601 260.70659813773824 0
v 411.3366374216693 260.86737179428854 0
v 411.6515597994061 261.01730676740624 0
v 412.29533516188656 261.2962610366836 0
v 412.9442246167499 261.56666169224997 0
v 413.5820761036444 261.85170948078513 0
v 414.1927375622186 262.17460514896874 0
v 414.4828245120258 262.3574961712661 0
v 414.76005693212096 262.5585494434804 0
v 415.02241581496037 262.78066505894674 0
v 415.2678821529999 263.026743111 0
v 415.2678821529999 263.026743111 0
v 415.40741524786563 263.21770193644915 0
v 415.5242468492694 263.41745684025 0
v 415.62168370692126 263.624737128082 0
v 415.7030325705311 263.838272105625 0
v 415.8306933144647 264.2790233525625 0
v 415.9336830787499 264.7295450265 0
v 416.0384558610663 265.179671572875 0
v 416.17146565909366 265.619237437125 0
v 416.2568263132738 265.83188337765233 0
v 416.3591664705116 266.03807706468746 0
v 416.481792880517 266.2365478039101 0
v 416.6280122929999 266.42602490099995 0
v 416.6280122929999 266.42602490099995 0
v 416.7673930603778 266.5906005205862 0
v 416.91569022602334 266.74626844478314 0
v 417.072164582454 266.8935960048113 0
v 417.23607692218735 267.0331505318906 0
v 417.5832587216327 267.29120981208393 0
v 417.9513219644999 267.52498493512496 0
v 418.3343529909297 267.7390145507753 0
v 418.72643814106243 267.9378373087969 0
v 419.121663755039 268.1259918589511 0
v 419.51411617299993 268.30801685099993 0
v 419.51411617299993 268.30801685099993 0
v 422.58704243651556 268.63882915118546 0
v 425.656794349875 269.0393187231093 0
v 428.71443688979684 269.52421363944717 0
v 431.751035033 270.1082419728749 0
v 433.2586502610566 270.44203369370865 0
v 434.7576537562031 270.80613179606826 0
v 436.2469286405293 271.2023772890383 0
v 437.72535803612493 271.63261118170306 0
v 439.19182506508 272.09867448314714 0
v 440.6452128494843 272.60240820245497 0
v 442.0844045114277 273.1456533487111 0
v 443.50828317299994 273.73025093099994 0
v 443.50828317299994 273.73025093099994 0
v 445.13181170311714 274.46295142549207 0
v 446.7197122639375 275.2633553263124 0
v 448.26777149116407 276.13083165822644 0
v 449.7717760205 277.06474944599995 0
v 451.2275124876484 278.0644777143984 0
v 452.63076752831245 279.12938548818744 0
v 453.3113978373701 279.6860845098427 0
v 453.9773277781953 280.2588417921328 0
v 454.6280306802509 280.84757846315324 0
v 455.26297987299995 281.45221565099996 0
v 455.26297987299995 281.45221565099996 0
v 455.3061727175893 281.5219974575515 0
v 455.3527641911367 281.57755728614643 0
v 455.40247102524853 281.62005264844555 0
v 455.4550099515312 281.6506410561093 0
v 455.5100977015913 281.67048002079855 0
v 455.5674510070351 281.6807270541738 0
v 455.6267865994692 281.68253966789564 0
v 455.6878212104999 281.6770753736249 0
v 455.8138544147773 281.648946107748 0
v 455.9432844727187 281.605599349828 0
v 456.07384523717576 281.55629519315033 0
v 456.20327056099995 281.51029373099993 0
v 456.20327056099995 281.51029373099993 0
v 458.1900240246913 280.8405107626405 0
v 460.1884520705312 280.19962976849996 0
v 462.19902686441793 279.5934405962343 0
v 464.22222057224997 279.02773309349993 0
v 466.2585053599257 278.508297107953 0
v 468.30835339334374 278.04092248724993 0
v 470.3722368384023 277.6313990790468 0
v 472.45062786099993 277.2855167309999 0
v 472.45062786099993 277.2855167309999 0
v 472.5207967694618 277.2212622719325 0
v 472.5840413463358 277.1517691232577 0
v 472.64105495291693 277.077595768954 0
v 472.6925309505 276.9993006929999 0
v 472.7816435638515 276.83257931205463 0
v 472.8569260767499 276.65607285224996 0
v 472.92392537955465 276.474249185414 0
v 472.9881883626249 276.2915761833749 0
v 473.05526191632026 276.1125217179609 0
v 473.13069293099994 275.94155366099994 0
v 473.13069293099994 275.94155366099994 0
v 473.243428924081 275.63796600238175 0
v 473.3424557235703 275.32983892596087 0
v 473.4274210737744 275.01785332963766 0
v 473.49797271899996 274.70269011131245 0
v 473.5537584035537 274.3850301688857 0
v 473.5944258717421 274.0655544002578 0
v 473.61962286787207 273.74494370332906 0
v 473.62899713624995 273.4238789759999 0
v 473.6221964211826 273.10304111617086 0
v 473.59886846697657 272.7831110217421 0
v 473.55866101793845 272.4647695906142 0
v 473.50122181837503 272.14869772068744 0
v 473.42619861259277 271.83557630986223 0
v 473.33323914489836 271.526086256039 0
v 473.2219911595986 271.2209084571181 0
v 473.092102401 270.92072381099996 0
v 473.092102401 270.92072381099996 0
v 472.86990696378706 270.3989173357851 0
v 472.63253706142183 269.8832256486562 0
v 472.3785940114394 269.3750276786367 0
v 472.106679131375 268.87570235474993 0
v 471.8153937387637 268.3866286060195 0
v 471.5033391511406 267.9091853614687 0
v 471.16911668604104 267.44475155012105 0
v 470.811327661 266.99470610099996 0
v 470.811327661 266.99470610099996 0
v 468.6065041487149 264.1268787599062 0
v 466.4228857439687 261.2408925659999 0
v 464.2765547411758 258.3290056658437 0
v 462.18359343475 255.38347620599993 0
v 460.1600841191055 252.39656233303117 0
v 458.2221090886562 249.36052219349995 0
v 457.2902226473843 247.82166044457418 0
v 456.3857506378164 246.2676139339687 0
v 455.5107033467544 244.69741493000387 0
v 454.667091061 243.11009570099995 0
v 454.667091061 243.11009570099995 0
v 453.8585626065664 241.5147969197109 0
v 453.0791302855312 239.90612477193744 0
v 452.330821047543 238.28410997932025 0
v 451.61566184225 236.64878326349995 0
v 450.93567961930074 235.00017534611712 0
v 450.29290132834376 233.33831694881246 0
v 449.6893539190273 231.66323879322653 0
v 449.127064341 229.97497160099996 0
v 449.127064341 229.97497160099996 0
v 449.0122579918144 230.00272194694918 0
v 448.89745251470316 230.03046685753122 0
v 448.78264778508395 230.05820751434763 0
v 448.667843678375 230.08594509899996 0
v 448.5530400699941 230.11368079308977 0
v 448.43823683535936 230.14141577821871 0
v 448.32343384988866 230.16915123598827 0
v 448.20863098899997 230.19688834799996 0
v 448.20863098899997 230.19688834799996 0
v 448.208605740375 230.19694380449997 0
v 448.20858049174996 230.19699926099997 0
v 448.208555243125 230.19705471749995 0
v 448.20852999449994 230.19711017399996 0
v 448.20850474587496 230.19716563049997 0
v 448.20847949725 230.19722108699995 0
v 448.20845424862495 230.19727654349995 0
v 448.20842899999997 230.19733199999996 0
v 448.20842899999997 230.19733199999996 0
v 446.16710076833493 230.6657168161889 0
v 444.11783821855465 231.09958188123042 0
v 442.0612284434814 231.49950337358638 0
v 439.99785853593744 231.86605747171873 0
v 435.8531866947265 232.50136819916008 0
v 431.68851943749996 233.01012349124997 0
v 427.5085535068358 233.39693277568358 0
v 423.31798564531243 233.6664054801562 0
v 419.12151259550774 233.82315103236326 0
v 414.9238310999999 233.87177885999998 0
v 414.9238310999999 233.87177885999998 0
v 413.316662266953 233.8560955609277 0
v 411.7096678487499 233.82665192085932 0
v 410.1029923605468 233.78376756301756 0
v 408.4967803174999 233.72776211062495 0
v 406.8911762347655 233.65895518690428 0
v 405.2863246274999 233.5776664150781 0
v 403.6823700108593 233.4842154183691 0
v 402.0794568999999 233.37892182 0
v 402.0794568999999 233.37892182 0
v 401.4650021262109 233.47042520254683 0
v 400.8547756665624 233.584896083625 0
v 400.2485308486327 233.7192159803906 0
v 399.6460209999999 233.87026640999994 0
v 399.0469994482421 234.03492888960938 0
v 398.4512195209374 234.21008493637495 0
v 397.85843454566395 234.3926160674531 0
v 397.26839784999993 234.57940379999997 0
v 397.26839784999993 234.57940379999997 0
v 396.0642356923828 235.0097016099243 0
v 394.8798247699999 235.47879538705075 0
v 393.71442008230457 235.98440153865965 0
v 392.56727662874994 236.5242364720312 0
v 391.437649408789 237.09601659444579 0
v 390.3247934218749 237.69745831318357 0
v 389.22796366746087 238.32627803552487 0
v 388.14641514499993 238.98019216875 0
v 386.0261817937499 240.35416929697263 0
v 383.9581333637499 241.80112095609374 0
v 381.93630985062487 243.30277840435545 0
v 379.9547512499999 244.84087289999997 0
v 379.9547512499999 244.84087289999997 0
v 378.50807272707016 245.99885444419917 0
v 377.0648899759374 247.16085934171872 0
v 375.6234264568359 248.32483278744135 0
v 374.1819056299999 249.48871997624997 0
v 372.738550955664 250.6504661030273 0
v 371.29158589406245 251.80801636265616 0
v 369.83923390542964 252.95931595001946 0
v 368.3797184499999 254.10231005999992 0
v 368.3797184499999 254.10231005999992 0
v 368.3672324401007 254.12115359553033 0
v 368.35929115739566 254.13840612671183 0
v 368.3556460977179 254.15415026964874 0
v 368.35604875690035 254.16846864044527 0
v 368.36025063077585 254.18144385520563 0
v 368.36800321517745 254.19315853003414 0
v 368.379058005938 254.20369528103498 0
v 368.3931664988906 254.21313672431245 0
v 368.4751674092792 254.2416017422734 0
v 368.5861472213749 254.25915112499996 0
v 368.7102016684863 254.27107230316398 0
v 368.8314264839218 254.28265270743742 0
v 368.93391740099014 254.29917976849208 0
v 369.00177015299994 254.3259409169999 0
v 369.00177015299994 254.3259409169999 0
v 371.37583690128116 254.719792546746 0
v 373.74670438299995 255.1433650005937 0
v 376.11019660846864 255.605705801707 0
v 378.4621375879999 256.11586247324993 0
v 380.79835133190613 256.68288253838665 0
v 383.11466185049994 257.3158135202812 0
v 385.40689315409367 258.0237029420976 0
v 387.6708692529999 258.8155983269999 0
v 387.6708692529999 258.8155983269999 0
v 388.7126239906757 259.22197138850385 0
v 389.7422581425312 259.65626687653116 0
v 390.7578269830585 260.1194856076054 0
v 391.7573857867499 260.6126283982499 0
v 392.73898982809754 261.1366960649882 0
v 393.7006943815936 261.69268942434365 0
v 394.6405547217304 262.2816092928398 0
v 395.55662612299994 262.90445648699995 0
v 395.55662612299994 262.90445648699995 0
v 396.7953309327851 262.4984416280097 0
v 398.01157484815616 262.0252313332031 0
v 399.21597599563665 261.5173894782011 0
v 400.41915250175 261.00747993862495 0
v 401.6317224930194 260.52806659009565 0
v 402.8643040959687 260.11171330823436 0
v 403.49141741636174 259.9373604034357 0
v 404.127515437121 259.7909839686621 0
v 404.773925424062 259.67665448836595 0
v 405.43197464299993 259.59844244699997 0
v 405.43197464299993 259.59844244699997 0
v 406.0692864820624 259.5753808929843 0
v 406.71074441112495 259.57789959487496 0
v 407.35273056799986 259.60976171732807 0
v 407.99162709049983 259.67473042499995 0
v 408.62381611643735 259.7765688825468 0
v 409.2456797836249 259.919040254625 0
v 409.5516090257538 260.00668927256834 0
v 409.85360022987487 260.1059077058906 0
v 410.15120116321475 260.2171659501738 0
v 410.44395959299993 260.34093440099997 0
v 410.44395959299993 260.34093440099997 0
v 410.7308183109223 260.53208570442035 0
v 411.0290505896601 260.70659813773824 0
v 411.3366374216693 260.86737179428854 0
v 411.6515597994061 261.01730676740624 0
v 412.29533516188656 261.2962610366836 0
v 412.9442246167499 261.56666169224997 0
v 413.5820761036444 261.85170948078513 0
v 414.1927375622186 262.17460514896874 0
v 414.4828245120258 262.3574961712661 0
v 414.76005693212096 262.5585494434804 0
v 415.02241581496037 262.78066505894674 0
v 415.2678821529999 263.026743111 0
v 415.2678821529999 263.026743111 0
v 415.40741524786563 263.21770193644915 0
v 415.5242468492694 263.41745684025 0
v 415.62168370692126 263.624737128082 0
v 415.7030325705311 263.838272105625 0
v 415.8306933144647 264.2790233525625 0
v 415.9336830787499 264.7295450265 0
v 416.0384558610663 265.179671572875 0
v 416.17146565909366 265.619237437125 0
v 416.2568263132738 265.83188337765233 0
v 416.3591664705116 266.03807706468746 0
v 416.481792880517 266.2365478039101 0
v 416.6280122929999 266.42602490099995 0
v 416.6280122929999 266.42602490099995 0
v 416.7673930603778 266.5906005205862 0
v 416.91569022602334 266.74626844478314 0
v 417.072164582454 266.8935960048113 0
v 417.23607692218735 267.0331505318906 0
v 417.5832587216327 267.29120981208393 0
v 417.9513219644999 267.52498493512496 0
v 418.3343529909297 267.7390145507753 0
v 418.72643814106243 267.9378373087969 0
v 419.121663755039 268.1259918589511 0
v 419.51411617299993 268.30801685099993 0
v 419.51411617299993 268.30801685099993 0
v 422.58704243651556 268.63882915118546 0
v 425.656794349875 269.0393187231093 0
v 428.71443688979684 269.52421363944717 0
v 431.751035033 270.1082419728749 0
v 433.2586502610566 270.44203369370865 0
v 434.7576537562031 270.80613179606826 0
v 436.2469286405293 271.2023772890383 0
v 437.72535803612493 271.63261118170306 0
v 439.19182506508 272.09867448314714 0
v 440.6452128494843 272.60240820245497 0
v 442.0844045114277 273.1456533487111 0
v 443.50828317299994 273.73025093099994 0
v 443.50828317299994 273.73025093099994 0
v 445.13181170311714 274.46295142549207 0
v 446.7197122639375 275.2633553263124 0
v 448.26777149116407 276.13083165822644 0
v 449.7717760205 277.06474944599995 0
v 451.2275124876484 278.0644777143984 0
v 452.63076752831245 279.12938548818744 0
v 453.3113978373701 279.6860845098427 0
v 453.9773277781953 280.2588417921328 0
v 454.6280306802509 280.84757846315324 0
v 455.26297987299995 281.45221565099996 0
v 455.26297987299995 281.45221565099996 0
v 455.3061727175893 281.5219974575515 0
v 455.3527641911367 281.57755728614643 0
v 455.40247102524853 281.62005264844555 0
v 455.4550099515312 281.6506410561093 0
v 455.5100977015913 281.67048002079855 0
v 455.5674510070351 281.6807270541738 0
v 455.6267865994692 281.68253966789564 0
v 455.6878212104999 281.6770753736249 0
v 455.8138544147773 281.648946107748 0
v 455.9432844727187 281.605599349828 0
v 456.07384523717576 281.55629519315033 0
v 456.20327056099995 281.51029373099993 0
v 456.20327056099995 281.51029373099993 0
v 458.1900240246913 280.8405107626405 0
v 460.1884520705312 280.19962976849996 0
v 462.19902686441793 279.5934405962343 0
v 464.22222057224997 279.02773309349993 0
v 466.2585053599257 278.508297107953 0
v 468.30835339334374 278.04092248724993 0
v 470.3722368384023 277.6313990790468 0
v 472.45062786099993 277.2855167309999 0
v 472.45062786099993 277.2855167309999 0
v 472.5207967694618 277.2212622719325 0
v 472.5840413463358 277.1517691232577 0
v 472.64105495291693 277.077595768954 0
v 472.6925309505 276.9993006929999 0
v 472.7816435638515 276.83257931205463 0
v 472.8569260767499 276.65607285224996 0
v 472.92392537955465 276.474249185414 0
v 472.9881883626249 276.2915761833749 0
v 473.05526191632026 276.1125217179609 0
v 473.13069293099994 275.94155366099994 0
v 473.13069293099994 275.94155366099994 0
v 473.243428924081 275.63796600238175 0
v 473.3424557235703 275.32983892596087 0
v 473.4274210737744 275.01785332963766 0
v 473.49797271899996 274.70269011131245 0
v 473.5537584035537 274.3850301688857 0
v 473.5944258717421 274.0655544002578 0
v 473.61962286787207 273.74494370332906 0
v 473.62899713624995 273.4238789759999 0
v 473.6221964211826 273.10304111617086 0
v 473.59886846697657 272.7831110217421 0
v 473.55866101793845 272.4647695906142 0
v 473.50122181837503 272.14869772068744 0
v 473.42619861259277 271.83557630986223 0
v 473.33323914489836 271.526086256039 0
v 473.2219911595986 271.2209084571181 0
v 473.092102401 270.92072381099996 0
v 473.092102401 270.92072381099996 0
v 472.86990696378706 270.3989173357851 0
v 472.63253706142183 269.8832256486562 0
v 472.3785940114394 269.3750276786367 0
v 472.106679131375 268.87570235474993 0
v 471.8153937387637 268.3866286060195 0
v 471.5033391511406 267.9091853614687 0
v 471.16911668604104 267.44475155012105 0
v 470.811327661 266.99470610099996 0
v 470.811327661 266.99470610099996 0
v 468.6065041487149 264.1268787599062 0
v 466.4228857439687 261.2408925659999 0
v 464.2765547411758 258.3290056658437 0
v 462.18359343475 255.38347620599993 0
v 460.1600841191055 252.39656233303117 0
v 458.2221090886562 249.36052219349995 0
v 457.2902226473843 247.82166044457418 0
v 456.3857506378164 246.2676139339687 0
v 455.5107033467544 244.69741493000387 0
v 454.667091061 243.11009570099995 0
v 454.667091061 243.11009570099995 0
v 453.8585626065664 241.5147969197109 0
v 453.0791302855312 239.90612477193744 0
v 452.330821047543 238.28410997932025 0
v 451.61566184225 236.64878326349995 0
v 450.93567961930074 235.00017534611712 0
v 450.29290132834376 233.33831694881246 0
v 449.6893539190273 231.66323879322653 0
v 449.127064341 229.97497160099996 0
v 449.127064341 229.97497160099996 0
v 449.0122579918144 230.00272194694918 0
v 448.89745251470316 230.03046685753122 0
v 448.78264778508395 230.05820751434763 0
v 448.667843678375 230.08594509899996 0
v 448.5530400699941 230.11368079308977 0
v 448.43823683535936 230.14141577821871 0
v 448.32343384988866 230.16915123598827 0
v 448.20863098899997 230.19688834799996 0
v 448.20863098899997 230.19688834799996 0
v 448.208605740375 230.19694380449997 0
v 448.20858049174996 230.19699926099997 0
v 448.208555243125 230.19705471749995 0
v 448.20852999449994 230.19711017399996 0
v 448.20850474587496 230.19716563049997 0
v 448.20847949725 230.19722108699995 0
v 448.20845424862495 230.19727654349995 0
v 448.20842899999997 230.19733199999996 0
v 449.00575399999997 229.94525699999997 0
v 446.7577408043945 230.47018854056392 0
v 444.5003278945312 230.9551224251367 0
v 442.2342316170898 231.40047177116452 0
v 439.96016831874994 231.80664969609376 0
v 437.67885434619143 232.17406931737057 0
v 435.3910060460937 232.5031437524414 0
v 433.0973397651367 232.7942861187524 0
v 430.79857185 233.04790953374996 0
v 428.49541864736324 233.26442711488033 0
v 426.1885965039062 233.4442519795898 0
v 423.87882176630853 233.58779724532468 0
v 421.56681078124996 233.6954760295312 0
v 419.25327989541006 233.7677014496557 0
v 416.9389454554687 233.8048866231445 0
v 414.62452380810544 233.8074446674438 0
v 412.31073129999993 233.77578869999996 0
v 412.31073129999993 233.77578869999996 0
v 410.9946492135155 233.75162709462302 0
v 409.6786219431249 233.71285392248433 0
v 408.36278403742176 233.66273477582223 0
v 407.0472700449999 233.60453524687497 0
v 405.73221451445306 233.5415209278808 0
v 404.41775199437495 233.47695741107808 0
v 403.1040170333593 233.41411028870505 0
v 401.79114417999995 233.35624515299997 0
v 401.79114417999995 233.35624515299997 0
v 400.7594903717358 233.56961787695508 0
v 399.7377933151367 233.8157581846406 0
v 398.7262026643676 234.09332791228707 0
v 397.7248680735937 234.40098889612497 0
v 396.73393919698 234.73740297238473 0
v 395.75356568869137 235.10123197729683 0
v 394.783897202893 235.49113774709178 0
v 393.82508339374994 235.90578211799993 0
v 392.87727391542717 236.3438269262519 0
v 391.9406184220898 236.8039340080781 0
v 391.01526656790276 237.28476519970894 0
v 390.10136800703117 237.78498233737497 0
v 388.30852938189446 238.8382217957343 0
v 386.56329977999997 239.95294707299996 0
v 386.56329977999997 239.95294707299996 0
v 384.60722381095707 241.29228870235542 0
v 382.69351445328124 242.6832485959687 0
v 380.8130012236523 244.11457436216008 0
v 378.9565136387499 245.57501360924996 0
v 377.1148812152539 247.05331394555856 0
v 375.27893346984365 248.5382229794062 0
v 373.4394999191992 250.01848831911323 0
v 371.58741008 251.48285757299996 0
v 371.58741008 251.48285757299996 0
v 371.1817196999804 251.81365827379685 0
v 370.76711049234376 252.142168558125 0
v 370.34865668322266 252.4704047108906 0
v 369.9314324987499 252.80038301699994 0
v 369.52051216505856 253.13411976135936 0
v 369.1209699082812 253.47363122887492 0
v 368.73787995455075 253.82093370445307 0
v 368.37631652999994 254.17804347299995 0
v 368.37631652999994 254.17804347299995 0
v 369.3000679982226 254.38583834831243 0
v 370.22916528140627 254.5730128584374 0
v 371.16202743357417 254.74587864628117 0
v 372.09707350874993 254.9107473547499 0
v 373.032722560957 255.07393062674993 0
v 373.96739364421865 255.24174010518743 0
v 374.8995058125585 255.42048743296868 0
v 375.8274781199999 255.61648425299995 0
v 375.8274781199999 255.61648425299995 0
v 378.4176427833203 256.1785067343281 0
v 381.0031505703124 256.80245931675 0
v 382.28915850254384 257.14379338498236 0
v 383.5680026565234 257.5079707654218 0
v 384.8376831791943 257.89744505371283 0
v 386.0962002174999 258.31466984549996 0
v 387.34155391838374 258.7620987364277 0
v 388.57174442878903 259.2421853221406 0
v 389.7847718956591 259.75738319828315 0
v 390.9786364659374 260.31014596049994 0
v 392.15133828656735 260.90292720443546 0
v 393.3008775044921 261.53818052573433 0
v 394.4252542666552 262.21835952004096 0
v 395.52246871999995 262.9459177829999 0
v 395.52246871999995 262.9459177829999 0
v 396.78191809908196 262.5358241732695 0
v 398.0268250176562 262.05725982515617 0
v 399.2658890389648 261.5439351222773 0
v 400.5078097262499 261.0295604482499 0
v 401.76128664275376 260.54784618669134 0
v 403.0350193517187 260.13250272121866 0
v 403.68220024188713 259.960254531895 0
v 404.3377074163866 259.81724043544915 0
v 405.0026283206225 259.70767422983346 0
v 405.6780503999999 259.63576971299995 0
v 405.6780503999999 259.63576971299995 0
v 406.4277018017382 259.6195209781933 0
v 407.1774715564061 259.6516537464843 0
v 407.9229731306835 259.73320132843935 0
v 408.6598199912499 259.86519703462494 0
v 409.02362711222895 259.9504358438561 0
v 409.3836256047851 260.04867417560735 0
v 409.7392671522533 260.1600411936994 0
v 410.0900034379687 260.28466606195303 0
v 410.43528614526605 260.4226779441891 0
v 410.77456695748043 260.5742060042284 0
v 411.1072975579467 260.7393794058918 0
v 411.43292962999993 260.9183273129999 0
v 411.43292962999993 260.9183273129999 0
v 411.93377929531243 261.17054002866206 0
v 412.4490605431249 261.4085301607968 0
v 412.9690559749999 261.64358637625185 0
v 413.4840481924999 261.8869973418749 0
v 413.9843197971874 262.15005172451356 0
v 414.4601533906249 262.4440381910155 0
v 414.68586924611316 262.6061586641051 0
v 414.9018315743749 262.7802454082284 0
v 415.1068257006054 262.9677095067413 0
v 415.2996369499999 263.1699620429999 0
v 415.2996369499999 263.1699620429999 0
v 415.42953663548093 263.41429235864194 0
v 415.5416100961288 263.6680443220429 0
v 415.6394856278764 263.92926075791445 0
v 415.72679152665614 264.19598449096867 0
v 415.8842076090428 264.73812514747254 0
v 416.0428847107499 265.27880888924994 0
v 416.1317668836801 265.54371147889594 0
v 416.2318491992382 265.802378313996 0
v 416.3467599533568 266.05285221926215 0
v 416.48012744196865 266.2931760194062 0
v 416.6355799610062 266.52139253914004 0
v 416.81674580640225 266.73554460317575 0
v 416.9181050689636 266.83673484702916 0
v 417.0272532740893 266.93367503622505 0
v 417.1446439587708 267.0261205238523 0
v 417.2707306599999 267.11382666299994 0
v 417.2707306599999 267.11382666299994 0
v 417.6519857072831 267.3804752806582 0
v 418.0467802051405 267.63245632364055 0
v 418.45525256420893 267.8634225828339 0
v 418.87754119512493 268.06702684912494 0
v 419.3137845085254 268.2369219134003 0
v 419.76412091504676 268.3667605665468 0
v 419.9946172815519 268.4146752360988 0
v 420.2286888253261 268.4501955994511 0
v 420.4663528476989 268.47252825546457 0
v 420.7076266499999 268.48087980299994 0
v 420.7076266499999 268.48087980299994 0
v 424.03980459072255 268.8757616711484 0
v 427.36893650078116 269.3600298069374 0
v 429.02798230386946 269.64169940645206 0
v 430.68101313076164 269.9529343903827 0
v 432.3262778252806 270.29614103123134 0
v 433.96202523124987 270.6737256014999 0
v 435.5865041924926 271.08809437369035 0
v 437.19796355283194 271.5416536203046 0
v 438.79465215609116 272.03680961384464 0
v 440.3748188460936 272.57596862681237 0
v 441.93671246666247 273.16153693170986 0
v 443.47858186162097 273.79592080103896 0
v 444.99867587479235 274.4815265073016 0
v 446.4952433499999 275.22076032299987 0
v 446.4952433499999 275.22076032299987 0
v 447.6776599216991 275.8598322851483 0
v 448.83233082921873 276.5413024745624 0
v 449.9588287561913 277.26324488069525 0
v 451.0567263862499 278.0237334929999 0
v 452.12559640302726 278.8208423009296 0
v 453.16501149015613 279.6526452939374 0
v 454.17454433126943 280.51721646147644 0
v 455.15376760999993 281.4126297929999 0
v 455.15376760999993 281.4126297929999 0
v 455.24769041863277 281.50802888143494 0
v 455.3463388728749 281.5786656481054 0
v 455.4491892298671 281.626947044934 0
v 455.5557177467499 281.65528002384366 0
v 455.665400680664 281.6660715367572 0
v 455.7777142887499 281.6617285355975 0
v 455.8921348281483 281.64465797228746 0
v 456.00813855599995 281.6172667987499 0
v 456.2428006056249 281.5411504286835 0
v 456.47751049474994 281.4526350407811 0
v 456.70807828049993 281.37097625042566 0
v 456.93031401999997 281.31542967299987 0
v 456.93031401999997 281.31542967299987 0
v 458.8123598162499 280.7071380376874 0
v 460.702119731875 280.1174873486249 0
v 462.6006402559375 279.55317964987483 0
v 464.50896787749997 279.02091698549987 0
v 466.42814908562497 278.52740139956234 0
v 468.359230369375 278.07933493612484 0
v 470.3032582178124 277.68341963924985 0
v 472.2612791199999 277.34635755299985 0
v 472.2612791199999 277.34635755299985 0
v 472.3987999036059 277.27881632148615 0
v 472.51968696158195 277.197228565078 0
v 472.62550426560296 277.1030380827244 0
v 472.71781578734374 276.99768867337485 0
v 472.798185498479 276.88262413597835 0
v 472.86817737068355 276.7592882694842 0
v 472.92935537563227 276.62912487284166 0
v 472.98328348499996 276.4935777449998 0
v 473.0756459036914 276.2121074915155 0
v 473.15777640015625 275.9264279006249 0
v 473.24218674779297 275.64808936392177 0
v 473.34138872 275.3886422729999 0
v 473.34138872 275.3886422729999 0
v 473.44802973705254 275.0512420517694 0
v 473.53171852373237 274.7109906259687 0
v 473.5932282516985 274.36852015243346 0
v 473.6333320926093 274.0244627879999 0
v 473.6528032181237 273.67945068950377 0
v 473.6524147999004 273.3341160137811 0
v 473.63294000959786 272.98909091766785 0
v 473.59515201887496 272.64500755799986 0
v 473.53982399939036 272.30249809161313 0
v 473.4677291228027 271.9621946753436 0
v 473.3796405607708 271.62472946602725 0
v 473.2763314849531 271.29073462049985 0
v 473.15857506700854 270.96084229559756 0
v 473.0271444785957 270.63568464815614 0
v 472.88281289137325 270.3158938350116 0
v 472.726353477 270.0021020129999 0
v 472.726353477 270.0021020129999 0
v 472.20844936215616 269.0508357541522 0
v 471.6367557095 268.1302450534686 0
v 471.02304302934374 267.23374248223814 0
v 470.379081832 266.35474061174983 0
v 469.7166426277812 265.4866520132928 0
v 469.047495927 264.62288925815614 0
v 468.3834122399687 263.7568649176288 0
v 467.73616207699996 262.8819915629999 0
v 467.73616207699996 262.8819915629999 0
v 465.80941853194133 260.3265950358514 0
v 463.91886731278123 257.7448133458124 0
v 462.074927214793 255.13256996749206 0
v 460.28801703324996 252.48578837549985 0
v 458.56855556342566 249.80039204444518 0
v 456.9269616005937 247.07230444893736 0
v 455.37365394002734 244.29744906358576 0
v 453.91905137699996 241.47174936299984 0
v 453.91905137699996 241.47174936299984 0
v 453.24071405213664 240.0945756086834 0
v 452.59062321121866 238.7056059259686 0
v 451.9676538785038 237.3056733439569 0
v 451.37068107824996 235.89561089174984 0
v 450.79857983471476 234.47625159844907 0
v 450.2502251721561 233.04842849315605 0
v 449.72449211483195 231.6129746049725 0
v 449.22025568699996 230.17072296299986 0
v 449.22025568699996 230.17072296299986 0
v 449.20148248300194 230.14001128721472 0
v 449.18281181001566 230.1032339779686 0
v 449.1630704790527 230.06379711992565 0
v 449.1410853011249 230.02510679774988 0
v 449.11568308724407 229.99056909610533 0
v 449.08569064842186 229.96359009965613 0
v 449.06860647309884 229.95399951733728 0
v 449.0499347956699 229.94757589306627 0
v 449.0295289675114 229.94474498742613 0
v 449.00724233999995 229.94593256099986 0
v 449.00724233999995 229.94593256099986 0
v 449.00705629749996 229.94584811587487 0
v 449.00687025499997 229.9457636707499 0
v 449.0066842125 229.9456792256249 0
v 449.00649817 229.9455947804999 0
v 449.00631212749994 229.94551033537493 0
v 449.00612608499995 229.94542589024994 0
v 449.00594004249996 229.94534144512497 0
v 449.00575399999997 229.94525699999997 0
v 449.00575399999997 229.94525699999997 0
v 446.7577408043945 230.47018854056392 0
v 444.5003278945312 230.9551224251367 0
v 442.2342316170898 231.40047177116452 0
v 439.96016831874994 231.80664969609376 0
v 437.67885434619143 232.17406931737057 0
v 435.3910060460937 232.5031437524414 0
v 433.0973397651367 232.7942861187524 0
v 430.79857185 233.04790953374996 0
v 428.49541864736324 233.26442711488033 0
v 426.1885965039062 233.4442519795898 0
v 423.87882176630853 233.58779724532468 0
v 421.56681078124996 233.6954760295312 0
v 419.25327989541006 233.7677014496557 0
v 416.9389454554687 233.8048866231445 0
v 414.62452380810544 233.8074446674438 0
v 412.31073129999993 233.77578869999996 0
v 412.31073129999993 233.77578869999996 0
v 410.9946492135155 233.75162709462302 0
v 409.6786219431249 233.71285392248433 0
v 408.36278403742176 233.66273477582223 0
v 407.0472700449999 233.60453524687497 0
v 405.73221451445306 233.5415209278808 0
v 404.41775199437495 233.47695741107808 0
v 403.1040170333593 233.41411028870505 0
v 401.79114417999995 233.35624515299997 0
v 401.79114417999995 233.35624515299997 0
v 400.7594903717358 233.56961787695508 0
v 399.7377933151367 233.8157581846406 0
v 398.7262026643676 234.09332791228707 0
v 397.7248680735937 234.40098889612497 0
v 396.73393919698 234.73740297238473 0
v 395.75356568869137 235.10123197729683 0
v 394.783897202893 235.49113774709178 0
v 393.82508339374994 235.90578211799993 0
v 392.87727391542717 236.3438269262519 0
v 391.9406184220898 236.8039340080781 0
v 391.01526656790276 237.28476519970894 0
v 390.10136800703117 237.78498233737497 0
v 388.30852938189446 238.8382217957343 0
v 386.56329977999997 239.95294707299996 0
v 386.56329977999997 239.95294707299996 0
v 384.60722381095707 241.29228870235542 0
v 382.69351445328124 242.6832485959687 0
v 380.8130012236523 244.11457436216008 0
v 378.9565136387499 245.57501360924996 0
v 377.1148812152539 247.05331394555856 0
v 375.27893346984365 248.5382229794062 0
v 373.4394999191992 250.01848831911323 0
v 371.58741008 251.48285757299996 0
v 371.58741008 251.48285757299996 0
v 371.1817196999804 251.81365827379685 0
v 370.76711049234376 252.142168558125 0
v 370.34865668322266 252.4704047108906 0
v 369.9314324987499 252.80038301699994 0
v 369.52051216505856 253.13411976135936 0
v 369.1209699082812 253.47363122887492 0
v 368.73787995455075 253.82093370445307 0
v 368.37631652999994 254.17804347299995 0
v 368.37631652999994 254.17804347299995 0
v 369.3000679982226 254.38583834831243 0
v 370.22916528140627 254.5730128584374 0
v 371.16202743357417 254.74587864628117 0
v 372.09707350874993 254.9107473547499 0
v 373.032722560957 255.07393062674993 0
v 373.96739364421865 255.24174010518743 0
v 374.8995058125585 255.42048743296868 0
v 375.8274781199999 255.61648425299995 0
v 375.8274781199999 255.61648425299995 0
v 378.4176427833203 256.1785067343281 0
v 381.0031505703124 256.80245931675 0
v 382.28915850254384 257.14379338498236 0
v 383.5680026565234 257.5079707654218 0
v 384.8376831791943 257.89744505371283 0
v 386.0962002174999 258.31466984549996 0
v 387.34155391838374 258.7620987364277 0
v 388.57174442878903 259.2421853221406 0
v 389.7847718956591 259.75738319828315 0
v 390.9786364659374 260.31014596049994 0
v 392.15133828656735 260.90292720443546 0
v 393.3008775044921 261.53818052573433 0
v 394.4252542666552 262.21835952004096 0
v 395.52246871999995 262.9459177829999 0
v 395.52246871999995 262.9459177829999 0
v 396.78191809908196 262.5358241732695 0
v 398.0268250176562 262.05725982515617 0
v 399.2658890389648 261.5439351222773 0
v 400.5078097262499 261.0295604482499 0
v 401.76128664275376 260.54784618669134 0
v 403.0350193517187 260.13250272121866 0
v 403.68220024188713 259.960254531895 0
v 404.3377074163866 259.81724043544915 0
v 405.0026283206225 259.70767422983346 0
v 405.6780503999999 259.63576971299995 0
v 405.6780503999999 259.63576971299995 0
v 406.4277018017382 259.6195209781933 0
v 407.1774715564061 259.6516537464843 0
v 407.9229731306835 259.73320132843935 0
v 408.6598199912499 259.86519703462494 0
v 409.02362711222895 259.9504358438561 0
v 409.3836256047851 260.04867417560735 0
v 409.7392671522533 260.1600411936994 0
v 410.0900034379687 260.28466606195303 0
v 410.43528614526605 260.4226779441891 0
v 410.77456695748043 260.5742060042284 0
v 411.1072975579467 260.7393794058918 0
v 411.43292962999993 260.9183273129999 0
v 411.43292962999993 260.9183273129999 0
v 411.93377929531243 261.17054002866206 0
v 412.4490605431249 261.4085301607968 0
v 412.9690559749999 261.64358637625185 0
v 413.4840481924999 261.8869973418749 0
v 413.9843197971874 262.15005172451356 0
v 414.4601533906249 262.4440381910155 0
v 414.68586924611316 262.6061586641051 0
v 414.9018315743749 262.7802454082284 0
v 415.1068257006054 262.9677095067413 0
v 415.2996369499999 263.1699620429999 0
v 415.2996369499999 263.1699620429999 0
v 415.42953663548093 263.41429235864194 0
v 415.5416100961288 263.6680443220429 0
v 415.6394856278764 263.92926075791445 0
v 415.72679152665614 264.19598449096867 0
v 415.8842076090428 264.73812514747254 0
v 416.0428847107499 265.27880888924994 0
v 416.1317668836801 265.54371147889594 0
v 416.2318491992382 265.802378313996 0
v 416.3467599533568 266.05285221926215 0
v 416.48012744196865 266.2931760194062 0
v 416.6355799610062 266.52139253914004 0
v 416.81674580640225 266.73554460317575 0
v 416.9181050689636 266.83673484702916 0
v 417.0272532740893 266.93367503622505 0
v 417.1446439587708 267.0261205238523 0
v 417.2707306599999 267.11382666299994 0
v 417.2707306599999 267.11382666299994 0
v 417.6519857072831 267.3804752806582 0
v 418.0467802051405 267.63245632364055 0
v 418.45525256420893 267.8634225828339 0
v 418.87754119512493 268.06702684912494 0
v 419.3137845085254 268.2369219134003 0
v 419.76412091504676 268.3667605665468 0
v 419.9946172815519 268.4146752360988 0
v 420.2286888253261 268.4501955994511 0
v 420.4663528476989 268.47252825546457 0
v 420.7076266499999 268.48087980299994 0
v 420.7076266499999 268.48087980299994 0
v 424.03980459072255 268.8757616711484 0
v 427.36893650078116 269.3600298069374 0
v 429.02798230386946 269.64169940645206 0
v 430.68101313076164 269.9529343903827 0
v 432.3262778252806 270.29614103123134 0
v 433.96202523124987 270.6737256014999 0
v 435.5865041924926 271.08809437369035 0
v 437.19796355283194 271.5416536203046 0
v 438.79465215609116 272.03680961384464 0
v 440.3748188460936 272.57596862681237 0
v 441.93671246666247 273.16153693170986 0
v 443.47858186162097 273.79592080103896 0
v 444.99867587479235 274.4815265073016 0
v 446.4952433499999 275.22076032299987 0
v 446.4952433499999 275.22076032299987 0
v 447.6776599216991 275.8598322851483 0
v 448.83233082921873 276.5413024745624 0
v 449.9588287561913 277.26324488069525 0
v 451.0567263862499 278.0237334929999 0
v 452.12559640302726 278.8208423009296 0
v 453.16501149015613 279.6526452939374 0
v 454.17454433126943 280.51721646147644 0
v 455.15376760999993 281.4126297929999 0
v 455.15376760999993 281.4126297929999 0
v 455.24769041863277 281.50802888143494 0
v 455.3463388728749 281.5786656481054 0
v 455.4491892298671 281.626947044934 0
v 455.5557177467499 281.65528002384366 0
v 455.665400680664 281.6660715367572 0
v 455.7777142887499 281.6617285355975 0
v 455.8921348281483 281.64465797228746 0
v 456.00813855599995 281.6172667987499 0
v 456.2428006056249 281.5411504286835 0
v 456.47751049474994 281.4526350407811 0
v 456.70807828049993 281.37097625042566 0
v 456.93031401999997 281.31542967299987 0
v 456.93031401999997 281.31542967299987 0
v 458.8123598162499 280.7071380376874 0
v 460.702119731875 280.1174873486249 0
v 462.6006402559375 279.55317964987483 0
v 464.50896787749997 279.02091698549987 0
v 466.42814908562497 278.52740139956234 0
v 468.359230369375 278.07933493612484 0
v 470.3032582178124 277.68341963924985 0
v 472.2612791199999 277.34635755299985 0
v 472.2612791199999 277.34635755299985 0
v 472.3987999036059 277.27881632148615 0
v 472.51968696158195 277.197228565078 0
v 472.62550426560296 277.1030380827244 0
v 472.71781578734374 276.99768867337485 0
v 472.798185498479 276.88262413597835 0
v 472.86817737068355 276.7592882694842 0
v 472.92935537563227 276.62912487284166 0
v 472.98328348499996 276.4935777449998 0
v 473.0756459036914 276.2121074915155 0
v 473.15777640015625 275.9264279006249 0
v 473.24218674779297 275.64808936392177 0
v 473.34138872 275.3886422729999 0
v 473.34138872 275.3886422729999 0
v 473.44802973705254 275.0512420517694 0
v 473.53171852373237 274.7109906259687 0
v 473.5932282516985 274.36852015243346 0
v 473.6333320926093 274.0244627879999 0
v 473.6528032181237 273.67945068950377 0
v 473.6524147999004 273.3341160137811 0
v 473.63294000959786 272.98909091766785 0
v 473.59515201887496 272.64500755799986 0
v 473.53982399939036 272.30249809161313 0
v 473.4677291228027 271.9621946753436 0
v 473.3796405607708 271.62472946602725 0
v 473.2763314849531 271.29073462049985 0
v 473.15857506700854 270.96084229559756 0
v 473.0271444785957 270.63568464815614 0
v 472.88281289137325 270.3158938350116 0
v 472.726353477 270.0021020129999 0
v 472.726353477 270.0021020129999 0
v 472.20844936215616 269.0508357541522 0
v 471.6367557095 268.1302450534686 0
v 471.02304302934374 267.23374248223814 0
v 470.379081832 266.35474061174983 0
v 469.7166426277812 265.4866520132928 0
v 469.047495927 264.62288925815614 0
v 468.3834122399687 263.7568649176288 0
v 467.73616207699996 262.8819915629999 0
v 467.73616207699996 262.8819915629999 0
v 465.80941853194133 260.3265950358514 0
v 463.91886731278123 257.7448133458124 0
v 462.074927214793 255.13256996749206 0
v 460.28801703324996 252.48578837549985 0
v 458.56855556342566 249.80039204444518 0
v 456.9269616005937 247.07230444893736 0
v 455.37365394002734 244.29744906358576 0
v 453.91905137699996 241.47174936299984 0
v 453.91905137699996 241.47174936299984 0
v 453.24071405213664 240.0945756086834 0
v 452.59062321121866 238.7056059259686 0
v 451.9676538785038 237.3056733439569 0
v 451.37068107824996 235.89561089174984 0
v 450.79857983471476 234.47625159844907 0
v 450.2502251721561 233.04842849315605 0
v 449.72449211483195 231.6129746049725 0
v 449.22025568699996 230.17072296299986 0
v 449.22025568699996 230.17072296299986 0
v 449.20148248300194 230.14001128721472 0
v 449.18281181001566 230.1032339779686 0
v 449.1630704790527 230.06379711992565 0
v 449.1410853011249 230.02510679774988 0
v 449.11568308724407 229.99056909610533 0
v 449.08569064842186 229.96359009965613 0
v 449.06860647309884 229.95399951733728 0
v 449.0499347956699 229.94757589306627 0
v 449.0295289675114 229.94474498742613 0
v 449.00724233999995 229.94593256099986 0
v 449.00724233999995 229.94593256099986 0
v 449.00705629749996 229.94584811587487 0
v 449.00687025499997 229.9457636707499 0
v 449.0066842125 229.9456792256249 0
v 449.00649817 229.9455947804999 0
v 449.00631212749994 229.94551033537493 0
v 449.00612608499995 229.94542589024994 0
v 449.00594004249996 229.94534144512497 0
v 449.00575399999997 229.94525699999997 0
v 479.463569 277.910088 0
v 478.0082867122192 277.94596585444333 0
v 476.5573814583789 278.02565572242185 0
v 475.11115394835684 278.1470573071582 0
v 473.66990489203124 278.3080703118749 0
v 472.23393499927977 278.50659443979487 0
v 470.8035449799805 278.7405293941406 0
v 469.37903554401123 279.00777487813474 0
v 467.96070740125 279.30623059499993 0
v 465.14379783486316 279.9883715402343 0
v 462.3552219598437 280.77014985562494 0
v 459.59738545521486 281.63476316695306 0
v 456.87269399999997 282.56540909999995 0
v 456.87269399999997 282.56540909999995 0
v 456.9736888114551 282.83059916345945 0
v 457.09378939864064 283.0884542875195 0
v 457.2307093075371 283.3398800220775 0
v 457.382162084125 283.58578191703117 0
v 457.7195204242969 284.06463638771487 0
v 458.08757278699994 284.53226209875 0
v 458.4680275400781 284.99590344931636 0
v 458.84259305137493 285.4628048385937 0
v 459.19297768873435 285.9402106657617 0
v 459.50088981999994 286.43536532999997 0
v 459.50088981999994 286.43536532999997 0
v 460.05580037836177 287.2714652417065 0
v 460.5857283462695 288.12094221240227 0
v 461.09101616858146 288.98310751607664 0
v 461.5720062901562 289.8572724267187 0
v 462.02904115585204 290.74274821831784 0
v 462.4624632105273 291.63884616486325 0
v 462.87261489904046 292.54487754034426 0
v 463.25983866624995 293.46015361875 0
v 463.6244769570141 294.38398567406983 0
v 463.9668722161914 295.315684980293 0
v 464.28736688864007 296.25456281140873 0
v 464.58630341921867 297.19993044140625 0
v 465.1208718341992 299.1073801940039 0
v 465.57331701999993 301.03252442999997 0
v 465.57331701999993 301.03252442999997 0
v 466.21311206444574 301.3567400948291 0
v 466.8313087893163 301.716691821914 0
v 467.4261224012865 302.1106754464013 0
v 467.9957681070312 302.53698680343746 0
v 468.538461113225 302.99392172816886 0
v 469.0524166265429 303.4797760557421 0
v 469.53584985365956 303.9928456213037 0
v 469.98697600124996 304.53142625999993 0
v 470.4040102759887 305.09381380697744 0
v 470.78516788455073 305.67830409738275 0
v 471.12866403361073 306.2831929663622 0
v 471.43271392984366 306.90677624906243 0
v 471.69553277992424 307.5473497806298 0
v 471.91533579052725 308.20320939621087 0
v 472.0903381683276 308.8726509309521 0
v 472.2187551199999 309.55397021999994 0
v 472.2187551199999 309.55397021999994 0
v 472.3217890278515 310.09788135874504 0
v 472.4049765197968 310.64318353792964 0
v 472.4696747924842 311.1897057207275 0
v 472.5172410425624 311.7372768703124 0
v 472.5664062614842 312.834881922539 0
v 472.56332974974987 313.93463039999995 0
v 472.5188690805468 315.0351540080859 0
v 472.4438818270624 316.13508445218747 0
v 472.34922556248426 317.2330534376953 0
v 472.2457578599999 318.32769267 0
v 472.2457578599999 318.32769267 0
v 473.58243979298817 321.19289114455074 0
v 474.9023567220312 324.09374917265615 0
v 475.53784828784416 325.5583373920825 0
v 476.147332575996 327.032784747246 0
v 476.72353757759515 328.51740598726315 0
v 477.25919128374994 330.01251586124994 0
v 477.7470216855688 331.51842911832273 0
v 478.1797567741602 333.0354605075976 0
v 478.5501245406323 334.5639247781909 0
v 478.8508529760937 336.1041366792187 0
v 478.97282994191676 336.8787463502444 0
v 479.0746700716528 337.6564109597973 0
v 479.1554643641903 338.43716985151696 0
v 479.2143038184179 339.2210623690429 0
v 479.25027943322414 340.00812785601465 0
v 479.26248220749756 340.79840565607174 0
v 479.2500031401266 341.59193511285366 0
v 479.21193322999994 342.38875556999994 0
v 479.21193322999994 342.38875556999994 0
v 479.11240631930536 343.33712720041984 0
v 478.96944122047455 344.28171357023433 0
v 478.7835966371995 345.22061052852536 0
v 478.55543127317185 346.1519139243749 0
v 478.28550383208375 347.0737196068652 0
v 477.97437301762693 347.98412342507805 0
v 477.6225975334933 348.8812212280957 0
v 477.23073608337495 349.763108865 0
v 476.7993473709636 350.627882184873 0
v 476.3289900999511 351.47363703679684 0
v 475.82022297402955 352.2984692698535 0
v 475.2736046968905 353.100474733125 0
v 474.6896939722262 353.8777492756933 0
v 474.0690495037284 354.6283887466406 0
v 473.4122299950891 355.3504889950488 0
v 472.7197941499999 356.04214586999996 0
v 472.7197941499999 356.04214586999996 0
v 472.44427816857325 356.2573498363641 0
v 472.1617101239379 356.45341691614743 0
v 471.8725159893111 356.63087561757385 0
v 471.5771217379101 356.7902544488671 0
v 471.27595334295194 356.93208191825124 0
v 470.96943677765375 357.0568865339501 0
v 470.6579980152328 357.16519680418753 0
v 470.3420630289061 357.25754123718747 0
v 470.02205779189114 357.33444834117364 0
v 469.6984082774047 357.39644662437007 0
v 469.37154045866424 357.4440645950005 0
v 469.0418803088866 357.477830761289 0
v 468.3758869090893 357.5059217137353 0
v 467.70383586374993 357.4849475474999 0
v 467.0291349586058 357.41913632837395 0
v 466.3551919793944 357.31271612214834 0
v 465.6854147118529 357.1699149946142 0
v 465.0232109417186 356.9949610115624 0
v 464.37198845472886 356.79208223878413 0
v 463.735155036621 356.5655067420702 0
v 463.11611847313225 356.3194625872119 0
v 462.5182865499999 356.0581778399999 0
v 462.5182865499999 356.0581778399999 0
v 462.0890632471874 355.86773507903314 0
v 461.6618332568749 355.67307577289057 0
v 461.2371447399999 355.4734525585839 0
v 460.8155458574999 355.2681180731249 0
v 460.3975847703124 355.0563249535253 0
v 459.98380963937495 354.8373258367968 0
v 459.57476862562487 354.6103733599511 0
v 459.17100988999994 354.3747201599999 0
v 459.17100988999994 354.3747201599999 0
v 457.12767500517566 355.39739375220694 0
v 455.0638675551562 356.43252024328115 0
v 453.015346320371 357.51071138490227 0
v 451.0178700812499 358.66257892874995 0
v 450.04944845394766 359.27570752390864 0
v 449.1071976182226 359.91873462650386 0
v 448.1955874216284 360.59548670549555 0
v 447.3190877117186 361.3097902298437 0
v 446.48216833604727 362.0654716685083 0
v 445.6892991421679 362.8663574904492 0
v 445.31078019076074 363.28494781669826 0
v 444.9449499776342 363.71627416462644 0
v 444.59236723373255 364.16081484285365 0
v 444.25359068999995 364.61904816 0
v 444.25359068999995 364.61904816 0
v 443.91518350927976 365.2080398600244 0
v 443.62399276267575 365.8116429495703 0
v 443.37400845727296 366.42804928284664 0
v 443.1592206001562 367.0554507140625 0
v 442.811194259121 368.33600628714845 0
v 442.53183379625 369.6388445025 0
v 442.2730592682226 370.94950019378905 0
v 441.9867907317187 372.25350819468747 0
v 441.8183212280004 372.8984989467627 0
v 441.624948243418 373.53640333886716 0
v 441.40066178505606 374.16541322520993 0
v 441.13945185999995 374.78372046 0
v 441.13945185999995 374.78372046 0
v 440.8361066308813 375.53800288241456 0
v 440.50009832908205 376.27813902322265 0
v 440.13255302043694 377.003597014021 0
v 439.7345967707812 377.7138449864062 0
v 439.30735564594966 378.40835107197506 0
v 438.8519557117773 379.0865834023242 0
v 438.36952303409913 379.74801010905026 0
v 437.86118367874997 380.39209932374996 0
v 437.3280637115649 381.01831917802 0
v 436.7712891983789 381.626137803457 0
v 436.19198620502675 382.2150233316577 0
v 435.5912807973437 382.7844438942187 0
v 434.9702990411645 383.33386762273676 0
v 434.3301670023242 383.8627626488086 0
v 433.6720107466577 384.3705971040308 0
v 432.99695633999994 384.85683912 0
v 432.99695633999994 384.85683912 0
v 433.37340156185473 385.2622395972574 0
v 433.76299178421385 385.65035248669193 0
v 434.1652078503936 386.02162663073454 0
v 434.57953060371085 386.37651087181644 0
v 435.0054408874822 386.71545405236844 0
v 435.4424195450243 387.03890501482175 0
v 435.8899474196538 387.3473126016073 0
v 436.3475053546874 387.64112565515626 0
v 437.29063477923336 388.18676353226806 0
v 438.2676545651953 388.6794093856054 0
v 439.2744114591064 389.1226539546167 0
v 440.3067522075 389.52008797875 0
v 441.36052355690913 389.8753021974536 0
v 442.4315722538671 390.1918873501757 0
v 443.51574504490713 390.4734341763648 0
v 444.6088886765624 390.72353341546875 0
v 446.8054754478515 391.14375209021483 0
v 448.98810653999993 391.48126929 0
v 448.98810653999993 391.48126929 0
v 450.1530823280981 391.58486408995606 0
v 451.32279768384757 391.6644771636797 0
v 452.4960371538061 391.7190181883292 0
v 453.6715852845311 391.7473968410625 0
v 454.84822662258046 391.7485227990381 0
v 456.02474571451165 391.7213057394141 0
v 457.1999271068822 391.66465533934866 0
v 458.3725553462499 391.577481276 0
v 459.54141497917226 391.4586932265264 0
v 460.70529055220686 391.307200868086 0
v 461.8629666119115 391.1219138778369 0
v 463.01322770484364 390.9017419329375 0
v 464.1548583775609 390.6455947105459 0
v 465.28664317662106 390.35238188782034 0
v 466.40736664858144 390.02101314191896 0
v 467.5158133399999 389.65039815 0
v 467.5158133399999 389.65039815 0
v 468.25902312399404 389.3637282933032 0
v 468.9939401050781 389.0554970143945 0
v 469.71965670315427 388.7260426944214 0
v 470.43526533812485 388.37570371453126 0
v 471.13985842989246 388.0048184558716 0
v 471.8325283983593 387.6137252995898 0
v 472.51236766342765 387.2027626268335 0
v 473.17846864499984 386.77226881875 0
v 473.8299237629784 386.32258225648684 0
v 474.46582543726555 385.8540413211914 0
v 475.0852660877636 385.3669843940112 0
v 475.68733813437495 384.86174985609375 0
v 476.27113399700187 384.3386760885864 0
v 476.8357460955468 383.79810147263674 0
v 477.38026684991206 383.2403643893921 0
v 477.90378867999993 382.66580322 0
v 477.90378867999993 382.66580322 0
v 478.03490431206046 380.89462147066405 0
v 478.1961061309218 379.1162437678125 0
v 478.4103632011034 377.34060265417963 0
v 478.70064458712494 375.57763067250005 0
v 478.8814722312379 374.70399952574707 0
v 479.08991935350576 373.83726036550775 0
v 479.3288570869933 372.978654759624 0
v 479.6011565647656 372.1294242759375 0
v 479.90968891988734 371.29081048229 0
v 480.25732528542375 370.46405494652345 0
v 480.6469367944396 369.6503992364794 0
v 481.0813945799999 368.85108491999995 0
v 481.0813945799999 368.85108491999995 0
v 481.3731053008568 368.3299776575097 0
v 481.6816658971679 367.81941677976556 0
v 482.0060113482933 367.3188652488574 0
v 482.34507663359364 366.827786026875 0
v 483.06310662416007 365.8718963580468 0
v 483.8272357037499 364.9474514699999 0
v 484.62894370724604 364.050155059453 0
v 485.45971046953116 363.1757108231249 0
v 486.3110158254882 362.3198224577343 0
v 487.1743396099999 361.47819365999993 0
v 487.1743396099999 361.47819365999993 0
v 486.9344232924433 359.12706118576165 0
v 486.69447969142175 356.77594407234363 0
v 486.4545074365331 354.4248387749414 0
v 486.2145051573749 352.07374174874997 0
v 485.9744714835448 349.72264944896483 0
v 485.73440504464054 347.3715583307812 0
v 485.49430447025964 345.0204648493945 0
v 485.2541683899999 342.66936545999994 0
v 485.2541683899999 342.66936545999994 0
v 486.1143074425195 340.6075577780859 0
v 487.0517160082812 338.55771026718753 0
v 487.55610471169183 337.5458891437646 0
v 488.08786081708973 336.5473991445703 0
v 488.6496676657006 335.56568729676263 0
v 489.2442085987499 334.60420062749995 0
v 489.8741669574632 333.6663861639404 0
v 490.5422260830663 332.75569093324214 0
v 491.25106931678454 331.87556196256344 0
v 492.0033799998436 331.0294462790625 0
v 492.80184147346915 330.22079090989746 0
v 493.6491370788866 329.45304288222655 0
v 494.09193622515033 329.0855863174383 0
v 494.5479501573217 328.729649223208 0
v 495.01751429305375 328.3856624779303 0
v 495.5009640499999 328.05405695999997 0
v 495.5009640499999 328.05405695999997 0
v 495.8899510734159 327.77465167340625 0
v 496.30033867357804 327.50542328474995 0
v 496.7228942007323 327.24279295921866 0
v 497.1483850051249 326.983181862 0
v 497.5675784370018 326.7230111582812 0
v 497.97124184660925 326.45870201325 0
v 498.35014258419324 326.1866755920937 0
v 498.6950479999999 325.90335306 0
v 498.6950479999999 325.90335306 0
v 497.448773585996 324.4782614236524 0
v 496.1504400785936 323.05410679734376 0
v 494.85775013720695 321.6100185526758 0
v 493.6284064212499 320.12512606125 0
v 493.0555214788744 319.3608561516284 0
v 492.5201115901366 318.57855869466795 0
v 492.02938958746324 317.77562486181887 0
v 491.5905683032811 316.9494458245312 0
v 491.39287444075774 316.5268240953012 0
v 491.21086057001696 316.09741275425534 0
v 491.0454282951125 315.660885697825 0
v 490.8974792200976 315.21691682244136 0
v 490.76791494902545 314.7651800245358 0
v 490.6576370859496 314.3053492005396 0
v 490.5675472349233 313.8370982468838 0
v 490.4985469999999 313.36010106 0
v 490.4985469999999 313.36010106 0
v 490.403356608131 312.6838434074121 0
v 490.3458198738144 312.00883175367187 0
v 490.321702238235 311.3349036285645 0
v 490.32676914257803 310.661896561875 0
v 490.4075183357714 309.3179957228906 0
v 490.5541909828749 307.97582947499995 0
v 490.73291061336903 306.63409805648433 0
v 490.9098007567343 305.29150170562497 0
v 491.0509849424511 303.9467406607031 0
v 491.1225866999999 302.59851516 0
v 491.1225866999999 302.59851516 0
v 491.20333161587683 301.15825687986325 0
v 491.3354191538905 299.7127652864062 0
v 491.42659321313596 298.99176242583246 0
v 491.53765509624014 298.27389775130854 0
v 491.6709555259782 297.5606534342944 0
v 491.82884522512495 296.85351164625 0
v 492.0136749164553 296.15395455863523 0
v 492.22779532274404 295.46346434291013 0
v 492.4735571667662 294.78352317053464 0
v 492.7533111712968 294.1156132129687 0
v 493.0694080591105 293.4612166416723 0
v 493.4241985529824 292.8218156281054 0
v 493.82003337568716 292.198892343728 0
v 494.2592632499999 291.59392895999997 0
v 494.2592632499999 291.59392895999997 0
v 494.656597186455 291.0274522346484 0
v 495.0974071372655 290.48900546156244 0
v 495.5678314827245 289.9704615851953 0
v 496.0540086031249 289.46369354999996 0
v 496.5420768787597 288.9605743004297 0
v 497.0181746899217 288.4529767809375 0
v 497.4684404169042 287.9327739359765 0
v 497.8790124399999 287.39183870999994 0
v 497.8790124399999 287.39183870999994 0
v 497.62938823376743 286.49810699443356 0
v 497.42753164370293 285.5643532523437 0
v 497.23110957100573 284.61773659564454 0
v 496.99778891687487 283.68541613624996 0
v 496.8540625283966 283.2331042030151 0
v 496.6852365825096 282.79455098607417 0
v 496.4860194418639 282.37315137441647 0
v 496.25111946910926 281.9723002570312 0
v 496.1186347840192 281.7806412864999 0
v 495.97524502689566 281.5953925229077 0
v 495.8202887430698 281.41697832737816 0
v 495.65310447787294 281.24582306103514 0
v 495.4730307766363 281.0823510850021 0
v 495.279406184691 280.92698676040277 0
v 495.07156924736853 280.7801544483608 0
v 494.8488585099999 280.6422785099999 0
v 494.8488585099999 280.6422785099999 0
v 494.1932503721459 280.28940652099357 0
v 493.5217843432616 279.97397667919915 0
v 492.83593189286364 279.69333230120355 0
v 492.13716449046865 279.4448167035937 0
v 491.4269536055932 279.2257732029565 0
v 490.7067707077538 279.03354511587884 0
v 489.9780872664672 278.8654757589477 0
v 489.24237475124994 278.71890844874997 0
v 487.75574837708973 278.47965323490234 0
v 486.25866334140613 278.2945260070312 0
v 484.7628914003319 278.142273297832 0
v 483.2802043099999 278.00164163999995 0
v 483.2802043099999 278.00164163999995 0
v 482.8038931521092 277.97206006764253 0
v 482.32724811437487 277.9481826768281 0
v 481.850333979453 277.9297574319433 0
v 481.3732155299998 277.91653229737494 0
v 480.89595754867173 277.9082552375097 0
v 480.41862481812484 277.9046742167343 0
v 479.94128212101543 277.9055371994355 0
v 479.46399423999986 277.91059214999996 0
v 479.46399423999986 277.91059214999996 0
v 479.4639410849999 277.91052913125 0
v 479.4638879299999 277.9104661125 0
v 479.4638347749999 277.91040309374995 0
v 479.46378161999996 277.91034007499997 0
v 479.463728465 277.91027705625 0
v 479.46367531 277.91021403749994 0
v 479.463622155 277.91015101874996 0
v 479.463569 277.910088 0
v 479.463569 277.910088 0
v 478.0082867122192 277.94596585444333 0
v 476.5573814583789 278.02565572242185 0
v 475.11115394835684 278.1470573071582 0
v 473.66990489203124 278.3080703118749 0
v 472.23393499927977 278.50659443979487 0
v 470.8035449799805 278.7405293941406 0
v 469.37903554401123 279.00777487813474 0
v 467.96070740125 279.30623059499993 0
v 465.14379783486316 279.9883715402343 0
v 462.3552219598437 280.77014985562494 0
v 459.59738545521486 281.63476316695306 0
v 456.87269399999997 282.56540909999995 0
v 456.87269399999997 282.56540909999995 0
v 456.9736888114551 282.83059916345945 0
v 457.09378939864064 283.0884542875195 0
v 457.2307093075371 283.3398800220775 0
v 457.382162084125 283.58578191703117 0
v 457.7195204242969 284.06463638771487 0
v 458.08757278699994 284.53226209875 0
v 458.4680275400781 284.99590344931636 0
v 458.84259305137493 285.4628048385937 0
v 459.19297768873435 285.9402106657617 0
v 459.50088981999994 286.43536532999997 0
v 459.50088981999994 286.43536532999997 0
v 460.05580037836177 287.2714652417065 0
v 460.5857283462695 288.12094221240227 0
v 461.09101616858146 288.98310751607664 0
v 461.5720062901562 289.8572724267187 0
v 462.02904115585204 290.74274821831784 0
v 462.4624632105273 291.63884616486325 0
v 462.87261489904046 292.54487754034426 0
v 463.25983866624995 293.46015361875 0
v 463.6244769570141 294.38398567406983 0
v 463.9668722161914 295.315684980293 0
v 464.28736688864007 296.25456281140873 0
v 464.58630341921867 297.19993044140625 0
v 465.1208718341992 299.1073801940039 0
v 465.57331701999993 301.03252442999997 0
v 465.57331701999993 301.03252442999997 0
v 466.21311206444574 301.3567400948291 0
v 466.8313087893163 301.716691821914 0
v 467.4261224012865 302.1106754464013 0
v 467.9957681070312 302.53698680343746 0
v 468.538461113225 302.99392172816886 0
v 469.0524166265429 303.4797760557421 0
v 469.53584985365956 303.9928456213037 0
v 469.98697600124996 304.53142625999993 0
v 470.4040102759887 305.09381380697744 0
v 470.78516788455073 305.67830409738275 0
v 471.12866403361073 306.2831929663622 0
v 471.43271392984366 306.90677624906243 0
v 471.69553277992424 307.5473497806298 0
v 471.91533579052725 308.20320939621087 0
v 472.0903381683276 308.8726509309521 0
v 472.2187551199999 309.55397021999994 0
v 472.2187551199999 309.55397021999994 0
v 472.3217890278515 310.09788135874504 0
v 472.4049765197968 310.64318353792964 0
v 472.4696747924842 311.1897057207275 0
v 472.5172410425624 311.7372768703124 0
v 472.5664062614842 312.834881922539 0
v 472.56332974974987 313.93463039999995 0
v 472.5188690805468 315.0351540080859 0
v 472.4438818270624 316.13508445218747 0
v 472.34922556248426 317.2330534376953 0
v 472.2457578599999 318.32769267 0
v 472.2457578599999 318.32769267 0
v 473.58243979298817 321.19289114455074 0
v 474.9023567220312 324.09374917265615 0
v 475.53784828784416 325.5583373920825 0
v 476.147332575996 327.032784747246 0
v 476.72353757759515 328.51740598726315 0
v 477.25919128374994 330.01251586124994 0
v 477.7470216855688 331.51842911832273 0
v 478.1797567741602 333.0354605075976 0
v 478.5501245406323 334.5639247781909 0
v 478.8508529760937 336.1041366792187 0
v 478.97282994191676 336.8787463502444 0
v 479.0746700716528 337.6564109597973 0
v 479.1554643641903 338.43716985151696 0
v 479.2143038184179 339.2210623690429 0
v 479.25027943322414 340.00812785601465 0
v 479.26248220749756 340.79840565607174 0
v 479.2500031401266 341.59193511285366 0
v 479.21193322999994 342.38875556999994 0
v 479.21193322999994 342.38875556999994 0
v 479.11240631930536 343.33712720041984 0
v 478.96944122047455 344.28171357023433 0
v 478.7835966371995 345.22061052852536 0
v 478.55543127317185 346.1519139243749 0
v 478.28550383208375 347.0737196068652 0
v 477.97437301762693 347.98412342507805 0
v 477.6225975334933 348.8812212280957 0
v 477.23073608337495 349.763108865 0
v 476.7993473709636 350.627882184873 0
v 476.3289900999511 351.47363703679684 0
v 475.82022297402955 352.2984692698535 0
v 475.2736046968905 353.100474733125 0
v 474.6896939722262 353.8777492756933 0
v 474.0690495037284 354.6283887466406 0
v 473.4122299950891 355.3504889950488 0
v 472.7197941499999 356.04214586999996 0
v 472.7197941499999 356.04214586999996 0
v 472.44427816857325 356.2573498363641 0
v 472.1617101239379 356.45341691614743 0
v 471.8725159893111 356.63087561757385 0
v 471.5771217379101 356.7902544488671 0
v 471.27595334295194 356.93208191825124 0
v 470.96943677765375 357.0568865339501 0
v 470.6579980152328 357.16519680418753 0
v 470.3420630289061 357.25754123718747 0
v 470.02205779189114 357.33444834117364 0
v 469.6984082774047 357.39644662437007 0
v 469.37154045866424 357.4440645950005 0
v 469.0418803088866 357.477830761289 0
v 468.3758869090893 357.5059217137353 0
v 467.70383586374993 357.4849475474999 0
v 467.0291349586058 357.41913632837395 0
v 466.3551919793944 357.31271612214834 0
v 465.6854147118529 357.1699149946142 0
v 465.0232109417186 356.9949610115624 0
v 464.37198845472886 356.79208223878413 0
v 463.735155036621 356.5655067420702 0
v 463.11611847313225 356.3194625872119 0
v 462.5182865499999 356.0581778399999 0
v 462.5182865499999 356.0581778399999 0
v 462.0890632471874 355.86773507903314 0
v 461.6618332568749 355.67307577289057 0
v 461.2371447399999 355.4734525585839 0
v 460.8155458574999 355.2681180731249 0
v 460.3975847703124 355.0563249535253 0
v 459.98380963937495 354.8373258367968 0
v 459.57476862562487 354.6103733599511 0
v 459.17100988999994 354.3747201599999 0
v 459.17100988999994 354.3747201599999 0
v 457.12767500517566 355.39739375220694 0
v 455.0638675551562 356.43252024328115 0
v 453.015346320371 357.51071138490227 0
v 451.0178700812499 358.66257892874995 0
v 450.04944845394766 359.27570752390864 0
v 449.1071976182226 359.91873462650386 0
v 448.1955874216284 360.59548670549555 0
v 447.3190877117186 361.3097902298437 0
v 446.48216833604727 362.0654716685083 0
v 445.6892991421679 362.8663574904492 0
v 445.31078019076074 363.28494781669826 0
v 444.9449499776342 363.71627416462644 0
v 444.59236723373255 364.16081484285365 0
v 444.25359068999995 364.61904816 0
v 444.25359068999995 364.61904816 0
v 443.91518350927976 365.2080398600244 0
v 443.62399276267575 365.8116429495703 0
v 443.37400845727296 366.42804928284664 0
v 443.1592206001562 367.0554507140625 0
v 442.811194259121 368.33600628714845 0
v 442.53183379625 369.6388445025 0
v 442.2730592682226 370.94950019378905 0
v 441.9867907317187 372.25350819468747 0
v 441.8183212280004 372.8984989467627 0
v 441.624948243418 373.53640333886716 0
v 441.40066178505606 374.16541322520993 0
v 441.13945185999995 374.78372046 0
v 441.13945185999995 374.78372046 0
v 440.8361066308813 375.53800288241456 0
v 440.50009832908205 376.27813902322265 0
v 440.13255302043694 377.003597014021 0
v 439.7345967707812 377.7138449864062 0
v 439.30735564594966 378.40835107197506 0
v 438.8519557117773 379.0865834023242 0
v 438.36952303409913 379.74801010905026 0
v 437.86118367874997 380.39209932374996 0
v 437.3280637115649 381.01831917802 0
v 436.7712891983789 381.626137803457 0
v 436.19198620502675 382.2150233316577 0
v 435.5912807973437 382.7844438942187 0
v 434.9702990411645 383.33386762273676 0
v 434.3301670023242 383.8627626488086 0
v 433.6720107466577 384.3705971040308 0
v 432.99695633999994 384.85683912 0
v 432.99695633999994 384.85683912 0
v 433.37340156185473 385.2622395972574 0
v 433.76299178421385 385.65035248669193 0
v 434.1652078503936 386.02162663073454 0
v 434.57953060371085 386.37651087181644 0
v 435.0054408874822 386.71545405236844 0
v 435.4424195450243 387.03890501482175 0
v 435.8899474196538 387.3473126016073 0
v 436.3475053546874 387.64112565515626 0
v 437.29063477923336 388.18676353226806 0
v 438.2676545651953 388.6794093856054 0
v 439.2744114591064 389.1226539546167 0
v 440.3067522075 389.52008797875 0
v 441.36052355690913 389.8753021974536 0
v 442.4315722538671 390.1918873501757 0
v 443.51574504490713 390.4734341763648 0
v 444.6088886765624 390.72353341546875 0
v 446.8054754478515 391.14375209021483 0
v 448.98810653999993 391.48126929 0
v 448.98810653999993 391.48126929 0
v 450.1530823280981 391.58486408995606 0
v 451.32279768384757 391.6644771636797 0
v 452.4960371538061 391.7190181883292 0
v 453.6715852845311 391.7473968410625 0
v 454.84822662258046 391.7485227990381 0
v 456.02474571451165 391.7213057394141 0
v 457.1999271068822 391.66465533934866 0
v 458.3725553462499 391.577481276 0
v 459.54141497917226 391.4586932265264 0
v 460.70529055220686 391.307200868086 0
v 461.8629666119115 391.1219138778369 0
v 463.01322770484364 390.9017419329375 0
v 464.1548583775609 390.6455947105459 0
v 465.28664317662106 390.35238188782034 0
v 466.40736664858144 390.02101314191896 0
v 467.5158133399999 389.65039815 0
v 467.5158133399999 389.65039815 0
v 468.25902312399404 389.3637282933032 0
v 468.9939401050781 389.0554970143945 0
v 469.71965670315427 388.7260426944214 0
v 470.43526533812485 388.37570371453126 0
v 471.13985842989246 388.0048184558716 0
v 471.8325283983593 387.6137252995898 0
v 472.51236766342765 387.2027626268335 0
v 473.17846864499984 386.77226881875 0
v 473.8299237629784 386.32258225648684 0
v 474.46582543726555 385.8540413211914 0
v 475.0852660877636 385.3669843940112 0
v 475.68733813437495 384.86174985609375 0
v 476.27113399700187 384.3386760885864 0
v 476.8357460955468 383.79810147263674 0
v 477.38026684991206 383.2403643893921 0
v 477.90378867999993 382.66580322 0
v 477.90378867999993 382.66580322 0
v 478.03490431206046 380.89462147066405 0
v 478.1961061309218 379.1162437678125 0
v 478.4103632011034 377.34060265417963 0
v 478.70064458712494 375.57763067250005 0
v 478.8814722312379 374.70399952574707 0
v 479.08991935350576 373.83726036550775 0
v 479.3288570869933 372.978654759624 0
v 479.6011565647656 372.1294242759375 0
v 479.90968891988734 371.29081048229 0
v 480.25732528542375 370.46405494652345 0
v 480.6469367944396 369.6503992364794 0
v 481.0813945799999 368.85108491999995 0
v 481.0813945799999 368.85108491999995 0
v 481.3731053008568 368.3299776575097 0
v 481.6816658971679 367.81941677976556 0
v 482.0060113482933 367.3188652488574 0
v 482.34507663359364 366.827786026875 0
v 483.06310662416007 365.8718963580468 0
v 483.8272357037499 364.9474514699999 0
v 484.62894370724604 364.050155059453 0
v 485.45971046953116 363.1757108231249 0
v 486.3110158254882 362.3198224577343 0
v 487.1743396099999 361.47819365999993 0
v 487.1743396099999 361.47819365999993 0
v 486.9344232924433 359.12706118576165 0
v 486.69447969142175 356.77594407234363 0
v 486.4545074365331 354.4248387749414 0
v 486.2145051573749 352.07374174874997 0
v 485.9744714835448 349.72264944896483 0
v 485.73440504464054 347.3715583307812 0
v 485.49430447025964 345.0204648493945 0
v 485.2541683899999 342.66936545999994 0
v 485.2541683899999 342.66936545999994 0
v 486.1143074425195 340.6075577780859 0
v 487.0517160082812 338.55771026718753 0
v 487.55610471169183 337.5458891437646 0
v 488.08786081708973 336.5473991445703 0
v 488.6496676657006 335.56568729676263 0
v 489.2442085987499 334.60420062749995 0
v 489.8741669574632 333.6663861639404 0
v 490.5422260830663 332.75569093324214 0
v 491.25106931678454 331.87556196256344 0
v 492.0033799998436 331.0294462790625 0
v 492.80184147346915 330.22079090989746 0
v 493.6491370788866 329.45304288222655 0
v 494.09193622515033 329.0855863174383 0
v 494.5479501573217 328.729649223208 0
v 495.01751429305375 328.3856624779303 0
v 495.5009640499999 328.05405695999997 0
v 495.5009640499999 328.05405695999997 0
v 495.8899510734159 327.77465167340625 0
v 496.30033867357804 327.50542328474995 0
v 496.7228942007323 327.24279295921866 0
v 497.1483850051249 326.983181862 0
v 497.5675784370018 326.7230111582812 0
v 497.97124184660925 326.45870201325 0
v 498.35014258419324 326.1866755920937 0
v 498.6950479999999 325.90335306 0
v 498.6950479999999 325.90335306 0
v 497.448773585996 324.4782614236524 0
v 496.1504400785936 323.05410679734376 0
v 494.85775013720695 321.6100185526758 0
v 493.6284064212499 320.12512606125 0
v 493.0555214788744 319.3608561516284 0
v 492.5201115901366 318.57855869466795 0
v 492.02938958746324 317.77562486181887 0
v 491.5905683032811 316.9494458245312 0
v 491.39287444075774 316.5268240953012 0
v 491.21086057001696 316.09741275425534 0
v 491.0454282951125 315.660885697825 0
v 490.8974792200976 315.21691682244136 0
v 490.76791494902545 314.7651800245358 0
v 490.6576370859496 314.3053492005396 0
v 490.5675472349233 313.8370982468838 0
v 490.4985469999999 313.36010106 0
v 490.4985469999999 313.36010106 0
v 490.403356608131 312.6838434074121 0
v 490.3458198738144 312.00883175367187 0
v 490.321702238235 311.3349036285645 0
v 490.32676914257803 310.661896561875 0
v 490.4075183357714 309.3179957228906 0
v 490.5541909828749 307.97582947499995 0
v 490.73291061336903 306.63409805648433 0
v 490.9098007567343 305.29150170562497 0
v 491.0509849424511 303.9467406607031 0
v 491.1225866999999 302.59851516 0
v 491.1225866999999 302.59851516 0
v 491.20333161587683 301.15825687986325 0
v 491.3354191538905 299.7127652864062 0
v 491.42659321313596 298.99176242583246 0
v 491.53765509624014 298.27389775130854 0
v 491.6709555259782 297.5606534342944 0
v 491.82884522512495 296.85351164625 0
v 492.0136749164553 296.15395455863523 0
v 492.22779532274404 295.46346434291013 0
v 492.4735571667662 294.78352317053464 0
v 492.7533111712968 294.1156132129687 0
v 493.0694080591105 293.4612166416723 0
v 493.4241985529824 292.8218156281054 0
v 493.82003337568716 292.198892343728 0
v 494.2592632499999 291.59392895999997 0
v 494.2592632499999 291.59392895999997 0
v 494.656597186455 291.0274522346484 0
v 495.0974071372655 290.48900546156244 0
v 495.5678314827245 289.9704615851953 0
v 496.0540086031249 289.46369354999996 0
v 496.5420768787597 288.9605743004297 0
v 497.0181746899217 288.4529767809375 0
v 497.4684404169042 287.9327739359765 0
v 497.8790124399999 287.39183870999994 0
v 497.8790124399999 287.39183870999994 0
v 497.62938823376743 286.49810699443356 0
v 497.42753164370293 285.5643532523437 0
v 497.23110957100573 284.61773659564454 0
v 496.99778891687487 283.68541613624996 0
v 496.8540625283966 283.2331042030151 0
v 496.6852365825096 282.79455098607417 0
v 496.4860194418639 282.37315137441647 0
v 496.25111946910926 281.9723002570312 0
v 496.1186347840192 281.7806412864999 0
v 495.97524502689566 281.5953925229077 0
v 495.8202887430698 281.41697832737816 0
v 495.65310447787294 281.24582306103514 0
v 495.4730307766363 281.0823510850021 0
v 495.279406184691 280.92698676040277 0
v 495.07156924736853 280.7801544483608 0
v 494.8488585099999 280.6422785099999 0
v 494.8488585099999 280.6422785099999 0
v 494.1932503721459 280.28940652099357 0
v 493.5217843432616 279.97397667919915 0
v 492.83593189286364 279.69333230120355 0
v 492.13716449046865 279.4448167035937 0
v 491.4269536055932 279.2257732029565 0
v 490.7067707077538 279.03354511587884 0
v 489.9780872664672 278.8654757589477 0
v 489.24237475124994 278.71890844874997 0
v 487.75574837708973 278.47965323490234 0
v 486.25866334140613 278.2945260070312 0
v 484.7628914003319 278.142273297832 0
v 483.2802043099999 278.00164163999995 0
v 483.2802043099999 278.00164163999995 0
v 482.8038931521092 277.97206006764253 0
v 482.32724811437487 277.9481826768281 0
v 481.850333979453 277.9297574319433 0
v 481.3732155299998 277.91653229737494 0
v 480.89595754867173 277.9082552375097 0
v 480.41862481812484 277.9046742167343 0
v 479.94128212101543 277.9055371994355 0
v 479.46399423999986 277.91059214999996 0
v 479.46399423999986 277.91059214999996 0
v 479.4639410849999 277.91052913125 0
v 479.4638879299999 277.9104661125 0
v 479.4638347749999 277.91040309374995 0
v 479.46378161999996 277.91034007499997 0
v 479.463728465 277.91027705625 0
v 479.46367531 277.91021403749994 0
v 479.463622155 277.91015101874996 0
v 479.463569 277.910088 0
v 311.387459 252.632007 0
v 311.2158937787997 252.63264007996216 0
v 311.0529260609057 252.6458143096582 0
v 310.89820898269073 252.67094501786497 0
v 310.75139568052737 252.70744753335936 0
v 310.6121392907882 252.7547371849182 0
v 310.48009294984615 252.8122293013183 0
v 310.35490979407376 252.87933921133666 0
v 310.23624295984376 252.95548224374997 0
v 310.1237455835287 253.0400737273352 0
v 310.0170708015014 253.13252899086913 0
v 309.9158717501346 253.23226336312862 0
v 309.8198015658008 253.3386921728906 0
v 309.64166034372306 253.56929442002928 0
v 309.47987222625 253.81965836249998 0
v 309.19425566904295 254.36096185429685 0
v 308.9407526220312 254.92518368999998 0
v 308.69716381306637 255.47490491132808 0
v 308.44128996999996 255.97270655999995 0
v 308.44128996999996 255.97270655999995 0
v 308.0537682181445 256.8635258246484 0
v 307.7199799421875 257.76613983609366 0
v 307.4365128402929 258.6793953512109 0
v 307.1999546106249 259.60213912687493 0
v 307.0068929513476 260.5332179199609 0
v 306.85391556062496 261.4714784873437 0
v 306.7376101366211 262.4157675858984 0
v 306.6545643775 263.36493197249996 0
v 306.6013659814258 264.3178184040234 0
v 306.5746026465624 265.2732736373437 0
v 306.5708620710742 266.23014442933584 0
v 306.58673195312497 267.18727753687494 0
v 306.6636538825 269.0977177260937 0
v 306.77807002 270.99536825999996 0
v 306.77807002 270.99536825999996 0
v 306.8186292572244 271.1111813770651 0
v 306.84985817043577 271.22404530894283 0
v 306.87214208991026 271.33408185290676 0
v 306.8858663459238 271.44141280623046 0
v 306.89141626875255 271.5461599661874 0
v 306.8891771886726 271.64844513005124 0
v 306.8795344359599 271.7483900950955 0
v 306.86287334089064 271.8461166585937 0
v 306.81003744478636 272.03540177004635 0
v 306.7337521425684 272.2172748425976 0
v 306.63710007644505 272.39271025443594 0
v 306.52316388862494 272.56268238375 0
v 306.2557697167285 272.8901343075585 0
v 305.95623076454683 273.2074256395312 0
v 305.649208169748 273.52235140517575 0
v 305.35936307 273.84270662999995 0
v 305.35936307 273.84270662999995 0
v 303.85177696299314 275.5638379280346 0
v 302.40291975988276 277.32765473021476 0
v 301.0122741337841 279.13199367177975 0
v 299.67932275781243 280.97469138796873 0
v 298.403548305083 282.8535845140209 0
v 297.1844334487109 284.7665096851757 0
v 296.0214608618114 286.7113035366723 0
v 294.91411321749996 288.6858027037499 0
v 293.86187318889154 290.6878438216479 0
v 292.86422344910153 292.7152635256054 0
v 291.9206466712451 294.76589845086176 0
v 291.0306255284375 296.8375852326562 0
v 290.19364269379395 298.928160506228 0
v 289.4091808404297 301.03546090681635 0
v 288.67672264145995 303.1573230696606 0
v 287.99575077000003 305.29158362999993 0
v 287.99575077000003 305.29158362999993 0
v 287.96717813029693 307.37629665820305 0
v 287.94123566643754 309.486848949375 0
v 287.9133216919336 310.54582262165036 0
v 287.8669503911719 311.60406547335936 0
v 287.7957501407461 312.65918062573235 0
v 287.69334931725 313.70877119999994 0
v 287.5533762972774 314.75044031739253 0
v 287.36945945742195 315.78179109914055 0
v 287.13522717427736 316.80042666647455 0
v 286.8443078244375 317.8039501406249 0
v 286.6755993671924 318.29929581814076 0
v 286.4903297844961 318.78996464282216 0
v 286.2877026234229 319.27565700482296 0
v 286.0669214310469 319.7560732942968 0
v 285.82718975444243 320.2309139013976 0
v 285.5677111406836 320.6998792162792 0
v 285.28768913684473 321.1626696290954 0
v 284.98632729 321.6189855299999 0
v 284.98632729 321.6189855299999 0
v 284.8680612692566 321.82112609720207 0
v 284.73625487914654 322.01720770699205 0
v 284.59296492228736 322.2079490685204 0
v 284.44024820129687 322.39406889093743 0
v 284.1147616773926 322.75531875503896 0
v 283.77624972837503 323.1067069724999 0
v 283.4411667751856 323.45398321652334 0
v 283.12596723876567 323.80289716031234 0
v 282.98096575838844 323.979765042495 0
v 282.8471055400567 324.15919847707016 0
v 282.726443386388 324.34191617318834 0
v 282.6210361 324.5286368399999 0
v 282.6210361 324.5286368399999 0
v 282.92624158281836 325.7443813704491 0
v 283.20108555254694 326.9660209110936 0
v 283.43999134372075 328.1933250496288 0
v 283.63738229087505 329.4260633737499 0
v 283.78768172854495 330.6640054711522 0
v 283.88531299126566 331.90692092953117 0
v 283.9246994135723 333.15457933658195 0
v 283.90026433 334.4067502799999 0
v 283.90026433 334.4067502799999 0
v 283.92097131705077 335.69992594857416 0
v 283.8851686422188 336.9901298892187 0
v 283.79383078615234 338.27621476681634 0
v 283.6479322295 339.55703324624994 0
v 283.44844745291016 340.83143799240224 0
v 283.19635093703124 342.09828167015615 0
v 282.8926171625117 343.3564169443944 0
v 282.53822061 344.6046964799999 0
v 282.53822061 344.6046964799999 0
v 282.39481383931843 345.08087225994126 0
v 282.2351940876719 345.56060111578114 0
v 282.0832398684082 346.04257737779284 0
v 281.96282969487504 346.5254953762499 0
v 281.92191566067845 346.76689950485587 0
v 281.89784208041993 347.0080494414257 0
v 281.8935937682678 347.24878197724354 0
v 281.9121555383906 347.48893390359365 0
v 281.95651220495677 347.7283420117601 0
v 282.02964858213477 347.96684309302725 0
v 282.134549484093 348.2042739386791 0
v 282.27419972499996 348.4404713399999 0
v 282.27419972499996 348.4404713399999 0
v 282.5226639868713 348.98951288810844 0
v 282.79015153559567 349.52635997576647 0
v 283.07602163021363 350.0512290945354 0
v 283.37963352976556 350.56433673597644 0
v 283.7003464932922 351.0658993916509 0
v 284.037519779834 351.55613355312 0
v 284.39051264843135 352.03525571194507 0
v 284.758684358125 352.5034823596873 0
v 285.5380013369629 353.40811508816876 0
v 286.3703447886719 354.27176367105454 0
v 287.2505887855762 355.09616004083483 0
v 288.17360740000004 355.8830361299998 0
v 289.13427470426757 356.6341238710399 0
v 290.1274647707031 357.3511551964452 0
v 291.14805167163087 358.0358620387059 0
v 292.190909479375 358.68997633031233 0
v 293.2509122662598 359.3152300037547 0
v 294.3229341046094 359.9133549915233 0
v 295.401849066748 360.4860832261083 0
v 296.482531225 361.0351466399999 0
v 296.482531225 361.0351466399999 0
v 298.95864996708985 362.17525705136705 0
v 301.46881074921873 363.24490856156234 0
v 304.00838534892574 364.25131602972647 0
v 306.57274554375 365.2016943149998 0
v 309.15726311123046 366.1032582765233 0
v 311.7573098289063 366.96322277343734 0
v 314.3682574743164 367.7888026648826 0
v 316.985477825 368.5872128099998 0
v 316.985477825 368.5872128099998 0
v 317.0638247392212 368.43723283755594 0
v 317.121433821957 368.27858419294904 0
v 317.16063285731593 368.11227788401595 0
v 317.1837496294063 367.93932491859357 0
v 317.19104752021485 367.5775230496287 0
v 317.16194976725 367.2012666487499 0
v 317.1150786433789 366.81864377865213 0
v 317.06905642146876 366.4377425020311 0
v 317.04250537438674 366.06665088158184 0
v 317.054047775 365.7134569799998 0
v 317.054047775 365.7134569799998 0
v 316.85905482431053 362.08451083910137 0
v 316.6903209004219 358.44887919656236 0
v 316.51365483860354 354.811427887617 0
v 316.294865474125 351.1770227474999 0
v 315.99976164225586 347.5505296114452 0
v 315.59415217826563 343.93681431468735 0
v 315.3392230952468 342.1362689295555 0
v 315.0438459174238 340.3407426924608 0
v 314.7037467492053 338.5508438328075 0
v 314.314651695 336.7671805799999 0
v 314.314651695 336.7671805799999 0
v 313.97041225320515 335.54004147181627 0
v 313.5835098193907 334.3146404995311 0
v 313.36957810296997 333.70696337088117 0
v 313.1396023855371 333.1049666440428 0
v 312.89178991608964 332.51039894162824 0
v 312.624347943625 331.9250088862499 0
v 312.33548371714085 331.35054510051987 0
v 312.0234044856348 330.78875620705065 0
v 311.6863174981043 330.2413908284545 0
v 311.3224300035469 329.7101975873436 0
v 310.92994925096025 329.19692510633047 0
v 310.50708248934177 328.7033220080272 0
v 310.0520369676892 328.23113691504625 0
v 309.563019935 327.78211844999987 0
v 309.563019935 327.78211844999987 0
v 309.404073776984 327.5569256209707 0
v 309.2610373633755 327.3274290851878 0
v 309.1333754235842 327.09388966273394 0
v 309.0205526870196 326.85656817369124 0
v 308.92203388309116 326.61572543814225 0
v 308.8372837412085 326.3716222761693 0
v 308.76576699078123 326.12451950785476 0
v 308.7069483612188 325.8746779532811 0
v 308.6252643823267 325.3678217656859 0
v 308.5879496398086 324.8531402740428 0
v 308.5907219689409 324.33272003901106 0
v 308.629299205 323.80864762124986 0
v 308.69939918326224 323.28300958141836 0
v 308.7967397390039 322.75789248017566 0
v 308.91703870750143 322.23538287818104 0
v 309.0560139240313 321.7175673360936 0
v 309.372864442293 320.70436467427726 0
v 309.713033976 319.7349769799999 0
v 309.713033976 319.7349769799999 0
v 309.9142967042852 319.27440562722643 0
v 310.0944161177188 318.7947844940624 0
v 310.275000471293 318.314137730742 0
v 310.47765802 317.8504894874999 0
v 310.5940168222134 317.63067235785627 0
v 310.72399701883205 317.42186391457017 0
v 310.87029964172996 317.22631717642076 0
v 311.0356257227813 317.04628516218736 0
v 311.2226762938599 316.88402089064925 0
v 311.43415238683986 316.7417773805858 0
v 311.5498940765035 316.67886747947557 0
v 311.6727550335952 316.6218076507762 0
v 311.80307288709935 316.57087952183514 0
v 311.941185266 316.52636471999983 0
v 311.941185266 316.52636471999983 0
v 314.98831162902735 314.7648382308983 0
v 318.00543490146873 312.95241070968734 0
v 321.00941476961333 311.11747131550766 0
v 324.01711091975 309.28840920749985 0
v 327.045383038168 307.4936135448045 0
v 330.11109081115626 305.76147348656235 0
v 331.6632517200796 304.9277709213426 0
v 333.23109392500396 304.1203781919139 0
v 334.8167248867153 303.3428439431688 0
v 336.422252066 302.5987168199999 0
v 336.422252066 302.5987168199999 0
v 337.5923599330117 302.14490442509754 0
v 338.7941228483438 301.7446599370311 0
v 339.4049007132534 301.5680076232835 0
v 340.0212232571914 301.4088056445116 0
v 340.64230078580715 301.26840678680406 0
v 341.26734360474995 301.1481638362498 0
v 341.89556201966946 301.04942957893786 0
v 342.5261663362149 300.9735568009569 0
v 343.1583668600357 300.9218982883958 0
v 343.79137389678124 300.8958068273436 0
v 344.4243977521011 300.896635203889 0
v 345.0566487316445 300.925736204121 0
v 345.68733714106105 300.9844626141283 0
v 346.315673286 301.0741672199999 0
v 346.315673286 301.0741672199999 0
v 346.38372515643215 301.0756421024552 0
v 346.467118649957 301.0918161526581 0
v 346.56313996504247 301.1197819661139 0
v 346.66907530015624 301.156632138328 0
v 346.8998328243398 301.2453559410526 0
v 347.13768081025 301.3347283248749 0
v 347.2524792225219 301.3723892234611 0
v 347.36090884562884 301.4014900538378 0
v 347.46025587803854 301.4191234115104 0
v 347.5478065182187 301.4223818919843 0
v 347.5863101282439 301.41771198936715 0
v 347.62084696463717 301.4083580907648 0
v 347.65107780220694 301.39395677061543 0
v 347.6766634157617 301.3741446033573 0
v 347.6972645801099 301.3485581634285 0
v 347.71254207006007 301.3168340252672 0
v 347.7221566604206 301.2786087633116 0
v 347.725769126 301.2335189519999 0
v 347.725769126 301.2335189519999 0
v 347.5663739308694 300.5863604533915 0
v 347.4290663668144 299.93457923407016 0
v 347.31335855502806 299.27878470504186 0
v 347.2187626167031 298.6195862773124 0
v 347.1447906730325 297.9575933618876 0
v 347.09095484520896 297.29341536977336 0
v 347.0567672544255 296.62766171197546 0
v 347.04174002187494 295.9609417994999 0
v 347.06721511624414 294.62704085453896 0
v 347.16347709785936 293.2965878229374 0
v 347.3266229362636 291.9744579927421 0
v 347.55274960099996 290.6655266519999 0
v 347.55274960099996 290.6655266519999 0
v 347.7502062483053 289.97677497834883 0
v 347.97253161030176 289.29930723036904 0
v 348.21899902336025 288.6330934987712 0
v 348.48888182385156 287.97810387426557 0
v 348.7814533481466 287.3343084475627 0
v 349.0959869326162 286.701677309373 0
v 349.4317559136312 286.0801805504069 0
v 349.78803362756247 285.46978826137496 0
v 350.1640934107808 284.8704705329875 0
v 350.5592085996572 284.28219745595504 0
v 350.9726525305623 283.70493912098794 0
v 351.40369853986715 283.1386656187968 0
v 352.31569013915913 282.03895347558387 0
v 353.2893700885 280.9828217519999 0
v 354.3189250788564 279.97003117372844 0
v 355.3985418011952 279.00034246645305 0
v 356.5224069464834 278.07351635585735 0
v 357.68470720568746 277.18931356762494 0
v 358.87962926977434 276.3474948274394 0
v 360.1013598297109 275.5478208609843 0
v 361.34408557646384 274.79005239394326 0
v 362.60199320099997 274.0739501519999 0
v 362.60199320099997 274.0739501519999 0
v 364.4025839170766 273.1092057087626 0
v 366.2286689443008 272.1965329693827 0
v 368.0783893630385 271.3328488399833 0
v 369.94988625365613 270.51507022668744 0
v 371.84130069651997 269.74011403561803 0
v 373.750773771996 269.0048971728983 0
v 375.67644656045064 268.3063365446513 0
v 377.61646014224993 267.6413490569999 0
v 381.5320740073476 266.3997611279765 0
v 385.48274401021865 265.2554686348124 0
v 389.45359879379293 264.1838068264921 0
v 393.42976700099996 263.1601109519999 0
v 393.42976700099996 263.1601109519999 0
v 393.37871079295314 263.0396721756034 0
v 393.30793972762496 262.92759523898434 0
v 393.2196334922344 262.82309024149794 0
v 393.115971774 262.7253672824999 0
v 392.871300637875 262.54710787739054 0
v 392.59136381699994 262.38649781849995 0
v 392.29359880912494 262.2372179006718 0
v 391.9954431119999 262.0929489187499 0
v 391.714334223375 261.94737166757807 0
v 391.46770964099994 261.79416694199995 0
v 391.46770964099994 261.79416694199995 0
v 390.13913130196187 261.15712841767373 0
v 388.7916224118203 260.56454587973434 0
v 387.42667390603407 260.01372232261514 0
v 386.04577672006246 259.50196074074995 0
v 384.65042178936426 259.0265641285722 0
v 383.24210004939846 258.5848354805156 0
v 381.822302435624 258.17407779101364 0
v 380.3925198835 257.7915940544999 0
v 377.508963706039 257.1006604181718 0
v 374.6033590006875 256.49045852699993 0
v 371.6876332511172 255.93941233645302 0
v 368.773713941 255.4259458019999 0
v 368.773713941 255.4259458019999 0
v 368.2704448926406 255.3177257507343 0
v 367.76922397287495 255.24117545718738 0
v 367.2703651284219 255.19967524710927 0
v 366.774182306 255.19660544624992 0
v 366.52719251140036 255.2105383010741 0
v 366.2809894523281 255.2353463803593 0
v 366.035612372123 255.27145222482412 0
v 365.791100514125 255.3192783751874 0
v 365.54749312167377 255.37924737216784 0
v 365.3048294381093 255.45178175648425 0
v 365.06314870677147 255.53730406885535 0
v 364.82249017099997 255.63623684999988 0
v 364.82249017099997 255.63623684999988 0
v 361.5743531921914 256.5536386049999 0
v 358.29092835303123 257.4472570837499 0
v 356.6374137325845 257.8679493837889 0
v 354.97679404316796 258.26205801187484 0
v 353.3096415834878 258.6227036837108 0
v 351.6365286522501 258.9430071149999 0
v 349.95802754816066 259.21608902144516 0
v 348.27471056992584 259.4350701187499 0
v 346.5871500162515 259.59307112261706 0
v 344.89591818584375 259.6832127487499 0
v 343.2015873774087 259.69861571285145 0
v 341.50472988965237 259.63240073062485 0
v 340.65553248437436 259.5665367332958 0
v 339.8059180212808 259.4776885177733 0
v 338.9559580377099 259.3649961735204 0
v 338.105724071 259.2275997899999 0
v 338.105724071 259.2275997899999 0
v 335.8235513129727 258.6636434207811 0
v 333.5673152880313 258.01688986687486 0
v 331.32840862363673 257.3144687001561 0
v 329.09822394725 256.5835094924999 0
v 326.86815388633204 255.85114181578115 0
v 324.62959106834376 255.1444952418749 0
v 322.3739281207461 254.49069934265611 0
v 320.092557671 253.9168836899999 0
v 320.092557671 253.9168836899999 0
v 319.0220296750234 253.664279667287 0
v 317.9455640994375 253.43039422204677 0
v 316.8635820315078 253.21900292575182 0
v 315.7765045585 253.0338813498749 0
v 314.6847527676797 252.87880506588857 0
v 313.5887477463125 252.75754964526553 0
v 312.4889105816641 252.67389065947842 0
v 311.385662361 252.6316036799999 0
v 311.385662361 252.6316036799999 0
v 311.385886940875 252.6316540949999 0
v 311.38611152075 252.6317045099999 0
v 311.386336100625 252.63175492499994 0
v 311.3865606805 252.63180533999994 0
v 311.386785260375 252.63185575499995 0
v 311.38700984025 252.63190616999998 0
v 311.38723442012497 252.63195658499998 0
v 311.387459 252.632007 0
v 311.387459 252.632007 0
v 311.2158937787997 252.63264007996216 0
v 311.0529260609057 252.6458143096582 0
v 310.89820898269073 252.67094501786497 0
v 310.75139568052737 252.70744753335936 0
v 310.6121392907882 252.7547371849182 0
v 310.48009294984615 252.8122293013183 0
v 310.35490979407376 252.87933921133666 0
v 310.23624295984376 252.95548224374997 0
v 310.1237455835287 253.0400737273352 0
v 310.0170708015014 253.13252899086913 0
v 309.9158717501346 253.23226336312862 0
v 309.8198015658008 253.3386921728906 0
v 309.64166034372306 253.56929442002928 0
v 309.47987222625 253.81965836249998 0
v 309.19425566904295 254.36096185429685 0
v 308.9407526220312 254.92518368999998 0
v 308.69716381306637 255.47490491132808 0
v 308.44128996999996 255.97270655999995 0
v 308.44128996999996 255.97270655999995 0
v 308.0537682181445 256.8635258246484 0
v 307.7199799421875 257.76613983609366 0
v 307.4365128402929 258.6793953512109 0
v 307.1999546106249 259.60213912687493 0
v 307.0068929513476 260.5332179199609 0
v 306.85391556062496 261.4714784873437 0
v 306.7376101366211 262.4157675858984 0
v 306.6545643775 263.36493197249996 0
v 306.6013659814258 264.3178184040234 0
v 306.5746026465624 265.2732736373437 0
v 306.5708620710742 266.23014442933584 0
v 306.58673195312497 267.18727753687494 0
v 306.6636538825 269.0977177260937 0
v 306.77807002 270.99536825999996 0
v 306.77807002 270.99536825999996 0
v 306.8186292572244 271.1111813770651 0
v 306.84985817043577 271.22404530894283 0
v 306.87214208991026 271.33408185290676 0
v 306.8858663459238 271.44141280623046 0
v 306.89141626875255 271.5461599661874 0
v 306.8891771886726 271.64844513005124 0
v 306.8795344359599 271.7483900950955 0
v 306.86287334089064 271.8461166585937 0
v 306.81003744478636 272.03540177004635 0
v 306.7337521425684 272.2172748425976 0
v 306.63710007644505 272.39271025443594 0
v 306.52316388862494 272.56268238375 0
v 306.2557697167285 272.8901343075585 0
v 305.95623076454683 273.2074256395312 0
v 305.649208169748 273.52235140517575 0
v 305.35936307 273.84270662999995 0
v 305.35936307 273.84270662999995 0
v 303.85177696299314 275.5638379280346 0
v 302.40291975988276 277.32765473021476 0
v 301.0122741337841 279.13199367177975 0
v 299.67932275781243 280.97469138796873 0
v 298.403548305083 282.8535845140209 0
v 297.1844334487109 284.7665096851757 0
v 296.0214608618114 286.7113035366723 0
v 294.91411321749996 288.6858027037499 0
v 293.86187318889154 290.6878438216479 0
v 292.86422344910153 292.7152635256054 0
v 291.9206466712451 294.76589845086176 0
v 291.0306255284375 296.8375852326562 0
v 290.19364269379395 298.928160506228 0
v 289.4091808404297 301.03546090681635 0
v 288.67672264145995 303.1573230696606 0
v 287.99575077000003 305.29158362999993 0
v 287.99575077000003 305.29158362999993 0
v 287.96717813029693 307.37629665820305 0
v 287.94123566643754 309.486848949375 0
v 287.9133216919336 310.54582262165036 0
v 287.8669503911719 311.60406547335936 0
v 287.7957501407461 312.65918062573235 0
v 287.69334931725 313.70877119999994 0
v 287.5533762972774 314.75044031739253 0
v 287.36945945742195 315.78179109914055 0
v 287.13522717427736 316.80042666647455 0
v 286.8443078244375 317.8039501406249 0
v 286.6755993671924 318.29929581814076 0
v 286.4903297844961 318.78996464282216 0
v 286.2877026234229 319.27565700482296 0
v 286.0669214310469 319.7560732942968 0
v 285.82718975444243 320.2309139013976 0
v 285.5677111406836 320.6998792162792 0
v 285.28768913684473 321.1626696290954 0
v 284.98632729 321.6189855299999 0
v 284.98632729 321.6189855299999 0
v 284.8680612692566 321.82112609720207 0
v 284.73625487914654 322.01720770699205 0
v 284.59296492228736 322.2079490685204 0
v 284.44024820129687 322.39406889093743 0
v 284.1147616773926 322.75531875503896 0
v 283.77624972837503 323.1067069724999 0
v 283.4411667751856 323.45398321652334 0
v 283.12596723876567 323.80289716031234 0
v 282.98096575838844 323.979765042495 0
v 282.8471055400567 324.15919847707016 0
v 282.726443386388 324.34191617318834 0
v 282.6210361 324.5286368399999 0
v 282.6210361 324.5286368399999 0
v 282.92624158281836 325.7443813704491 0
v 283.20108555254694 326.9660209110936 0
v 283.43999134372075 328.1933250496288 0
v 283.63738229087505 329.4260633737499 0
v 283.78768172854495 330.6640054711522 0
v 283.88531299126566 331.90692092953117 0
v 283.9246994135723 333.15457933658195 0
v 283.90026433 334.4067502799999 0
v 283.90026433 334.4067502799999 0
v 283.92097131705077 335.69992594857416 0
v 283.8851686422188 336.9901298892187 0
v 283.79383078615234 338.27621476681634 0
v 283.6479322295 339.55703324624994 0
v 283.44844745291016 340.83143799240224 0
v 283.19635093703124 342.09828167015615 0
v 282.8926171625117 343.3564169443944 0
v 282.53822061 344.6046964799999 0
v 282.53822061 344.6046964799999 0
v 282.39481383931843 345.08087225994126 0
v 282.2351940876719 345.56060111578114 0
v 282.0832398684082 346.04257737779284 0
v 281.96282969487504 346.5254953762499 0
v 281.92191566067845 346.76689950485587 0
v 281.89784208041993 347.0080494414257 0
v 281.8935937682678 347.24878197724354 0
v 281.9121555383906 347.48893390359365 0
v 281.95651220495677 347.7283420117601 0
v 282.02964858213477 347.96684309302725 0
v 282.134549484093 348.2042739386791 0
v 282.27419972499996 348.4404713399999 0
v 282.27419972499996 348.4404713399999 0
v 282.5226639868713 348.98951288810844 0
v 282.79015153559567 349.52635997576647 0
v 283.07602163021363 350.0512290945354 0
v 283.37963352976556 350.56433673597644 0
v 283.7003464932922 351.0658993916509 0
v 284.037519779834 351.55613355312 0
v 284.39051264843135 352.03525571194507 0
v 284.758684358125 352.5034823596873 0
v 285.5380013369629 353.40811508816876 0
v 286.3703447886719 354.27176367105454 0
v 287.2505887855762 355.09616004083483 0
v 288.17360740000004 355.8830361299998 0
v 289.13427470426757 356.6341238710399 0
v 290.1274647707031 357.3511551964452 0
v 291.14805167163087 358.0358620387059 0
v 292.190909479375 358.68997633031233 0
v 293.2509122662598 359.3152300037547 0
v 294.3229341046094 359.9133549915233 0
v 295.401849066748 360.4860832261083 0
v 296.482531225 361.0351466399999 0
v 296.482531225 361.0351466399999 0
v 298.95864996708985 362.17525705136705 0
v 301.46881074921873 363.24490856156234 0
v 304.00838534892574 364.25131602972647 0
v 306.57274554375 365.2016943149998 0
v 309.15726311123046 366.1032582765233 0
v 311.7573098289063 366.96322277343734 0
v 314.3682574743164 367.7888026648826 0
v 316.985477825 368.5872128099998 0
v 316.985477825 368.5872128099998 0
v 317.0638247392212 368.43723283755594 0
v 317.121433821957 368.27858419294904 0
v 317.16063285731593 368.11227788401595 0
v 317.1837496294063 367.93932491859357 0
v 317.19104752021485 367.5775230496287 0
v 317.16194976725 367.2012666487499 0
v 317.1150786433789 366.81864377865213 0
v 317.06905642146876 366.4377425020311 0
v 317.04250537438674 366.06665088158184 0
v 317.054047775 365.7134569799998 0
v 317.054047775 365.7134569799998 0
v 316.85905482431053 362.08451083910137 0
v 316.6903209004219 358.44887919656236 0
v 316.51365483860354 354.811427887617 0
v 316.294865474125 351.1770227474999 0
v 315.99976164225586 347.5505296114452 0
v 315.59415217826563 343.93681431468735 0
v 315.3392230952468 342.1362689295555 0
v 315.0438459174238 340.3407426924608 0
v 314.7037467492053 338.5508438328075 0
v 314.314651695 336.7671805799999 0
v 314.314651695 336.7671805799999 0
v 313.97041225320515 335.54004147181627 0
v 313.5835098193907 334.3146404995311 0
v 313.36957810296997 333.70696337088117 0
v 313.1396023855371 333.1049666440428 0
v 312.89178991608964 332.51039894162824 0
v 312.624347943625 331.9250088862499 0
v 312.33548371714085 331.35054510051987 0
v 312.0234044856348 330.78875620705065 0
v 311.6863174981043 330.2413908284545 0
v 311.3224300035469 329.7101975873436 0
v 310.92994925096025 329.19692510633047 0
v 310.50708248934177 328.7033220080272 0
v 310.0520369676892 328.23113691504625 0
v 309.563019935 327.78211844999987 0
v 309.563019935 327.78211844999987 0
v 309.404073776984 327.5569256209707 0
v 309.2610373633755 327.3274290851878 0
v 309.1333754235842 327.09388966273394 0
v 309.0205526870196 326.85656817369124 0
v 308.92203388309116 326.61572543814225 0
v 308.8372837412085 326.3716222761693 0
v 308.76576699078123 326.12451950785476 0
v 308.7069483612188 325.8746779532811 0
v 308.6252643823267 325.3678217656859 0
v 308.5879496398086 324.8531402740428 0
v 308.5907219689409 324.33272003901106 0
v 308.629299205 323.80864762124986 0
v 308.69939918326224 323.28300958141836 0
v 308.7967397390039 322.75789248017566 0
v 308.91703870750143 322.23538287818104 0
v 309.0560139240313 321.7175673360936 0
v 309.372864442293 320.70436467427726 0
v 309.713033976 319.7349769799999 0
v 309.713033976 319.7349769799999 0
v 309.9142967042852 319.27440562722643 0
v 310.0944161177188 318.7947844940624 0
v 310.275000471293 318.314137730742 0
v 310.47765802 317.8504894874999 0
v 310.5940168222134 317.63067235785627 0
v 310.72399701883205 317.42186391457017 0
v 310.87029964172996 317.22631717642076 0
v 311.0356257227813 317.04628516218736 0
v 311.2226762938599 316.88402089064925 0
v 311.43415238683986 316.7417773805858 0
v 311.5498940765035 316.67886747947557 0
v 311.6727550335952 316.6218076507762 0
v 311.80307288709935 316.57087952183514 0
v 311.941185266 316.52636471999983 0
v 311.941185266 316.52636471999983 0
v 314.98831162902735 314.7648382308983 0
v 318.00543490146873 312.95241070968734 0
v 321.00941476961333 311.11747131550766 0
v 324.01711091975 309.28840920749985 0
v 327.045383038168 307.4936135448045 0
v 330.11109081115626 305.76147348656235 0
v 331.6632517200796 304.9277709213426 0
v 333.23109392500396 304.1203781919139 0
v 334.8167248867153 303.3428439431688 0
v 336.422252066 302.5987168199999 0
v 336.422252066 302.5987168199999 0
v 337.5923599330117 302.14490442509754 0
v 338.7941228483438 301.7446599370311 0
v 339.4049007132534 301.5680076232835 0
v 340.0212232571914 301.4088056445116 0
v 340.64230078580715 301.26840678680406 0
v 341.26734360474995 301.1481638362498 0
v 341.89556201966946 301.04942957893786 0
v 342.5261663362149 300.9735568009569 0
v 343.1583668600357 300.9218982883958 0
v 343.79137389678124 300.8958068273436 0
v 344.4243977521011 300.896635203889 0
v 345.0566487316445 300.925736204121 0
v 345.68733714106105 300.9844626141283 0
v 346.315673286 301.0741672199999 0
v 346.315673286 301.0741672199999 0
v 346.38372515643215 301.0756421024552 0
v 346.467118649957 301.0918161526581 0
v 346.56313996504247 301.1197819661139 0
v 346.66907530015624 301.156632138328 0
v 346.8998328243398 301.2453559410526 0
v 347.13768081025 301.3347283248749 0
v 347.2524792225219 301.3723892234611 0
v 347.36090884562884 301.4014900538378 0
v 347.46025587803854 301.4191234115104 0
v 347.5478065182187 301.4223818919843 0
v 347.5863101282439 301.41771198936715 0
v 347.62084696463717 301.4083580907648 0
v 347.65107780220694 301.39395677061543 0
v 347.6766634157617 301.3741446033573 0
v 347.6972645801099 301.3485581634285 0
v 347.71254207006007 301.3168340252672 0
v 347.7221566604206 301.2786087633116 0
v 347.725769126 301.2335189519999 0
v 347.725769126 301.2335189519999 0
v 347.5663739308694 300.5863604533915 0
v 347.4290663668144 299.93457923407016 0
v 347.31335855502806 299.27878470504186 0
v 347.2187626167031 298.6195862773124 0
v 347.1447906730325 297.9575933618876 0
v 347.09095484520896 297.29341536977336 0
v 347.0567672544255 296.62766171197546 0
v 347.04174002187494 295.9609417994999 0
v 347.06721511624414 294.62704085453896 0
v 347.16347709785936 293.2965878229374 0
v 347.3266229362636 291.9744579927421 0
v 347.55274960099996 290.6655266519999 0
v 347.55274960099996 290.6655266519999 0
v 347.7502062483053 289.97677497834883 0
v 347.97253161030176 289.29930723036904 0
v 348.21899902336025 288.6330934987712 0
v 348.48888182385156 287.97810387426557 0
v 348.7814533481466 287.3343084475627 0
v 349.0959869326162 286.701677309373 0
v 349.4317559136312 286.0801805504069 0
v 349.78803362756247 285.46978826137496 0
v 350.1640934107808 284.8704705329875 0
v 350.5592085996572 284.28219745595504 0
v 350.9726525305623 283.70493912098794 0
v 351.40369853986715 283.1386656187968 0
v 352.31569013915913 282.03895347558387 0
v 353.2893700885 280.9828217519999 0
v 354.3189250788564 279.97003117372844 0
v 355.3985418011952 279.00034246645305 0
v 356.5224069464834 278.07351635585735 0
v 357.68470720568746 277.18931356762494 0
v 358.87962926977434 276.3474948274394 0
v 360.1013598297109 275.5478208609843 0
v 361.34408557646384 274.79005239394326 0
v 362.60199320099997 274.0739501519999 0
v 362.60199320099997 274.0739501519999 0
v 364.4025839170766 273.1092057087626 0
v 366.2286689443008 272.1965329693827 0
v 368.0783893630385 271.3328488399833 0
v 369.94988625365613 270.51507022668744 0
v 371.84130069651997 269.74011403561803 0
v 373.750773771996 269.0048971728983 0
v 375.67644656045064 268.3063365446513 0
v 377.61646014224993 267.6413490569999 0
v 381.5320740073476 266.3997611279765 0
v 385.48274401021865 265.2554686348124 0
v 389.45359879379293 264.1838068264921 0
v 393.42976700099996 263.1601109519999 0
v 393.42976700099996 263.1601109519999 0
v 393.37871079295314 263.0396721756034 0
v 393.30793972762496 262.92759523898434 0
v 393.2196334922344 262.82309024149794 0
v 393.115971774 262.7253672824999 0
v 392.871300637875 262.54710787739054 0
v 392.59136381699994 262.38649781849995 0
v 392.29359880912494 262.2372179006718 0
v 391.9954431119999 262.0929489187499 0
v 391.714334223375 261.94737166757807 0
v 391.46770964099994 261.79416694199995 0
v 391.46770964099994 261.79416694199995 0
v 390.13913130196187 261.15712841767373 0
v 388.7916224118203 260.56454587973434 0
v 387.42667390603407 260.01372232261514 0
v 386.04577672006246 259.50196074074995 0
v 384.65042178936426 259.0265641285722 0
v 383.24210004939846 258.5848354805156 0
v 381.822302435624 258.17407779101364 0
v 380.3925198835 257.7915940544999 0
v 377.508963706039 257.1006604181718 0
v 374.6033590006875 256.49045852699993 0
v 371.6876332511172 255.93941233645302 0
v 368.773713941 255.4259458019999 0
v 368.773713941 255.4259458019999 0
v 368.2704448926406 255.3177257507343 0
v 367.76922397287495 255.24117545718738 0
v 367.2703651284219 255.19967524710927 0
v 366.774182306 255.19660544624992 0
v 366.52719251140036 255.2105383010741 0
v 366.2809894523281 255.2353463803593 0
v 366.035612372123 255.27145222482412 0
v 365.791100514125 255.3192783751874 0
v 365.54749312167377 255.37924737216784 0
v 365.3048294381093 255.45178175648425 0
v 365.06314870677147 255.53730406885535 0
v 364.82249017099997 255.63623684999988 0
v 364.82249017099997 255.63623684999988 0
v 361.5743531921914 256.5536386049999 0
v 358.29092835303123 257.4472570837499 0
v 356.6374137325845 257.8679493837889 0
v 354.97679404316796 258.26205801187484 0
v 353.3096415834878 258.6227036837108 0
v 351.6365286522501 258.9430071149999 0
v 349.95802754816066 259.21608902144516 0
v 348.27471056992584 259.4350701187499 0
v 346.5871500162515 259.59307112261706 0
v 344.89591818584375 259.6832127487499 0
v 343.2015873774087 259.69861571285145 0
v 341.50472988965237 259.63240073062485 0
v 340.65553248437436 259.5665367332958 0
v 339.8059180212808 259.4776885177733 0
v 338.9559580377099 259.3649961735204 0
v 338.105724071 259.2275997899999 0
v 338.105724071 259.2275997899999 0
v 335.8235513129727 258.6636434207811 0
v 333.5673152880313 258.01688986687486 0
v 331.32840862363673 257.3144687001561 0
v 329.09822394725 256.5835094924999 0
v 326.86815388633204 255.85114181578115 0
v 324.62959106834376 255.1444952418749 0
v 322.3739281207461 254.49069934265611 0
v 320.092557671 253.9168836899999 0
v 320.092557671 253.9168836899999 0
v 319.0220296750234 253.664279667287 0
v 317.9455640994375 253.43039422204677 0
v 316.8635820315078 253.21900292575182 0
v 315.7765045585 253.0338813498749 0
v 314.6847527676797 252.87880506588857 0
v 313.5887477463125 252.75754964526553 0
v 312.4889105816641 252.67389065947842 0
v 311.385662361 252.6316036799999 0
v 311.385662361 252.6316036799999 0
v 311.385886940875 252.6316540949999 0
v 311.38611152075 252.6317045099999 0
v 311.386336100625 252.63175492499994 0
v 311.3865606805 252.63180533999994 0
v 311.386785260375 252.63185575499995 0
v 311.38700984025 252.63190616999998 0
v 311.38723442012497 252.63195658499998 0
v 311.387459 252.632007 0
v 406.354182 260.86981799999995 0
v 405.9753597075683 260.85630442172015 0
v 405.60090712988284 260.8595823764648 0
v 405.2305713654199 260.8787148837348 0
v 404.8640995126562 260.91276496303124 0
v 404.14173593613276 261.021869915707 0
v 403.431793188125 261.17940139049995 0
v 402.73224805644537 261.37786354341796 0
v 402.0410773289063 261.6097605304687 0
v 401.3562577933203 261.86759650766015 0
v 400.6757662375 262.14387563099996 0
v 399.31967421640627 262.72177994015624 0
v 397.956615568125 263.283506706 0
v 397.2674157283203 263.5395639001992 0
v 396.5704045951562 263.76908917659375 0
v 395.86355895644533 263.96458669119136 0
v 395.1448556 264.11856059999997 0
v 395.1448556 264.11856059999997 0
v 390.88897768496093 265.13123114724607 0
v 386.64253062968754 266.2189960185937 0
v 382.42251988144534 267.406216293457 0
v 378.2459508875 268.71725305124994 0
v 376.1792712506592 269.42681544856197 0
v 374.1298290951172 270.1764673713867 0
v 372.09975010178226 270.9692539546508 0
v 370.0911599515625 271.8082203332812 0
v 368.1061843253662 272.69641164220457 0
v 366.1469489041016 273.63687301634764 0
v 364.21557936867674 274.6326495906372 0
v 362.3142014 275.6867865 0
v 362.3142014 275.6867865 0
v 361.20756517099613 276.3645212776245 0
v 360.1106326364063 277.0748707692773 0
v 359.02895641736336 277.8184164706274 0
v 357.96808913499996 278.59573987734365 0
v 356.9335834104492 279.40742248509514 0
v 355.9309918648438 280.25404578955073 0
v 354.96586711931644 281.13619128637936 0
v 354.043761795 282.05444047124996 0
v 353.1702285130274 283.0093748398315 0
v 352.35081989453124 284.0015758877929 0
v 351.963147528191 284.51183313393767 0
v 351.59108856064455 285.0316251108032 0
v 351.23533706953367 285.5610245053482 0
v 350.89658713250003 286.1001040045312 0
v 350.5755328271851 286.64893629531093 0
v 350.2728682312305 287.20759406464595 0
v 349.98928742227787 287.7761499994949 0
v 349.7254844779688 288.3546767868164 0
v 349.48215347594487 288.94324711356904 0
v 349.2599884938477 289.54193366671143 0
v 349.0596836093189 290.15080913320224 0
v 348.88193290000004 290.7699462 0
v 348.88193290000004 290.7699462 0
v 348.68637243663085 291.68094820400387 0
v 348.5281453459844 292.6021864223437 0
v 348.40852498100196 293.5312728382617 0
v 348.328784694625 294.46581943499996 0
v 348.2901978397949 295.4034381958008 0
v 348.29403776945315 296.34174110390626 0
v 348.34157783654103 297.2783401425586 0
v 348.434091394 298.210847295 0
v 348.57285179477145 299.1368745444727 0
v 348.75913239179687 300.0540338742187 0
v 348.9942065380176 300.9599372674805 0
v 349.279347586375 301.85219670749996 0
v 349.6158288898106 302.7284241775195 0
v 350.00492380126565 303.5862316607812 0
v 350.44790567368165 304.4232311405273 0
v 350.94604786 305.23703459999996 0
v 350.94604786 305.23703459999996 0
v 351.43800537901365 306.1059614955322 0
v 351.8910416027344 306.99309893894525 0
v 352.3045766018067 307.89687746796386 0
v 352.678030446875 308.8157276203125 0
v 353.010823208584 309.74807993371576 0
v 353.3023749575782 310.6923649458984 0
v 353.55210576450196 311.64701319458493 0
v 353.75943570000004 312.6104552175 0
v 353.92378483471686 313.58112155236813 0
v 354.0445732392969 314.557442736914 0
v 354.1212209843848 315.5378493088623 0
v 354.15314814062504 316.5207718059375 0
v 354.1397747786622 317.5046407658642 0
v 354.0805209691407 318.48788672636715 0
v 353.9748067827051 319.46894022517085 0
v 353.82205229000004 320.44623179999996 0
v 353.82205229000004 320.44623179999996 0
v 353.7596331391604 320.65944803559813 0
v 353.7130544534395 320.8677498425977 0
v 353.68239208772144 321.07114298130614 0
v 353.6677218968907 321.2696332120313 0
v 353.6691197358313 321.4632262950806 0
v 353.6866614594278 321.65192799076175 0
v 353.7204229225643 321.8357440593823 0
v 353.7704799801251 322.01468026125 0
v 353.8369084869945 322.1887423566723 0
v 353.9197842980568 322.35793610595704 0
v 354.0191832681961 322.5222672694116 0
v 354.135181252297 322.6817416073437 0
v 354.2678541052435 322.83636488006107 0
v 354.41727768192004 322.98614284787106 0
v 354.58352783721074 323.13108127108154 0
v 354.76668042600005 323.27118591 0
v 354.76668042600005 323.27118591 0
v 355.7775496170352 324.33663603890625 0
v 356.7801901649063 325.4136469574999 0
v 357.78348601426177 326.4923215710937 0
v 358.79632110975 327.56276278499996 0
v 359.82757939601953 328.6150735045312 0
v 360.8861448177188 329.63935663499996 0
v 361.9809013194962 330.62571508171874 0
v 363.12073284600007 331.56425175 0
v 363.12073284600007 331.56425175 0
v 363.22724516721877 330.46318322666014 0
v 363.3012146685625 329.3471686251562 0
v 363.35012922843754 328.2200067945117 0
v 363.38147672525 327.08549658375 0
v 363.40274503740636 325.9474368418945 0
v 363.42142204331253 324.80962641796873 0
v 363.444995621375 323.6758641609961 0
v 363.48095365000006 322.54994892 0
v 363.48095365000006 322.54994892 0
v 363.6163128159727 318.6264113916797 0
v 363.8136757114063 314.6838382621875 0
v 363.95139987517825 312.71160567769044 0
v 364.12357455232427 310.74204498972654 0
v 364.3365162698472 308.7776331305713 0
v 364.5965415547501 306.82084703249996 0
v 364.90996693403565 304.8741636277881 0
v 365.28310893470706 302.9400598487109 0
v 365.72228408376714 301.021012627544 0
v 366.23380890821875 299.1194988965625 0
v 366.823999935065 297.237995588042 0
v 367.4991736913086 295.3789796342578 0
v 367.8706030076429 294.4586784567279 0
v 368.2656467039527 293.54492796748536 0
v 368.68509434611326 292.6380377830646 0
v 369.12973550000004 291.73831752 0
v 369.12973550000004 291.73831752 0
v 369.25288732953135 291.5529211577564 0
v 369.36303927326566 291.3522646181133 0
v 369.46335845560156 291.1400472297026 0
v 369.5570120009375 290.91996832115626 0
v 369.73699067820314 290.47102325818355 0
v 369.92831230025 290.03502405825003 0
v 370.0361445265625 289.8311274785024 0
v 370.1563138622656 289.64156535041013 0
v 370.2919874317579 289.470037002605 0
v 370.4463323594375 289.3202417637188 0
v 370.5314963089722 289.2546501003177 0
v 370.6225157697031 289.1958789623833 0
v 370.7197866321802 289.14439076599456 0
v 370.82370478695316 289.1006479272305 0
v 370.93466612457183 289.06511286217 0
v 371.05306653558597 289.0382479868921 0
v 371.17930191054546 289.02051571747575 0
v 371.31376814000004 289.01237847 0
v 371.31376814000004 289.01237847 0
v 373.6203139189844 288.453302312168 0
v 375.94550215312495 287.95446538359374 0
v 378.2867863857031 287.5292020579102 0
v 380.64162016 287.19084670875 0
v 381.8233223575684 287.05842651712646 0
v 383.0074570192969 286.9527337097461 0
v 384.1937058380957 286.87543508331305 0
v 385.381750506875 286.82819743453126 0
v 386.57127271854495 286.812687560105 0
v 387.76195416601564 286.8305722567383 0
v 388.9534765421973 286.8835183211353 0
v 390.14552154 286.97319255 0
v 390.14552154 286.97319255 0
v 391.4136434895508 287.1003750809941 0
v 392.69123242765625 287.2391485325156 0
v 393.96947666724606 287.40535475487303 0
v 395.23956452125 287.61483559837495 0
v 395.8687961514478 287.74075458127663 0
v 396.49268430259764 287.88343291333 0
v 397.1101275138159 288.04485082582397 0
v 397.72002432421874 288.2269885500469 0
v 398.3212732729223 288.43182631728735 0
v 398.912772899043 288.66134435883396 0
v 399.49342174169675 288.9175229059754 0
v 400.06211834 289.20234219 0
v 400.06211834 289.20234219 0
v 400.82970329918203 289.6329938403589 0
v 401.574266589082 290.09418058599607 0
v 402.29542060385495 290.58468552500244 0
v 402.99277773765624 291.1032917554688 0
v 403.6659503846411 291.64878237548584 0
v 404.3145509389648 292.2199404831445 0
v 404.93819179478265 292.8155491765357 0
v 405.53648534625 293.43439155375 0
v 406.109043987522 294.0752507128784 0
v 406.6554801127539 294.73690975201174 0
v 407.17540611610104 295.41815176924075 0
v 407.66843439171873 296.11775986265627 0
v 408.1341773337621 296.8345171303491 0
v 408.5722473363867 297.5672066704102 0
v 408.9822567937475 298.3146115809302 0
v 409.36381809999995 299.07551496 0
v 409.36381809999995 299.07551496 0
v 409.5353867634277 299.4991614608789 0
v 409.7257998294843 299.88794480765625 0
v 409.83093361159547 300.0639718080102 0
v 409.94421121208 300.22493383154296 0
v 410.0667768701769 300.3687144821558 0
v 410.19977482512496 300.49319736374997 0
v 410.2705434886803 300.54754076738436 0
v 410.34434931616283 300.59626608022705 0
v 410.42133533747756 300.6391087527658 0
v 410.5016445825293 300.6758042354883 0
v 410.5854200812229 300.7060879788821 0
v 410.6728048634631 300.72969543343504 0
v 410.7639419591549 300.7463620496347 0
v 410.85897439820315 300.7558232779688 0
v 410.9580452105125 300.7578145689249 0
v 411.0612974259881 300.7520713729907 0
v 411.1688740745344 300.738329140654 0
v 411.2809181860566 300.71632332240233 0
v 411.5189809176477 300.646462730105 0
v 411.77662986 300.54037320000003 0
v 411.77662986 300.54037320000003 0
v 413.18786874013676 300.3519789028887 0
v 414.63600508046875 300.19358936873437 0
v 415.3671609559839 300.13706645609255 0
v 416.0994425858789 300.10174881618167 0
v 416.8301504332641 300.0922044763323 0
v 417.55658496124994 300.113001463875 0
v 418.2760466329468 300.1687078061404 0
v 418.98583591146485 300.263891530459 0
v 419.6832532599145 300.4031206641614 0
v 420.3655991414063 300.59096323457817 0
v 420.7002766767648 300.7045420670952 0
v 421.03017401905026 300.8319872690398 0
v 421.3549537261514 300.9738698438283 0
v 421.67427835595703 301.130760794877 0
v 421.98781046635594 301.30323112560217 0
v 422.29521261523684 301.4918518394202 0
v 422.5961473604886 301.69719393974736 0
v 422.89027726 301.91982843000005 0
v 422.89027726 301.91982843000005 0
v 423.5433988962378 302.4292894828565 0
v 424.1621827658398 302.9688113656641 0
v 424.7473484857642 303.53654693978035 0
v 425.2996156729688 304.13064906656257 0
v 425.81970394441163 304.74927060736826 0
v 426.3083329170508 305.39056442355474 0
v 426.76622220784424 306.0526833764796 0
v 427.19409143375003 306.7337803275001 0
v 427.59266021172607 307.4320081379737 0
v 427.96264815873053 308.14551966925796 0
v 428.3047748917212 308.87246778271003 0
v 428.6197600276563 309.6110053396876 0
v 428.9083231834937 310.3592852015479 0
v 429.1711839761914 311.11546022964853 0
v 429.40906202270753 311.87768328534673 0
v 429.62267694 312.6441072300001 0
v 429.62267694 312.6441072300001 0
v 429.9084826750215 313.6403454412501 0
v 430.18181787329695 314.63962745812506 0
v 430.4440914330176 315.6415657153126 0
v 430.69671225237505 316.6457726475001 0
v 430.9410892295606 317.6518606893751 0
v 431.17863126276563 318.6594422756251 0
v 431.41074725018166 319.66812984093764 0
v 431.63884609 320.6775358200001 0
v 431.63884609 320.6775358200001 0
v 432.5163909133789 320.67529898916223 0
v 433.4327193689063 320.66221800998443 0
v 433.8970629432837 320.6632293944569 0
v 434.36106500716795 320.67547185747077 0
v 434.82137975438235 320.7035927709017 0
v 435.27466137875 320.7522395066251 0
v 435.71756407409424 320.8260594365164 0
v 436.14674203423834 320.92969993245123 0
v 436.35513867418007 320.99415519639604 0
v 436.5588494530054 321.06780836630503 0
v 436.75745614494235 321.15124036366257 0
v 436.9505405242188 321.2450321099532 0
v 437.13768436506257 321.34976452666126 0
v 437.3184694417016 321.4660185352713 0
v 437.49247752836396 321.59437505726765 0
v 437.6592903992773 321.73541501413484 0
v 437.8184898286697 321.88971932735717 0
v 437.96965759076903 322.0578689184193 0
v 438.11237545980316 322.2404447088054 0
v 438.24622521 322.43802762000007 0
v 438.24622521 322.43802762000007 0
v 438.4474089688501 322.74195914928964 0
v 438.633560504082 323.05279108400396 0
v 438.8065334405932 323.3696867025367 0
v 438.9681814032812 323.6918092832813 0
v 439.2649169067774 324.3483884449805 0
v 439.53859601375 325.01583479625015 0
v 439.80404772337886 325.68745456423835 0
v 440.07610103484376 326.35655397609383 0
v 440.3695849473242 327.0164392589649 0
v 440.69932846 327.66041664000005 0
v 440.69932846 327.66041664000005 0
v 440.7739160919623 327.81450555495024 0
v 440.8381643886279 327.9691344433522 0
v 440.89232784772764 328.1241532233445 0
v 440.9366609669922 328.27941181306653 0
v 440.97141824415223 328.4347601306571 0
v 440.9968541769385 328.59004809425545 0
v 441.01322326308167 328.7451256220005 0
v 441.0207800003125 328.8998426320313 0
v 441.01047441896 329.2075947715064 0
v 440.9679734147266 329.512103857793 0
v 440.895312969458 329.8121692360035 0
v 440.79452906500006 330.10659025125005 0
v 440.66765768319823 330.3941662486451 0
v 440.5167348058985 330.6736965733009 0
v 440.34379641494627 330.9439805703297 0
v 440.15087849218753 331.2038175848438 0
v 439.94001701946786 331.45200696195565 0
v 439.7132479786328 331.68734804677746 0
v 439.4726073515284 331.9086401844215 0
v 439.22013112 332.1146827200001 0
v 439.22013112 332.1146827200001 0
v 438.6374703034961 332.82076133742197 0
v 438.0205506742187 333.503571856875 0
v 437.3659898300195 334.1527398166407 0
v 436.67040536875 334.75789075500006 0
v 436.3061722810425 335.04071782186526 0
v 435.9304148882617 335.3086502102344 0
v 435.5427103901392 335.5603911123926 0
v 435.1426359864063 335.79464372062506 0
v 434.7297688767944 336.01011122721684 0
v 434.3036862610352 336.20549682445323 0
v 433.8639653388599 336.3795037046192 0
v 433.41018331000004 336.5308350600001 0
v 433.41018331000004 336.5308350600001 0
v 432.67520538753905 336.78756881956065 0
v 431.92499606593753 336.99246772729697 0
v 431.1633899801172 337.15645320829105 0
v 430.39422176500005 337.29044668762504 0
v 429.6213260555079 337.40536959038093 0
v 428.8485374865626 337.5121433416407 0
v 428.079690693086 337.6216893664864 0
v 427.31862031000003 337.74492909 0
v 427.31862031000003 337.74492909 0
v 426.95760991611667 338.10332501092347 0
v 426.6119535762769 338.47145034988773 0
v 426.28130551694613 338.84892001555846 0
v 425.96531996458987 339.23534891660165 0
v 425.3759532866626 340.03354405946783 0
v 424.8410873542187 340.86295504781253 0
v 424.35795597898203 341.72050115096204 0
v 423.9237929726758 342.60310163824226 0
v 423.53583214702394 343.50767577897955 0
v 423.19130731375003 344.43114284250004 0
v 422.88745228457765 345.3704220981299 0
v 422.62150087123047 346.3224328151954 0
v 422.39068688543216 347.2840942630225 0
v 422.1922441389063 348.2523257109375 0
v 422.0234064433765 349.22404642826666 0
v 421.8814076105664 350.19617568433597 0
v 421.7634814521997 351.1656327484717 0
v 421.66686178 352.12933689000005 0
v 421.66686178 352.12933689000005 0
v 421.6079075279726 352.94676570000007 0
v 421.53639914465623 353.7707547618751 0
v 421.46113286894916 354.59836425093755 0
v 421.39090493975 355.4266543425 0
v 421.33451159595705 356.252685211875 0
v 421.3007490764687 357.0735170343751 0
v 421.29841362018357 357.8862099853126 0
v 421.33630146599995 358.68782424000005 0
v 421.33630146599995 358.68782424000005 0
v 422.5635885402578 357.9568321444336 0
v 423.7655480875625 357.1859692673438 0
v 424.9469914659609 356.3833378506446 0
v 426.11273003349993 355.55704013625007 0
v 427.2675751482265 354.71517836607427 0
v 428.4163381681875 353.8658547820313 0
v 429.5638304514297 353.0171716260352 0
v 430.714863356 352.17723114000006 0
v 430.714863356 352.17723114000006 0
v 432.2772646743008 350.9979624528516 0
v 433.8221634630313 349.79616535031255 0
v 435.3528374754336 348.57687581824223 0
v 436.87256446475004 347.34512984250006 0
v 438.38462218422274 346.10596340894534 0
v 439.8922883870938 344.8644125034375 0
v 441.39884082660546 343.62551311183597 0
v 442.907557256 342.39430122000005 0
v 442.907557256 342.39430122000005 0
v 443.03285085568973 342.4291485824891 0
v 443.14979221126765 342.47918592047466 0
v 443.25698773255937 342.54253048479717 0
v 443.35304382939063 342.6172995262969 0
v 443.4365669115872 342.7016102958142 0
v 443.5061633889746 342.7935800441895 0
v 443.56043967137873 342.89132602226294 0
v 443.59800216862504 342.99296548087506 0
v 443.6174572905393 343.0966156708661 0
v 443.61741144694736 343.2003938430762 0
v 443.6096401661569 343.2517425634011 0
v 443.5964710476746 343.30241724834593 0
v 443.5777298927285 343.3521825542658 0
v 443.55324250254694 343.40080313751565 0
v 443.522834678358 343.44804365445054 0
v 443.48633222138994 343.49366876142557 0
v 443.443560932871 343.5374431147957 0
v 443.3943466140293 343.579131370916 0
v 443.27589209029077 343.6553082168274 0
v 443.12957506000004 343.72031655 0
v 443.12957506000004 343.72031655 0
v 440.34409759200685 346.1238024416015 0
v 437.5104956426172 348.4750969921875 0
v 434.63020346246583 350.7741411216797 0
v 431.70465530218746 353.02087574999996 0
v 428.73528541241706 355.2152417970704 0
v 425.72352804378903 357.3571801828125 0
v 422.67081744693854 359.4466318271485 0
v 419.5785878725 361.48353765 0
v 416.4482735711084 363.4678385712891 0
v 413.28130879339847 365.3994755109375 0
v 410.0791277900049 367.2783893888672 0
v 406.84316481156253 369.104521125 0
v 403.57485410870606 370.87781163925786 0
v 400.2756299320704 372.5982018515625 0
v 396.9469265322901 374.26563268183594 0
v 393.59017816000005 375.88004505000004 0
v 393.59017816000005 375.88004505000004 0
v 392.66362629535166 376.20901890123787 0
v 391.72753393875 376.50824135443366 0
v 390.782720839961 376.7792616369361 0
v 389.83000674875 377.0236289760938 0
v 388.8702114148829 377.2428925992554 0
v 387.90415458812504 377.43860173376953 0
v 386.9326560182422 377.6123056069849 0
v 385.95653545500005 377.76555344625 0
v 383.99370734750005 378.01687793232423 0
v 382.0222282637501 378.20496901078127 0
v 380.048656201875 378.3422205004101 0
v 378.07954916000006 378.44102621999997 0
v 378.07954916000006 378.44102621999997 0
v 375.50542526375006 378.48287441173824 0
v 372.93592585249996 378.4233447342188 0
v 370.37140972250006 378.2749326239648 0
v 367.81223567000006 378.05013351749994 0
v 365.25876249125 377.7614428513476 0
v 362.7113489825 377.42135606203124 0
v 360.17035394000004 377.0423685860742 0
v 357.63613616000004 376.63697586 0
v 357.63613616000004 376.63697586 0
v 357.6252742880835 376.6727662574652 0
v 357.6195000932662 376.71061548487796 0
v 357.61853457019555 376.75040113570134 0
v 357.62209871351956 376.7920008033984 0
v 357.6416999779429 376.8801525632666 0
v 357.6760718437188 376.97409151218744 0
v 357.78019920805866 377.17541396800783 0
v 357.916624464 377.3881341525 0
v 358.0674912690039 377.60441804730465 0
v 358.2149432805313 377.8164316340625 0
v 358.341124156043 378.01634089441404 0
v 358.428177553 378.19631181 0
v 358.428177553 378.19631181 0
v 358.985997958293 379.11830526867186 0
v 359.48909321471876 380.06503201124997 0
v 359.94910551309766 381.0309290575781 0
v 360.37767704425005 382.0104334275 0
v 360.78644999899615 382.99798214085934 0
v 361.1870665681563 383.9880122175 0
v 361.5911689425508 384.97496067726564 0
v 362.010399313 385.95326454 0
v 362.010399313 385.95326454 0
v 363.1132451337031 387.32773813781256 0
v 364.28623063799995 388.65814272375 0
v 364.8990647033809 389.303498836875 0
v 365.5294804079218 389.9338533365626 0
v 366.177493324377 390.5478781026562 0
v 366.8431190255 391.14424501499997 0
v 367.52637308404496 391.7216259534375 0
v 368.22727107276563 392.2786927978125 0
v 368.94582856441605 392.81411742796877 0
v 369.68206113175006 393.32657172375 0
v 370.4359843475215 393.814727565 0
v 371.20761378448435 394.27725683156245 0
v 371.9969650153926 394.71283140328126 0
v 372.804053613 395.12012316 0
v 372.804053613 395.12012316 0
v 373.9554750058711 395.5771566007617 0
v 375.1445363678438 395.98722492421876 0
v 375.75030302436477 396.16765393196044 0
v 376.36202485770707 396.3279497783789 0
v 376.9785502627193 396.4653151694751 0
v 377.59872763425005 396.57695281125007 0
v 378.221405367148 396.66006540970466 0
v 378.84543185626177 396.7118556708399 0
v 379.46965549643994 396.72952630065674 0
v 380.09292468253125 396.7102800051563 0
v 380.7140878093843 396.65131949033935 0
v 381.3319932718477 396.5498474622071 0
v 381.94548946477005 396.4030666267603 0
v 382.553424783 396.20817969 0
v 382.553424783 396.20817969 0
v 387.058078479875 394.77445133396486 0
v 391.549376983 393.29161679859374 0
v 396.037884848625 391.7955979529883 0
v 400.53416663300004 390.32231666625 0
v 405.0487868923751 388.9076948074805 0
v 409.5923101830001 387.5876542457813 0
v 411.8782118888594 386.9743275354273 0
v 414.1753010611251 386.3981168502539 0
v 416.4848982693282 385.86351242389895 0
v 418.80832408300006 385.37500449000004 0
v 418.80832408300006 385.37500449000004 0
v 420.3771729366914 385.106460110795 0
v 421.95474627003125 384.8700587207344 0
v 423.539323605168 384.67149244902544 0
v 425.12918446425005 384.516453424875 0
v 426.7226083694258 384.4106337774902 0
v 428.3178748428438 384.35972563607817 0
v 429.9132634066524 384.36942112984576 0
v 431.507053583 384.445412388 0
v 431.507053583 384.445412388 0
v 432.31076546251415 383.87828856347613 0
v 433.0924411166133 383.2819415168086 0
v 433.85009704363233 382.6571512527291 0
v 434.58174974190626 382.0046977759688 0
v 435.28541570977006 381.32536109125925 0
v 435.9591114455586 380.619921203332 0
v 436.60085344760694 379.88915811691845 0
v 437.20865821425 379.13385183675 0
v 437.7805422438228 378.35478236755813 0
v 438.3145220346602 377.5527297140743 0
v 438.8086140850972 376.7284738810298 0
v 439.26083489346877 375.8827948731563 0
v 439.6692009581099 375.01647269518514 0
v 440.0317287773555 374.1302873518477 0
v 440.34643484954057 373.2250188478755 0
v 440.61133567300004 372.30144718800005 0
v 440.61133567300004 372.30144718800005 0
v 440.9371233324375 371.01122059999227 0
v 441.22422478287507 369.69632453456256 0
v 441.51227305675 368.3756575271016 0
v 441.84090118650005 367.0681181130001 0
v 442.0328180199649 366.42517704576863 0
v 442.2497422045625 365.79260482764846 0
v 442.49662786934766 365.17276377556357 0
v 442.77842914337504 364.56801620643756 0
v 443.10010015569924 363.9807244371944 0
v 443.466595035375 363.41325078475785 0
v 443.6681995907993 363.1376839763808 0
v 443.882867911457 362.8679575660518 0
v 444.11121926348 362.60436684338646 0
v 444.35387291300003 362.34720709800007 0
v 444.35387291300003 362.34720709800007 0
v 445.1110442159175 361.5533887304049 0
v 445.90696504665243 360.8049041314571 0
v 446.73813169130324 360.0979206287887 0
v 447.6010404359688 359.42860555003125 0
v 448.4921875667476 358.7931262228169 0
v 449.40806936973837 358.1876499747774 0
v 450.34518213103956 357.6083441335445 0
v 451.30002213675 357.05137602675006 0
v 453.24886902579294 355.9891223270039 0
v 455.2265803256562 354.9702274965938 0
v 457.20512632512884 353.96403015657427 0
v 459.156477313 352.939868928 0
v 459.156477313 352.939868928 0
v 460.3104715324531 353.5687391391914 0
v 461.489815703625 354.19337330878125 0
v 462.6953819007344 354.786111325793 0
v 463.928042198 355.31929307925003 0
v 464.5548051573848 355.55490657246537 0
v 465.18866866964066 355.76525845817577 0
v 465.8297417440449 355.9468912225093 0
v 466.47813338987504 356.0963473515938 0
v 467.13395261640824 356.21016933155715 0
v 467.7973084329219 356.28489964852736 0
v 468.46830984869337 356.3170807886323 0
v 469.14706587300003 356.303255238 0
v 469.14706587300003 356.303255238 0
v 469.42063167521076 356.25275774159445 0
v 469.6865348259981 356.18917861059157 0
v 469.94499124159495 356.1130514507182 0
v 470.1962168382344 356.02490986770124 0
v 470.44042753214916 355.9252874672674 0
v 470.6778392395723 355.8147178551438 0
v 470.9086678767365 355.6937346370572 0
v 471.13312935987506 355.5628714187344 0
v 471.5638145290059 355.27363940428785 0
v 471.9716220768281 354.9512906576192 0
v 472.3582793332051 354.60009402454324 0
v 472.725513628 354.224318350875 0
v 473.07505229107625 353.8282324824295 0
v 473.4086226522969 353.41610526502154 0
v 473.72795204152544 352.9922055444661 0
v 474.03476778862506 352.5608021665781 0
v 474.61776767589066 351.6925598220645 0
v 475.17144095300006 350.845528998 0
v 475.17144095300006 350.845528998 0
v 475.52856642818807 350.22543249842727 0
v 475.86501299919144 349.59475431376177 0
v 476.1799501710445 348.95415924258253 0
v 476.4725474487813 348.3043120834688 0
v 476.74197433743615 347.6458776349995 0
v 476.987400342043 346.97952069575393 0
v 477.2079949676363 346.30590606431105 0
v 477.4029277192501 345.6256985392499 0
v 477.5713681019185 344.9395629191499 0
v 477.71248562067586 344.2481640025898 0
v 477.82544978055626 343.5521665881489 0
v 477.90943008659383 342.85223547440626 0
v 477.9635960438228 342.14903545994093 0
v 477.9871171572774 341.443231343332 0
v 477.97916293199177 340.73548792315864 0
v 477.9389028730001 340.026469998 0
v 477.9389028730001 340.026469998 0
v 477.9113107821285 338.987227053249 0
v 477.83337960852737 337.9550881924921 0
v 477.70878903821733 336.9298221172236 0
v 477.54121875721876 335.91119752893746 0
v 477.3343484515524 334.89898312912794 0
v 477.0918578072383 333.89294761928903 0
v 476.8174265102974 332.89285970091504 0
v 476.51473424675004 331.8984880755 0
v 475.839285563918 329.9259685095234 0
v 475.0949492469063 327.9735385333125 0
v 474.3111627838789 326.0393477588203 0
v 473.517363663 324.121545798 0
v 473.517363663 324.121545798 0
v 473.2134896506406 323.4014453117695 0
v 472.887249675375 322.68665139815624 0
v 472.54754487417193 321.97543773727733 0
v 472.203276384 321.26607800925 0
v 471.8633453418281 320.5568458941914 0
v 471.536652884625 319.84601507221873 0
v 471.23210014935944 319.13185922344917 0
v 470.95858827300003 318.41265202799997 0
v 470.95858827300003 318.41265202799997 0
v 471.1250462077598 316.771599664875 0
v 471.2529279394531 315.09935302049996 0
v 471.29078930899243 314.25751074675 0
v 471.3050705235762 313.415044587375 0
v 471.2911262151414 312.5743461039375 0
v 471.24431101562504 311.737806858 0
v 471.1599795569641 310.907818411125 0
v 471.03348647109567 310.08677232487497 0
v 470.86018638995677 309.2770601608125 0
v 470.63543394548435 308.4810734805 0
v 470.50231140947847 308.0889745597383 0
v 470.3545837696155 307.7012038455 0
v 470.1916703548877 307.31806028298047 0
v 470.0129904942871 306.939842817375 0
v 469.817963516806 306.5668503938789 0
v 469.6060087514363 306.1993819576875 0
v 469.37654552717026 305.8377364539961 0
v 469.128993173 305.482212828 0
v 469.128993173 305.482212828 0
v 468.6502007563204 304.91533908452345 0
v 468.1361939826876 304.3788963076875 0
v 467.589402201711 303.8734067653828 0
v 467.01225476300004 303.3993927255 0
v 466.4071810161641 302.95737645592965 0
v 465.77661031081254 302.5478802245625 0
v 465.1229719965547 302.171426299289 0
v 464.44869542300006 301.82853694799996 0
v 464.44869542300006 301.82853694799996 0
v 464.1129390624043 300.34960603032414 0
v 463.73036788901567 298.8753885212812 0
v 463.2994775748067 297.4094965768476 0
v 462.81876379175003 295.95554235299994 0
v 462.2867222118184 294.5171380057148 0
v 461.7018485069844 293.0978956909687 0
v 461.0626383492207 291.70142756473825 0
v 460.3675874105 290.33134578299996 0
v 459.6151913627949 288.99126250173043 0
v 458.80394587807814 287.6847898769062 0
v 457.9323466283223 286.4155400645039 0
v 456.9988892855 285.1871252205 0
v 456.5084937266804 284.5893597103901 0
v 456.00206952158396 284.00315750087105 0
v 455.4794286292073 283.42897011143987 0
v 454.94038300854686 282.8672490615937 0
v 454.38474461859937 282.3184458708296 0
v 453.8123254183614 281.7830120586445 0
v 453.2229373668294 281.2613991445356 0
v 452.61639242300004 280.75405864799995 0
v 452.61639242300004 280.75405864799995 0
v 451.84766181200064 280.1181768808326 0
v 451.06278480523883 279.5064368213642 0
v 450.26235758613205 278.91832842389533 0
v 449.44697633809767 278.35334164272655 0
v 448.6172372445531 277.8109664321583 0
v 447.7737364889155 277.2906927464911 0
v 446.91707025460255 276.79201054002573 0
v 446.0478347250313 276.31440976706244 0
v 444.27404051378375 275.4204123388447 0
v 442.4571233225117 274.6046200962422 0
v 440.6018526185542 273.86295267365915 0
v 438.71299786925 273.1913297054999 0
v 436.79532854193803 272.5856708261689 0
v 434.85361410395706 272.0418956700703 0
v 432.89262402264603 271.5559238716083 0
v 430.91712776534376 271.1236750651874 0
v 428.93189479938917 270.74106888521186 0
v 426.94169459212117 270.4040249660859 0
v 424.95129661087844 270.1084629422138 0
v 422.96547032300003 269.8503024479999 0
v 422.96547032300003 269.8503024479999 0
v 421.9253590299532 269.7424556055878 0
v 420.8606253442501 269.6063031432655 0
v 420.32736742842 269.5197620023322 0
v 419.7979647035469 269.4167240936542 0
v 419.2757540993379 269.29404929630925 0
v 418.7640725455 269.1485974893749 0
v 418.2662569717403 268.9772285519289 0
v 417.78564430776566 268.7768023630487 0
v 417.32557148328317 268.54417880181217 0
v 416.889375428 268.27621774729676 0
v 416.6812739793416 268.12800437227133 0
v 416.4803930716231 267.96977907858025 0
v 416.2871498210579 267.8011493511083 0
v 416.10196134385944 267.62172267474017 0
v 415.925244756241 267.43110653436054 0
v 415.75741717441605 267.2289084148542 0
v 415.5988957145979 267.0147358011057 0
v 415.45009749300004 266.7881961779999 0
v 415.45009749300004 266.7881961779999 0
v 415.30364756482743 266.5555888022431 0
v 415.18065834858794 266.307008241164 0
v 415.0763009668865 266.0458666646747 0
v 414.9857465423282 265.7755762426874 0
v 414.8267310550606 265.2211975418671 0
v 414.6649808676251 264.6711694979999 0
v 414.5710080678568 264.406317397204 0
v 414.4618649608614 264.1527894703827 0
v 414.33272266924394 263.91399788744815 0
v 414.1787523156094 263.6933548183124 0
v 414.0909475913498 263.5909052795166 0
v 413.9951250225628 263.49427243288767 0
v 413.890680999574 263.4038827996643 0
v 413.777011912709 263.32016290108584 0
v 413.65351415229355 263.24353925839114 0
v 413.51958410865313 263.17443839281924 0
v 413.3746181721134 263.1132868256092 0
v 413.218012733 263.06051107799993 0
v 413.218012733 263.06051107799993 0
v 412.63209368110546 262.7707501171523 0
v 412.0453486503438 262.47450003684366 0
v 411.4570313943477 262.1769950956758 0
v 410.86639566675 261.88346955224995 0
v 410.27269522118365 261.5991576651679 0
v 409.6751838112813 261.3292936930312 0
v 409.0731151906758 261.0791118944414 0
v 408.46574311300003 260.85384652799996 0
v 408.46574311300003 260.85384652799996 0
v 408.2017287685567 260.8557504819844 0
v 407.9377138012032 260.8576780679999 0
v 407.6736975880293 260.8596245596406 0
v 407.40967950612503 260.86158523049994 0
v 407.1456589325801 260.8635553541718 0
v 406.8816352444844 260.8655302042499 0
v 406.61760781892775 260.86750505432803 0
v 406.353576033 260.8694751779999 0
v 406.353576033 260.8694751779999 0
v 406.353651778875 260.86951803074993 0
v 406.35372752475 260.8695608834999 0
v 406.353803270625 260.8696037362499 0
v 406.3538790165 260.8696465889999 0
v 406.353954762375 260.8696894417499 0
v 406.35403050825 260.86973229449995 0
v 406.354106254125 260.8697751472499 0
v 406.354182 260.86981799999995 0
v 406.354182 260.86981799999995 0
v 405.9753597075683 260.85630442172015 0
v 405.60090712988284 260.8595823764648 0
v 405.2305713654199 260.8787148837348 0
v 404.8640995126562 260.91276496303124 0
v 404.14173593613276 261.021869915707 0
v 403.431793188125 261.17940139049995 0
v 402.73224805644537 261.37786354341796 0
v 402.0410773289063 261.6097605304687 0
v 401.3562577933203 261.86759650766015 0
v 400.6757662375 262.14387563099996 0
v 399.31967421640627 262.72177994015624 0
v 397.956615568125 263.283506706 0
v 397.2674157283203 263.5395639001992 0
v 396.5704045951562 263.76908917659375 0
v 395.86355895644533 263.96458669119136 0
v 395.1448556 264.11856059999997 0
v 395.1448556 264.11856059999997 0
v 390.88897768496093 265.13123114724607 0
v 386.64253062968754 266.2189960185937 0
v 382.42251988144534 267.406216293457 0
v 378.2459508875 268.71725305124994 0
v 376.1792712506592 269.42681544856197 0
v 374.1298290951172 270.1764673713867 0
v 372.09975010178226 270.9692539546508 0
v 370.0911599515625 271.8082203332812 0
v 368.1061843253662 272.69641164220457 0
v 366.1469489041016 273.63687301634764 0
v 364.21557936867674 274.6326495906372 0
v 362.3142014 275.6867865 0
v 362.3142014 275.6867865 0
v 361.20756517099613 276.3645212776245 0
v 360.1106326364063 277.0748707692773 0
v 359.02895641736336 277.8184164706274 0
v 357.96808913499996 278.59573987734365 0
v 356.9335834104492 279.40742248509514 0
v 355.9309918648438 280.25404578955073 0
v 354.96586711931644 281.13619128637936 0
v 354.043761795 282.05444047124996 0
v 353.1702285130274 283.0093748398315 0
v 352.35081989453124 284.0015758877929 0
v 351.963147528191 284.51183313393767 0
v 351.59108856064455 285.0316251108032 0
v 351.23533706953367 285.5610245053482 0
v 350.89658713250003 286.1001040045312 0
v 350.5755328271851 286.64893629531093 0
v 350.2728682312305 287.20759406464595 0
v 349.98928742227787 287.7761499994949 0
v 349.7254844779688 288.3546767868164 0
v 349.48215347594487 288.94324711356904 0
v 349.2599884938477 289.54193366671143 0
v 349.0596836093189 290.15080913320224 0
v 348.88193290000004 290.7699462 0
v 348.88193290000004 290.7699462 0
v 348.68637243663085 291.68094820400387 0
v 348.5281453459844 292.6021864223437 0
v 348.40852498100196 293.5312728382617 0
v 348.328784694625 294.46581943499996 0
v 348.2901978397949 295.4034381958008 0
v 348.29403776945315 296.34174110390626 0
v 348.34157783654103 297.2783401425586 0
v 348.434091394 298.210847295 0
v 348.57285179477145 299.1368745444727 0
v 348.75913239179687 300.0540338742187 0
v 348.9942065380176 300.9599372674805 0
v 349.279347586375 301.85219670749996 0
v 349.6158288898106 302.7284241775195 0
v 350.00492380126565 303.5862316607812 0
v 350.44790567368165 304.4232311405273 0
v 350.94604786 305.23703459999996 0
v 350.94604786 305.23703459999996 0
v 351.43800537901365 306.1059614955322 0
v 351.8910416027344 306.99309893894525 0
v 352.3045766018067 307.89687746796386 0
v 352.678030446875 308.8157276203125 0
v 353.010823208584 309.74807993371576 0
v 353.3023749575782 310.6923649458984 0
v 353.55210576450196 311.64701319458493 0
v 353.75943570000004 312.6104552175 0
v 353.92378483471686 313.58112155236813 0
v 354.0445732392969 314.557442736914 0
v 354.1212209843848 315.5378493088623 0
v 354.15314814062504 316.5207718059375 0
v 354.1397747786622 317.5046407658642 0
v 354.0805209691407 318.48788672636715 0
v 353.9748067827051 319.46894022517085 0
v 353.82205229000004 320.44623179999996 0
v 353.82205229000004 320.44623179999996 0
v 353.7596331391604 320.65944803559813 0
v 353.7130544534395 320.8677498425977 0
v 353.68239208772144 321.07114298130614 0
v 353.6677218968907 321.2696332120313 0
v 353.6691197358313 321.4632262950806 0
v 353.6866614594278 321.65192799076175 0
v 353.7204229225643 321.8357440593823 0
v 353.7704799801251 322.01468026125 0
v 353.8369084869945 322.1887423566723 0
v 353.9197842980568 322.35793610595704 0
v 354.0191832681961 322.5222672694116 0
v 354.135181252297 322.6817416073437 0
v 354.2678541052435 322.83636488006107 0
v 354.41727768192004 322.98614284787106 0
v 354.58352783721074 323.13108127108154 0
v 354.76668042600005 323.27118591 0
v 354.76668042600005 323.27118591 0
v 355.7775496170352 324.33663603890625 0
v 356.7801901649063 325.4136469574999 0
v 357.78348601426177 326.4923215710937 0
v 358.79632110975 327.56276278499996 0
v 359.82757939601953 328.6150735045312 0
v 360.8861448177188 329.63935663499996 0
v 361.9809013194962 330.62571508171874 0
v 363.12073284600007 331.56425175 0
v 363.12073284600007 331.56425175 0
v 363.22724516721877 330.46318322666014 0
v 363.3012146685625 329.3471686251562 0
v 363.35012922843754 328.2200067945117 0
v 363.38147672525 327.08549658375 0
v 363.40274503740636 325.9474368418945 0
v 363.42142204331253 324.80962641796873 0
v 363.444995621375 323.6758641609961 0
v 363.48095365000006 322.54994892 0
v 363.48095365000006 322.54994892 0
v 363.6163128159727 318.6264113916797 0
v 363.8136757114063 314.6838382621875 0
v 363.95139987517825 312.71160567769044 0
v 364.12357455232427 310.74204498972654 0
v 364.3365162698472 308.7776331305713 0
v 364.5965415547501 306.82084703249996 0
v 364.90996693403565 304.8741636277881 0
v 365.28310893470706 302.9400598487109 0
v 365.72228408376714 301.021012627544 0
v 366.23380890821875 299.1194988965625 0
v 366.823999935065 297.237995588042 0
v 367.4991736913086 295.3789796342578 0
v 367.8706030076429 294.4586784567279 0
v 368.2656467039527 293.54492796748536 0
v 368.68509434611326 292.6380377830646 0
v 369.12973550000004 291.73831752 0
v 369.12973550000004 291.73831752 0
v 369.25288732953135 291.5529211577564 0
v 369.36303927326566 291.3522646181133 0
v 369.46335845560156 291.1400472297026 0
v 369.5570120009375 290.91996832115626 0
v 369.73699067820314 290.47102325818355 0
v 369.92831230025 290.03502405825003 0
v 370.0361445265625 289.8311274785024 0
v 370.1563138622656 289.64156535041013 0
v 370.2919874317579 289.470037002605 0
v 370.4463323594375 289.3202417637188 0
v 370.5314963089722 289.2546501003177 0
v 370.6225157697031 289.1958789623833 0
v 370.7197866321802 289.14439076599456 0
v 370.82370478695316 289.1006479272305 0
v 370.93466612457183 289.06511286217 0
v 371.05306653558597 289.0382479868921 0
v 371.17930191054546 289.02051571747575 0
v 371.31376814000004 289.01237847 0
v 371.31376814000004 289.01237847 0
v 373.6203139189844 288.453302312168 0
v 375.94550215312495 287.95446538359374 0
v 378.2867863857031 287.5292020579102 0
v 380.64162016 287.19084670875 0
v 381.8233223575684 287.05842651712646 0
v 383.0074570192969 286.9527337097461 0
v 384.1937058380957 286.87543508331305 0
v 385.381750506875 286.82819743453126 0
v 386.57127271854495 286.812687560105 0
v 387.76195416601564 286.8305722567383 0
v 388.9534765421973 286.8835183211353 0
v 390.14552154 286.97319255 0
v 390.14552154 286.97319255 0
v 391.4136434895508 287.1003750809941 0
v 392.69123242765625 287.2391485325156 0
v 393.96947666724606 287.40535475487303 0
v 395.23956452125 287.61483559837495 0
v 395.8687961514478 287.74075458127663 0
v 396.49268430259764 287.88343291333 0
v 397.1101275138159 288.04485082582397 0
v 397.72002432421874 288.2269885500469 0
v 398.3212732729223 288.43182631728735 0
v 398.912772899043 288.66134435883396 0
v 399.49342174169675 288.9175229059754 0
v 400.06211834 289.20234219 0
v 400.06211834 289.20234219 0
v 400.82970329918203 289.6329938403589 0
v 401.574266589082 290.09418058599607 0
v 402.29542060385495 290.58468552500244 0
v 402.99277773765624 291.1032917554688 0
v 403.6659503846411 291.64878237548584 0
v 404.3145509389648 292.2199404831445 0
v 404.93819179478265 292.8155491765357 0
v 405.53648534625 293.43439155375 0
v 406.109043987522 294.0752507128784 0
v 406.6554801127539 294.73690975201174 0
v 407.17540611610104 295.41815176924075 0
v 407.66843439171873 296.11775986265627 0
v 408.1341773337621 296.8345171303491 0
v 408.5722473363867 297.5672066704102 0
v 408.9822567937475 298.3146115809302 0
v 409.36381809999995 299.07551496 0
v 409.36381809999995 299.07551496 0
v 409.5353867634277 299.4991614608789 0
v 409.7257998294843 299.88794480765625 0
v 409.83093361159547 300.0639718080102 0
v 409.94421121208 300.22493383154296 0
v 410.0667768701769 300.3687144821558 0
v 410.19977482512496 300.49319736374997 0
v 410.2705434886803 300.54754076738436 0
v 410.34434931616283 300.59626608022705 0
v 410.42133533747756 300.6391087527658 0
v 410.5016445825293 300.6758042354883 0
v 410.5854200812229 300.7060879788821 0
v 410.6728048634631 300.72969543343504 0
v 410.7639419591549 300.7463620496347 0
v 410.85897439820315 300.7558232779688 0
v 410.9580452105125 300.7578145689249 0
v 411.0612974259881 300.7520713729907 0
v 411.1688740745344 300.738329140654 0
v 411.2809181860566 300.71632332240233 0
v 411.5189809176477 300.646462730105 0
v 411.77662986 300.54037320000003 0
v 411.77662986 300.54037320000003 0
v 413.18786874013676 300.3519789028887 0
v 414.63600508046875 300.19358936873437 0
v 415.3671609559839 300.13706645609255 0
v 416.0994425858789 300.10174881618167 0
v 416.8301504332641 300.0922044763323 0
v 417.55658496124994 300.113001463875 0
v 418.2760466329468 300.1687078061404 0
v 418.98583591146485 300.263891530459 0
v 419.6832532599145 300.4031206641614 0
v 420.3655991414063 300.59096323457817 0
v 420.7002766767648 300.7045420670952 0
v 421.03017401905026 300.8319872690398 0
v 421.3549537261514 300.9738698438283 0
v 421.67427835595703 301.130760794877 0
v 421.98781046635594 301.30323112560217 0
v 422.29521261523684 301.4918518394202 0
v 422.5961473604886 301.69719393974736 0
v 422.89027726 301.91982843000005 0
v 422.89027726 301.91982843000005 0
v 423.5433988962378 302.4292894828565 0
v 424.1621827658398 302.9688113656641 0
v 424.7473484857642 303.53654693978035 0
v 425.2996156729688 304.13064906656257 0
v 425.81970394441163 304.74927060736826 0
v 426.3083329170508 305.39056442355474 0
v 426.76622220784424 306.0526833764796 0
v 427.19409143375003 306.7337803275001 0
v 427.59266021172607 307.4320081379737 0
v 427.96264815873053 308.14551966925796 0
v 428.3047748917212 308.87246778271003 0
v 428.6197600276563 309.6110053396876 0
v 428.9083231834937 310.3592852015479 0
v 429.1711839761914 311.11546022964853 0
v 429.40906202270753 311.87768328534673 0
v 429.62267694 312.6441072300001 0
v 429.62267694 312.6441072300001 0
v 429.9084826750215 313.6403454412501 0
v 430.18181787329695 314.63962745812506 0
v 430.4440914330176 315.6415657153126 0
v 430.69671225237505 316.6457726475001 0
v 430.9410892295606 317.6518606893751 0
v 431.17863126276563 318.6594422756251 0
v 431.41074725018166 319.66812984093764 0
v 431.63884609 320.6775358200001 0
v 431.63884609 320.6775358200001 0
v 432.5163909133789 320.67529898916223 0
v 433.4327193689063 320.66221800998443 0
v 433.8970629432837 320.6632293944569 0
v 434.36106500716795 320.67547185747077 0
v 434.82137975438235 320.7035927709017 0
v 435.27466137875 320.7522395066251 0
v 435.71756407409424 320.8260594365164 0
v 436.14674203423834 320.92969993245123 0
v 436.35513867418007 320.99415519639604 0
v 436.5588494530054 321.06780836630503 0
v 436.75745614494235 321.15124036366257 0
v 436.9505405242188 321.2450321099532 0
v 437.13768436506257 321.34976452666126 0
v 437.3184694417016 321.4660185352713 0
v 437.49247752836396 321.59437505726765 0
v 437.6592903992773 321.73541501413484 0
v 437.8184898286697 321.88971932735717 0
v 437.96965759076903 322.0578689184193 0
v 438.11237545980316 322.2404447088054 0
v 438.24622521 322.43802762000007 0
v 438.24622521 322.43802762000007 0
v 438.4474089688501 322.74195914928964 0
v 438.633560504082 323.05279108400396 0
v 438.8065334405932 323.3696867025367 0
v 438.9681814032812 323.6918092832813 0
v 439.2649169067774 324.3483884449805 0
v 439.53859601375 325.01583479625015 0
v 439.80404772337886 325.68745456423835 0
v 440.07610103484376 326.35655397609383 0
v 440.3695849473242 327.0164392589649 0
v 440.69932846 327.66041664000005 0
v 440.69932846 327.66041664000005 0
v 440.7739160919623 327.81450555495024 0
v 440.8381643886279 327.9691344433522 0
v 440.89232784772764 328.1241532233445 0
v 440.9366609669922 328.27941181306653 0
v 440.97141824415223 328.4347601306571 0
v 440.9968541769385 328.59004809425545 0
v 441.01322326308167 328.7451256220005 0
v 441.0207800003125 328.8998426320313 0
v 441.01047441896 329.2075947715064 0
v 440.9679734147266 329.512103857793 0
v 440.895312969458 329.8121692360035 0
v 440.79452906500006 330.10659025125005 0
v 440.66765768319823 330.3941662486451 0
v 440.5167348058985 330.6736965733009 0
v 440.34379641494627 330.9439805703297 0
v 440.15087849218753 331.2038175848438 0
v 439.94001701946786 331.45200696195565 0
v 439.7132479786328 331.68734804677746 0
v 439.4726073515284 331.9086401844215 0
v 439.22013112 332.1146827200001 0
v 439.22013112 332.1146827200001 0
v 438.6374703034961 332.82076133742197 0
v 438.0205506742187 333.503571856875 0
v 437.3659898300195 334.1527398166407 0
v 436.67040536875 334.75789075500006 0
v 436.3061722810425 335.04071782186526 0
v 435.9304148882617 335.3086502102344 0
v 435.5427103901392 335.5603911123926 0
v 435.1426359864063 335.79464372062506 0
v 434.7297688767944 336.01011122721684 0
v 434.3036862610352 336.20549682445323 0
v 433.8639653388599 336.3795037046192 0
v 433.41018331000004 336.5308350600001 0
v 433.41018331000004 336.5308350600001 0
v 432.67520538753905 336.78756881956065 0
v 431.92499606593753 336.99246772729697 0
v 431.1633899801172 337.15645320829105 0
v 430.39422176500005 337.29044668762504 0
v 429.6213260555079 337.40536959038093 0
v 428.8485374865626 337.5121433416407 0
v 428.079690693086 337.6216893664864 0
v 427.31862031000003 337.74492909 0
v 427.31862031000003 337.74492909 0
v 426.95760991611667 338.10332501092347 0
v 426.6119535762769 338.47145034988773 0
v 426.28130551694613 338.84892001555846 0
v 425.96531996458987 339.23534891660165 0
v 425.3759532866626 340.03354405946783 0
v 424.8410873542187 340.86295504781253 0
v 424.35795597898203 341.72050115096204 0
v 423.9237929726758 342.60310163824226 0
v 423.53583214702394 343.50767577897955 0
v 423.19130731375003 344.43114284250004 0
v 422.88745228457765 345.3704220981299 0
v 422.62150087123047 346.3224328151954 0
v 422.39068688543216 347.2840942630225 0
v 422.1922441389063 348.2523257109375 0
v 422.0234064433765 349.22404642826666 0
v 421.8814076105664 350.19617568433597 0
v 421.7634814521997 351.1656327484717 0
v 421.66686178 352.12933689000005 0
v 421.66686178 352.12933689000005 0
v 421.6079075279726 352.94676570000007 0
v 421.53639914465623 353.7707547618751 0
v 421.46113286894916 354.59836425093755 0
v 421.39090493975 355.4266543425 0
v 421.33451159595705 356.252685211875 0
v 421.3007490764687 357.0735170343751 0
v 421.29841362018357 357.8862099853126 0
v 421.33630146599995 358.68782424000005 0
v 421.33630146599995 358.68782424000005 0
v 422.5635885402578 357.9568321444336 0
v 423.7655480875625 357.1859692673438 0
v 424.9469914659609 356.3833378506446 0
v 426.11273003349993 355.55704013625007 0
v 427.2675751482265 354.71517836607427 0
v 428.4163381681875 353.8658547820313 0
v 429.5638304514297 353.0171716260352 0
v 430.714863356 352.17723114000006 0
v 430.714863356 352.17723114000006 0
v 432.2772646743008 350.9979624528516 0
v 433.8221634630313 349.79616535031255 0
v 435.3528374754336 348.57687581824223 0
v 436.87256446475004 347.34512984250006 0
v 438.38462218422274 346.10596340894534 0
v 439.8922883870938 344.8644125034375 0
v 441.39884082660546 343.62551311183597 0
v 442.907557256 342.39430122000005 0
v 442.907557256 342.39430122000005 0
v 443.03285085568973 342.4291485824891 0
v 443.14979221126765 342.47918592047466 0
v 443.25698773255937 342.54253048479717 0
v 443.35304382939063 342.6172995262969 0
v 443.4365669115872 342.7016102958142 0
v 443.5061633889746 342.7935800441895 0
v 443.56043967137873 342.89132602226294 0
v 443.59800216862504 342.99296548087506 0
v 443.6174572905393 343.0966156708661 0
v 443.61741144694736 343.2003938430762 0
v 443.6096401661569 343.2517425634011 0
v 443.5964710476746 343.30241724834593 0
v 443.5777298927285 343.3521825542658 0
v 443.55324250254694 343.40080313751565 0
v 443.522834678358 343.44804365445054 0
v 443.48633222138994 343.49366876142557 0
v 443.443560932871 343.5374431147957 0
v 443.3943466140293 343.579131370916 0
v 443.27589209029077 343.6553082168274 0
v 443.12957506000004 343.72031655 0
v 443.12957506000004 343.72031655 0
v 440.34409759200685 346.1238024416015 0
v 437.5104956426172 348.4750969921875 0
v 434.63020346246583 350.7741411216797 0
v 431.70465530218746 353.02087574999996 0
v 428.73528541241706 355.2152417970704 0
v 425.72352804378903 357.3571801828125 0
v 422.67081744693854 359.4466318271485 0
v 419.5785878725 361.48353765 0
v 416.4482735711084 363.4678385712891 0
v 413.28130879339847 365.3994755109375 0
v 410.0791277900049 367.2783893888672 0
v 406.84316481156253 369.104521125 0
v 403.57485410870606 370.87781163925786 0
v 400.2756299320704 372.5982018515625 0
v 396.9469265322901 374.26563268183594 0
v 393.59017816000005 375.88004505000004 0
v 393.59017816000005 375.88004505000004 0
v 392.66362629535166 376.20901890123787 0
v 391.72753393875 376.50824135443366 0
v 390.782720839961 376.7792616369361 0
v 389.83000674875 377.0236289760938 0
v 388.8702114148829 377.2428925992554 0
v 387.90415458812504 377.43860173376953 0
v 386.9326560182422 377.6123056069849 0
v 385.95653545500005 377.76555344625 0
v 383.99370734750005 378.01687793232423 0
v 382.0222282637501 378.20496901078127 0
v 380.048656201875 378.3422205004101 0
v 378.07954916000006 378.44102621999997 0
v 378.07954916000006 378.44102621999997 0
v 375.50542526375006 378.48287441173824 0
v 372.93592585249996 378.4233447342188 0
v 370.37140972250006 378.2749326239648 0
v 367.81223567000006 378.05013351749994 0
v 365.25876249125 377.7614428513476 0
v 362.7113489825 377.42135606203124 0
v 360.17035394000004 377.0423685860742 0
v 357.63613616000004 376.63697586 0
v 357.63613616000004 376.63697586 0
v 357.6252742880835 376.6727662574652 0
v 357.6195000932662 376.71061548487796 0
v 357.61853457019555 376.75040113570134 0
v 357.62209871351956 376.7920008033984 0
v 357.6416999779429 376.8801525632666 0
v 357.6760718437188 376.97409151218744 0
v 357.78019920805866 377.17541396800783 0
v 357.916624464 377.3881341525 0
v 358.0674912690039 377.60441804730465 0
v 358.2149432805313 377.8164316340625 0
v 358.341124156043 378.01634089441404 0
v 358.428177553 378.19631181 0
v 358.428177553 378.19631181 0
v 358.985997958293 379.11830526867186 0
v 359.48909321471876 380.06503201124997 0
v 359.94910551309766 381.0309290575781 0
v 360.37767704425005 382.0104334275 0
v 360.78644999899615 382.99798214085934 0
v 361.1870665681563 383.9880122175 0
v 361.5911689425508 384.97496067726564 0
v 362.010399313 385.95326454 0
v 362.010399313 385.95326454 0
v 363.1132451337031 387.32773813781256 0
v 364.28623063799995 388.65814272375 0
v 364.8990647033809 389.303498836875 0
v 365.5294804079218 389.9338533365626 0
v 366.177493324377 390.5478781026562 0
v 366.8431190255 391.14424501499997 0
v 367.52637308404496 391.7216259534375 0
v 368.22727107276563 392.2786927978125 0
v 368.94582856441605 392.81411742796877 0
v 369.68206113175006 393.32657172375 0
v 370.4359843475215 393.814727565 0
v 371.20761378448435 394.27725683156245 0
v 371.9969650153926 394.71283140328126 0
v 372.804053613 395.12012316 0
v 372.804053613 395.12012316 0
v 373.9554750058711 395.5771566007617 0
v 375.1445363678438 395.98722492421876 0
v 375.75030302436477 396.16765393196044 0
v 376.36202485770707 396.3279497783789 0
v 376.9785502627193 396.4653151694751 0
v 377.59872763425005 396.57695281125007 0
v 378.221405367148 396.66006540970466 0
v 378.84543185626177 396.7118556708399 0
v 379.46965549643994 396.72952630065674 0
v 380.09292468253125 396.7102800051563 0
v 380.7140878093843 396.65131949033935 0
v 381.3319932718477 396.5498474622071 0
v 381.94548946477005 396.4030666267603 0
v 382.553424783 396.20817969 0
v 382.553424783 396.20817969 0
v 387.058078479875 394.77445133396486 0
v 391.549376983 393.29161679859374 0
v 396.037884848625 391.7955979529883 0
v 400.53416663300004 390.32231666625 0
v 405.0487868923751 388.9076948074805 0
v 409.5923101830001 387.5876542457813 0
v 411.8782118888594 386.9743275354273 0
v 414.1753010611251 386.3981168502539 0
v 416.4848982693282 385.86351242389895 0
v 418.80832408300006 385.37500449000004 0
v 418.80832408300006 385.37500449000004 0
v 420.3771729366914 385.106460110795 0
v 421.95474627003125 384.8700587207344 0
v 423.539323605168 384.67149244902544 0
v 425.12918446425005 384.516453424875 0
v 426.7226083694258 384.4106337774902 0
v 428.3178748428438 384.35972563607817 0
v 429.9132634066524 384.36942112984576 0
v 431.507053583 384.445412388 0
v 431.507053583 384.445412388 0
v 432.31076546251415 383.87828856347613 0
v 433.0924411166133 383.2819415168086 0
v 433.85009704363233 382.6571512527291 0
v 434.58174974190626 382.0046977759688 0
v 435.28541570977006 381.32536109125925 0
v 435.9591114455586 380.619921203332 0
v 436.60085344760694 379.88915811691845 0
v 437.20865821425 379.13385183675 0
v 437.7805422438228 378.35478236755813 0
v 438.3145220346602 377.5527297140743 0
v 438.8086140850972 376.7284738810298 0
v 439.26083489346877 375.8827948731563 0
v 439.6692009581099 375.01647269518514 0
v 440.0317287773555 374.1302873518477 0
v 440.34643484954057 373.2250188478755 0
v 440.61133567300004 372.30144718800005 0
v 440.61133567300004 372.30144718800005 0
v 440.9371233324375 371.01122059999227 0
v 441.22422478287507 369.69632453456256 0
v 441.51227305675 368.3756575271016 0
v 441.84090118650005 367.0681181130001 0
v 442.0328180199649 366.42517704576863 0
v 442.2497422045625 365.79260482764846 0
v 442.49662786934766 365.17276377556357 0
v 442.77842914337504 364.56801620643756 0
v 443.10010015569924 363.9807244371944 0
v 443.466595035375 363.41325078475785 0
v 443.6681995907993 363.1376839763808 0
v 443.882867911457 362.8679575660518 0
v 444.11121926348 362.60436684338646 0
v 444.35387291300003 362.34720709800007 0
v 444.35387291300003 362.34720709800007 0
v 445.1110442159175 361.5533887304049 0
v 445.90696504665243 360.8049041314571 0
v 446.73813169130324 360.0979206287887 0
v 447.6010404359688 359.42860555003125 0
v 448.4921875667476 358.7931262228169 0
v 449.40806936973837 358.1876499747774 0
v 450.34518213103956 357.6083441335445 0
v 451.30002213675 357.05137602675006 0
v 453.24886902579294 355.9891223270039 0
v 455.2265803256562 354.9702274965938 0
v 457.20512632512884 353.96403015657427 0
v 459.156477313 352.939868928 0
v 459.156477313 352.939868928 0
v 460.3104715324531 353.5687391391914 0
v 461.489815703625 354.19337330878125 0
v 462.6953819007344 354.786111325793 0
v 463.928042198 355.31929307925003 0
v 464.5548051573848 355.55490657246537 0
v 465.18866866964066 355.76525845817577 0
v 465.8297417440449 355.9468912225093 0
v 466.47813338987504 356.0963473515938 0
v 467.13395261640824 356.21016933155715 0
v 467.7973084329219 356.28489964852736 0
v 468.46830984869337 356.3170807886323 0
v 469.14706587300003 356.303255238 0
v 469.14706587300003 356.303255238 0
v 469.42063167521076 356.25275774159445 0
v 469.6865348259981 356.18917861059157 0
v 469.94499124159495 356.1130514507182 0
v 470.1962168382344 356.02490986770124 0
v 470.44042753214916 355.9252874672674 0
v 470.6778392395723 355.8147178551438 0
v 470.9086678767365 355.6937346370572 0
v 471.13312935987506 355.5628714187344 0
v 471.5638145290059 355.27363940428785 0
v 471.9716220768281 354.9512906576192 0
v 472.3582793332051 354.60009402454324 0
v 472.725513628 354.224318350875 0
v 473.07505229107625 353.8282324824295 0
v 473.4086226522969 353.41610526502154 0
v 473.72795204152544 352.9922055444661 0
v 474.03476778862506 352.5608021665781 0
v 474.61776767589066 351.6925598220645 0
v 475.17144095300006 350.845528998 0
v 475.17144095300006 350.845528998 0
v 475.52856642818807 350.22543249842727 0
v 475.86501299919144 349.59475431376177 0
v 476.1799501710445 348.95415924258253 0
v 476.4725474487813 348.3043120834688 0
v 476.74197433743615 347.6458776349995 0
v 476.987400342043 346.97952069575393 0
v 477.2079949676363 346.30590606431105 0
v 477.4029277192501 345.6256985392499 0
v 477.5713681019185 344.9395629191499 0
v 477.71248562067586 344.2481640025898 0
v 477.82544978055626 343.5521665881489 0
v 477.90943008659383 342.85223547440626 0
v 477.9635960438228 342.14903545994093 0
v 477.9871171572774 341.443231343332 0
v 477.97916293199177 340.73548792315864 0
v 477.9389028730001 340.026469998 0
v 477.9389028730001 340.026469998 0
v 477.9113107821285 338.987227053249 0
v 477.83337960852737 337.9550881924921 0
v 477.70878903821733 336.9298221172236 0
v 477.54121875721876 335.91119752893746 0
v 477.3343484515524 334.89898312912794 0
v 477.0918578072383 333.89294761928903 0
v 476.8174265102974 332.89285970091504 0
v 476.51473424675004 331.8984880755 0
v 475.839285563918 329.9259685095234 0
v 475.0949492469063 327.9735385333125 0
v 474.3111627838789 326.0393477588203 0
v 473.517363663 324.121545798 0
v 473.517363663 324.121545798 0
v 473.2134896506406 323.4014453117695 0
v 472.887249675375 322.68665139815624 0
v 472.54754487417193 321.97543773727733 0
v 472.203276384 321.26607800925 0
v 471.8633453418281 320.5568458941914 0
v 471.536652884625 319.84601507221873 0
v 471.23210014935944 319.13185922344917 0
v 470.95858827300003 318.41265202799997 0
v 470.95858827300003 318.41265202799997 0
v 471.1250462077598 316.771599664875 0
v 471.2529279394531 315.09935302049996 0
v 471.29078930899243 314.25751074675 0
v 471.3050705235762 313.415044587375 0
v 471.2911262151414 312.5743461039375 0
v 471.24431101562504 311.737806858 0
v 471.1599795569641 310.907818411125 0
v 471.03348647109567 310.08677232487497 0
v 470.86018638995677 309.2770601608125 0
v 470.63543394548435 308.4810734805 0
v 470.50231140947847 308.0889745597383 0
v 470.3545837696155 307.7012038455 0
v 470.1916703548877 307.31806028298047 0
v 470.0129904942871 306.939842817375 0
v 469.817963516806 306.5668503938789 0
v 469.6060087514363 306.1993819576875 0
v 469.37654552717026 305.8377364539961 0
v 469.128993173 305.482212828 0
v 469.128993173 305.482212828 0
v 468.6502007563204 304.91533908452345 0
v 468.1361939826876 304.3788963076875 0
v 467.589402201711 303.8734067653828 0
v 467.01225476300004 303.3993927255 0
v 466.4071810161641 302.95737645592965 0
v 465.77661031081254 302.5478802245625 0
v 465.1229719965547 302.171426299289 0
v 464.44869542300006 301.82853694799996 0
v 464.44869542300006 301.82853694799996 0
v 464.1129390624043 300.34960603032414 0
v 463.73036788901567 298.8753885212812 0
v 463.2994775748067 297.4094965768476 0
v 462.81876379175003 295.95554235299994 0
v 462.2867222118184 294.5171380057148 0
v 461.7018485069844 293.0978956909687 0
v 461.0626383492207 291.70142756473825 0
v 460.3675874105 290.33134578299996 0
v 459.6151913627949 288.99126250173043 0
v 458.80394587807814 287.6847898769062 0
v 457.9323466283223 286.4155400645039 0
v 456.9988892855 285.1871252205 0
v 456.5084937266804 284.5893597103901 0
v 456.00206952158396 284.00315750087105 0
v 455.4794286292073 283.42897011143987 0
v 454.94038300854686 282.8672490615937 0
v 454.38474461859937 282.3184458708296 0
v 453.8123254183614 281.7830120586445 0
v 453.2229373668294 281.2613991445356 0
v 452.61639242300004 280.75405864799995 0
v 452.61639242300004 280.75405864799995 0
v 451.84766181200064 280.1181768808326 0
v 451.06278480523883 279.5064368213642 0
v 450.26235758613205 278.91832842389533 0
v 449.44697633809767 278.35334164272655 0
v 448.6172372445531 277.8109664321583 0
v 447.7737364889155 277.2906927464911 0
v 446.91707025460255 276.79201054002573 0
v 446.0478347250313 276.31440976706244 0
v 444.27404051378375 275.4204123388447 0
v 442.4571233225117 274.6046200962422 0
v 440.6018526185542 273.86295267365915 0
v 438.71299786925 273.1913297054999 0
v 436.79532854193803 272.5856708261689 0
v 434.85361410395706 272.0418956700703 0
v 432.89262402264603 271.5559238716083 0
v 430.91712776534376 271.1236750651874 0
v 428.93189479938917 270.74106888521186 0
v 426.94169459212117 270.4040249660859 0
v 424.95129661087844 270.1084629422138 0
v 422.96547032300003 269.8503024479999 0
v 422.96547032300003 269.8503024479999 0
v 421.9253590299532 269.7424556055878 0
v 420.8606253442501 269.6063031432655 0
v 420.32736742842 269.5197620023322 0
v 419.7979647035469 269.4167240936542 0
v 419.2757540993379 269.29404929630925 0
v 418.7640725455 269.1485974893749 0
v 418.2662569717403 268.9772285519289 0
v 417.78564430776566 268.7768023630487 0
v 417.32557148328317 268.54417880181217 0
v 416.889375428 268.27621774729676 0
v 416.6812739793416 268.12800437227133 0
v 416.4803930716231 267.96977907858025 0
v 416.2871498210579 267.8011493511083 0
v 416.10196134385944 267.62172267474017 0
v 415.925244756241 267.43110653436054 0
v 415.75741717441605 267.2289084148542 0
v 415.5988957145979 267.0147358011057 0
v 415.45009749300004 266.7881961779999 0
v 415.45009749300004 266.7881961779999 0
v 415.30364756482743 266.5555888022431 0
v 415.18065834858794 266.307008241164 0
v 415.0763009668865 266.0458666646747 0
v 414.9857465423282 265.7755762426874 0
v 414.8267310550606 265.2211975418671 0
v 414.6649808676251 264.6711694979999 0
v 414.5710080678568 264.406317397204 0
v 414.4618649608614 264.1527894703827 0
v 414.33272266924394 263.91399788744815 0
v 414.1787523156094 263.6933548183124 0
v 414.0909475913498 263.5909052795166 0
v 413.9951250225628 263.49427243288767 0
v 413.890680999574 263.4038827996643 0
v 413.777011912709 263.32016290108584 0
v 413.65351415229355 263.24353925839114 0
v 413.51958410865313 263.17443839281924 0
v 413.3746181721134 263.1132868256092 0
v 413.218012733 263.06051107799993 0
v 413.218012733 263.06051107799993 0
v 412.63209368110546 262.7707501171523 0
v 412.0453486503438 262.47450003684366 0
v 411.4570313943477 262.1769950956758 0
v 410.86639566675 261.88346955224995 0
v 410.27269522118365 261.5991576651679 0
v 409.6751838112813 261.3292936930312 0
v 409.0731151906758 261.0791118944414 0
v 408.46574311300003 260.85384652799996 0
v 408.46574311300003 260.85384652799996 0
v 408.2017287685567 260.8557504819844 0
v 407.9377138012032 260.8576780679999 0
v 407.6736975880293 260.8596245596406 0
v 407.40967950612503 260.86158523049994 0
v 407.1456589325801 260.8635553541718 0
v 406.8816352444844 260.8655302042499 0
v 406.61760781892775 260.86750505432803 0
v 406.353576033 260.8694751779999 0
v 406.353576033 260.8694751779999 0
v 406.353651778875 260.86951803074993 0
v 406.35372752475 260.8695608834999 0
v 406.353803270625 260.8696037362499 0
v 406.3538790165 260.8696465889999 0
v 406.353954762375 260.8696894417499 0
v 406.35403050825 260.86973229449995 0
v 406.354106254125 260.8697751472499 0
v 406.354182 260.86981799999995 0
v 254.660443 302.421861 0
v 252.42381660205075 302.43366391954095 0
v 250.18770721953123 302.4887010494531 0
v 247.9532796944336 302.58754605729484 0
v 245.72169886875 302.73077261062497 0
v 243.49412958447263 302.9189543770019 0
v 241.27173668359376 303.1526650239843 0
v 239.05568500810546 303.43247821913076 0
v 236.84713939999997 303.7589676299999 0
v 234.64726470126953 304.13270692415034 0
v 232.45722575390624 304.55426976914055 0
v 230.27818739990232 305.0242298325292 0
v 228.11131448124996 305.5431607818749 0
v 225.9577718399414 306.1116362847363 0
v 223.81872431796873 306.7302300086718 0
v 221.69533675732418 307.3995156212402 0
v 219.58877399999997 308.12006678999995 0
v 219.58877399999997 308.12006678999995 0
v 217.36779017380368 308.9212647763037 0
v 215.16817372324218 309.7730521473046 0
v 212.99038715910643 310.67390493238764 0
v 210.8348929921875 311.6222991609374 0
v 208.70215373327636 312.6167108623388 0
v 206.59263189316403 313.6556160659765 0
v 204.50678998264158 314.73749080123525 0
v 202.44509051249997 315.86081109749995 0
v 200.40799599353025 317.0240529841552 0
v 198.39596893652342 318.22569249058586 0
v 196.40947185227049 319.4642056461767 0
v 194.44896725156252 320.73806848031245 0
v 192.51491764519042 322.04575702237787 0
v 190.6077855439453 323.38574730175776 0
v 188.72803345861817 324.75651534783685 0
v 186.8761239 326.15653718999994 0
v 186.8761239 326.15653718999994 0
v 187.07799899828248 326.6311213526367 0
v 187.30306957335353 327.0965280159374 0
v 187.54896238423612 327.55363510986325 0
v 187.81330418995316 328.0033205643749 0
v 188.38784182198242 328.88393827499993 0
v 189.007696541625 329.74540458749993 0
v 189.65388242106445 330.59474294156246 0
v 190.30741353248436 331.43897677687494 0
v 190.94930394806835 332.285129533125 0
v 191.56056773999998 333.14022464999994 0
v 191.56056773999998 333.14022464999994 0
v 193.55256018956052 335.6691190849364 0
v 195.62790611585936 338.1491853123046 0
v 197.78595084032224 340.57330565969227 0
v 200.026039684375 342.9343624546874 0
v 202.34751796944335 345.22523802487785 0
v 204.74973101695312 347.43881469785146 0
v 205.98090848956906 348.5143916752532 0
v 207.23202414833005 349.5679748011962 0
v 208.50299615841428 350.598674366629 0
v 209.79374268499998 351.6056006624999 0
v 211.10418189326532 352.58786397975757 0
v 212.43423194838866 353.54457460935043 0
v 213.78381101554805 354.4748428422271 0
v 215.15283725992185 355.37777896933585 0
v 216.54122884668823 356.2524932816253 0
v 217.94890394102535 357.0980960700439 0
v 219.37578070811153 357.91369762554007 0
v 220.82177731312498 358.6984082390625 0
v 222.2868119212439 359.45133820155934 0
v 223.77080269764645 360.1715978039794 0
v 225.27366780751095 360.8582973372711 0
v 226.7953254160156 361.51054709238275 0
v 228.3356936883386 362.12745736026295 0
v 229.89469078965817 362.7081384318603 0
v 231.4722348851526 363.2517005981231 0
v 233.06824414 363.75725414999994 0
v 233.06824414 363.75725414999994 0
v 234.56883366822262 364.18078962956537 0
v 236.08031042015625 364.5747463726172 0
v 237.60171137669923 364.93827982943844 0
v 239.13207351875 365.2705454503125 0
v 240.670433827207 365.57069868552236 0
v 242.21582928296877 365.8378949853515 0
v 243.7672968669336 366.0712898000829 0
v 245.32387356 366.2700385799999 0
v 246.8845963430664 366.43329677538566 0
v 248.44850219703125 366.5602198365234 0
v 250.01462810279298 366.6499632136962 0
v 251.58201104125 366.7016823571874 0
v 253.1496879933008 366.7145327172801 0
v 254.71669593984376 366.68766974425773 0
v 256.28207186177735 366.6202488884032 0
v 257.84485274 366.5114255999999 0
v 257.84485274 366.5114255999999 0
v 257.9400769432375 366.44231636721184 0
v 258.02446381981423 366.36442762064934 0
v 258.0985799084638 366.2782183165139 0
v 258.16299174791993 366.1841474110077 0
v 258.2182658769164 366.0826738603326 0
v 258.26496883418673 365.9742566206903 0
v 258.30366715846486 365.859354648283 0
v 258.3349273884844 365.73842689931234 0
v 258.3773997206824 365.4803298964892 0
v 258.3969181406504 365.2036372618358 0
v 258.3980149582581 364.91202064496764 0
v 258.385222483375 364.6091516954999 0
v 258.33609889561524 363.98434339722644 0
v 258.2858058563281 363.35858556393737 0
v 258.2715515670359 363.0545296957001 0
v 258.2706018444707 362.7612513925546 0
v 258.2874889985022 362.4824223041161 0
v 258.326745339 362.2217140799999 0
v 258.326745339 362.2217140799999 0
v 258.29802126983793 361.64404443691393 0
v 258.28504374651567 361.07067346031243 0
v 258.2893187555589 360.7869669372509 0
v 258.3033609802793 360.50597543917957 0
v 258.32911394708276 360.22824575222154 0
v 258.368521182375 359.95432466249986 0
v 258.4235262125618 359.68475895613756 0
v 258.49607256404886 359.4200954192577 0
v 258.588103763242 359.1608808379833 0
v 258.7015633365469 358.9076619984374 0
v 258.8383948103694 358.66098568674306 0
v 259.00054171111526 358.42139868902336 0
v 259.1899475651902 358.1894477914013 0
v 259.408555899 357.9656797799999 0
v 259.408555899 357.9656797799999 0
v 259.8338309474293 357.42461753800956 0
v 260.2748192744029 356.8996026637646 0
v 260.73089647088693 356.3900975654789 0
v 261.20143812784767 355.8955646513671 0
v 262.1834171870639 354.9492650085204 0
v 263.2157611797813 354.0564030009374 0
v 264.293474833729 353.21267789433097 0
v 265.4115628766367 352.413788954414 0
v 266.5650300362339 351.65543544689933 0
v 267.74888104025 350.9333166374999 0
v 268.95812061641453 350.2431317919286 0
v 270.18775349245703 349.5805801758984 0
v 271.4327843961069 348.941361055122 0
v 272.6882180550937 348.3211736953124 0
v 275.21031254999605 347.12069132144524 0
v 277.714074799 345.9447271799999 0
v 277.714074799 345.9447271799999 0
v 277.9820244302647 345.7813278447692 0
v 278.2730432277109 345.63537280357616 0
v 278.5815240655674 345.502622307544 0
v 278.9018598180625 345.3788366077968 0
v 279.55566756388276 345.1412006016503 0
v 280.18960945900005 344.8885467941249 0
v 280.4851128981162 344.74598884265396 0
v 280.75882849724223 344.58695719420894 0
v 280.8857636300053 344.4999388120972 0
v 281.00514913060647 344.4072120999133 0
v 281.11628410832435 344.30824708904754 0
v 281.21846767243755 344.20251381089054 0
v 281.3109989322245 344.08948229683267 0
v 281.3931769969639 343.96862257826433 0
v 281.46430097593424 343.83940468657596 0
v 281.5236699784141 343.7012986531581 0
v 281.57058311368206 343.55377450940114 0
v 281.6043394910166 343.3963022866955 0
v 281.62423821969645 343.2283520164316 0
v 281.62957840900003 343.0493937299999 0
v 281.62957840900003 343.0493937299999 0
v 281.91579362699 341.8722544365673 0
v 282.1553631055762 340.68800987753895 0
v 282.34913426730793 339.4977976398192 0
v 282.49795453473445 338.3027553103124 0
v 282.60267133040503 337.1040204759228 0
v 282.6641320768692 335.90273072355455 0
v 282.68318419667605 334.7000236401122 0
v 282.66067511237503 333.4970368124999 0
v 282.59745224651545 332.29490782762196 0
v 282.49436302164656 331.0947742723827 0
v 282.35225486031766 329.8977737336864 0
v 282.17197518507817 328.7050437984374 0
v 281.95437141847736 327.5177220535399 0
v 281.7002909830645 326.33694608589826 0
v 281.41058130138896 325.1638534824168 0
v 281.08608979600007 323.99958182999984 0
v 281.08608979600007 323.99958182999984 0
v 281.7451515813516 323.3871317695384 0
v 282.3628695738126 322.7426935392772 0
v 282.9388426192423 322.06837290090067 0
v 283.4726695635 321.3662756160936 0
v 283.9639492524454 320.63850744654036 0
v 284.41228053193754 319.8871741539256 0
v 284.81726224783597 319.114381499934 0
v 285.178493246 318.3222352462499 0
v 285.49557237228913 317.5128411545579 0
v 285.76809847256254 316.68830498654285 0
v 285.9956703926797 315.85073250388905 0
v 286.17788697850006 315.00222946828114 0
v 286.31434707588284 314.14490164140364 0
v 286.40464953068755 313.28085478494125 0
v 286.4483931887734 312.41219466057845 0
v 286.445176896 311.54102702999984 0
v 286.445176896 311.54102702999984 0
v 286.4730008599864 310.8298620117186 0
v 286.49806794820313 310.1186119181249 0
v 286.52103483253717 309.40729565484355 0
v 286.542558184875 308.6959321274999 0
v 286.56329467710356 307.9845402417186 0
v 286.5839009811094 307.27313890312485 0
v 286.6050337687793 306.5617470173436 0
v 286.627349712 305.85038348999984 0
v 286.627349712 305.85038348999984 0
v 282.6763103234063 305.0774006227733 0
v 278.71254363450004 304.37199827531236 0
v 274.73601974559375 303.74958689519514 0
v 270.7467087570001 303.2255769299998 0
v 268.747248756668 303.0052882428661 0
v 266.7445807690313 302.8153788273045 0
v 264.738701056629 302.6577749892625 0
v 262.72960588200004 302.53440303468733 0
v 260.7172915076836 302.44718926952623 0
v 258.7017541962188 302.3980599997264 0
v 256.68299021014457 302.3889415312352 0
v 254.66099581200007 302.42176016999986 0
v 254.66099581200007 302.42176016999986 0
v 254.66092671050006 302.42177277374986 0
v 254.66085760900006 302.4217853774999 0
v 254.66078850750003 302.4217979812499 0
v 254.66071940600003 302.4218105849999 0
v 254.66065030450002 302.42182318874995 0
v 254.660581203 302.42183579249996 0
v 254.6605121015 302.42184839624997 0
v 254.660443 302.421861 0
v 245.28368838 318.3499761 0
v 246.52200269000366 318.35460170579 0
v 247.76099013229492 318.39001860761715 0
v 248.99966066904418 318.45612890979197 0
v 250.23702426242184 318.552834716625 0
v 251.47209087459834 318.6800381324267 0
v 252.70387046774414 318.8376412615078 0
v 253.9313730040295 319.0255462081787 0
v 255.153608445625 319.24365507675 0
v 256.36958675470095 319.49186997153214 0
v 257.5783178934277 319.7700929968359 0
v 258.7788118239758 320.0782262569717 0
v 259.9700785085156 320.41617185624995 0
v 261.1511279092175 320.7838318989815 0
v 262.32096998825193 321.18110848947657 0
v 263.47861470778923 321.6079037320459 0
v 264.62307203 322.064119731 0
v 265.75335191705443 322.5496585906493 0
v 266.868464331123 323.06442241530465 0
v 267.9674192343762 323.6083133092763 0
v 269.04922658898437 324.18123337687496 0
v 270.1128963571179 324.7830847224111 0
v 271.15743850094725 325.4137694501953 0
v 272.1818629826428 326.07318966453806 0
v 273.185179764375 326.76124746974995 0
v 274.16639880831417 327.4778449701416 0
v 275.12453007663083 328.2228842700234 0
v 276.05858353149534 328.99626747370604 0
v 276.9675691350781 329.7978966855 0
v 277.85049684954953 330.6276740097158 0
v 278.7063766370801 331.485501550664 0
v 279.5342184598401 332.37128141265526 0
v 280.33303228 333.2849157 0
v 280.33303228 333.2849157 0
v 280.47449951090084 333.3781052427466 0
v 280.61083804217577 333.49545579022265 0
v 280.7392050053081 333.63266781928274 0
v 280.8567575317813 333.7854418067812 0
v 280.96065275307865 333.9494782295728 0
v 281.0480478006836 334.1204775645117 0
v 281.1160998060796 334.29414028845264 0
v 281.16196590075003 334.46616687825 0
v 281.17569083515167 334.5502230218618 0
v 281.18280321617823 334.6322578107583 0
v 281.1829476852651 334.71173380454604 0
v 281.1757688838477 334.788113562832 0
v 281.1609114533614 334.86085964522294 0
v 281.13802003524177 334.9294346113257 0
v 281.10673927092404 334.99330102074697 0
v 281.0667138018438 335.05192143309375 0
v 281.0175882694364 335.1047584079727 0
v 280.9590073151372 335.15127450499074 0
v 280.8906155803818 335.1909322837546 0
v 280.8120577066055 335.2231943038711 0
v 280.72297833524374 335.24752312494707 0
v 280.62302210773197 335.26338130658934 0
v 280.5118336655056 335.2702314084047 0
v 280.38905765000004 335.26753599 0
v 280.38905765000004 335.26753599 0
v 278.84751157136725 333.6588530108789 0
v 277.25283623968755 332.0825919970313 0
v 275.5994827712891 330.5547270199805 0
v 273.88190228250005 329.09123215125 0
v 272.99729287931154 328.38861540485595 0
v 272.0945458896485 327.7080814623632 0
v 271.17296770305177 327.0516270827124 0
v 270.23186470906256 326.42124902484375 0
v 269.2705432972217 325.81894404769776 0
v 268.2883098570704 325.2467089102148 0
v 267.28447077814945 324.70654037133545 0
v 266.25833245000007 324.20043519 0
v 266.25833245000007 324.20043519 0
v 265.2328753325043 323.7159534895752 0
v 264.1968063565186 323.2624282730859 0
v 263.1506450680451 322.8391526473975 0
v 262.094911013086 322.44541971937497 0
v 261.0301237376435 322.0805225958838 0
v 259.95680278771977 321.74375438378905 0
v 258.8754677093171 321.43440818995606 0
v 257.78663804843757 321.15177712125 0
v 256.6908333510834 320.89515428453615 0
v 255.5885731632569 320.6638327866797 0
v 254.48037703096017 320.4571057345459 0
v 253.3667645001954 320.2742662349999 0
v 251.12536842727053 319.97742232113285 0
v 248.86854131250007 319.7676459 0
v 246.60043952390143 319.6392818265235 0
v 244.32521942949222 319.586674955625 0
v 242.04703739729007 319.60417014222656 0
v 239.77004979531256 319.68611224125004 0
v 237.4984129915772 319.8268461076172 0
v 235.2362833541016 320.02071659625 0
v 232.98781725090336 320.26206856207034 0
v 230.75717105000004 320.54524686 0
v 230.75717105000004 320.54524686 0
v 228.1066584354688 320.95154398391014 0
v 225.47226175250003 321.43523766440626 0
v 222.85102093203128 321.98024937638667 0
v 220.23997590500005 322.57050059475 0
v 217.6361666023438 323.18991279439456 0
v 215.03663295500007 323.82240745021875 0
v 212.43841489390633 324.4519060371211 0
v 209.83855235000007 325.06233003 0
v 209.83855235000007 325.06233003 0
v 209.74791594397652 325.0637656082025 0
v 209.6647696043311 325.05727577854975 0
v 209.5889969792331 325.0433971727765 0
v 209.52048171685166 325.0226664226172 0
v 209.45910746535588 324.9956201598065 0
v 209.40475787291513 324.96279501607916 0
v 209.35731658769842 324.92472762316953 0
v 209.31666725787505 324.88195461281254 0
v 209.2826935316142 324.8350126167425 0
v 209.255279057085 324.78443826669434 0
v 209.2343074824567 324.73076819440246 0
v 209.2196624558985 324.6745390316016 0
v 209.2112276255795 324.61628741002625 0
v 209.208886639669 324.5565499614111 0
v 209.2125231463361 324.4958633174909 0
v 209.22202079375006 324.43476411000006 0
v 209.25813410349517 324.3134745312451 0
v 209.31629575425788 324.19697427902344 0
v 209.35335382794378 324.1418617296991 0
v 209.39557493139165 324.08955640721194 0
v 209.4428427127707 324.0405949432966 0
v 209.49504082025004 323.9955139696875 0
v 209.552052901999 323.9548501181195 0
v 209.61376260618658 323.9191400203272 0
v 209.68005358098213 323.88892030804504 0
v 209.75080947455479 323.8647276130078 0
v 209.8259139350737 323.8470985669501 0
v 209.90525061070807 323.83656980160646 0
v 209.98870314962716 323.8336779487115 0
v 210.07615520000007 323.83895964 0
v 210.07615520000007 323.83895964 0
v 212.94486431388682 323.0018577547852 0
v 215.83609910484384 322.23301344703117 0
v 218.74712998056648 321.5297692948242 0
v 221.67522734875007 320.88946787624997 0
v 224.61766161708994 320.3094517693945 0
v 227.5717031932813 319.78706355234374 0
v 230.5346224850196 319.31964580318356 0
v 233.50368990000007 318.9045411 0
v 233.50368990000007 318.9045411 0
v 234.97184511929694 318.7720751557793 0
v 236.44179930312507 318.6584549293594 0
v 237.91325843789068 318.5632783217285 0
v 239.38592851000007 318.486143233875 0
v 240.85951550585943 318.4266475667871 0
v 242.3337254118751 318.38438922145315 0
v 243.80826421445317 318.35896609886134 0
v 245.28283790000006 318.3499761 0
v 245.28283790000006 318.3499761 0
v 245.28294421000004 318.3499761 0
v 245.28305052000005 318.3499761 0
v 245.28315683000005 318.3499761 0
v 245.28326314000003 318.3499761 0
v 245.28336945 318.3499761 0
v 245.28347576000002 318.3499761 0
v 245.28358207000002 318.3499761 0
v 245.28368838 318.3499761 0
v 254.660443 302.421861 0
v 252.42381660205075 302.43366391954095 0
v 250.18770721953123 302.4887010494531 0
v 247.9532796944336 302.58754605729484 0
v 245.72169886875 302.73077261062497 0
v 243.49412958447263 302.9189543770019 0
v 241.27173668359376 303.1526650239843 0
v 239.05568500810546 303.43247821913076 0
v 236.84713939999997 303.7589676299999 0
v 234.64726470126953 304.13270692415034 0
v 232.45722575390624 304.55426976914055 0
v 230.27818739990232 305.0242298325292 0
v 228.11131448124996 305.5431607818749 0
v 225.9577718399414 306.1116362847363 0
v 223.81872431796873 306.7302300086718 0
v 221.69533675732418 307.3995156212402 0
v 219.58877399999997 308.12006678999995 0
v 219.58877399999997 308.12006678999995 0
v 217.36779017380368 308.9212647763037 0
v 215.16817372324218 309.7730521473046 0
v 212.99038715910643 310.67390493238764 0
v 210.8348929921875 311.6222991609374 0
v 208.70215373327636 312.6167108623388 0
v 206.59263189316403 313.6556160659765 0
v 204.50678998264158 314.73749080123525 0
v 202.44509051249997 315.86081109749995 0
v 200.40799599353025 317.0240529841552 0
v 198.39596893652342 318.22569249058586 0
v 196.40947185227049 319.4642056461767 0
v 194.44896725156252 320.73806848031245 0
v 192.51491764519042 322.04575702237787 0
v 190.6077855439453 323.38574730175776 0
v 188.72803345861817 324.75651534783685 0
v 186.8761239 326.15653718999994 0
v 186.8761239 326.15653718999994 0
v 187.07799899828248 326.6311213526367 0
v 187.30306957335353 327.0965280159374 0
v 187.54896238423612 327.55363510986325 0
v 187.81330418995316 328.0033205643749 0
v 188.38784182198242 328.88393827499993 0
v 189.007696541625 329.74540458749993 0
v 189.65388242106445 330.59474294156246 0
v 190.30741353248436 331.43897677687494 0
v 190.94930394806835 332.285129533125 0
v 191.56056773999998 333.14022464999994 0
v 191.56056773999998 333.14022464999994 0
v 193.55256018956052 335.6691190849364 0
v 195.62790611585936 338.1491853123046 0
v 197.78595084032224 340.57330565969227 0
v 200.026039684375 342.9343624546874 0
v 202.34751796944335 345.22523802487785 0
v 204.74973101695312 347.43881469785146 0
v 205.98090848956906 348.5143916752532 0
v 207.23202414833005 349.5679748011962 0
v 208.50299615841428 350.598674366629 0
v 209.79374268499998 351.6056006624999 0
v 211.10418189326532 352.58786397975757 0
v 212.43423194838866 353.54457460935043 0
v 213.78381101554805 354.4748428422271 0
v 215.15283725992185 355.37777896933585 0
v 216.54122884668823 356.2524932816253 0
v 217.94890394102535 357.0980960700439 0
v 219.37578070811153 357.91369762554007 0
v 220.82177731312498 358.6984082390625 0
v 222.2868119212439 359.45133820155934 0
v 223.77080269764645 360.1715978039794 0
v 225.27366780751095 360.8582973372711 0
v 226.7953254160156 361.51054709238275 0
v 228.3356936883386 362.12745736026295 0
v 229.89469078965817 362.7081384318603 0
v 231.4722348851526 363.2517005981231 0
v 233.06824414 363.75725414999994 0
v 233.06824414 363.75725414999994 0
v 234.56883366822262 364.18078962956537 0
v 236.08031042015625 364.5747463726172 0
v 237.60171137669923 364.93827982943844 0
v 239.13207351875 365.2705454503125 0
v 240.670433827207 365.57069868552236 0
v 242.21582928296877 365.8378949853515 0
v 243.7672968669336 366.0712898000829 0
v 245.32387356 366.2700385799999 0
v 246.8845963430664 366.43329677538566 0
v 248.44850219703125 366.5602198365234 0
v 250.01462810279298 366.6499632136962 0
v 251.58201104125 366.7016823571874 0
v 253.1496879933008 366.7145327172801 0
v 254.71669593984376 366.68766974425773 0
v 256.28207186177735 366.6202488884032 0
v 257.84485274 366.5114255999999 0
v 257.84485274 366.5114255999999 0
v 257.9400769432375 366.44231636721184 0
v 258.02446381981423 366.36442762064934 0
v 258.0985799084638 366.2782183165139 0
v 258.16299174791993 366.1841474110077 0
v 258.2182658769164 366.0826738603326 0
v 258.26496883418673 365.9742566206903 0
v 258.30366715846486 365.859354648283 0
v 258.3349273884844 365.73842689931234 0
v 258.3773997206824 365.4803298964892 0
v 258.3969181406504 365.2036372618358 0
v 258.3980149582581 364.91202064496764 0
v 258.385222483375 364.6091516954999 0
v 258.33609889561524 363.98434339722644 0
v 258.2858058563281 363.35858556393737 0
v 258.2715515670359 363.0545296957001 0
v 258.2706018444707 362.7612513925546 0
v 258.2874889985022 362.4824223041161 0
v 258.326745339 362.2217140799999 0
v 258.326745339 362.2217140799999 0
v 258.29802126983793 361.64404443691393 0
v 258.28504374651567 361.07067346031243 0
v 258.2893187555589 360.7869669372509 0
v 258.3033609802793 360.50597543917957 0
v 258.32911394708276 360.22824575222154 0
v 258.368521182375 359.95432466249986 0
v 258.4235262125618 359.68475895613756 0
v 258.49607256404886 359.4200954192577 0
v 258.588103763242 359.1608808379833 0
v 258.7015633365469 358.9076619984374 0
v 258.8383948103694 358.66098568674306 0
v 259.00054171111526 358.42139868902336 0
v 259.1899475651902 358.1894477914013 0
v 259.408555899 357.9656797799999 0
v 259.408555899 357.9656797799999 0
v 259.8338309474293 357.42461753800956 0
v 260.2748192744029 356.8996026637646 0
v 260.73089647088693 356.3900975654789 0
v 261.20143812784767 355.8955646513671 0
v 262.1834171870639 354.9492650085204 0
v 263.2157611797813 354.0564030009374 0
v 264.293474833729 353.21267789433097 0
v 265.4115628766367 352.413788954414 0
v 266.5650300362339 351.65543544689933 0
v 267.74888104025 350.9333166374999 0
v 268.95812061641453 350.2431317919286 0
v 270.18775349245703 349.5805801758984 0
v 271.4327843961069 348.941361055122 0
v 272.6882180550937 348.3211736953124 0
v 275.21031254999605 347.12069132144524 0
v 277.714074799 345.9447271799999 0
v 277.714074799 345.9447271799999 0
v 277.9820244302647 345.7813278447692 0
v 278.2730432277109 345.63537280357616 0
v 278.5815240655674 345.502622307544 0
v 278.9018598180625 345.3788366077968 0
v 279.55566756388276 345.1412006016503 0
v 280.18960945900005 344.8885467941249 0
v 280.4851128981162 344.74598884265396 0
v 280.75882849724223 344.58695719420894 0
v 280.8857636300053 344.4999388120972 0
v 281.00514913060647 344.4072120999133 0
v 281.11628410832435 344.30824708904754 0
v 281.21846767243755 344.20251381089054 0
v 281.3109989322245 344.08948229683267 0
v 281.3931769969639 343.96862257826433 0
v 281.46430097593424 343.83940468657596 0
v 281.5236699784141 343.7012986531581 0
v 281.57058311368206 343.55377450940114 0
v 281.6043394910166 343.3963022866955 0
v 281.62423821969645 343.2283520164316 0
v 281.62957840900003 343.0493937299999 0
v 281.62957840900003 343.0493937299999 0
v 281.91579362699 341.8722544365673 0
v 282.1553631055762 340.68800987753895 0
v 282.34913426730793 339.4977976398192 0
v 282.49795453473445 338.3027553103124 0
v 282.60267133040503 337.1040204759228 0
v 282.6641320768692 335.90273072355455 0
v 282.68318419667605 334.7000236401122 0
v 282.66067511237503 333.4970368124999 0
v 282.59745224651545 332.29490782762196 0
v 282.49436302164656 331.0947742723827 0
v 282.35225486031766 329.8977737336864 0
v 282.17197518507817 328.7050437984374 0
v 281.95437141847736 327.5177220535399 0
v 281.7002909830645 326.33694608589826 0
v 281.41058130138896 325.1638534824168 0
v 281.08608979600007 323.99958182999984 0
v 281.08608979600007 323.99958182999984 0
v 281.7451515813516 323.3871317695384 0
v 282.3628695738126 322.7426935392772 0
v 282.9388426192423 322.06837290090067 0
v 283.4726695635 321.3662756160936 0
v 283.9639492524454 320.63850744654036 0
v 284.41228053193754 319.8871741539256 0
v 284.81726224783597 319.114381499934 0
v 285.178493246 318.3222352462499 0
v 285.49557237228913 317.5128411545579 0
v 285.76809847256254 316.68830498654285 0
v 285.9956703926797 315.85073250388905 0
v 286.17788697850006 315.00222946828114 0
v 286.31434707588284 314.14490164140364 0
v 286.40464953068755 313.28085478494125 0
v 286.4483931887734 312.41219466057845 0
v 286.445176896 311.54102702999984 0
v 286.445176896 311.54102702999984 0
v 286.4730008599864 310.8298620117186 0
v 286.49806794820313 310.1186119181249 0
v 286.52103483253717 309.40729565484355 0
v 286.542558184875 308.6959321274999 0
v 286.56329467710356 307.9845402417186 0
v 286.5839009811094 307.27313890312485 0
v 286.6050337687793 306.5617470173436 0
v 286.627349712 305.85038348999984 0
v 286.627349712 305.85038348999984 0
v 282.6763103234063 305.0774006227733 0
v 278.71254363450004 304.37199827531236 0
v 274.73601974559375 303.74958689519514 0
v 270.7467087570001 303.2255769299998 0
v 268.747248756668 303.0052882428661 0
v 266.7445807690313 302.8153788273045 0
v 264.738701056629 302.6577749892625 0
v 262.72960588200004 302.53440303468733 0
v 260.7172915076836 302.44718926952623 0
v 258.7017541962188 302.3980599997264 0
v 256.68299021014457 302.3889415312352 0
v 254.66099581200007 302.42176016999986 0
v 254.66099581200007 302.42176016999986 0
v 254.66092671050006 302.42177277374986 0
v 254.66085760900006 302.4217853774999 0
v 254.66078850750003 302.4217979812499 0
v 254.66071940600003 302.4218105849999 0
v 254.66065030450002 302.42182318874995 0
v 254.660581203 302.42183579249996 0
v 254.6605121015 302.42184839624997 0
v 254.660443 302.421861 0
v 245.28368838 318.3499761 0
v 246.52200269000366 318.35460170579 0
v 247.76099013229492 318.39001860761715 0
v 248.99966066904418 318.45612890979197 0
v 250.23702426242184 318.552834716625 0
v 251.47209087459834 318.6800381324267 0
v 252.70387046774414 318.8376412615078 0
v 253.9313730040295 319.0255462081787 0
v 255.153608445625 319.24365507675 0
v 256.36958675470095 319.49186997153214 0
v 257.5783178934277 319.7700929968359 0
v 258.7788118239758 320.0782262569717 0
v 259.9700785085156 320.41617185624995 0
v 261.1511279092175 320.7838318989815 0
v 262.32096998825193 321.18110848947657 0
v 263.47861470778923 321.6079037320459 0
v 264.62307203 322.064119731 0
v 265.75335191705443 322.5496585906493 0
v 266.868464331123 323.06442241530465 0
v 267.9674192343762 323.6083133092763 0
v 269.04922658898437 324.18123337687496 0
v 270.1128963571179 324.7830847224111 0
v 271.15743850094725 325.4137694501953 0
v 272.1818629826428 326.07318966453806 0
v 273.185179764375 326.76124746974995 0
v 274.16639880831417 327.4778449701416 0
v 275.12453007663083 328.2228842700234 0
v 276.05858353149534 328.99626747370604 0
v 276.9675691350781 329.7978966855 0
v 277.85049684954953 330.6276740097158 0
v 278.7063766370801 331.485501550664 0
v 279.5342184598401 332.37128141265526 0
v 280.33303228 333.2849157 0
v 280.33303228 333.2849157 0
v 280.47449951090084 333.3781052427466 0
v 280.61083804217577 333.49545579022265 0
v 280.7392050053081 333.63266781928274 0
v 280.8567575317813 333.7854418067812 0
v 280.96065275307865 333.9494782295728 0
v 281.0480478006836 334.1204775645117 0
v 281.1160998060796 334.29414028845264 0
v 281.16196590075003 334.46616687825 0
v 281.17569083515167 334.5502230218618 0
v 281.18280321617823 334.6322578107583 0
v 281.1829476852651 334.71173380454604 0
v 281.1757688838477 334.788113562832 0
v 281.1609114533614 334.86085964522294 0
v 281.13802003524177 334.9294346113257 0
v 281.10673927092404 334.99330102074697 0
v 281.0667138018438 335.05192143309375 0
v 281.0175882694364 335.1047584079727 0
v 280.9590073151372 335.15127450499074 0
v 280.8906155803818 335.1909322837546 0
v 280.8120577066055 335.2231943038711 0
v 280.72297833524374 335.24752312494707 0
v 280.62302210773197 335.26338130658934 0
v 280.5118336655056 335.2702314084047 0
v 280.38905765000004 335.26753599 0
v 280.38905765000004 335.26753599 0
v 278.84751157136725 333.6588530108789 0
v 277.25283623968755 332.0825919970313 0
v 275.5994827712891 330.5547270199805 0
v 273.88190228250005 329.09123215125 0
v 272.99729287931154 328.38861540485595 0
v 272.0945458896485 327.7080814623632 0
v 271.17296770305177 327.0516270827124 0
v 270.23186470906256 326.42124902484375 0
v 269.2705432972217 325.81894404769776 0
v 268.2883098570704 325.2467089102148 0
v 267.28447077814945 324.70654037133545 0
v 266.25833245000007 324.20043519 0
v 266.25833245000007 324.20043519 0
v 265.2328753325043 323.7159534895752 0
v 264.1968063565186 323.2624282730859 0
v 263.1506450680451 322.8391526473975 0
v 262.094911013086 322.44541971937497 0
v 261.0301237376435 322.0805225958838 0
v 259.95680278771977 321.74375438378905 0
v 258.8754677093171 321.43440818995606 0
v 257.78663804843757 321.15177712125 0
v 256.6908333510834 320.89515428453615 0
v 255.5885731632569 320.6638327866797 0
v 254.48037703096017 320.4571057345459 0
v 253.3667645001954 320.2742662349999 0
v 251.12536842727053 319.97742232113285 0
v 248.86854131250007 319.7676459 0
v 246.60043952390143 319.6392818265235 0
v 244.32521942949222 319.586674955625 0
v 242.04703739729007 319.60417014222656 0
v 239.77004979531256 319.68611224125004 0
v 237.4984129915772 319.8268461076172 0
v 235.2362833541016 320.02071659625 0
v 232.98781725090336 320.26206856207034 0
v 230.75717105000004 320.54524686 0
v 230.75717105000004 320.54524686 0
v 228.1066584354688 320.95154398391014 0
v 225.47226175250003 321.43523766440626 0
v 222.85102093203128 321.98024937638667 0
v 220.23997590500005 322.57050059475 0
v 217.6361666023438 323.18991279439456 0
v 215.03663295500007 323.82240745021875 0
v 212.43841489390633 324.4519060371211 0
v 209.83855235000007 325.06233003 0
v 209.83855235000007 325.06233003 0
v 209.74791594397652 325.0637656082025 0
v 209.6647696043311 325.05727577854975 0
v 209.5889969792331 325.0433971727765 0
v 209.52048171685166 325.0226664226172 0
v 209.45910746535588 324.9956201598065 0
v 209.40475787291513 324.96279501607916 0
v 209.35731658769842 324.92472762316953 0
v 209.31666725787505 324.88195461281254 0
v 209.2826935316142 324.8350126167425 0
v 209.255279057085 324.78443826669434 0
v 209.2343074824567 324.73076819440246 0
v 209.2196624558985 324.6745390316016 0
v 209.2112276255795 324.61628741002625 0
v 209.208886639669 324.5565499614111 0
v 209.2125231463361 324.4958633174909 0
v 209.22202079375006 324.43476411000006 0
v 209.25813410349517 324.3134745312451 0
v 209.31629575425788 324.19697427902344 0
v 209.35335382794378 324.1418617296991 0
v 209.39557493139165 324.08955640721194 0
v 209.4428427127707 324.0405949432966 0
v 209.49504082025004 323.9955139696875 0
v 209.552052901999 323.9548501181195 0
v 209.61376260618658 323.9191400203272 0
v 209.68005358098213 323.88892030804504 0
v 209.75080947455479 323.8647276130078 0
v 209.8259139350737 323.8470985669501 0
v 209.90525061070807 323.83656980160646 0
v 209.98870314962716 323.8336779487115 0
v 210.07615520000007 323.83895964 0
v 210.07615520000007 323.83895964 0
v 212.94486431388682 323.0018577547852 0
v 215.83609910484384 322.23301344703117 0
v 218.74712998056648 321.5297692948242 0
v 221.67522734875007 320.88946787624997 0
v 224.61766161708994 320.3094517693945 0
v 227.5717031932813 319.78706355234374 0
v 230.5346224850196 319.31964580318356 0
v 233.50368990000007 318.9045411 0
v 233.50368990000007 318.9045411 0
v 234.97184511929694 318.7720751557793 0
v 236.44179930312507 318.6584549293594 0
v 237.91325843789068 318.5632783217285 0
v 239.38592851000007 318.486143233875 0
v 240.85951550585943 318.4266475667871 0
v 242.3337254118751 318.38438922145315 0
v 243.80826421445317 318.35896609886134 0
v 245.28283790000006 318.3499761 0
v 245.28283790000006 318.3499761 0
v 245.28294421000004 318.3499761 0
v 245.28305052000005 318.3499761 0
v 245.28315683000005 318.3499761 0
v 245.28326314000003 318.3499761 0
v 245.28336945 318.3499761 0
v 245.28347576000002 318.3499761 0
v 245.28358207000002 318.3499761 0
v 245.28368838 318.3499761 0
v 280.50440399999997 346.1114999999999 0
v 278.88938919826165 346.8093637294921 0
v 277.2839236092187 347.5306349859374 0
v 275.6892742321288 348.275656433789 0
v 274.10670806624995 349.0447707374999 0
v 272.5374921108398 349.8383205615234 0
v 270.9828933651562 350.6566485703125 0
v 269.44417882845704 351.50009742832026 0
v 267.9226155 352.36900979999996 0
v 267.9226155 352.36900979999996 0
v 266.74364611310546 353.1293546507812 0
v 265.57034894609376 353.921205725625 0
v 264.42320653072267 354.75428051578115 0
v 263.32270139875 355.63829651249995 0
v 262.7963386052124 356.102444179336 0
v 262.2893160819336 356.5829712070312 0
v 261.8041941453833 357.08109228199214 0
v 261.3435331120312 357.59802209062497 0
v 260.90989329834713 358.1349753193359 0
v 260.50583502080076 358.6931666545312 0
v 260.13391859586176 359.27381078261715 0
v 259.79670433999996 359.87812238999993 0
v 259.79670433999996 359.87812238999993 0
v 259.71608664054514 360.3281663375024 0
v 259.6529432995488 360.77985669908196 0
v 259.60540457431324 361.2330107695971 0
v 259.5716007221406 361.68744584390623 0
v 259.53771866619337 362.5994281833398 0
v 259.536339190125 363.51434207625 0
v 259.5525043523535 364.4307258815039 0
v 259.5712562112969 365.34711795796875 0
v 259.577636825373 366.26205666451165 0
v 259.556688253 367.17408035999995 0
v 259.556688253 367.17408035999995 0
v 260.4355825074141 367.905772972976 0
v 261.2796261844063 368.669695097871 0
v 262.0887395514765 369.4643155267603 0
v 262.862842876125 370.28810305171874 0
v 263.60185642585157 371.1395264648217 0
v 264.30570046815626 372.01705455814454 0
v 264.9742952705391 372.91915612376215 0
v 265.6075611005 373.84429995375 0
v 266.20541822553906 374.7909548401831 0
v 266.7677869131562 375.7575895751367 0
v 267.29458743085155 376.742672950686 0
v 267.785740046125 377.7446737589063 0
v 268.24116502647655 378.7620607918725 0
v 268.66078263940625 379.79330284166014 0
v 269.044513152414 380.8368687003442 0
v 269.392276833 381.89122715999997 0
v 269.392276833 381.89122715999997 0
v 269.7088397536426 382.8287767971094 0
v 269.9794467300156 383.778960118125 0
v 270.22008799041214 384.73718778257813 0
v 270.446753763125 385.69887044999996 0
v 270.6754342764473 386.6594187799218 0
v 270.9221197586719 387.6142434318749 0
v 271.2028004380918 388.5587550653906 0
v 271.533466543 389.48836434 0
v 271.533466543 389.48836434 0
v 271.7908875943205 389.8639324610458 0
v 272.0621902179389 390.224079518562 0
v 272.34680447052835 390.569329571304 0
v 272.6441604087617 390.9002066780273 0
v 272.9536880893119 391.21723489748746 0
v 273.27481756885203 391.52093828843994 0
v 273.606978904055 391.8118409096402 0
v 273.9496021515937 392.09046681984375 0
v 274.6639546103706 392.61298474228266 0
v 275.4133153985664 393.0926845258008 0
v 276.1931249695649 393.5337586404419 0
v 276.99882377675 393.94039955624993 0
v 277.82585227350535 394.316799743269 0
v 278.6696509132148 394.6671516715429 0
v 279.5256601492622 394.9956478111157 0
v 280.3893204350312 395.30648063203125 0
v 282.12135596926953 395.89192619806636 0
v 283.82928114299995 396.45702812999997 0
v 283.82928114299995 396.45702812999997 0
v 286.55681244561714 397.3170418603125 0
v 289.26410415143744 398.2415048662499 0
v 291.941720417414 399.24077743031245 0
v 294.58022540049996 400.325219835 0
v 295.8818624600068 400.90261731585935 0
v 297.1701832576483 401.5051923628124 0
v 298.4440083130439 402.1342400111718 0
v 299.70215814581246 402.79105529624997 0
v 300.9434532755731 403.47693325335933 0
v 302.16671422194526 404.1931689178125 0
v 303.3707615045478 404.9410573249218 0
v 304.5544156429999 405.72189351 0
v 304.5544156429999 405.72189351 0
v 306.060957493039 406.7355055967578 0
v 307.5234645783124 407.8013137509374 0
v 308.9490903990546 408.9103637958984 0
v 310.3449884554999 410.0537015549999 0
v 311.71831224788275 411.22237285160156 0
v 313.07621527643744 412.4074235090625 0
v 314.42585104139835 413.59989935074213 0
v 315.7743730429999 414.7908462 0
v 315.7743730429999 414.7908462 0
v 316.1748409442695 414.9530417343288 0
v 316.5837393115937 415.08575254331834 0
v 317.000045326496 415.19090654284787 0
v 317.4227361704999 415.2704316487969 0
v 317.85078902512885 415.32625577704465 0
v 318.2831810719062 415.3603068434707 0
v 318.7188894923554 415.3745127639543 0
v 319.1568914679999 415.37080145437494 0
v 320.0356848109687 415.3173388085449 0
v 320.91137855299996 415.2153422330156 0
v 321.77579014628117 415.0802350548222 0
v 322.6207370429999 414.92744060099994 0
v 322.6207370429999 414.92744060099994 0
v 323.0697872159659 414.79886956262476 0
v 323.5063471253998 414.6524800465371 0
v 323.93088677648046 414.48903366879415 0
v 324.3438761743866 414.30929204545305 0
v 324.7457853242972 414.114016792571 0
v 325.13708423139104 413.903969526205 0
v 325.5182429008469 413.6799118624124 0
v 325.8897313378436 413.44260541725 0
v 326.60557753517526 412.931292647045 0
v 327.2883828648163 412.37612414404686 0
v 327.94190736819763 411.7831928367129 0
v 328.5699110867499 411.1585916535 0
v 329.76439633508977 409.8387513732656 0
v 330.9019189412811 408.46534673099995 0
v 332.01255923676945 407.08712115435935 0
v 333.1263975529999 405.7528180709999 0
v 333.1263975529999 405.7528180709999 0
v 333.5998391714374 405.1783716400429 0
v 334.0896060192499 404.6169192814687 0
v 334.59545889893735 404.0688355629726 0
v 335.1171586129999 403.53449505224995 0
v 335.65446596393735 403.014272316996 0
v 336.20714175424985 402.50854192490624 0
v 336.7749467864374 402.0176784436757 0
v 337.35764186299986 401.54205644099994 0
v 337.35764186299986 401.54205644099994 0
v 336.25394784630066 400.5737014664882 0
v 335.1024928162811 399.65769971240616 0
v 333.9119962693085 398.78537704168355 0
v 332.6911777017499 397.94805931724994 0
v 331.4487566099725 397.1370724020351 0
v 330.19345249034365 396.34374215896867 0
v 328.93398483923033 395.5593944509804 0
v 327.6790731529999 394.7753551409999 0
v 327.6790731529999 394.7753551409999 0
v 327.45247268722596 394.69564639201315 0
v 327.2441068261835 394.60605215757414 0
v 327.0538816661663 394.5065892459653 0
v 326.8817033034686 394.3972744654686 0
v 326.7274778343841 394.2781246243666 0
v 326.59111135520686 394.1491565309413 0
v 326.4725099622308 394.01038699347504 0
v 326.3715797517499 393.8618328202499 0
v 326.28822682005796 393.7035108195483 0
v 326.22235726344906 393.5354377996523 0
v 326.17387717821714 393.3576305688442 0
v 326.14269266065617 393.1701059354061 0
v 326.1287098070599 392.9728807076205 0
v 326.1318347137225 392.7659716937694 0
v 326.1519734769379 392.5493957021352 0
v 326.1890321929999 392.3231695409999 0
v 326.1890321929999 392.3231695409999 0
v 326.1721218848788 390.72424954478896 0
v 326.08635633390617 389.1266411263124 0
v 326.01554483651796 388.3298965962978 0
v 325.9249899214179 387.53536136580465 0
v 325.81384838627287 386.7436625698622 0
v 325.68127702874983 385.95542734349993 0
v 325.526432646516 385.171282821747 0
v 325.34847203723814 384.39185613963275 0
v 325.14655199858333 383.6177744321865 0
v 324.9198293282186 382.8496648344374 0
v 324.66746082381087 382.0881544814149 0
v 324.38860328302724 381.3338705081483 0
v 324.08241350353455 380.5874400496669 0
v 323.7480482829999 379.8494902409999 0
v 323.7480482829999 379.8494902409999 0
v 323.1356071701092 378.54066425973036 0
v 322.46590317237485 377.25916281459365 0
v 321.743745156203 376.0039709098476 0
v 320.97394198799986 374.7740735497499 0
v 320.1613025341717 373.5684557385585 0
v 319.3106356611248 372.3861024805311 0
v 318.42675023526544 371.2259987799257 0
v 317.51445512299983 370.0871296409999 0
v 317.51445512299983 370.0871296409999 0
v 313.8494095675311 368.9098161105702 0
v 310.17355029174985 367.7215538600624 0
v 306.5105478815936 366.4853422181484 0
v 302.88407292299985 365.1641805134999 0
v 301.09193029614437 364.46018067786025 0
v 299.31779600190606 363.72106807478895 0
v 297.5646288635272 362.94221762037 0
v 295.83538770424985 362.11900423068744 0
v 294.1330313473162 361.2468028218251 0
v 292.46051861596857 360.3209883098671 0
v 290.820808333449 359.33693561089734 0
v 289.2168593229998 358.2900196409999 0
v 289.2168593229998 358.2900196409999 0
v 288.482016494179 357.7576664117884 0
v 287.7585911413397 357.20233354308976 0
v 287.0496811524164 356.624174790807 0
v 286.3583844153436 356.02334391084366 0
v 285.687798818056 355.399994659103 0
v 285.04102224848816 354.7542807914882 0
v 284.42115259457455 354.08635606390277 0
v 283.83128774424983 353.3963742322499 0
v 283.2745255854486 352.68448905243304 0
v 282.7539640061053 351.95085428035543 0
v 282.27270089415464 351.1956236719204 0
v 281.8338341375311 350.4189509830312 0
v 281.4404616241693 349.6209899695913 0
v 281.09568124200376 348.80189438750386 0
v 280.80259087896906 347.9618179926723 0
v 280.5642884229998 347.10091454099995 0
v 280.5642884229998 347.10091454099995 0
v 280.54983344049043 347.07530809815677 0
v 280.53907979402277 347.04735348991477 0
v 280.53173851946843 347.01725108820506 0
v 280.5275206526991 346.98520126495896 0
v 280.5272992860023 346.91606084158224 0
v 280.5361039809061 346.84153519523437 0
v 280.57154470341004 346.6827401354238 0
v 280.61534911599983 346.52163988912497 0
v 280.63460842351105 346.4442327596667 0
v 280.64902351446466 346.37105825993547 0
v 280.6562826758343 346.303719365381 0
v 280.6540741945936 346.24381905145304 0
v 280.64869717767357 346.21715929205203 0
v 280.64008635771614 346.19296029360123 0
v 280.6279527705929 346.171422428032 0
v 280.6120074521756 346.1527460672753 0
v 280.59196143833594 346.13713158326266 0
v 280.56752576494563 346.12477934792497 0
v 280.53841146787636 346.11588973319374 0
v 280.50432958299984 346.11066311099995 0
v 280.50432958299984 346.11066311099995 0
v 280.50433888512487 346.11076772212493 0
v 280.5043481872499 346.11087233325 0
v 280.5043574893749 346.11097694437495 0
v 280.50436679149993 346.11108155549994 0
v 280.5043760936249 346.1111861666249 0
v 280.5043853957499 346.1112907777499 0
v 280.50439469787494 346.11139538887494 0
v 280.50440399999997 346.1114999999999 0
v 280.50440399999997 346.1114999999999 0
v 278.88938919826165 346.8093637294921 0
v 277.2839236092187 347.5306349859374 0
v 275.6892742321288 348.275656433789 0
v 274.10670806624995 349.0447707374999 0
v 272.5374921108398 349.8383205615234 0
v 270.9828933651562 350.6566485703125 0
v 269.44417882845704 351.50009742832026 0
v 267.9226155 352.36900979999996 0
v 267.9226155 352.36900979999996 0
v 266.74364611310546 353.1293546507812 0
v 265.57034894609376 353.921205725625 0
v 264.42320653072267 354.75428051578115 0
v 263.32270139875 355.63829651249995 0
v 262.7963386052124 356.102444179336 0
v 262.2893160819336 356.5829712070312 0
v 261.8041941453833 357.08109228199214 0
v 261.3435331120312 357.59802209062497 0
v 260.90989329834713 358.1349753193359 0
v 260.50583502080076 358.6931666545312 0
v 260.13391859586176 359.27381078261715 0
v 259.79670433999996 359.87812238999993 0
v 259.79670433999996 359.87812238999993 0
v 259.71608664054514 360.3281663375024 0
v 259.6529432995488 360.77985669908196 0
v 259.60540457431324 361.2330107695971 0
v 259.5716007221406 361.68744584390623 0
v 259.53771866619337 362.5994281833398 0
v 259.536339190125 363.51434207625 0
v 259.5525043523535 364.4307258815039 0
v 259.5712562112969 365.34711795796875 0
v 259.577636825373 366.26205666451165 0
v 259.556688253 367.17408035999995 0
v 259.556688253 367.17408035999995 0
v 260.4355825074141 367.905772972976 0
v 261.2796261844063 368.669695097871 0
v 262.0887395514765 369.4643155267603 0
v 262.862842876125 370.28810305171874 0
v 263.60185642585157 371.1395264648217 0
v 264.30570046815626 372.01705455814454 0
v 264.9742952705391 372.91915612376215 0
v 265.6075611005 373.84429995375 0
v 266.20541822553906 374.7909548401831 0
v 266.7677869131562 375.7575895751367 0
v 267.29458743085155 376.742672950686 0
v 267.785740046125 377.7446737589063 0
v 268.24116502647655 378.7620607918725 0
v 268.66078263940625 379.79330284166014 0
v 269.044513152414 380.8368687003442 0
v 269.392276833 381.89122715999997 0
v 269.392276833 381.89122715999997 0
v 269.7088397536426 382.8287767971094 0
v 269.9794467300156 383.778960118125 0
v 270.22008799041214 384.73718778257813 0
v 270.446753763125 385.69887044999996 0
v 270.6754342764473 386.6594187799218 0
v 270.9221197586719 387.6142434318749 0
v 271.2028004380918 388.5587550653906 0
v 271.533466543 389.48836434 0
v 271.533466543 389.48836434 0
v 271.7908875943205 389.8639324610458 0
v 272.0621902179389 390.224079518562 0
v 272.34680447052835 390.569329571304 0
v 272.6441604087617 390.9002066780273 0
v 272.9536880893119 391.21723489748746 0
v 273.27481756885203 391.52093828843994 0
v 273.606978904055 391.8118409096402 0
v 273.9496021515937 392.09046681984375 0
v 274.6639546103706 392.61298474228266 0
v 275.4133153985664 393.0926845258008 0
v 276.1931249695649 393.5337586404419 0
v 276.99882377675 393.94039955624993 0
v 277.82585227350535 394.316799743269 0
v 278.6696509132148 394.6671516715429 0
v 279.5256601492622 394.9956478111157 0
v 280.3893204350312 395.30648063203125 0
v 282.12135596926953 395.89192619806636 0
v 283.82928114299995 396.45702812999997 0
v 283.82928114299995 396.45702812999997 0
v 286.55681244561714 397.3170418603125 0
v 289.26410415143744 398.2415048662499 0
v 291.941720417414 399.24077743031245 0
v 294.58022540049996 400.325219835 0
v 295.8818624600068 400.90261731585935 0
v 297.1701832576483 401.5051923628124 0
v 298.4440083130439 402.1342400111718 0
v 299.70215814581246 402.79105529624997 0
v 300.9434532755731 403.47693325335933 0
v 302.16671422194526 404.1931689178125 0
v 303.3707615045478 404.9410573249218 0
v 304.5544156429999 405.72189351 0
v 304.5544156429999 405.72189351 0
v 306.060957493039 406.7355055967578 0
v 307.5234645783124 407.8013137509374 0
v 308.9490903990546 408.9103637958984 0
v 310.3449884554999 410.0537015549999 0
v 311.71831224788275 411.22237285160156 0
v 313.07621527643744 412.4074235090625 0
v 314.42585104139835 413.59989935074213 0
v 315.7743730429999 414.7908462 0
v 315.7743730429999 414.7908462 0
v 316.1748409442695 414.9530417343288 0
v 316.5837393115937 415.08575254331834 0
v 317.000045326496 415.19090654284787 0
v 317.4227361704999 415.2704316487969 0
v 317.85078902512885 415.32625577704465 0
v 318.2831810719062 415.3603068434707 0
v 318.7188894923554 415.3745127639543 0
v 319.1568914679999 415.37080145437494 0
v 320.0356848109687 415.3173388085449 0
v 320.91137855299996 415.2153422330156 0
v 321.77579014628117 415.0802350548222 0
v 322.6207370429999 414.92744060099994 0
v 322.6207370429999 414.92744060099994 0
v 323.0697872159659 414.79886956262476 0
v 323.5063471253998 414.6524800465371 0
v 323.93088677648046 414.48903366879415 0
v 324.3438761743866 414.30929204545305 0
v 324.7457853242972 414.114016792571 0
v 325.13708423139104 413.903969526205 0
v 325.5182429008469 413.6799118624124 0
v 325.8897313378436 413.44260541725 0
v 326.60557753517526 412.931292647045 0
v 327.2883828648163 412.37612414404686 0
v 327.94190736819763 411.7831928367129 0
v 328.5699110867499 411.1585916535 0
v 329.76439633508977 409.8387513732656 0
v 330.9019189412811 408.46534673099995 0
v 332.01255923676945 407.08712115435935 0
v 333.1263975529999 405.7528180709999 0
v 333.1263975529999 405.7528180709999 0
v 333.5998391714374 405.1783716400429 0
v 334.0896060192499 404.6169192814687 0
v 334.59545889893735 404.0688355629726 0
v 335.1171586129999 403.53449505224995 0
v 335.65446596393735 403.014272316996 0
v 336.20714175424985 402.50854192490624 0
v 336.7749467864374 402.0176784436757 0
v 337.35764186299986 401.54205644099994 0
v 337.35764186299986 401.54205644099994 0
v 336.25394784630066 400.5737014664882 0
v 335.1024928162811 399.65769971240616 0
v 333.9119962693085 398.78537704168355 0
v 332.6911777017499 397.94805931724994 0
v 331.4487566099725 397.1370724020351 0
v 330.19345249034365 396.34374215896867 0
v 328.93398483923033 395.5593944509804 0
v 327.6790731529999 394.7753551409999 0
v 327.6790731529999 394.7753551409999 0
v 327.45247268722596 394.69564639201315 0
v 327.2441068261835 394.60605215757414 0
v 327.0538816661663 394.5065892459653 0
v 326.8817033034686 394.3972744654686 0
v 326.7274778343841 394.2781246243666 0
v 326.59111135520686 394.1491565309413 0
v 326.4725099622308 394.01038699347504 0
v 326.3715797517499 393.8618328202499 0
v 326.28822682005796 393.7035108195483 0
v 326.22235726344906 393.5354377996523 0
v 326.17387717821714 393.3576305688442 0
v 326.14269266065617 393.1701059354061 0
v 326.1287098070599 392.9728807076205 0
v 326.1318347137225 392.7659716937694 0
v 326.1519734769379 392.5493957021352 0
v 326.1890321929999 392.3231695409999 0
v 326.1890321929999 392.3231695409999 0
v 326.1721218848788 390.72424954478896 0
v 326.08635633390617 389.1266411263124 0
v 326.01554483651796 388.3298965962978 0
v 325.9249899214179 387.53536136580465 0
v 325.81384838627287 386.7436625698622 0
v 325.68127702874983 385.95542734349993 0
v 325.526432646516 385.171282821747 0
v 325.34847203723814 384.39185613963275 0
v 325.14655199858333 383.6177744321865 0
v 324.9198293282186 382.8496648344374 0
v 324.66746082381087 382.0881544814149 0
v 324.38860328302724 381.3338705081483 0
v 324.08241350353455 380.5874400496669 0
v 323.7480482829999 379.8494902409999 0
v 323.7480482829999 379.8494902409999 0
v 323.1356071701092 378.54066425973036 0
v 322.46590317237485 377.25916281459365 0
v 321.743745156203 376.0039709098476 0
v 320.97394198799986 374.7740735497499 0
v 320.1613025341717 373.5684557385585 0
v 319.3106356611248 372.3861024805311 0
v 318.42675023526544 371.2259987799257 0
v 317.51445512299983 370.0871296409999 0
v 317.51445512299983 370.0871296409999 0
v 313.8494095675311 368.9098161105702 0
v 310.17355029174985 367.7215538600624 0
v 306.5105478815936 366.4853422181484 0
v 302.88407292299985 365.1641805134999 0
v 301.09193029614437 364.46018067786025 0
v 299.31779600190606 363.72106807478895 0
v 297.5646288635272 362.94221762037 0
v 295.83538770424985 362.11900423068744 0
v 294.1330313473162 361.2468028218251 0
v 292.46051861596857 360.3209883098671 0
v 290.820808333449 359.33693561089734 0
v 289.2168593229998 358.2900196409999 0
v 289.2168593229998 358.2900196409999 0
v 288.482016494179 357.7576664117884 0
v 287.7585911413397 357.20233354308976 0
v 287.0496811524164 356.624174790807 0
v 286.3583844153436 356.02334391084366 0
v 285.687798818056 355.399994659103 0
v 285.04102224848816 354.7542807914882 0
v 284.42115259457455 354.08635606390277 0
v 283.83128774424983 353.3963742322499 0
v 283.2745255854486 352.68448905243304 0
v 282.7539640061053 351.95085428035543 0
v 282.27270089415464 351.1956236719204 0
v 281.8338341375311 350.4189509830312 0
v 281.4404616241693 349.6209899695913 0
v 281.09568124200376 348.80189438750386 0
v 280.80259087896906 347.9618179926723 0
v 280.5642884229998 347.10091454099995 0
v 280.5642884229998 347.10091454099995 0
v 280.54983344049043 347.07530809815677 0
v 280.53907979402277 347.04735348991477 0
v 280.53173851946843 347.01725108820506 0
v 280.5275206526991 346.98520126495896 0
v 280.5272992860023 346.91606084158224 0
v 280.5361039809061 346.84153519523437 0
v 280.57154470341004 346.6827401354238 0
v 280.61534911599983 346.52163988912497 0
v 280.63460842351105 346.4442327596667 0
v 280.64902351446466 346.37105825993547 0
v 280.6562826758343 346.303719365381 0
v 280.6540741945936 346.24381905145304 0
v 280.64869717767357 346.21715929205203 0
v 280.64008635771614 346.19296029360123 0
v 280.6279527705929 346.171422428032 0
v 280.6120074521756 346.1527460672753 0
v 280.59196143833594 346.13713158326266 0
v 280.56752576494563 346.12477934792497 0
v 280.53841146787636 346.11588973319374 0
v 280.50432958299984 346.11066311099995 0
v 280.50432958299984 346.11066311099995 0
v 280.50433888512487 346.11076772212493 0
v 280.5043481872499 346.11087233325 0
v 280.5043574893749 346.11097694437495 0
v 280.50436679149993 346.11108155549994 0
v 280.5043760936249 346.1111861666249 0
v 280.5043853957499 346.1112907777499 0
v 280.50439469787494 346.11139538887494 0
v 280.50440399999997 346.1114999999999 0
v 385.995817 287.94267299999996 0
v 384.30882347625 287.97636948010546 0
v 382.628786613125 288.0904585857187 0
v 380.9557761765625 288.27437987103514 0
v 379.2898619325 288.51757289024994 0
v 377.631113646875 288.8094771975585 0
v 375.97960108562495 289.1395323471562 0
v 374.3353940146875 289.49717789323824 0
v 372.69856219999997 289.87185338999996 0
v 372.69856219999997 289.87185338999996 0
v 372.4781352047207 289.943351174959 0
v 372.23970946964056 289.99388179467184 0
v 371.99494873827143 290.0371736868925 0
v 371.755516754125 290.08695528937494 0
v 371.6414439621077 290.1185698687624 0
v 371.53307726071284 290.156955039873 0
v 371.43187461787966 290.20382685742595 0
v 371.3392940015468 290.26090137614057 0
v 371.2567933796536 290.32989465073604 0
v 371.18583072013865 290.4125227359316 0
v 371.12786399094114 290.51050168644645 0
v 371.08435116 290.62554755699995 0
v 371.08435116 290.62554755699995 0
v 370.34423822575684 291.99738500172646 0
v 369.6648904887109 293.3919446444999 0
v 369.04355873488765 294.80744226696083 0
v 368.4774937503125 296.24209365074995 0
v 367.9639463210107 297.6941145775078 0
v 367.5001672330078 299.16172082887493 0
v 367.0834072723291 300.6431281864921 0
v 366.71091722499995 302.136552432 0
v 366.3799478770458 303.640209347039 0
v 366.08775001449214 305.15231471324995 0
v 365.83157442336426 306.67108431227336 0
v 365.6086718896875 308.19473392575003 0
v 365.25168913878906 311.249536322625 0
v 364.99480805 314.302448157 0
v 364.99480805 314.302448157 0
v 364.8637318481524 316.5008233781719 0
v 364.7645469021562 318.70031875762504 0
v 364.692143604582 320.90071215426565 0
v 364.641412348 323.101781427 0
v 364.6072435249805 325.3033044347344 0
v 364.58452752809376 327.50505903637503 0
v 364.5681547499102 329.70682309082815 0
v 364.55301558300005 331.908374457 0
v 364.55301558300005 331.908374457 0
v 365.7824435994649 332.16167432487305 0
v 367.0159143028437 332.4090138399844 0
v 368.2535335878633 332.6416837716973 0
v 369.49540734924994 332.85097488937504 0
v 370.74164148173054 333.0281779623809 0
v 371.9923418800313 333.16458376007813 0
v 373.24761443887894 333.2514830518301 0
v 374.507565053 333.280166607 0
v 374.507565053 333.280166607 0
v 375.6133140503047 333.2469530671465 0
v 376.7152882120625 333.1507016747344 0
v 377.26322225453805 333.0783986012322 0
v 377.8082476180391 332.9896902454864 0
v 378.34970931253616 332.8843613344622 0
v 378.886952348 332.76219659512503 0
v 379.41932173440136 332.6229807544402 0
v 379.946162481711 332.46649853937305 0
v 380.46681959989945 332.2925346768889 0
v 380.98063809893745 332.1008738939531 0
v 381.4869629887959 331.891300917531 0
v 381.9851392794453 331.66360047458795 0
v 382.47451198085645 331.41755729208916 0
v 382.954426103 331.152956097 0
v 382.954426103 331.152956097 0
v 383.1981969678399 331.01568377179694 0
v 383.43841201234375 330.87292597950005 0
v 383.6748422547383 330.72465152582816 0
v 383.90725871325003 330.5708292165 0
v 384.13543240610545 330.4114278572344 0
v 384.3591343515312 330.24641625375006 0
v 384.5781355677539 330.07576321176566 0
v 384.792207073 329.89943753700004 0
v 384.792207073 329.89943753700004 0
v 384.57671734667383 328.17360939737114 0
v 384.3045616080156 326.44201622371884 0
v 384.1409892708137 325.57866636447807 0
v 383.9557567746309 324.7194055851446 0
v 383.74636623416774 323.866077331856 0
v 383.510319764125 323.02052505075005 0
v 383.24511947920337 322.1845921879644 0
v 382.9482674941035 321.3601221896368 0
v 382.61726592352613 320.54895850190485 0
v 382.2496168821719 319.75294457090627 0
v 381.8428224847415 318.97392384277885 0
v 381.3943848459356 318.2137397636602 0
v 380.90180608045483 317.474235779688 0
v 380.362588303 316.75725533700006 0
v 380.362588303 316.75725533700006 0
v 379.9103424484493 316.2051718972149 0
v 379.42341420221874 315.6844257124688 0
v 378.90635952919143 315.19177564967583 0
v 378.36373439424995 314.72398057575003 0
v 377.8000947622773 314.27779935760555 0
v 377.2199965981563 313.84999086215635 0
v 376.62799586676954 313.4373139563165 0
v 376.02864853299997 313.0365275070001 0
v 376.02864853299997 313.0365275070001 0
v 375.8136281227583 312.7898142456402 0
v 375.60861336262883 312.53111732893365 0
v 375.4149838428803 312.26144599231503 0
v 375.2341191537812 311.98180947121875 0
v 375.0673988856 311.69321700107963 0
v 374.9162026286055 311.3966778173321 0
v 374.7819099730659 311.0932011554107 0
v 374.66590050925004 310.7837962507501 0
v 374.56955382742626 310.4694723387847 0
v 374.4942495178633 310.15123865494934 0
v 374.4413671708296 309.8301044346783 0
v 374.4122863765938 309.5070789134063 0
v 374.4083867254243 309.18317132656796 0
v 374.43104780758983 308.8593909095977 0
v 374.4816492133589 308.53674689793024 0
v 374.561570533 308.21624852700006 0
v 374.561570533 308.21624852700006 0
v 374.63286900110916 308.0229594448006 0
v 374.71307013426343 307.83587175838926 0
v 374.8018199034222 307.6548097599209 0
v 374.89876427954493 307.4795977415509 0
v 375.1158207365188 307.1460208137261 0
v 375.36140727285937 306.8337353121563 0
v 375.6326916562409 306.5413355740826 0
v 375.92684165433786 306.26741593674615 0
v 376.2410250348244 306.01057073738826 0
v 376.572409565375 305.7693943132501 0
v 377.2754531473653 305.32842513959775 0
v 378.01331454170315 304.93326311371885 0
v 378.7633358897832 304.57266293354303 0
v 379.502859333 304.23537929700007 0
v 379.502859333 304.23537929700007 0
v 379.94277517414497 304.0333032501666 0
v 380.3910334952851 303.8525236513946 0
v 380.8468374386031 303.69241115015194 0
v 381.30939014628126 303.55233639590637 0
v 381.77789476050253 303.4316700381255 0
v 382.2515544234493 303.3297827262774 0
v 382.7295722773042 303.24604510982965 0
v 383.21115146425 303.17982783825005 0
v 383.69549512646927 303.1305015610064 0
v 384.1818064061446 303.0974369275665 0
v 384.66928844545856 303.08000458739804 0
v 385.1571443865938 303.07757518996885 0
v 386.13079054305865 303.1152078211993 0
v 387.09637001300007 303.20530001700007 0
v 387.09637001300007 303.20530001700007 0
v 387.44800933675987 303.2561508802764 0
v 387.7960152255783 303.3207769136485 0
v 388.1401428757638 303.3987806854307 0
v 388.4801474836251 303.4897647639376 0
v 389.1468083576095 303.7090841143829 0
v 389.79403941800007 303.9755555115001 0
v 390.41988223526573 304.2859995018047 0
v 391.022378379875 304.6372366318126 0
v 391.5995694222969 305.0260874480391 0
v 392.149496933 305.44937249700007 0
v 392.149496933 305.44937249700007 0
v 392.9439925193428 306.0393018470977 0
v 393.72530390077344 306.6513401440313 0
v 394.4906345221455 307.2855334702617 0
v 395.2371878283125 307.94192790825 0
v 395.96216726412797 308.62056954045715 0
v 396.6627762744453 309.3215044493438 0
v 397.33621830411823 310.0447787173711 0
v 397.979696798 310.790438427 0
v 398.59041520094434 311.5585296606915 0
v 399.16557695780466 312.3490985009063 0
v 399.7023855134346 313.16219103010553 0
v 400.1980443126875 313.9978533307501 0
v 400.649756800417 314.85613148530086 0
v 401.0547264214766 315.73707157621885 0
v 401.4101566207197 316.64071968596494 0
v 401.713250843 317.5671218970001 0
v 401.713250843 317.5671218970001 0
v 401.873699148209 318.1205820995392 0
v 402.0191394298594 318.6785300248126 0
v 402.14690525873635 319.2405001218048 0
v 402.254330205625 319.8060268395001 0
v 402.3387478413106 320.3746446268829 0
v 402.3974917365782 320.9458879329376 0
v 402.427895462213 321.5192912066485 0
v 402.42729258900005 322.0943888970001 0
v 402.42729258900005 322.0943888970001 0
v 403.4829050012852 322.15413120372085 0
v 404.5420293810313 322.2246566881407 0
v 405.6031346150742 322.2919311140216 0
v 406.66468959024996 322.34192024512515 0
v 407.72516319339456 322.36058984521304 0
v 408.78302431134375 322.333905678047 0
v 409.31049671550636 322.2991702329193 0
v 409.8367418309336 322.2478335073888 0
v 410.36156826847997 322.17814122192567 0
v 410.884784639 322.08833909700013 0
v 410.884784639 322.08833909700013 0
v 411.1579571746699 322.01834050841035 0
v 411.44443918248436 321.92621359471894 0
v 411.7288743075254 321.80934347166817 0
v 411.995906194875 321.66511525500016 0
v 412.1180970635037 321.58192471022915 0
v 412.23017848961524 321.49091406045716 0
v 412.3302309288449 321.391756445152 0
v 412.4163348368281 321.2841250037814 0
v 412.4865706692 321.16769287581315 0
v 412.53901888159567 321.042133200715 0
v 412.5717599296506 320.9071191179548 0
v 412.582874269 320.76232376700017 0
v 412.582874269 320.76232376700017 0
v 412.0664890167539 319.70588571321116 0
v 411.5338919047812 318.65443165481264 0
v 410.9995082864805 317.60293505875796 0
v 410.4777635152501 316.5463693920002 0
v 409.9830829444884 315.47970812149237 0
v 409.5298919275938 314.39792471418764 0
v 409.32336292478374 313.8497914176594 0
v 409.1326158179649 313.29599263703926 0
v 408.95945377631205 312.7359000556965 0
v 408.80567996900004 312.1688853570002 0
v 408.80567996900004 312.1688853570002 0
v 408.63717270914 311.52502549608715 0
v 408.497400466088 310.87620970282046 0
v 408.386011342324 310.2233144301594 0
v 408.3026534403282 309.56721613106265 0
v 408.2469748625804 308.90879125848943 0
v 408.2186237115606 308.2489162653986 0
v 408.21724808974886 307.5884676047492 0
v 408.2424960996251 306.92832172950017 0
v 408.29401584366923 306.2693550926105 0
v 408.3714554243614 305.61244414703924 0
v 408.4744629441814 304.9584653457453 0
v 408.6026865056094 304.3082951416877 0
v 408.7557742111253 303.66280998782537 0
v 408.933374163209 303.02288633711737 0
v 409.1351344643406 302.3894006425226 0
v 409.36070321700004 301.76322935700017 0
v 409.36070321700004 301.76322935700017 0
v 408.7177930767266 300.40487437996893 0
v 408.02265565731255 299.0626553538752 0
v 407.65276013460254 298.40149610758607 0
v 407.2665178921172 297.7490499912189 0
v 406.8628322965264 297.10687671883613 0
v 406.44060671450006 296.4765360045002 0
v 405.998744512708 295.85958756227365 0
v 405.53614905782035 295.2575911062189 0
v 405.0517237165068 294.6721063503986 0
v 404.54437185543753 294.1046930088752 0
v 404.0129968412823 293.55691079571113 0
v 403.456502040711 293.030319424969 0
v 402.8737908203936 292.52647861071114 0
v 402.26376654700005 292.0469480670002 0
v 402.26376654700005 292.0469480670002 0
v 401.5798188779961 291.5457410426252 0
v 400.8796518743438 291.05759780512517 0
v 400.16071035858204 290.5933229191877 0
v 399.42043915325 290.1637209495002 0
v 399.0415064240386 289.965298734715 0
v 398.65628308088674 289.77959646075016 0
v 398.2644497266119 289.60796469819155 0
v 397.8656869640313 289.45175401762515 0
v 397.45967539596245 289.3123149896369 0
v 397.0460956252227 289.19099818481266 0
v 396.62462825462944 289.08915417373845 0
v 396.19495388700005 289.00813352700015 0
v 396.19495388700005 289.00813352700015 0
v 394.96486164067187 288.74946231505095 0
v 393.727997115125 288.52122136078134 0
v 392.48514268551565 288.3261006983087 0
v 391.23708072700003 288.16679036175015 0
v 389.9845936147344 288.04598038522283 0
v 388.72846372387505 287.9663608028439 0
v 387.4694734295781 287.9306216487306 0
v 386.20840510700003 287.94145295700014 0
v 386.20840510700003 287.94145295700014 0
v 386.1817749295645 287.9415810623028 0
v 386.1551456242031 287.9417083404845 0
v 386.12851706633404 287.9418349097052 0
v 386.10188913137506 287.94196088812515 0
v 386.0752616947442 287.94208639390445 0
v 386.04863463185944 287.9422115452033 0
v 386.0220078181387 287.94233646018176 0
v 385.99538112900007 287.9424612570001 0
v 385.99538112900007 287.9424612570001 0
v 385.99543561287504 287.9424877248751 0
v 385.99549009675 287.9425141927501 0
v 385.99554458062505 287.94254066062507 0
v 385.9955990645 287.94256712850006 0
v 385.995653548375 287.942593596375 0
v 385.99570803225004 287.94262006425 0
v 385.995762516125 287.94264653212497 0
v 385.995817 287.94267299999996 0
v 385.995817 287.94267299999996 0
v 384.30882347625 287.97636948010546 0
v 382.628786613125 288.0904585857187 0
v 380.9557761765625 288.27437987103514 0
v 379.2898619325 288.51757289024994 0
v 377.631113646875 288.8094771975585 0
v 375.97960108562495 289.1395323471562 0
v 374.3353940146875 289.49717789323824 0
v 372.69856219999997 289.87185338999996 0
v 372.69856219999997 289.87185338999996 0
v 372.4781352047207 289.943351174959 0
v 372.23970946964056 289.99388179467184 0
v 371.99494873827143 290.0371736868925 0
v 371.755516754125 290.08695528937494 0
v 371.6414439621077 290.1185698687624 0
v 371.53307726071284 290.156955039873 0
v 371.43187461787966 290.20382685742595 0
v 371.3392940015468 290.26090137614057 0
v 371.2567933796536 290.32989465073604 0
v 371.18583072013865 290.4125227359316 0
v 371.12786399094114 290.51050168644645 0
v 371.08435116 290.62554755699995 0
v 371.08435116 290.62554755699995 0
v 370.34423822575684 291.99738500172646 0
v 369.6648904887109 293.3919446444999 0
v 369.04355873488765 294.80744226696083 0
v 368.4774937503125 296.24209365074995 0
v 367.9639463210107 297.6941145775078 0
v 367.5001672330078 299.16172082887493 0
v 367.0834072723291 300.6431281864921 0
v 366.71091722499995 302.136552432 0
v 366.3799478770458 303.640209347039 0
v 366.08775001449214 305.15231471324995 0
v 365.83157442336426 306.67108431227336 0
v 365.6086718896875 308.19473392575003 0
v 365.25168913878906 311.249536322625 0
v 364.99480805 314.302448157 0
v 364.99480805 314.302448157 0
v 364.8637318481524 316.5008233781719 0
v 364.7645469021562 318.70031875762504 0
v 364.692143604582 320.90071215426565 0
v 364.641412348 323.101781427 0
v 364.6072435249805 325.3033044347344 0
v 364.58452752809376 327.50505903637503 0
v 364.5681547499102 329.70682309082815 0
v 364.55301558300005 331.908374457 0
v 364.55301558300005 331.908374457 0
v 365.7824435994649 332.16167432487305 0
v 367.0159143028437 332.4090138399844 0
v 368.2535335878633 332.6416837716973 0
v 369.49540734924994 332.85097488937504 0
v 370.74164148173054 333.0281779623809 0
v 371.9923418800313 333.16458376007813 0
v 373.24761443887894 333.2514830518301 0
v 374.507565053 333.280166607 0
v 374.507565053 333.280166607 0
v 375.6133140503047 333.2469530671465 0
v 376.7152882120625 333.1507016747344 0
v 377.26322225453805 333.0783986012322 0
v 377.8082476180391 332.9896902454864 0
v 378.34970931253616 332.8843613344622 0
v 378.886952348 332.76219659512503 0
v 379.41932173440136 332.6229807544402 0
v 379.946162481711 332.46649853937305 0
v 380.46681959989945 332.2925346768889 0
v 380.98063809893745 332.1008738939531 0
v 381.4869629887959 331.891300917531 0
v 381.9851392794453 331.66360047458795 0
v 382.47451198085645 331.41755729208916 0
v 382.954426103 331.152956097 0
v 382.954426103 331.152956097 0
v 383.1981969678399 331.01568377179694 0
v 383.43841201234375 330.87292597950005 0
v 383.6748422547383 330.72465152582816 0
v 383.90725871325003 330.5708292165 0
v 384.13543240610545 330.4114278572344 0
v 384.3591343515312 330.24641625375006 0
v 384.5781355677539 330.07576321176566 0
v 384.792207073 329.89943753700004 0
v 384.792207073 329.89943753700004 0
v 384.57671734667383 328.17360939737114 0
v 384.3045616080156 326.44201622371884 0
v 384.1409892708137 325.57866636447807 0
v 383.9557567746309 324.7194055851446 0
v 383.74636623416774 323.866077331856 0
v 383.510319764125 323.02052505075005 0
v 383.24511947920337 322.1845921879644 0
v 382.9482674941035 321.3601221896368 0
v 382.61726592352613 320.54895850190485 0
v 382.2496168821719 319.75294457090627 0
v 381.8428224847415 318.97392384277885 0
v 381.3943848459356 318.2137397636602 0
v 380.90180608045483 317.474235779688 0
v 380.362588303 316.75725533700006 0
v 380.362588303 316.75725533700006 0
v 379.9103424484493 316.2051718972149 0
v 379.42341420221874 315.6844257124688 0
v 378.90635952919143 315.19177564967583 0
v 378.36373439424995 314.72398057575003 0
v 377.8000947622773 314.27779935760555 0
v 377.2199965981563 313.84999086215635 0
v 376.62799586676954 313.4373139563165 0
v 376.02864853299997 313.0365275070001 0
v 376.02864853299997 313.0365275070001 0
v 375.8136281227583 312.7898142456402 0
v 375.60861336262883 312.53111732893365 0
v 375.4149838428803 312.26144599231503 0
v 375.2341191537812 311.98180947121875 0
v 375.0673988856 311.69321700107963 0
v 374.9162026286055 311.3966778173321 0
v 374.7819099730659 311.0932011554107 0
v 374.66590050925004 310.7837962507501 0
v 374.56955382742626 310.4694723387847 0
v 374.4942495178633 310.15123865494934 0
v 374.4413671708296 309.8301044346783 0
v 374.4122863765938 309.5070789134063 0
v 374.4083867254243 309.18317132656796 0
v 374.43104780758983 308.8593909095977 0
v 374.4816492133589 308.53674689793024 0
v 374.561570533 308.21624852700006 0
v 374.561570533 308.21624852700006 0
v 374.63286900110916 308.0229594448006 0
v 374.71307013426343 307.83587175838926 0
v 374.8018199034222 307.6548097599209 0
v 374.89876427954493 307.4795977415509 0
v 375.1158207365188 307.1460208137261 0
v 375.36140727285937 306.8337353121563 0
v 375.6326916562409 306.5413355740826 0
v 375.92684165433786 306.26741593674615 0
v 376.2410250348244 306.01057073738826 0
v 376.572409565375 305.7693943132501 0
v 377.2754531473653 305.32842513959775 0
v 378.01331454170315 304.93326311371885 0
v 378.7633358897832 304.57266293354303 0
v 379.502859333 304.23537929700007 0
v 379.502859333 304.23537929700007 0
v 379.94277517414497 304.0333032501666 0
v 380.3910334952851 303.8525236513946 0
v 380.8468374386031 303.69241115015194 0
v 381.30939014628126 303.55233639590637 0
v 381.77789476050253 303.4316700381255 0
v 382.2515544234493 303.3297827262774 0
v 382.7295722773042 303.24604510982965 0
v 383.21115146425 303.17982783825005 0
v 383.69549512646927 303.1305015610064 0
v 384.1818064061446 303.0974369275665 0
v 384.66928844545856 303.08000458739804 0
v 385.1571443865938 303.07757518996885 0
v 386.13079054305865 303.1152078211993 0
v 387.09637001300007 303.20530001700007 0
v 387.09637001300007 303.20530001700007 0
v 387.44800933675987 303.2561508802764 0
v 387.7960152255783 303.3207769136485 0
v 388.1401428757638 303.3987806854307 0
v 388.4801474836251 303.4897647639376 0
v 389.1468083576095 303.7090841143829 0
v 389.79403941800007 303.9755555115001 0
v 390.41988223526573 304.2859995018047 0
v 391.022378379875 304.6372366318126 0
v 391.5995694222969 305.0260874480391 0
v 392.149496933 305.44937249700007 0
v 392.149496933 305.44937249700007 0
v 392.9439925193428 306.0393018470977 0
v 393.72530390077344 306.6513401440313 0
v 394.4906345221455 307.2855334702617 0
v 395.2371878283125 307.94192790825 0
v 395.96216726412797 308.62056954045715 0
v 396.6627762744453 309.3215044493438 0
v 397.33621830411823 310.0447787173711 0
v 397.979696798 310.790438427 0
v 398.59041520094434 311.5585296606915 0
v 399.16557695780466 312.3490985009063 0
v 399.7023855134346 313.16219103010553 0
v 400.1980443126875 313.9978533307501 0
v 400.649756800417 314.85613148530086 0
v 401.0547264214766 315.73707157621885 0
v 401.4101566207197 316.64071968596494 0
v 401.713250843 317.5671218970001 0
v 401.713250843 317.5671218970001 0
v 401.873699148209 318.1205820995392 0
v 402.0191394298594 318.6785300248126 0
v 402.14690525873635 319.2405001218048 0
v 402.254330205625 319.8060268395001 0
v 402.3387478413106 320.3746446268829 0
v 402.3974917365782 320.9458879329376 0
v 402.427895462213 321.5192912066485 0
v 402.42729258900005 322.0943888970001 0
v 402.42729258900005 322.0943888970001 0
v 403.4829050012852 322.15413120372085 0
v 404.5420293810313 322.2246566881407 0
v 405.6031346150742 322.2919311140216 0
v 406.66468959024996 322.34192024512515 0
v 407.72516319339456 322.36058984521304 0
v 408.78302431134375 322.333905678047 0
v 409.31049671550636 322.2991702329193 0
v 409.8367418309336 322.2478335073888 0
v 410.36156826847997 322.17814122192567 0
v 410.884784639 322.08833909700013 0
v 410.884784639 322.08833909700013 0
v 411.1579571746699 322.01834050841035 0
v 411.44443918248436 321.92621359471894 0
v 411.7288743075254 321.80934347166817 0
v 411.995906194875 321.66511525500016 0
v 412.1180970635037 321.58192471022915 0
v 412.23017848961524 321.49091406045716 0
v 412.3302309288449 321.391756445152 0
v 412.4163348368281 321.2841250037814 0
v 412.4865706692 321.16769287581315 0
v 412.53901888159567 321.042133200715 0
v 412.5717599296506 320.9071191179548 0
v 412.582874269 320.76232376700017 0
v 412.582874269 320.76232376700017 0
v 412.0664890167539 319.70588571321116 0
v 411.5338919047812 318.65443165481264 0
v 410.9995082864805 317.60293505875796 0
v 410.4777635152501 316.5463693920002 0
v 409.9830829444884 315.47970812149237 0
v 409.5298919275938 314.39792471418764 0
v 409.32336292478374 313.8497914176594 0
v 409.1326158179649 313.29599263703926 0
v 408.95945377631205 312.7359000556965 0
v 408.80567996900004 312.1688853570002 0
v 408.80567996900004 312.1688853570002 0
v 408.63717270914 311.52502549608715 0
v 408.497400466088 310.87620970282046 0
v 408.386011342324 310.2233144301594 0
v 408.3026534403282 309.56721613106265 0
v 408.2469748625804 308.90879125848943 0
v 408.2186237115606 308.2489162653986 0
v 408.21724808974886 307.5884676047492 0
v 408.2424960996251 306.92832172950017 0
v 408.29401584366923 306.2693550926105 0
v 408.3714554243614 305.61244414703924 0
v 408.4744629441814 304.9584653457453 0
v 408.6026865056094 304.3082951416877 0
v 408.7557742111253 303.66280998782537 0
v 408.933374163209 303.02288633711737 0
v 409.1351344643406 302.3894006425226 0
v 409.36070321700004 301.76322935700017 0
v 409.36070321700004 301.76322935700017 0
v 408.7177930767266 300.40487437996893 0
v 408.02265565731255 299.0626553538752 0
v 407.65276013460254 298.40149610758607 0
v 407.2665178921172 297.7490499912189 0
v 406.8628322965264 297.10687671883613 0
v 406.44060671450006 296.4765360045002 0
v 405.998744512708 295.85958756227365 0
v 405.53614905782035 295.2575911062189 0
v 405.0517237165068 294.6721063503986 0
v 404.54437185543753 294.1046930088752 0
v 404.0129968412823 293.55691079571113 0
v 403.456502040711 293.030319424969 0
v 402.8737908203936 292.52647861071114 0
v 402.26376654700005 292.0469480670002 0
v 402.26376654700005 292.0469480670002 0
v 401.5798188779961 291.5457410426252 0
v 400.8796518743438 291.05759780512517 0
v 400.16071035858204 290.5933229191877 0
v 399.42043915325 290.1637209495002 0
v 399.0415064240386 289.965298734715 0
v 398.65628308088674 289.77959646075016 0
v 398.2644497266119 289.60796469819155 0
v 397.8656869640313 289.45175401762515 0
v 397.45967539596245 289.3123149896369 0
v 397.0460956252227 289.19099818481266 0
v 396.62462825462944 289.08915417373845 0
v 396.19495388700005 289.00813352700015 0
v 396.19495388700005 289.00813352700015 0
v 394.96486164067187 288.74946231505095 0
v 393.727997115125 288.52122136078134 0
v 392.48514268551565 288.3261006983087 0
v 391.23708072700003 288.16679036175015 0
v 389.9845936147344 288.04598038522283 0
v 388.72846372387505 287.9663608028439 0
v 387.4694734295781 287.9306216487306 0
v 386.20840510700003 287.94145295700014 0
v 386.20840510700003 287.94145295700014 0
v 386.1817749295645 287.9415810623028 0
v 386.1551456242031 287.9417083404845 0
v 386.12851706633404 287.9418349097052 0
v 386.10188913137506 287.94196088812515 0
v 386.0752616947442 287.94208639390445 0
v 386.04863463185944 287.9422115452033 0
v 386.0220078181387 287.94233646018176 0
v 385.99538112900007 287.9424612570001 0
v 385.99538112900007 287.9424612570001 0
v 385.99543561287504 287.9424877248751 0
v 385.99549009675 287.9425141927501 0
v 385.99554458062505 287.94254066062507 0
v 385.9955990645 287.94256712850006 0
v 385.995653548375 287.942593596375 0
v 385.99570803225004 287.94262006425 0
v 385.995762516125 287.94264653212497 0
v 385.995817 287.94267299999996 0
v 377.77805399999994 306.364314 0
v 377.34797481863274 306.6484490013281 0
v 376.9247401740625 306.966514873125 0
v 376.72166559738764 307.13827631645506 0
v 376.5274734080859 307.3185257946094 0
v 376.3445540238818 307.50726507999025 0
v 376.1752978624999 307.704495945 0
v 376.022095341665 307.910220162041 0
v 375.8873368791015 308.1244395035156 0
v 375.77341289253417 308.34715574182616 0
v 375.68271379968746 308.578370649375 0
v 375.6176300182861 308.81808599856447 0
v 375.58055196605466 309.0663035617969 0
v 375.5732620939166 309.19360122755495 0
v 375.57387006071775 309.32302511147464 0
v 375.5826746686737 309.4545754351062 0
v 375.59997472 309.58825242 0
v 375.59997472 309.58825242 0
v 375.63702533822993 309.8260751388867 0
v 375.68653518738665 310.0636863510938 0
v 375.7485209926079 310.3000048911914 0
v 375.8229994790312 310.53394959375004 0
v 375.90998737179444 310.7644392933399 0
v 376.00950139603515 310.9903928245312 0
v 376.12155827689105 311.2107290218945 0
v 376.24617473949996 311.42436671999997 0
v 376.3833675089995 311.63022475341796 0
v 376.5331533105273 311.82722195671874 0
v 376.69554886922117 312.0142771644727 0
v 376.8705709102187 312.19030921125 0
v 377.05823615865773 312.35423693162113 0
v 377.2585613396758 312.50497916015627 0
v 377.47156317841063 312.64145473142577 0
v 377.6972584 312.76258248 0
v 377.6972584 312.76258248 0
v 378.46258681523193 313.30219234289063 0
v 379.1861318187305 313.88294084578126 0
v 379.8683183909497 314.502145753125 0
v 380.5095715123438 315.15712482937494 0
v 381.1103161633667 315.84519583898435 0
v 381.6709773244727 316.56367654640627 0
v 382.1919799761157 317.30988471609373 0
v 382.67374909874997 318.0811381125 0
v 383.1167096728296 318.8747545000781 0
v 383.52128667880856 319.68805164328126 0
v 383.88790509714113 320.5183473065625 0
v 384.2169899082812 321.36295925437497 0
v 384.50896609268307 322.21920525117184 0
v 384.7642586308008 323.0844030614062 0
v 384.98329250308836 323.9558704495312 0
v 385.16649269 324.83092517999995 0
v 385.16649269 324.83092517999995 0
v 385.26711805344144 325.2853394039648 0
v 385.3551195196562 325.7431294635937 0
v 385.43525686973044 326.2028975242382 0
v 385.51228988475 326.6632457512499 0
v 385.59097834580075 327.12277630998045 0
v 385.67608203396867 327.58009136578124 0
v 385.77236073033976 328.0337930840039 0
v 385.884574216 328.48248363 0
v 385.884574216 328.48248363 0
v 386.08479496093935 328.28895513624605 0
v 386.2736845963906 328.0753992049687 0
v 386.4539548994277 327.8468345706445 0
v 386.62831764712496 327.60827996775 0
v 386.7994846165566 327.3647541307617 0
v 386.97016758479685 327.12127579415625 0
v 387.14307832891984 326.8828636924102 0
v 387.3209286259999 326.65453656 0
v 387.3209286259999 326.65453656 0
v 387.82345744945695 325.9939029294726 0
v 388.3467254436561 325.3454338870313 0
v 388.89393062933976 324.7147715801367 0
v 389.4682710272499 324.1075581562499 0
v 390.0729446581288 323.529435762832 0
v 390.71114954271866 322.9860465473437 0
v 391.0438255866371 322.7291400524048 0
v 391.38608370176166 322.4830326572461 0
v 391.738323640685 322.2484296303003 0
v 392.10094515599997 322.02603624 0
v 392.10094515599997 322.02603624 0
v 392.1622932154213 321.96949253117066 0
v 392.2063854488398 321.90823483767775 0
v 392.23505548573684 321.8428002122014 0
v 392.25013695559375 321.7737257074218 0
v 392.2534634878921 321.7015483760193 0
v 392.24686871211327 321.6268052706738 0
v 392.2321862577387 321.55003344406566 0
v 392.21124975424993 321.47176994887496 0
v 392.1579491178554 321.31291616346675 0
v 392.10163583878114 321.1545403358906 0
v 392.05697895287886 321.00093888758784 0
v 392.03864749599995 320.85640823999995 0
v 392.03864749599995 320.85640823999995 0
v 391.89859232455956 320.27978618516596 0
v 391.7354303631641 319.7097308810156 0
v 391.5497622840771 319.14667892932613 0
v 391.3421887595624 318.591066931875 0
v 391.11331046188377 318.04333149043947 0
v 390.8637280633046 317.50390920679683 0
v 390.59404223608885 316.9732366827246 0
v 390.3048536524999 316.45175052 0
v 389.9967629848017 315.93988732040043 0
v 389.67037090525776 315.4380836857031 0
v 389.32627808613177 314.9467762176855 0
v 388.96508519968745 314.46640151812494 0
v 388.5873929181884 313.9973961887988 0
v 388.19380191389837 313.54019683148437 0
v 387.78491285908103 313.095240047959 0
v 387.36132642599995 312.66296244 0
v 387.36132642599995 312.66296244 0
v 386.3519922932265 311.7145259199609 0
v 385.2999987813124 310.81173939468744 0
v 384.2132369161171 309.94656088394527 0
v 383.0995977235 309.1109484075 0
v 381.9669722293203 308.2968599851172 0
v 380.8232514594374 307.49625363656247 0
v 379.6763264397109 306.7010873816015 0
v 378.53408819599997 305.90331924 0
v 378.53408819599997 305.90331924 0
v 378.43958259262496 305.96094106425 0
v 378.34507698924995 306.01856288849996 0
v 378.250571385875 306.07618471275 0
v 378.1560657825 306.13380653699994 0
v 378.06156017912497 306.19142836124996 0
v 377.96705457575 306.2490501855 0
v 377.872548972375 306.30667200974995 0
v 377.778043369 306.36429383399997 0
v 377.778043369 306.36429383399997 0
v 377.778044697875 306.36429635474997 0
v 377.77804602674996 306.36429887549997 0
v 377.77804735562495 306.36430139624997 0
v 377.77804868449994 306.364303917 0
v 377.778050013375 306.36430643775 0
v 377.77805134224997 306.3643089585 0
v 377.77805267112495 306.36431147925 0
v 377.77805399999994 306.364314 0
v 377.77805399999994 306.364314 0
v 377.34797481863274 306.6484490013281 0
v 376.9247401740625 306.966514873125 0
v 376.72166559738764 307.13827631645506 0
v 376.5274734080859 307.3185257946094 0
v 376.3445540238818 307.50726507999025 0
v 376.1752978624999 307.704495945 0
v 376.022095341665 307.910220162041 0
v 375.8873368791015 308.1244395035156 0
v 375.77341289253417 308.34715574182616 0
v 375.68271379968746 308.578370649375 0
v 375.6176300182861 308.81808599856447 0
v 375.58055196605466 309.0663035617969 0
v 375.5732620939166 309.19360122755495 0
v 375.57387006071775 309.32302511147464 0
v 375.5826746686737 309.4545754351062 0
v 375.59997472 309.58825242 0
v 375.59997472 309.58825242 0
v 375.63702533822993 309.8260751388867 0
v 375.68653518738665 310.0636863510938 0
v 375.7485209926079 310.3000048911914 0
v 375.8229994790312 310.53394959375004 0
v 375.90998737179444 310.7644392933399 0
v 376.00950139603515 310.9903928245312 0
v 376.12155827689105 311.2107290218945 0
v 376.24617473949996 311.42436671999997 0
v 376.3833675089995 311.63022475341796 0
v 376.5331533105273 311.82722195671874 0
v 376.69554886922117 312.0142771644727 0
v 376.8705709102187 312.19030921125 0
v 377.05823615865773 312.35423693162113 0
v 377.2585613396758 312.50497916015627 0
v 377.47156317841063 312.64145473142577 0
v 377.6972584 312.76258248 0
v 377.6972584 312.76258248 0
v 378.46258681523193 313.30219234289063 0
v 379.1861318187305 313.88294084578126 0
v 379.8683183909497 314.502145753125 0
v 380.5095715123438 315.15712482937494 0
v 381.1103161633667 315.84519583898435 0
v 381.6709773244727 316.56367654640627 0
v 382.1919799761157 317.30988471609373 0
v 382.67374909874997 318.0811381125 0
v 383.1167096728296 318.8747545000781 0
v 383.52128667880856 319.68805164328126 0
v 383.88790509714113 320.5183473065625 0
v 384.2169899082812 321.36295925437497 0
v 384.50896609268307 322.21920525117184 0
v 384.7642586308008 323.0844030614062 0
v 384.98329250308836 323.9558704495312 0
v 385.16649269 324.83092517999995 0
v 385.16649269 324.83092517999995 0
v 385.26711805344144 325.2853394039648 0
v 385.3551195196562 325.7431294635937 0
v 385.43525686973044 326.2028975242382 0
v 385.51228988475 326.6632457512499 0
v 385.59097834580075 327.12277630998045 0
v 385.67608203396867 327.58009136578124 0
v 385.77236073033976 328.0337930840039 0
v 385.884574216 328.48248363 0
v 385.884574216 328.48248363 0
v 386.08479496093935 328.28895513624605 0
v 386.2736845963906 328.0753992049687 0
v 386.4539548994277 327.8468345706445 0
v 386.62831764712496 327.60827996775 0
v 386.7994846165566 327.3647541307617 0
v 386.97016758479685 327.12127579415625 0
v 387.14307832891984 326.8828636924102 0
v 387.3209286259999 326.65453656 0
v 387.3209286259999 326.65453656 0
v 387.82345744945695 325.9939029294726 0
v 388.3467254436561 325.3454338870313 0
v 388.89393062933976 324.7147715801367 0
v 389.4682710272499 324.1075581562499 0
v 390.0729446581288 323.529435762832 0
v 390.71114954271866 322.9860465473437 0
v 391.0438255866371 322.7291400524048 0
v 391.38608370176166 322.4830326572461 0
v 391.738323640685 322.2484296303003 0
v 392.10094515599997 322.02603624 0
v 392.10094515599997 322.02603624 0
v 392.1622932154213 321.96949253117066 0
v 392.2063854488398 321.90823483767775 0
v 392.23505548573684 321.8428002122014 0
v 392.25013695559375 321.7737257074218 0
v 392.2534634878921 321.7015483760193 0
v 392.24686871211327 321.6268052706738 0
v 392.2321862577387 321.55003344406566 0
v 392.21124975424993 321.47176994887496 0
v 392.1579491178554 321.31291616346675 0
v 392.10163583878114 321.1545403358906 0
v 392.05697895287886 321.00093888758784 0
v 392.03864749599995 320.85640823999995 0
v 392.03864749599995 320.85640823999995 0
v 391.89859232455956 320.27978618516596 0
v 391.7354303631641 319.7097308810156 0
v 391.5497622840771 319.14667892932613 0
v 391.3421887595624 318.591066931875 0
v 391.11331046188377 318.04333149043947 0
v 390.8637280633046 317.50390920679683 0
v 390.59404223608885 316.9732366827246 0
v 390.3048536524999 316.45175052 0
v 389.9967629848017 315.93988732040043 0
v 389.67037090525776 315.4380836857031 0
v 389.32627808613177 314.9467762176855 0
v 388.96508519968745 314.46640151812494 0
v 388.5873929181884 313.9973961887988 0
v 388.19380191389837 313.54019683148437 0
v 387.78491285908103 313.095240047959 0
v 387.36132642599995 312.66296244 0
v 387.36132642599995 312.66296244 0
v 386.3519922932265 311.7145259199609 0
v 385.2999987813124 310.81173939468744 0
v 384.2132369161171 309.94656088394527 0
v 383.0995977235 309.1109484075 0
v 381.9669722293203 308.2968599851172 0
v 380.8232514594374 307.49625363656247 0
v 379.6763264397109 306.7010873816015 0
v 378.53408819599997 305.90331924 0
v 378.53408819599997 305.90331924 0
v 378.43958259262496 305.96094106425 0
v 378.34507698924995 306.01856288849996 0
v 378.250571385875 306.07618471275 0
v 378.1560657825 306.13380653699994 0
v 378.06156017912497 306.19142836124996 0
v 377.96705457575 306.2490501855 0
v 377.872548972375 306.30667200974995 0
v 377.778043369 306.36429383399997 0
v 377.778043369 306.36429383399997 0
v 377.778044697875 306.36429635474997 0
v 377.77804602674996 306.36429887549997 0
v 377.77804735562495 306.36430139624997 0
v 377.77804868449994 306.364303917 0
v 377.778050013375 306.36430643775 0
v 377.77805134224997 306.3643089585 0
v 377.77805267112495 306.36431147925 0
v 377.77805399999994 306.364314 0
v 385.187861 304.1964689999999 0
v 384.50365378509764 304.21163875533983 0
v 383.8149653545312 304.2524740782187 0
v 383.12722125576175 304.3245552001758 0
v 382.44584703625 304.43346235275 0
v 381.776268243457 304.58477576748044 0
v 381.12391042484376 304.78407567590625 0
v 380.80588486443605 304.9034643876108 0
v 380.49419912787107 305.03694230956637 0
v 380.1895314085815 305.1852069707152 0
v 379.8925599 305.3489558999999 0
v 379.8925599 305.3489558999999 0
v 380.6147430402148 305.9147896371679 0
v 381.3525500129687 306.4639545210937 0
v 382.1004556051758 307.0025629766601 0
v 382.85293460375 307.53672742874994 0
v 383.6044617956054 308.0725603022461 0
v 384.3495119676562 308.61617402203115 0
v 385.0825599068164 309.1736810129882 0
v 385.7980804 309.75119369999993 0
v 385.7980804 309.75119369999993 0
v 386.8803948943164 310.6432993348827 0
v 387.91428559890625 311.5903990696874 0
v 388.4097842323853 312.08452076799307 0
v 388.8892315612304 312.5923298433984 0
v 389.35131246637445 313.1138059132763 0
v 389.79471182875 313.6489285949999 0
v 390.2181145292895 314.19767750594224 0
v 390.6202054489258 314.76003226347643 0
v 390.9996694685913 315.3359724849755 0
v 391.35519146921877 315.9254777878124 0
v 391.68545633174074 316.5285277893602 0
v 391.9891489370899 317.1451021069921 0
v 392.2649541661987 317.77518035808095 0
v 392.5115569 318.4187421599999 0
v 392.5115569 318.4187421599999 0
v 392.65253863991603 318.7899491047616 0
v 392.7867634242032 319.1655121418437 0
v 392.91262701004496 319.5446412524413 0
v 393.028525154625 319.9265464177499 0
v 393.132853615127 320.3104376189647 0
v 393.2240081487344 320.69552483728114 0
v 393.3003845126309 321.0810180538944 0
v 393.360378464 321.4661272499999 0
v 393.360378464 321.4661272499999 0
v 394.0257484605039 321.36739798003106 0
v 394.69788949040634 321.28872946874986 0
v 395.374154185543 321.2361771878436 0
v 396.05189517775 321.2157966089998 0
v 396.7284650988633 321.2336432039061 0
v 397.4012165807188 321.2957724442498 0
v 397.7353331043736 321.34533539136316 0
v 398.06750225515236 321.4082398017186 0
v 398.3973931120347 321.4852426092772 0
v 398.72467475400003 321.57710074799985 0
v 398.72467475400003 321.57710074799985 0
v 399.0318670295254 321.6337410355253 0
v 399.3411098007032 321.69504144145293 0
v 399.6519061098106 321.7562206150604 0
v 399.96375899912505 321.8124972056249 0
v 400.27617151092386 321.8590898624237 0
v 400.58864668748447 321.8912172347342 0
v 400.90068757108406 321.90409797183383 0
v 401.21179720400005 321.89295072299984 0
v 401.21179720400005 321.89295072299984 0
v 401.24063164246 321.76506477967223 0
v 401.2599042231485 321.6355022323475 0
v 401.27055336021584 321.504472785763 0
v 401.2735174678125 321.37218614465615 0
v 401.2601442511953 321.10468009782403 0
v 401.22729188650004 320.8346617297498 0
v 401.1824676869297 320.5638086783319 0
v 401.13317896568753 320.29379858146865 0
v 401.0869330359766 320.02630907705844 0
v 401.05123721100006 319.76301780299985 0
v 401.05123721100006 319.76301780299985 0
v 400.8921372752835 318.95385926850275 0
v 400.6883878714864 318.15789597405455 0
v 400.44198653232496 317.37557367884455 0
v 400.1549307905157 316.60733814206236 0
v 399.8292181787746 315.85363512289734 0
v 399.4668462298183 315.11491038053896 0
v 399.06981247636304 314.3916096741766 0
v 398.64011445112504 313.6841787629998 0
v 398.1797496868205 312.9930634061981 0
v 397.69071571616604 312.3187093629608 0
v 397.17501007187775 311.6615623924774 0
v 396.6346302866719 311.0220682539374 0
v 396.07157389326494 310.40067270653014 0
v 395.4878384243731 309.79782150944516 0
v 394.8854214127127 309.2139604218719 0
v 394.266320391 308.64953520299986 0
v 394.266320391 308.64953520299986 0
v 393.6595448536172 308.1314021301092 0
v 393.0499313375625 307.61111854237487 0
v 392.4328977157266 307.09670515120297 0
v 391.80386186100003 306.59618266799987 0
v 391.15824164627344 306.11757180417175 0
v 390.49145494443746 305.6688932711249 0
v 389.7989196283828 305.2581677802655 0
v 389.076053571 304.8934160429999 0
v 389.076053571 304.8934160429999 0
v 388.61247801889067 304.712470699992 0
v 388.14040597225 304.5583377869999 0
v 387.6608789368594 304.4310111596952 0
v 387.1749384185 304.33048467374994 0
v 386.6836259229531 304.2567521848359 0
v 386.18798295600004 304.2098075486249 0
v 385.68905102342194 304.18964462078895 0
v 385.187871631 304.1962572569999 0
v 385.187871631 304.1962572569999 0
v 385.187870302125 304.1962837248749 0
v 385.18786897325003 304.19631019274993 0
v 385.187867644375 304.1963366606249 0
v 385.1878663155 304.1963631284999 0
v 385.187864986625 304.1963895963749 0
v 385.18786365775 304.1964160642499 0
v 385.187862328875 304.19644253212493 0
v 385.187861 304.1964689999999 0
v 385.187861 304.1964689999999 0
v 384.50365378509764 304.21163875533983 0
v 383.8149653545312 304.2524740782187 0
v 383.12722125576175 304.3245552001758 0
v 382.44584703625 304.43346235275 0
v 381.776268243457 304.58477576748044 0
v 381.12391042484376 304.78407567590625 0
v 380.80588486443605 304.9034643876108 0
v 380.49419912787107 305.03694230956637 0
v 380.1895314085815 305.1852069707152 0
v 379.8925599 305.3489558999999 0
v 379.8925599 305.3489558999999 0
v 380.6147430402148 305.9147896371679 0
v 381.3525500129687 306.4639545210937 0
v 382.1004556051758 307.0025629766601 0
v 382.85293460375 307.53672742874994 0
v 383.6044617956054 308.0725603022461 0
v 384.3495119676562 308.61617402203115 0
v 385.0825599068164 309.1736810129882 0
v 385.7980804 309.75119369999993 0
v 385.7980804 309.75119369999993 0
v 386.8803948943164 310.6432993348827 0
v 387.91428559890625 311.5903990696874 0
v 388.4097842323853 312.08452076799307 0
v 388.8892315612304 312.5923298433984 0
v 389.35131246637445 313.1138059132763 0
v 389.79471182875 313.6489285949999 0
v 390.2181145292895 314.19767750594224 0
v 390.6202054489258 314.76003226347643 0
v 390.9996694685913 315.3359724849755 0
v 391.35519146921877 315.9254777878124 0
v 391.68545633174074 316.5285277893602 0
v 391.9891489370899 317.1451021069921 0
v 392.2649541661987 317.77518035808095 0
v 392.5115569 318.4187421599999 0
v 392.5115569 318.4187421599999 0
v 392.65253863991603 318.7899491047616 0
v 392.7867634242032 319.1655121418437 0
v 392.91262701004496 319.5446412524413 0
v 393.028525154625 319.9265464177499 0
v 393.132853615127 320.3104376189647 0
v 393.2240081487344 320.69552483728114 0
v 393.3003845126309 321.0810180538944 0
v 393.360378464 321.4661272499999 0
v 393.360378464 321.4661272499999 0
v 394.0257484605039 321.36739798003106 0
v 394.69788949040634 321.28872946874986 0
v 395.374154185543 321.2361771878436 0
v 396.05189517775 321.2157966089998 0
v 396.7284650988633 321.2336432039061 0
v 397.4012165807188 321.2957724442498 0
v 397.7353331043736 321.34533539136316 0
v 398.06750225515236 321.4082398017186 0
v 398.3973931120347 321.4852426092772 0
v 398.72467475400003 321.57710074799985 0
v 398.72467475400003 321.57710074799985 0
v 399.0318670295254 321.6337410355253 0
v 399.3411098007032 321.69504144145293 0
v 399.6519061098106 321.7562206150604 0
v 399.96375899912505 321.8124972056249 0
v 400.27617151092386 321.8590898624237 0
v 400.58864668748447 321.8912172347342 0
v 400.90068757108406 321.90409797183383 0
v 401.21179720400005 321.89295072299984 0
v 401.21179720400005 321.89295072299984 0
v 401.24063164246 321.76506477967223 0
v 401.2599042231485 321.6355022323475 0
v 401.27055336021584 321.504472785763 0
v 401.2735174678125 321.37218614465615 0
v 401.2601442511953 321.10468009782403 0
v 401.22729188650004 320.8346617297498 0
v 401.1824676869297 320.5638086783319 0
v 401.13317896568753 320.29379858146865 0
v 401.0869330359766 320.02630907705844 0
v 401.05123721100006 319.76301780299985 0
v 401.05123721100006 319.76301780299985 0
v 400.8921372752835 318.95385926850275 0
v 400.6883878714864 318.15789597405455 0
v 400.44198653232496 317.37557367884455 0
v 400.1549307905157 316.60733814206236 0
v 399.8292181787746 315.85363512289734 0
v 399.4668462298183 315.11491038053896 0
v 399.06981247636304 314.3916096741766 0
v 398.64011445112504 313.6841787629998 0
v 398.1797496868205 312.9930634061981 0
v 397.69071571616604 312.3187093629608 0
v 397.17501007187775 311.6615623924774 0
v 396.6346302866719 311.0220682539374 0
v 396.07157389326494 310.40067270653014 0
v 395.4878384243731 309.79782150944516 0
v 394.8854214127127 309.2139604218719 0
v 394.266320391 308.64953520299986 0
v 394.266320391 308.64953520299986 0
v 393.6595448536172 308.1314021301092 0
v 393.0499313375625 307.61111854237487 0
v 392.4328977157266 307.09670515120297 0
v 391.80386186100003 306.59618266799987 0
v 391.15824164627344 306.11757180417175 0
v 390.49145494443746 305.6688932711249 0
v 389.7989196283828 305.2581677802655 0
v 389.076053571 304.8934160429999 0
v 389.076053571 304.8934160429999 0
v 388.61247801889067 304.712470699992 0
v 388.14040597225 304.5583377869999 0
v 387.6608789368594 304.4310111596952 0
v 387.1749384185 304.33048467374994 0
v 386.6836259229531 304.2567521848359 0
v 386.18798295600004 304.2098075486249 0
v 385.68905102342194 304.18964462078895 0
v 385.187871631 304.1962572569999 0
v 385.187871631 304.1962572569999 0
v 385.187870302125 304.1962837248749 0
v 385.18786897325003 304.19631019274993 0
v 385.187867644375 304.1963366606249 0
v 385.1878663155 304.1963631284999 0
v 385.187864986625 304.1963895963749 0
v 385.18786365775 304.1964160642499 0
v 385.187862328875 304.19644253212493 0
v 385.187861 304.1964689999999 0
v 415.95397499999996 301.2421499999999 0
v 415.27980888917966 301.2686866245175 0
v 414.6060738321875 301.31404982489056 0
v 413.93349987972647 301.3776879113495 0
v 413.26281708249996 301.45904919412493 0
v 412.5947554912109 301.5575819834472 0
v 411.93004515656247 301.67273458954685 0
v 411.26941612925776 301.80395532265425 0
v 410.61359846 301.95069249299996 0
v 410.61359846 301.95069249299996 0
v 410.3171701186929 302.65001623892283 0
v 410.062743768293 303.3618363075703 0
v 409.84958477970747 304.0844650765107 0
v 409.6769585238437 304.8162149233125 0
v 409.54413037160884 305.55539822554397 0
v 409.45036569391016 306.3003273607734 0
v 409.39492986165476 307.04931470656936 0
v 409.37708824575003 307.80067264049995 0
v 409.396106217103 308.55271354013377 0
v 409.4512491466211 309.30374978303905 0
v 409.54178240521145 310.0520937467841 0
v 409.6669713637813 310.79605780893746 0
v 409.8260813932378 311.5339543470674 0
v 410.0183778644883 312.2640957387422 0
v 410.24312614843996 312.9847943615302 0
v 410.49959161600003 313.69436259299994 0
v 410.49959161600003 313.69436259299994 0
v 410.8360101508555 314.54730030235544 0
v 411.2104842604688 315.3846845903437 0
v 411.61217954391014 316.2108885643476 0
v 412.03026160025 317.03028533174995 0
v 412.45389602855863 317.8472479999336 0
v 412.87224842790624 318.66614967628124 0
v 413.27448439736327 319.49136346817573 0
v 413.64976953599995 320.32726248299997 0
v 413.64976953599995 320.32726248299997 0
v 413.6832409773586 320.48204167789015 0
v 413.7046343620878 320.6381212548398 0
v 413.7140064217302 320.794687474393 0
v 413.7114138878281 320.9509265970937 0
v 413.69691349192397 321.1060248834858 0
v 413.67056196556047 321.25916859411325 0
v 413.63241604027996 321.40954398952 0
v 413.58253244762494 321.55633733024996 0
v 413.5209679191379 321.69873487684714 0
v 413.4477791863613 321.83592288985545 0
v 413.3630229808376 321.9670876298188 0
v 413.26675603410933 322.0914153572812 0
v 413.15903507771895 322.2080923327866 0
v 413.0399168432089 322.3163048168789 0
v 412.9094580621218 322.415239070102 0
v 412.76771546599997 322.504081353 0
v 412.76771546599997 322.504081353 0
v 412.500187363229 322.66363463176316 0
v 412.22407914023825 322.80299649624607 0
v 411.9402315700112 322.92363216192615 0
v 411.6494854255312 323.02700684428123 0
v 411.35268147978167 323.1145857587885 0
v 411.050660505746 323.18783412092574 0
v 410.7442632764077 323.24821714617036 0
v 410.43433056475 323.29720004999996 0
v 409.8072217864101 323.3668263553242 0
v 409.1760603545937 323.4084347607187 0
v 408.5475724531679 323.4337469900039 0
v 407.92848426599994 323.454484767 0
v 407.92848426599994 323.454484767 0
v 406.72448842539444 323.42433240231446 0
v 405.5195445155312 323.3813973537656 0
v 404.31484727808976 323.3216426796152 0
v 403.11159145474994 323.241031438125 0
v 401.91097178719133 323.13552668755665 0
v 400.7141830170937 323.0010914861719 0
v 399.52241988613673 322.83368889223243 0
v 398.336877136 322.62928196400003 0
v 398.336877136 322.62928196400003 0
v 397.93222405711816 322.53068014206815 0
v 397.52133284447655 322.4493296586387 0
v 397.1056421090811 322.3859465199485 0
v 396.68659046193744 322.3412467322345 0
v 396.2656165140517 322.3159463017332 0
v 395.8441588764297 322.3107612346817 0
v 395.42365616007714 322.32640753731675 0
v 395.00554697599995 322.36360121587506 0
v 394.591269935204 322.42305827659357 0
v 394.1822636486953 322.50549472570907 0
v 393.77996672747946 322.6116265694583 0
v 393.3858177825625 322.74216981407824 0
v 393.00125542495016 322.89784046580553 0
v 392.62771826564847 323.079354530877 0
v 392.2666449156631 323.2874280155296 0
v 391.919473986 323.52277692600006 0
v 391.919473986 323.52277692600006 0
v 391.4866312896792 323.8423120208731 0
v 391.07262617512106 324.17935904170315 0
v 390.6759793864321 324.5324179453067 0
v 390.2952116677187 324.8999886885001 0
v 389.5753964166445 325.67266552092195 0
v 388.90134637474995 326.4853891935001 0
v 388.2612274948867 327.3261593607657 0
v 387.64320572990624 328.18297567725006 0
v 387.0354470326601 329.04383779748446 0
v 386.42611735599996 329.89674537600007 0
v 386.42611735599996 329.89674537600007 0
v 386.45733000833644 329.91792006494387 0
v 386.49410820719135 329.9298607444571 0
v 386.535760491146 329.93362609999963 0
v 386.5815953987812 329.93027481703126 0
v 386.683047239418 329.90645707740237 0
v 386.79293203775 329.86687700925006 0
v 386.9057181024258 329.820004096254 0
v 387.01587374209373 329.7743078220939 0
v 387.11786726540237 329.73825767044934 0
v 387.20616698099997 329.7203231250001 0
v 387.20616698099997 329.7203231250001 0
v 388.37157750847797 329.3335826934742 0
v 389.5470868111367 328.98026341904307 0
v 390.731875294938 328.6594160325514 0
v 391.9251233658438 328.3700912648439 0
v 393.1260114298159 328.11133984676525 0
v 394.3337198928164 327.8822125091603 0
v 395.54742916080704 327.68175998287364 0
v 396.76631963974995 327.5090329987501 0
v 397.9895717356069 327.3630822876344 0
v 399.21636585433976 327.24295858037124 0
v 400.44588240191064 327.14771260780526 0
v 401.6773017842812 327.0763951007814 0
v 404.1425706772695 327.0017484067384 0
v 406.605615781 327.0114243450001 0
v 406.605615781 327.0114243450001 0
v 408.06207337047266 327.03433691875205 0
v 409.5195313536563 327.0622853602032 0
v 410.9771463101992 327.10067136089657 0
v 412.43407481975 327.1548966123751 0
v 413.889473461957 327.23036280618174 0
v 415.3424988164687 327.3324716338595 0
v 416.79230746293354 327.4666247869513 0
v 418.23805598099995 327.6382239570001 0
v 418.23805598099995 327.6382239570001 0
v 418.5422393097792 327.71808319279256 0
v 418.85036254529683 327.78628182310564 0
v 419.16162649382227 327.84229867302986 0
v 419.47523196162496 327.8856125676563 0
v 419.7903797549745 327.91570233207574 0
v 420.1062706801406 327.93204679137904 0
v 420.42210554339255 327.9341247706568 0
v 420.7370851509999 327.92141509500016 0
v 421.0504103092324 327.8933965894996 0
v 421.3612818243593 327.8495480792462 0
v 421.6689005026504 327.78934838933066 0
v 421.972467150375 327.7122763448439 0
v 422.27118257380266 327.61781077087653 0
v 422.5642475792031 327.5054304925196 0
v 422.8508629728457 327.37461433486385 0
v 423.13022956099996 327.2248411230001 0
v 423.13022956099996 327.2248411230001 0
v 423.3877158070058 327.09149103556354 0
v 423.6312893546718 326.94271838913284 0
v 423.8625355103456 326.7802574794014 0
v 424.08303958037493 326.6058426020625 0
v 424.4981626888906 326.2280881273359 0
v 424.889341131 325.8233293305001 0
v 425.2692573574844 325.4054405771017 0
v 425.650593819125 324.9882962326876 0
v 426.04603296670314 324.58577066280475 0
v 426.468257251 324.2117382330001 0
v 426.468257251 324.2117382330001 0
v 426.9556460354727 323.7143401012618 0
v 427.42868670740626 323.2047632022188 0
v 427.8929343795742 322.68773985012893 0
v 428.35394416475003 322.16800235925007 0
v 428.8172711757071 321.6502830438399 0
v 429.28847052521877 321.1393142181563 0
v 429.7730973260586 320.63982819645713 0
v 430.276706691 320.1565572930001 0
v 430.276706691 320.1565572930001 0
v 429.90208665430083 318.5887232645626 0
v 429.53095366865625 317.0158036230001 0
v 429.14688159324606 315.44409394143764 0
v 428.73344428725 313.8798897930001 0
v 428.27421560984766 312.32948675081263 0
v 427.7527694202188 310.7991803880001 0
v 427.463581589313 310.04353082796104 0
v 427.152679577543 309.2952662776876 0
v 426.8180101173062 308.55517368382044 0
v 426.45751994100004 307.8240399930001 0
v 426.45751994100004 307.8240399930001 0
v 426.0489847302969 307.1204074877462 0
v 425.5995118641251 306.4399355547189 0
v 425.11271422139066 305.78243631926966 0
v 424.59220468100006 305.1477219067501 0
v 424.04159612185936 304.53560444251184 0
v 423.46450142287506 303.94589605190635 0
v 422.86453346295315 303.3784088602853 0
v 422.24530512100006 302.83295499300016 0
v 422.24530512100006 302.83295499300016 0
v 421.6928928216836 302.46243644930877 0
v 421.11156378709376 302.1336627072189 0
v 420.811175564396 301.9860707515328 0
v 420.50490224226957 301.85028373395716 0
v 420.19319184884426 301.72675790039517 0
v 419.87649241225 301.61594949675015 0
v 419.5552519606168 301.5183147689254 0
v 419.22991852207423 301.4343099628243 0
v 418.9009401247525 301.3643913243502 0
v 418.56876479678124 301.30901509940634 0
v 418.23384056629055 301.2686375338961 0
v 417.8966154614102 301.24371487372275 0
v 417.55753751027004 301.23470336478965 0
v 417.217054741 301.2420592530001 0
v 417.217054741 301.2420592530001 0
v 417.0591837473262 301.2407364303576 0
v 416.90129892504694 301.2397951468595 0
v 416.74340538202546 301.2392388291505 0
v 416.58550822612506 301.23907090387513 0
v 416.427612565209 301.23929479767787 0
v 416.2697235071406 301.23991393720326 0
v 416.1118461597832 301.2409317490958 0
v 415.953985631 301.2423516600001 0
v 415.953985631 301.2423516600001 0
v 415.95398430212504 301.2423264525001 0
v 415.95398297325 301.2423012450001 0
v 415.953981644375 301.24227603750006 0
v 415.95398031549996 301.24225083 0
v 415.953978986625 301.2422256225 0
v 415.95397765775 301.24220041499996 0
v 415.95397632887494 301.24217520749994 0
v 415.95397499999996 301.2421499999999 0
v 415.95397499999996 301.2421499999999 0
v 415.27980888917966 301.2686866245175 0
v 414.6060738321875 301.31404982489056 0
v 413.93349987972647 301.3776879113495 0
v 413.26281708249996 301.45904919412493 0
v 412.5947554912109 301.5575819834472 0
v 411.93004515656247 301.67273458954685 0
v 411.26941612925776 301.80395532265425 0
v 410.61359846 301.95069249299996 0
v 410.61359846 301.95069249299996 0
v 410.3171701186929 302.65001623892283 0
v 410.062743768293 303.3618363075703 0
v 409.84958477970747 304.0844650765107 0
v 409.6769585238437 304.8162149233125 0
v 409.54413037160884 305.55539822554397 0
v 409.45036569391016 306.3003273607734 0
v 409.39492986165476 307.04931470656936 0
v 409.37708824575003 307.80067264049995 0
v 409.396106217103 308.55271354013377 0
v 409.4512491466211 309.30374978303905 0
v 409.54178240521145 310.0520937467841 0
v 409.6669713637813 310.79605780893746 0
v 409.8260813932378 311.5339543470674 0
v 410.0183778644883 312.2640957387422 0
v 410.24312614843996 312.9847943615302 0
v 410.49959161600003 313.69436259299994 0
v 410.49959161600003 313.69436259299994 0
v 410.8360101508555 314.54730030235544 0
v 411.2104842604688 315.3846845903437 0
v 411.61217954391014 316.2108885643476 0
v 412.03026160025 317.03028533174995 0
v 412.45389602855863 317.8472479999336 0
v 412.87224842790624 318.66614967628124 0
v 413.27448439736327 319.49136346817573 0
v 413.64976953599995 320.32726248299997 0
v 413.64976953599995 320.32726248299997 0
v 413.6832409773586 320.48204167789015 0
v 413.7046343620878 320.6381212548398 0
v 413.7140064217302 320.794687474393 0
v 413.7114138878281 320.9509265970937 0
v 413.69691349192397 321.1060248834858 0
v 413.67056196556047 321.25916859411325 0
v 413.63241604027996 321.40954398952 0
v 413.58253244762494 321.55633733024996 0
v 413.5209679191379 321.69873487684714 0
v 413.4477791863613 321.83592288985545 0
v 413.3630229808376 321.9670876298188 0
v 413.26675603410933 322.0914153572812 0
v 413.15903507771895 322.2080923327866 0
v 413.0399168432089 322.3163048168789 0
v 412.9094580621218 322.415239070102 0
v 412.76771546599997 322.504081353 0
v 412.76771546599997 322.504081353 0
v 412.500187363229 322.66363463176316 0
v 412.22407914023825 322.80299649624607 0
v 411.9402315700112 322.92363216192615 0
v 411.6494854255312 323.02700684428123 0
v 411.35268147978167 323.1145857587885 0
v 411.050660505746 323.18783412092574 0
v 410.7442632764077 323.24821714617036 0
v 410.43433056475 323.29720004999996 0
v 409.8072217864101 323.3668263553242 0
v 409.1760603545937 323.4084347607187 0
v 408.5475724531679 323.4337469900039 0
v 407.92848426599994 323.454484767 0
v 407.92848426599994 323.454484767 0
v 406.72448842539444 323.42433240231446 0
v 405.5195445155312 323.3813973537656 0
v 404.31484727808976 323.3216426796152 0
v 403.11159145474994 323.241031438125 0
v 401.91097178719133 323.13552668755665 0
v 400.7141830170937 323.0010914861719 0
v 399.52241988613673 322.83368889223243 0
v 398.336877136 322.62928196400003 0
v 398.336877136 322.62928196400003 0
v 397.93222405711816 322.53068014206815 0
v 397.52133284447655 322.4493296586387 0
v 397.1056421090811 322.3859465199485 0
v 396.68659046193744 322.3412467322345 0
v 396.2656165140517 322.3159463017332 0
v 395.8441588764297 322.3107612346817 0
v 395.42365616007714 322.32640753731675 0
v 395.00554697599995 322.36360121587506 0
v 394.591269935204 322.42305827659357 0
v 394.1822636486953 322.50549472570907 0
v 393.77996672747946 322.6116265694583 0
v 393.3858177825625 322.74216981407824 0
v 393.00125542495016 322.89784046580553 0
v 392.62771826564847 323.079354530877 0
v 392.2666449156631 323.2874280155296 0
v 391.919473986 323.52277692600006 0
v 391.919473986 323.52277692600006 0
v 391.4866312896792 323.8423120208731 0
v 391.07262617512106 324.17935904170315 0
v 390.6759793864321 324.5324179453067 0
v 390.2952116677187 324.8999886885001 0
v 389.5753964166445 325.67266552092195 0
v 388.90134637474995 326.4853891935001 0
v 388.2612274948867 327.3261593607657 0
v 387.64320572990624 328.18297567725006 0
v 387.0354470326601 329.04383779748446 0
v 386.42611735599996 329.89674537600007 0
v 386.42611735599996 329.89674537600007 0
v 386.45733000833644 329.91792006494387 0
v 386.49410820719135 329.9298607444571 0
v 386.535760491146 329.93362609999963 0
v 386.5815953987812 329.93027481703126 0
v 386.683047239418 329.90645707740237 0
v 386.79293203775 329.86687700925006 0
v 386.9057181024258 329.820004096254 0
v 387.01587374209373 329.7743078220939 0
v 387.11786726540237 329.73825767044934 0
v 387.20616698099997 329.7203231250001 0
v 387.20616698099997 329.7203231250001 0
v 388.37157750847797 329.3335826934742 0
v 389.5470868111367 328.98026341904307 0
v 390.731875294938 328.6594160325514 0
v 391.9251233658438 328.3700912648439 0
v 393.1260114298159 328.11133984676525 0
v 394.3337198928164 327.8822125091603 0
v 395.54742916080704 327.68175998287364 0
v 396.76631963974995 327.5090329987501 0
v 397.9895717356069 327.3630822876344 0
v 399.21636585433976 327.24295858037124 0
v 400.44588240191064 327.14771260780526 0
v 401.6773017842812 327.0763951007814 0
v 404.1425706772695 327.0017484067384 0
v 406.605615781 327.0114243450001 0
v 406.605615781 327.0114243450001 0
v 408.06207337047266 327.03433691875205 0
v 409.5195313536563 327.0622853602032 0
v 410.9771463101992 327.10067136089657 0
v 412.43407481975 327.1548966123751 0
v 413.889473461957 327.23036280618174 0
v 415.3424988164687 327.3324716338595 0
v 416.79230746293354 327.4666247869513 0
v 418.23805598099995 327.6382239570001 0
v 418.23805598099995 327.6382239570001 0
v 418.5422393097792 327.71808319279256 0
v 418.85036254529683 327.78628182310564 0
v 419.16162649382227 327.84229867302986 0
v 419.47523196162496 327.8856125676563 0
v 419.7903797549745 327.91570233207574 0
v 420.1062706801406 327.93204679137904 0
v 420.42210554339255 327.9341247706568 0
v 420.7370851509999 327.92141509500016 0
v 421.0504103092324 327.8933965894996 0
v 421.3612818243593 327.8495480792462 0
v 421.6689005026504 327.78934838933066 0
v 421.972467150375 327.7122763448439 0
v 422.27118257380266 327.61781077087653 0
v 422.5642475792031 327.5054304925196 0
v 422.8508629728457 327.37461433486385 0
v 423.13022956099996 327.2248411230001 0
v 423.13022956099996 327.2248411230001 0
v 423.3877158070058 327.09149103556354 0
v 423.6312893546718 326.94271838913284 0
v 423.8625355103456 326.7802574794014 0
v 424.08303958037493 326.6058426020625 0
v 424.4981626888906 326.2280881273359 0
v 424.889341131 325.8233293305001 0
v 425.2692573574844 325.4054405771017 0
v 425.650593819125 324.9882962326876 0
v 426.04603296670314 324.58577066280475 0
v 426.468257251 324.2117382330001 0
v 426.468257251 324.2117382330001 0
v 426.9556460354727 323.7143401012618 0
v 427.42868670740626 323.2047632022188 0
v 427.8929343795742 322.68773985012893 0
v 428.35394416475003 322.16800235925007 0
v 428.8172711757071 321.6502830438399 0
v 429.28847052521877 321.1393142181563 0
v 429.7730973260586 320.63982819645713 0
v 430.276706691 320.1565572930001 0
v 430.276706691 320.1565572930001 0
v 429.90208665430083 318.5887232645626 0
v 429.53095366865625 317.0158036230001 0
v 429.14688159324606 315.44409394143764 0
v 428.73344428725 313.8798897930001 0
v 428.27421560984766 312.32948675081263 0
v 427.7527694202188 310.7991803880001 0
v 427.463581589313 310.04353082796104 0
v 427.152679577543 309.2952662776876 0
v 426.8180101173062 308.55517368382044 0
v 426.45751994100004 307.8240399930001 0
v 426.45751994100004 307.8240399930001 0
v 426.0489847302969 307.1204074877462 0
v 425.5995118641251 306.4399355547189 0
v 425.11271422139066 305.78243631926966 0
v 424.59220468100006 305.1477219067501 0
v 424.04159612185936 304.53560444251184 0
v 423.46450142287506 303.94589605190635 0
v 422.86453346295315 303.3784088602853 0
v 422.24530512100006 302.83295499300016 0
v 422.24530512100006 302.83295499300016 0
v 421.6928928216836 302.46243644930877 0
v 421.11156378709376 302.1336627072189 0
v 420.811175564396 301.9860707515328 0
v 420.50490224226957 301.85028373395716 0
v 420.19319184884426 301.72675790039517 0
v 419.87649241225 301.61594949675015 0
v 419.5552519606168 301.5183147689254 0
v 419.22991852207423 301.4343099628243 0
v 418.9009401247525 301.3643913243502 0
v 418.56876479678124 301.30901509940634 0
v 418.23384056629055 301.2686375338961 0
v 417.8966154614102 301.24371487372275 0
v 417.55753751027004 301.23470336478965 0
v 417.217054741 301.2420592530001 0
v 417.217054741 301.2420592530001 0
v 417.0591837473262 301.2407364303576 0
v 416.90129892504694 301.2397951468595 0
v 416.74340538202546 301.2392388291505 0
v 416.58550822612506 301.23907090387513 0
v 416.427612565209 301.23929479767787 0
v 416.2697235071406 301.23991393720326 0
v 416.1118461597832 301.2409317490958 0
v 415.953985631 301.2423516600001 0
v 415.953985631 301.2423516600001 0
v 415.95398430212504 301.2423264525001 0
v 415.95398297325 301.2423012450001 0
v 415.953981644375 301.24227603750006 0
v 415.95398031549996 301.24225083 0
v 415.953978986625 301.2422256225 0
v 415.95397765775 301.24220041499996 0
v 415.95397632887494 301.24217520749994 0
v 415.95397499999996 301.2421499999999 0
v 405.227296 328.113345 0
v 402.83979993166014 328.13963323217575 0
v 400.4520684032812 328.2555754829062 0
v 399.2602707786743 328.34912706837156 0
v 398.0710020135742 328.46744440224603 0
v 396.88512468281976 328.6113115657866 0
v 395.70350136125 328.78151264024996 0
v 394.52699462370356 328.978831706893 0
v 393.3564670450195 329.20405284697256 0
v 392.1927812000366 329.4579601417456 0
v 391.03679966359374 329.7413376724687 0
v 389.88938501052974 330.05496952039886 0
v 388.7513998156836 330.3996397667929 0
v 387.62370665389403 330.77613249290766 0
v 386.5071681 331.18523178 0
v 386.5071681 331.18523178 0
v 385.6886905245508 331.4719584077285 0
v 384.87752716015626 331.77630968620315 0
v 384.0712050534961 332.0922347519824 0
v 383.26725125125006 332.413682741625 0
v 382.4631928000977 332.73460279168944 0
v 381.65655674671876 333.04894403873436 0
v 380.844870137793 333.35065561931833 0
v 380.02566002000003 333.63368667 0
v 380.02566002000003 333.63368667 0
v 379.15742941646 333.86640436057104 0
v 378.2831780748047 334.0522299715839 0
v 377.4037522184815 334.1940218119885 0
v 376.5199980709375 334.29463819073436 0
v 375.6327618556201 334.3569374167712 0
v 374.74288979597657 334.38377779904886 0
v 373.85122811545415 334.3780176465168 0
v 372.95862303750005 334.34251526812494 0
v 372.06592078556156 334.280128972823 0
v 371.173967583086 334.19371706956053 0
v 370.28360965352056 334.08613786728733 0
v 369.3956932203125 333.96024967495316 0
v 367.6305697367579 333.6649795559004 0
v 365.8853669200001 333.330773184 0
v 365.8853669200001 333.330773184 0
v 365.7656892265196 333.3199243880273 0
v 365.6384018134064 333.29187832659375 0
v 365.50683426002746 333.2545198269258 0
v 365.3743161457501 333.21573371624993 0
v 365.2441770499415 333.1834048217929 0
v 365.1197465519688 333.1654179707813 0
v 365.0607125207232 333.1642668200757 0
v 365.0043542311993 333.1696579904414 0
v 364.9510878808179 333.18257708528176 0
v 364.901329667 333.204009708 0
v 364.901329667 333.204009708 0
v 365.21072766738865 333.508232999332 0
v 365.54463954948443 333.7899980624062 0
v 365.8978329925567 334.0536586263398 0
v 366.2650756758751 334.30356842025 0
v 366.64113527870904 334.54408117325386 0
v 367.0207794803282 334.7795506144687 0
v 367.398775960002 335.01433047301174 0
v 367.7698923970001 335.252774478 0
v 367.7698923970001 335.252774478 0
v 368.6884467181524 335.77749379799997 0
v 369.6302393255938 336.27058400737496 0
v 370.59342266780084 336.72800875518743 0
v 371.5761491932501 337.14573169050004 0
v 372.576571350418 337.51971646237496 0
v 373.5928415877813 337.84592671987497 0
v 374.6231123538165 338.12032611206246 0
v 375.6655360970001 338.338878288 0
v 375.6655360970001 338.338878288 0
v 376.92630132187804 338.021427673675 0
v 378.1956281353986 337.74680797433786 0
v 379.47250025964166 337.513776366695 0
v 380.75590141668755 337.3210900274531 0
v 382.0448153286163 337.1675061333186 0
v 383.33822571750795 337.051781860998 0
v 384.6351163054425 336.97267438719797 0
v 385.9344708145001 336.928940888625 0
v 387.2352729667609 336.91933854198555 0
v 388.5365064843048 336.9426245239863 0
v 389.83715508921205 336.9975560113337 0
v 391.13620250356263 337.08289018073435 0
v 392.43263244943665 337.19738420889473 0
v 393.7254286489142 337.3397952725215 0
v 395.0135748240753 337.5088805483211 0
v 396.2960546970001 337.703397213 0
v 396.2960546970001 337.703397213 0
v 397.4656708802619 337.8957305561601 0
v 398.63393285684384 338.0979900614063 0
v 399.8005428756916 338.30999305313674 0
v 400.9652031857501 338.53155685575 0
v 402.12761603596493 338.76249879364457 0
v 403.28748367528135 339.00263619121876 0
v 404.4445083526447 339.2517863728711 0
v 405.5983923170001 339.509766663 0
v 405.5983923170001 339.509766663 0
v 407.50088202457823 338.56476269549995 0
v 409.41118053387504 337.62389905987493 0
v 411.31614693223446 336.66998109018755 0
v 413.2026403070001 335.6858141205 0
v 415.05751974551566 334.654203484875 0
v 416.8676443351251 333.557954517375 0
v 417.75181702638486 332.9802173260664 0
v 418.619873163172 332.3798725520625 0
v 419.4701701314044 331.75477086212106 0
v 420.3010653170001 331.102762923 0
v 420.3010653170001 331.102762923 0
v 420.6178965042833 330.81656941420306 0
v 420.9407324208907 330.530072470125 0
v 421.26498732683405 330.2417511332344 0
v 421.5860754821251 329.950084446 0
v 421.8994111467755 329.6535514508906 0
v 422.2004085807969 329.35063119037494 0
v 422.48448204420123 329.0398027069218 0
v 422.74704579700006 328.7195450429999 0
v 422.74704579700006 328.7195450429999 0
v 422.17087321268366 328.8486654399433 0
v 421.5876903974688 328.9455461927343 0
v 420.9997360904571 329.0086229790644 0
v 420.40924903075006 329.036331476625 0
v 419.8184679574493 329.02710736310735 0
v 419.2296316096563 328.9793863162031 0
v 418.64497872647274 328.8916040136035 0
v 418.0667480470001 328.762196133 0
v 418.0667480470001 328.762196133 0
v 417.0219240233477 328.62512775222655 0
v 415.97391443715634 328.5114829681875 0
v 414.9233509193243 328.4181551140546 0
v 413.8708651007501 328.342037523 0
v 412.8170886123321 328.2800235281953 0
v 411.76265308496886 328.22900646281244 0
v 410.7081901495587 328.18587966002343 0
v 409.6543314370001 328.147536453 0
v 409.6543314370001 328.147536453 0
v 409.1008539613165 328.13758992798046 0
v 408.54735032340636 328.12918066659375 0
v 407.9938242607305 328.1223523880976 0
v 407.4402795107501 328.11714881175 0
v 406.88671981092585 328.1136136568086 0
v 406.33314889871883 328.1117906425312 0
v 405.77957051159 328.1117234881758 0
v 405.2259883870001 328.113455913 0
v 405.2259883870001 328.113455913 0
v 405.22615183862507 328.113442048875 0
v 405.22631529025006 328.11342818475 0
v 405.22647874187504 328.113414320625 0
v 405.2266421935001 328.1134004565 0
v 405.22680564512507 328.113386592375 0
v 405.22696909675005 328.11337272825 0
v 405.22713254837504 328.11335886412496 0
v 405.227296 328.113345 0
v 405.227296 328.113345 0
v 402.83979993166014 328.13963323217575 0
v 400.4520684032812 328.2555754829062 0
v 399.2602707786743 328.34912706837156 0
v 398.0710020135742 328.46744440224603 0
v 396.88512468281976 328.6113115657866 0
v 395.70350136125 328.78151264024996 0
v 394.52699462370356 328.978831706893 0
v 393.3564670450195 329.20405284697256 0
v 392.1927812000366 329.4579601417456 0
v 391.03679966359374 329.7413376724687 0
v 389.88938501052974 330.05496952039886 0
v 388.7513998156836 330.3996397667929 0
v 387.62370665389403 330.77613249290766 0
v 386.5071681 331.18523178 0
v 386.5071681 331.18523178 0
v 385.6886905245508 331.4719584077285 0
v 384.87752716015626 331.77630968620315 0
v 384.0712050534961 332.0922347519824 0
v 383.26725125125006 332.413682741625 0
v 382.4631928000977 332.73460279168944 0
v 381.65655674671876 333.04894403873436 0
v 380.844870137793 333.35065561931833 0
v 380.02566002000003 333.63368667 0
v 380.02566002000003 333.63368667 0
v 379.15742941646 333.86640436057104 0
v 378.2831780748047 334.0522299715839 0
v 377.4037522184815 334.1940218119885 0
v 376.5199980709375 334.29463819073436 0
v 375.6327618556201 334.3569374167712 0
v 374.74288979597657 334.38377779904886 0
v 373.85122811545415 334.3780176465168 0
v 372.95862303750005 334.34251526812494 0
v 372.06592078556156 334.280128972823 0
v 371.173967583086 334.19371706956053 0
v 370.28360965352056 334.08613786728733 0
v 369.3956932203125 333.96024967495316 0
v 367.6305697367579 333.6649795559004 0
v 365.8853669200001 333.330773184 0
v 365.8853669200001 333.330773184 0
v 365.7656892265196 333.3199243880273 0
v 365.6384018134064 333.29187832659375 0
v 365.50683426002746 333.2545198269258 0
v 365.3743161457501 333.21573371624993 0
v 365.2441770499415 333.1834048217929 0
v 365.1197465519688 333.1654179707813 0
v 365.0607125207232 333.1642668200757 0
v 365.0043542311993 333.1696579904414 0
v 364.9510878808179 333.18257708528176 0
v 364.901329667 333.204009708 0
v 364.901329667 333.204009708 0
v 365.21072766738865 333.508232999332 0
v 365.54463954948443 333.7899980624062 0
v 365.8978329925567 334.0536586263398 0
v 366.2650756758751 334.30356842025 0
v 366.64113527870904 334.54408117325386 0
v 367.0207794803282 334.7795506144687 0
v 367.398775960002 335.01433047301174 0
v 367.7698923970001 335.252774478 0
v 367.7698923970001 335.252774478 0
v 368.6884467181524 335.77749379799997 0
v 369.6302393255938 336.27058400737496 0
v 370.59342266780084 336.72800875518743 0
v 371.5761491932501 337.14573169050004 0
v 372.576571350418 337.51971646237496 0
v 373.5928415877813 337.84592671987497 0
v 374.6231123538165 338.12032611206246 0
v 375.6655360970001 338.338878288 0
v 375.6655360970001 338.338878288 0
v 376.92630132187804 338.021427673675 0
v 378.1956281353986 337.74680797433786 0
v 379.47250025964166 337.513776366695 0
v 380.75590141668755 337.3210900274531 0
v 382.0448153286163 337.1675061333186 0
v 383.33822571750795 337.051781860998 0
v 384.6351163054425 336.97267438719797 0
v 385.9344708145001 336.928940888625 0
v 387.2352729667609 336.91933854198555 0
v 388.5365064843048 336.9426245239863 0
v 389.83715508921205 336.9975560113337 0
v 391.13620250356263 337.08289018073435 0
v 392.43263244943665 337.19738420889473 0
v 393.7254286489142 337.3397952725215 0
v 395.0135748240753 337.5088805483211 0
v 396.2960546970001 337.703397213 0
v 396.2960546970001 337.703397213 0
v 397.4656708802619 337.8957305561601 0
v 398.63393285684384 338.0979900614063 0
v 399.8005428756916 338.30999305313674 0
v 400.9652031857501 338.53155685575 0
v 402.12761603596493 338.76249879364457 0
v 403.28748367528135 339.00263619121876 0
v 404.4445083526447 339.2517863728711 0
v 405.5983923170001 339.509766663 0
v 405.5983923170001 339.509766663 0
v 407.50088202457823 338.56476269549995 0
v 409.41118053387504 337.62389905987493 0
v 411.31614693223446 336.66998109018755 0
v 413.2026403070001 335.6858141205 0
v 415.05751974551566 334.654203484875 0
v 416.8676443351251 333.557954517375 0
v 417.75181702638486 332.9802173260664 0
v 418.619873163172 332.3798725520625 0
v 419.4701701314044 331.75477086212106 0
v 420.3010653170001 331.102762923 0
v 420.3010653170001 331.102762923 0
v 420.6178965042833 330.81656941420306 0
v 420.9407324208907 330.530072470125 0
v 421.26498732683405 330.2417511332344 0
v 421.5860754821251 329.950084446 0
v 421.8994111467755 329.6535514508906 0
v 422.2004085807969 329.35063119037494 0
v 422.48448204420123 329.0398027069218 0
v 422.74704579700006 328.7195450429999 0
v 422.74704579700006 328.7195450429999 0
v 422.17087321268366 328.8486654399433 0
v 421.5876903974688 328.9455461927343 0
v 420.9997360904571 329.0086229790644 0
v 420.40924903075006 329.036331476625 0
v 419.8184679574493 329.02710736310735 0
v 419.2296316096563 328.9793863162031 0
v 418.64497872647274 328.8916040136035 0
v 418.0667480470001 328.762196133 0
v 418.0667480470001 328.762196133 0
v 417.0219240233477 328.62512775222655 0
v 415.97391443715634 328.5114829681875 0
v 414.9233509193243 328.4181551140546 0
v 413.8708651007501 328.342037523 0
v 412.8170886123321 328.2800235281953 0
v 411.76265308496886 328.22900646281244 0
v 410.7081901495587 328.18587966002343 0
v 409.6543314370001 328.147536453 0
v 409.6543314370001 328.147536453 0
v 409.1008539613165 328.13758992798046 0
v 408.54735032340636 328.12918066659375 0
v 407.9938242607305 328.1223523880976 0
v 407.4402795107501 328.11714881175 0
v 406.88671981092585 328.1136136568086 0
v 406.33314889871883 328.1117906425312 0
v 405.77957051159 328.1117234881758 0
v 405.2259883870001 328.113455913 0
v 405.2259883870001 328.113455913 0
v 405.22615183862507 328.113442048875 0
v 405.22631529025006 328.11342818475 0
v 405.22647874187504 328.113414320625 0
v 405.2266421935001 328.1134004565 0
v 405.22680564512507 328.113386592375 0
v 405.22696909675005 328.11337272825 0
v 405.22713254837504 328.11335886412496 0
v 405.227296 328.113345 0
v 347.989992 319.77470399999993 0
v 347.56945808623044 319.82102673961515 0
v 347.15519438609374 319.90469104260933 0
v 346.74890642759766 320.022258093955 0
v 346.35229973875005 320.17028907862493 0
v 345.9670798475586 320.3453451815917 0
v 345.5949522820312 320.54398758782804 0
v 345.23762257017574 320.7627774823066 0
v 344.89679623999996 320.99827604999996 0
v 344.89679623999996 320.99827604999996 0
v 345.4777120775195 322.6682569733789 0
v 346.00888355578127 324.3593353926562 0
v 346.52301968708974 326.0582100190429 0
v 347.05282948375 327.75157956374994 0
v 347.33383357293206 328.59204327772693 0
v 347.6310219580664 329.42614273798824 0
v 347.94848326569087 330.252215283435 0
v 348.29030612234374 331.06859825296874 0
v 348.6605791545629 331.87362898549065 0
v 349.0633909888867 332.6656448199023 0
v 349.50283025185297 333.442983095105 0
v 349.9829855699999 334.20398114999995 0
v 349.9829855699999 334.20398114999995 0
v 350.25215392498524 334.6070217750805 0
v 350.535288860039 334.9998408081444 0
v 350.8317185665575 335.38267146780026 0
v 351.14077123593745 335.75574697265614 0
v 351.79405822886713 336.47356539240224 0
v 352.48977536999996 337.15516181624986 0
v 353.2225481905077 337.8024019930663 0
v 353.9870022215624 338.41715167171867 0
v 354.77776299433583 339.00127660107415 0
v 355.58945603999996 339.5566425299999 0
v 355.58945603999996 339.5566425299999 0
v 355.9699300410019 339.94240243408586 0
v 356.32309852614065 340.35015005268747 0
v 356.6571748149902 340.7733861045702 0
v 356.980372227125 341.20561130849995 0
v 357.30090408211913 341.6403263832421 0
v 357.6269836995468 342.0710320475624 0
v 357.9668243989824 342.49122902022646 0
v 358.32863949999995 342.89441801999993 0
v 358.32863949999995 342.89441801999993 0
v 358.69283360391347 343.31202338595693 0
v 359.07255140755854 343.7199100790624 0
v 359.46752957566645 344.11649120841787 0
v 359.8775047729687 344.5001798831249 0
v 360.3022136641967 344.86938921228506 0
v 360.74139291408187 345.22253230499996 0
v 361.1947791873559 345.55802227037105 0
v 361.6621091487499 345.87427221749994 0
v 362.14311946299557 346.1696952554882 0
v 362.6375467948241 346.4427044934374 0
v 363.14512780896723 346.69171304044914 0
v 363.66559917015616 346.91513400562496 0
v 364.1986975431225 347.1113804980663 0
v 364.7441595925976 347.2788656268749 0
v 365.301721983313 347.41600250115226 0
v 365.87112138 347.5212042299999 0
v 365.87112138 347.5212042299999 0
v 366.4061975705762 347.6039731350233 0
v 366.94125694257804 347.6589677863593 0
v 367.47630011891596 347.6890890158437 0
v 368.01132772249997 347.69723765531245 0
v 369.08133870304687 347.6592204915469 0
v 370.1512948674999 347.56812294975 0
v 371.2212011991405 347.4471516846093 0
v 372.29106268124997 347.31951335081243 0
v 373.36088429710935 347.2084146030468 0
v 374.4306710299999 347.1370620959999 0
v 374.4306710299999 347.1370620959999 0
v 376.18191895623283 347.0347210614601 0
v 377.9332962920507 346.967706117744 0
v 379.68468826625724 346.93358031501924 0
v 381.4359801076561 346.92990670345307 0
v 384.93780430724604 347.0041682544667 0
v 388.43785072124996 347.1709951721249 0
v 391.9352011800976 347.41089185776747 0
v 395.42893751421866 347.70436271273434 0
v 398.91814155404285 348.03191213836516 0
v 402.4018951299999 348.37404453599993 0
v 402.4018951299999 348.37404453599993 0
v 402.94764582046867 348.4226825254101 0
v 403.4937453406249 348.4805528404687 0
v 404.04005415859365 348.5430668496679 0
v 404.58643274249994 348.6056359214999 0
v 405.1327415604686 348.663671424457 0
v 405.6788410806249 348.7125847270312 0
v 406.2245917710937 348.74778719771473 0
v 406.7698540999999 348.7646902049999 0
v 406.7698540999999 348.7646902049999 0
v 407.9978641653124 348.3446005217577 0
v 409.2095490012499 347.8811389715624 0
v 410.4029950278124 347.37517284996085 0
v 411.57628866499994 346.8275694524999 0
v 412.72751633281246 346.23919607472646 0
v 413.85476445124993 345.6109200121874 0
v 414.9561194403124 344.9436085604296 0
v 416.0296677199999 344.2381290149999 0
v 416.0296677199999 344.2381290149999 0
v 416.59141502878157 343.84012479426264 0
v 417.1388670166601 343.4271245726952 0
v 417.67332852468496 343.0005211631395 0
v 418.1961043939061 342.5617073784374 0
v 419.2118185801366 341.6530199349608 0
v 420.1964483037499 340.7122047449999 0
v 421.1604322931444 339.750404311289 0
v 422.1142092767186 338.77876113656237 0
v 423.068217982871 337.8084177235546 0
v 424.03289713999993 336.8505165749999 0
v 424.03289713999993 336.8505165749999 0
v 425.2808889173046 336.71294051911514 0
v 426.5385407853124 336.59673644517176 0
v 427.798998240664 336.47967240161125 0
v 429.05540677999994 336.33951643687493 0
v 430.30091189996085 336.1540365994042 0
v 431.5286590971874 335.90100093764056 0
v 432.1337314424755 335.7422021877868 0
v 432.7317938683202 335.5581775000253 0
v 433.3219895618017 335.3461478804113 0
v 433.90346170999993 335.10333433499994 0
v 433.90346170999993 335.10333433499994 0
v 434.2268667744262 334.9517738719994 0
v 434.5415216641601 334.7872929799335 0
v 434.8474866457592 334.61049158745544 0
v 435.1448219857811 334.4219696232187 0
v 435.7138448073241 334.012163694082 0
v 436.2490722612499 333.5626746217499 0
v 436.7509864800195 333.07830183544917 0
v 437.2200695960937 332.5638447644062 0
v 437.6568037419336 332.0241028378476 0
v 438.0616710499999 331.4638754849999 0
v 438.0616710499999 331.4638754849999 0
v 438.3117633939784 331.20075270732406 0
v 438.59692645182804 330.9529588467186 0
v 438.89475576479475 330.7096668880663 0
v 439.18284687412495 330.4600498162499 0
v 439.3162392090656 330.32948592068107 0
v 439.43879532106433 330.19328061615226 0
v 439.547714652777 330.0500805257738 0
v 439.6401966468593 329.89853227265615 0
v 439.713440745967 329.7372824799096 0
v 439.76464639275576 329.5649777706444 0
v 439.78110962236053 329.47425689203936 0
v 439.7910130298815 329.3802647679711 0
v 439.79400654565063 329.2828322263283 0
v 439.7897400999999 329.1817900949999 0
v 439.7897400999999 329.1817900949999 0
v 439.75841226119377 328.88019316423083 0
v 439.7031769748632 328.5857081455663 0
v 439.6270215623901 328.2974191500951 0
v 439.5329333451562 328.0144102889062 0
v 439.30290778193347 327.46056941373035 0
v 439.03699885624997 326.91685840874993 0
v 438.7591051391601 326.3759501626757 0
v 438.49312520171867 325.83051756421867 0
v 438.3720712038207 325.55381491056875 0
v 438.26295761498045 325.27323350208974 0
v 438.16877175657953 324.9878574498705 0
v 438.09250094999993 324.6967708649999 0
v 438.09250094999993 324.6967708649999 0
v 437.87603495734953 324.19231876886704 0
v 437.61167626817183 323.68989193781243 0
v 437.4608658598962 323.4455742013036 0
v 437.2972767145019 323.2091262266015 0
v 437.12064031099334 322.9830024955516 0
v 436.9306881283749 322.76965748999993 0
v 436.7271516456511 322.57154569179187 0
v 436.5097623418261 322.39112158277334 0
v 436.2782516959045 322.23083964478997 0
v 436.03235118689054 322.0931543596874 0
v 435.77179229378874 321.9805202093114 0
v 435.49630649560345 321.8953916755077 0
v 435.20562527133904 321.840223240122 0
v 434.89948009999995 321.8174693849999 0
v 434.89948009999995 321.8174693849999 0
v 434.333938930957 321.7865915760351 0
v 433.7679878870312 321.76653605578116 0
v 433.20172538802734 321.7547777416991 0
v 432.63524985375 321.74879155124984 0
v 432.0686597040039 321.7460524018944 0
v 431.5020533585937 321.74403521109366 0
v 430.9355292373242 321.74021489630843 0
v 430.36918575999994 321.7320663749999 0
v 430.36918575999994 321.7320663749999 0
v 429.88175274890614 322.31353112537096 0
v 429.38394454624995 322.8869432610936 0
v 428.8775053004687 323.4535989990819 0
v 428.36417916 324.0147945562499 0
v 427.84571027328127 324.5718261495116 0
v 427.32384278874997 325.12598999578114 0
v 426.8003208548437 325.67858231197255 0
v 426.27688861999997 326.2308993149999 0
v 426.27688861999997 326.2308993149999 0
v 425.77645755031244 326.7515870104686 0
v 425.310032391875 327.29890327874983 0
v 424.86556357062494 327.8634803826561 0
v 424.43100151249996 328.4359505849999 0
v 423.99429664343745 329.00694614859356 0
v 423.54339938937494 329.56709933624984 0
v 423.06626017624995 330.1070424107811 0
v 422.55082942999996 330.61740763499984 0
v 422.55082942999996 330.61740763499984 0
v 421.8118833102978 331.3110937629344 0
v 421.04653919253906 331.9728160916014 0
v 420.25695577187 332.6049339839207 0
v 419.44529174343745 333.2098068028124 0
v 418.61370580238764 333.78979391119617 0
v 417.76435664386713 334.34725467199206 0
v 416.89940296302234 334.88454844812 0
v 416.0210034549999 335.40403460249985 0
v 414.2325017380078 336.3990214976952 0
v 412.41612105406244 337.3510902609374 0
v 410.58913096433594 338.2791157955858 0
v 408.76880102999996 339.20197300499984 0
v 408.76880102999996 339.20197300499984 0
v 408.4024337638515 339.3866346227752 0
v 408.03602812643743 339.571229952703 0
v 407.6695876060546 339.75576454831037 0
v 407.3031156909999 339.9402439631249 0
v 406.93661586957023 340.12467375067365 0
v 406.57009163006245 340.3090594644842 0
v 406.2035464607734 340.4934066580838 0
v 405.83698384999997 340.6777208849998 0
v 405.83698384999997 340.6777208849998 0
v 402.9136500834179 340.0446299930272 0
v 399.9705339360937 339.4499281542186 0
v 397.0104372579101 338.9218710067381 0
v 394.0361618987499 338.48871418874984 0
v 392.544582791892 338.31655329024153 0
v 391.05050970849607 338.1787133384178 0
v 389.55429287979734 338.07872628804915 0
v 388.05628253703117 338.0201240939061 0
v 386.55682891143306 338.0064387107591 0
v 385.0562822342382 338.04120209337873 0
v 383.55499273668204 338.1279461965355 0
v 382.05331064999996 338.27020297499985 0
v 382.05331064999996 338.27020297499985 0
v 381.22962201582027 338.3691095639764 0
v 380.40863182843754 338.4851101464373 0
v 379.5904771280859 338.61748394542957 0
v 378.775294955 338.7655101839998 0
v 377.963222349414 338.9284680851951 0
v 377.15439635156247 339.10563687206235 0
v 376.34895400167966 339.2962957676483 0
v 375.54703234 339.49972399499984 0
v 375.54703234 339.49972399499984 0
v 374.7549361516699 339.3161343015452 0
v 373.96966518992184 339.10981529089435 0
v 373.19175079711914 338.8811370111165 0
v 372.421724315625 338.6304695102811 0
v 371.6601170878027 338.35818283645733 0
v 370.9074604560156 338.06464703771474 0
v 370.16428576262695 337.7502321621224 0
v 369.43112435 337.41530825774987 0
v 368.70850756049805 337.0602453726664 0
v 367.9969667364844 336.68541355494125 0
v 367.2970332203222 336.2911828526439 0
v 366.60923835437495 335.8779233138436 0
v 365.93411348100585 335.4460049866097 0
v 365.27218994257817 334.9957979190116 0
v 364.6239990814551 334.5276721591185 0
v 363.99007224 334.04199775499984 0
v 363.99007224 334.04199775499984 0
v 363.07694045557616 333.3130211024486 0
v 362.18821491398444 332.5608509405272 0
v 361.32138217274417 331.7878872497093 0
v 360.473928789375 330.9965300104685 0
v 358.82710632632813 329.3682348086131 0
v 357.227639985 327.6951651787498 0
v 355.65542222554683 325.99652096466775 0
v 354.090345508125 324.2915020101561 0
v 352.5123022928906 322.5993081590037 0
v 350.90118504 320.9391392549998 0
v 350.90118504 320.9391392549998 0
v 350.60541693674026 320.6655443759295 0
v 350.2861054457969 320.42171309493733 0
v 350.1182574273279 320.3120218020262 0
v 349.94528735879885 320.2110470066014 0
v 349.7674498391634 320.11921390798517 0
v 349.58499946737504 320.03694770549987 0
v 349.39819084238746 319.9646735984676 0
v 349.2072785631543 319.9028167862108 0
v 349.0125172286292 319.8518024680516 0
v 348.8141614377656 319.81205584331235 0
v 348.6124657895174 319.78400211131526 0
v 348.4076848828379 319.76806647138267 0
v 348.2000733166809 319.76467412283677 0
v 347.98988569 319.7742502649998 0
v 347.98988569 319.7742502649998 0
v 347.98989897875 319.7743069818748 0
v 347.9899122675 319.7743636987498 0
v 347.98992555625 319.77442041562483 0
v 347.989938845 319.7744771324999 0
v 347.98995213374997 319.7745338493749 0
v 347.98996542249995 319.7745905662499 0
v 347.98997871125 319.7746472831249 0
v 347.989992 319.77470399999993 0
v 347.989992 319.77470399999993 0
v 347.56945808623044 319.82102673961515 0
v 347.15519438609374 319.90469104260933 0
v 346.74890642759766 320.022258093955 0
v 346.35229973875005 320.17028907862493 0
v 345.9670798475586 320.3453451815917 0
v 345.5949522820312 320.54398758782804 0
v 345.23762257017574 320.7627774823066 0
v 344.89679623999996 320.99827604999996 0
v 344.89679623999996 320.99827604999996 0
v 345.4777120775195 322.6682569733789 0
v 346.00888355578127 324.3593353926562 0
v 346.52301968708974 326.0582100190429 0
v 347.05282948375 327.75157956374994 0
v 347.33383357293206 328.59204327772693 0
v 347.6310219580664 329.42614273798824 0
v 347.94848326569087 330.252215283435 0
v 348.29030612234374 331.06859825296874 0
v 348.6605791545629 331.87362898549065 0
v 349.0633909888867 332.6656448199023 0
v 349.50283025185297 333.442983095105 0
v 349.9829855699999 334.20398114999995 0
v 349.9829855699999 334.20398114999995 0
v 350.25215392498524 334.6070217750805 0
v 350.535288860039 334.9998408081444 0
v 350.8317185665575 335.38267146780026 0
v 351.14077123593745 335.75574697265614 0
v 351.79405822886713 336.47356539240224 0
v 352.48977536999996 337.15516181624986 0
v 353.2225481905077 337.8024019930663 0
v 353.9870022215624 338.41715167171867 0
v 354.77776299433583 339.00127660107415 0
v 355.58945603999996 339.5566425299999 0
v 355.58945603999996 339.5566425299999 0
v 355.9699300410019 339.94240243408586 0
v 356.32309852614065 340.35015005268747 0
v 356.6571748149902 340.7733861045702 0
v 356.980372227125 341.20561130849995 0
v 357.30090408211913 341.6403263832421 0
v 357.6269836995468 342.0710320475624 0
v 357.9668243989824 342.49122902022646 0
v 358.32863949999995 342.89441801999993 0
v 358.32863949999995 342.89441801999993 0
v 358.69283360391347 343.31202338595693 0
v 359.07255140755854 343.7199100790624 0
v 359.46752957566645 344.11649120841787 0
v 359.8775047729687 344.5001798831249 0
v 360.3022136641967 344.86938921228506 0
v 360.74139291408187 345.22253230499996 0
v 361.1947791873559 345.55802227037105 0
v 361.6621091487499 345.87427221749994 0
v 362.14311946299557 346.1696952554882 0
v 362.6375467948241 346.4427044934374 0
v 363.14512780896723 346.69171304044914 0
v 363.66559917015616 346.91513400562496 0
v 364.1986975431225 347.1113804980663 0
v 364.7441595925976 347.2788656268749 0
v 365.301721983313 347.41600250115226 0
v 365.87112138 347.5212042299999 0
v 365.87112138 347.5212042299999 0
v 366.4061975705762 347.6039731350233 0
v 366.94125694257804 347.6589677863593 0
v 367.47630011891596 347.6890890158437 0
v 368.01132772249997 347.69723765531245 0
v 369.08133870304687 347.6592204915469 0
v 370.1512948674999 347.56812294975 0
v 371.2212011991405 347.4471516846093 0
v 372.29106268124997 347.31951335081243 0
v 373.36088429710935 347.2084146030468 0
v 374.4306710299999 347.1370620959999 0
v 374.4306710299999 347.1370620959999 0
v 376.18191895623283 347.0347210614601 0
v 377.9332962920507 346.967706117744 0
v 379.68468826625724 346.93358031501924 0
v 381.4359801076561 346.92990670345307 0
v 384.93780430724604 347.0041682544667 0
v 388.43785072124996 347.1709951721249 0
v 391.9352011800976 347.41089185776747 0
v 395.42893751421866 347.70436271273434 0
v 398.91814155404285 348.03191213836516 0
v 402.4018951299999 348.37404453599993 0
v 402.4018951299999 348.37404453599993 0
v 402.94764582046867 348.4226825254101 0
v 403.4937453406249 348.4805528404687 0
v 404.04005415859365 348.5430668496679 0
v 404.58643274249994 348.6056359214999 0
v 405.1327415604686 348.663671424457 0
v 405.6788410806249 348.7125847270312 0
v 406.2245917710937 348.74778719771473 0
v 406.7698540999999 348.7646902049999 0
v 406.7698540999999 348.7646902049999 0
v 407.9978641653124 348.3446005217577 0
v 409.2095490012499 347.8811389715624 0
v 410.4029950278124 347.37517284996085 0
v 411.57628866499994 346.8275694524999 0
v 412.72751633281246 346.23919607472646 0
v 413.85476445124993 345.6109200121874 0
v 414.9561194403124 344.9436085604296 0
v 416.0296677199999 344.2381290149999 0
v 416.0296677199999 344.2381290149999 0
v 416.59141502878157 343.84012479426264 0
v 417.1388670166601 343.4271245726952 0
v 417.67332852468496 343.0005211631395 0
v 418.1961043939061 342.5617073784374 0
v 419.2118185801366 341.6530199349608 0
v 420.1964483037499 340.7122047449999 0
v 421.1604322931444 339.750404311289 0
v 422.1142092767186 338.77876113656237 0
v 423.068217982871 337.8084177235546 0
v 424.03289713999993 336.8505165749999 0
v 424.03289713999993 336.8505165749999 0
v 425.2808889173046 336.71294051911514 0
v 426.5385407853124 336.59673644517176 0
v 427.798998240664 336.47967240161125 0
v 429.05540677999994 336.33951643687493 0
v 430.30091189996085 336.1540365994042 0
v 431.5286590971874 335.90100093764056 0
v 432.1337314424755 335.7422021877868 0
v 432.7317938683202 335.5581775000253 0
v 433.3219895618017 335.3461478804113 0
v 433.90346170999993 335.10333433499994 0
v 433.90346170999993 335.10333433499994 0
v 434.2268667744262 334.9517738719994 0
v 434.5415216641601 334.7872929799335 0
v 434.8474866457592 334.61049158745544 0
v 435.1448219857811 334.4219696232187 0
v 435.7138448073241 334.012163694082 0
v 436.2490722612499 333.5626746217499 0
v 436.7509864800195 333.07830183544917 0
v 437.2200695960937 332.5638447644062 0
v 437.6568037419336 332.0241028378476 0
v 438.0616710499999 331.4638754849999 0
v 438.0616710499999 331.4638754849999 0
v 438.3117633939784 331.20075270732406 0
v 438.59692645182804 330.9529588467186 0
v 438.89475576479475 330.7096668880663 0
v 439.18284687412495 330.4600498162499 0
v 439.3162392090656 330.32948592068107 0
v 439.43879532106433 330.19328061615226 0
v 439.547714652777 330.0500805257738 0
v 439.6401966468593 329.89853227265615 0
v 439.713440745967 329.7372824799096 0
v 439.76464639275576 329.5649777706444 0
v 439.78110962236053 329.47425689203936 0
v 439.7910130298815 329.3802647679711 0
v 439.79400654565063 329.2828322263283 0
v 439.7897400999999 329.1817900949999 0
v 439.7897400999999 329.1817900949999 0
v 439.75841226119377 328.88019316423083 0
v 439.7031769748632 328.5857081455663 0
v 439.6270215623901 328.2974191500951 0
v 439.5329333451562 328.0144102889062 0
v 439.30290778193347 327.46056941373035 0
v 439.03699885624997 326.91685840874993 0
v 438.7591051391601 326.3759501626757 0
v 438.49312520171867 325.83051756421867 0
v 438.3720712038207 325.55381491056875 0
v 438.26295761498045 325.27323350208974 0
v 438.16877175657953 324.9878574498705 0
v 438.09250094999993 324.6967708649999 0
v 438.09250094999993 324.6967708649999 0
v 437.87603495734953 324.19231876886704 0
v 437.61167626817183 323.68989193781243 0
v 437.4608658598962 323.4455742013036 0
v 437.2972767145019 323.2091262266015 0
v 437.12064031099334 322.9830024955516 0
v 436.9306881283749 322.76965748999993 0
v 436.7271516456511 322.57154569179187 0
v 436.5097623418261 322.39112158277334 0
v 436.2782516959045 322.23083964478997 0
v 436.03235118689054 322.0931543596874 0
v 435.77179229378874 321.9805202093114 0
v 435.49630649560345 321.8953916755077 0
v 435.20562527133904 321.840223240122 0
v 434.89948009999995 321.8174693849999 0
v 434.89948009999995 321.8174693849999 0
v 434.333938930957 321.7865915760351 0
v 433.7679878870312 321.76653605578116 0
v 433.20172538802734 321.7547777416991 0
v 432.63524985375 321.74879155124984 0
v 432.0686597040039 321.7460524018944 0
v 431.5020533585937 321.74403521109366 0
v 430.9355292373242 321.74021489630843 0
v 430.36918575999994 321.7320663749999 0
v 430.36918575999994 321.7320663749999 0
v 429.88175274890614 322.31353112537096 0
v 429.38394454624995 322.8869432610936 0
v 428.8775053004687 323.4535989990819 0
v 428.36417916 324.0147945562499 0
v 427.84571027328127 324.5718261495116 0
v 427.32384278874997 325.12598999578114 0
v 426.8003208548437 325.67858231197255 0
v 426.27688861999997 326.2308993149999 0
v 426.27688861999997 326.2308993149999 0
v 425.77645755031244 326.7515870104686 0
v 425.310032391875 327.29890327874983 0
v 424.86556357062494 327.8634803826561 0
v 424.43100151249996 328.4359505849999 0
v 423.99429664343745 329.00694614859356 0
v 423.54339938937494 329.56709933624984 0
v 423.06626017624995 330.1070424107811 0
v 422.55082942999996 330.61740763499984 0
v 422.55082942999996 330.61740763499984 0
v 421.8118833102978 331.3110937629344 0
v 421.04653919253906 331.9728160916014 0
v 420.25695577187 332.6049339839207 0
v 419.44529174343745 333.2098068028124 0
v 418.61370580238764 333.78979391119617 0
v 417.76435664386713 334.34725467199206 0
v 416.89940296302234 334.88454844812 0
v 416.0210034549999 335.40403460249985 0
v 414.2325017380078 336.3990214976952 0
v 412.41612105406244 337.3510902609374 0
v 410.58913096433594 338.2791157955858 0
v 408.76880102999996 339.20197300499984 0
v 408.76880102999996 339.20197300499984 0
v 408.4024337638515 339.3866346227752 0
v 408.03602812643743 339.571229952703 0
v 407.6695876060546 339.75576454831037 0
v 407.3031156909999 339.9402439631249 0
v 406.93661586957023 340.12467375067365 0
v 406.57009163006245 340.3090594644842 0
v 406.2035464607734 340.4934066580838 0
v 405.83698384999997 340.6777208849998 0
v 405.83698384999997 340.6777208849998 0
v 402.9136500834179 340.0446299930272 0
v 399.9705339360937 339.4499281542186 0
v 397.0104372579101 338.9218710067381 0
v 394.0361618987499 338.48871418874984 0
v 392.544582791892 338.31655329024153 0
v 391.05050970849607 338.1787133384178 0
v 389.55429287979734 338.07872628804915 0
v 388.05628253703117 338.0201240939061 0
v 386.55682891143306 338.0064387107591 0
v 385.0562822342382 338.04120209337873 0
v 383.55499273668204 338.1279461965355 0
v 382.05331064999996 338.27020297499985 0
v 382.05331064999996 338.27020297499985 0
v 381.22962201582027 338.3691095639764 0
v 380.40863182843754 338.4851101464373 0
v 379.5904771280859 338.61748394542957 0
v 378.775294955 338.7655101839998 0
v 377.963222349414 338.9284680851951 0
v 377.15439635156247 339.10563687206235 0
v 376.34895400167966 339.2962957676483 0
v 375.54703234 339.49972399499984 0
v 375.54703234 339.49972399499984 0
v 374.7549361516699 339.3161343015452 0
v 373.96966518992184 339.10981529089435 0
v 373.19175079711914 338.8811370111165 0
v 372.421724315625 338.6304695102811 0
v 371.6601170878027 338.35818283645733 0
v 370.9074604560156 338.06464703771474 0
v 370.16428576262695 337.7502321621224 0
v 369.43112435 337.41530825774987 0
v 368.70850756049805 337.0602453726664 0
v 367.9969667364844 336.68541355494125 0
v 367.2970332203222 336.2911828526439 0
v 366.60923835437495 335.8779233138436 0
v 365.93411348100585 335.4460049866097 0
v 365.27218994257817 334.9957979190116 0
v 364.6239990814551 334.5276721591185 0
v 363.99007224 334.04199775499984 0
v 363.99007224 334.04199775499984 0
v 363.07694045557616 333.3130211024486 0
v 362.18821491398444 332.5608509405272 0
v 361.32138217274417 331.7878872497093 0
v 360.473928789375 330.9965300104685 0
v 358.82710632632813 329.3682348086131 0
v 357.227639985 327.6951651787498 0
v 355.65542222554683 325.99652096466775 0
v 354.090345508125 324.2915020101561 0
v 352.5123022928906 322.5993081590037 0
v 350.90118504 320.9391392549998 0
v 350.90118504 320.9391392549998 0
v 350.60541693674026 320.6655443759295 0
v 350.2861054457969 320.42171309493733 0
v 350.1182574273279 320.3120218020262 0
v 349.94528735879885 320.2110470066014 0
v 349.7674498391634 320.11921390798517 0
v 349.58499946737504 320.03694770549987 0
v 349.39819084238746 319.9646735984676 0
v 349.2072785631543 319.9028167862108 0
v 349.0125172286292 319.8518024680516 0
v 348.8141614377656 319.81205584331235 0
v 348.6124657895174 319.78400211131526 0
v 348.4076848828379 319.76806647138267 0
v 348.2000733166809 319.76467412283677 0
v 347.98988569 319.7742502649998 0
v 347.98988569 319.7742502649998 0
v 347.98989897875 319.7743069818748 0
v 347.9899122675 319.7743636987498 0
v 347.98992555625 319.77442041562483 0
v 347.989938845 319.7744771324999 0
v 347.98995213374997 319.7745338493749 0
v 347.98996542249995 319.7745905662499 0
v 347.98997871125 319.7746472831249 0
v 347.989992 319.77470399999993 0
v 425.032849 337.86360599999995 0
v 424.8848741877649 337.8929658325158 0
v 424.7458547524004 337.9380472726113 0
v 424.61488764548017 337.99718418823306 0
v 424.4910698185781 338.06871044732804 0
v 424.26126981112304 338.24226646772456 0
v 424.049230342625 338.44538627737495 0
v 423.8477270256738 338.6647408198535 0
v 423.6495354728594 338.8870010387343 0
v 423.44743129677147 339.09883787759173 0
v 423.23419011000004 339.28692227999994 0
v 423.23419011000004 339.28692227999994 0
v 422.33976483666015 340.20624236513663 0
v 421.4341010182813 341.1179399385937 0
v 420.5115413848242 342.01450592244134 0
v 419.56642866625 342.88843123874994 0
v 418.5931055925196 343.7322068095898 0
v 417.5859148935938 344.5383235570313 0
v 416.53919929943356 345.2992724031445 0
v 415.44730154 346.00754427 0
v 415.44730154 346.00754427 0
v 414.4979789869531 346.55852468472654 0
v 413.53212689 347.0835925771874 0
v 412.5512252836719 347.58370977105466 0
v 411.55675420250003 348.05983808999997 0
v 410.5501936810157 348.5129393576953 0
v 409.53302375375006 348.94397539781244 0
v 408.5067244552344 349.3539080340234 0
v 407.47277582000004 349.74369908999995 0
v 407.47277582000004 349.74369908999995 0
v 407.28628399414066 349.8000541118298 0
v 407.09823040793754 349.8405399440449 0
v 406.9087884795781 349.8668322896711 0
v 406.71813162725005 349.88060685173434 0
v 406.3338668234376 349.8773054372753 0
v 405.946823342 349.844041324875 0
v 405.55838852843755 349.79422013874023 0
v 405.16994972825 349.7412475030781 0
v 404.7828942869375 349.69852904209563 0
v 404.39860955 349.67947037999994 0
v 404.39860955 349.67947037999994 0
v 400.86083554419923 349.3265288094316 0
v 397.31921569109375 348.97801859920304 0
v 393.77397050087893 348.65524248940426 0
v 390.22532048375007 348.379503220125 0
v 386.6734861499024 348.17210353145504 0
v 383.1186880095313 348.05434616348435 0
v 381.3402464213355 348.03574045603926 0
v 379.56114657283206 348.0475338563027 0
v 377.78141602779544 348.0923892067858 0
v 376.00108235000005 348.17296934999996 0
v 376.00108235000005 348.17296934999996 0
v 375.072601124961 348.2138590265508 0
v 374.1462153696875 348.2782992038437 0
v 373.22134951519536 348.3595979995898 0
v 372.29742799250005 348.4510635314999 0
v 371.3738752326172 348.54600391728513 0
v 370.4501156665625 348.6377272746562 0
v 369.5255737253516 348.71954172132416 0
v 368.59967384000004 348.7847553749999 0
v 368.59967384000004 348.7847553749999 0
v 367.99170532584964 348.8023342460705 0
v 367.3840214816407 348.7916380268613 0
v 366.77797090786135 348.7529492826159 0
v 366.17490220499997 348.6865505785781 0
v 365.5761639735449 348.5927244799914 0
v 364.98310481398437 348.4717535520995 0
v 364.39707332680666 348.3239203601462 0
v 363.81941811250005 348.14950746937495 0
v 363.2514877715528 347.9487974450294 0
v 362.69463090445316 347.7220728523534 0
v 362.1501961116895 347.4696162565905 0
v 361.61953199375 347.1917102229843 0
v 361.1039871511231 346.8886373167785 0
v 360.6049101842969 346.5606801032167 0
v 360.1236496937598 346.20812114754267 0
v 359.66155428 345.831243015 0
v 359.66155428 345.831243015 0
v 359.298178789041 345.53900269959377 0
v 358.9525561129531 345.228913583625 0
v 358.6200481872949 344.90586466171874 0
v 358.296016947625 344.57474492849997 0
v 357.97582432950196 344.2404433785937 0
v 357.65483226848437 343.90784900662493 0
v 357.3284027001309 343.58185080721876 0
v 356.99189756000004 343.267337775 0
v 356.99189756000004 343.267337775 0
v 356.99003483023245 343.51964084379495 0
v 357.01503809092185 343.7789651072344 0
v 357.06005146830665 344.04343288227534 0
v 357.1182190886251 344.311166485875 0
v 357.1826850781153 344.5802882349902 0
v 357.2465935630157 344.84892044657806 0
v 357.30308866956454 345.11518543759564 0
v 357.34531452400006 345.3772055249999 0
v 357.34531452400006 345.3772055249999 0
v 357.67315882513674 347.17128705725094 0
v 357.95766876168756 348.9727273086328 0
v 358.19817433148836 350.7803869198388 0
v 358.39400553237505 352.59312653156246 0
v 358.5444923621837 354.40980678449705 0
v 358.6489648187501 356.22928831933586 0
v 358.70675289991027 358.0504317767724 0
v 358.71718660350007 359.8720977974999 0
v 358.67959592735554 361.69314702221186 0
v 358.5933108693126 363.5124400916015 0
v 358.45766142720714 365.3288376463622 0
v 358.2719775988751 367.14120032718745 0
v 358.0355893821524 368.9483887747704 0
v 357.7478267748751 370.74926362980466 0
v 357.408019774879 372.54268553298334 0
v 357.01549838000005 374.32751512499993 0
v 357.01549838000005 374.32751512499993 0
v 357.022042648147 374.380307952906 0
v 357.017382849332 374.44029042752925 0
v 357.00383007367145 374.5060222504152 0
v 356.98369541128125 374.5760631231093 0
v 356.93292478677733 374.72331082410346 0
v 356.88355969675 374.87051114287493 0
v 356.8651819524556 374.94049278779073 0
v 356.8540888621289 375.006141691787 0
v 356.8525915158863 375.06601755640935 0
v 356.86300100384375 375.11868008320306 0
v 356.8733930263089 375.14185625164714 0
v 356.88762841611765 375.16268897371356 0
v 356.90599605953463 375.1809982120956 0
v 356.92878484282426 375.1966039294863 0
v 356.95628365225105 375.20932608857885 0
v 356.9887813740796 375.2189846520666 0
v 357.02656689457444 375.2253995826426 0
v 357.0699291 375.22839084299994 0
v 357.0699291 375.22839084299994 0
v 359.91344668898444 375.7827906157148 0
v 362.77345395562503 376.2719955222187 0
v 365.64736457695324 376.6852967075507 0
v 368.5325922300001 377.01198531674993 0
v 369.97864171749023 377.13950338812435 0
v 371.4265505917969 377.2413524948554 0
v 372.8759955625489 377.3161940300726 0
v 374.32665333937507 377.36268938690614 0
v 375.7782006319044 377.3794999584858 0
v 377.2303141497657 377.3652871379413 0
v 378.6826706025879 377.31871231840273 0
v 380.13494670000006 377.2384368929999 0
v 380.13494670000006 377.2384368929999 0
v 381.65060774708985 377.12143364283975 0
v 383.16395281421876 376.96987020121867 0
v 384.6732240489258 376.7819989794257 0
v 386.17666359875005 376.5560723887499 0
v 387.6725136112305 376.2903428404804 0
v 389.1590162339063 375.9830627459061 0
v 390.6344136143165 375.6324845163163 0
v 392.0969479000001 375.23686056299994 0
v 392.0969479000001 375.23686056299994 0
v 393.15633597837893 374.7823193168671 0
v 394.20449547828133 374.30505587268743 0
v 395.2436526806055 373.80970447178896 0
v 396.27603386625003 373.3008993554999 0
v 397.30386531611333 372.7832747651484 0
v 398.3293733110938 372.2614649420624 0
v 399.3547841320899 371.74010412757025 0
v 400.3823240600001 371.22382656299993 0
v 400.3823240600001 371.22382656299993 0
v 402.8898648820118 369.9190028631562 0
v 405.37560011109383 368.5780221554999 0
v 407.84056751556653 367.2032381903436 0
v 410.28580486375006 365.7970047179999 0
v 412.712349923965 364.36167548878115 0
v 415.1212404645314 362.8996042529999 0
v 417.5135142537697 361.41314476096863 0
v 419.89020906000013 359.9046507629999 0
v 419.89020906000013 359.9046507629999 0
v 420.04054574769737 357.8921117306366 0
v 420.16597238282833 355.87142082909367 0
v 420.2957730930763 353.84837854044133 0
v 420.4592320061251 351.8287853467499 0
v 420.56273457860095 350.8220948111615 0
v 420.68563324965834 349.8184417300897 0
v 420.83158853525765 348.81855116379336 0
v 421.00426095135947 347.82314817253115 0
v 421.20731101392414 346.8329578165619 0
v 421.4443992389122 345.84870515614443 0
v 421.719186142284 344.8711152515375 0
v 422.0353322400001 343.90091316299987 0
v 422.0353322400001 343.90091316299987 0
v 422.3447694629649 343.0879793622772 0
v 422.69047724934387 342.28874386846866 0
v 423.0711900948634 341.5041058803632 0
v 423.4856424952502 340.7349645967499 0
v 423.9325689462306 339.98221921641783 0
v 424.4107039435314 339.24676893815615 0
v 424.91878198287907 338.5295129607538 0
v 425.45553756000015 337.8313504829999 0
v 425.45553756000015 337.8313504829999 0
v 425.4026589867638 337.83527832352723 0
v 425.34978053810954 337.83919789284363 0
v 425.2969023386193 337.84311037255065 0
v 425.24402451287517 337.8470169442499 0
v 425.19114718545916 337.8509187895428 0
v 425.1382704809533 337.85481709003113 0
v 425.0853945239396 337.8587130273163 0
v 425.0325194390001 337.8626077829999 0
v 425.0325194390001 337.8626077829999 0
v 425.0325606341251 337.86273256012487 0
v 425.0326018292501 337.8628573372499 0
v 425.0326430243751 337.8629821143749 0
v 425.0326842195001 337.8631068914999 0
v 425.032725414625 337.8632316686249 0
v 425.03276660975 337.8633564457499 0
v 425.032807804875 337.86348122287495 0
v 425.032849 337.86360599999995 0
v 425.032849 337.86360599999995 0
v 424.8848741877649 337.8929658325158 0
v 424.7458547524004 337.9380472726113 0
v 424.61488764548017 337.99718418823306 0
v 424.4910698185781 338.06871044732804 0
v 424.26126981112304 338.24226646772456 0
v 424.049230342625 338.44538627737495 0
v 423.8477270256738 338.6647408198535 0
v 423.6495354728594 338.8870010387343 0
v 423.44743129677147 339.09883787759173 0
v 423.23419011000004 339.28692227999994 0
v 423.23419011000004 339.28692227999994 0
v 422.33976483666015 340.20624236513663 0
v 421.4341010182813 341.1179399385937 0
v 420.5115413848242 342.01450592244134 0
v 419.56642866625 342.88843123874994 0
v 418.5931055925196 343.7322068095898 0
v 417.5859148935938 344.5383235570313 0
v 416.53919929943356 345.2992724031445 0
v 415.44730154 346.00754427 0
v 415.44730154 346.00754427 0
v 414.4979789869531 346.55852468472654 0
v 413.53212689 347.0835925771874 0
v 412.5512252836719 347.58370977105466 0
v 411.55675420250003 348.05983808999997 0
v 410.5501936810157 348.5129393576953 0
v 409.53302375375006 348.94397539781244 0
v 408.5067244552344 349.3539080340234 0
v 407.47277582000004 349.74369908999995 0
v 407.47277582000004 349.74369908999995 0
v 407.28628399414066 349.8000541118298 0
v 407.09823040793754 349.8405399440449 0
v 406.9087884795781 349.8668322896711 0
v 406.71813162725005 349.88060685173434 0
v 406.3338668234376 349.8773054372753 0
v 405.946823342 349.844041324875 0
v 405.55838852843755 349.79422013874023 0
v 405.16994972825 349.7412475030781 0
v 404.7828942869375 349.69852904209563 0
v 404.39860955 349.67947037999994 0
v 404.39860955 349.67947037999994 0
v 400.86083554419923 349.3265288094316 0
v 397.31921569109375 348.97801859920304 0
v 393.77397050087893 348.65524248940426 0
v 390.22532048375007 348.379503220125 0
v 386.6734861499024 348.17210353145504 0
v 383.1186880095313 348.05434616348435 0
v 381.3402464213355 348.03574045603926 0
v 379.56114657283206 348.0475338563027 0
v 377.78141602779544 348.0923892067858 0
v 376.00108235000005 348.17296934999996 0
v 376.00108235000005 348.17296934999996 0
v 375.072601124961 348.2138590265508 0
v 374.1462153696875 348.2782992038437 0
v 373.22134951519536 348.3595979995898 0
v 372.29742799250005 348.4510635314999 0
v 371.3738752326172 348.54600391728513 0
v 370.4501156665625 348.6377272746562 0
v 369.5255737253516 348.71954172132416 0
v 368.59967384000004 348.7847553749999 0
v 368.59967384000004 348.7847553749999 0
v 367.99170532584964 348.8023342460705 0
v 367.3840214816407 348.7916380268613 0
v 366.77797090786135 348.7529492826159 0
v 366.17490220499997 348.6865505785781 0
v 365.5761639735449 348.5927244799914 0
v 364.98310481398437 348.4717535520995 0
v 364.39707332680666 348.3239203601462 0
v 363.81941811250005 348.14950746937495 0
v 363.2514877715528 347.9487974450294 0
v 362.69463090445316 347.7220728523534 0
v 362.1501961116895 347.4696162565905 0
v 361.61953199375 347.1917102229843 0
v 361.1039871511231 346.8886373167785 0
v 360.6049101842969 346.5606801032167 0
v 360.1236496937598 346.20812114754267 0
v 359.66155428 345.831243015 0
v 359.66155428 345.831243015 0
v 359.298178789041 345.53900269959377 0
v 358.9525561129531 345.228913583625 0
v 358.6200481872949 344.90586466171874 0
v 358.296016947625 344.57474492849997 0
v 357.97582432950196 344.2404433785937 0
v 357.65483226848437 343.90784900662493 0
v 357.3284027001309 343.58185080721876 0
v 356.99189756000004 343.267337775 0
v 356.99189756000004 343.267337775 0
v 356.99003483023245 343.51964084379495 0
v 357.01503809092185 343.7789651072344 0
v 357.06005146830665 344.04343288227534 0
v 357.1182190886251 344.311166485875 0
v 357.1826850781153 344.5802882349902 0
v 357.2465935630157 344.84892044657806 0
v 357.30308866956454 345.11518543759564 0
v 357.34531452400006 345.3772055249999 0
v 357.34531452400006 345.3772055249999 0
v 357.67315882513674 347.17128705725094 0
v 357.95766876168756 348.9727273086328 0
v 358.19817433148836 350.7803869198388 0
v 358.39400553237505 352.59312653156246 0
v 358.5444923621837 354.40980678449705 0
v 358.6489648187501 356.22928831933586 0
v 358.70675289991027 358.0504317767724 0
v 358.71718660350007 359.8720977974999 0
v 358.67959592735554 361.69314702221186 0
v 358.5933108693126 363.5124400916015 0
v 358.45766142720714 365.3288376463622 0
v 358.2719775988751 367.14120032718745 0
v 358.0355893821524 368.9483887747704 0
v 357.7478267748751 370.74926362980466 0
v 357.408019774879 372.54268553298334 0
v 357.01549838000005 374.32751512499993 0
v 357.01549838000005 374.32751512499993 0
v 357.022042648147 374.380307952906 0
v 357.017382849332 374.44029042752925 0
v 357.00383007367145 374.5060222504152 0
v 356.98369541128125 374.5760631231093 0
v 356.93292478677733 374.72331082410346 0
v 356.88355969675 374.87051114287493 0
v 356.8651819524556 374.94049278779073 0
v 356.8540888621289 375.006141691787 0
v 356.8525915158863 375.06601755640935 0
v 356.86300100384375 375.11868008320306 0
v 356.8733930263089 375.14185625164714 0
v 356.88762841611765 375.16268897371356 0
v 356.90599605953463 375.1809982120956 0
v 356.92878484282426 375.1966039294863 0
v 356.95628365225105 375.20932608857885 0
v 356.9887813740796 375.2189846520666 0
v 357.02656689457444 375.2253995826426 0
v 357.0699291 375.22839084299994 0
v 357.0699291 375.22839084299994 0
v 359.91344668898444 375.7827906157148 0
v 362.77345395562503 376.2719955222187 0
v 365.64736457695324 376.6852967075507 0
v 368.5325922300001 377.01198531674993 0
v 369.97864171749023 377.13950338812435 0
v 371.4265505917969 377.2413524948554 0
v 372.8759955625489 377.3161940300726 0
v 374.32665333937507 377.36268938690614 0
v 375.7782006319044 377.3794999584858 0
v 377.2303141497657 377.3652871379413 0
v 378.6826706025879 377.31871231840273 0
v 380.13494670000006 377.2384368929999 0
v 380.13494670000006 377.2384368929999 0
v 381.65060774708985 377.12143364283975 0
v 383.16395281421876 376.96987020121867 0
v 384.6732240489258 376.7819989794257 0
v 386.17666359875005 376.5560723887499 0
v 387.6725136112305 376.2903428404804 0
v 389.1590162339063 375.9830627459061 0
v 390.6344136143165 375.6324845163163 0
v 392.0969479000001 375.23686056299994 0
v 392.0969479000001 375.23686056299994 0
v 393.15633597837893 374.7823193168671 0
v 394.20449547828133 374.30505587268743 0
v 395.2436526806055 373.80970447178896 0
v 396.27603386625003 373.3008993554999 0
v 397.30386531611333 372.7832747651484 0
v 398.3293733110938 372.2614649420624 0
v 399.3547841320899 371.74010412757025 0
v 400.3823240600001 371.22382656299993 0
v 400.3823240600001 371.22382656299993 0
v 402.8898648820118 369.9190028631562 0
v 405.37560011109383 368.5780221554999 0
v 407.84056751556653 367.2032381903436 0
v 410.28580486375006 365.7970047179999 0
v 412.712349923965 364.36167548878115 0
v 415.1212404645314 362.8996042529999 0
v 417.5135142537697 361.41314476096863 0
v 419.89020906000013 359.9046507629999 0
v 419.89020906000013 359.9046507629999 0
v 420.04054574769737 357.8921117306366 0
v 420.16597238282833 355.87142082909367 0
v 420.2957730930763 353.84837854044133 0
v 420.4592320061251 351.8287853467499 0
v 420.56273457860095 350.8220948111615 0
v 420.68563324965834 349.8184417300897 0
v 420.83158853525765 348.81855116379336 0
v 421.00426095135947 347.82314817253115 0
v 421.20731101392414 346.8329578165619 0
v 421.4443992389122 345.84870515614443 0
v 421.719186142284 344.8711152515375 0
v 422.0353322400001 343.90091316299987 0
v 422.0353322400001 343.90091316299987 0
v 422.3447694629649 343.0879793622772 0
v 422.69047724934387 342.28874386846866 0
v 423.0711900948634 341.5041058803632 0
v 423.4856424952502 340.7349645967499 0
v 423.9325689462306 339.98221921641783 0
v 424.4107039435314 339.24676893815615 0
v 424.91878198287907 338.5295129607538 0
v 425.45553756000015 337.8313504829999 0
v 425.45553756000015 337.8313504829999 0
v 425.4026589867638 337.83527832352723 0
v 425.34978053810954 337.83919789284363 0
v 425.2969023386193 337.84311037255065 0
v 425.24402451287517 337.8470169442499 0
v 425.19114718545916 337.8509187895428 0
v 425.1382704809533 337.85481709003113 0
v 425.0853945239396 337.8587130273163 0
v 425.0325194390001 337.8626077829999 0
v 425.0325194390001 337.8626077829999 0
v 425.0325606341251 337.86273256012487 0
v 425.0326018292501 337.8628573372499 0
v 425.0326430243751 337.8629821143749 0
v 425.0326842195001 337.8631068914999 0
v 425.032725414625 337.8632316686249 0
v 425.03276660975 337.8633564457499 0
v 425.032807804875 337.86348122287495 0
v 425.032849 337.86360599999995 0
v 343.72696099999996 302.12945399999995 0
v 342.7055500408447 302.19924242844354 0
v 341.70104579769526 302.3313317888613 0
v 340.71248992327634 302.520672669446 0
v 339.7389240703125 302.76221565839063 0
v 338.7793898915283 303.05091134388795 0
v 337.8329290396484 303.38171031413077 0
v 336.8985831673974 303.7495631573122 0
v 335.9753939275 304.1494204616249 0
v 334.1586519556641 305.024950806416 0
v 332.3750363459375 305.9679060540468 0
v 330.6168803201172 306.93789091006045 0
v 328.8765171 307.8945100799999 0
v 328.8765171 307.8945100799999 0
v 326.7269315992773 309.1478456886913 0
v 324.5913154817187 310.4223922270312 0
v 322.46418340048825 311.7097922271679 0
v 320.34005000875 313.00168822124994 0
v 318.2134299596679 314.28972274142575 0
v 316.0788379064062 315.5655383198437 0
v 313.9307885021289 316.8207774886523 0
v 311.7637964 318.04708278 0
v 311.7637964 318.04708278 0
v 311.3845832522089 319.07165658445314 0
v 310.9686608876718 320.117418868125 0
v 310.56219803676754 321.1798464602344 0
v 310.211363429875 322.25441619 0
v 310.07123444617645 322.7948408656348 0
v 309.962325797373 323.3366048866406 0
v 309.890408574762 323.8791428566699 0
v 309.86125386964056 324.421889379375 0
v 309.864515927169 324.69316416162235 0
v 309.8806327733064 324.9642790584082 0
v 309.9103257944649 325.23516339518915 0
v 309.95431637705667 325.50574649742185 0
v 310.0133259074939 325.77595769056273 0
v 310.08807577218874 326.04572630006834 0
v 310.1792873575534 326.3149816513952 0
v 310.28768205 326.58365306999997 0
v 310.28768205 326.58365306999997 0
v 310.7933794097852 327.1470097764257 0
v 311.30007716328123 327.7127521364062 0
v 311.79781248544924 328.28625289224607 0
v 312.27662255125 328.8728847862499 0
v 312.7265445356445 329.4780205607226 0
v 313.13761561359377 330.1070329579687 0
v 313.32546867982666 330.432171872102 0
v 313.4998729600586 330.7652947202929 0
v 313.6595831011596 331.1070730953296 0
v 313.80335375 331.45817859 0
v 313.80335375 331.45817859 0
v 314.35370367165285 332.8265773280127 0
v 314.84270737666014 334.2101014522265 0
v 315.2748129107202 335.60736228540526 0
v 315.6544683195313 337.01697115031243 0
v 315.98612164879154 338.43753936971194 0
v 316.2742209441992 339.86767826636714 0
v 316.5232142514526 341.3059991630419 0
v 316.73754961625 342.75111338249997 0
v 317.08003870126953 345.6561670808203 0
v 317.3372725648437 348.57172994343745 0
v 317.54483557255855 351.4866925524609 0
v 317.73831208999997 354.38994548999995 0
v 317.73831208999997 354.38994548999995 0
v 317.84009282719916 356.2540562635547 0
v 317.9368237563437 358.11839626781244 0
v 318.02959447187885 359.98292060191403 0
v 318.11949456825 361.847584365 0
v 318.2076136399023 363.7123426562109 0
v 318.2950412812812 365.5771505746875 0
v 318.382867086832 367.44196321957025 0
v 318.472180651 369.3067356899999 0
v 318.472180651 369.3067356899999 0
v 319.3997373995034 370.4307954719091 0
v 320.29584170121484 371.58441803871085 0
v 321.156643504186 372.76643980826657 0
v 321.9782927564687 373.97569719843744 0
v 322.75693940611467 375.211026627085 0
v 323.48873340117575 376.4712645120702 0
v 324.16982468970355 377.75524727125486 0
v 324.79636321975 379.0618113225 0
v 325.3644989393667 380.389793083667 0
v 325.87038179660544 381.73802897261714 0
v 326.31016173951804 383.1053554072119 0
v 326.67998871615623 384.4906088053125 0
v 326.8374667008886 385.18959449625913 0
v 326.9760126745718 385.89262558478026 0
v 327.0951453807122 386.59955662310847 0
v 327.1943835628164 387.3102421634765 0
v 327.27324596439087 388.024536758117 0
v 327.3312513289419 388.74229495926267 0
v 327.3679183999762 389.46337131914606 0
v 327.38276592100004 390.18762038999995 0
v 327.38276592100004 390.18762038999995 0
v 327.4174912571441 390.3848457901025 0
v 327.4370988441055 390.590283025664 0
v 327.44460833230323 390.8022917383154 0
v 327.4430393721562 391.01923156968746 0
v 327.4247447085039 391.4613431551171 0
v 327.4063720565 391.9034949149999 0
v 327.4047056109136 392.12048496443845 0
v 327.4120786194961 392.3325639823827 0
v 327.43151073266654 392.53809161046377 0
v 327.46602160084376 392.7354274903124 0
v 327.5186308744468 392.92293126355946 0
v 327.59235820389455 393.09896257183584 0
v 327.63808478031615 393.18216343961967 0
v 327.690223239606 393.2618810567724 0
v 327.7491510380665 393.33791037849784 0
v 327.815245632 393.4100463599999 0
v 327.815245632 393.4100463599999 0
v 329.4402517309625 394.3538060518212 0
v 331.0416048411993 395.3373736048827 0
v 332.6167212871099 396.360821983081 0
v 334.1630173930938 397.42422415031245 0
v 335.6779094835503 398.52765307047355 0
v 337.15881388287886 399.6711817074609 0
v 338.603146915479 400.85488302517086 0
v 340.00832490575 402.0788299874999 0
v 341.3717641780913 403.34309555834466 0
v 342.6908810569024 404.6477527016015 0
v 343.96309186658254 405.99287438116687 0
v 345.18581293153125 407.3785335609374 0
v 346.3564605761479 408.8048032048095 0
v 347.47245112483205 410.27175627667964 0
v 348.5312009019829 411.77946574044427 0
v 349.530126232 413.32800455999995 0
v 349.530126232 413.32800455999995 0
v 349.67775010443944 413.5590709993125 0
v 349.8382197547031 413.805329998875 0
v 349.924315705009 413.92701924451165 0
v 350.014875849959 414.0439416731249 0
v 350.110317772949 414.1532422990195 0
v 350.211059057375 414.25206613649993 0
v 350.3175172866331 414.33755819987107 0
v 350.43011004411915 414.4068635034374 0
v 350.48883736575897 414.4345539372641 0
v 350.5492549132293 414.45712706150385 0
v 350.6114148844546 414.4742260029447 0
v 350.67536947735937 414.48549388837495 0
v 350.7411708898682 414.4905738445824 0
v 350.8088713199055 414.4891089983554 0
v 350.87852296539586 414.48074247648185 0
v 350.9501780242637 414.4651174057499 0
v 351.0238886944335 414.4418769129477 0
v 351.09970717382987 414.41066412486316 0
v 351.1776856603772 414.3711221682846 0
v 351.25787635200004 414.3228941699999 0
v 351.25787635200004 414.3228941699999 0
v 352.5079134742688 414.05844953711784 0
v 353.76122535202444 413.82022323975576 0
v 355.0175486110668 413.6076774276525 0
v 356.27661987719534 413.4202742505468 0
v 358.80195293390926 413.1187444002831 0
v 361.3351175285626 412.9113308868749 0
v 363.87400666755184 412.7937309082323 0
v 366.41651335727346 412.7616416622656 0
v 368.9605306041241 412.81076034688465 0
v 371.5039514145 412.9367841599999 0
v 374.0446687947979 413.13541029952137 0
v 376.58057575141413 413.4023359633593 0
v 379.1095652907452 413.73325834942375 0
v 381.6295304191875 414.12387465562495 0
v 384.1383641431377 414.56988207987297 0
v 386.6339594689922 415.066977820078 0
v 389.11420940314747 415.6108590741503 0
v 391.577006952 416.1972230399999 0
v 391.577006952 416.1972230399999 0
v 392.63361402203174 416.3705242997146 0
v 393.69336227225386 416.50472360173234 0
v 394.75578498723195 416.6024420484894 0
v 395.8204154515312 416.66630074242175 0
v 396.88678694971725 416.6989207859655 0
v 397.95443276635547 416.7029232815566 0
v 399.0228861860112 416.68092933163103 0
v 400.09168049324995 416.63556003862493 0
v 402.22842490873825 416.4851798331152 0
v 404.36093228934374 416.27275148451554 0
v 406.48546891158986 416.01924381231436 0
v 408.598301052 415.74562563599994 0
v 408.598301052 415.74562563599994 0
v 411.08273278967096 415.3062185396132 0
v 413.5471332939922 414.7973509953749 0
v 415.9926502769268 414.2240199962929 0
v 418.42043145043755 413.5912225353749 0
v 420.8316245264873 412.90395560562877 0
v 423.22737721703913 412.1672162000624 0
v 425.6088372340557 411.3860013116835 0
v 427.97715228950005 410.5653079334999 0
v 432.67893836352346 408.8254736797499 0
v 437.34191713481255 406.9876893828749 0
v 441.97527029907036 405.0919309869374 0
v 446.58817955200004 403.17817443599995 0
v 446.58817955200004 403.17817443599995 0
v 447.10911726525933 402.9973236211171 0
v 447.6232753801055 402.7910017303125 0
v 448.1280627460161 402.55961381660154 0
v 448.6208882124688 402.3035649329999 0
v 449.099160628941 402.0232601325234 0
v 449.5602888449102 401.7191044681875 0
v 450.00168170985404 401.39150299300775 0
v 450.42074807325 401.0408607599999 0
v 450.8148967845758 400.6675828221796 0
v 451.18153669330866 400.27207423256243 0
v 451.5180766489263 399.85474004416403 0
v 451.82192550090633 399.41598530999994 0
v 452.09049209872614 398.9562150830859 0
v 452.32118529186334 398.47583441643746 0
v 452.4215196271377 398.22804174728026 0
v 452.5114139297955 397.97524836307025 0
v 452.59054430602134 397.71750489543456 0
v 452.65858686200005 397.45486197599996 0
v 452.65858686200005 397.45486197599996 0
v 452.68645694210164 396.88697875092186 0
v 452.70923161712506 396.31219969912496 0
v 452.7151907078985 395.73491565201556 0
v 452.6926140352501 395.15951744099993 0
v 452.6669622316514 394.87389765884177 0
v 452.6297814200079 394.5903958974843 0
v 452.57960657792296 394.30956101085343 0
v 452.51497268300005 394.031941852875 0
v 452.4344147128428 393.75808727747454 0
v 452.33646764505477 393.48854613857804 0
v 452.2196664572393 393.2238672901113 0
v 452.08254612700006 392.96459958599996 0
v 452.08254612700006 392.96459958599996 0
v 449.6506461158087 392.73011020450775 0
v 447.2026463687188 392.41941366656243 0
v 445.98085214217343 392.2261452334658 0
v 444.7649246392071 392.0026140347108 0
v 443.55816107900444 391.7450830781161 0
v 442.36385868075007 391.4498153715 0
v 441.1853146636285 391.11307392268066 0
v 440.0258262468243 390.7311217394765 0
v 438.88869064952206 390.30022182970606 0
v 437.7772050909063 389.81663720118746 0
v 436.6946667901617 389.27663086173925 0
v 435.64437296647276 388.6764658191797 0
v 435.1323481145193 388.3526559741764 0
v 434.629620839024 388.01240508132713 0
v 434.1366032923849 387.6552460166092 0
v 433.6537076270001 387.280711656 0
v 433.6537076270001 387.280711656 0
v 433.4831390068963 387.1583079623635 0
v 433.32133674157626 387.02203313781445 0
v 433.1663177498392 386.8753189520808 0
v 433.0160989504845 386.7215971748906 0
v 432.72212960411923 386.4068579250527 0
v 432.4235640528751 386.105269546125 0
v 432.2675999974217 385.96798635757244 0
v 432.10453764714657 385.84428619593155 0
v 431.932393920849 385.7376008309303 0
v 431.74918573732816 385.6513620322968 0
v 431.6528127612339 385.61698252340796 0
v 431.5529300153836 385.58900156975903 0
v 431.4492896146271 385.56784814256594 0
v 431.3416436738145 385.5539512130449 0
v 431.2297443077955 385.5477397524117 0
v 431.1133436314202 385.54964273188256 0
v 430.9921937595384 385.5600891226733 0
v 430.86604680700003 385.57950789599994 0
v 430.86604680700003 385.57950789599994 0
v 428.7912561012871 385.55186826611714 0
v 426.7282165956719 385.6147549130625 0
v 424.6764704511895 385.76134715997654 0
v 422.6355598288751 385.9848243299999 0
v 420.60502688976374 386.2783657462734 0
v 418.5844137948907 386.6351507319375 0
v 416.5732627052911 387.04835861013277 0
v 414.57111578200005 387.51116870399994 0
v 410.5920030784844 388.5583128313125 0
v 406.6434129726251 389.72201769899993 0
v 402.72168275270315 390.9477178921875 0
v 398.823149707 392.18084799599995 0
v 398.823149707 392.18084799599995 0
v 396.60024830379695 392.88608905484756 0
v 394.38616232512504 393.61778735428123 0
v 392.1770097948906 394.3641729611366 0
v 389.968908737 395.11347594225 0
v 387.7579771753594 395.853926364457 0
v 385.54033313387504 396.57375429459364 0
v 383.31209463645314 397.26118979949604 0
v 381.06937970700005 397.90446294599997 0
v 381.06937970700005 397.90446294599997 0
v 380.52902998824 397.93022348230295 0
v 379.9901324482476 397.938519755502 0
v 379.45292957426716 397.9297053450944 0
v 378.91766385354305 397.90413383057813 0
v 377.8539138208404 397.8041338072089 0
v 376.8008222480939 397.64134832137495 0
v 375.7603290332574 397.4186060090566 0
v 374.7343740742852 397.1387355062344 0
v 373.7248972691314 396.8045654488886 0
v 372.7338385157501 396.41892447299995 0
v 371.76313771209533 395.9846412145488 0
v 370.8147347561212 395.5045443095156 0
v 369.89056954578183 394.9814623938808 0
v 368.99258197903134 394.41822410362494 0
v 368.1227119538238 393.81765807472846 0
v 367.2828993681133 393.1825929431718 0
v 366.47508411985405 392.5158573449355 0
v 365.701206107 391.82027991599995 0
v 365.701206107 391.82027991599995 0
v 364.9930494500469 391.12470534260154 0
v 364.270805057 390.43114185506244 0
v 363.5497367183282 389.7313725961172 0
v 362.84510822450005 389.0171807084999 0
v 362.17218336598444 388.2803493349452 0
v 361.54622593325007 387.5126616181874 0
v 361.2556299360723 387.1146788632118 0
v 360.9824997167657 386.70590070096085 0
v 360.72874324913874 386.28530002427624 0
v 360.496268507 385.8518497259999 0
v 360.496268507 385.8518497259999 0
v 360.1999034793194 384.9319121063466 0
v 359.872232544461 384.0234351356484 0
v 359.51419411657514 383.12667788004774 0
v 359.1267266098126 382.2418994056874 0
v 358.7107684383232 381.3693587787098 0
v 358.26725801625776 380.5093150652577 0
v 357.7971337577666 379.66202733147355 0
v 357.301334077 378.82775464349993 0
v 356.7807973881084 378.0067560674794 0
v 356.23646210524214 377.19929066955456 0
v 355.6692666425518 376.405617515868 0
v 355.08014941418753 375.62599567256234 0
v 354.47004883429986 374.86068420578016 0
v 353.83990331703905 374.10994218166394 0
v 353.1906512765557 373.3740286663563 0
v 352.52323112700003 372.6532027259999 0
v 352.52323112700003 372.6532027259999 0
v 351.3215313332305 371.37023688266004 0
v 350.0922951730938 370.1118755286562 0
v 348.8407762708477 368.87348560426165 0
v 347.57222825075 367.65043404974995 0
v 346.2919047370586 366.43808780539445 0
v 345.00505935403123 365.23181381146867 0
v 343.7169457259258 364.026979008246 0
v 342.432817477 362.8189503359999 0
v 342.432817477 362.8189503359999 0
v 342.0523080739375 361.48706402170296 0
v 341.6557365587501 360.1544356616249 0
v 341.2518097204375 358.8211550574843 0
v 340.84923434800004 357.4873120109999 0
v 340.4567172304375 356.15299632389053 0
v 340.08296515675005 354.8182977978749 0
v 339.73668491593753 353.4833062346718 0
v 339.42658329700004 352.14811143599985 0
v 339.42658329700004 352.14811143599985 0
v 339.6395308179692 352.0608053089832 0
v 339.83103200944146 352.0093228008983 0
v 339.91916901766194 351.9961970894855 0
v 340.00245898676326 351.9910453054423 0
v 340.08107343116353 351.99354012298045 0
v 340.1551838652813 352.00335421631235 0
v 340.2249618035347 352.0201602596502 0
v 340.2905787603423 352.0436309272059 0
v 340.3522062501222 352.0734388931919 0
v 340.410015787293 352.1092568318202 0
v 340.51486706148 352.19761332385235 0
v 340.60650469825 352.3060817969999 0
v 340.68630081294964 352.43204364495983 0
v 340.7556275209258 352.57288026142953 0
v 340.81585693752487 352.72597304010634 0
v 340.8683611780937 352.88870337468745 0
v 340.9556825925273 353.23260228635144 0
v 341.02856868699996 353.58362814599985 0
v 341.02856868699996 353.58362814599985 0
v 341.3669208803261 354.676160385785 0
v 341.69046687298436 355.77705718303116 0
v 342.00638470786913 356.8822620995741 0
v 342.32185242787494 357.9877186972499 0
v 342.6440480758964 359.0893705378944 0
v 342.9801496948281 360.1831611833436 0
v 343.33733532756446 361.2650341954335 0
v 343.722783017 362.3309331359999 0
v 343.722783017 362.3309331359999 0
v 345.27614507838666 363.7445124283241 0
v 346.8227709893438 365.1665957070936 0
v 348.35670199131636 366.6015277212538 0
v 349.87197932575 368.0536532197499 0
v 351.3626442340898 369.5273169515272 0
v 352.8227379577812 371.0268636655311 0
v 354.24630173826944 372.5566381107069 0
v 355.6273768169999 374.12098503599987 0
v 355.6273768169999 374.12098503599987 0
v 355.74317803416426 373.8561340921888 0
v 355.8470929887363 373.58307057441783 0
v 355.94026744608465 373.30269678318007 0
v 356.0238471715781 373.01591501896866 0
v 356.16680548847455 372.42673677359755 0
v 356.28513406237494 371.82275424224986 0
v 356.38799901622843 371.211185828871 0
v 356.4845664729843 370.59924993740617 0
v 356.5840025555917 369.99416497180067 0
v 356.69547338699994 369.4031493359999 0
v 356.69547338699994 369.4031493359999 0
v 356.96234743410685 367.6023936011732 0
v 357.1725928746367 365.7972442286366 0
v 357.3277085861528 363.98863896693007 0
v 357.4291934462187 362.17751556459365 0
v 357.4785463323979 360.36481177016736 0
v 357.47726612225387 358.5514653321913 0
v 357.42685169335005 356.7384139992055 0
v 357.3288019232499 354.9265955197498 0
v 357.184615689517 353.1169476423646 0
v 356.99579186971476 351.31040811558967 0
v 356.7638293414067 349.5079146879652 0
v 356.4902269821562 347.71040510803107 0
v 356.17648366952676 345.91881712432746 0
v 355.824098281082 344.1340884853944 0
v 355.4345696943852 342.35715693977187 0
v 355.00939678699996 340.5889602359999 0
v 355.00939678699996 340.5889602359999 0
v 354.2590766652543 340.10604890866836 0
v 353.5337381995976 339.59183798984753 0
v 352.83430874752486 339.04760227992324 0
v 352.1617156665313 338.47461657928113 0
v 351.51688631411173 337.87415568830704 0
v 350.9007480477617 337.24749440738657 0
v 350.31422822497603 336.59590753690566 0
v 349.75825420325 335.9206698772499 0
v 349.23375334007864 335.22305622880504 0
v 348.741652992957 334.5043413919569 0
v 348.28288051938034 333.7658001670912 0
v 347.8583632768437 333.00870735459364 0
v 347.46902862284225 332.23433775485 0
v 347.11580391487104 331.443966168246 0
v 346.79961651042527 330.6388673951674 0
v 346.52139376699995 329.8203162359999 0
v 346.52139376699995 329.8203162359999 0
v 346.1097010247148 328.6533127700038 0
v 345.71014381809374 327.48262152553116 0
v 345.3204559999882 326.3089408291053 0
v 344.9383714232499 325.13296900724987 0
v 344.5616239407304 323.95540438648817 0
v 344.1879474052812 322.7769452933436 0
v 343.8150756697538 321.5982900543397 0
v 343.44074258699993 320.4201369959998 0
v 343.44074258699993 320.4201369959998 0
v 344.20900592129675 319.9611342193006 0
v 345.0265887901249 319.5224396286561 0
v 345.45034470667764 319.32091214034796 0
v 345.8821940948905 319.136706783246 0
v 346.3207248174394 318.97390525224745 0
v 346.764524737 318.83658924224983 0
v 347.21218171624804 318.7288404481507 0
v 347.6622836178593 318.65474056484754 0
v 348.1134183045097 318.6183712872376 0
v 348.564173638875 318.62381431021856 0
v 348.78896775603675 318.64349096408614 0
v 349.01313748363077 318.6751513286879 0
v 349.2365063044914 318.719305615886 0
v 349.4588977014531 318.77646403754284 0
v 349.68013515735026 318.84713680552045 0
v 349.90004215501756 318.931834131681 0
v 350.1184421772893 319.03106622788675 0
v 350.33515870699995 319.14534330599986 0
v 350.33515870699995 319.14534330599986 0
v 350.48759022078906 319.20513091729373 0
v 350.6352482494687 319.2763469198201 0
v 350.7786899238828 319.35731385292075 0
v 350.91847237487497 319.4463542559373 0
v 351.18928812996876 319.64194562908574 0
v 351.45215256149993 319.8497013539998 0
v 351.7115227162187 320.0562017454139 0
v 351.971855640875 320.2480271180624 0
v 352.10377596903896 320.334243020704 0
v 352.2376083822187 320.4117577866796 0
v 352.37391001125775 320.47889395533093 0
v 352.5132379869999 320.53397406599987 0
v 352.5132379869999 320.53397406599987 0
v 352.64937051150434 319.7756523386439 0
v 352.75548670858194 319.01382967355846 0
v 352.83166503376697 318.2494314124672 0
v 352.87798394259363 317.4833828970936 0
v 352.8945218905961 316.7166094691615 0
v 352.88135733330853 315.9500364703944 0
v 352.83856872626507 315.1845892425159 0
v 352.7662345249999 314.42119312724986 0
v 352.6644331850473 313.6607734663197 0
v 352.5332431619414 312.9042556014491 0
v 352.3727429112162 312.1525648743617 0
v 352.1830108884062 311.40662662678113 0
v 351.9641255490454 310.66736620043105 0
v 351.7161653486679 309.93570893703503 0
v 351.43920874280803 309.2125801783168 0
v 351.13333418699995 308.4989052659999 0
v 351.13333418699995 308.4989052659999 0
v 350.7826157528515 307.7681504754139 0
v 350.43304297506245 307.0261728331874 0
v 350.0729604571171 306.283859616117 0
v 349.69071280249995 305.5520981009999 0
v 349.27464461469526 304.8417755646327 0
v 348.81310049718746 304.16377928381235 0
v 348.56163265338375 303.8403057632313 0
v 348.2944250534609 303.5289965353358 0
v 348.01002077285443 303.2312125097255 0
v 347.7069628869999 302.9483145959999 0
v 347.7069628869999 302.9483145959999 0
v 347.4815501032573 302.80893496564516 0
v 347.25193220877725 302.6844144623495 0
v 347.018346688057 302.57408785920325 0
v 346.7810310255937 302.4772899292968 0
v 346.54022270588416 302.3933554457203 0
v 346.29615921342565 302.3216191815643 0
v 346.0490780327153 302.26141590991904 0
v 345.79921664824997 302.21208040387484 0
v 345.2921032060429 302.14335178095104 0
v 344.7767187627812 302.11011149751545 0
v 344.2549631944413 302.10703773829084 0
v 343.7287363769999 302.1288086879998 0
v 343.7287363769999 302.1288086879998 0
v 343.7285144548749 302.1288893519998 0
v 343.72829253274995 302.12897001599987 0
v 343.7280706106249 302.12905067999986 0
v 343.72784868849993 302.1291313439999 0
v 343.72762676637495 302.1292120079999 0
v 343.7274048442499 302.1292926719999 0
v 343.72718292212494 302.12937333599996 0
v 343.72696099999996 302.12945399999995 0
v 343.72696099999996 302.12945399999995 0
v 342.7055500408447 302.19924242844354 0
v 341.70104579769526 302.3313317888613 0
v 340.71248992327634 302.520672669446 0
v 339.7389240703125 302.76221565839063 0
v 338.7793898915283 303.05091134388795 0
v 337.8329290396484 303.38171031413077 0
v 336.8985831673974 303.7495631573122 0
v 335.9753939275 304.1494204616249 0
v 334.1586519556641 305.024950806416 0
v 332.3750363459375 305.9679060540468 0
v 330.6168803201172 306.93789091006045 0
v 328.8765171 307.8945100799999 0
v 328.8765171 307.8945100799999 0
v 326.7269315992773 309.1478456886913 0
v 324.5913154817187 310.4223922270312 0
v 322.46418340048825 311.7097922271679 0
v 320.34005000875 313.00168822124994 0
v 318.2134299596679 314.28972274142575 0
v 316.0788379064062 315.5655383198437 0
v 313.9307885021289 316.8207774886523 0
v 311.7637964 318.04708278 0
v 311.7637964 318.04708278 0
v 311.3845832522089 319.07165658445314 0
v 310.9686608876718 320.117418868125 0
v 310.56219803676754 321.1798464602344 0
v 310.211363429875 322.25441619 0
v 310.07123444617645 322.7948408656348 0
v 309.962325797373 323.3366048866406 0
v 309.890408574762 323.8791428566699 0
v 309.86125386964056 324.421889379375 0
v 309.864515927169 324.69316416162235 0
v 309.8806327733064 324.9642790584082 0
v 309.9103257944649 325.23516339518915 0
v 309.95431637705667 325.50574649742185 0
v 310.0133259074939 325.77595769056273 0
v 310.08807577218874 326.04572630006834 0
v 310.1792873575534 326.3149816513952 0
v 310.28768205 326.58365306999997 0
v 310.28768205 326.58365306999997 0
v 310.7933794097852 327.1470097764257 0
v 311.30007716328123 327.7127521364062 0
v 311.79781248544924 328.28625289224607 0
v 312.27662255125 328.8728847862499 0
v 312.7265445356445 329.4780205607226 0
v 313.13761561359377 330.1070329579687 0
v 313.32546867982666 330.432171872102 0
v 313.4998729600586 330.7652947202929 0
v 313.6595831011596 331.1070730953296 0
v 313.80335375 331.45817859 0
v 313.80335375 331.45817859 0
v 314.35370367165285 332.8265773280127 0
v 314.84270737666014 334.2101014522265 0
v 315.2748129107202 335.60736228540526 0
v 315.6544683195313 337.01697115031243 0
v 315.98612164879154 338.43753936971194 0
v 316.2742209441992 339.86767826636714 0
v 316.5232142514526 341.3059991630419 0
v 316.73754961625 342.75111338249997 0
v 317.08003870126953 345.6561670808203 0
v 317.3372725648437 348.57172994343745 0
v 317.54483557255855 351.4866925524609 0
v 317.73831208999997 354.38994548999995 0
v 317.73831208999997 354.38994548999995 0
v 317.84009282719916 356.2540562635547 0
v 317.9368237563437 358.11839626781244 0
v 318.02959447187885 359.98292060191403 0
v 318.11949456825 361.847584365 0
v 318.2076136399023 363.7123426562109 0
v 318.2950412812812 365.5771505746875 0
v 318.382867086832 367.44196321957025 0
v 318.472180651 369.3067356899999 0
v 318.472180651 369.3067356899999 0
v 319.3997373995034 370.4307954719091 0
v 320.29584170121484 371.58441803871085 0
v 321.156643504186 372.76643980826657 0
v 321.9782927564687 373.97569719843744 0
v 322.75693940611467 375.211026627085 0
v 323.48873340117575 376.4712645120702 0
v 324.16982468970355 377.75524727125486 0
v 324.79636321975 379.0618113225 0
v 325.3644989393667 380.389793083667 0
v 325.87038179660544 381.73802897261714 0
v 326.31016173951804 383.1053554072119 0
v 326.67998871615623 384.4906088053125 0
v 326.8374667008886 385.18959449625913 0
v 326.9760126745718 385.89262558478026 0
v 327.0951453807122 386.59955662310847 0
v 327.1943835628164 387.3102421634765 0
v 327.27324596439087 388.024536758117 0
v 327.3312513289419 388.74229495926267 0
v 327.3679183999762 389.46337131914606 0
v 327.38276592100004 390.18762038999995 0
v 327.38276592100004 390.18762038999995 0
v 327.4174912571441 390.3848457901025 0
v 327.4370988441055 390.590283025664 0
v 327.44460833230323 390.8022917383154 0
v 327.4430393721562 391.01923156968746 0
v 327.4247447085039 391.4613431551171 0
v 327.4063720565 391.9034949149999 0
v 327.4047056109136 392.12048496443845 0
v 327.4120786194961 392.3325639823827 0
v 327.43151073266654 392.53809161046377 0
v 327.46602160084376 392.7354274903124 0
v 327.5186308744468 392.92293126355946 0
v 327.59235820389455 393.09896257183584 0
v 327.63808478031615 393.18216343961967 0
v 327.690223239606 393.2618810567724 0
v 327.7491510380665 393.33791037849784 0
v 327.815245632 393.4100463599999 0
v 327.815245632 393.4100463599999 0
v 329.4402517309625 394.3538060518212 0
v 331.0416048411993 395.3373736048827 0
v 332.6167212871099 396.360821983081 0
v 334.1630173930938 397.42422415031245 0
v 335.6779094835503 398.52765307047355 0
v 337.15881388287886 399.6711817074609 0
v 338.603146915479 400.85488302517086 0
v 340.00832490575 402.0788299874999 0
v 341.3717641780913 403.34309555834466 0
v 342.6908810569024 404.6477527016015 0
v 343.96309186658254 405.99287438116687 0
v 345.18581293153125 407.3785335609374 0
v 346.3564605761479 408.8048032048095 0
v 347.47245112483205 410.27175627667964 0
v 348.5312009019829 411.77946574044427 0
v 349.530126232 413.32800455999995 0
v 349.530126232 413.32800455999995 0
v 349.67775010443944 413.5590709993125 0
v 349.8382197547031 413.805329998875 0
v 349.924315705009 413.92701924451165 0
v 350.014875849959 414.0439416731249 0
v 350.110317772949 414.1532422990195 0
v 350.211059057375 414.25206613649993 0
v 350.3175172866331 414.33755819987107 0
v 350.43011004411915 414.4068635034374 0
v 350.48883736575897 414.4345539372641 0
v 350.5492549132293 414.45712706150385 0
v 350.6114148844546 414.4742260029447 0
v 350.67536947735937 414.48549388837495 0
v 350.7411708898682 414.4905738445824 0
v 350.8088713199055 414.4891089983554 0
v 350.87852296539586 414.48074247648185 0
v 350.9501780242637 414.4651174057499 0
v 351.0238886944335 414.4418769129477 0
v 351.09970717382987 414.41066412486316 0
v 351.1776856603772 414.3711221682846 0
v 351.25787635200004 414.3228941699999 0
v 351.25787635200004 414.3228941699999 0
v 352.5079134742688 414.05844953711784 0
v 353.76122535202444 413.82022323975576 0
v 355.0175486110668 413.6076774276525 0
v 356.27661987719534 413.4202742505468 0
v 358.80195293390926 413.1187444002831 0
v 361.3351175285626 412.9113308868749 0
v 363.87400666755184 412.7937309082323 0
v 366.41651335727346 412.7616416622656 0
v 368.9605306041241 412.81076034688465 0
v 371.5039514145 412.9367841599999 0
v 374.0446687947979 413.13541029952137 0
v 376.58057575141413 413.4023359633593 0
v 379.1095652907452 413.73325834942375 0
v 381.6295304191875 414.12387465562495 0
v 384.1383641431377 414.56988207987297 0
v 386.6339594689922 415.066977820078 0
v 389.11420940314747 415.6108590741503 0
v 391.577006952 416.1972230399999 0
v 391.577006952 416.1972230399999 0
v 392.63361402203174 416.3705242997146 0
v 393.69336227225386 416.50472360173234 0
v 394.75578498723195 416.6024420484894 0
v 395.8204154515312 416.66630074242175 0
v 396.88678694971725 416.6989207859655 0
v 397.95443276635547 416.7029232815566 0
v 399.0228861860112 416.68092933163103 0
v 400.09168049324995 416.63556003862493 0
v 402.22842490873825 416.4851798331152 0
v 404.36093228934374 416.27275148451554 0
v 406.48546891158986 416.01924381231436 0
v 408.598301052 415.74562563599994 0
v 408.598301052 415.74562563599994 0
v 411.08273278967096 415.3062185396132 0
v 413.5471332939922 414.7973509953749 0
v 415.9926502769268 414.2240199962929 0
v 418.42043145043755 413.5912225353749 0
v 420.8316245264873 412.90395560562877 0
v 423.22737721703913 412.1672162000624 0
v 425.6088372340557 411.3860013116835 0
v 427.97715228950005 410.5653079334999 0
v 432.67893836352346 408.8254736797499 0
v 437.34191713481255 406.9876893828749 0
v 441.97527029907036 405.0919309869374 0
v 446.58817955200004 403.17817443599995 0
v 446.58817955200004 403.17817443599995 0
v 447.10911726525933 402.9973236211171 0
v 447.6232753801055 402.7910017303125 0
v 448.1280627460161 402.55961381660154 0
v 448.6208882124688 402.3035649329999 0
v 449.099160628941 402.0232601325234 0
v 449.5602888449102 401.7191044681875 0
v 450.00168170985404 401.39150299300775 0
v 450.42074807325 401.0408607599999 0
v 450.8148967845758 400.6675828221796 0
v 451.18153669330866 400.27207423256243 0
v 451.5180766489263 399.85474004416403 0
v 451.82192550090633 399.41598530999994 0
v 452.09049209872614 398.9562150830859 0
v 452.32118529186334 398.47583441643746 0
v 452.4215196271377 398.22804174728026 0
v 452.5114139297955 397.97524836307025 0
v 452.59054430602134 397.71750489543456 0
v 452.65858686200005 397.45486197599996 0
v 452.65858686200005 397.45486197599996 0
v 452.68645694210164 396.88697875092186 0
v 452.70923161712506 396.31219969912496 0
v 452.7151907078985 395.73491565201556 0
v 452.6926140352501 395.15951744099993 0
v 452.6669622316514 394.87389765884177 0
v 452.6297814200079 394.5903958974843 0
v 452.57960657792296 394.30956101085343 0
v 452.51497268300005 394.031941852875 0
v 452.4344147128428 393.75808727747454 0
v 452.33646764505477 393.48854613857804 0
v 452.2196664572393 393.2238672901113 0
v 452.08254612700006 392.96459958599996 0
v 452.08254612700006 392.96459958599996 0
v 449.6506461158087 392.73011020450775 0
v 447.2026463687188 392.41941366656243 0
v 445.98085214217343 392.2261452334658 0
v 444.7649246392071 392.0026140347108 0
v 443.55816107900444 391.7450830781161 0
v 442.36385868075007 391.4498153715 0
v 441.1853146636285 391.11307392268066 0
v 440.0258262468243 390.7311217394765 0
v 438.88869064952206 390.30022182970606 0
v 437.7772050909063 389.81663720118746 0
v 436.6946667901617 389.27663086173925 0
v 435.64437296647276 388.6764658191797 0
v 435.1323481145193 388.3526559741764 0
v 434.629620839024 388.01240508132713 0
v 434.1366032923849 387.6552460166092 0
v 433.6537076270001 387.280711656 0
v 433.6537076270001 387.280711656 0
v 433.4831390068963 387.1583079623635 0
v 433.32133674157626 387.02203313781445 0
v 433.1663177498392 386.8753189520808 0
v 433.0160989504845 386.7215971748906 0
v 432.72212960411923 386.4068579250527 0
v 432.4235640528751 386.105269546125 0
v 432.2675999974217 385.96798635757244 0
v 432.10453764714657 385.84428619593155 0
v 431.932393920849 385.7376008309303 0
v 431.74918573732816 385.6513620322968 0
v 431.6528127612339 385.61698252340796 0
v 431.5529300153836 385.58900156975903 0
v 431.4492896146271 385.56784814256594 0
v 431.3416436738145 385.5539512130449 0
v 431.2297443077955 385.5477397524117 0
v 431.1133436314202 385.54964273188256 0
v 430.9921937595384 385.5600891226733 0
v 430.86604680700003 385.57950789599994 0
v 430.86604680700003 385.57950789599994 0
v 428.7912561012871 385.55186826611714 0
v 426.7282165956719 385.6147549130625 0
v 424.6764704511895 385.76134715997654 0
v 422.6355598288751 385.9848243299999 0
v 420.60502688976374 386.2783657462734 0
v 418.5844137948907 386.6351507319375 0
v 416.5732627052911 387.04835861013277 0
v 414.57111578200005 387.51116870399994 0
v 410.5920030784844 388.5583128313125 0
v 406.6434129726251 389.72201769899993 0
v 402.72168275270315 390.9477178921875 0
v 398.823149707 392.18084799599995 0
v 398.823149707 392.18084799599995 0
v 396.60024830379695 392.88608905484756 0
v 394.38616232512504 393.61778735428123 0
v 392.1770097948906 394.3641729611366 0
v 389.968908737 395.11347594225 0
v 387.7579771753594 395.853926364457 0
v 385.54033313387504 396.57375429459364 0
v 383.31209463645314 397.26118979949604 0
v 381.06937970700005 397.90446294599997 0
v 381.06937970700005 397.90446294599997 0
v 380.52902998824 397.93022348230295 0
v 379.9901324482476 397.938519755502 0
v 379.45292957426716 397.9297053450944 0
v 378.91766385354305 397.90413383057813 0
v 377.8539138208404 397.8041338072089 0
v 376.8008222480939 397.64134832137495 0
v 375.7603290332574 397.4186060090566 0
v 374.7343740742852 397.1387355062344 0
v 373.7248972691314 396.8045654488886 0
v 372.7338385157501 396.41892447299995 0
v 371.76313771209533 395.9846412145488 0
v 370.8147347561212 395.5045443095156 0
v 369.89056954578183 394.9814623938808 0
v 368.99258197903134 394.41822410362494 0
v 368.1227119538238 393.81765807472846 0
v 367.2828993681133 393.1825929431718 0
v 366.47508411985405 392.5158573449355 0
v 365.701206107 391.82027991599995 0
v 365.701206107 391.82027991599995 0
v 364.9930494500469 391.12470534260154 0
v 364.270805057 390.43114185506244 0
v 363.5497367183282 389.7313725961172 0
v 362.84510822450005 389.0171807084999 0
v 362.17218336598444 388.2803493349452 0
v 361.54622593325007 387.5126616181874 0
v 361.2556299360723 387.1146788632118 0
v 360.9824997167657 386.70590070096085 0
v 360.72874324913874 386.28530002427624 0
v 360.496268507 385.8518497259999 0
v 360.496268507 385.8518497259999 0
v 360.1999034793194 384.9319121063466 0
v 359.872232544461 384.0234351356484 0
v 359.51419411657514 383.12667788004774 0
v 359.1267266098126 382.2418994056874 0
v 358.7107684383232 381.3693587787098 0
v 358.26725801625776 380.5093150652577 0
v 357.7971337577666 379.66202733147355 0
v 357.301334077 378.82775464349993 0
v 356.7807973881084 378.0067560674794 0
v 356.23646210524214 377.19929066955456 0
v 355.6692666425518 376.405617515868 0
v 355.08014941418753 375.62599567256234 0
v 354.47004883429986 374.86068420578016 0
v 353.83990331703905 374.10994218166394 0
v 353.1906512765557 373.3740286663563 0
v 352.52323112700003 372.6532027259999 0
v 352.52323112700003 372.6532027259999 0
v 351.3215313332305 371.37023688266004 0
v 350.0922951730938 370.1118755286562 0
v 348.8407762708477 368.87348560426165 0
v 347.57222825075 367.65043404974995 0
v 346.2919047370586 366.43808780539445 0
v 345.00505935403123 365.23181381146867 0
v 343.7169457259258 364.026979008246 0
v 342.432817477 362.8189503359999 0
v 342.432817477 362.8189503359999 0
v 342.0523080739375 361.48706402170296 0
v 341.6557365587501 360.1544356616249 0
v 341.2518097204375 358.8211550574843 0
v 340.84923434800004 357.4873120109999 0
v 340.4567172304375 356.15299632389053 0
v 340.08296515675005 354.8182977978749 0
v 339.73668491593753 353.4833062346718 0
v 339.42658329700004 352.14811143599985 0
v 339.42658329700004 352.14811143599985 0
v 339.6395308179692 352.0608053089832 0
v 339.83103200944146 352.0093228008983 0
v 339.91916901766194 351.9961970894855 0
v 340.00245898676326 351.9910453054423 0
v 340.08107343116353 351.99354012298045 0
v 340.1551838652813 352.00335421631235 0
v 340.2249618035347 352.0201602596502 0
v 340.2905787603423 352.0436309272059 0
v 340.3522062501222 352.0734388931919 0
v 340.410015787293 352.1092568318202 0
v 340.51486706148 352.19761332385235 0
v 340.60650469825 352.3060817969999 0
v 340.68630081294964 352.43204364495983 0
v 340.7556275209258 352.57288026142953 0
v 340.81585693752487 352.72597304010634 0
v 340.8683611780937 352.88870337468745 0
v 340.9556825925273 353.23260228635144 0
v 341.02856868699996 353.58362814599985 0
v 341.02856868699996 353.58362814599985 0
v 341.3669208803261 354.676160385785 0
v 341.69046687298436 355.77705718303116 0
v 342.00638470786913 356.8822620995741 0
v 342.32185242787494 357.9877186972499 0
v 342.6440480758964 359.0893705378944 0
v 342.9801496948281 360.1831611833436 0
v 343.33733532756446 361.2650341954335 0
v 343.722783017 362.3309331359999 0
v 343.722783017 362.3309331359999 0
v 345.27614507838666 363.7445124283241 0
v 346.8227709893438 365.1665957070936 0
v 348.35670199131636 366.6015277212538 0
v 349.87197932575 368.0536532197499 0
v 351.3626442340898 369.5273169515272 0
v 352.8227379577812 371.0268636655311 0
v 354.24630173826944 372.5566381107069 0
v 355.6273768169999 374.12098503599987 0
v 355.6273768169999 374.12098503599987 0
v 355.74317803416426 373.8561340921888 0
v 355.8470929887363 373.58307057441783 0
v 355.94026744608465 373.30269678318007 0
v 356.0238471715781 373.01591501896866 0
v 356.16680548847455 372.42673677359755 0
v 356.28513406237494 371.82275424224986 0
v 356.38799901622843 371.211185828871 0
v 356.4845664729843 370.59924993740617 0
v 356.5840025555917 369.99416497180067 0
v 356.69547338699994 369.4031493359999 0
v 356.69547338699994 369.4031493359999 0
v 356.96234743410685 367.6023936011732 0
v 357.1725928746367 365.7972442286366 0
v 357.3277085861528 363.98863896693007 0
v 357.4291934462187 362.17751556459365 0
v 357.4785463323979 360.36481177016736 0
v 357.47726612225387 358.5514653321913 0
v 357.42685169335005 356.7384139992055 0
v 357.3288019232499 354.9265955197498 0
v 357.184615689517 353.1169476423646 0
v 356.99579186971476 351.31040811558967 0
v 356.7638293414067 349.5079146879652 0
v 356.4902269821562 347.71040510803107 0
v 356.17648366952676 345.91881712432746 0
v 355.824098281082 344.1340884853944 0
v 355.4345696943852 342.35715693977187 0
v 355.00939678699996 340.5889602359999 0
v 355.00939678699996 340.5889602359999 0
v 354.2590766652543 340.10604890866836 0
v 353.5337381995976 339.59183798984753 0
v 352.83430874752486 339.04760227992324 0
v 352.1617156665313 338.47461657928113 0
v 351.51688631411173 337.87415568830704 0
v 350.9007480477617 337.24749440738657 0
v 350.31422822497603 336.59590753690566 0
v 349.75825420325 335.9206698772499 0
v 349.23375334007864 335.22305622880504 0
v 348.741652992957 334.5043413919569 0
v 348.28288051938034 333.7658001670912 0
v 347.8583632768437 333.00870735459364 0
v 347.46902862284225 332.23433775485 0
v 347.11580391487104 331.443966168246 0
v 346.79961651042527 330.6388673951674 0
v 346.52139376699995 329.8203162359999 0
v 346.52139376699995 329.8203162359999 0
v 346.1097010247148 328.6533127700038 0
v 345.71014381809374 327.48262152553116 0
v 345.3204559999882 326.3089408291053 0
v 344.9383714232499 325.13296900724987 0
v 344.5616239407304 323.95540438648817 0
v 344.1879474052812 322.7769452933436 0
v 343.8150756697538 321.5982900543397 0
v 343.44074258699993 320.4201369959998 0
v 343.44074258699993 320.4201369959998 0
v 344.20900592129675 319.9611342193006 0
v 345.0265887901249 319.5224396286561 0
v 345.45034470667764 319.32091214034796 0
v 345.8821940948905 319.136706783246 0
v 346.3207248174394 318.97390525224745 0
v 346.764524737 318.83658924224983 0
v 347.21218171624804 318.7288404481507 0
v 347.6622836178593 318.65474056484754 0
v 348.1134183045097 318.6183712872376 0
v 348.564173638875 318.62381431021856 0
v 348.78896775603675 318.64349096408614 0
v 349.01313748363077 318.6751513286879 0
v 349.2365063044914 318.719305615886 0
v 349.4588977014531 318.77646403754284 0
v 349.68013515735026 318.84713680552045 0
v 349.90004215501756 318.931834131681 0
v 350.1184421772893 319.03106622788675 0
v 350.33515870699995 319.14534330599986 0
v 350.33515870699995 319.14534330599986 0
v 350.48759022078906 319.20513091729373 0
v 350.6352482494687 319.2763469198201 0
v 350.7786899238828 319.35731385292075 0
v 350.91847237487497 319.4463542559373 0
v 351.18928812996876 319.64194562908574 0
v 351.45215256149993 319.8497013539998 0
v 351.7115227162187 320.0562017454139 0
v 351.971855640875 320.2480271180624 0
v 352.10377596903896 320.334243020704 0
v 352.2376083822187 320.4117577866796 0
v 352.37391001125775 320.47889395533093 0
v 352.5132379869999 320.53397406599987 0
v 352.5132379869999 320.53397406599987 0
v 352.64937051150434 319.7756523386439 0
v 352.75548670858194 319.01382967355846 0
v 352.83166503376697 318.2494314124672 0
v 352.87798394259363 317.4833828970936 0
v 352.8945218905961 316.7166094691615 0
v 352.88135733330853 315.9500364703944 0
v 352.83856872626507 315.1845892425159 0
v 352.7662345249999 314.42119312724986 0
v 352.6644331850473 313.6607734663197 0
v 352.5332431619414 312.9042556014491 0
v 352.3727429112162 312.1525648743617 0
v 352.1830108884062 311.40662662678113 0
v 351.9641255490454 310.66736620043105 0
v 351.7161653486679 309.93570893703503 0
v 351.43920874280803 309.2125801783168 0
v 351.13333418699995 308.4989052659999 0
v 351.13333418699995 308.4989052659999 0
v 350.7826157528515 307.7681504754139 0
v 350.43304297506245 307.0261728331874 0
v 350.0729604571171 306.283859616117 0
v 349.69071280249995 305.5520981009999 0
v 349.27464461469526 304.8417755646327 0
v 348.81310049718746 304.16377928381235 0
v 348.56163265338375 303.8403057632313 0
v 348.2944250534609 303.5289965353358 0
v 348.01002077285443 303.2312125097255 0
v 347.7069628869999 302.9483145959999 0
v 347.7069628869999 302.9483145959999 0
v 347.4815501032573 302.80893496564516 0
v 347.25193220877725 302.6844144623495 0
v 347.018346688057 302.57408785920325 0
v 346.7810310255937 302.4772899292968 0
v 346.54022270588416 302.3933554457203 0
v 346.29615921342565 302.3216191815643 0
v 346.0490780327153 302.26141590991904 0
v 345.79921664824997 302.21208040387484 0
v 345.2921032060429 302.14335178095104 0
v 344.7767187627812 302.11011149751545 0
v 344.2549631944413 302.10703773829084 0
v 343.7287363769999 302.1288086879998 0
v 343.7287363769999 302.1288086879998 0
v 343.7285144548749 302.1288893519998 0
v 343.72829253274995 302.12897001599987 0
v 343.7280706106249 302.12905067999986 0
v 343.72784868849993 302.1291313439999 0
v 343.72762676637495 302.1292120079999 0
v 343.7274048442499 302.1292926719999 0
v 343.72718292212494 302.12937333599996 0
v 343.72696099999996 302.12945399999995 0
v 480.13332199999996 375.24128699999994 0
v 480.0218343370402 375.5804699133544 0
v 479.9247596159941 375.92542524574213 0
v 479.840699574861 376.2755187725244 0
v 479.7682559516406 376.63011626906246 0
v 479.6526249109355 377.3502862728515 0
v 479.56668039787496 378.08086145999994 0
v 479.49923631645504 378.8167680333983 0
v 479.4391065706718 379.55293219593744 0
v 479.3751050645214 380.2842801505077 0
v 479.29604570199996 381.0057380999999 0
v 479.29604570199996 381.0057380999999 0
v 479.2963290612346 381.2950408603783 0
v 479.28383863548623 381.58409917693353 0
v 479.2579984664519 381.87189583842036 0
v 479.21823259582806 382.15741363359365 0
v 479.16396506531174 382.43963535120844 0
v 479.09461991659964 382.71754378001947 0
v 479.0096211913885 382.99012170878166 0
v 478.908392931375 383.25635192624986 0
v 478.79035917825615 383.5152172211791 0
v 478.65494397372845 383.76570038232416 0
v 478.50157135948905 384.00678419843985 0
v 478.3296653772344 384.23745145828116 0
v 478.1386500686614 384.45668495060295 0
v 477.9279494754668 384.66346746416 0
v 477.69698763934747 384.85678178770746 0
v 477.44518860200003 385.0356107099999 0
v 477.44518860200003 385.0356107099999 0
v 476.5146289593609 385.857200308352 0
v 475.54629620057426 386.634233927285 0
v 474.5424379412114 387.36638293386466 0
v 473.50530179684375 388.0533186951562 0
v 472.4371353830425 388.694712578225 0
v 471.3401863153789 389.29023595013666 0
v 470.2167022094244 389.8395601779564 0
v 469.06893068075 390.3423566287499 0
v 467.8991193449272 390.79829666958244 0
v 466.70951581752735 391.2070516675194 0
v 465.50236771412153 391.56829298962634 0
v 464.27992265028126 391.88169200296863 0
v 463.04442824157763 392.14692007461167 0
v 461.7981321035821 392.36364857162096 0
v 460.54328185186574 392.5315488610619 0
v 459.282125102 392.6502923099999 0
v 459.282125102 392.6502923099999 0
v 458.5831545011211 392.73067290286514 0
v 457.8756587518438 392.7740789377968 0
v 457.163461276707 392.7955433406737 0
v 456.45038549825006 392.81009903737487 0
v 455.74025483901175 392.8327789537792 0
v 455.0368927215312 392.87861601576554 0
v 454.68894468549365 392.91491626568916 0
v 454.3441225683477 392.9626431492128 0
v 454.0029042979106 393.02367578207145 0
v 453.665767802 393.0998932799999 0
v 453.665767802 393.0998932799999 0
v 453.79513915585005 393.58020299147455 0
v 453.90144374172263 394.06828114242177 0
v 453.9837143981636 394.56235828450184 0
v 454.04098396371876 395.0606649693749 0
v 454.07228527693405 395.561431748701 0
v 454.0766511763555 396.06288917414054 0
v 454.0531145005288 396.56326779735343 0
v 454.000708088 397.0607981699999 0
v 453.91846477731497 397.55371084374013 0
v 453.8054174070195 398.04023637023425 0
v 453.6605988156597 398.51860530114243 0
v 453.4830418417813 398.9870481881249 0
v 453.2717793239302 399.4437955828417 0
v 453.0258441006524 399.88707803695297 0
v 452.7442690104937 400.31512610211905 0
v 452.42608689200006 400.7261703299999 0
v 452.42608689200006 400.7261703299999 0
v 452.27572770297115 400.9504642802571 0
v 452.117032146253 401.1650358836205 0
v 451.9503634173986 401.3702820289772 0
v 451.776084711961 401.5665996052147 0
v 451.40615015354786 401.93403660588115 0
v 451.01013403543755 402.2705219967186 0
v 450.5909419220538 402.5792308888256 0
v 450.1514793778204 402.86333839330064 0
v 449.6946519671611 403.1260196212425 0
v 449.22336525450004 403.3704496837498 0
v 448.2490361808672 403.81725675685533 0
v 447.2517366723125 404.2291605014061 0
v 446.25471124422654 404.63156180619126 0
v 445.281204412 405.04986155999984 0
v 445.281204412 405.04986155999984 0
v 440.4639577877812 407.0409387693163 0
v 435.61397100575005 408.9966612782811 0
v 430.72342031434385 410.87065240716777 0
v 425.7844819620001 412.61653547624985 0
v 423.29442249061333 413.42694377594955 0
v 420.7893321971563 414.18793380580064 0
v 418.2682331126837 414.8937084808373 0
v 415.73014726825005 415.5384707160936 0
v 413.1740966949102 416.1164234266039 0
v 410.5991034237188 416.62176952740225 0
v 408.00418948573054 417.04871193352284 0
v 405.38837691200007 417.3914535599999 0
v 405.38837691200007 417.3914535599999 0
v 403.8462974146367 417.5233763416757 0
v 402.3009301974688 417.6260783530311 0
v 400.753243262879 417.7030323210585 0
v 399.2042046132501 417.75771097274986 0
v 397.6547822509649 417.7935870350976 0
v 396.1059441784064 417.81413323509366 0
v 394.5586583979571 417.8228222997303 0
v 393.0138929120001 417.82312695599984 0
v 393.0138929120001 417.82312695599984 0
v 389.25657941254696 416.9094665454139 0
v 385.4716435851251 416.08213630818733 0
v 383.5697719082403 415.7069531461609 0
v 381.6621401811407 415.36068229736696 0
v 379.749130247752 415.0457670184363 0
v 377.8311239520001 414.76465056599983 0
v 375.9085031378106 414.5197761966883 0
v 373.98164964910944 414.3135871671326 0
v 372.05094532982235 414.1485267339637 0
v 370.11677202387506 414.0270381538123 0
v 368.17951157519343 413.95156468330936 0
v 366.2395458277032 413.92454957908575 0
v 364.29725662533014 413.9484360977723 0
v 362.35302581200006 414.0256674959998 0
v 362.35302581200006 414.0256674959998 0
v 360.7649001729766 414.0961547556092 0
v 359.18516388793756 414.23979260474977 0
v 357.61244904617973 414.4409413651405 0
v 356.04538773700006 414.6839613584998 0
v 354.4826120496954 414.9532129065467 0
v 352.9227540735626 415.23305633099983 0
v 351.36444589789846 415.507851953578 0
v 349.80631961200004 415.7619600959998 0
v 349.80631961200004 415.7619600959998 0
v 349.5778759550738 415.54274706015514 0
v 349.36262257643364 415.3121058693983 0
v 349.15896685053764 415.07139093452037 0
v 348.96531615184375 414.8219566663123 0
v 348.60165933389453 414.3023477730701 0
v 348.25891111825 413.7641144759998 0
v 347.92433050057423 413.2180920614295 0
v 347.5851764765313 412.6751158156873 0
v 347.22870804178524 412.1460210251014 0
v 346.84218419200005 411.6416429759998 0
v 346.84218419200005 411.6416429759998 0
v 345.9174730268633 410.3876058898474 0
v 344.9555255384063 409.15968574303105 0
v 343.9576959333086 407.95811767426153 0
v 342.9253384182501 406.7831368222498 0
v 341.85980719991016 405.6349783257068 0
v 340.76245648496877 404.51387732334354 0
v 339.63464048010553 403.42006895387084 0
v 338.47771339200006 402.35378835599977 0
v 338.47771339200006 402.35378835599977 0
v 338.01017986875786 402.68575908112547 0
v 337.5582813904375 403.0326957500916 0
v 337.12089921039853 403.39351756671874 0
v 336.69691458200003 403.76714373482787 0
v 335.8846629935626 404.5484859407752 0
v 335.11257665200003 405.3680759984997 0
v 333.65309981700005 407.0874141915466 0
v 332.24688429200006 408.85598735849976 0
v 331.5413745879376 409.73712113360716 0
v 330.82233029200006 410.6046245438904 0
v 330.0808014310626 411.44985121991573 0
v 329.30783803200006 412.26415479224977 0
v 328.90677151407033 412.65700842408444 0
v 328.4944901216876 413.0388888914587 0
v 328.06987510821097 413.4087153981933 0
v 327.6318077270001 413.7654071481091 0
v 327.1791692314141 414.10788334502683 0
v 326.71084087481256 414.4350631927673 0
v 326.2257039105547 414.7458658951514 0
v 325.72263959200006 415.03921065599974 0
v 325.72263959200006 415.03921065599974 0
v 325.26094831715875 415.2840716338269 0
v 324.7890648306133 415.5005413847107 0
v 324.3079071462066 415.69051312975466 0
v 323.8183932777813 415.85588009006227 0
v 323.3214412391802 415.99853548673707 0
v 322.8179690442461 416.12037254088256 0
v 322.30889470682183 416.2232844736023 0
v 321.7951362407501 416.30916450599983 0
v 320.75723897803516 416.43740175424193 0
v 319.7116213668438 416.5202300544373 0
v 318.66562751791804 416.57279517541383 0
v 317.62660154200006 416.6102428859998 0
v 317.62660154200006 416.6102428859998 0
v 316.60714075881646 417.3179072127185 0
v 315.5925174959063 418.09507806974983 0
v 315.1014726181353 418.51059397027706 0
v 314.6289803407305 418.94452513115607 0
v 314.1808217371245 419.39721776164436 0
v 313.7627778807501 419.8690180709998 0
v 313.3806298450396 420.36027226848023 0
v 313.04015870342585 420.87132656334353 0
v 312.8873585533529 421.1343869376868 0
v 312.7471455293413 421.40252716484747 0
v 312.6202422655703 421.6757905209827 0
v 312.5073713962188 421.9542202822498 0
v 312.40925555546596 422.23785972480596 0
v 312.32661737749083 422.5267521248084 0
v 312.2601794964724 422.82094075841434 0
v 312.2106645465899 423.120468901781 0
v 312.1787951620223 423.4253798310657 0
v 312.16529397694876 423.7357168224256 0
v 312.1708836255483 424.0515231520178 0
v 312.19628674200004 424.3728420959998 0
v 312.19628674200004 424.3728420959998 0
v 312.36630384004695 425.2531811455896 0
v 312.5362501755001 426.1419627383436 0
v 312.72765651332816 427.02797702023804 0
v 312.9620536185001 427.90001413724985 0
v 313.10210207289265 428.3272881795422 0
v 313.2609722559844 428.74686423535525 0
v 313.4413555133965 429.1573410729358 0
v 313.6459431907501 429.55731746053107 0
v 313.8774266336661 429.94539216638793 0
v 314.13849718776567 430.3201639587537 0
v 314.43184619867 430.68023160587524 0
v 314.7601650120001 431.0241938759998 0
v 314.7601650120001 431.0241938759998 0
v 315.9057545123516 432.2046516481873 0
v 317.0935997460625 433.3470902084997 0
v 318.31857540836734 434.4548558525622 0
v 319.5755561945001 435.5312948759997 0
v 320.8594167996954 436.57975357443723 0
v 322.1650319191875 437.6035782434998 0
v 323.48727624821095 438.6061151788123 0
v 324.82102448200004 439.5907106759998 0
v 324.82102448200004 439.5907106759998 0
v 324.9944823897555 439.71566559695617 0
v 325.16977949814503 439.8233344218616 0
v 325.34671497704124 439.91436528502066 0
v 325.5250879963165 439.989406320738 0
v 325.7046977258432 440.0491056633182 0
v 325.88534333549376 440.0941114470657 0
v 326.0668239951406 440.1250718062851 0
v 326.24893887465635 440.14263487528103 0
v 326.4314871439132 440.147448788358 0
v 326.6142679727837 440.1401616798206 0
v 326.79708053114035 440.1214216839733 0
v 326.97972398885554 440.0918769351208 0
v 327.3437002818511 440.00296571561836 0
v 327.70459021075004 439.87861309574976 0
v 328.06078713453184 439.7240041499514 0
v 328.41068441217584 439.5443239526599 0
v 328.7526754026617 439.3447575783117 0
v 329.0851534649688 439.1304901013435 0
v 329.71514424096495 438.6785921372927 0
v 330.28780361200006 438.23011065599974 0
v 330.28780361200006 438.23011065599974 0
v 331.0545420622345 437.60716322264034 0
v 331.777014025125 436.94339381849977 0
v 332.46467278520316 436.24780624748416 0
v 333.12697162700005 435.52940431349975 0
v 333.7733638350469 434.79719182045284 0
v 334.41330269387504 434.06017257224977 0
v 335.05624148801564 433.3273503727967 0
v 335.71163350200004 432.6077290259998 0
v 335.71163350200004 432.6077290259998 0
v 335.96466543751853 432.4754524875862 0
v 336.2237633694683 432.354645135199 0
v 336.48836615312837 432.2453071756184 0
v 336.7579126437774 432.1474388156247 0
v 337.3095921671587 431.9861117215193 0
v 337.87431278184386 431.8706655071248 0
v 338.44758533006404 431.8011018266833 0
v 339.02492065405085 431.7774223344373 0
v 339.6018295960357 431.79962868462866 0
v 340.17382299825005 431.86772253149974 0
v 340.45657351014063 431.9189777831408 0
v 340.73641170292535 431.9817055292927 0
v 341.0127764318832 432.0559059767355 0
v 341.28510655229303 432.14157933224976 0
v 341.55284091943383 432.2387258026155 0
v 341.81541838858453 432.3473455946131 0
v 342.07227781502405 432.46743891502274 0
v 342.3228580540313 432.5990059706248 0
v 342.56659796088525 432.7420469681995 0
v 342.80293639086483 432.8965621145271 0
v 343.0313121992489 433.06255161638796 0
v 343.2511642413165 433.24001568056224 0
v 343.46193137234644 433.4289545138303 0
v 343.66305244761776 433.6293683229725 0
v 343.8539663224093 433.8412573147688 0
v 344.0341118520001 434.0646216959998 0
v 344.0341118520001 434.0646216959998 0
v 344.57302690809627 434.7077393634315 0
v 345.07996284686334 435.3731768935779 0
v 345.56028276901907 436.0571360282165 0
v 346.0193497752813 436.7558185091248 0
v 346.89517744299616 438.1821604768592 0
v 347.7503506557501 439.62181673099985 0
v 348.62777421928524 441.04440120576544 0
v 349.5703529393438 442.4195278353748 0
v 350.0794832348638 443.07979881268926 0
v 350.62099162166805 443.7168105540467 0
v 351.2002412004742 444.3267648012244 0
v 351.82259507200007 444.9058632959998 0
v 351.82259507200007 444.9058632959998 0
v 352.2473819957025 445.2338016303995 0
v 352.68156481833796 445.54347822033816 0
v 353.12472984969907 445.8355428543625 0
v 353.5764633995782 446.1106453210193 0
v 354.0363517777679 446.3694354088553 0
v 354.5039812940606 446.6125629064173 0
v 354.97893825824883 446.8406776022519 0
v 355.4608089801251 447.05442928490606 0
v 356.44363693611143 447.4414427648597 0
v 357.44915564035944 447.77880165465217 0
v 358.474055571209 448.0717042626575 0
v 359.51502720700006 448.3253488972498 0
v 360.56876102607237 448.54493386680304 0
v 361.63194750676575 448.7356574796912 0
v 362.70127712742 448.90271804428835 0
v 363.7734403663751 449.0513138689686 0
v 365.913029612547 449.313904532074 0
v 368.0242390720001 449.5650159359998 0
v 368.0242390720001 449.5650159359998 0
v 370.19286091473447 449.75547401840015 0
v 372.3604711513751 449.959164029578 0
v 374.52753322707827 450.1699377421229 0
v 376.6945105870001 450.3816469286248 0
v 378.861866676297 450.5881433616736 0
v 381.0300649401251 450.78327881385917 0
v 383.1995688236407 450.96090505777124 0
v 385.3708417720001 451.11487386599975 0
v 385.3708417720001 451.11487386599975 0
v 386.412869240506 451.1304030029932 0
v 387.450173181297 451.10266884744703 0
v 388.48235555478334 451.0336284712593 0
v 389.5090183213751 450.92523894632785 0
v 390.52976344148254 450.7794573445508 0
v 391.54419287551576 450.598240737826 0
v 392.5519085838849 450.3835461980513 0
v 393.5525125270001 450.1373307971248 0
v 394.5456066652715 449.8615516069443 0
v 395.5307929591095 449.558165699408 0
v 396.5076733689239 449.2291301464136 0
v 397.47584985512503 448.87640201985914 0
v 399.38449889832816 448.1076963336619 0
v 401.2535557720001 447.2677052159998 0
v 401.2535557720001 447.2677052159998 0
v 402.9113950240703 446.5246580274256 0
v 404.57494262481265 445.7906512724061 0
v 406.2457010335235 445.0705661469959 0
v 407.92517270950015 444.3692838472498 0
v 409.6148601120392 443.6916855692225 0
v 411.3162657004376 443.04265250896856 0
v 413.0308919339923 442.4270658625428 0
v 414.7602412720001 441.8498068259998 0
v 414.7602412720001 441.8498068259998 0
v 415.6051478093317 441.6266204816612 0
v 416.4528843832306 441.42522685250145 0
v 417.30326739092834 441.24498181243035 0
v 418.1561132296564 441.0852412353572 0
v 419.868458989129 440.82469696584275 0
v 421.58845283950006 440.63844103523417 0
v 423.3146259586212 440.52132043480714 0
v 425.0455095243438 440.46818215583767 0
v 426.7796347145196 440.47387318960153 0
v 428.51553270700015 440.53324052737474 0
v 430.25173467963685 440.64113116043313 0
v 431.9867718102813 440.7923920800525 0
v 433.7191752767853 440.9818702775088 0
v 435.44747625700006 441.2044127440779 0
v 438.8858954699689 441.72807844965797 0
v 442.2902788720001 442.3221651269998 0
v 442.2902788720001 442.3221651269998 0
v 442.88862762888004 442.3380943838223 0
v 443.4850948856329 442.3270987664705 0
v 444.0796803308038 442.29136451846534 0
v 444.6723836529376 442.2330778833279 0
v 445.85214268227355 442.05759242574 0
v 447.0243694820001 441.81813234187484 0
v 448.1890615604767 441.53218757990015 0
v 449.3462164260626 441.2172480879842 0
v 450.4958315871173 440.8908038142947 0
v 451.6379045520001 440.57034470699983 0
v 451.6379045520001 440.57034470699983 0
v 454.03277115285465 439.76317483254917 0
v 456.3918655807111 438.86869568014436 0
v 458.7126541485089 437.8892106343314 0
v 460.9926031691876 436.8270230796561 0
v 463.2291789556866 435.68443640066437 0
v 465.41984782094545 434.4637539819022 0
v 467.56207607790344 433.1672792079153 0
v 469.6533300395001 431.79731546324984 0
v 471.69107601867483 430.3561661324515 0
v 473.67278032836725 428.84613460006625 0
v 475.5959092815167 427.26952425063996 0
v 477.4579291910626 425.6286384687186 0
v 479.25630636994435 423.925780638848 0
v 480.9885071311017 422.16325414557406 0
v 482.65199778747376 420.3433623734427 0
v 484.2442446520001 418.4684087069998 0
v 484.2442446520001 418.4684087069998 0
v 484.85068817826965 417.62481549666774 0
v 485.44300783965633 416.75946781996845 0
v 486.0062425800274 415.87179496334744 0
v 486.52543134325015 414.9612262132498 0
v 486.76383315338927 414.49717753016137 0
v 486.98561307319153 414.02719085612085 0
v 487.18890097064025 413.5511948519338 0
v 487.37182671371886 413.06911817840603 0
v 487.53252017041075 412.58088949634305 0
v 487.6691112086993 412.08643746655054 0
v 487.779729696568 411.58569074983427 0
v 487.8625055020001 411.0785780069998 0
v 487.8625055020001 411.0785780069998 0
v 487.6373362294102 410.28328433600365 0
v 487.3720333537814 409.495608450281 0
v 487.0872832230742 408.7112386857303 0
v 486.80377218525007 407.9258633782498 0
v 486.5421865882696 407.13517086373804 0
v 486.32321278009385 406.33484947809353 0
v 486.2361697805454 405.9297305635647 0
v 486.1675371086837 405.52058755721464 0
v 486.1199005580035 405.10688150103056 0
v 486.0958459220001 404.6880734369998 0
v 486.0958459220001 404.6880734369998 0
v 486.0492242064891 404.1280243933667 0
v 486.0266953808026 403.5721355657473 0
v 486.0271531273042 403.0202330556244 0
v 486.0494911283575 402.47214296448027 0
v 486.0926030663261 401.92769139379755 0
v 486.15538262357353 401.38670444505885 0
v 486.23672348246356 400.84900821974674 0
v 486.3355193253594 400.3144288193435 0
v 486.5810506926238 399.2539248991946 0
v 486.88312618427545 398.20380149647247 0
v 487.232895259223 397.1626674230374 0
v 487.62150737637506 396.1291314907498 0
v 488.4798585729278 394.0792892970584 0
v 489.38737544520325 392.0431454102811 0
v 490.2732536644708 390.0095703253006 0
v 491.06668890200007 387.9674345369998 0
v 491.06668890200007 387.9674345369998 0
v 491.23019557668516 387.4458375498953 0
v 491.3737924543555 386.90926583078885 0
v 491.49470624555914 386.360922406116 0
v 491.5901636608438 385.80401030231235 0
v 491.65739141075744 385.24173254581325 0
v 491.6936162058478 384.67729216305446 0
v 491.6960647566626 384.11389218047157 0
v 491.6619637737501 383.55473562449987 0
v 491.58853996765777 383.003025521575 0
v 491.4730200489337 382.4619648981327 0
v 491.39860739438086 382.19642908697847 0
v 491.31263072812555 381.9347567806082 0
v 491.2147433889862 381.67734835732637 0
v 491.1045987157813 381.4246041954373 0
v 490.9818500473293 381.1769246732456 0
v 490.8461507224488 380.9347101690555 0
v 490.6971540799581 380.69836106117157 0
v 490.5345134586758 380.4682777278983 0
v 490.35788219742034 380.24486054754004 0
v 490.1669136350103 380.02850989840124 0
v 489.96126111026405 379.8196261587864 0
v 489.74057796200003 379.61860970699985 0
v 489.74057796200003 379.61860970699985 0
v 489.27472196176325 379.16698686902623 0
v 488.78355727760555 378.7473774575858 0
v 488.26912347310605 378.3580200001493 0
v 487.7334601118438 377.9971530241873 0
v 487.17860675739803 377.66301505717075 0
v 486.6066029733477 377.3538446265702 0
v 486.01948832327207 377.0678802598563 0
v 485.4193023707501 376.8033604844998 0
v 484.1878748126836 376.331608817742 0
v 482.92863680778134 375.92449784606237 0
v 481.65790486467586 375.5679357892264 0
v 480.39199549200004 375.24783086699983 0
v 480.39199549200004 375.24783086699983 0
v 480.3600022657559 375.2429018160818 0
v 480.32784023085935 375.23921462840616 0
v 480.2955568530645 375.2367444903397 0
v 480.263199598125 375.23546658824984 0
v 480.23081593179495 375.23535610850377 0
v 480.19845331982816 375.23638823746865 0
v 480.16615922797854 375.2385381615116 0
v 480.133981122 375.24178106699986 0
v 480.133981122 375.24178106699986 0
v 480.13389873175004 375.24171930862485 0
v 480.1338163415 375.2416575502499 0
v 480.13373395125 375.2415957918749 0
v 480.13365156099997 375.2415340334999 0
v 480.13356917075 375.2414722751249 0
v 480.1334867805 375.2414105167499 0
v 480.13340439024995 375.24134875837495 0
v 480.13332199999996 375.24128699999994 0
v 480.13332199999996 375.24128699999994 0
v 480.0218343370402 375.5804699133544 0
v 479.9247596159941 375.92542524574213 0
v 479.840699574861 376.2755187725244 0
v 479.7682559516406 376.63011626906246 0
v 479.6526249109355 377.3502862728515 0
v 479.56668039787496 378.08086145999994 0
v 479.49923631645504 378.8167680333983 0
v 479.4391065706718 379.55293219593744 0
v 479.3751050645214 380.2842801505077 0
v 479.29604570199996 381.0057380999999 0
v 479.29604570199996 381.0057380999999 0
v 479.2963290612346 381.2950408603783 0
v 479.28383863548623 381.58409917693353 0
v 479.2579984664519 381.87189583842036 0
v 479.21823259582806 382.15741363359365 0
v 479.16396506531174 382.43963535120844 0
v 479.09461991659964 382.71754378001947 0
v 479.0096211913885 382.99012170878166 0
v 478.908392931375 383.25635192624986 0
v 478.79035917825615 383.5152172211791 0
v 478.65494397372845 383.76570038232416 0
v 478.50157135948905 384.00678419843985 0
v 478.3296653772344 384.23745145828116 0
v 478.1386500686614 384.45668495060295 0
v 477.9279494754668 384.66346746416 0
v 477.69698763934747 384.85678178770746 0
v 477.44518860200003 385.0356107099999 0
v 477.44518860200003 385.0356107099999 0
v 476.5146289593609 385.857200308352 0
v 475.54629620057426 386.634233927285 0
v 474.5424379412114 387.36638293386466 0
v 473.50530179684375 388.0533186951562 0
v 472.4371353830425 388.694712578225 0
v 471.3401863153789 389.29023595013666 0
v 470.2167022094244 389.8395601779564 0
v 469.06893068075 390.3423566287499 0
v 467.8991193449272 390.79829666958244 0
v 466.70951581752735 391.2070516675194 0
v 465.50236771412153 391.56829298962634 0
v 464.27992265028126 391.88169200296863 0
v 463.04442824157763 392.14692007461167 0
v 461.7981321035821 392.36364857162096 0
v 460.54328185186574 392.5315488610619 0
v 459.282125102 392.6502923099999 0
v 459.282125102 392.6502923099999 0
v 458.5831545011211 392.73067290286514 0
v 457.8756587518438 392.7740789377968 0
v 457.163461276707 392.7955433406737 0
v 456.45038549825006 392.81009903737487 0
v 455.74025483901175 392.8327789537792 0
v 455.0368927215312 392.87861601576554 0
v 454.68894468549365 392.91491626568916 0
v 454.3441225683477 392.9626431492128 0
v 454.0029042979106 393.02367578207145 0
v 453.665767802 393.0998932799999 0
v 453.665767802 393.0998932799999 0
v 453.79513915585005 393.58020299147455 0
v 453.90144374172263 394.06828114242177 0
v 453.9837143981636 394.56235828450184 0
v 454.04098396371876 395.0606649693749 0
v 454.07228527693405 395.561431748701 0
v 454.0766511763555 396.06288917414054 0
v 454.0531145005288 396.56326779735343 0
v 454.000708088 397.0607981699999 0
v 453.91846477731497 397.55371084374013 0
v 453.8054174070195 398.04023637023425 0
v 453.6605988156597 398.51860530114243 0
v 453.4830418417813 398.9870481881249 0
v 453.2717793239302 399.4437955828417 0
v 453.0258441006524 399.88707803695297 0
v 452.7442690104937 400.31512610211905 0
v 452.42608689200006 400.7261703299999 0
v 452.42608689200006 400.7261703299999 0
v 452.27572770297115 400.9504642802571 0
v 452.117032146253 401.1650358836205 0
v 451.9503634173986 401.3702820289772 0
v 451.776084711961 401.5665996052147 0
v 451.40615015354786 401.93403660588115 0
v 451.01013403543755 402.2705219967186 0
v 450.5909419220538 402.5792308888256 0
v 450.1514793778204 402.86333839330064 0
v 449.6946519671611 403.1260196212425 0
v 449.22336525450004 403.3704496837498 0
v 448.2490361808672 403.81725675685533 0
v 447.2517366723125 404.2291605014061 0
v 446.25471124422654 404.63156180619126 0
v 445.281204412 405.04986155999984 0
v 445.281204412 405.04986155999984 0
v 440.4639577877812 407.0409387693163 0
v 435.61397100575005 408.9966612782811 0
v 430.72342031434385 410.87065240716777 0
v 425.7844819620001 412.61653547624985 0
v 423.29442249061333 413.42694377594955 0
v 420.7893321971563 414.18793380580064 0
v 418.2682331126837 414.8937084808373 0
v 415.73014726825005 415.5384707160936 0
v 413.1740966949102 416.1164234266039 0
v 410.5991034237188 416.62176952740225 0
v 408.00418948573054 417.04871193352284 0
v 405.38837691200007 417.3914535599999 0
v 405.38837691200007 417.3914535599999 0
v 403.8462974146367 417.5233763416757 0
v 402.3009301974688 417.6260783530311 0
v 400.753243262879 417.7030323210585 0
v 399.2042046132501 417.75771097274986 0
v 397.6547822509649 417.7935870350976 0
v 396.1059441784064 417.81413323509366 0
v 394.5586583979571 417.8228222997303 0
v 393.0138929120001 417.82312695599984 0
v 393.0138929120001 417.82312695599984 0
v 389.25657941254696 416.9094665454139 0
v 385.4716435851251 416.08213630818733 0
v 383.5697719082403 415.7069531461609 0
v 381.6621401811407 415.36068229736696 0
v 379.749130247752 415.0457670184363 0
v 377.8311239520001 414.76465056599983 0
v 375.9085031378106 414.5197761966883 0
v 373.98164964910944 414.3135871671326 0
v 372.05094532982235 414.1485267339637 0
v 370.11677202387506 414.0270381538123 0
v 368.17951157519343 413.95156468330936 0
v 366.2395458277032 413.92454957908575 0
v 364.29725662533014 413.9484360977723 0
v 362.35302581200006 414.0256674959998 0
v 362.35302581200006 414.0256674959998 0
v 360.7649001729766 414.0961547556092 0
v 359.18516388793756 414.23979260474977 0
v 357.61244904617973 414.4409413651405 0
v 356.04538773700006 414.6839613584998 0
v 354.4826120496954 414.9532129065467 0
v 352.9227540735626 415.23305633099983 0
v 351.36444589789846 415.507851953578 0
v 349.80631961200004 415.7619600959998 0
v 349.80631961200004 415.7619600959998 0
v 349.5778759550738 415.54274706015514 0
v 349.36262257643364 415.3121058693983 0
v 349.15896685053764 415.07139093452037 0
v 348.96531615184375 414.8219566663123 0
v 348.60165933389453 414.3023477730701 0
v 348.25891111825 413.7641144759998 0
v 347.92433050057423 413.2180920614295 0
v 347.5851764765313 412.6751158156873 0
v 347.22870804178524 412.1460210251014 0
v 346.84218419200005 411.6416429759998 0
v 346.84218419200005 411.6416429759998 0
v 345.9174730268633 410.3876058898474 0
v 344.9555255384063 409.15968574303105 0
v 343.9576959333086 407.95811767426153 0
v 342.9253384182501 406.7831368222498 0
v 341.85980719991016 405.6349783257068 0
v 340.76245648496877 404.51387732334354 0
v 339.63464048010553 403.42006895387084 0
v 338.47771339200006 402.35378835599977 0
v 338.47771339200006 402.35378835599977 0
v 338.01017986875786 402.68575908112547 0
v 337.5582813904375 403.0326957500916 0
v 337.12089921039853 403.39351756671874 0
v 336.69691458200003 403.76714373482787 0
v 335.8846629935626 404.5484859407752 0
v 335.11257665200003 405.3680759984997 0
v 333.65309981700005 407.0874141915466 0
v 332.24688429200006 408.85598735849976 0
v 331.5413745879376 409.73712113360716 0
v 330.82233029200006 410.6046245438904 0
v 330.0808014310626 411.44985121991573 0
v 329.30783803200006 412.26415479224977 0
v 328.90677151407033 412.65700842408444 0
v 328.4944901216876 413.0388888914587 0
v 328.06987510821097 413.4087153981933 0
v 327.6318077270001 413.7654071481091 0
v 327.1791692314141 414.10788334502683 0
v 326.71084087481256 414.4350631927673 0
v 326.2257039105547 414.7458658951514 0
v 325.72263959200006 415.03921065599974 0
v 325.72263959200006 415.03921065599974 0
v 325.26094831715875 415.2840716338269 0
v 324.7890648306133 415.5005413847107 0
v 324.3079071462066 415.69051312975466 0
v 323.8183932777813 415.85588009006227 0
v 323.3214412391802 415.99853548673707 0
v 322.8179690442461 416.12037254088256 0
v 322.30889470682183 416.2232844736023 0
v 321.7951362407501 416.30916450599983 0
v 320.75723897803516 416.43740175424193 0
v 319.7116213668438 416.5202300544373 0
v 318.66562751791804 416.57279517541383 0
v 317.62660154200006 416.6102428859998 0
v 317.62660154200006 416.6102428859998 0
v 316.60714075881646 417.3179072127185 0
v 315.5925174959063 418.09507806974983 0
v 315.1014726181353 418.51059397027706 0
v 314.6289803407305 418.94452513115607 0
v 314.1808217371245 419.39721776164436 0
v 313.7627778807501 419.8690180709998 0
v 313.3806298450396 420.36027226848023 0
v 313.04015870342585 420.87132656334353 0
v 312.8873585533529 421.1343869376868 0
v 312.7471455293413 421.40252716484747 0
v 312.6202422655703 421.6757905209827 0
v 312.5073713962188 421.9542202822498 0
v 312.40925555546596 422.23785972480596 0
v 312.32661737749083 422.5267521248084 0
v 312.2601794964724 422.82094075841434 0
v 312.2106645465899 423.120468901781 0
v 312.1787951620223 423.4253798310657 0
v 312.16529397694876 423.7357168224256 0
v 312.1708836255483 424.0515231520178 0
v 312.19628674200004 424.3728420959998 0
v 312.19628674200004 424.3728420959998 0
v 312.36630384004695 425.2531811455896 0
v 312.5362501755001 426.1419627383436 0
v 312.72765651332816 427.02797702023804 0
v 312.9620536185001 427.90001413724985 0
v 313.10210207289265 428.3272881795422 0
v 313.2609722559844 428.74686423535525 0
v 313.4413555133965 429.1573410729358 0
v 313.6459431907501 429.55731746053107 0
v 313.8774266336661 429.94539216638793 0
v 314.13849718776567 430.3201639587537 0
v 314.43184619867 430.68023160587524 0
v 314.7601650120001 431.0241938759998 0
v 314.7601650120001 431.0241938759998 0
v 315.9057545123516 432.2046516481873 0
v 317.0935997460625 433.3470902084997 0
v 318.31857540836734 434.4548558525622 0
v 319.5755561945001 435.5312948759997 0
v 320.8594167996954 436.57975357443723 0
v 322.1650319191875 437.6035782434998 0
v 323.48727624821095 438.6061151788123 0
v 324.82102448200004 439.5907106759998 0
v 324.82102448200004 439.5907106759998 0
v 324.9944823897555 439.71566559695617 0
v 325.16977949814503 439.8233344218616 0
v 325.34671497704124 439.91436528502066 0
v 325.5250879963165 439.989406320738 0
v 325.7046977258432 440.0491056633182 0
v 325.88534333549376 440.0941114470657 0
v 326.0668239951406 440.1250718062851 0
v 326.24893887465635 440.14263487528103 0
v 326.4314871439132 440.147448788358 0
v 326.6142679727837 440.1401616798206 0
v 326.79708053114035 440.1214216839733 0
v 326.97972398885554 440.0918769351208 0
v 327.3437002818511 440.00296571561836 0
v 327.70459021075004 439.87861309574976 0
v 328.06078713453184 439.7240041499514 0
v 328.41068441217584 439.5443239526599 0
v 328.7526754026617 439.3447575783117 0
v 329.0851534649688 439.1304901013435 0
v 329.71514424096495 438.6785921372927 0
v 330.28780361200006 438.23011065599974 0
v 330.28780361200006 438.23011065599974 0
v 331.0545420622345 437.60716322264034 0
v 331.777014025125 436.94339381849977 0
v 332.46467278520316 436.24780624748416 0
v 333.12697162700005 435.52940431349975 0
v 333.7733638350469 434.79719182045284 0
v 334.41330269387504 434.06017257224977 0
v 335.05624148801564 433.3273503727967 0
v 335.71163350200004 432.6077290259998 0
v 335.71163350200004 432.6077290259998 0
v 335.96466543751853 432.4754524875862 0
v 336.2237633694683 432.354645135199 0
v 336.48836615312837 432.2453071756184 0
v 336.7579126437774 432.1474388156247 0
v 337.3095921671587 431.9861117215193 0
v 337.87431278184386 431.8706655071248 0
v 338.44758533006404 431.8011018266833 0
v 339.02492065405085 431.7774223344373 0
v 339.6018295960357 431.79962868462866 0
v 340.17382299825005 431.86772253149974 0
v 340.45657351014063 431.9189777831408 0
v 340.73641170292535 431.9817055292927 0
v 341.0127764318832 432.0559059767355 0
v 341.28510655229303 432.14157933224976 0
v 341.55284091943383 432.2387258026155 0
v 341.81541838858453 432.3473455946131 0
v 342.07227781502405 432.46743891502274 0
v 342.3228580540313 432.5990059706248 0
v 342.56659796088525 432.7420469681995 0
v 342.80293639086483 432.8965621145271 0
v 343.0313121992489 433.06255161638796 0
v 343.2511642413165 433.24001568056224 0
v 343.46193137234644 433.4289545138303 0
v 343.66305244761776 433.6293683229725 0
v 343.8539663224093 433.8412573147688 0
v 344.0341118520001 434.0646216959998 0
v 344.0341118520001 434.0646216959998 0
v 344.57302690809627 434.7077393634315 0
v 345.07996284686334 435.3731768935779 0
v 345.56028276901907 436.0571360282165 0
v 346.0193497752813 436.7558185091248 0
v 346.89517744299616 438.1821604768592 0
v 347.7503506557501 439.62181673099985 0
v 348.62777421928524 441.04440120576544 0
v 349.5703529393438 442.4195278353748 0
v 350.0794832348638 443.07979881268926 0
v 350.62099162166805 443.7168105540467 0
v 351.2002412004742 444.3267648012244 0
v 351.82259507200007 444.9058632959998 0
v 351.82259507200007 444.9058632959998 0
v 352.2473819957025 445.2338016303995 0
v 352.68156481833796 445.54347822033816 0
v 353.12472984969907 445.8355428543625 0
v 353.5764633995782 446.1106453210193 0
v 354.0363517777679 446.3694354088553 0
v 354.5039812940606 446.6125629064173 0
v 354.97893825824883 446.8406776022519 0
v 355.4608089801251 447.05442928490606 0
v 356.44363693611143 447.4414427648597 0
v 357.44915564035944 447.77880165465217 0
v 358.474055571209 448.0717042626575 0
v 359.51502720700006 448.3253488972498 0
v 360.56876102607237 448.54493386680304 0
v 361.63194750676575 448.7356574796912 0
v 362.70127712742 448.90271804428835 0
v 363.7734403663751 449.0513138689686 0
v 365.913029612547 449.313904532074 0
v 368.0242390720001 449.5650159359998 0
v 368.0242390720001 449.5650159359998 0
v 370.19286091473447 449.75547401840015 0
v 372.3604711513751 449.959164029578 0
v 374.52753322707827 450.1699377421229 0
v 376.6945105870001 450.3816469286248 0
v 378.861866676297 450.5881433616736 0
v 381.0300649401251 450.78327881385917 0
v 383.1995688236407 450.96090505777124 0
v 385.3708417720001 451.11487386599975 0
v 385.3708417720001 451.11487386599975 0
v 386.412869240506 451.1304030029932 0
v 387.450173181297 451.10266884744703 0
v 388.48235555478334 451.0336284712593 0
v 389.5090183213751 450.92523894632785 0
v 390.52976344148254 450.7794573445508 0
v 391.54419287551576 450.598240737826 0
v 392.5519085838849 450.3835461980513 0
v 393.5525125270001 450.1373307971248 0
v 394.5456066652715 449.8615516069443 0
v 395.5307929591095 449.558165699408 0
v 396.5076733689239 449.2291301464136 0
v 397.47584985512503 448.87640201985914 0
v 399.38449889832816 448.1076963336619 0
v 401.2535557720001 447.2677052159998 0
v 401.2535557720001 447.2677052159998 0
v 402.9113950240703 446.5246580274256 0
v 404.57494262481265 445.7906512724061 0
v 406.2457010335235 445.0705661469959 0
v 407.92517270950015 444.3692838472498 0
v 409.6148601120392 443.6916855692225 0
v 411.3162657004376 443.04265250896856 0
v 413.0308919339923 442.4270658625428 0
v 414.7602412720001 441.8498068259998 0
v 414.7602412720001 441.8498068259998 0
v 415.6051478093317 441.6266204816612 0
v 416.4528843832306 441.42522685250145 0
v 417.30326739092834 441.24498181243035 0
v 418.1561132296564 441.0852412353572 0
v 419.868458989129 440.82469696584275 0
v 421.58845283950006 440.63844103523417 0
v 423.3146259586212 440.52132043480714 0
v 425.0455095243438 440.46818215583767 0
v 426.7796347145196 440.47387318960153 0
v 428.51553270700015 440.53324052737474 0
v 430.25173467963685 440.64113116043313 0
v 431.9867718102813 440.7923920800525 0
v 433.7191752767853 440.9818702775088 0
v 435.44747625700006 441.2044127440779 0
v 438.8858954699689 441.72807844965797 0
v 442.2902788720001 442.3221651269998 0
v 442.2902788720001 442.3221651269998 0
v 442.88862762888004 442.3380943838223 0
v 443.4850948856329 442.3270987664705 0
v 444.0796803308038 442.29136451846534 0
v 444.6723836529376 442.2330778833279 0
v 445.85214268227355 442.05759242574 0
v 447.0243694820001 441.81813234187484 0
v 448.1890615604767 441.53218757990015 0
v 449.3462164260626 441.2172480879842 0
v 450.4958315871173 440.8908038142947 0
v 451.6379045520001 440.57034470699983 0
v 451.6379045520001 440.57034470699983 0
v 454.03277115285465 439.76317483254917 0
v 456.3918655807111 438.86869568014436 0
v 458.7126541485089 437.8892106343314 0
v 460.9926031691876 436.8270230796561 0
v 463.2291789556866 435.68443640066437 0
v 465.41984782094545 434.4637539819022 0
v 467.56207607790344 433.1672792079153 0
v 469.6533300395001 431.79731546324984 0
v 471.69107601867483 430.3561661324515 0
v 473.67278032836725 428.84613460006625 0
v 475.5959092815167 427.26952425063996 0
v 477.4579291910626 425.6286384687186 0
v 479.25630636994435 423.925780638848 0
v 480.9885071311017 422.16325414557406 0
v 482.65199778747376 420.3433623734427 0
v 484.2442446520001 418.4684087069998 0
v 484.2442446520001 418.4684087069998 0
v 484.85068817826965 417.62481549666774 0
v 485.44300783965633 416.75946781996845 0
v 486.0062425800274 415.87179496334744 0
v 486.52543134325015 414.9612262132498 0
v 486.76383315338927 414.49717753016137 0
v 486.98561307319153 414.02719085612085 0
v 487.18890097064025 413.5511948519338 0
v 487.37182671371886 413.06911817840603 0
v 487.53252017041075 412.58088949634305 0
v 487.6691112086993 412.08643746655054 0
v 487.779729696568 411.58569074983427 0
v 487.8625055020001 411.0785780069998 0
v 487.8625055020001 411.0785780069998 0
v 487.6373362294102 410.28328433600365 0
v 487.3720333537814 409.495608450281 0
v 487.0872832230742 408.7112386857303 0
v 486.80377218525007 407.9258633782498 0
v 486.5421865882696 407.13517086373804 0
v 486.32321278009385 406.33484947809353 0
v 486.2361697805454 405.9297305635647 0
v 486.1675371086837 405.52058755721464 0
v 486.1199005580035 405.10688150103056 0
v 486.0958459220001 404.6880734369998 0
v 486.0958459220001 404.6880734369998 0
v 486.0492242064891 404.1280243933667 0
v 486.0266953808026 403.5721355657473 0
v 486.0271531273042 403.0202330556244 0
v 486.0494911283575 402.47214296448027 0
v 486.0926030663261 401.92769139379755 0
v 486.15538262357353 401.38670444505885 0
v 486.23672348246356 400.84900821974674 0
v 486.3355193253594 400.3144288193435 0
v 486.5810506926238 399.2539248991946 0
v 486.88312618427545 398.20380149647247 0
v 487.232895259223 397.1626674230374 0
v 487.62150737637506 396.1291314907498 0
v 488.4798585729278 394.0792892970584 0
v 489.38737544520325 392.0431454102811 0
v 490.2732536644708 390.0095703253006 0
v 491.06668890200007 387.9674345369998 0
v 491.06668890200007 387.9674345369998 0
v 491.23019557668516 387.4458375498953 0
v 491.3737924543555 386.90926583078885 0
v 491.49470624555914 386.360922406116 0
v 491.5901636608438 385.80401030231235 0
v 491.65739141075744 385.24173254581325 0
v 491.6936162058478 384.67729216305446 0
v 491.6960647566626 384.11389218047157 0
v 491.6619637737501 383.55473562449987 0
v 491.58853996765777 383.003025521575 0
v 491.4730200489337 382.4619648981327 0
v 491.39860739438086 382.19642908697847 0
v 491.31263072812555 381.9347567806082 0
v 491.2147433889862 381.67734835732637 0
v 491.1045987157813 381.4246041954373 0
v 490.9818500473293 381.1769246732456 0
v 490.8461507224488 380.9347101690555 0
v 490.6971540799581 380.69836106117157 0
v 490.5345134586758 380.4682777278983 0
v 490.35788219742034 380.24486054754004 0
v 490.1669136350103 380.02850989840124 0
v 489.96126111026405 379.8196261587864 0
v 489.74057796200003 379.61860970699985 0
v 489.74057796200003 379.61860970699985 0
v 489.27472196176325 379.16698686902623 0
v 488.78355727760555 378.7473774575858 0
v 488.26912347310605 378.3580200001493 0
v 487.7334601118438 377.9971530241873 0
v 487.17860675739803 377.66301505717075 0
v 486.6066029733477 377.3538446265702 0
v 486.01948832327207 377.0678802598563 0
v 485.4193023707501 376.8033604844998 0
v 484.1878748126836 376.331608817742 0
v 482.92863680778134 375.92449784606237 0
v 481.65790486467586 375.5679357892264 0
v 480.39199549200004 375.24783086699983 0
v 480.39199549200004 375.24783086699983 0
v 480.3600022657559 375.2429018160818 0
v 480.32784023085935 375.23921462840616 0
v 480.2955568530645 375.2367444903397 0
v 480.263199598125 375.23546658824984 0
v 480.23081593179495 375.23535610850377 0
v 480.19845331982816 375.23638823746865 0
v 480.16615922797854 375.2385381615116 0
v 480.133981122 375.24178106699986 0
v 480.133981122 375.24178106699986 0
v 480.13389873175004 375.24171930862485 0
v 480.1338163415 375.2416575502499 0
v 480.13373395125 375.2415957918749 0
v 480.13365156099997 375.2415340334999 0
v 480.13356917075 375.2414722751249 0
v 480.1334867805 375.2414105167499 0
v 480.13340439024995 375.24134875837495 0
v 480.13332199999996 375.24128699999994 0
v 518.8726859999999 312.70652099999995 0
v 517.3208787223632 312.7775080647619 0
v 515.7774221782812 312.9092582070644 0
v 514.243162279746 313.0993268557448 0
v 512.7189449387499 313.34526943964056 0
v 511.20561606728506 313.6446413875891 0
v 509.7040215773437 313.99499812842765 0
v 508.21500738091794 314.39389509099385 0
v 506.73941938999997 314.8388877041249 0
v 505.27810351658195 315.3275313966584 0
v 503.83190567265615 315.8573815974315 0
v 502.40167177021476 316.4259937352819 0
v 500.98824772124993 317.0309232390468 0
v 499.5924794377539 317.66972553756364 0
v 498.21521283171876 318.3399560596699 0
v 496.8572938151367 319.0391702342028 0
v 495.5195683 319.76492348999994 0
v 495.5195683 319.76492348999994 0
v 495.5025453843221 319.8577820839959 0
v 495.4952890399988 319.94930613656976 0
v 495.4972870733142 320.0395474794123 0
v 495.5080272905528 320.1285579442148 0
v 495.5269974979985 320.21638936266805 0
v 495.55368550193583 320.30309356646336 0
v 495.58757910864887 320.3887223872915 0
v 495.62816612442185 320.47332765684365 0
v 495.7273716082849 320.6396748688842 0
v 495.84720440379886 320.8025498561132 0
v 495.98356696123767 320.962367272059 0
v 496.132361730875 321.11954177024995 0
v 496.4508577078418 321.4276206274804 0
v 496.76991193689065 321.7301036560312 0
v 496.9194045216306 321.8802833683725 0
v 497.05674402021293 322.0303080841289 0
v 497.1778328829114 322.18059245682855 0
v 497.27857356 322.33155113999993 0
v 497.27857356 322.33155113999993 0
v 497.6878427249765 322.8266282124023 0
v 498.14472564731255 323.3057406660937 0
v 498.62524427261724 323.77802109955076 0
v 499.1054205465 324.25260211125 0
v 499.56127641457033 324.7386162996679 0
v 499.9688338224375 325.2451962632812 0
v 500.14700746179784 325.50905234781 0
v 500.30411471571097 325.7814746005663 0
v 500.4371583273779 326.06360459635977 0
v 500.54314104 326.3565839099999 0
v 500.54314104 326.3565839099999 0
v 499.1498425952734 327.25765278046873 0
v 497.7526995490625 328.173004850625 0
v 496.3745677208203 329.1196740885937 0
v 495.03830293000004 330.1146944624999 0
v 494.39301311720214 330.6356594404687 0
v 493.7667609960547 331.1750999404687 0
v 493.1624035439893 331.73514520851563 0
v 492.58279773843753 332.31792449062493 0
v 492.0308005568311 332.9255670328124 0
v 491.5092689766016 333.5602020810937 0
v 491.0210599751808 334.22395888148435 0
v 490.5690305300001 334.9189666799999 0
v 490.5690305300001 334.9189666799999 0
v 489.94661807896495 335.95982098464833 0
v 489.32962370046886 337.0159817559374 0
v 488.7346080839259 338.0887842036327 0
v 488.17813191875007 339.17956353749986 0
v 487.91952134586677 339.73211178979966 0
v 487.67675589435555 340.2896549673046 0
v 487.4519056503932 340.8523599712353 0
v 487.2470407001563 341.4203937028124 0
v 487.06423112982185 341.9939230632567 0
v 486.9055470255665 342.57311495378895 0
v 486.77305847356695 343.15813627562983 0
v 486.66883556000005 343.7491539299999 0
v 486.66883556000005 343.7491539299999 0
v 486.6366330515161 344.0278160261359 0
v 486.6320695338477 344.26698591111904 0
v 486.63959963193645 344.37229129196356 0
v 486.65337616016956 344.4683596410621 0
v 486.6731780126938 344.5554029654289 0
v 486.6987840836564 344.633633272078 0
v 486.7299732672037 344.70326256802343 0
v 486.766524457483 344.7645028602794 0
v 486.80821654864087 344.81756615585994 0
v 486.8548284348243 344.86266446177916 0
v 486.9061390101801 344.90000978505117 0
v 486.961927168855 344.9298141326901 0
v 487.02197180499616 344.9522895117099 0
v 487.08605181275004 344.96764792912484 0
v 487.1539460862638 344.97610139194904 0
v 487.22543351968415 344.9778619071964 0
v 487.30029300715796 344.9731414818812 0
v 487.37830344283213 344.9621521230175 0
v 487.5428927353687 344.92221463270084 0
v 487.7174325504688 344.85974549235925 0
v 487.90015404130713 344.7764407581056 0
v 488.0892883610586 344.6739964860526 0
v 488.28306666289797 344.5541087323131 0
v 488.4797201 344.4184735529999 0
v 488.4797201 344.4184735529999 0
v 490.18968322812503 343.626651624328 0
v 491.918921688125 342.8672906537812 0
v 493.66650858968757 342.1419999826874 0
v 495.4315170425 341.4523889523749 0
v 497.21302015625 340.8000669041718 0
v 499.0100910406251 340.1866431794062 0
v 500.8218028053126 339.6137271194062 0
v 502.64722856000003 339.0829280654999 0
v 504.48544141437503 338.5958553590155 0
v 506.33551447812505 338.15411834128116 0
v 508.19652086093754 337.7593263536249 0
v 510.0675336725 337.4130887373749 0
v 511.9476260225 337.1170148338593 0
v 513.8358710206251 336.8727139844061 0
v 515.7313417765625 336.68179553034366 0
v 517.6331114000001 336.5458688129999 0
v 517.6331114000001 336.5458688129999 0
v 520.086122459297 336.4886835511406 0
v 522.5517362368751 336.47636228268743 0
v 525.0209878097656 336.5287048687031 0
v 527.484912255 336.66551117024994 0
v 528.7120752663184 336.7717756709296 0
v 529.9345446496094 336.90658104839054 0
v 531.151199789502 337.0724022852656 0
v 532.3609200706251 337.27171436418746 0
v 533.5625848776075 337.506992267789 0
v 534.7550735950782 337.78071097870304 0
v 535.9372656076661 338.0953454795624 0
v 537.1080403000001 338.4533707529999 0
v 537.1080403000001 338.4533707529999 0
v 537.1396255064657 338.56442392079293 0
v 537.1581862027174 338.6660198469264 0
v 537.1643703827247 338.7585159677192 0
v 537.1588260404571 338.8422697194901 0
v 537.1422011698843 338.91763853855815 0
v 537.1151437649761 338.9849798612423 0
v 537.0783018197019 339.0446511238614 0
v 537.0323233280312 339.09700976273433 0
v 536.9778562839339 339.1424132141799 0
v 536.9155486813795 339.1812189145173 0
v 536.8460485143373 339.21378430006513 0
v 536.7700037767775 339.24046680714247 0
v 536.600872565982 339.2776129311613 0
v 536.41333900075 339.29551677712493 0
v 536.2125870328384 339.2970378355846 0
v 536.0038006140039 339.2850355970917 0
v 535.7921636960034 339.2623695521974 0
v 535.5828602305938 339.231899191453 0
v 535.1919894645742 339.15898348461906 0
v 534.87265993 339.0891644009999 0
v 534.87265993 339.0891644009999 0
v 533.0061193797682 338.7096981425514 0
v 531.1281806637696 338.39002779122455 0
v 529.2407111109254 338.12970175367207 0
v 527.3455780501564 337.9282684365468 0
v 525.4446488103833 337.78527624650167 0
v 523.5397907205274 337.7002735901894 0
v 521.6328711095094 337.67280887426296 0
v 519.7257573062501 337.70243050537493 0
v 517.8203166396705 337.78868689017844 0
v 515.9184164386915 337.9311264353261 0
v 514.021924032234 338.12929754747086 0
v 512.1327067492189 338.3827486332656 0
v 510.252631918567 338.69102809936294 0
v 508.3835668691993 339.0536843524159 0
v 506.52737893003666 339.4702657990773 0
v 504.6859354300001 339.9403208459999 0
v 504.6859354300001 339.9403208459999 0
v 502.4069766807422 340.5521306999647 0
v 500.14752498593754 341.23153879771866 0
v 497.9092273200391 341.9749447993007 0
v 495.69373065750005 342.7787483647499 0
v 493.5026819727735 343.6393491541054 0
v 491.3377282403126 344.5531468274062 0
v 489.20051643457043 345.51654104469134 0
v 487.0926935300001 346.5259314659999 0
v 487.0926935300001 346.5259314659999 0
v 487.2162715131329 348.4765831318593 0
v 487.36877993556254 350.42572707412495 0
v 487.543405156836 352.37368941482805 0
v 487.7333335365 354.3207962759999 0
v 487.9317514341016 356.2673737796718 0
v 488.13184520918753 358.2137480478749 0
v 488.3268012213048 360.16024520264057 0
v 488.5098058300001 362.10719136599994 0
v 488.5098058300001 362.10719136599994 0
v 487.1880494472657 363.340781427914 0
v 485.9126126637501 364.63362880818744 0
v 485.2996160188185 365.30311219131727 0
v 484.7070215502344 365.98841574236707 0
v 484.1377700168458 366.68987474078017 0
v 483.59480217750007 367.4078244659999 0
v 483.08105879104494 368.1426001974696 0
v 482.5994806163282 368.8945372146327 0
v 482.1530084121973 369.6639707969325 0
v 481.7445829375 370.45123622381243 0
v 481.3771449510841 371.2566687747157 0
v 481.053635211797 372.08060372908585 0
v 480.7769944784865 372.92337636636614 0
v 480.5501635100001 373.7853219659999 0
v 480.5501635100001 373.7853219659999 0
v 481.6996893872657 374.1307889023242 0
v 482.8331441825001 374.51641918471864 0
v 483.9548185008596 374.9311286815663 0
v 485.06900294750017 375.36383326124985 0
v 486.1799881275782 375.8034487921522 0
v 487.29206464625014 376.23889114265614 0
v 488.40952310867203 376.6590761811444 0
v 489.53665412000015 377.0529197759999 0
v 489.53665412000015 377.0529197759999 0
v 491.36867542261547 377.3613112031534 0
v 493.2070564432667 377.63124006306293 0
v 495.05096851678667 377.8628267424655 0
v 496.89958297800797 378.05619162809757 0
v 498.75207116176347 378.211455106696 0
v 500.6076044028859 378.3287375649975 0
v 502.46535403620805 378.40815938973867 0
v 504.3244913965626 378.44984096765614 0
v 506.18418781878245 378.45390268548675 0
v 508.04361463770033 378.4204649299672 0
v 509.90194318814906 378.34964808783405 0
v 511.75834480496115 378.24157254582417 0
v 513.6119908229696 378.09635869067404 0
v 515.4620525770071 377.9141269091205 0
v 517.3077014019063 377.6949975879003 0
v 519.1481086325002 377.4390911137499 0
v 520.9824456036214 377.14652787340617 0
v 522.8098836501027 376.81742825360584 0
v 524.629594106777 376.4519126410855 0
v 526.4407483084767 376.0501014225819 0
v 528.242517590035 375.61211498483175 0
v 530.0340732862844 375.13807371457165 0
v 531.8145867320577 374.62809799853835 0
v 533.5832292621877 374.0823082234686 0
v 535.3391722115072 373.5008247760991 0
v 537.0815869148489 372.88376804316636 0
v 538.8096447070454 372.2312584114072 0
v 540.5225169229299 371.5434162675584 0
v 542.2193748973348 370.8203619983566 0
v 543.899389965093 370.06221599053845 0
v 545.5617334610372 369.26909863084063 0
v 547.2055767200002 368.4411303059999 0
v 547.2055767200002 368.4411303059999 0
v 549.6771027974172 367.14647138283095 0
v 552.1097670674611 365.79278821221084 0
v 554.5044244743216 364.38275032746964 0
v 556.8619299621877 362.9190272619374 0
v 559.1831384752492 361.4042885489442 0
v 561.4689049576955 359.8412037218202 0
v 563.7200843537161 358.2324423138954 0
v 565.9375316075002 356.5806738584999 0
v 568.1221016632375 354.88856788896373 0
v 570.2746494651174 353.15879393861707 0
v 572.3960299573293 351.3940215407899 0
v 574.4870980840626 349.59692022881234 0
v 578.5817170178517 345.91640899572644 0
v 582.5653458200002 342.1386165059999 0
v 582.5653458200002 342.1386165059999 0
v 582.6701691800257 342.0442324686946 0
v 582.7547581601272 341.95532238525277 0
v 582.8201108959659 341.87163948557327 0
v 582.8672255232034 341.7929369995545 0
v 582.8971001775014 341.71896815709545 0
v 582.9107329945216 341.6494861880946 0
v 582.9091221099256 341.5842443224507 0
v 582.8932656593752 341.52299579006234 0
v 582.8641617785316 341.4654938208283 0
v 582.8228086030568 341.41149164464736 0
v 582.7702042686121 341.36074249141797 0
v 582.7073469108595 341.31299959103893 0
v 582.5548656680763 341.2255454684266 0
v 582.37334996 341.14715511599985 0
v 581.9551554891407 341.0096690784608 0
v 581.5166441806251 340.88474819193743 0
v 581.3097324254786 340.8220642782802 0
v 581.1216967167969 340.7565991699452 0
v 580.9605221398731 340.686378706122 0
v 580.8341937800001 340.6094287259999 0
v 580.8341937800001 340.6094287259999 0
v 579.3683269509353 339.9991664377565 0
v 577.9196687935744 339.35985011794327 0
v 576.4870770464184 338.69340850956064 0
v 575.0694094479687 338.00177035560927 0
v 572.2742776511915 336.55061938300184 0
v 569.5251353112501 335.0218271441249 0
v 564.1282666339065 331.79303864357803 0
v 558.8056986800001 328.43884440599993 0
v 553.4843267135939 325.08268398342176 0
v 548.0910459987501 321.8479969278749 0
v 545.3445946306838 320.3147807727479 0
v 542.5527517995314 318.8582227913905 0
v 541.1369529315504 318.1635124733766 0
v 539.7063794133009 317.49375292780655 0
v 538.2598889832838 316.85087289768074 0
v 536.7963393800001 316.2368011259999 0
v 536.7963393800001 316.2368011259999 0
v 534.6554297719337 315.42842830730854 0
v 532.4772913154688 314.70569915146865 0
v 531.3756211598219 314.3794525843373 0
v 530.2662756609571 314.07821889758196 0
v 529.1497987751686 313.80319874609023 0
v 528.0267344587501 313.55559278474993 0
v 526.8976266679957 313.3366016684486 0
v 525.7630193591992 313.14742605207414 0
v 524.6234564886548 312.98926659051403 0
v 523.4794820126564 312.8633239386561 0
v 522.3316398874977 312.77079875138804 0
v 521.1804740694727 312.7128916835975 0
v 520.0265285148755 312.69080339017216 0
v 518.8703471800001 312.70573452599984 0
v 518.8703471800001 312.70573452599984 0
v 518.8706395325 312.70583283524985 0
v 518.870931885 312.70593114449986 0
v 518.8712242375 312.70602945374986 0
v 518.87151659 312.7061277629999 0
v 518.8718089425 312.70622607224993 0
v 518.872101295 312.70632438149994 0
v 518.8723936475 312.70642269074995 0
v 518.8726859999999 312.70652099999995 0
v 518.8726859999999 312.70652099999995 0
v 517.3208787223632 312.7775080647619 0
v 515.7774221782812 312.9092582070644 0
v 514.243162279746 313.0993268557448 0
v 512.7189449387499 313.34526943964056 0
v 511.20561606728506 313.6446413875891 0
v 509.7040215773437 313.99499812842765 0
v 508.21500738091794 314.39389509099385 0
v 506.73941938999997 314.8388877041249 0
v 505.27810351658195 315.3275313966584 0
v 503.83190567265615 315.8573815974315 0
v 502.40167177021476 316.4259937352819 0
v 500.98824772124993 317.0309232390468 0
v 499.5924794377539 317.66972553756364 0
v 498.21521283171876 318.3399560596699 0
v 496.8572938151367 319.0391702342028 0
v 495.5195683 319.76492348999994 0
v 495.5195683 319.76492348999994 0
v 495.5025453843221 319.8577820839959 0
v 495.4952890399988 319.94930613656976 0
v 495.4972870733142 320.0395474794123 0
v 495.5080272905528 320.1285579442148 0
v 495.5269974979985 320.21638936266805 0
v 495.55368550193583 320.30309356646336 0
v 495.58757910864887 320.3887223872915 0
v 495.62816612442185 320.47332765684365 0
v 495.7273716082849 320.6396748688842 0
v 495.84720440379886 320.8025498561132 0
v 495.98356696123767 320.962367272059 0
v 496.132361730875 321.11954177024995 0
v 496.4508577078418 321.4276206274804 0
v 496.76991193689065 321.7301036560312 0
v 496.9194045216306 321.8802833683725 0
v 497.05674402021293 322.0303080841289 0
v 497.1778328829114 322.18059245682855 0
v 497.27857356 322.33155113999993 0
v 497.27857356 322.33155113999993 0
v 497.6878427249765 322.8266282124023 0
v 498.14472564731255 323.3057406660937 0
v 498.62524427261724 323.77802109955076 0
v 499.1054205465 324.25260211125 0
v 499.56127641457033 324.7386162996679 0
v 499.9688338224375 325.2451962632812 0
v 500.14700746179784 325.50905234781 0
v 500.30411471571097 325.7814746005663 0
v 500.4371583273779 326.06360459635977 0
v 500.54314104 326.3565839099999 0
v 500.54314104 326.3565839099999 0
v 499.1498425952734 327.25765278046873 0
v 497.7526995490625 328.173004850625 0
v 496.3745677208203 329.1196740885937 0
v 495.03830293000004 330.1146944624999 0
v 494.39301311720214 330.6356594404687 0
v 493.7667609960547 331.1750999404687 0
v 493.1624035439893 331.73514520851563 0
v 492.58279773843753 332.31792449062493 0
v 492.0308005568311 332.9255670328124 0
v 491.5092689766016 333.5602020810937 0
v 491.0210599751808 334.22395888148435 0
v 490.5690305300001 334.9189666799999 0
v 490.5690305300001 334.9189666799999 0
v 489.94661807896495 335.95982098464833 0
v 489.32962370046886 337.0159817559374 0
v 488.7346080839259 338.0887842036327 0
v 488.17813191875007 339.17956353749986 0
v 487.91952134586677 339.73211178979966 0
v 487.67675589435555 340.2896549673046 0
v 487.4519056503932 340.8523599712353 0
v 487.2470407001563 341.4203937028124 0
v 487.06423112982185 341.9939230632567 0
v 486.9055470255665 342.57311495378895 0
v 486.77305847356695 343.15813627562983 0
v 486.66883556000005 343.7491539299999 0
v 486.66883556000005 343.7491539299999 0
v 486.6366330515161 344.0278160261359 0
v 486.6320695338477 344.26698591111904 0
v 486.63959963193645 344.37229129196356 0
v 486.65337616016956 344.4683596410621 0
v 486.6731780126938 344.5554029654289 0
v 486.6987840836564 344.633633272078 0
v 486.7299732672037 344.70326256802343 0
v 486.766524457483 344.7645028602794 0
v 486.80821654864087 344.81756615585994 0
v 486.8548284348243 344.86266446177916 0
v 486.9061390101801 344.90000978505117 0
v 486.961927168855 344.9298141326901 0
v 487.02197180499616 344.9522895117099 0
v 487.08605181275004 344.96764792912484 0
v 487.1539460862638 344.97610139194904 0
v 487.22543351968415 344.9778619071964 0
v 487.30029300715796 344.9731414818812 0
v 487.37830344283213 344.9621521230175 0
v 487.5428927353687 344.92221463270084 0
v 487.7174325504688 344.85974549235925 0
v 487.90015404130713 344.7764407581056 0
v 488.0892883610586 344.6739964860526 0
v 488.28306666289797 344.5541087323131 0
v 488.4797201 344.4184735529999 0
v 488.4797201 344.4184735529999 0
v 490.18968322812503 343.626651624328 0
v 491.918921688125 342.8672906537812 0
v 493.66650858968757 342.1419999826874 0
v 495.4315170425 341.4523889523749 0
v 497.21302015625 340.8000669041718 0
v 499.0100910406251 340.1866431794062 0
v 500.8218028053126 339.6137271194062 0
v 502.64722856000003 339.0829280654999 0
v 504.48544141437503 338.5958553590155 0
v 506.33551447812505 338.15411834128116 0
v 508.19652086093754 337.7593263536249 0
v 510.0675336725 337.4130887373749 0
v 511.9476260225 337.1170148338593 0
v 513.8358710206251 336.8727139844061 0
v 515.7313417765625 336.68179553034366 0
v 517.6331114000001 336.5458688129999 0
v 517.6331114000001 336.5458688129999 0
v 520.086122459297 336.4886835511406 0
v 522.5517362368751 336.47636228268743 0
v 525.0209878097656 336.5287048687031 0
v 527.484912255 336.66551117024994 0
v 528.7120752663184 336.7717756709296 0
v 529.9345446496094 336.90658104839054 0
v 531.151199789502 337.0724022852656 0
v 532.3609200706251 337.27171436418746 0
v 533.5625848776075 337.506992267789 0
v 534.7550735950782 337.78071097870304 0
v 535.9372656076661 338.0953454795624 0
v 537.1080403000001 338.4533707529999 0
v 537.1080403000001 338.4533707529999 0
v 537.1396255064657 338.56442392079293 0
v 537.1581862027174 338.6660198469264 0
v 537.1643703827247 338.7585159677192 0
v 537.1588260404571 338.8422697194901 0
v 537.1422011698843 338.91763853855815 0
v 537.1151437649761 338.9849798612423 0
v 537.0783018197019 339.0446511238614 0
v 537.0323233280312 339.09700976273433 0
v 536.9778562839339 339.1424132141799 0
v 536.9155486813795 339.1812189145173 0
v 536.8460485143373 339.21378430006513 0
v 536.7700037767775 339.24046680714247 0
v 536.600872565982 339.2776129311613 0
v 536.41333900075 339.29551677712493 0
v 536.2125870328384 339.2970378355846 0
v 536.0038006140039 339.2850355970917 0
v 535.7921636960034 339.2623695521974 0
v 535.5828602305938 339.231899191453 0
v 535.1919894645742 339.15898348461906 0
v 534.87265993 339.0891644009999 0
v 534.87265993 339.0891644009999 0
v 533.0061193797682 338.7096981425514 0
v 531.1281806637696 338.39002779122455 0
v 529.2407111109254 338.12970175367207 0
v 527.3455780501564 337.9282684365468 0
v 525.4446488103833 337.78527624650167 0
v 523.5397907205274 337.7002735901894 0
v 521.6328711095094 337.67280887426296 0
v 519.7257573062501 337.70243050537493 0
v 517.8203166396705 337.78868689017844 0
v 515.9184164386915 337.9311264353261 0
v 514.021924032234 338.12929754747086 0
v 512.1327067492189 338.3827486332656 0
v 510.252631918567 338.69102809936294 0
v 508.3835668691993 339.0536843524159 0
v 506.52737893003666 339.4702657990773 0
v 504.6859354300001 339.9403208459999 0
v 504.6859354300001 339.9403208459999 0
v 502.4069766807422 340.5521306999647 0
v 500.14752498593754 341.23153879771866 0
v 497.9092273200391 341.9749447993007 0
v 495.69373065750005 342.7787483647499 0
v 493.5026819727735 343.6393491541054 0
v 491.3377282403126 344.5531468274062 0
v 489.20051643457043 345.51654104469134 0
v 487.0926935300001 346.5259314659999 0
v 487.0926935300001 346.5259314659999 0
v 487.2162715131329 348.4765831318593 0
v 487.36877993556254 350.42572707412495 0
v 487.543405156836 352.37368941482805 0
v 487.7333335365 354.3207962759999 0
v 487.9317514341016 356.2673737796718 0
v 488.13184520918753 358.2137480478749 0
v 488.3268012213048 360.16024520264057 0
v 488.5098058300001 362.10719136599994 0
v 488.5098058300001 362.10719136599994 0
v 487.1880494472657 363.340781427914 0
v 485.9126126637501 364.63362880818744 0
v 485.2996160188185 365.30311219131727 0
v 484.7070215502344 365.98841574236707 0
v 484.1377700168458 366.68987474078017 0
v 483.59480217750007 367.4078244659999 0
v 483.08105879104494 368.1426001974696 0
v 482.5994806163282 368.8945372146327 0
v 482.1530084121973 369.6639707969325 0
v 481.7445829375 370.45123622381243 0
v 481.3771449510841 371.2566687747157 0
v 481.053635211797 372.08060372908585 0
v 480.7769944784865 372.92337636636614 0
v 480.5501635100001 373.7853219659999 0
v 480.5501635100001 373.7853219659999 0
v 481.6996893872657 374.1307889023242 0
v 482.8331441825001 374.51641918471864 0
v 483.9548185008596 374.9311286815663 0
v 485.06900294750017 375.36383326124985 0
v 486.1799881275782 375.8034487921522 0
v 487.29206464625014 376.23889114265614 0
v 488.40952310867203 376.6590761811444 0
v 489.53665412000015 377.0529197759999 0
v 489.53665412000015 377.0529197759999 0
v 491.36867542261547 377.3613112031534 0
v 493.2070564432667 377.63124006306293 0
v 495.05096851678667 377.8628267424655 0
v 496.89958297800797 378.05619162809757 0
v 498.75207116176347 378.211455106696 0
v 500.6076044028859 378.3287375649975 0
v 502.46535403620805 378.40815938973867 0
v 504.3244913965626 378.44984096765614 0
v 506.18418781878245 378.45390268548675 0
v 508.04361463770033 378.4204649299672 0
v 509.90194318814906 378.34964808783405 0
v 511.75834480496115 378.24157254582417 0
v 513.6119908229696 378.09635869067404 0
v 515.4620525770071 377.9141269091205 0
v 517.3077014019063 377.6949975879003 0
v 519.1481086325002 377.4390911137499 0
v 520.9824456036214 377.14652787340617 0
v 522.8098836501027 376.81742825360584 0
v 524.629594106777 376.4519126410855 0
v 526.4407483084767 376.0501014225819 0
v 528.242517590035 375.61211498483175 0
v 530.0340732862844 375.13807371457165 0
v 531.8145867320577 374.62809799853835 0
v 533.5832292621877 374.0823082234686 0
v 535.3391722115072 373.5008247760991 0
v 537.0815869148489 372.88376804316636 0
v 538.8096447070454 372.2312584114072 0
v 540.5225169229299 371.5434162675584 0
v 542.2193748973348 370.8203619983566 0
v 543.899389965093 370.06221599053845 0
v 545.5617334610372 369.26909863084063 0
v 547.2055767200002 368.4411303059999 0
v 547.2055767200002 368.4411303059999 0
v 549.6771027974172 367.14647138283095 0
v 552.1097670674611 365.79278821221084 0
v 554.5044244743216 364.38275032746964 0
v 556.8619299621877 362.9190272619374 0
v 559.1831384752492 361.4042885489442 0
v 561.4689049576955 359.8412037218202 0
v 563.7200843537161 358.2324423138954 0
v 565.9375316075002 356.5806738584999 0
v 568.1221016632375 354.88856788896373 0
v 570.2746494651174 353.15879393861707 0
v 572.3960299573293 351.3940215407899 0
v 574.4870980840626 349.59692022881234 0
v 578.5817170178517 345.91640899572644 0
v 582.5653458200002 342.1386165059999 0
v 582.5653458200002 342.1386165059999 0
v 582.6701691800257 342.0442324686946 0
v 582.7547581601272 341.95532238525277 0
v 582.8201108959659 341.87163948557327 0
v 582.8672255232034 341.7929369995545 0
v 582.8971001775014 341.71896815709545 0
v 582.9107329945216 341.6494861880946 0
v 582.9091221099256 341.5842443224507 0
v 582.8932656593752 341.52299579006234 0
v 582.8641617785316 341.4654938208283 0
v 582.8228086030568 341.41149164464736 0
v 582.7702042686121 341.36074249141797 0
v 582.7073469108595 341.31299959103893 0
v 582.5548656680763 341.2255454684266 0
v 582.37334996 341.14715511599985 0
v 581.9551554891407 341.0096690784608 0
v 581.5166441806251 340.88474819193743 0
v 581.3097324254786 340.8220642782802 0
v 581.1216967167969 340.7565991699452 0
v 580.9605221398731 340.686378706122 0
v 580.8341937800001 340.6094287259999 0
v 580.8341937800001 340.6094287259999 0
v 579.3683269509353 339.9991664377565 0
v 577.9196687935744 339.35985011794327 0
v 576.4870770464184 338.69340850956064 0
v 575.0694094479687 338.00177035560927 0
v 572.2742776511915 336.55061938300184 0
v 569.5251353112501 335.0218271441249 0
v 564.1282666339065 331.79303864357803 0
v 558.8056986800001 328.43884440599993 0
v 553.4843267135939 325.08268398342176 0
v 548.0910459987501 321.8479969278749 0
v 545.3445946306838 320.3147807727479 0
v 542.5527517995314 318.8582227913905 0
v 541.1369529315504 318.1635124733766 0
v 539.7063794133009 317.49375292780655 0
v 538.2598889832838 316.85087289768074 0
v 536.7963393800001 316.2368011259999 0
v 536.7963393800001 316.2368011259999 0
v 534.6554297719337 315.42842830730854 0
v 532.4772913154688 314.70569915146865 0
v 531.3756211598219 314.3794525843373 0
v 530.2662756609571 314.07821889758196 0
v 529.1497987751686 313.80319874609023 0
v 528.0267344587501 313.55559278474993 0
v 526.8976266679957 313.3366016684486 0
v 525.7630193591992 313.14742605207414 0
v 524.6234564886548 312.98926659051403 0
v 523.4794820126564 312.8633239386561 0
v 522.3316398874977 312.77079875138804 0
v 521.1804740694727 312.7128916835975 0
v 520.0265285148755 312.69080339017216 0
v 518.8703471800001 312.70573452599984 0
v 518.8703471800001 312.70573452599984 0
v 518.8706395325 312.70583283524985 0
v 518.870931885 312.70593114449986 0
v 518.8712242375 312.70602945374986 0
v 518.87151659 312.7061277629999 0
v 518.8718089425 312.70622607224993 0
v 518.872101295 312.70632438149994 0
v 518.8723936475 312.70642269074995 0
v 518.8726859999999 312.70652099999995 0
v 281.88643399999995 398.885922 0
v 279.97088690163565 400.0608237585571 0
v 278.0813902174609 401.27375816970704 0
v 276.2187889251025 402.5241147885425 0
v 274.3839280021875 403.81128317015623 0
v 272.5776524263427 405.13465286964106 0
v 270.80080717519525 406.4936134420899 0
v 269.054237226372 407.8875544425951 0
v 267.3387875574999 409.31586542624996 0
v 265.65530314620605 410.777935948147 0
v 264.00462897011715 412.27315556337885 0
v 262.3876100068603 413.8009138270385 0
v 260.80509123406244 415.3606002942187 0
v 259.2579176293506 416.95160452001215 0
v 257.74693417035155 418.57331605951174 0
v 256.27298583469235 420.2251244678101 0
v 254.8369176 421.9064193 0
v 254.8369176 421.9064193 0
v 253.02778133521727 424.2147579566162 0
v 251.30439223517575 426.5785447435547 0
v 249.66699930821042 428.9948566739502 0
v 248.11585156265622 431.4607707609375 0
v 246.65119800684815 433.9733640176514 0
v 245.27328764912107 436.52971345722653 0
v 243.98236949781003 439.1268960927979 0
v 242.77869256124998 441.76198893749995 0
v 241.66250584777586 444.43206900446773 0
v 240.63405836572267 447.13421330683593 0
v 239.6935991234253 449.8654988577393 0
v 238.8413771292187 452.62300267031253 0
v 238.07764139143796 455.4038017576904 0
v 237.40264091841794 458.20497313300785 0
v 236.8166247184936 461.0235938093995 0
v 236.31984179999998 463.8567408 0
v 236.31984179999998 463.8567408 0
v 236.03151856839108 465.68880737614757 0
v 235.77640065275386 467.5245490285547 0
v 235.55361769187252 469.3635855769189 0
v 235.36229932453122 471.20553684093744 0
v 235.07057492560546 474.89666279472664 0
v 234.89426456625 478.59488544749996 0
v 234.8264053567383 482.29716335683594 0
v 234.86003440734376 486.0004550803125 0
v 234.98818882833984 489.70171917550783 0
v 235.20390572999997 493.3979142 0
v 235.20390572999997 493.3979142 0
v 235.62506770266754 493.53428707040035 0
v 236.04791252552 493.6526576501953 0
v 236.47228857833218 493.75365218821287 0
v 236.89804424087887 493.8378969332813 0
v 237.32502789293483 493.9060181342286 0
v 237.7530879142749 493.9586420398828 0
v 238.1820726846737 493.99639489907224 0
v 238.61183058390625 494.01990296062496 0
v 239.47305928797115 494.02668968613284 0
v 240.33556106466796 493.9840122070312 0
v 241.19812295219478 493.8968805139453 0
v 242.05953198875 493.7703045975 0
v 242.91857521253172 493.60929444832027 0
v 243.77403966173824 493.4188600570312 0
v 244.62471237456788 493.2040114142578 0
v 245.46938038921877 492.969758510625 0
v 247.1358504767773 492.46307988328124 0
v 248.76374622999998 491.9389041 0
v 248.76374622999998 491.9389041 0
v 250.48759389573482 491.29411705111085 0
v 252.1923523240039 490.610721909668 0
v 253.87913449952876 489.8913555672583 0
v 255.5490534070312 489.13865491546875 0
v 258.8427533568555 487.54379825009767 0
v 262.08235605125 485.84724704625 0
v 265.2767653679882 484.0700964366211 0
v 268.4348851848437 482.23344155390623 0
v 271.5656193795898 480.3583775308008 0
v 274.67787182999996 478.46599949999995 0
v 274.67787182999996 478.46599949999995 0
v 275.0635859173457 478.2363782184785 0
v 275.4579199600156 478.01038764407815 0
v 275.6490583089172 477.89485248216425 0
v 275.831238259834 477.77554332916986 0
v 276.0007553504938 477.6508996291413 0
v 276.15390511862495 477.519360826125 0
v 276.28698310195523 477.37936636416714 0
v 276.39628483821286 477.2293556873144 0
v 276.44086196922933 477.15010659456686 0
v 276.4781058651257 477.06776823961303 0
v 276.50755346811786 476.9821455529586 0
v 276.5287417204218 476.8930434651094 0
v 276.5412075642536 476.8002669065712 0
v 276.5444879418293 476.70362080784986 0
v 276.53811979536476 476.60291009945115 0
v 276.5216400670761 476.49793971188086 0
v 276.4945856991793 476.3885145756448 0
v 276.4564936338903 476.2744396212488 0
v 276.4069008134252 476.1555197791986 0
v 276.3453441799999 476.03155998 0
v 276.3453441799999 476.03155998 0
v 275.9172931941015 473.0288049656836 0
v 275.5625537503124 470.0178839029687 0
v 275.28311666949213 467.000310423457 0
v 275.08097277249993 463.97759815874997 0
v 274.95811288019524 460.95126074044924 0
v 274.9165278134374 457.92281180015624 0
v 274.9582083930859 454.8937649694726 0
v 275.0851454399999 451.86563388 0
v 275.0851454399999 451.86563388 0
v 275.2761156135412 449.1701850736523 0
v 275.568861566955 446.47831061203124 0
v 275.96414198923895 443.79502639376955 0
v 276.4627155693905 441.1253483175 0
v 276.7509743839785 439.79717905093503 0
v 277.0653409964074 438.47429228185547 0
v 277.40591024280207 437.15731499759033 0
v 277.772776959287 435.8468741854687 0
v 278.16603598198714 434.5435968328198 0
v 278.585782147027 433.2481099269727 0
v 279.03211029053136 431.9610404552563 0
v 279.5051152486249 430.683015405 0
v 280.0048918574323 429.41466176353265 0
v 280.5315349530783 428.1566065181836 0
v 281.0851393716875 426.90947665628175 0
v 281.6657999493847 425.67389916515623 0
v 282.2736115222945 424.4505010321362 0
v 282.9086689265417 423.2399092445508 0
v 283.5710669982509 422.04275078972904 0
v 284.2609005735468 420.859652655 0
v 284.97826448855415 419.69124182769286 0
v 285.7232535793976 418.53814529513676 0
v 286.49596268220193 417.4009900446606 0
v 287.2964866330917 416.2804030635938 0
v 288.1249202681917 415.17701133926516 0
v 288.98135842362666 414.0914418590039 0
v 289.8658959355211 413.0243216101392 0
v 290.7786276399999 411.97627758000004 0
v 290.7786276399999 411.97627758000004 0
v 290.8677158352734 411.8438668904224 0
v 290.9918320127812 411.693128467629 0
v 291.1421248683671 411.52869356940386 0
v 291.3097430978749 411.3551934535313 0
v 291.6615504620312 410.9995225999805 0
v 291.97644367199985 410.66316596925003 0
v 292.0979192087733 410.51380863190286 0
v 292.18361229453114 410.38317362361335 0
v 292.2102743857304 410.3263242609227 0
v 292.2246716251171 410.27589220216555 0
v 292.22692517131213 410.25326357026927 0
v 292.2256975996718 410.23245635456493 0
v 292.22085060856847 410.21354291845546 0
v 292.2122458963749 410.1965956253438 0
v 292.1997451614635 410.1816868386327 0
v 292.1832101022069 410.16888892172517 0
v 292.16250241697765 410.158274238024 0
v 292.1374838041483 410.1499151509322 0
v 292.0739605891796 410.1402532201877 0
v 291.99153404428114 410.14048203671484 0
v 291.7655453126171 410.1729275404761 0
v 291.4506663049999 410.25188292 0
v 291.4506663049999 410.25188292 0
v 290.906928136672 410.3191449519883 0
v 290.370633141267 410.4064998416089 0
v 289.8418604478408 410.5133872327835 0
v 289.3206891854491 410.63924676943367 0
v 288.80719848314783 410.78351809548064 0
v 288.3014674699926 410.9456408548462 0
v 287.8035752750393 411.12505469145174 0
v 287.3136010273437 411.3211992492188 0
v 286.8316238559615 411.5335141720688 0
v 286.3577228899486 411.76143910392335 0
v 285.89197725836084 412.0044136887039 0
v 285.43446609025386 412.26187757033205 0
v 284.5444636607055 412.8180317998169 0
v 283.6883486337499 413.42541894375006 0
v 282.8667540418334 414.0795561535034 0
v 282.08031291740224 414.77596058044924 0
v 281.32965829290276 415.51014937595954 0
v 280.61542320078115 416.27763969140625 0
v 279.93824067348385 417.0739486781616 0
v 279.29874374345695 417.89459348759766 0
v 278.6975654431469 418.73509127108645 0
v 278.13533880499995 419.59095918 0
v 278.13533880499995 419.59095918 0
v 277.19150948898425 421.026172415332 0
v 276.28039541437494 422.4833291732812 0
v 275.387071653828 423.95231848927733 0
v 274.49661327999996 425.42302939875 0
v 273.5940953655468 426.8853509371289 0
v 272.664592983125 428.32917213984376 0
v 271.6931812053906 429.7443820423243 0
v 270.664935105 431.12086968000006 0
v 270.664935105 431.12086968000006 0
v 270.47639799776533 431.05246323305056 0
v 270.3124156507168 430.97656692396686 0
v 270.1726538258372 430.8936529945833 0
v 270.0567782851093 430.80419368673444 0
v 269.9644547905163 430.70866124225466 0
v 269.895349104041 430.6075279029786 0
v 269.8693984894671 430.5550084733652 0
v 269.84912698766624 430.5012659107406 0
v 269.83449281888625 430.44635924533407 0
v 269.82545420337493 430.39034750737505 0
v 269.8239965131501 430.27524493471657 0
v 269.8444196789746 430.15643043459966 0
v 269.88638946283123 430.03437624885873 0
v 269.94957162670306 429.9095546193281 0
v 270.0336319325729 429.7824377878426 0
v 270.1382361424238 429.65349799623635 0
v 270.26305001823846 429.523207486344 0
v 270.40773932199994 429.3920385 0
v 270.40773932199994 429.3920385 0
v 271.758299277996 427.4071554430078 0
v 273.0322823968437 425.3690695940625 0
v 274.2711059748319 423.30647732871097 0
v 275.5161873082499 421.2480750225 0
v 276.1540175383354 420.22941272143066 0
v 276.8089436933866 419.2225590509766 0
v 277.48614293543983 418.2311010580811 0
v 278.1907924265311 417.2586257896875 0
v 278.92806932869667 416.30872029273934 0
v 279.70315080397256 415.3849716141798 0
v 280.5212140143949 414.4909668009522 0
v 281.3874361219999 413.63029290000003 0
v 281.3874361219999 413.63029290000003 0
v 281.99483828104525 413.07628753604007 0
v 282.630620071082 412.5586633887891 0
v 283.2928602814603 412.0769049845655 0
v 283.97963770153115 411.63049684968746 0
v 284.6890311206449 411.21892351047364 0
v 285.41911932815225 410.84166949324214 0
v 286.16798111340375 410.49821932431155 0
v 286.9336952657499 410.18805753000004 0
v 287.71434057454144 409.910668636626 0
v 288.5079958291288 409.66553717050783 0
v 289.31273981886267 409.4521476579639 0
v 290.12665133309366 409.26998462531253 0
v 290.94780916117224 409.1185325988721 0
v 291.7742920924491 408.997276104961 0
v 292.60417891627486 408.90569966989756 0
v 293.43554842199995 408.84328782000006 0
v 293.43554842199995 408.84328782000006 0
v 293.975357380125 408.4731423276153 0
v 294.49419669074996 408.06139418029693 0
v 294.99738849824996 407.61859945192384 0
v 295.4902549469999 407.155314216375 0
v 295.97811818137495 406.68209454752935 0
v 296.46630034574997 406.2094965192657 0
v 296.96012358449997 405.7480762054629 0
v 297.464910042 405.30838968 0
v 297.464910042 405.30838968 0
v 297.8057565752285 405.0100141741876 0
v 298.1598590103281 404.709914475375 0
v 298.32693520158614 404.56116001576174 0
v 298.4793901809199 404.4143048625001 0
v 298.61124555253195 404.2701258004571 0
v 298.716522920625 404.1293996145 0
v 298.75732660466514 404.06057409532474 0
v 298.7892438894016 403.99290308949617 0
v 298.8115274753595 403.9264836951226 0
v 298.8234300630644 403.86141301031256 0
v 298.8242043530415 403.7977881331744 0
v 298.8131030458161 403.73570616181644 0
v 298.7893788419136 403.67526419434716 0
v 298.75228444185933 403.61655932887504 0
v 298.7010725461786 403.5596886635083 0
v 298.6349958553967 403.5047492963555 0
v 298.55330707003895 403.45183832552493 0
v 298.45525889063083 403.401052849125 0
v 298.20709515176435 403.30624677205077 0
v 297.8845262429999 403.22110785 0
v 297.8845262429999 403.22110785 0
v 296.1916954281757 402.3899886104297 0
v 294.4744851556561 401.60607907968745 0
v 292.735286154621 400.86677264472655 0
v 290.9764891542499 400.1694626924999 0
v 289.20048488372254 399.5115426099609 0
v 287.4096640722187 398.89040578406247 0
v 285.6064174489179 398.30344560175774 0
v 283.79313574299994 397.74805545 0
v 283.79313574299994 397.74805545 0
v 283.5546222814061 397.8903315427265 0
v 283.3161068264999 398.03260716281255 0
v 283.0775913715937 398.17488183761725 0
v 282.83907790999996 398.31715509450004 0
v 282.6005684350312 398.45942646082034 0
v 282.3620649399999 398.6016954639375 0
v 282.12356941821866 398.74396163121094 0
v 281.8850838629999 398.88622449 0
v 281.8850838629999 398.88622449 0
v 281.8852526301249 398.88618667875 0
v 281.88542139724996 398.8861488675 0
v 281.88559016437495 398.88611105625 0
v 281.88575893149994 398.88607324500003 0
v 281.8859276986249 398.88603543375 0
v 281.8860964657499 398.8859976225 0
v 281.88626523287496 398.88595981125 0
v 281.88643399999995 398.885922 0
v 299.618942 405.127299 0
v 297.9401839454711 406.56978772540276 0
v 296.31086860595695 408.0634762804101 0
v 294.7330726081908 409.6067563575952 0
v 293.2088725789062 411.1980196495312 0
v 291.7403451448364 412.8356578487914 0
v 290.3295669327148 414.51806264794925 0
v 288.97861456927484 416.2436257395776 0
v 287.68956468125 418.01073881624995 0
v 286.4644938953735 419.8177935705395 0
v 285.30547883837886 421.6631816950195 0
v 284.2145961369995 423.54529488226314 0
v 283.1939224179687 425.4625248248437 0
v 282.24553430802 427.4132632153344 0
v 281.3715084338867 429.39590174630854 0
v 280.5739214223022 431.4088321103393 0
v 279.8548499 433.45044599999994 0
v 279.8548499 433.45044599999994 0
v 279.09702446355465 435.85351980805655 0
v 278.43497021781246 438.27632340820304 0
v 277.8650817587891 440.7167505956543 0
v 277.38375368249996 443.17269516562493 0
v 276.9873805849609 445.64205091332997 0
v 276.67235706218753 448.12271163398424 0
v 276.4350777101953 450.6125711228026 0
v 276.27193712499997 453.10952317499994 0
v 276.17932990261716 455.61146158579095 0
v 276.15365063906245 458.11628015039054 0
v 276.19129393035155 460.6218726640136 0
v 276.2886543725 463.12613292187496 0
v 276.4421265615234 465.62695471918937 0
v 276.6481050934375 468.1222318511718 0
v 276.9029845642578 470.60985811303703 0
v 277.20315956999997 473.0877272999999 0
v 277.20315956999997 473.0877272999999 0
v 277.29658066602923 473.9306495575781 0
v 277.4250692367968 474.77226260062497 0
v 277.5984624040722 475.6055099046093 0
v 277.826597289625 476.4233349449999 0
v 277.9642669773083 476.8242589524316 0
v 278.1193110152246 477.2186811972656 0
v 278.2929590435949 477.60571961393543 0
v 278.48644070264055 477.9844921368749 0
v 278.70098563258273 478.35411670051747 0
v 278.93782347364254 478.7137112392968 0
v 279.1981838660412 479.06239368764636 0
v 279.48329644999995 479.3992819799999 0
v 279.48329644999995 479.3992819799999 0
v 280.2695681688232 480.5587496835644 0
v 280.98991387980465 481.7476434016405 0
v 281.6483902853368 482.9635237178026 0
v 282.24905408781245 484.2039512156249 0
v 282.7959619896239 485.46648647868153 0
v 283.293170693164 486.7486900905468 0
v 283.74473690082505 488.0481226347948 0
v 284.1547173149999 489.3623446949999 0
v 284.527168638081 490.6889168547362 0
v 284.8661475724609 492.025399697578 0
v 285.1757108205321 493.3693538070995 0
v 285.4599150846874 494.7183397668749 0
v 285.9684734708202 497.42164957148424 0
v 286.4242763499999 500.1158137799999 0
v 286.4242763499999 500.1158137799999 0
v 286.71013326747254 501.9617324189647 0
v 286.9863183835312 503.81321994609357 0
v 287.25583337763663 505.6678198117382 0
v 287.5216799292499 507.52307546624985 0
v 287.786859717832 509.37653035998034 0
v 288.0543744228437 511.2257279432812 0
v 288.32722572374604 513.0682116665039 0
v 288.60841529999993 514.90152498 0
v 288.60841529999993 514.90152498 0
v 293.1225393076171 512.7955547427538 0
v 297.61753997343743 510.64755611953115 0
v 302.08725048691394 508.4500602068554 0
v 306.5255040374999 506.19559810124986 0
v 310.9261338146484 503.87670089923813 0
v 315.2829730078124 501.4858996973436 0
v 319.58985480644526 499.0157255920897 0
v 323.84061239999994 496.45870967999986 0
v 323.84061239999994 496.45870967999986 0
v 326.6567211115625 494.65018164087877 0
v 329.43290377374996 492.7691493482811 0
v 330.79803712812503 491.79678822752174 0
v 332.1436061203125 490.8007139881053 0
v 333.4664164670312 489.77906427826895 0
v 334.76327388499993 488.72997674624986 0
v 336.03098409093747 487.6515890402855 0
v 337.26635280156245 486.54203880861314 0
v 338.4661857335937 485.39946369947006 0
v 339.62728860375 484.2220013610936 0
v 340.74646712874994 483.00778944172106 0
v 341.82052702531246 481.7549655895897 0
v 342.8462740101562 480.46166745293687 0
v 343.82051379999996 479.12603267999987 0
v 343.82051379999996 479.12603267999987 0
v 344.7912040401367 477.7464189184569 0
v 345.7725996142187 476.37381323578114 0
v 346.76249915775384 475.0068012549022 0
v 347.75870130625 473.64396859874984 0
v 348.7590046952148 472.2839008902538 0
v 349.7612079601562 470.9251837523436 0
v 350.76310973658195 469.5664028079491 0
v 351.7625086599999 468.2061436799999 0
v 351.7625086599999 468.2061436799999 0
v 352.12759556611655 467.6781206943437 0
v 352.4744193109643 467.140997567329 0
v 352.8030576999147 466.595213227011 0
v 353.1135885383398 466.0412066014452 0
v 353.40608963161094 465.479416618687 0
v 353.6806387851001 464.91028220679186 0
v 353.9373138041787 464.33424229381524 0
v 354.1761924942187 463.7517358078124 0
v 354.39735266059165 463.1632016768389 0
v 354.60087210866936 462.56907882895007 0
v 354.78682864382347 461.9698061922015 0
v 354.9553000714257 461.3658226946483 0
v 355.24009882546136 460.1454788293505 0
v 355.45589081374993 458.9115586574999 0
v 355.60329847926505 457.66757360354 0
v 355.6829442649804 456.417035091914 0
v 355.6954506138696 455.1634545470653 0
v 355.6414399689062 453.9103433934374 0
v 355.5215347730639 452.6612130554736 0
v 355.33635746931634 451.4195749576171 0
v 355.0865305006372 450.1889405243114 0
v 354.77267630999995 448.9728211799999 0
v 354.77267630999995 448.9728211799999 0
v 354.76120778782894 448.84597455679034 0
v 354.7400946309131 448.7258446184252 0
v 354.7098107570855 448.61209684242453 0
v 354.67083008417967 448.50439670630857 0
v 354.6236265300286 448.40240968759724 0
v 354.56867401246575 448.30580126381096 0
v 354.50644644932424 448.2142369124697 0
v 354.43741775843745 448.12738211109365 0
v 354.2808526647607 447.9664630683178 0
v 354.10277007410156 447.8203679556445 0
v 353.906961329126 447.68642059323474 0
v 353.6972177725 447.5619448012499 0
v 353.25109159496094 447.33070320919916 0
v 352.7947222828125 447.10523374078116 0
v 352.57217480792474 446.9879731033373 0
v 352.3584405773828 446.86412695728507 0
v 352.1573109338525 446.73101912278554 0
v 351.97257721999995 446.5859734199999 0
v 351.97257721999995 446.5859734199999 0
v 351.3706272637793 446.1545587750487 0
v 350.8066978747655 445.69029501585925 0
v 350.27733127868163 445.1963364278027 0
v 349.77906970124997 444.67583729624994 0
v 349.3084553681933 444.1319519065722 0
v 348.8620305052344 443.56783454414057 0
v 348.43633733809565 442.986639494326 0
v 348.02791809249993 442.3915210424999 0
v 347.2490702688281 441.1721310742968 0
v 346.49782483999996 439.9348989224999 0
v 345.7465196117968 438.705058870078 0
v 344.96749238999996 437.5078451999999 0
v 344.96749238999996 437.5078451999999 0
v 344.427816319375 436.6818509602733 0
v 343.827324284375 435.8434097296874 0
v 343.5024564971289 435.4332258554442 0
v 343.16020577906244 435.0363754686327 0
v 342.79984581693355 434.65834031430165 0
v 342.42065029749995 434.30460213749984 0
v 342.02189290751954 433.98064268327624 0
v 341.60284733374993 433.6919436966796 0
v 341.3854895050561 433.5625299240691 0
v 341.16278726294917 433.44398692275865 0
v 340.9346498182739 433.3369999108794 0
v 340.70098638187494 433.2422541065623 0
v 340.4617061645971 433.16043472793876 0
v 340.21671837728513 433.0922269931395 0
v 339.96593223078366 433.0383161202959 0
v 339.7092569359375 432.9993873275389 0
v 339.4466017035913 432.9761258329998 0
v 339.1778757445898 432.9692168548095 0
v 338.90298826977784 432.9793456110991 0
v 338.62184849 433.0071973199999 0
v 338.62184849 433.0071973199999 0
v 338.4021794213022 433.0169885721119 0
v 338.1902331343237 433.0392936309594 0
v 337.9856819199246 433.0735483371834 0
v 337.7881980689649 433.11918853142566 0
v 337.59745387230436 433.17565005432755 0
v 337.4131216208032 433.24236874653064 0
v 337.23487360532135 433.3187804486763 0
v 337.06238211671877 433.4043210014061 0
v 336.7333578835913 433.60053202118394 0
v 336.42342724830075 433.82648853099596 0
v 336.12996853772705 434.07767725597387 0
v 335.85036007875004 434.34958492124986 0
v 335.32220722310547 434.93750397322253 0
v 334.81799529640625 435.5541394879686 0
v 334.3167509136914 436.16338526654283 0
v 333.79750069 436.7291351099999 0
v 333.79750069 436.7291351099999 0
v 332.97366650248046 437.5810785016405 0
v 332.0949277679687 438.4381594968749 0
v 331.63408505248776 438.8551016889549 0
v 331.15845522853516 439.25709839367187 0
v 330.6676846388696 439.6387396482714 0
v 330.16141962625 439.9946154899999 0
v 329.63930653343505 440.3193159561034 0
v 329.1009917031836 440.60743108382803 0
v 328.82564811863125 440.73607853243766 0
v 328.54612147825435 440.8535509104198 0
v 328.2623675748978 440.95917197243034 0
v 327.9743422014062 441.0522654731249 0
v 327.68200115062467 441.13215516715934 0
v 327.38530021539793 441.1981648091894 0
v 327.08419518857085 441.24961815387076 0
v 326.77864186298825 441.2858389558593 0
v 326.46859603149505 441.3061509698107 0
v 326.15401348693604 441.3098779503808 0
v 325.83485002215605 441.29634365222523 0
v 325.51106143 441.2648718299999 0
v 325.51106143 441.2648718299999 0
v 325.2558422655078 441.2216330409227 0
v 325.0110705501562 441.1566156217264 0
v 324.7756599286328 441.07228693371377 0
v 324.5485240456249 440.97111433818736 0
v 324.1147310739062 440.72810686980455 0
v 323.7010007925 440.44733210699997 0
v 323.29864235890625 440.1485289401952 0
v 322.89896493062497 439.85143625981243 0
v 322.4932776651562 439.57579295627335 0
v 322.07288972 439.34133791999994 0
v 322.07288972 439.34133791999994 0
v 320.1780873466601 442.7980581496874 0
v 318.37874844640623 446.30553998249997 0
v 317.51870052045166 448.07799155964835 0
v 316.6871057288867 449.8627436090624 0
v 315.88549316041747 451.65966615457023 0
v 315.1153919037499 453.4686292199999 0
v 314.3783310475902 455.2895028291796 0
v 313.67583968064446 457.1221570059374 0
v 313.00944689161867 458.9664617741015 0
v 312.3806817692187 460.8222871575 0
v 311.7910734021508 462.68950317996087 0
v 311.242150879121 464.5679798653124 0
v 310.73544328883537 466.4575872373827 0
v 310.2724797199999 468.35819531999994 0
v 310.2724797199999 468.35819531999994 0
v 309.90170604969717 470.2902529098047 0
v 309.55642124007807 472.22872186968743 0
v 309.2451909287011 474.1730752053515 0
v 308.97658075312495 476.12278592249993 0
v 308.75915635090814 478.07732702683586 0
v 308.60148335960935 480.0361715240625 0
v 308.51212741678705 481.99879241988276 0
v 308.4996541599999 483.96466272 0
v 308.4996541599999 483.96466272 0
v 308.3519649942477 483.99131141604096 0
v 308.2158490514819 484.0082140057653 0
v 308.090859880314 484.01574645448153 0
v 307.9765510293554 484.014284727498 0
v 307.8724760472177 484.00420479012314 0
v 307.77818848251206 483.98588260766525 0
v 307.69324188385025 483.9596941454329 0
v 307.6171897998437 483.9260153687343 0
v 307.5495857791036 483.88522224287806 0
v 307.48998337024165 483.83769073317256 0
v 307.43793612186914 483.7837968049261 0
v 307.39299758259756 483.72391642344724 0
v 307.3547213010384 483.65842555404424 0
v 307.32266082580315 483.5877001620256 0
v 307.29636970550314 483.5121162126997 0
v 307.27540148874994 483.43204967137495 0
v 307.2476479603295 483.25997267396264 0
v 307.2358286294335 483.0744768922558 0
v 307.23637188495354 482.87857004872194 0
v 307.2457061157812 482.6752598658281 0
v 307.27646105892575 482.25846037183004 0
v 307.29952056999997 481.8481401899999 0
v 307.29952056999997 481.8481401899999 0
v 307.3407286057862 480.47770442012694 0
v 307.41224518199334 479.11116498140615 0
v 307.51333424267494 477.7485957239355 0
v 307.64325973188477 476.3900704978124 0
v 307.80128559367625 475.0356631531347 0
v 307.98667577210324 473.68544754 0
v 308.19869421121933 472.3394975085058 0
v 308.43660485507803 470.99788690874993 0
v 308.98715853323847 468.32797940484375 0
v 309.63244835901367 465.6763158290624 0
v 310.3665858848327 463.04348698218746 0
v 311.18368266312496 460.430083665 0
v 312.07785024631954 457.83669667828116 0
v 313.04320018684564 455.26391682281246 0
v 314.07384403713246 452.7123348993749 0
v 315.16389334960934 450.1825417087499 0
v 316.30745967670526 447.6751280517187 0
v 317.49865457084957 445.19068472906247 0
v 318.7315895844714 442.72980254156244 0
v 320.00037626999995 440.29307228999994 0
v 320.00037626999995 440.29307228999994 0
v 320.17241392248434 439.9284743184843 0
v 320.391303388625 439.5545379134999 0
v 320.61169780570305 439.18016667914054 0
v 320.788250311 438.81426421949993 0
v 320.84591495213084 438.6372711564785 0
v 320.8756140417969 438.4657341386718 0
v 320.87820514300563 438.382359443759 0
v 320.8716792221582 438.3007661165917 0
v 320.8553277345247 438.221093275984 0
v 320.828442135375 438.1434800407499 0
v 320.79031387997924 438.0680655297033 0
v 320.74023442360743 437.99498886165816 0
v 320.6774952215295 437.92438915542834 0
v 320.60138772901564 437.85640552982807 0
v 320.5112034013357 437.7911771036711 0
v 320.40623369375976 437.7288429957714 0
v 320.28577006155786 437.66954232494305 0
v 320.14910396 437.6134142099999 0
v 320.14910396 437.6134142099999 0
v 320.0698093917944 437.5190773930625 0
v 319.9893339416601 437.43769215146915 0
v 319.9077618581958 437.368686394361 0
v 319.8251773899999 437.31148803087876 0
v 319.7416647856714 437.26552497016377 0
v 319.65730829380857 437.23022512135685 0
v 319.5721921630102 437.205016393599 0
v 319.4864006418749 437.18932669603123 0
v 319.4000179790014 437.1825839377944 0
v 319.31312842298826 437.18421602802965 0
v 319.22581622243405 437.19365087587806 0
v 319.13816562593746 437.2103163904804 0
v 318.9621862395117 437.2630510565112 0
v 318.7858642525 437.3378432992499 0
v 318.434888431875 437.5352936073632 0
v 318.090630074375 437.7660534998436 0
v 317.7584810903125 437.99350916171477 0
v 317.44383339 438.1810467779999 0
v 317.44383339 438.1810467779999 0
v 316.53326812519293 438.77097563576353 0
v 315.644109946543 439.39145184792176 0
v 314.77833114333254 440.0419088365253 0
v 313.93790400484374 440.7217800236249 0
v 313.12480082035887 441.43049883127134 0
v 312.3409938791601 442.1674986815155 0
v 311.58845547052977 442.9322129964081 0
v 310.86915788375006 443.72407519799987 0
v 310.185073408103 444.5425187083417 0
v 309.5381743328711 445.3869769494843 0
v 308.9304329473364 446.25688334347836 0
v 308.36382154078126 447.1516713123749 0
v 307.8403124024878 448.0707742782246 0
v 307.3618778217383 449.013625663078 0
v 306.9304900878149 449.97965888898625 0
v 306.54812148999997 450.9683073779999 0
v 306.54812148999997 450.9683073779999 0
v 306.2617591276538 451.7035055320282 0
v 305.9992830338867 452.4450804942889 0
v 305.7579612804809 453.19228637879587 0
v 305.53506193921874 453.94437729956235 0
v 305.13360278025385 455.46023070592963 0
v 304.77305013124993 456.9866736255 0
v 304.4315485664648 458.5177389703827 0
v 304.0872426601562 460.04745965268745 0
v 303.718276986582 461.56986858452336 0
v 303.30279612 463.07899867799995 0
v 303.30279612 463.07899867799995 0
v 303.26973294077084 463.12893698362 0
v 303.2321946445573 463.17355136554244 0
v 303.19063881532054 463.2129464730482 0
v 303.14552303702146 463.2472269554179 0
v 303.04644196908026 463.3008626418735 0
v 302.9386121124219 463.3352956191562 0
v 302.8256941387341 463.35136308151317 0
v 302.7113487197051 463.3499022231914 0
v 302.59923652702264 463.33175023843796 0
v 302.49301823237494 463.2977443215 0
v 302.3963545074499 463.2487216666245 0
v 302.3129060239355 463.1855194680585 0
v 302.2772814576098 463.14886266309384 0
v 302.24633345351975 463.10897492004926 0
v 302.22051959562634 463.0659608882056 0
v 302.20029746789055 463.0199252168437 0
v 302.1861246542735 462.97097255524454 0
v 302.178458738736 462.9192075526889 0
v 302.17775730523925 462.8647348584577 0
v 302.1844779377441 462.807659121832 0
v 302.19907822021156 462.74808499209234 0
v 302.22201573660277 462.68611711852 0
v 302.2537480708785 462.6218601503955 0
v 302.29473280699995 462.5554187369999 0
v 302.29473280699995 462.5554187369999 0
v 302.7860652356718 460.0680915187968 0
v 303.3112690269999 457.5676674288749 0
v 303.59846871036905 456.3195465232792 0
v 303.908411466453 455.0765543592655 0
v 304.24585570593547 453.84149192333786 0
v 304.61555983949995 452.61716020199987 0
v 305.02228227783 451.40636018175576 0
v 305.47078143160934 450.2118928491093 0
v 305.9658157115214 449.0365591905644 0
v 306.5121435282499 447.8831601926249 0
v 307.11452329247845 446.7544968417949 0
v 307.7777134148905 445.6533701245781 0
v 308.13359936375406 445.1140083118571 0
v 308.5064723061698 444.58258102747845 0
v 308.8969270434733 444.0594383947551 0
v 309.3055583769999 443.54493053699997 0
v 309.3055583769999 443.54493053699997 0
v 309.7724118121244 442.9905929214506 0
v 310.25482632158975 442.4496152316679 0
v 310.75216482403357 441.9218067866997 0
v 311.2637902380937 441.40697690559375 0
v 312.3273534756132 440.4154901111601 0
v 313.44041938324995 439.4736294007499 0
v 314.5978913101054 438.579869326746 0
v 315.79467260528116 437.7326844415312 0
v 317.0256666178788 436.9305492974882 0
v 318.2857766969999 436.17193844699995 0
v 318.2857766969999 436.17193844699995 0
v 317.22455497875774 435.2115328939335 0
v 316.13926152043734 434.23715726559374 0
v 315.0726703166483 433.2327335095195 0
v 314.0675553619999 432.18218357325 0
v 313.6014183514189 431.63458689614794 0
v 313.1666906511015 431.0694294043242 0
v 312.768719010374 430.4847013412211 0
v 312.4128501785624 429.8783929502812 0
v 312.2523751751646 429.5665180829481 0
v 312.10443090499314 429.2484944749467 0
v 311.96968571171374 428.9240709067073 0
v 311.84880793899214 428.59299615866007 0
v 311.7424659304942 428.2550190112355 0
v 311.6513280298857 427.90988824486374 0
v 311.5760625808324 427.55735263997514 0
v 311.51733792699997 427.19716097699995 0
v 311.51733792699997 427.19716097699995 0
v 311.30836799364255 426.36255798215615 0
v 311.128595977203 425.51302899637494 0
v 311.05579886285074 425.08484731176566 0
v 310.99766883775584 424.65555019528125 0
v 310.9566617719274 424.226009668875 0
v 310.93523353537495 423.7970977545 0
v 310.93583999810755 423.36968647410936 0
v 310.96093703013474 422.94464784965623 0
v 311.0129805014655 422.52285390309373 0
v 311.09442628210934 422.10517665637497 0
v 311.2077302420754 421.69248813145305 0
v 311.355348251373 421.2856603502812 0
v 311.5397361800114 420.88556533481244 0
v 311.76334989799994 420.4930751069999 0
v 311.76334989799994 420.4930751069999 0
v 311.94255584223947 420.18316504305466 0
v 312.14168200166597 419.88511116918744 0
v 312.358122166904 419.59755464360154 0
v 312.5892701285781 419.31913662449995 0
v 313.08526460373236 418.7842807385625 0
v 313.6088157521249 418.2696727769999 0
v 314.1390738987519 417.76444200543745 0
v 314.65518936860934 417.25771768949994 0
v 314.9014280763107 417.0003983478984 0
v 315.13631248669327 416.7386290948125 0
v 315.3572363903815 416.4710510884453 0
v 315.56159357799993 416.19630548699996 0
v 315.56159357799993 416.19630548699996 0
v 314.3653201622382 415.21110579754685 0
v 313.1891181575312 414.20208974699995 0
v 312.02328885274596 413.18035021082807 0
v 310.8581335367499 412.1569800645 0
v 309.68395349841006 411.14307218348426 0
v 308.49105002659365 410.1497194432499 0
v 307.26972441016784 409.18801471926554 0
v 306.0102779379999 408.26905088699993 0
v 306.0102779379999 408.26905088699993 0
v 305.3290031764764 407.77251689987105 0
v 304.6391546795624 407.28710060184363 0
v 303.94138774874205 406.81211311920697 0
v 303.2363576854999 406.3468655782499 0
v 302.52471979132025 405.8906691052616 0
v 301.8071293676874 405.44283482653117 0
v 301.08424171608584 405.00267386834753 0
v 300.3567121379999 404.56949735699993 0
v 300.3567121379999 404.56949735699993 0
v 300.264457648875 404.6392104115722 0
v 300.1722031597499 404.7089242932655 0
v 300.07994867062496 404.7786388839198 0
v 299.98769418149993 404.8483540653749 0
v 299.8954396923749 404.91806971947057 0
v 299.80318520324994 404.9877857280468 0
v 299.71093071412497 405.0575019729433 0
v 299.61867622499994 405.12721833599994 0
v 299.61867622499994 405.12721833599994 0
v 299.61870944687496 405.12722841899995 0
v 299.61874266875 405.12723850199995 0
v 299.618775890625 405.12724858499996 0
v 299.6188091125 405.12725866799997 0
v 299.61884233437496 405.127268751 0
v 299.61887555625 405.127278834 0
v 299.618908778125 405.127288917 0
v 299.618942 405.127299 0
v 411.414538 444.44091599999996 0
v 410.0351538108887 444.9070235991943 0
v 408.6709169280469 445.4173919251171 0
v 407.31875079821293 445.96295366277826 0
v 405.975578868125 446.53464149718747 0
v 403.30391139414064 447.720126196289 0
v 400.63130208000007 448.90130750249995 0
v 399.28695284971684 449.46761609579585 0
v 397.9331384996094 450.0056468958984 0
v 396.56678247641605 450.50633258781727 0
v 395.184808226875 450.9606058565625 0
v 393.7841391977247 451.3593993871435 0
v 392.3616988357031 451.6936458645703 0
v 391.64135298197147 451.83373042241635 0
v 390.91441058754884 451.9542779738525 0
v 390.18048708327757 452.05415510450496 0
v 389.4391979 452.1322284 0
v 389.4391979 452.1322284 0
v 389.26694493083374 452.1127191981518 0
v 389.11244317254494 452.107406141496 0
v 388.97564554869854 452.11572055474073 0
v 388.8565049828594 452.1370937625937 0
v 388.75497439859254 452.1709570897631 0
v 388.6710067194629 452.216741860957 0
v 388.6355942579386 452.2439270770343 0
v 388.6045548690354 452.2738794008832 0
v 388.577882668199 452.30652774809226 0
v 388.55557177087496 452.34180103424995 0
v 388.537616292509 452.3796281749447 0
v 388.5240103485466 452.4199380857651 0
v 388.5147480544335 452.4626596822996 0
v 388.5098235256153 452.50772188013667 0
v 388.51296422564576 452.6045837420727 0
v 388.53338537220316 452.7099549962812 0
v 388.5710398888523 452.8232669674702 0
v 388.6258806991582 452.9439509803476 0
v 388.6978607266858 453.07143835962154 0
v 388.786932895 453.20516043 0
v 388.786932895 453.20516043 0
v 389.40026842901125 454.67851948089105 0
v 389.95158157740235 456.16865476306634 0
v 390.4433585303345 457.6741127589038 0
v 390.87808547796874 459.1934399507813 0
v 391.25824861046635 460.72518282107666 0
v 391.5863341179883 462.267887852168 0
v 391.86482819069585 463.8201015264331 0
v 392.09621701875005 465.38037032625 0
v 392.2829867923121 466.9472407339966 0
v 392.427623701543 468.5192592320508 0
v 392.5326139366041 470.09497230279044 0
v 392.6004436876563 471.67292642859377 0
v 392.6335991448609 473.2516680918384 0
v 392.63456649837894 474.82974377490234 0
v 392.6058319383716 476.40569996016353 0
v 392.54988165500004 477.97808312999996 0
v 392.54988165500004 477.97808312999996 0
v 392.5179209239024 478.3266503131171 0
v 392.50825165565635 478.6899322168125 0
v 392.5091384720821 479.0611875678515 0
v 392.508845995 479.433675093 0
v 392.4956388462305 479.8006535190234 0
v 392.4577816475938 480.1553815726875 0
v 392.42594197389406 480.326045061999 0
v 392.38353902091023 480.49111798075774 0
v 392.3291058663697 480.64975766980956 0
v 392.261175588 480.80112147 0
v 392.261175588 480.80112147 0
v 392.13634049560585 480.82252062108466 0
v 392.0217283944639 480.8345264662317 0
v 391.9169283273848 480.8375434214998 0
v 391.82152933717975 480.83197590294725 0
v 391.7351204666591 480.8182283266328 0
v 391.6572907586338 480.796705108615 0
v 391.58762925591475 480.76781066495226 0
v 391.5257250013125 480.7319494117031 0
v 391.4711670376381 480.6895257649262 0
v 391.4235444077022 480.6409441406799 0
v 391.3824461543156 480.5866089550228 0
v 391.34746132028914 480.5269246240136 0
v 391.29418808155964 480.3931261901726 0
v 391.260437034 480.242784167625 0
v 391.24292052009673 480.0791338848391 0
v 391.238350882336 479.90541067028323 0
v 391.24344046320414 479.72484985242545 0
v 391.25490160518757 479.5406867597343 0
v 391.2837879424454 479.1744950637246 0
v 391.29870863400004 478.83271821 0
v 391.29870863400004 478.83271821 0
v 391.36897934934063 477.20979769516845 0
v 391.4108118022715 475.5823952179101 0
v 391.42131975415657 473.9521967759546 0
v 391.3976169663594 472.3208883670312 0
v 391.3368172002439 470.6901559888696 0
v 391.2360342171738 469.0616856391992 0
v 391.0923817785129 467.43716331574944 0
v 390.90297364562497 465.81827501624997 0
v 390.6649235798738 464.2067067384301 0
v 390.37534534262306 462.6041444800195 0
v 390.03135269523654 461.0122742387475 0
v 389.63005939907816 459.43278201234375 0
v 389.1685792155115 457.8673537985376 0
v 388.64402590590043 456.3176755950586 0
v 388.0535132316087 454.78543339963613 0
v 387.39415495400004 453.27231320999994 0
v 387.39415495400004 453.27231320999994 0
v 387.3702108585947 453.06151071561027 0
v 387.32451816653906 452.8789623823828 0
v 387.2940147168815 452.79772512715385 0
v 387.2586724621982 452.7228813333544 0
v 387.218690850535 452.6542076413641 0
v 387.17426932993754 452.5914806915624 0
v 387.1256073484513 452.53447712432916 0
v 387.0729043541221 452.4829735800439 0
v 387.0163597949955 452.43674669908626 0
v 386.9561731191172 452.39557312183587 0
v 386.82567120928803 452.32749243997546 0
v 386.68299420899996 452.27694465749994 0
v 386.52973770261815 452.24214289744623 0
v 386.3674972745078 452.2213002828515 0
v 386.1978685090341 452.2126299367528 0
v 386.02244699056246 452.2143449821874 0
v 385.66060803208586 452.24178373980465 0
v 385.294745074 452.28932153999995 0
v 385.294745074 452.28932153999995 0
v 385.26398349783557 452.32992243774453 0
v 385.23931492320435 452.3725004189171 0
v 385.22039700452416 452.4169466857079 0
v 385.2068873962129 452.4631524403066 0
v 385.1947237283689 452.56040722168717 0
v 385.20008515501564 452.6633943805781 0
v 385.22023291149634 452.77124353449824 0
v 385.25242823315426 452.8830843009668 0
v 385.2939323553328 452.99804629750264 0
v 385.342006513375 453.11525914162496 0
v 385.4469098784238 453.35295584270506 0
v 385.5452282110469 453.58921134435934 0
v 385.5850710785569 453.7046226891995 0
v 385.61505139399026 453.8170625867402 0
v 385.63243039269025 453.9256606545007 0
v 385.63446931000004 454.02954651 0
v 385.63446931000004 454.02954651 0
v 385.9216505990269 455.0199564469263 0
v 386.1833634724495 456.0137066237695 0
v 386.4202606291557 457.0105865677515 0
v 386.63299476803326 458.0103858060938 0
v 386.9885847878543 460.0179002747461 0
v 387.25535512301565 462.03456624750004 0
v 387.43852736462037 464.0586999421289 0
v 387.54332310377157 466.08861757640625 0
v 387.57496393157203 468.12263536810553 0
v 387.538671439125 470.159069535 0
v 387.43966721753355 472.1962362948633 0
v 387.2831728579004 474.2324518654687 0
v 387.0744099513289 476.26603246458984 0
v 386.8186000889219 478.29529431000003 0
v 386.5209648617825 480.31855361947265 0
v 386.18672586101366 482.33412661078125 0
v 385.82110467771855 484.3403295016992 0
v 385.429322903 486.33547851000003 0
v 385.429322903 486.33547851000003 0
v 385.2811784437793 487.05078208775393 0
v 385.14566672710936 487.7766149170313 0
v 385.0159438391035 488.50781458060544 0
v 384.885165865875 489.23921866125 0
v 384.7464888935371 489.9656647417383 0
v 384.59306900820314 490.68199040484376 0
v 384.4180622959864 491.3830332333398 0
v 384.214624843 492.06363081 0
v 384.214624843 492.06363081 0
v 383.9782169630801 492.06224571695503 0
v 383.72832818614063 492.03958458801566 0
v 383.6051960068294 492.018548710177 0
v 383.4869346579121 491.9901216634746 0
v 383.37629115760524 491.9536127279451 0
v 383.276012524125 491.908331183625 0
v 383.18884577568775 491.853586310551 0
v 383.1175379305098 491.78868738875974 0
v 383.0886895398356 491.75221430960664 0
v 383.06483600680735 491.71294369828786 0
v 383.0463207087022 491.6707892148081 0
v 383.03348702279686 491.6256645191719 0
v 383.0266783263687 491.5774832713838 0
v 383.0262379966946 491.5261591314485 0
v 383.0325094110516 491.4716057593704 0
v 383.0458359467168 491.41373681515427 0
v 383.09502789107984 491.28770685032595 0
v 383.176560848 491.147378517 0
v 383.176560848 491.147378517 0
v 383.82805635132036 487.91978875123823 0
v 384.4597856695625 484.68280643465624 0
v 385.0435309726484 481.4363594895586 0
v 385.5510744305 478.18037583825003 0
v 385.76745239556345 476.54878522348685 0
v 385.95419821303904 474.91478340303513 0
v 386.107784654167 473.27836136718304 0
v 386.2246844901875 471.6395101062187 0
v 386.3013704923408 469.99822061043017 0
v 386.33431543186714 468.35448387010547 0
v 386.31999208000684 466.7082908755327 0
v 386.254873208 465.05963261700003 0
v 386.254873208 465.05963261700003 0
v 386.15375636844533 463.43943374905086 0
v 385.98345514031246 461.8245509065313 0
v 385.7486453363984 460.2163393864336 0
v 385.4540027695 458.61615448575003 0
v 385.10420325241404 457.02535150147276 0
v 384.7039225979375 455.4452857305937 0
v 384.2578366188672 453.8773124701055 0
v 383.770621128 452.322787017 0
v 383.770621128 452.322787017 0
v 380.6609545852852 451.9460181949102 0
v 377.54152454878124 451.6366751027812 0
v 374.4169991071992 451.3633448630743 0
v 371.29204634925003 451.09461459825 0
v 368.1713343636446 450.79907143076946 0
v 365.05953123909376 450.44530248309377 0
v 363.5084292774361 450.23676681745167 0
v 361.96130506430865 450.00189487768364 0
v 360.41874211080034 449.7367600540972 0
v 358.8813239280001 449.437435737 0
v 358.8813239280001 449.437435737 0
v 358.5292932297891 449.3628745318301 0
v 358.1809396948126 449.27239325432805 0
v 357.83521234905476 449.17129056038084 0
v 357.4910602185001 449.06486510587496 0
v 357.14743232913287 448.9584155466972 0
v 356.8032777069376 448.85724053873435 0
v 356.4575453778985 448.766638737873 0
v 356.10918436800006 448.69190879999996 0
v 356.10918436800006 448.69190879999996 0
v 356.3245388657222 449.7626950907959 0
v 356.5107332260274 450.8427832444922 0
v 356.6652379664986 451.9302168243018 0
v 356.7855236047188 453.0230393934375 0
v 356.86906065827105 454.1192945151123 0
v 356.91331964473835 455.21702575253903 0
v 356.91577108170367 456.3142766689307 0
v 356.87388548675005 457.4090908275 0
v 356.7851333774605 458.49951179146 0
v 356.64698527141803 459.5835831240235 0
v 356.4569116862057 460.6593483884033 0
v 356.21238313940637 461.72485114781244 0
v 355.91087014860307 462.7781349654639 0
v 355.549843231379 463.81724340457026 0
v 355.126772905317 464.8402200283447 0
v 354.6391296880001 465.84510839999996 0
v 354.6391296880001 465.84510839999996 0
v 354.3593223286192 466.4201745809765 0
v 354.04664860982825 466.9842447778125 0
v 353.7122963717794 467.54023754636717 0
v 353.3674534546251 468.0910714425 0
v 353.0233076985177 468.63966502207035 0
v 352.69104694360954 469.18893684093746 0
v 352.38185903005285 469.7418054549609 0
v 352.1069317980001 470.30118941999996 0
v 352.1069317980001 470.30118941999996 0
v 354.35350669405483 475.47941844480465 0
v 356.68447096643763 480.6319948996874 0
v 359.12250103647665 485.7420573303515 0
v 361.69027332550013 490.79274428249994 0
v 363.02989918379603 493.2905527496631 0
v 364.4104642548361 495.7671943018359 0
v 365.83480309128623 498.22056125723145 0
v 367.3057502458126 500.64854593406244 0
v 368.82614027108116 503.04904065054194 0
v 370.39880771975794 505.41993772488274 0
v 372.0265871445089 507.75912947529775 0
v 373.7123130980001 510.06450821999994 0
v 373.7123130980001 510.06450821999994 0
v 374.7872517650655 511.43757526885247 0
v 375.89352561608604 512.8003975367577 0
v 377.03273459579793 514.1472817719872 0
v 378.20647864893755 515.4725347228125 0
v 379.4163577202413 516.7704631375049 0
v 380.6639717544454 518.0353737643359 0
v 381.9509206962862 519.2615733515771 0
v 383.2788044905001 520.4433686474999 0
v 384.6492230818234 521.5750664003759 0
v 386.0637764149923 522.6509733584766 0
v 387.52406443474325 523.6653962700732 0
v 389.03168708581256 524.6126418834374 0
v 389.8037488808218 525.0592940621173 0
v 390.5882443129366 525.4870169468408 0
v 391.3853733752493 525.895098881142 0
v 392.1953360608517 526.2828282085547 0
v 393.0183323628359 526.649493272613 0
v 393.85456227429404 526.9943824168506 0
v 394.70422578831807 527.3167839848016 0
v 395.5675228980001 527.61598632 0
v 395.5675228980001 527.61598632 0
v 397.28863964774627 526.0573607094726 0
v 398.94511950221886 524.4365627695312 0
v 399.74680531454067 523.60278086469 0
v 400.52955356801965 522.7533739038867 0
v 401.29243815098107 521.8883145625854 0
v 402.0345329517501 521.00757551625 0
v 402.754911858652 520.1111294403443 0
v 403.4526487600118 519.1989490103321 0
v 404.12681754415485 518.2710069016772 0
v 404.77649209940637 517.3272757898437 0
v 405.4007463140914 516.3677283502955 0
v 405.9986540765352 515.392337258496 0
v 406.56928927506306 514.4010751899096 0
v 407.11172579800007 513.39391482 0
v 407.11172579800007 513.39391482 0
v 408.1064985234151 511.4300844072803 0
v 409.01753810835163 509.4359060354296 0
v 409.8479625295967 507.4138093726611 0
v 410.6008897639376 505.36622408718745 0
v 411.2794377881612 503.2955798472217 0
v 411.88672457905477 501.20430632097657 0
v 412.4258681134054 499.09483317666496 0
v 412.8999863680001 496.9695900824999 0
v 413.3121973196261 494.83100670669427 0
v 413.6656189450704 492.68151271746086 0
v 413.9633692211202 490.52353778301256 0
v 414.2085661245626 488.35951157156245 0
v 414.4043276321847 486.1918637513231 0
v 414.5537717207735 484.0230239905077 0
v 414.6600163671163 481.855421957329 0
v 414.7261795480001 479.6914873199999 0
v 414.7261795480001 479.6914873199999 0
v 414.71553893442 475.2647056862108 0
v 414.5823515862345 470.84039359968733 0
v 414.3317643609005 466.4206424951952 0
v 413.96892411587504 462.00754380749987 0
v 413.49897770861526 457.60318897136705 0
v 412.9270719965782 453.2096694215624 0
v 412.25835383722074 448.8290765928515 0
v 411.49797008800005 444.46350191999994 0
v 411.49797008800005 444.46350191999994 0
v 411.492351230754 444.45256009259754 0
v 411.4841747044063 444.44427332390615 0
v 411.47402230704307 444.4384702816991 0
v 411.46247583675006 444.43497963374995 0
v 411.4501170916133 444.43363004783197 0
v 411.4375278697188 444.4342501917186 0
v 411.4252899691524 444.4366687331835 0
v 411.4139851880001 444.4407143399999 0
v 411.4139851880001 444.4407143399999 0
v 411.4140542895001 444.4407395474999 0
v 411.4141233910001 444.4407647549999 0
v 411.41419249250004 444.44078996249993 0
v 411.41426159400004 444.44081516999995 0
v 411.41433069550004 444.4408403774999 0
v 411.414399797 444.4408655849999 0
v 411.4144688985 444.44089079249994 0
v 411.414538 444.44091599999996 0
v 411.414538 444.44091599999996 0
v 410.0351538108887 444.9070235991943 0
v 408.6709169280469 445.4173919251171 0
v 407.31875079821293 445.96295366277826 0
v 405.975578868125 446.53464149718747 0
v 403.30391139414064 447.720126196289 0
v 400.63130208000007 448.90130750249995 0
v 399.28695284971684 449.46761609579585 0
v 397.9331384996094 450.0056468958984 0
v 396.56678247641605 450.50633258781727 0
v 395.184808226875 450.9606058565625 0
v 393.7841391977247 451.3593993871435 0
v 392.3616988357031 451.6936458645703 0
v 391.64135298197147 451.83373042241635 0
v 390.91441058754884 451.9542779738525 0
v 390.18048708327757 452.05415510450496 0
v 389.4391979 452.1322284 0
v 389.4391979 452.1322284 0
v 389.26694493083374 452.1127191981518 0
v 389.11244317254494 452.107406141496 0
v 388.97564554869854 452.11572055474073 0
v 388.8565049828594 452.1370937625937 0
v 388.75497439859254 452.1709570897631 0
v 388.6710067194629 452.216741860957 0
v 388.6355942579386 452.2439270770343 0
v 388.6045548690354 452.2738794008832 0
v 388.577882668199 452.30652774809226 0
v 388.55557177087496 452.34180103424995 0
v 388.537616292509 452.3796281749447 0
v 388.5240103485466 452.4199380857651 0
v 388.5147480544335 452.4626596822996 0
v 388.5098235256153 452.50772188013667 0
v 388.51296422564576 452.6045837420727 0
v 388.53338537220316 452.7099549962812 0
v 388.5710398888523 452.8232669674702 0
v 388.6258806991582 452.9439509803476 0
v 388.6978607266858 453.07143835962154 0
v 388.786932895 453.20516043 0
v 388.786932895 453.20516043 0
v 389.40026842901125 454.67851948089105 0
v 389.95158157740235 456.16865476306634 0
v 390.4433585303345 457.6741127589038 0
v 390.87808547796874 459.1934399507813 0
v 391.25824861046635 460.72518282107666 0
v 391.5863341179883 462.267887852168 0
v 391.86482819069585 463.8201015264331 0
v 392.09621701875005 465.38037032625 0
v 392.2829867923121 466.9472407339966 0
v 392.427623701543 468.5192592320508 0
v 392.5326139366041 470.09497230279044 0
v 392.6004436876563 471.67292642859377 0
v 392.6335991448609 473.2516680918384 0
v 392.63456649837894 474.82974377490234 0
v 392.6058319383716 476.40569996016353 0
v 392.54988165500004 477.97808312999996 0
v 392.54988165500004 477.97808312999996 0
v 392.5179209239024 478.3266503131171 0
v 392.50825165565635 478.6899322168125 0
v 392.5091384720821 479.0611875678515 0
v 392.508845995 479.433675093 0
v 392.4956388462305 479.8006535190234 0
v 392.4577816475938 480.1553815726875 0
v 392.42594197389406 480.326045061999 0
v 392.38353902091023 480.49111798075774 0
v 392.3291058663697 480.64975766980956 0
v 392.261175588 480.80112147 0
v 392.261175588 480.80112147 0
v 392.13634049560585 480.82252062108466 0
v 392.0217283944639 480.8345264662317 0
v 391.9169283273848 480.8375434214998 0
v 391.82152933717975 480.83197590294725 0
v 391.7351204666591 480.8182283266328 0
v 391.6572907586338 480.796705108615 0
v 391.58762925591475 480.76781066495226 0
v 391.5257250013125 480.7319494117031 0
v 391.4711670376381 480.6895257649262 0
v 391.4235444077022 480.6409441406799 0
v 391.3824461543156 480.5866089550228 0
v 391.34746132028914 480.5269246240136 0
v 391.29418808155964 480.3931261901726 0
v 391.260437034 480.242784167625 0
v 391.24292052009673 480.0791338848391 0
v 391.238350882336 479.90541067028323 0
v 391.24344046320414 479.72484985242545 0
v 391.25490160518757 479.5406867597343 0
v 391.2837879424454 479.1744950637246 0
v 391.29870863400004 478.83271821 0
v 391.29870863400004 478.83271821 0
v 391.36897934934063 477.20979769516845 0
v 391.4108118022715 475.5823952179101 0
v 391.42131975415657 473.9521967759546 0
v 391.3976169663594 472.3208883670312 0
v 391.3368172002439 470.6901559888696 0
v 391.2360342171738 469.0616856391992 0
v 391.0923817785129 467.43716331574944 0
v 390.90297364562497 465.81827501624997 0
v 390.6649235798738 464.2067067384301 0
v 390.37534534262306 462.6041444800195 0
v 390.03135269523654 461.0122742387475 0
v 389.63005939907816 459.43278201234375 0
v 389.1685792155115 457.8673537985376 0
v 388.64402590590043 456.3176755950586 0
v 388.0535132316087 454.78543339963613 0
v 387.39415495400004 453.27231320999994 0
v 387.39415495400004 453.27231320999994 0
v 387.3702108585947 453.06151071561027 0
v 387.32451816653906 452.8789623823828 0
v 387.2940147168815 452.79772512715385 0
v 387.2586724621982 452.7228813333544 0
v 387.218690850535 452.6542076413641 0
v 387.17426932993754 452.5914806915624 0
v 387.1256073484513 452.53447712432916 0
v 387.0729043541221 452.4829735800439 0
v 387.0163597949955 452.43674669908626 0
v 386.9561731191172 452.39557312183587 0
v 386.82567120928803 452.32749243997546 0
v 386.68299420899996 452.27694465749994 0
v 386.52973770261815 452.24214289744623 0
v 386.3674972745078 452.2213002828515 0
v 386.1978685090341 452.2126299367528 0
v 386.02244699056246 452.2143449821874 0
v 385.66060803208586 452.24178373980465 0
v 385.294745074 452.28932153999995 0
v 385.294745074 452.28932153999995 0
v 385.26398349783557 452.32992243774453 0
v 385.23931492320435 452.3725004189171 0
v 385.22039700452416 452.4169466857079 0
v 385.2068873962129 452.4631524403066 0
v 385.1947237283689 452.56040722168717 0
v 385.20008515501564 452.6633943805781 0
v 385.22023291149634 452.77124353449824 0
v 385.25242823315426 452.8830843009668 0
v 385.2939323553328 452.99804629750264 0
v 385.342006513375 453.11525914162496 0
v 385.4469098784238 453.35295584270506 0
v 385.5452282110469 453.58921134435934 0
v 385.5850710785569 453.7046226891995 0
v 385.61505139399026 453.8170625867402 0
v 385.63243039269025 453.9256606545007 0
v 385.63446931000004 454.02954651 0
v 385.63446931000004 454.02954651 0
v 385.9216505990269 455.0199564469263 0
v 386.1833634724495 456.0137066237695 0
v 386.4202606291557 457.0105865677515 0
v 386.63299476803326 458.0103858060938 0
v 386.9885847878543 460.0179002747461 0
v 387.25535512301565 462.03456624750004 0
v 387.43852736462037 464.0586999421289 0
v 387.54332310377157 466.08861757640625 0
v 387.57496393157203 468.12263536810553 0
v 387.538671439125 470.159069535 0
v 387.43966721753355 472.1962362948633 0
v 387.2831728579004 474.2324518654687 0
v 387.0744099513289 476.26603246458984 0
v 386.8186000889219 478.29529431000003 0
v 386.5209648617825 480.31855361947265 0
v 386.18672586101366 482.33412661078125 0
v 385.82110467771855 484.3403295016992 0
v 385.429322903 486.33547851000003 0
v 385.429322903 486.33547851000003 0
v 385.2811784437793 487.05078208775393 0
v 385.14566672710936 487.7766149170313 0
v 385.0159438391035 488.50781458060544 0
v 384.885165865875 489.23921866125 0
v 384.7464888935371 489.9656647417383 0
v 384.59306900820314 490.68199040484376 0
v 384.4180622959864 491.3830332333398 0
v 384.214624843 492.06363081 0
v 384.214624843 492.06363081 0
v 383.9782169630801 492.06224571695503 0
v 383.72832818614063 492.03958458801566 0
v 383.6051960068294 492.018548710177 0
v 383.4869346579121 491.9901216634746 0
v 383.37629115760524 491.9536127279451 0
v 383.276012524125 491.908331183625 0
v 383.18884577568775 491.853586310551 0
v 383.1175379305098 491.78868738875974 0
v 383.0886895398356 491.75221430960664 0
v 383.06483600680735 491.71294369828786 0
v 383.0463207087022 491.6707892148081 0
v 383.03348702279686 491.6256645191719 0
v 383.0266783263687 491.5774832713838 0
v 383.0262379966946 491.5261591314485 0
v 383.0325094110516 491.4716057593704 0
v 383.0458359467168 491.41373681515427 0
v 383.09502789107984 491.28770685032595 0
v 383.176560848 491.147378517 0
v 383.176560848 491.147378517 0
v 383.82805635132036 487.91978875123823 0
v 384.4597856695625 484.68280643465624 0
v 385.0435309726484 481.4363594895586 0
v 385.5510744305 478.18037583825003 0
v 385.76745239556345 476.54878522348685 0
v 385.95419821303904 474.91478340303513 0
v 386.107784654167 473.27836136718304 0
v 386.2246844901875 471.6395101062187 0
v 386.3013704923408 469.99822061043017 0
v 386.33431543186714 468.35448387010547 0
v 386.31999208000684 466.7082908755327 0
v 386.254873208 465.05963261700003 0
v 386.254873208 465.05963261700003 0
v 386.15375636844533 463.43943374905086 0
v 385.98345514031246 461.8245509065313 0
v 385.7486453363984 460.2163393864336 0
v 385.4540027695 458.61615448575003 0
v 385.10420325241404 457.02535150147276 0
v 384.7039225979375 455.4452857305937 0
v 384.2578366188672 453.8773124701055 0
v 383.770621128 452.322787017 0
v 383.770621128 452.322787017 0
v 380.6609545852852 451.9460181949102 0
v 377.54152454878124 451.6366751027812 0
v 374.4169991071992 451.3633448630743 0
v 371.29204634925003 451.09461459825 0
v 368.1713343636446 450.79907143076946 0
v 365.05953123909376 450.44530248309377 0
v 363.5084292774361 450.23676681745167 0
v 361.96130506430865 450.00189487768364 0
v 360.41874211080034 449.7367600540972 0
v 358.8813239280001 449.437435737 0
v 358.8813239280001 449.437435737 0
v 358.5292932297891 449.3628745318301 0
v 358.1809396948126 449.27239325432805 0
v 357.83521234905476 449.17129056038084 0
v 357.4910602185001 449.06486510587496 0
v 357.14743232913287 448.9584155466972 0
v 356.8032777069376 448.85724053873435 0
v 356.4575453778985 448.766638737873 0
v 356.10918436800006 448.69190879999996 0
v 356.10918436800006 448.69190879999996 0
v 356.3245388657222 449.7626950907959 0
v 356.5107332260274 450.8427832444922 0
v 356.6652379664986 451.9302168243018 0
v 356.7855236047188 453.0230393934375 0
v 356.86906065827105 454.1192945151123 0
v 356.91331964473835 455.21702575253903 0
v 356.91577108170367 456.3142766689307 0
v 356.87388548675005 457.4090908275 0
v 356.7851333774605 458.49951179146 0
v 356.64698527141803 459.5835831240235 0
v 356.4569116862057 460.6593483884033 0
v 356.21238313940637 461.72485114781244 0
v 355.91087014860307 462.7781349654639 0
v 355.549843231379 463.81724340457026 0
v 355.126772905317 464.8402200283447 0
v 354.6391296880001 465.84510839999996 0
v 354.6391296880001 465.84510839999996 0
v 354.3593223286192 466.4201745809765 0
v 354.04664860982825 466.9842447778125 0
v 353.7122963717794 467.54023754636717 0
v 353.3674534546251 468.0910714425 0
v 353.0233076985177 468.63966502207035 0
v 352.69104694360954 469.18893684093746 0
v 352.38185903005285 469.7418054549609 0
v 352.1069317980001 470.30118941999996 0
v 352.1069317980001 470.30118941999996 0
v 354.35350669405483 475.47941844480465 0
v 356.68447096643763 480.6319948996874 0
v 359.12250103647665 485.7420573303515 0
v 361.69027332550013 490.79274428249994 0
v 363.02989918379603 493.2905527496631 0
v 364.4104642548361 495.7671943018359 0
v 365.83480309128623 498.22056125723145 0
v 367.3057502458126 500.64854593406244 0
v 368.82614027108116 503.04904065054194 0
v 370.39880771975794 505.41993772488274 0
v 372.0265871445089 507.75912947529775 0
v 373.7123130980001 510.06450821999994 0
v 373.7123130980001 510.06450821999994 0
v 374.7872517650655 511.43757526885247 0
v 375.89352561608604 512.8003975367577 0
v 377.03273459579793 514.1472817719872 0
v 378.20647864893755 515.4725347228125 0
v 379.4163577202413 516.7704631375049 0
v 380.6639717544454 518.0353737643359 0
v 381.9509206962862 519.2615733515771 0
v 383.2788044905001 520.4433686474999 0
v 384.6492230818234 521.5750664003759 0
v 386.0637764149923 522.6509733584766 0
v 387.52406443474325 523.6653962700732 0
v 389.03168708581256 524.6126418834374 0
v 389.8037488808218 525.0592940621173 0
v 390.5882443129366 525.4870169468408 0
v 391.3853733752493 525.895098881142 0
v 392.1953360608517 526.2828282085547 0
v 393.0183323628359 526.649493272613 0
v 393.85456227429404 526.9943824168506 0
v 394.70422578831807 527.3167839848016 0
v 395.5675228980001 527.61598632 0
v 395.5675228980001 527.61598632 0
v 397.28863964774627 526.0573607094726 0
v 398.94511950221886 524.4365627695312 0
v 399.74680531454067 523.60278086469 0
v 400.52955356801965 522.7533739038867 0
v 401.29243815098107 521.8883145625854 0
v 402.0345329517501 521.00757551625 0
v 402.754911858652 520.1111294403443 0
v 403.4526487600118 519.1989490103321 0
v 404.12681754415485 518.2710069016772 0
v 404.77649209940637 517.3272757898437 0
v 405.4007463140914 516.3677283502955 0
v 405.9986540765352 515.392337258496 0
v 406.56928927506306 514.4010751899096 0
v 407.11172579800007 513.39391482 0
v 407.11172579800007 513.39391482 0
v 408.1064985234151 511.4300844072803 0
v 409.01753810835163 509.4359060354296 0
v 409.8479625295967 507.4138093726611 0
v 410.6008897639376 505.36622408718745 0
v 411.2794377881612 503.2955798472217 0
v 411.88672457905477 501.20430632097657 0
v 412.4258681134054 499.09483317666496 0
v 412.8999863680001 496.9695900824999 0
v 413.3121973196261 494.83100670669427 0
v 413.6656189450704 492.68151271746086 0
v 413.9633692211202 490.52353778301256 0
v 414.2085661245626 488.35951157156245 0
v 414.4043276321847 486.1918637513231 0
v 414.5537717207735 484.0230239905077 0
v 414.6600163671163 481.855421957329 0
v 414.7261795480001 479.6914873199999 0
v 414.7261795480001 479.6914873199999 0
v 414.71553893442 475.2647056862108 0
v 414.5823515862345 470.84039359968733 0
v 414.3317643609005 466.4206424951952 0
v 413.96892411587504 462.00754380749987 0
v 413.49897770861526 457.60318897136705 0
v 412.9270719965782 453.2096694215624 0
v 412.25835383722074 448.8290765928515 0
v 411.49797008800005 444.46350191999994 0
v 411.49797008800005 444.46350191999994 0
v 411.492351230754 444.45256009259754 0
v 411.4841747044063 444.44427332390615 0
v 411.47402230704307 444.4384702816991 0
v 411.46247583675006 444.43497963374995 0
v 411.4501170916133 444.43363004783197 0
v 411.4375278697188 444.4342501917186 0
v 411.4252899691524 444.4366687331835 0
v 411.4139851880001 444.4407143399999 0
v 411.4139851880001 444.4407143399999 0
v 411.4140542895001 444.4407395474999 0
v 411.4141233910001 444.4407647549999 0
v 411.41419249250004 444.44078996249993 0
v 411.41426159400004 444.44081516999995 0
v 411.41433069550004 444.4408403774999 0
v 411.414399797 444.4408655849999 0
v 411.4144688985 444.44089079249994 0
v 411.414538 444.44091599999996 0
v 299.618942 405.127299 0
v 297.9401839454711 406.56978772540276 0
v 296.31086860595695 408.0634762804101 0
v 294.7330726081908 409.6067563575952 0
v 293.2088725789062 411.1980196495312 0
v 291.7403451448364 412.8356578487914 0
v 290.3295669327148 414.51806264794925 0
v 288.97861456927484 416.2436257395776 0
v 287.68956468125 418.01073881624995 0
v 286.4644938953735 419.8177935705395 0
v 285.30547883837886 421.6631816950195 0
v 284.2145961369995 423.54529488226314 0
v 283.1939224179687 425.4625248248437 0
v 282.24553430802 427.4132632153344 0
v 281.3715084338867 429.39590174630854 0
v 280.5739214223022 431.4088321103393 0
v 279.8548499 433.45044599999994 0
v 279.8548499 433.45044599999994 0
v 279.09702446355465 435.85351980805655 0
v 278.43497021781246 438.27632340820304 0
v 277.8650817587891 440.7167505956543 0
v 277.38375368249996 443.17269516562493 0
v 276.9873805849609 445.64205091332997 0
v 276.67235706218753 448.12271163398424 0
v 276.4350777101953 450.6125711228026 0
v 276.27193712499997 453.10952317499994 0
v 276.17932990261716 455.61146158579095 0
v 276.15365063906245 458.11628015039054 0
v 276.19129393035155 460.6218726640136 0
v 276.2886543725 463.12613292187496 0
v 276.4421265615234 465.62695471918937 0
v 276.6481050934375 468.1222318511718 0
v 276.9029845642578 470.60985811303703 0
v 277.20315956999997 473.0877272999999 0
v 277.20315956999997 473.0877272999999 0
v 277.29658066602923 473.9306495575781 0
v 277.4250692367968 474.77226260062497 0
v 277.5984624040722 475.6055099046093 0
v 277.826597289625 476.4233349449999 0
v 277.9642669773083 476.8242589524316 0
v 278.1193110152246 477.2186811972656 0
v 278.2929590435949 477.60571961393543 0
v 278.48644070264055 477.9844921368749 0
v 278.70098563258273 478.35411670051747 0
v 278.93782347364254 478.7137112392968 0
v 279.1981838660412 479.06239368764636 0
v 279.48329644999995 479.3992819799999 0
v 279.48329644999995 479.3992819799999 0
v 280.2695681688232 480.5587496835644 0
v 280.98991387980465 481.7476434016405 0
v 281.6483902853368 482.9635237178026 0
v 282.24905408781245 484.2039512156249 0
v 282.7959619896239 485.46648647868153 0
v 283.293170693164 486.7486900905468 0
v 283.74473690082505 488.0481226347948 0
v 284.1547173149999 489.3623446949999 0
v 284.527168638081 490.6889168547362 0
v 284.8661475724609 492.025399697578 0
v 285.1757108205321 493.3693538070995 0
v 285.4599150846874 494.7183397668749 0
v 285.9684734708202 497.42164957148424 0
v 286.4242763499999 500.1158137799999 0
v 286.4242763499999 500.1158137799999 0
v 286.71013326747254 501.9617324189647 0
v 286.9863183835312 503.81321994609357 0
v 287.25583337763663 505.6678198117382 0
v 287.5216799292499 507.52307546624985 0
v 287.786859717832 509.37653035998034 0
v 288.0543744228437 511.2257279432812 0
v 288.32722572374604 513.0682116665039 0
v 288.60841529999993 514.90152498 0
v 288.60841529999993 514.90152498 0
v 293.1225393076171 512.7955547427538 0
v 297.61753997343743 510.64755611953115 0
v 302.08725048691394 508.4500602068554 0
v 306.5255040374999 506.19559810124986 0
v 310.9261338146484 503.87670089923813 0
v 315.2829730078124 501.4858996973436 0
v 319.58985480644526 499.0157255920897 0
v 323.84061239999994 496.45870967999986 0
v 323.84061239999994 496.45870967999986 0
v 326.6567211115625 494.65018164087877 0
v 329.43290377374996 492.7691493482811 0
v 330.79803712812503 491.79678822752174 0
v 332.1436061203125 490.8007139881053 0
v 333.4664164670312 489.77906427826895 0
v 334.76327388499993 488.72997674624986 0
v 336.03098409093747 487.6515890402855 0
v 337.26635280156245 486.54203880861314 0
v 338.4661857335937 485.39946369947006 0
v 339.62728860375 484.2220013610936 0
v 340.74646712874994 483.00778944172106 0
v 341.82052702531246 481.7549655895897 0
v 342.8462740101562 480.46166745293687 0
v 343.82051379999996 479.12603267999987 0
v 343.82051379999996 479.12603267999987 0
v 344.7912040401367 477.7464189184569 0
v 345.7725996142187 476.37381323578114 0
v 346.76249915775384 475.0068012549022 0
v 347.75870130625 473.64396859874984 0
v 348.7590046952148 472.2839008902538 0
v 349.7612079601562 470.9251837523436 0
v 350.76310973658195 469.5664028079491 0
v 351.7625086599999 468.2061436799999 0
v 351.7625086599999 468.2061436799999 0
v 352.12759556611655 467.6781206943437 0
v 352.4744193109643 467.140997567329 0
v 352.8030576999147 466.595213227011 0
v 353.1135885383398 466.0412066014452 0
v 353.40608963161094 465.479416618687 0
v 353.6806387851001 464.91028220679186 0
v 353.9373138041787 464.33424229381524 0
v 354.1761924942187 463.7517358078124 0
v 354.39735266059165 463.1632016768389 0
v 354.60087210866936 462.56907882895007 0
v 354.78682864382347 461.9698061922015 0
v 354.9553000714257 461.3658226946483 0
v 355.24009882546136 460.1454788293505 0
v 355.45589081374993 458.9115586574999 0
v 355.60329847926505 457.66757360354 0
v 355.6829442649804 456.417035091914 0
v 355.6954506138696 455.1634545470653 0
v 355.6414399689062 453.9103433934374 0
v 355.5215347730639 452.6612130554736 0
v 355.33635746931634 451.4195749576171 0
v 355.0865305006372 450.1889405243114 0
v 354.77267630999995 448.9728211799999 0
v 354.77267630999995 448.9728211799999 0
v 354.76120778782894 448.84597455679034 0
v 354.7400946309131 448.7258446184252 0
v 354.7098107570855 448.61209684242453 0
v 354.67083008417967 448.50439670630857 0
v 354.6236265300286 448.40240968759724 0
v 354.56867401246575 448.30580126381096 0
v 354.50644644932424 448.2142369124697 0
v 354.43741775843745 448.12738211109365 0
v 354.2808526647607 447.9664630683178 0
v 354.10277007410156 447.8203679556445 0
v 353.906961329126 447.68642059323474 0
v 353.6972177725 447.5619448012499 0
v 353.25109159496094 447.33070320919916 0
v 352.7947222828125 447.10523374078116 0
v 352.57217480792474 446.9879731033373 0
v 352.3584405773828 446.86412695728507 0
v 352.1573109338525 446.73101912278554 0
v 351.97257721999995 446.5859734199999 0
v 351.97257721999995 446.5859734199999 0
v 351.3706272637793 446.1545587750487 0
v 350.8066978747655 445.69029501585925 0
v 350.27733127868163 445.1963364278027 0
v 349.77906970124997 444.67583729624994 0
v 349.3084553681933 444.1319519065722 0
v 348.8620305052344 443.56783454414057 0
v 348.43633733809565 442.986639494326 0
v 348.02791809249993 442.3915210424999 0
v 347.2490702688281 441.1721310742968 0
v 346.49782483999996 439.9348989224999 0
v 345.7465196117968 438.705058870078 0
v 344.96749238999996 437.5078451999999 0
v 344.96749238999996 437.5078451999999 0
v 344.427816319375 436.6818509602733 0
v 343.827324284375 435.8434097296874 0
v 343.5024564971289 435.4332258554442 0
v 343.16020577906244 435.0363754686327 0
v 342.79984581693355 434.65834031430165 0
v 342.42065029749995 434.30460213749984 0
v 342.02189290751954 433.98064268327624 0
v 341.60284733374993 433.6919436966796 0
v 341.3854895050561 433.5625299240691 0
v 341.16278726294917 433.44398692275865 0
v 340.9346498182739 433.3369999108794 0
v 340.70098638187494 433.2422541065623 0
v 340.4617061645971 433.16043472793876 0
v 340.21671837728513 433.0922269931395 0
v 339.96593223078366 433.0383161202959 0
v 339.7092569359375 432.9993873275389 0
v 339.4466017035913 432.9761258329998 0
v 339.1778757445898 432.9692168548095 0
v 338.90298826977784 432.9793456110991 0
v 338.62184849 433.0071973199999 0
v 338.62184849 433.0071973199999 0
v 338.4021794213022 433.0169885721119 0
v 338.1902331343237 433.0392936309594 0
v 337.9856819199246 433.0735483371834 0
v 337.7881980689649 433.11918853142566 0
v 337.59745387230436 433.17565005432755 0
v 337.4131216208032 433.24236874653064 0
v 337.23487360532135 433.3187804486763 0
v 337.06238211671877 433.4043210014061 0
v 336.7333578835913 433.60053202118394 0
v 336.42342724830075 433.82648853099596 0
v 336.12996853772705 434.07767725597387 0
v 335.85036007875004 434.34958492124986 0
v 335.32220722310547 434.93750397322253 0
v 334.81799529640625 435.5541394879686 0
v 334.3167509136914 436.16338526654283 0
v 333.79750069 436.7291351099999 0
v 333.79750069 436.7291351099999 0
v 332.97366650248046 437.5810785016405 0
v 332.0949277679687 438.4381594968749 0
v 331.63408505248776 438.8551016889549 0
v 331.15845522853516 439.25709839367187 0
v 330.6676846388696 439.6387396482714 0
v 330.16141962625 439.9946154899999 0
v 329.63930653343505 440.3193159561034 0
v 329.1009917031836 440.60743108382803 0
v 328.82564811863125 440.73607853243766 0
v 328.54612147825435 440.8535509104198 0
v 328.2623675748978 440.95917197243034 0
v 327.9743422014062 441.0522654731249 0
v 327.68200115062467 441.13215516715934 0
v 327.38530021539793 441.1981648091894 0
v 327.08419518857085 441.24961815387076 0
v 326.77864186298825 441.2858389558593 0
v 326.46859603149505 441.3061509698107 0
v 326.15401348693604 441.3098779503808 0
v 325.83485002215605 441.29634365222523 0
v 325.51106143 441.2648718299999 0
v 325.51106143 441.2648718299999 0
v 325.2558422655078 441.2216330409227 0
v 325.0110705501562 441.1566156217264 0
v 324.7756599286328 441.07228693371377 0
v 324.5485240456249 440.97111433818736 0
v 324.1147310739062 440.72810686980455 0
v 323.7010007925 440.44733210699997 0
v 323.29864235890625 440.1485289401952 0
v 322.89896493062497 439.85143625981243 0
v 322.4932776651562 439.57579295627335 0
v 322.07288972 439.34133791999994 0
v 322.07288972 439.34133791999994 0
v 320.1780873466601 442.7980581496874 0
v 318.37874844640623 446.30553998249997 0
v 317.51870052045166 448.07799155964835 0
v 316.6871057288867 449.8627436090624 0
v 315.88549316041747 451.65966615457023 0
v 315.1153919037499 453.4686292199999 0
v 314.3783310475902 455.2895028291796 0
v 313.67583968064446 457.1221570059374 0
v 313.00944689161867 458.9664617741015 0
v 312.3806817692187 460.8222871575 0
v 311.7910734021508 462.68950317996087 0
v 311.242150879121 464.5679798653124 0
v 310.73544328883537 466.4575872373827 0
v 310.2724797199999 468.35819531999994 0
v 310.2724797199999 468.35819531999994 0
v 309.90170604969717 470.2902529098047 0
v 309.55642124007807 472.22872186968743 0
v 309.2451909287011 474.1730752053515 0
v 308.97658075312495 476.12278592249993 0
v 308.75915635090814 478.07732702683586 0
v 308.60148335960935 480.0361715240625 0
v 308.51212741678705 481.99879241988276 0
v 308.4996541599999 483.96466272 0
v 308.4996541599999 483.96466272 0
v 308.3519649942477 483.99131141604096 0
v 308.2158490514819 484.0082140057653 0
v 308.090859880314 484.01574645448153 0
v 307.9765510293554 484.014284727498 0
v 307.8724760472177 484.00420479012314 0
v 307.77818848251206 483.98588260766525 0
v 307.69324188385025 483.9596941454329 0
v 307.6171897998437 483.9260153687343 0
v 307.5495857791036 483.88522224287806 0
v 307.48998337024165 483.83769073317256 0
v 307.43793612186914 483.7837968049261 0
v 307.39299758259756 483.72391642344724 0
v 307.3547213010384 483.65842555404424 0
v 307.32266082580315 483.5877001620256 0
v 307.29636970550314 483.5121162126997 0
v 307.27540148874994 483.43204967137495 0
v 307.2476479603295 483.25997267396264 0
v 307.2358286294335 483.0744768922558 0
v 307.23637188495354 482.87857004872194 0
v 307.2457061157812 482.6752598658281 0
v 307.27646105892575 482.25846037183004 0
v 307.29952056999997 481.8481401899999 0
v 307.29952056999997 481.8481401899999 0
v 307.3407286057862 480.47770442012694 0
v 307.41224518199334 479.11116498140615 0
v 307.51333424267494 477.7485957239355 0
v 307.64325973188477 476.3900704978124 0
v 307.80128559367625 475.0356631531347 0
v 307.98667577210324 473.68544754 0
v 308.19869421121933 472.3394975085058 0
v 308.43660485507803 470.99788690874993 0
v 308.98715853323847 468.32797940484375 0
v 309.63244835901367 465.6763158290624 0
v 310.3665858848327 463.04348698218746 0
v 311.18368266312496 460.430083665 0
v 312.07785024631954 457.83669667828116 0
v 313.04320018684564 455.26391682281246 0
v 314.07384403713246 452.7123348993749 0
v 315.16389334960934 450.1825417087499 0
v 316.30745967670526 447.6751280517187 0
v 317.49865457084957 445.19068472906247 0
v 318.7315895844714 442.72980254156244 0
v 320.00037626999995 440.29307228999994 0
v 320.00037626999995 440.29307228999994 0
v 320.17241392248434 439.9284743184843 0
v 320.391303388625 439.5545379134999 0
v 320.61169780570305 439.18016667914054 0
v 320.788250311 438.81426421949993 0
v 320.84591495213084 438.6372711564785 0
v 320.8756140417969 438.4657341386718 0
v 320.87820514300563 438.382359443759 0
v 320.8716792221582 438.3007661165917 0
v 320.8553277345247 438.221093275984 0
v 320.828442135375 438.1434800407499 0
v 320.79031387997924 438.0680655297033 0
v 320.74023442360743 437.99498886165816 0
v 320.6774952215295 437.92438915542834 0
v 320.60138772901564 437.85640552982807 0
v 320.5112034013357 437.7911771036711 0
v 320.40623369375976 437.7288429957714 0
v 320.28577006155786 437.66954232494305 0
v 320.14910396 437.6134142099999 0
v 320.14910396 437.6134142099999 0
v 320.0698093917944 437.5190773930625 0
v 319.9893339416601 437.43769215146915 0
v 319.9077618581958 437.368686394361 0
v 319.8251773899999 437.31148803087876 0
v 319.7416647856714 437.26552497016377 0
v 319.65730829380857 437.23022512135685 0
v 319.5721921630102 437.205016393599 0
v 319.4864006418749 437.18932669603123 0
v 319.4000179790014 437.1825839377944 0
v 319.31312842298826 437.18421602802965 0
v 319.22581622243405 437.19365087587806 0
v 319.13816562593746 437.2103163904804 0
v 318.9621862395117 437.2630510565112 0
v 318.7858642525 437.3378432992499 0
v 318.434888431875 437.5352936073632 0
v 318.090630074375 437.7660534998436 0
v 317.7584810903125 437.99350916171477 0
v 317.44383339 438.1810467779999 0
v 317.44383339 438.1810467779999 0
v 316.53326812519293 438.77097563576353 0
v 315.644109946543 439.39145184792176 0
v 314.77833114333254 440.0419088365253 0
v 313.93790400484374 440.7217800236249 0
v 313.12480082035887 441.43049883127134 0
v 312.3409938791601 442.1674986815155 0
v 311.58845547052977 442.9322129964081 0
v 310.86915788375006 443.72407519799987 0
v 310.185073408103 444.5425187083417 0
v 309.5381743328711 445.3869769494843 0
v 308.9304329473364 446.25688334347836 0
v 308.36382154078126 447.1516713123749 0
v 307.8403124024878 448.0707742782246 0
v 307.3618778217383 449.013625663078 0
v 306.9304900878149 449.97965888898625 0
v 306.54812148999997 450.9683073779999 0
v 306.54812148999997 450.9683073779999 0
v 306.2617591276538 451.7035055320282 0
v 305.9992830338867 452.4450804942889 0
v 305.7579612804809 453.19228637879587 0
v 305.53506193921874 453.94437729956235 0
v 305.13360278025385 455.46023070592963 0
v 304.77305013124993 456.9866736255 0
v 304.4315485664648 458.5177389703827 0
v 304.0872426601562 460.04745965268745 0
v 303.718276986582 461.56986858452336 0
v 303.30279612 463.07899867799995 0
v 303.30279612 463.07899867799995 0
v 303.26973294077084 463.12893698362 0
v 303.2321946445573 463.17355136554244 0
v 303.19063881532054 463.2129464730482 0
v 303.14552303702146 463.2472269554179 0
v 303.04644196908026 463.3008626418735 0
v 302.9386121124219 463.3352956191562 0
v 302.8256941387341 463.35136308151317 0
v 302.7113487197051 463.3499022231914 0
v 302.59923652702264 463.33175023843796 0
v 302.49301823237494 463.2977443215 0
v 302.3963545074499 463.2487216666245 0
v 302.3129060239355 463.1855194680585 0
v 302.2772814576098 463.14886266309384 0
v 302.24633345351975 463.10897492004926 0
v 302.22051959562634 463.0659608882056 0
v 302.20029746789055 463.0199252168437 0
v 302.1861246542735 462.97097255524454 0
v 302.178458738736 462.9192075526889 0
v 302.17775730523925 462.8647348584577 0
v 302.1844779377441 462.807659121832 0
v 302.19907822021156 462.74808499209234 0
v 302.22201573660277 462.68611711852 0
v 302.2537480708785 462.6218601503955 0
v 302.29473280699995 462.5554187369999 0
v 302.29473280699995 462.5554187369999 0
v 302.7860652356718 460.0680915187968 0
v 303.3112690269999 457.5676674288749 0
v 303.59846871036905 456.3195465232792 0
v 303.908411466453 455.0765543592655 0
v 304.24585570593547 453.84149192333786 0
v 304.61555983949995 452.61716020199987 0
v 305.02228227783 451.40636018175576 0
v 305.47078143160934 450.2118928491093 0
v 305.9658157115214 449.0365591905644 0
v 306.5121435282499 447.8831601926249 0
v 307.11452329247845 446.7544968417949 0
v 307.7777134148905 445.6533701245781 0
v 308.13359936375406 445.1140083118571 0
v 308.5064723061698 444.58258102747845 0
v 308.8969270434733 444.0594383947551 0
v 309.3055583769999 443.54493053699997 0
v 309.3055583769999 443.54493053699997 0
v 309.7724118121244 442.9905929214506 0
v 310.25482632158975 442.4496152316679 0
v 310.75216482403357 441.9218067866997 0
v 311.2637902380937 441.40697690559375 0
v 312.3273534756132 440.4154901111601 0
v 313.44041938324995 439.4736294007499 0
v 314.5978913101054 438.579869326746 0
v 315.79467260528116 437.7326844415312 0
v 317.0256666178788 436.9305492974882 0
v 318.2857766969999 436.17193844699995 0
v 318.2857766969999 436.17193844699995 0
v 317.22455497875774 435.2115328939335 0
v 316.13926152043734 434.23715726559374 0
v 315.0726703166483 433.2327335095195 0
v 314.0675553619999 432.18218357325 0
v 313.6014183514189 431.63458689614794 0
v 313.1666906511015 431.0694294043242 0
v 312.768719010374 430.4847013412211 0
v 312.4128501785624 429.8783929502812 0
v 312.2523751751646 429.5665180829481 0
v 312.10443090499314 429.2484944749467 0
v 311.96968571171374 428.9240709067073 0
v 311.84880793899214 428.59299615866007 0
v 311.7424659304942 428.2550190112355 0
v 311.6513280298857 427.90988824486374 0
v 311.5760625808324 427.55735263997514 0
v 311.51733792699997 427.19716097699995 0
v 311.51733792699997 427.19716097699995 0
v 311.30836799364255 426.36255798215615 0
v 311.128595977203 425.51302899637494 0
v 311.05579886285074 425.08484731176566 0
v 310.99766883775584 424.65555019528125 0
v 310.9566617719274 424.226009668875 0
v 310.93523353537495 423.7970977545 0
v 310.93583999810755 423.36968647410936 0
v 310.96093703013474 422.94464784965623 0
v 311.0129805014655 422.52285390309373 0
v 311.09442628210934 422.10517665637497 0
v 311.2077302420754 421.69248813145305 0
v 311.355348251373 421.2856603502812 0
v 311.5397361800114 420.88556533481244 0
v 311.76334989799994 420.4930751069999 0
v 311.76334989799994 420.4930751069999 0
v 311.94255584223947 420.18316504305466 0
v 312.14168200166597 419.88511116918744 0
v 312.358122166904 419.59755464360154 0
v 312.5892701285781 419.31913662449995 0
v 313.08526460373236 418.7842807385625 0
v 313.6088157521249 418.2696727769999 0
v 314.1390738987519 417.76444200543745 0
v 314.65518936860934 417.25771768949994 0
v 314.9014280763107 417.0003983478984 0
v 315.13631248669327 416.7386290948125 0
v 315.3572363903815 416.4710510884453 0
v 315.56159357799993 416.19630548699996 0
v 315.56159357799993 416.19630548699996 0
v 314.3653201622382 415.21110579754685 0
v 313.1891181575312 414.20208974699995 0
v 312.02328885274596 413.18035021082807 0
v 310.8581335367499 412.1569800645 0
v 309.68395349841006 411.14307218348426 0
v 308.49105002659365 410.1497194432499 0
v 307.26972441016784 409.18801471926554 0
v 306.0102779379999 408.26905088699993 0
v 306.0102779379999 408.26905088699993 0
v 305.3290031764764 407.77251689987105 0
v 304.6391546795624 407.28710060184363 0
v 303.94138774874205 406.81211311920697 0
v 303.2363576854999 406.3468655782499 0
v 302.52471979132025 405.8906691052616 0
v 301.8071293676874 405.44283482653117 0
v 301.08424171608584 405.00267386834753 0
v 300.3567121379999 404.56949735699993 0
v 300.3567121379999 404.56949735699993 0
v 300.264457648875 404.6392104115722 0
v 300.1722031597499 404.7089242932655 0
v 300.07994867062496 404.7786388839198 0
v 299.98769418149993 404.8483540653749 0
v 299.8954396923749 404.91806971947057 0
v 299.80318520324994 404.9877857280468 0
v 299.71093071412497 405.0575019729433 0
v 299.61867622499994 405.12721833599994 0
v 299.61867622499994 405.12721833599994 0
v 299.61870944687496 405.12722841899995 0
v 299.61874266875 405.12723850199995 0
v 299.618775890625 405.12724858499996 0
v 299.6188091125 405.12725866799997 0
v 299.61884233437496 405.127268751 0
v 299.61887555625 405.127278834 0
v 299.618908778125 405.127288917 0
v 299.618942 405.127299 0
v 281.88643399999995 398.885922 0
v 279.97088690163565 400.0608237585571 0
v 278.0813902174609 401.27375816970704 0
v 276.2187889251025 402.5241147885425 0
v 274.3839280021875 403.81128317015623 0
v 272.5776524263427 405.13465286964106 0
v 270.80080717519525 406.4936134420899 0
v 269.054237226372 407.8875544425951 0
v 267.3387875574999 409.31586542624996 0
v 265.65530314620605 410.777935948147 0
v 264.00462897011715 412.27315556337885 0
v 262.3876100068603 413.8009138270385 0
v 260.80509123406244 415.3606002942187 0
v 259.2579176293506 416.95160452001215 0
v 257.74693417035155 418.57331605951174 0
v 256.27298583469235 420.2251244678101 0
v 254.8369176 421.9064193 0
v 254.8369176 421.9064193 0
v 253.02778133521727 424.2147579566162 0
v 251.30439223517575 426.5785447435547 0
v 249.66699930821042 428.9948566739502 0
v 248.11585156265622 431.4607707609375 0
v 246.65119800684815 433.9733640176514 0
v 245.27328764912107 436.52971345722653 0
v 243.98236949781003 439.1268960927979 0
v 242.77869256124998 441.76198893749995 0
v 241.66250584777586 444.43206900446773 0
v 240.63405836572267 447.13421330683593 0
v 239.6935991234253 449.8654988577393 0
v 238.8413771292187 452.62300267031253 0
v 238.07764139143796 455.4038017576904 0
v 237.40264091841794 458.20497313300785 0
v 236.8166247184936 461.0235938093995 0
v 236.31984179999998 463.8567408 0
v 236.31984179999998 463.8567408 0
v 236.03151856839108 465.68880737614757 0
v 235.77640065275386 467.5245490285547 0
v 235.55361769187252 469.3635855769189 0
v 235.36229932453122 471.20553684093744 0
v 235.07057492560546 474.89666279472664 0
v 234.89426456625 478.59488544749996 0
v 234.8264053567383 482.29716335683594 0
v 234.86003440734376 486.0004550803125 0
v 234.98818882833984 489.70171917550783 0
v 235.20390572999997 493.3979142 0
v 235.20390572999997 493.3979142 0
v 235.62506770266754 493.53428707040035 0
v 236.04791252552 493.6526576501953 0
v 236.47228857833218 493.75365218821287 0
v 236.89804424087887 493.8378969332813 0
v 237.32502789293483 493.9060181342286 0
v 237.7530879142749 493.9586420398828 0
v 238.1820726846737 493.99639489907224 0
v 238.61183058390625 494.01990296062496 0
v 239.47305928797115 494.02668968613284 0
v 240.33556106466796 493.9840122070312 0
v 241.19812295219478 493.8968805139453 0
v 242.05953198875 493.7703045975 0
v 242.91857521253172 493.60929444832027 0
v 243.77403966173824 493.4188600570312 0
v 244.62471237456788 493.2040114142578 0
v 245.46938038921877 492.969758510625 0
v 247.1358504767773 492.46307988328124 0
v 248.76374622999998 491.9389041 0
v 248.76374622999998 491.9389041 0
v 250.48759389573482 491.29411705111085 0
v 252.1923523240039 490.610721909668 0
v 253.87913449952876 489.8913555672583 0
v 255.5490534070312 489.13865491546875 0
v 258.8427533568555 487.54379825009767 0
v 262.08235605125 485.84724704625 0
v 265.2767653679882 484.0700964366211 0
v 268.4348851848437 482.23344155390623 0
v 271.5656193795898 480.3583775308008 0
v 274.67787182999996 478.46599949999995 0
v 274.67787182999996 478.46599949999995 0
v 275.0635859173457 478.2363782184785 0
v 275.4579199600156 478.01038764407815 0
v 275.6490583089172 477.89485248216425 0
v 275.831238259834 477.77554332916986 0
v 276.0007553504938 477.6508996291413 0
v 276.15390511862495 477.519360826125 0
v 276.28698310195523 477.37936636416714 0
v 276.39628483821286 477.2293556873144 0
v 276.44086196922933 477.15010659456686 0
v 276.4781058651257 477.06776823961303 0
v 276.50755346811786 476.9821455529586 0
v 276.5287417204218 476.8930434651094 0
v 276.5412075642536 476.8002669065712 0
v 276.5444879418293 476.70362080784986 0
v 276.53811979536476 476.60291009945115 0
v 276.5216400670761 476.49793971188086 0
v 276.4945856991793 476.3885145756448 0
v 276.4564936338903 476.2744396212488 0
v 276.4069008134252 476.1555197791986 0
v 276.3453441799999 476.03155998 0
v 276.3453441799999 476.03155998 0
v 275.9172931941015 473.0288049656836 0
v 275.5625537503124 470.0178839029687 0
v 275.28311666949213 467.000310423457 0
v 275.08097277249993 463.97759815874997 0
v 274.95811288019524 460.95126074044924 0
v 274.9165278134374 457.92281180015624 0
v 274.9582083930859 454.8937649694726 0
v 275.0851454399999 451.86563388 0
v 275.0851454399999 451.86563388 0
v 275.2761156135412 449.1701850736523 0
v 275.568861566955 446.47831061203124 0
v 275.96414198923895 443.79502639376955 0
v 276.4627155693905 441.1253483175 0
v 276.7509743839785 439.79717905093503 0
v 277.0653409964074 438.47429228185547 0
v 277.40591024280207 437.15731499759033 0
v 277.772776959287 435.8468741854687 0
v 278.16603598198714 434.5435968328198 0
v 278.585782147027 433.2481099269727 0
v 279.03211029053136 431.9610404552563 0
v 279.5051152486249 430.683015405 0
v 280.0048918574323 429.41466176353265 0
v 280.5315349530783 428.1566065181836 0
v 281.0851393716875 426.90947665628175 0
v 281.6657999493847 425.67389916515623 0
v 282.2736115222945 424.4505010321362 0
v 282.9086689265417 423.2399092445508 0
v 283.5710669982509 422.04275078972904 0
v 284.2609005735468 420.859652655 0
v 284.97826448855415 419.69124182769286 0
v 285.7232535793976 418.53814529513676 0
v 286.49596268220193 417.4009900446606 0
v 287.2964866330917 416.2804030635938 0
v 288.1249202681917 415.17701133926516 0
v 288.98135842362666 414.0914418590039 0
v 289.8658959355211 413.0243216101392 0
v 290.7786276399999 411.97627758000004 0
v 290.7786276399999 411.97627758000004 0
v 290.8677158352734 411.8438668904224 0
v 290.9918320127812 411.693128467629 0
v 291.1421248683671 411.52869356940386 0
v 291.3097430978749 411.3551934535313 0
v 291.6615504620312 410.9995225999805 0
v 291.97644367199985 410.66316596925003 0
v 292.0979192087733 410.51380863190286 0
v 292.18361229453114 410.38317362361335 0
v 292.2102743857304 410.3263242609227 0
v 292.2246716251171 410.27589220216555 0
v 292.22692517131213 410.25326357026927 0
v 292.2256975996718 410.23245635456493 0
v 292.22085060856847 410.21354291845546 0
v 292.2122458963749 410.1965956253438 0
v 292.1997451614635 410.1816868386327 0
v 292.1832101022069 410.16888892172517 0
v 292.16250241697765 410.158274238024 0
v 292.1374838041483 410.1499151509322 0
v 292.0739605891796 410.1402532201877 0
v 291.99153404428114 410.14048203671484 0
v 291.7655453126171 410.1729275404761 0
v 291.4506663049999 410.25188292 0
v 291.4506663049999 410.25188292 0
v 290.906928136672 410.3191449519883 0
v 290.370633141267 410.4064998416089 0
v 289.8418604478408 410.5133872327835 0
v 289.3206891854491 410.63924676943367 0
v 288.80719848314783 410.78351809548064 0
v 288.3014674699926 410.9456408548462 0
v 287.8035752750393 411.12505469145174 0
v 287.3136010273437 411.3211992492188 0
v 286.8316238559615 411.5335141720688 0
v 286.3577228899486 411.76143910392335 0
v 285.89197725836084 412.0044136887039 0
v 285.43446609025386 412.26187757033205 0
v 284.5444636607055 412.8180317998169 0
v 283.6883486337499 413.42541894375006 0
v 282.8667540418334 414.0795561535034 0
v 282.08031291740224 414.77596058044924 0
v 281.32965829290276 415.51014937595954 0
v 280.61542320078115 416.27763969140625 0
v 279.93824067348385 417.0739486781616 0
v 279.29874374345695 417.89459348759766 0
v 278.6975654431469 418.73509127108645 0
v 278.13533880499995 419.59095918 0
v 278.13533880499995 419.59095918 0
v 277.19150948898425 421.026172415332 0
v 276.28039541437494 422.4833291732812 0
v 275.387071653828 423.95231848927733 0
v 274.49661327999996 425.42302939875 0
v 273.5940953655468 426.8853509371289 0
v 272.664592983125 428.32917213984376 0
v 271.6931812053906 429.7443820423243 0
v 270.664935105 431.12086968000006 0
v 270.664935105 431.12086968000006 0
v 270.47639799776533 431.05246323305056 0
v 270.3124156507168 430.97656692396686 0
v 270.1726538258372 430.8936529945833 0
v 270.0567782851093 430.80419368673444 0
v 269.9644547905163 430.70866124225466 0
v 269.895349104041 430.6075279029786 0
v 269.8693984894671 430.5550084733652 0
v 269.84912698766624 430.5012659107406 0
v 269.83449281888625 430.44635924533407 0
v 269.82545420337493 430.39034750737505 0
v 269.8239965131501 430.27524493471657 0
v 269.8444196789746 430.15643043459966 0
v 269.88638946283123 430.03437624885873 0
v 269.94957162670306 429.9095546193281 0
v 270.0336319325729 429.7824377878426 0
v 270.1382361424238 429.65349799623635 0
v 270.26305001823846 429.523207486344 0
v 270.40773932199994 429.3920385 0
v 270.40773932199994 429.3920385 0
v 271.758299277996 427.4071554430078 0
v 273.0322823968437 425.3690695940625 0
v 274.2711059748319 423.30647732871097 0
v 275.5161873082499 421.2480750225 0
v 276.1540175383354 420.22941272143066 0
v 276.8089436933866 419.2225590509766 0
v 277.48614293543983 418.2311010580811 0
v 278.1907924265311 417.2586257896875 0
v 278.92806932869667 416.30872029273934 0
v 279.70315080397256 415.3849716141798 0
v 280.5212140143949 414.4909668009522 0
v 281.3874361219999 413.63029290000003 0
v 281.3874361219999 413.63029290000003 0
v 281.99483828104525 413.07628753604007 0
v 282.630620071082 412.5586633887891 0
v 283.2928602814603 412.0769049845655 0
v 283.97963770153115 411.63049684968746 0
v 284.6890311206449 411.21892351047364 0
v 285.41911932815225 410.84166949324214 0
v 286.16798111340375 410.49821932431155 0
v 286.9336952657499 410.18805753000004 0
v 287.71434057454144 409.910668636626 0
v 288.5079958291288 409.66553717050783 0
v 289.31273981886267 409.4521476579639 0
v 290.12665133309366 409.26998462531253 0
v 290.94780916117224 409.1185325988721 0
v 291.7742920924491 408.997276104961 0
v 292.60417891627486 408.90569966989756 0
v 293.43554842199995 408.84328782000006 0
v 293.43554842199995 408.84328782000006 0
v 293.975357380125 408.4731423276153 0
v 294.49419669074996 408.06139418029693 0
v 294.99738849824996 407.61859945192384 0
v 295.4902549469999 407.155314216375 0
v 295.97811818137495 406.68209454752935 0
v 296.46630034574997 406.2094965192657 0
v 296.96012358449997 405.7480762054629 0
v 297.464910042 405.30838968 0
v 297.464910042 405.30838968 0
v 297.8057565752285 405.0100141741876 0
v 298.1598590103281 404.709914475375 0
v 298.32693520158614 404.56116001576174 0
v 298.4793901809199 404.4143048625001 0
v 298.61124555253195 404.2701258004571 0
v 298.716522920625 404.1293996145 0
v 298.75732660466514 404.06057409532474 0
v 298.7892438894016 403.99290308949617 0
v 298.8115274753595 403.9264836951226 0
v 298.8234300630644 403.86141301031256 0
v 298.8242043530415 403.7977881331744 0
v 298.8131030458161 403.73570616181644 0
v 298.7893788419136 403.67526419434716 0
v 298.75228444185933 403.61655932887504 0
v 298.7010725461786 403.5596886635083 0
v 298.6349958553967 403.5047492963555 0
v 298.55330707003895 403.45183832552493 0
v 298.45525889063083 403.401052849125 0
v 298.20709515176435 403.30624677205077 0
v 297.8845262429999 403.22110785 0
v 297.8845262429999 403.22110785 0
v 296.1916954281757 402.3899886104297 0
v 294.4744851556561 401.60607907968745 0
v 292.735286154621 400.86677264472655 0
v 290.9764891542499 400.1694626924999 0
v 289.20048488372254 399.5115426099609 0
v 287.4096640722187 398.89040578406247 0
v 285.6064174489179 398.30344560175774 0
v 283.79313574299994 397.74805545 0
v 283.79313574299994 397.74805545 0
v 283.5546222814061 397.8903315427265 0
v 283.3161068264999 398.03260716281255 0
v 283.0775913715937 398.17488183761725 0
v 282.83907790999996 398.31715509450004 0
v 282.6005684350312 398.45942646082034 0
v 282.3620649399999 398.6016954639375 0
v 282.12356941821866 398.74396163121094 0
v 281.8850838629999 398.88622449 0
v 281.8850838629999 398.88622449 0
v 281.8852526301249 398.88618667875 0
v 281.88542139724996 398.8861488675 0
v 281.88559016437495 398.88611105625 0
v 281.88575893149994 398.88607324500003 0
v 281.8859276986249 398.88603543375 0
v 281.8860964657499 398.8859976225 0
v 281.88626523287496 398.88595981125 0
v 281.88643399999995 398.885922 0
l 1 2
l 2 3
l 3 4
l 4 5
l 5 6
l 6 7
l 7 8
l 8 9
l 9 10
l 10 11
l 11 12
l 12 13
l 13 14
l 14 15
l 15 16
l 16 17
l 17 18
l 18 19
l 19 20
l 20 21
l 22 23
l 23 24
l 24 25
l 25 26
l 26 27
l 27 28
l 28 29
l 29 30
l 30 31
l 31 32
l 32 33
l 33 34
l 34 35
l 35 36
l 36 37
l 37 38
l 39 40
l 40 41
l 41 42
l 42 43
l 43 44
l 44 45
l 45 46
l 46 47
l 47 48
l 48 49
l 49 50
l 50 51
l 51 52
l 52 53
l 53 54
l 54 55
l 56 57
l 57 58
l 58 59
l 59 60
l 60 61
l 61 62
l 62 63
l 63 64
l 64 65
l 65 66
l 66 67
l 67 68
l 68 69
l 69 70
l 70 71
l 71 72
l 72 73
l 73 74

l 75 76
l 76 77
l 77 78
l 78 79
l 79 80
l 80 81
l 81 82
l 82 83
l 83 84
l 84 85
l 85 86
l 86 87
l 87 88
l 88 89
l 89 90
l 90 91
l 91 92
l 92 93
l 93 94
l 94 95
l 95 96
l 96 97
l 97 98
l 98 99
l 99 100
l 100 101
l 101 102
l 102 103
l 103 104
l 104 105
l 105 106
l 106 107
l 108 109
l 109 110
l 110 111
l 111 112
l 112 113
l 113 114
l 114 115
l 115 116
l 116 117
l 117 118
l 118 119
l 119 120
l 120 121
l 121 122
l 122 123
l 123 124
l 125 126
l 126 127
l 127 128
l 128 129
l 129 130
l 130 131
l 131 132
l 132 133
l 133 134
l 134 135
l 135 136
l 136 137
l 137 138
l 138 139
l 139 140
l 140 141
l 141 142
l 142 143
l 143 144
l 144 145
l 145 146
l 146 147
l 148 149
l 149 150
l 150 151
l 151 152
l 152 153
l 153 154
l 154 155
l 155 156
l 156 157
l 157 158
l 158 159
l 159 160
l 160 161
l 161 162
l 162 163
l 163 164
l 165 166
l 166 167
l 167 168
l 168 169
l 169 170
l 170 171
l 171 172
l 172 173
l 173 174
l 174 175
l 175 176
l 176 177
l 177 178
l 178 179
l 179 180
l 180 181
l 181 182
l 182 183
l 183 184
l 184 185
l 186 187
l 187 188
l 188 189
l 189 190
l 190 191
l 191 192
l 192 193
l 193 194
l 194 195
l 195 196
l 196 197
l 197 198
l 198 199
l 199 200
l 201 202
l 202 203
l 203 204
l 204 205
l 205 206
l 206 207
l 207 208
l 208 209
l 209 210
l 210 211
l 211 212
l 212 213
l 213 214
l 214 215
l 215 216
l 216 217
l 217 218
l 218 219
l 219 220
l 220 221
l 222 223
l 223 224
l 224 225
l 225 226
l 226 227
l 227 228
l 228 229
l 229 230
l 230 231
l 231 232
l 232 233
l 233 234
l 234 235
l 235 236
l 236 237
l 237 238
l 239 240
l 240 241
l 241 242
l 242 243
l 243 244
l 244 245
l 245 246
l 246 247
l 247 248
l 248 249
l 249 250
l 250 251
l 251 252
l 252 253
l 253 254
l 254 255
l 255 256
l 256 257
l 257 258
l 258 259
l 259 260
l 260 261
l 261 262
l 262 263
l 263 264
l 264 265
l 265 266
l 266 267
l 267 268
l 268 269
l 269 270
l 270 271
l 271 272
l 272 273
l 273 274
l 274 275
l 275 276
l 276 277
l 277 278
l 278 279
l 279 280
l 280 281
l 281 282
l 282 283
l 283 284
l 284 285
l 285 286
l 286 287
l 287 288
l 288 289
l 289 290
l 290 291
l 292 293
l 293 294
l 294 295
l 295 296
l 296 297
l 297 298
l 298 299
l 299 300
l 300 301
l 301 302
l 302 303
l 303 304
l 304 305
l 305 306
l 306 307
l 307 308
l 308 309
l 309 310
l 310 311
l 311 312
l 312 313
l 313 314
l 314 315
l 315 316
l 316 317
l 317 318
l 318 319
l 319 320
l 320 321
l 321 322
l 322 323
l 323 324
l 325 326
l 326 327
l 327 328
l 328 329
l 329 330
l 330 331
l 331 332
l 332 333
l 333 334
l 334 335
l 335 336
l 336 337
l 337 338
l 338 339
l 339 340
l 340 341
l 341 342
l 342 343
l 343 344
l 344 345
l 345 346
l 346 347
l 347 348
l 348 349
l 350 351
l 351 352
l 352 353
l 353 354
l 354 355
l 355 356
l 356 357
l 357 358
l 358 359
l 359 360
l 360 361
l 361 362
l 362 363
l 363 364
l 364 365
l 365 366
l 366 367
l 367 368
l 368 369
l 369 370
l 371 372
l 372 373
l 373 374
l 374 375
l 375 376
l 376 377
l 377 378
l 378 379

l 380 381
l 381 382
l 382 383
l 383 384
l 384 385
l 385 386
l 386 387
l 387 388
l 388 389
l 389 390
l 390 391
l 391 392
l 392 393
l 393 394
l 394 395
l 395 396
l 396 397
l 397 398
l 398 399
l 399 400
l 400 401
l 401 402
l 402 403
l 403 404
l 404 405
l 405 406
l 407 408
l 408 409
l 409 410
l 410 411
l 411 412
l 412 413
l 413 414
l 414 415
l 415 416
l 416 417
l 417 418
l 418 419
l 419 420
l 420 421
l 421 422
l 422 423
l 424 425
l 425 426
l 426 427
l 427 428
l 428 429
l 429 430
l 430 431
l 431 432
l 432 433
l 433 434
l 434 435
l 435 436
l 436 437
l 437 438
l 438 439
l 439 440
l 440 441
l 441 442
l 442 443
l 443 444
l 444 445
l 445 446
l 447 448
l 448 449
l 449 450
l 450 451
l 451 452
l 452 453
l 453 454
l 454 455
l 455 456
l 456 457
l 457 458
l 458 459
l 459 460
l 460 461
l 461 462
l 462 463
l 463 464
l 464 465
l 465 466
l 466 467
l 467 468
l 468 469
l 470 471
l 471 472
l 472 473
l 473 474
l 474 475
l 475 476
l 476 477
l 477 478
l 478 479
l 479 480
l 480 481
l 481 482
l 482 483
l 483 484
l 484 485
l 485 486
l 486 487
l 487 488
l 488 489
l 489 490
l 490 491
l 491 492
l 492 493
l 493 494
l 494 495
l 495 496
l 496 497
l 497 498
l 499 500
l 500 501
l 501 502
l 502 503
l 503 504
l 504 505
l 505 506
l 506 507
l 507 508
l 508 509
l 509 510
l 510 511
l 511 512
l 512 513
l 513 514
l 514 515
l 515 516
l 516 517
l 517 518
l 518 519
l 519 520
l 520 521
l 521 522
l 522 523

l 524 525
l 525 526
l 526 527
l 527 528
l 528 529
l 529 530
l 530 531
l 531 532
l 533 534
l 534 535
l 535 536
l 536 537
l 537 538
l 538 539
l 539 540
l 540 541
l 541 542
l 542 543
l 543 544
l 544 545
l 545 546
l 546 547
l 547 548
l 548 549
l 549 550
l 550 551
l 551 552
l 552 553
l 554 555
l 555 556
l 556 557
l 557 558
l 558 559
l 559 560
l 560 561
l 561 562
l 562 563
l 563 564
l 564 565
l 565 566
l 566 567
l 567 568
l 568 569
l 569 570
l 570 571
l 571 572
l 572 573
l 573 574
l 574 575
l 575 576
l 576 577
l 577 578
l 578 579
l 579 580
l 581 582
l 582 583
l 583 584
l 584 585
l 585 586
l 586 587
l 587 588
l 588 589
l 589 590
l 590 591
l 591 592
l 592 593
l 593 594
l 594 595
l 595 596
l 596 597
l 597 598
l 598 599
l 600 601
l 601 602
l 602 603
l 603 604
l 604 605
l 605 606
l 606 607
l 607 608
l 608 609
l 609 610
l 610 611
l 611 612
l 612 613
l 613 614
l 614 615
l 615 616
l 616 617
l 617 618
l 618 619
l 619 620
l 620 621
l 621 622
l 622 623
l 623 624
l 624 625
l 625 626
l 627 628
l 628 629
l 629 630
l 630 631
l 631 632
l 632 633
l 633 634
l 634 635
l 635 636
l 636 637
l 637 638
l 638 639
l 639 640
l 640 641
l 641 642
l 642 643
l 643 644
l 644 645
l 645 646
l 646 647
l 647 648
l 648 649
l 650 651
l 651 652
l 652 653
l 653 654
l 654 655
l 655 656
l 656 657
l 657 658
l 658 659
l 659 660
l 660 661
l 661 662
l 662 663
l 663 664
l 664 665
l 665 666
l 666 667
l 667 668
l 668 669
l 669 670
l 670 671
l 671 672
l 672 673
l 673 674
l 674 675
l 675 676
l 676 677
l 677 678
l 679 680
l 680 681
l 681 682
l 682 683
l 683 684
l 684 685
l 685 686
l 686 687
l 687 688
l 688 689
l 689 690
l 690 691
l 691 692
l 692 693
l 693 694
l 694 695
l 695 696
l 696 697
l 697 698
l 698 699
l 699 700
l 700 701
l 701 702
l 702 703
l 703 704
l 704 705
l 705 706
l 706 707
l 707 708
l 708 709
l 709 710
l 710 711
l 711 712
l 712 713
l 714 715
l 715 716
l 716 717
l 717 718
l 718 719
l 719 720
l 720 721
l 721 722
l 722 723
l 723 724
l 724 725
l 725 726
l 726 727
l 727 728
l 728 729
l 729 730
l 730 731
l 731 732
l 732 733
l 733 734
l 734 735
l 735 736
l 736 737
l 737 738
l 738 739
l 739 740
l 740 741
l 741 742
l 742 743
l 743 744
l 745 746
l 746 747
l 747 748
l 748 749
l 749 750
l 750 751
l 751 752
l 752 753
l 753 754
l 754 755
l 755 756
l 756 757
l 757 758
l 758 759
l 759 760
l 760 761
l 761 762
l 762 763
l 763 764
l 764 765
l 765 766
l 766 767
l 767 768
l 768 769
l 769 770
l 770 771
l 771 772
l 772 773
l 773 774
l 774 775
l 775 776
l 776 777
l 777 778
l 778 779
l 779 780
l 780 781
l 781 782
l 782 783
l 783 784
l 784 785
l 785 786
l 786 787
l 787 788
l 788 789
l 789 790
l 790 791
l 792 793
l 793 794
l 794 795
l 795 796
l 796 797
l 797 798
l 798 799
l 799 800
l 800 801
l 801 802
l 802 803
l 803 804
l 804 805
l 805 806
l 807 808
l 808 809
l 809 810
l 810 811
l 811 812
l 812 813
l 813 814
l 814 815
l 815 816
l 816 817
l 817 818
l 818 819
l 819 820
l 820 821
l 821 822
l 822 823
l 823 824
l 824 825
l 826 827
l 827 828
l 828 829
l 829 830
l 830 831
l 831 832
l 832 833
l 833 834
l 834 835
l 835 836
l 836 837
l 837 838
l 838 839
l 839 840
l 840 841
l 841 842
l 842 843
l 843 844
l 844 845
l 845 846
l 846 847
l 847 848

l 849 850
l 850 851
l 851 852
l 852 853
l 853 854
l 854 855
l 855 856
l 856 857
l 857 858
l 858 859
l 859 860
l 860 861
l 861 862
l 862 863
l 863 864
l 864 865
l 865 866
l 866 867
l 867 868
l 868 869
l 870 871
l 871 872
l 872 873
l 873 874
l 874 875
l 875 876
l 876 877
l 877 878
l 878 879
l 879 880
l 880 881
l 881 882
l 882 883
l 883 884
l 884 885
l 885 886
l 886 887
l 887 888
l 888 889
l 889 890
l 890 891
l 891 892
l 892 893
l 893 894
l 894 895
l 895 896
l 896 897
l 897 898
l 899 900
l 900 901
l 901 902
l 902 903
l 903 904
l 904 905
l 905 906
l 906 907
l 907 908
l 908 909
l 909 910
l 910 911
l 911 912
l 912 913
l 913 914
l 914 915
l 915 916
l 916 917
l 917 918
l 918 919
l 919 920
l 920 921
l 921 922
l 922 923
l 923 924
l 924 925
l 926 927
l 927 928
l 928 929
l 929 930
l 930 931
l 931 932
l 932 933
l 933 934
l 934 935
l 935 936
l 936 937
l 937 938
l 938 939
l 939 940
l 940 941
l 941 942
l 942 943
l 943 944
l 944 945
l 945 946
l 946 947
l 947 948
l 949 950
l 950 951
l 951 952
l 952 953
l 953 954
l 954 955
l 955 956
l 956 957
l 957 958
l 958 959
l 959 960
l 960 961
l 961 962
l 962 963
l 963 964
l 964 965
l 965 966
l 966 967
l 967 968
l 968 969
l 969 970
l 970 971
l 972 973
l 973 974
l 974 975
l 975 976
l 976 977
l 977 978
l 978 979
l 979 980
l 981 982
l 982 983
l 983 984
l 984 985
l 985 986
l 986 987
l 987 988
l 988 989
l 989 990
l 990 991
l 991 992
l 992 993
l 993 994
l 994 995
l 995 996
l 996 997
l 997 998
l 998 999
l 999 1000
l 1000 1001
l 1001 1002
l 1002 1003
l 1003 1004
l 1004 1005
l 1006 1007
l 1007 1008
l 1008 1009
l 1009 1010
l 1010 1011
l 1011 1012
l 1012 1013
l 1013 1014
l 1014 1015
l 1015 1016
l 1016 1017
l 1017 1018
l 1018 1019
l 1019 1020
l 1020 1021
l 1021 1022
l 1022 1023
l 1023 1024
l 1024 1025
l 1025 1026
l 1026 1027
l 1027 1028
l 1028 1029
l 1029 1030
l 1030 1031
l 1031 1032

l 1033 1034
l 1034 1035
l 1035 1036
l 1036 1037
l 1037 1038
l 1038 1039
l 1039 1040
l 1040 1041
l 1041 1042
l 1042 1043
l 1043 1044
l 1044 1045
l 1045 1046
l 1046 1047
l 1047 1048
l 1048 1049
l 1049 1050
l 1050 1051
l 1052 1053
l 1053 1054
l 1054 1055
l 1055 1056
l 1056 1057
l 1057 1058
l 1058 1059
l 1059 1060
l 1060 1061
l 1061 1062
l 1062 1063
l 1063 1064
l 1064 1065
l 1065 1066
l 1066 1067
l 1067 1068

l 1069 1070
l 1070 1071
l 1071 1072
l 1072 1073
l 1073 1074
l 1074 1075
l 1075 1076
l 1076 1077
l 1077 1078
l 1078 1079
l 1079 1080
l 1080 1081
l 1081 1082
l 1082 1083
l 1083 1084
l 1084 1085

l 1086 1087
l 1087 1088
l 1088 1089
l 1089 1090
l 1090 1091
l 1091 1092
l 1092 1093
l 1093 1094
l 1094 1095
l 1095 1096
l 1096 1097
l 1097 1098
l 1098 1099
l 1099 1100
l 1100 1101
l 1101 1102
l 1102 1103
l 1103 1104
l 1104 1105
l 1105 1106
l 1106 1107
l 1107 1108

l 1109 1110
l 1110 1111
l 1111 1112
l 1112 1113
l 1113 1114
l 1114 1115
l 1115 1116
l 1116 1117
l 1117 1118
l 1118 1119
l 1119 1120
l 1120 1121
l 1121 1122
l 1122 1123
l 1123 1124
l 1124 1125
l 1125 1126
l 1126 1127
l 1127 1128
l 1128 1129
l 1129 1130
l 1130 1131
l 1131 1132
l 1132 1133
l 1133 1134
l 1134 1135
l 1136 1137
l 1137 1138
l 1138 1139
l 1139 1140
l 1140 1141
l 1141 1142
l 1142 1143
l 1143 1144
l 1144 1145
l 1145 1146
l 1146 1147
l 1147 1148
l 1148 1149
l 1149 1150
l 1150 1151
l 1151 1152
l 1152 1153
l 1153 1154
l 1154 1155
l 1155 1156
l 1156 1157
l 1157 1158
l 1159 1160
l 1160 1161
l 1161 1162
l 1162 1163
l 1163 1164
l 1164 1165
l 1165 1166
l 1166 1167
l 1167 1168
l 1168 1169
l 1169 1170
l 1170 1171
l 1171 1172
l 1172 1173
l 1173 1174
l 1174 1175
l 1175 1176
l 1176 1177
l 1177 1178
l 1178 1179
l 1179 1180
l 1180 1181
l 1181 1182
l 1182 1183
l 1183 1184
l 1184 1185
l 1186 1187
l 1187 1188
l 1188 1189
l 1189 1190
l 1190 1191
l 1191 1192
l 1192 1193
l 1193 1194
l 1194 1195
l 1195 1196
l 1196 1197
l 1197 1198
l 1199 1200
l 1200 1201
l 1201 1202
l 1202 1203
l 1203 1204
l 1204 1205
l 1205 1206
l 1206 1207
l 1207 1208
l 1208 1209
l 1209 1210
l 1210 1211
l 1211 1212
l 1212 1213
l 1214 1215
l 1215 1216
l 1216 1217
l 1217 1218
l 1218 1219
l 1219 1220
l 1220 1221
l 1221 1222
l 1222 1223
l 1223 1224
l 1224 1225
l 1225 1226
l 1226 1227
l 1227 1228
l 1228 1229
l 1229 1230
l 1230 1231
l 1231 1232
l 1232 1233
l 1233 1234
l 1234 1235
l 1235 1236
l 1237 1238
l 1238 1239
l 1239 1240
l 1240 1241
l 1241 1242
l 1242 1243
l 1243 1244
l 1244 1245
l 1245 1246
l 1246 1247
l 1247 1248
l 1248 1249
l 1249 1250
l 1250 1251
l 1251 1252
l 1252 1253
l 1253 1254
l 1254 1255
l 1255 1256
l 1256 1257
l 1257 1258
l 1258 1259
l 1259 1260
l 1260 1261
l 1261 1262
l 1262 1263
l 1264 1265
l 1265 1266
l 1266 1267
l 1267 1268
l 1268 1269
l 1269 1270
l 1270 1271
l 1271 1272
l 1272 1273
l 1273 1274
l 1274 1275
l 1275 1276
l 1276 1277
l 1277 1278
l 1278 1279
l 1279 1280
l 1280 1281
l 1281 1282
l 1282 1283
l 1283 1284
l 1284 1285
l 1285 1286
l 1286 1287
l 1287 1288
l 1288 1289
l 1289 1290
l 1290 1291
l 1291 1292
l 1293 1294
l 1294 1295
l 1295 1296
l 1296 1297
l 1297 1298
l 1298 1299
l 1299 1300
l 1300 1301
l 1301 1302
l 1302 1303
l 1304 1305
l 1305 1306
l 1306 1307
l 1307 1308
l 1308 1309
l 1309 1310
l 1310 1311
l 1311 1312
l 1312 1313
l 1313 1314
l 1314 1315
l 1315 1316
l 1316 1317
l 1317 1318
l 1318 1319
l 1319 1320
l 1321 1322
l 1322 1323
l 1323 1324
l 1324 1325
l 1325 1326
l 1326 1327
l 1327 1328
l 1328 1329
l 1329 1330
l 1330 1331
l 1331 1332
l 1332 1333
l 1333 1334
l 1334 1335
l 1335 1336
l 1336 1337
l 1337 1338
l 1338 1339
l 1340 1341
l 1341 1342
l 1342 1343
l 1343 1344
l 1344 1345
l 1345 1346
l 1346 1347
l 1347 1348
l 1348 1349
l 1349 1350
l 1350 1351
l 1351 1352
l 1352 1353
l 1353 1354
l 1354 1355
l 1355 1356
l 1356 1357
l 1357 1358
l 1358 1359
l 1359 1360
l 1360 1361
l 1361 1362
l 1363 1364
l 1364 1365
l 1365 1366
l 1366 1367
l 1367 1368
l 1368 1369
l 1369 1370
l 1370 1371

l 1372 1373
l 1373 1374
l 1374 1375
l 1375 1376
l 1376 1377
l 1377 1378
l 1378 1379
l 1379 1380
l 1380 1381
l 1381 1382
l 1382 1383
l 1383 1384
l 1384 1385
l 1385 1386
l 1386 1387
l 1387 1388
l 1388 1389
l 1389 1390
l 1390 1391
l 1391 1392
l 1392 1393
l 1393 1394

l 1395 1396
l 1396 1397
l 1397 1398
l 1398 1399
l 1399 1400
l 1400 1401
l 1401 1402
l 1402 1403
l 1403 1404
l 1404 1405
l 1405 1406
l 1406 1407
l 1407 1408
l 1408 1409
l 1409 1410
l 1410 1411
l 1411 1412
l 1412 1413
l 1413 1414
l 1414 1415
l 1416 1417
l 1417 1418
l 1418 1419
l 1419 1420
l 1420 1421
l 1421 1422
l 1422 1423
l 1423 1424
l 1424 1425
l 1425 1426
l 1426 1427
l 1427 1428
l 1428 1429
l 1429 1430
l 1431 1432
l 1432 1433
l 1433 1434
l 1434 1435
l 1435 1436
l 1436 1437
l 1437 1438
l 1438 1439
l 1439 1440
l 1440 1441
l 1441 1442
l 1442 1443
l 1443 1444
l 1444 1445
l 1446 1447
l 1447 1448
l 1448 1449
l 1449 1450
l 1450 1451
l 1451 1452
l 1452 1453
l 1453 1454
l 1454 1455
l 1455 1456
l 1456 1457
l 1457 1458
l 1458 1459
l 1459 1460
l 1460 1461
l 1461 1462
l 1462 1463
l 1463 1464
l 1464 1465
l 1465 1466
l 1466 1467
l 1467 1468
l 1469 1470
l 1470 1471
l 1471 1472
l 1472 1473
l 1473 1474
l 1474 1475
l 1475 1476
l 1476 1477
l 1477 1478
l 1478 1479
l 1479 1480
l 1480 1481
l 1481 1482
l 1482 1483
l 1483 1484
l 1484 1485
l 1485 1486
l 1486 1487
l 1487 1488
l 1488 1489
l 1489 1490
l 1490 1491
l 1491 1492
l 1492 1493
l 1493 1494
l 1494 1495
l 1495 1496
l 1496 1497
l 1497 1498
l 1498 1499
l 1500 1501
l 1501 1502
l 1502 1503
l 1503 1504
l 1504 1505
l 1505 1506
l 1506 1507
l 1507 1508
l 1508 1509
l 1509 1510
l 1510 1511
l 1511 1512
l 1512 1513
l 1513 1514
l 1514 1515
l 1515 1516
l 1516 1517
l 1517 1518
l 1518 1519
l 1519 1520
l 1520 1521
l 1521 1522
l 1522 1523
l 1523 1524
l 1525 1526
l 1526 1527
l 1527 1528
l 1528 1529
l 1529 1530
l 1530 1531
l 1531 1532
l 1532 1533
l 1533 1534
l 1534 1535
l 1535 1536
l 1536 1537
l 1537 1538
l 1538 1539
l 1539 1540
l 1540 1541
l 1541 1542
l 1542 1543
l 1543 1544
l 1544 1545
l 1545 1546
l 1546 1547
l 1548 1549
l 1549 1550
l 1550 1551
l 1551 1552
l 1552 1553
l 1553 1554
l 1554 1555
l 1555 1556

l 1557 1558
l 1558 1559
l 1559 1560
l 1560 1561
l 1561 1562
l 1562 1563
l 1563 1564
l 1564 1565
l 1565 1566
l 1566 1567
l 1567 1568
l 1568 1569
l 1569 1570
l 1570 1571
l 1571 1572
l 1572 1573
l 1573 1574
l 1574 1575
l 1575 1576
l 1576 1577
l 1577 1578
l 1578 1579
l 1580 1581
l 1581 1582
l 1582 1583
l 1583 1584
l 1584 1585
l 1585 1586
l 1586 1587
l 1587 1588
l 1588 1589
l 1589 1590
l 1590 1591
l 1591 1592
l 1592 1593
l 1593 1594
l 1594 1595
l 1595 1596
l 1597 1598
l 1598 1599
l 1599 1600
l 1600 1601
l 1601 1602
l 1602 1603
l 1603 1604
l 1604 1605
l 1605 1606
l 1606 1607
l 1607 1608
l 1608 1609
l 1609 1610
l 1610 1611
l 1611 1612
l 1612 1613
l 1613 1614
l 1614 1615
l 1615 1616
l 1616 1617
l 1617 1618
l 1618 1619
l 1619 1620
l 1620 1621
l 1622 1623
l 1623 1624
l 1624 1625
l 1625 1626
l 1626 1627
l 1627 1628
l 1628 1629
l 1629 1630
l 1630 1631
l 1631 1632
l 1632 1633
l 1633 1634
l 1634 1635
l 1635 1636

l 1637 1638
l 1638 1639
l 1639 1640
l 1640 1641
l 1641 1642
l 1642 1643
l 1643 1644
l 1644 1645
l 1645 1646
l 1646 1647
l 1647 1648
l 1648 1649
l 1649 1650
l 1650 1651
l 1651 1652
l 1652 1653
l 1653 1654
l 1654 1655
l 1655 1656
l 1656 1657
l 1657 1658
l 1658 1659
l 1659 1660
l 1660 1661
l 1661 1662
l 1662 1663
l 1664 1665
l 1665 1666
l 1666 1667
l 1667 1668
l 1668 1669
l 1669 1670
l 1670 1671
l 1671 1672
l 1672 1673
l 1673 1674
l 1674 1675
l 1675 1676
l 1676 1677
l 1677 1678
l 1678 1679
l 1679 1680
l 1680 1681
l 1681 1682
l 1682 1683
l 1683 1684
l 1684 1685
l 1685 1686
l 1686 1687
l 1687 1688
l 1688 1689
l 1689 1690
l 1691 1692
l 1692 1693
l 1693 1694
l 1694 1695
l 1695 1696
l 1696 1697
l 1697 1698
l 1698 1699
l 1699 1700
l 1700 1701
l 1701 1702
l 1702 1703
l 1703 1704
l 1704 1705
l 1705 1706
l 1706 1707
l 1708 1709
l 1709 1710
l 1710 1711
l 1711 1712
l 1712 1713
l 1713 1714
l 1714 1715
l 1715 1716
l 1716 1717
l 1717 1718
l 1718 1719
l 1719 1720
l 1720 1721
l 1721 1722
l 1722 1723
l 1723 1724
l 1724 1725
l 1725 1726
l 1726 1727
l 1727 1728
l 1728 1729
l 1729 1730
l 1730 1731
l 1731 1732

l 1733 1734
l 1734 1735
l 1735 1736
l 1736 1737
l 1737 1738
l 1738 1739
l 1739 1740
l 1740 1741
l 1741 1742
l 1742 1743
l 1743 1744
l 1744 1745
l 1745 1746
l 1746 1747
l 1747 1748
l 1748 1749
l 1749 1750
l 1750 1751
l 1751 1752
l 1752 1753
l 1753 1754
l 1754 1755

l 1756 1757
l 1757 1758
l 1758 1759
l 1759 1760
l 1760 1761
l 1761 1762
l 1762 1763
l 1763 1764
l 1764 1765
l 1765 1766
l 1766 1767
l 1767 1768
l 1768 1769
l 1769 1770
l 1770 1771
l 1771 1772
l 1772 1773
l 1773 1774
l 1774 1775
l 1775 1776
l 1777 1778
l 1778 1779
l 1779 1780
l 1780 1781
l 1781 1782
l 1782 1783
l 1783 1784
l 1784 1785
l 1786 1787
l 1787 1788
l 1788 1789
l 1789 1790
l 1790 1791
l 1791 1792
l 1792 1793
l 1793 1794
l 1794 1795
l 1795 1796
l 1796 1797
l 1797 1798
l 1798 1799
l 1799 1800
l 1800 1801
l 1801 1802
l 1802 1803
l 1803 1804
l 1804 1805
l 1805 1806
l 1806 1807
l 1807 1808
l 1808 1809
l 1809 1810
l 1811 1812
l 1812 1813
l 1813 1814
l 1814 1815
l 1815 1816
l 1816 1817
l 1817 1818
l 1818 1819
l 1819 1820
l 1820 1821
l 1821 1822
l 1822 1823
l 1823 1824
l 1824 1825
l 1825 1826
l 1826 1827
l 1827 1828
l 1828 1829
l 1829 1830
l 1830 1831
l 1831 1832
l 1832 1833
l 1833 1834
l 1834 1835
l 1835 1836
l 1836 1837
l 1837 1838
l 1838 1839
l 1839 1840
l 1840 1841
l 1841 1842
l 1842 1843
l 1843 1844
l 1844 1845
l 1845 1846
l 1846 1847
l 1848 1849
l 1849 1850
l 1850 1851
l 1851 1852
l 1852 1853
l 1853 1854
l 1854 1855
l 1855 1856
l 1856 1857
l 1857 1858
l 1858 1859
l 1859 1860
l 1860 1861
l 1861 1862
l 1862 1863
l 1863 1864
l 1864 1865
l 1865 1866
l 1866 1867
l 1867 1868
l 1868 1869
l 1869 1870
l 1870 1871
l 1871 1872
l 1872 1873
l 1873 1874
l 1874 1875
l 1875 1876
l 1876 1877
l 1877 1878
l 1878 1879
l 1879 1880
l 1880 1881
l 1881 1882
l 1882 1883
l 1883 1884

l 1885 1886
l 1886 1887
l 1887 1888
l 1888 1889
l 1889 1890
l 1890 1891
l 1891 1892
l 1892 1893
l 1893 1894
l 1894 1895
l 1895 1896
l 1896 1897
l 1897 1898
l 1898 1899
l 1899 1900
l 1900 1901
l 1901 1902
l 1902 1903
l 1903 1904
l 1904 1905
l 1905 1906
l 1906 1907
l 1907 1908
l 1908 1909
l 1909 1910
l 1910 1911
l 1912 1913
l 1913 1914
l 1914 1915
l 1915 1916
l 1916 1917
l 1917 1918
l 1918 1919
l 1919 1920
l 1920 1921
l 1921 1922
l 1922 1923
l 1923 1924
l 1924 1925
l 1925 1926
l 1926 1927
l 1927 1928
l 1928 1929
l 1929 1930
l 1931 1932
l 1932 1933
l 1933 1934
l 1934 1935
l 1935 1936
l 1936 1937
l 1937 1938
l 1938 1939
l 1939 1940
l 1940 1941
l 1941 1942
l 1942 1943
l 1943 1944
l 1944 1945
l 1945 1946
l 1946 1947
l 1947 1948
l 1948 1949
l 1949 1950
l 1950 1951
l 1951 1952
l 1952 1953
l 1953 1954
l 1954 1955
l 1955 1956
l 1956 1957
l 1958 1959
l 1959 1960
l 1960 1961
l 1961 1962
l 1962 1963
l 1963 1964
l 1964 1965
l 1965 1966
l 1966 1967
l 1967 1968
l 1968 1969
l 1969 1970
l 1970 1971
l 1971 1972
l 1972 1973
l 1973 1974
l 1974 1975
l 1975 1976
l 1976 1977
l 1977 1978
l 1978 1979
l 1979 1980
l 1980 1981
l 1981 1982
l 1982 1983
l 1983 1984
l 1984 1985
l 1985 1986
l 1987 1988
l 1988 1989
l 1989 1990
l 1990 1991
l 1991 1992
l 1992 1993
l 1993 1994
l 1994 1995
l 1995 1996
l 1996 1997
l 1997 1998
l 1998 1999
l 1999 2000
l 2000 2001
l 2001 2002
l 2002 2003
l 2003 2004
l 2004 2005
l 2005 2006
l 2006 2007
l 2007 2008
l 2008 2009
l 2009 2010
l 2010 2011
l 2011 2012
l 2012 2013
l 2013 2014
l 2014 2015
l 2015 2016
l 2016 2017
l 2018 2019
l 2019 2020
l 2020 2021
l 2021 2022
l 2022 2023
l 2023 2024
l 2024 2025
l 2025 2026
l 2026 2027
l 2027 2028
l 2028 2029
l 2029 2030
l 2030 2031
l 2031 2032
l 2032 2033
l 2033 2034
l 2034 2035
l 2035 2036
l 2036 2037
l 2037 2038
l 2039 2040
l 2040 2041
l 2041 2042
l 2042 2043
l 2043 2044
l 2044 2045
l 2045 2046
l 2046 2047
l 2047 2048
l 2048 2049
l 2049 2050
l 2050 2051
l 2051 2052
l 2052 2053
l 2053 2054
l 2054 2055
l 2055 2056
l 2056 2057
l 2057 2058
l 2058 2059
l 2059 2060
l 2060 2061
l 2061 2062
l 2062 2063
l 2064 2065
l 2065 2066
l 2066 2067
l 2067 2068
l 2068 2069
l 2069 2070
l 2070 2071
l 2071 2072
l 2072 2073
l 2073 2074
l 2074 2075
l 2075 2076
l 2076 2077
l 2077 2078
l 2078 2079
l 2079 2080
l 2080 2081
l 2081 2082
l 2082 2083
l 2083 2084
l 2084 2085
l 2085 2086
l 2086 2087
l 2087 2088
l 2088 2089
l 2089 2090
l 2090 2091
l 2091 2092
l 2092 2093
l 2093 2094
l 2094 2095
l 2095 2096
l 2096 2097
l 2097 2098
l 2098 2099
l 2099 2100
l 2100 2101
l 2101 2102
l 2102 2103
l 2103 2104
l 2105 2106
l 2106 2107
l 2107 2108
l 2108 2109
l 2109 2110
l 2110 2111
l 2111 2112
l 2112 2113
l 2113 2114
l 2114 2115
l 2115 2116
l 2116 2117
l 2117 2118
l 2118 2119
l 2119 2120
l 2120 2121
l 2121 2122
l 2122 2123
l 2123 2124
l 2124 2125
l 2125 2126
l 2126 2127
l 2127 2128
l 2128 2129
l 2129 2130
l 2130 2131
l 2132 2133
l 2133 2134
l 2134 2135
l 2135 2136
l 2136 2137
l 2137 2138
l 2138 2139
l 2139 2140
l 2140 2141
l 2141 2142
l 2142 2143
l 2143 2144
l 2144 2145
l 2145 2146
l 2146 2147
l 2147 2148
l 2148 2149
l 2149 2150
l 2150 2151
l 2151 2152
l 2152 2153
l 2153 2154
l 2154 2155
l 2155 2156
l 2156 2157
l 2157 2158
l 2158 2159
l 2159 2160

l 2161 2162
l 2162 2163
l 2163 2164
l 2164 2165
l 2165 2166
l 2166 2167
l 2167 2168
l 2168 2169
l 2169 2170
l 2170 2171
l 2171 2172
l 2172 2173
l 2173 2174
l 2174 2175
l 2175 2176
l 2176 2177
l 2177 2178
l 2178 2179
l 2179 2180
l 2180 2181
l 2181 2182
l 2182 2183
l 2183 2184
l 2184 2185
l 2185 2186
l 2186 2187
l 2187 2188
l 2188 2189
l 2189 2190
l 2190 2191
l 2191 2192
l 2192 2193
l 2194 2195
l 2195 2196
l 2196 2197
l 2197 2198
l 2198 2199
l 2199 2200
l 2200 2201
l 2201 2202
l 2202 2203
l 2203 2204
l 2204 2205
l 2205 2206
l 2206 2207
l 2207 2208
l 2208 2209
l 2209 2210
l 2210 2211
l 2211 2212
l 2212 2213
l 2213 2214
l 2214 2215
l 2215 2216
l 2216 2217
l 2217 2218
l 2218 2219
l 2219 2220
l 2220 2221
l 2221 2222
l 2222 2223
l 2223 2224
l 2224 2225
l 2225 2226

l 2227 2228
l 2228 2229
l 2229 2230
l 2230 2231
l 2231 2232
l 2232 2233
l 2233 2234
l 2234 2235
l 2235 2236
l 2236 2237
l 2237 2238
l 2238 2239
l 2239 2240
l 2240 2241
l 2241 2242
l 2242 2243
l 2243 2244
l 2244 2245
l 2245 2246
l 2246 2247
l 2247 2248
l 2248 2249
l 2249 2250
l 2250 2251
l 2251 2252
l 2252 2253
l 2253 2254
l 2254 2255
l 2255 2256
l 2256 2257
l 2257 2258
l 2258 2259
l 2259 2260
l 2260 2261
l 2261 2262
l 2262 2263
l 2263 2264
l 2264 2265
l 2265 2266
l 2266 2267
l 2267 2268
l 2268 2269
l 2269 2270
l 2270 2271

l 2272 2273
l 2273 2274
l 2274 2275
l 2275 2276
l 2276 2277
l 2277 2278
l 2278 2279
l 2279 2280
l 2280 2281
l 2281 2282
l 2282 2283
l 2283 2284
l 2284 2285
l 2285 2286
l 2286 2287
l 2287 2288
l 2288 2289
l 2289 2290
l 2290 2291
l 2291 2292
l 2292 2293
l 2293 2294
l 2294 2295
l 2295 2296
l 2296 2297
l 2297 2298
l 2298 2299
l 2299 2300
l 2300 2301
l 2301 2302
l 2302 2303
l 2303 2304
l 2304 2305
l 2305 2306
l 2306 2307
l 2307 2308
l 2308 2309
l 2309 2310
l 2310 2311
l 2311 2312
l 2312 2313
l 2313 2314
l 2314 2315
l 2315 2316
l 2316 2317
l 2317 2318
l 2318 2319
l 2319 2320
l 2320 2321
l 2321 2322
l 2322 2323
l 2323 2324
l 2324 2325
l 2325 2326
l 2326 2327
l 2327 2328
l 2329 2330
l 2330 2331
l 2331 2332
l 2332 2333
l 2333 2334
l 2334 2335
l 2335 2336
l 2336 2337
l 2337 2338
l 2338 2339
l 2339 2340
l 2340 2341
l 2341 2342
l 2342 2343
l 2343 2344
l 2344 2345
l 2345 2346
l 2346 2347
l 2347 2348
l 2348 2349
l 2349 2350
l 2350 2351
l 2351 2352
l 2352 2353
l 2353 2354
l 2354 2355
l 2355 2356
l 2356 2357

l 2358 2359
l 2359 2360
l 2360 2361
l 2361 2362
l 2362 2363
l 2363 2364
l 2364 2365
l 2365 2366
l 2366 2367
l 2367 2368
l 2368 2369
l 2369 2370
l 2370 2371
l 2371 2372
l 2372 2373
l 2373 2374
l 2374 2375
l 2375 2376
l 2376 2377
l 2377 2378
l 2378 2379
l 2379 2380
l 2380 2381
l 2381 2382
l 2382 2383
l 2383 2384
l 2384 2385
l 2385 2386
l 2386 2387
l 2387 2388
l 2388 2389
l 2389 2390
l 2390 2391
l 2391 2392
l 2392 2393
l 2393 2394
l 2394 2395
l 2395 2396
l 2396 2397
l 2397 2398
l 2399 2400
l 2400 2401
l 2401 2402
l 2402 2403
l 2403 2404
l 2404 2405
l 2405 2406
l 2406 2407
l 2407 2408
l 2408 2409
l 2409 2410
l 2410 2411
l 2411 2412
l 2412 2413
l 2413 2414
l 2414 2415
l 2415 2416
l 2416 2417
l 2417 2418
l 2418 2419
l 2420 2421
l 2421 2422
l 2422 2423
l 2423 2424
l 2424 2425
l 2425 2426
l 2426 2427
l 2427 2428
l 2428 2429
l 2429 2430
l 2430 2431
l 2431 2432
l 2432 2433
l 2433 2434
l 2434 2435
l 2435 2436
l 2436 2437
l 2437 2438
l 2438 2439
l 2439 2440
l 2440 2441
l 2441 2442
l 2442 2443
l 2443 2444
l 2444 2445
l 2445 2446
l 2446 2447
l 2447 2448
l 2448 2449
l 2449 2450
l 2451 2452
l 2452 2453
l 2453 2454
l 2454 2455
l 2455 2456
l 2456 2457
l 2457 2458
l 2458 2459
l 2459 2460
l 2460 2461
l 2461 2462
l 2462 2463
l 2463 2464
l 2464 2465
l 2465 2466
l 2466 2467
l 2467 2468
l 2468 2469
l 2469 2470
l 2470 2471
l 2471 2472
l 2472 2473
l 2473 2474
l 2474 2475
l 2475 2476
l 2476 2477
l 2477 2478
l 2478 2479

l 2480 2481
l 2481 2482
l 2482 2483
l 2483 2484
l 2484 2485
l 2485 2486
l 2486 2487
l 2487 2488
l 2488 2489
l 2489 2490
l 2490 2491
l 2491 2492
l 2492 2493
l 2493 2494
l 2494 2495
l 2495 2496
l 2496 2497
l 2497 2498
l 2498 2499
l 2499 2500
l 2500 2501
l 2501 2502
l 2502 2503
l 2503 2504
l 2504 2505
l 2505 2506
l 2506 2507
l 2507 2508
l 2508 2509
l 2509 2510
l 2510 2511
l 2511 2512
l 2513 2514
l 2514 2515
l 2515 2516
l 2516 2517
l 2517 2518
l 2518 2519
l 2519 2520
l 2520 2521
l 2521 2522
l 2522 2523
l 2523 2524
l 2524 2525
l 2525 2526
l 2526 2527
l 2527 2528
l 2528 2529
l 2529 2530
l 2530 2531
l 2531 2532
l 2532 2533
l 2533 2534
l 2534 2535
l 2535 2536
l 2536 2537
l 2537 2538
l 2538 2539
l 2539 2540
l 2540 2541
l 2541 2542
l 2542 2543
l 2543 2544
l 2544 2545
l 2545 2546
l 2546 2547
l 2547 2548
l 2548 2549
l 2549 2550
l 2550 2551
l 2551 2552
l 2552 2553
l 2553 2554
l 2554 2555
l 2555 2556
l 2556 2557

l 2558 2559
l 2559 2560
l 2560 2561
l 2561 2562
l 2562 2563
l 2563 2564
l 2564 2565
l 2565 2566
l 2566 2567
l 2567 2568
l 2568 2569
l 2569 2570
l 2570 2571
l 2571 2572
l 2572 2573
l 2573 2574
l 2574 2575
l 2575 2576
l 2576 2577
l 2577 2578
l 2578 2579
l 2579 2580
l 2580 2581
l 2581 2582
l 2582 2583
l 2583 2584
l 2584 2585
l 2585 2586
l 2586 2587
l 2587 2588
l 2588 2589
l 2589 2590
l 2590 2591
l 2591 2592
l 2592 2593
l 2593 2594
l 2594 2595
l 2595 2596
l 2596 2597
l 2597 2598
l 2598 2599
l 2599 2600
l 2600 2601
l 2601 2602
l 2602 2603
l 2603 2604
l 2605 2606
l 2606 2607
l 2607 2608
l 2608 2609
l 2609 2610
l 2610 2611
l 2611 2612
l 2612 2613
l 2613 2614
l 2614 2615
l 2615 2616
l 2616 2617
l 2617 2618
l 2618 2619
l 2619 2620
l 2620 2621
l 2621 2622
l 2622 2623
l 2623 2624
l 2624 2625
l 2625 2626
l 2626 2627
l 2627 2628
l 2628 2629
l 2629 2630
l 2630 2631
l 2631 2632
l 2632 2633
l 2633 2634
l 2634 2635
l 2635 2636
l 2636 2637
l 2637 2638
l 2638 2639
l 2639 2640
l 2640 2641
l 2641 2642
l 2642 2643
l 2643 2644
l 2644 2645
l 2645 2646
l 2646 2647
l 2647 2648
l 2648 2649
l 2649 2650
l 2650 2651
l 2651 2652
l 2652 2653
l 2653 2654
l 2654 2655

l 2656 2657
l 2657 2658
l 2658 2659
l 2659 2660
l 2660 2661
l 2661 2662
l 2662 2663
l 2663 2664
l 2664 2665
l 2665 2666
l 2666 2667
l 2667 2668
l 2668 2669
l 2669 2670
l 2670 2671
l 2671 2672
l 2672 2673
l 2673 2674
l 2674 2675
l 2675 2676
l 2676 2677
l 2677 2678
l 2678 2679
l 2679 2680
l 2680 2681
l 2681 2682
l 2682 2683
l 2683 2684
l 2684 2685
l 2685 2686
l 2686 2687
l 2687 2688
l 2688 2689
l 2689 2690
l 2690 2691
l 2691 2692

l 2693 2694
l 2694 2695
l 2695 2696
l 2696 2697
l 2697 2698
l 2698 2699
l 2699 2700
l 2700 2701
l 2701 2702
l 2702 2703
l 2703 2704
l 2704 2705
l 2705 2706
l 2706 2707
l 2707 2708
l 2708 2709
l 2709 2710
l 2710 2711
l 2711 2712
l 2712 2713
l 2713 2714
l 2714 2715
l 2715 2716
l 2716 2717

l 2718 2719
l 2719 2720
l 2720 2721
l 2721 2722
l 2722 2723
l 2723 2724
l 2724 2725
l 2725 2726
l 2726 2727
l 2727 2728
l 2728 2729
l 2729 2730
l 2730 2731
l 2731 2732
l 2732 2733
l 2733 2734

l 2735 2736
l 2736 2737
l 2737 2738
l 2738 2739
l 2739 2740
l 2740 2741
l 2741 2742
l 2742 2743
l 2743 2744
l 2744 2745
l 2745 2746
l 2746 2747
l 2747 2748
l 2748 2749
l 2749 2750
l 2750 2751
l 2751 2752
l 2752 2753
l 2753 2754
l 2754 2755
l 2755 2756
l 2756 2757

l 2758 2759
l 2759 2760
l 2760 2761
l 2761 2762
l 2762 2763
l 2763 2764
l 2764 2765
l 2765 2766
l 2766 2767
l 2767 2768
l 2768 2769
l 2769 2770
l 2770 2771
l 2771 2772
l 2772 2773
l 2773 2774

l 2775 2776
l 2776 2777
l 2777 2778
l 2778 2779
l 2779 2780
l 2780 2781
l 2781 2782
l 2782 2783
l 2783 2784
l 2784 2785
l 2785 2786
l 2786 2787
l 2787 2788
l 2788 2789
l 2789 2790
l 2790 2791
l 2791 2792
l 2792 2793
l 2793 2794
l 2794 2795
l 2795 2796
l 2796 2797
l 2797 2798
l 2798 2799
l 2799 2800
l 2800 2801
l 2801 2802
l 2802 2803
l 2803 2804
l 2804 2805
l 2805 2806
l 2806 2807

l 2808 2809
l 2809 2810
l 2810 2811
l 2811 2812
l 2812 2813
l 2813 2814
l 2814 2815
l 2815 2816
l 2816 2817
l 2817 2818
l 2819 2820
l 2820 2821
l 2821 2822
l 2822 2823
l 2823 2824
l 2824 2825
l 2825 2826
l 2826 2827
l 2828 2829
l 2829 2830
l 2830 2831
l 2831 2832
l 2832 2833
l 2833 2834
l 2834 2835
l 2835 2836
l 2837 2838
l 2838 2839
l 2839 2840
l 2840 2841
l 2841 2842
l 2842 2843
l 2843 2844
l 2844 2845
l 2845 2846
l 2846 2847
l 2847 2848
l 2848 2849
l 2850 2851
l 2851 2852
l 2852 2853
l 2853 2854
l 2854 2855
l 2855 2856
l 2856 2857
l 2857 2858
l 2859 2860
l 2860 2861
l 2861 2862
l 2862 2863
l 2863 2864
l 2864 2865
l 2865 2866
l 2866 2867
l 2867 2868
l 2868 2869
l 2869 2870
l 2870 2871
l 2871 2872
l 2872 2873
l 2874 2875
l 2875 2876
l 2876 2877
l 2877 2878
l 2878 2879
l 2879 2880
l 2880 2881
l 2881 2882
l 2883 2884
l 2884 2885
l 2885 2886
l 2886 2887
l 2887 2888
l 2888 2889
l 2889 2890
l 2890 2891
l 2892 2893
l 2893 2894
l 2894 2895
l 2895 2896
l 2896 2897
l 2897 2898
l 2898 2899
l 2899 2900
l 2900 2901
l 2901 2902
l 2903 2904
l 2904 2905
l 2905 2906
l 2906 2907
l 2907 2908
l 2908 2909
l 2909 2910
l 2910 2911
l 2911 2912
l 2912 2913
l 2914 2915
l 2915 2916
l 2916 2917
l 2917 2918
l 2918 2919
l 2919 2920
l 2920 2921
l 2921 2922
l 2922 2923
l 2923 2924
l 2924 2925
l 2925 2926
l 2927 2928
l 2928 2929
l 2929 2930
l 2930 2931
l 2931 2932
l 2932 2933
l 2933 2934
l 2934 2935
l 2935 2936
l 2936 2937
l 2937 2938
l 2938 2939
l 2940 2941
l 2941 2942
l 2942 2943
l 2943 2944
l 2944 2945
l 2945 2946
l 2946 2947
l 2947 2948
l 2948 2949
l 2949 2950
l 2951 2952
l 2952 2953
l 2953 2954
l 2954 2955
l 2955 2956
l 2956 2957
l 2957 2958
l 2958 2959
l 2959 2960
l 2960 2961
l 2961 2962
l 2962 2963
l 2964 2965
l 2965 2966
l 2966 2967
l 2967 2968
l 2968 2969
l 2969 2970
l 2970 2971
l 2971 2972
l 2972 2973
l 2973 2974
l 2975 2976
l 2976 2977
l 2977 2978
l 2978 2979
l 2979 2980
l 2980 2981
l 2981 2982
l 2982 2983
l 2983 2984
l 2984 2985
l 2985 2986
l 2986 2987
l 2988 2989
l 2989 2990
l 2990 2991
l 2991 2992
l 2992 2993
l 2993 2994
l 2994 2995
l 2995 2996
l 2997 2998
l 2998 2999
l 2999 3000
l 3000 3001
l 3001 3002
l 3002 3003
l 3003 3004
l 3004 3005
l 3005 3006
l 3006 3007
l 3008 3009
l 3009 3010
l 3010 3011
l 3011 3012
l 3012 3013
l 3013 3014
l 3014 3015
l 3015 3016
l 3016 3017
l 3017 3018
l 3018 3019
l 3019 3020
l 3020 3021
l 3021 3022
l 3022 3023
l 3023 3024
l 3025 3026
l 3026 3027
l 3027 3028
l 3028 3029
l 3029 3030
l 3030 3031
l 3031 3032
l 3032 3033
l 3034 3035
l 3035 3036
l 3036 3037
l 3037 3038
l 3038 3039
l 3039 3040
l 3040 3041
l 3041 3042
l 3042 3043
l 3043 3044
l 3045 3046
l 3046 3047
l 3047 3048
l 3048 3049
l 3049 3050
l 3050 3051
l 3051 3052
l 3052 3053
l 3054 3055
l 3055 3056
l 3056 3057
l 3057 3058
l 3058 3059
l 3059 3060
l 3060 3061
l 3061 3062
l 3063 3064
l 3064 3065
l 3065 3066
l 3066 3067
l 3067 3068
l 3068 3069
l 3069 3070
l 3070 3071

l 3072 3073
l 3073 3074
l 3074 3075
l 3075 3076
l 3076 3077
l 3077 3078
l 3078 3079
l 3079 3080
l 3080 3081
l 3081 3082
l 3083 3084
l 3084 3085
l 3085 3086
l 3086 3087
l 3087 3088
l 3088 3089
l 3089 3090
l 3090 3091
l 3092 3093
l 3093 3094
l 3094 3095
l 3095 3096
l 3096 3097
l 3097 3098
l 3098 3099
l 3099 3100
l 3101 3102
l 3102 3103
l 3103 3104
l 3104 3105
l 3105 3106
l 3106 3107
l 3107 3108
l 3108 3109
l 3109 3110
l 3110 3111
l 3111 3112
l 3112 3113
l 3114 3115
l 3115 3116
l 3116 3117
l 3117 3118
l 3118 3119
l 3119 3120
l 3120 3121
l 3121 3122
l 3123 3124
l 3124 3125
l 3125 3126
l 3126 3127
l 3127 3128
l 3128 3129
l 3129 3130
l 3130 3131
l 3131 3132
l 3132 3133
l 3133 3134
l 3134 3135
l 3135 3136
l 3136 3137
l 3138 3139
l 3139 3140
l 3140 3141
l 3141 3142
l 3142 3143
l 3143 3144
l 3144 3145
l 3145 3146
l 3147 3148
l 3148 3149
l 3149 3150
l 3150 3151
l 3151 3152
l 3152 3153
l 3153 3154
l 3154 3155
l 3156 3157
l 3157 3158
l 3158 3159
l 3159 3160
l 3160 3161
l 3161 3162
l 3162 3163
l 3163 3164
l 3164 3165
l 3165 3166
l 3167 3168
l 3168 3169
l 3169 3170
l 3170 3171
l 3171 3172
l 3172 3173
l 3173 3174
l 3174 3175
l 3175 3176
l 3176 3177
l 3178 3179
l 3179 3180
l 3180 3181
l 3181 3182
l 3182 3183
l 3183 3184
l 3184 3185
l 3185 3186
l 3186 3187
l 3187 3188
l 3188 3189
l 3189 3190
l 3191 3192
l 3192 3193
l 3193 3194
l 3194 3195
l 3195 3196
l 3196 3197
l 3197 3198
l 3198 3199
l 3199 3200
l 3200 3201
l 3201 3202
l 3202 3203
l 3204 3205
l 3205 3206
l 3206 3207
l 3207 3208
l 3208 3209
l 3209 3210
l 3210 3211
l 3211 3212
l 3212 3213
l 3213 3214
l 3215 3216
l 3216 3217
l 3217 3218
l 3218 3219
l 3219 3220
l 3220 3221
l 3221 3222
l 3222 3223
l 3223 3224
l 3224 3225
l 3225 3226
l 3226 3227
l 3228 3229
l 3229 3230
l 3230 3231
l 3231 3232
l 3232 3233
l 3233 3234
l 3234 3235
l 3235 3236
l 3236 3237
l 3237 3238
l 3239 3240
l 3240 3241
l 3241 3242
l 3242 3243
l 3243 3244
l 3244 3245
l 3245 3246
l 3246 3247
l 3247 3248
l 3248 3249
l 3249 3250
l 3250 3251
l 3252 3253
l 3253 3254
l 3254 3255
l 3255 3256
l 3256 3257
l 3257 3258
l 3258 3259
l 3259 3260
l 3261 3262
l 3262 3263
l 3263 3264
l 3264 3265
l 3265 3266
l 3266 3267
l 3267 3268
l 3268 3269
l 3269 3270
l 3270 3271
l 3272 3273
l 3273 3274
l 3274 3275
l 3275 3276
l 3276 3277
l 3277 3278
l 3278 3279
l 3279 3280
l 3280 3281
l 3281 3282
l 3282 3283
l 3283 3284
l 3284 3285
l 3285 3286
l 3286 3287
l 3287 3288
l 3289 3290
l 3290 3291
l 3291 3292
l 3292 3293
l 3293 3294
l 3294 3295
l 3295 3296
l 3296 3297
l 3298 3299
l 3299 3300
l 3300 3301
l 3301 3302
l 3302 3303
l 3303 3304
l 3304 3305
l 3305 3306
l 3306 3307
l 3307 3308
l 3309 3310
l 3310 3311
l 3311 3312
l 3312 3313
l 3313 3314
l 3314 3315
l 3315 3316
l 3316 3317
l 3318 3319
l 3319 3320
l 3320 3321
l 3321 3322
l 3322 3323
l 3323 3324
l 3324 3325
l 3325 3326
l 3327 3328
l 3328 3329
l 3329 3330
l 3330 3331
l 3331 3332
l 3332 3333
l 3333 3334
l 3334 3335

l 3336 3337
l 3337 3338
l 3338 3339
l 3339 3340
l 3340 3341
l 3341 3342
l 3342 3343
l 3343 3344
l 3344 3345
l 3345 3346
l 3346 3347
l 3347 3348
l 3348 3349
l 3349 3350
l 3350 3351
l 3351 3352
l 3353 3354
l 3354 3355
l 3355 3356
l 3356 3357
l 3357 3358
l 3358 3359
l 3359 3360
l 3360 3361
l 3362 3363
l 3363 3364
l 3364 3365
l 3365 3366
l 3366 3367
l 3367 3368
l 3368 3369
l 3369 3370
l 3370 3371
l 3371 3372
l 3372 3373
l 3373 3374
l 3374 3375
l 3375 3376
l 3377 3378
l 3378 3379
l 3379 3380
l 3380 3381
l 3381 3382
l 3382 3383
l 3383 3384
l 3384 3385
l 3386 3387
l 3387 3388
l 3388 3389
l 3389 3390
l 3390 3391
l 3391 3392
l 3392 3393
l 3393 3394
l 3395 3396
l 3396 3397
l 3397 3398
l 3398 3399
l 3399 3400
l 3400 3401
l 3401 3402
l 3402 3403
l 3404 3405
l 3405 3406
l 3406 3407
l 3407 3408
l 3408 3409
l 3409 3410
l 3410 3411
l 3411 3412
l 3412 3413
l 3413 3414
l 3414 3415
l 3415 3416
l 3416 3417
l 3417 3418
l 3419 3420
l 3420 3421
l 3421 3422
l 3422 3423
l 3423 3424
l 3424 3425
l 3425 3426
l 3426 3427
l 3427 3428
l 3428 3429
l 3430 3431
l 3431 3432
l 3432 3433
l 3433 3434
l 3434 3435
l 3435 3436
l 3436 3437
l 3437 3438
l 3438 3439
l 3439 3440
l 3440 3441
l 3441 3442
l 3443 3444
l 3444 3445
l 3445 3446
l 3446 3447
l 3447 3448
l 3448 3449
l 3449 3450
l 3450 3451
l 3451 3452
l 3452 3453
l 3454 3455
l 3455 3456
l 3456 3457
l 3457 3458
l 3458 3459
l 3459 3460
l 3460 3461
l 3461 3462
l 3462 3463
l 3463 3464
l 3464 3465
l 3465 3466
l 3466 3467
l 3467 3468
l 3468 3469
l 3469 3470
l 3471 3472
l 3472 3473
l 3473 3474
l 3474 3475
l 3475 3476
l 3476 3477
l 3477 3478
l 3478 3479
l 3479 3480
l 3480 3481
l 3482 3483
l 3483 3484
l 3484 3485
l 3485 3486
l 3486 3487
l 3487 3488
l 3488 3489
l 3489 3490
l 3490 3491
l 3491 3492
l 3492 3493
l 3493 3494
l 3494 3495
l 3495 3496
l 3497 3498
l 3498 3499
l 3499 3500
l 3500 3501
l 3501 3502
l 3502 3503
l 3503 3504
l 3504 3505
l 3506 3507
l 3507 3508
l 3508 3509
l 3509 3510
l 3510 3511
l 3511 3512
l 3512 3513
l 3513 3514
l 3514 3515
l 3515 3516
l 3516 3517
l 3517 3518
l 3519 3520
l 3520 3521
l 3521 3522
l 3522 3523
l 3523 3524
l 3524 3525
l 3525 3526
l 3526 3527
l 3528 3529
l 3529 3530
l 3530 3531
l 3531 3532
l 3532 3533
l 3533 3534
l 3534 3535
l 3535 3536
l 3536 3537
l 3537 3538
l 3538 3539
l 3539 3540
l 3541 3542
l 3542 3543
l 3543 3544
l 3544 3545
l 3545 3546
l 3546 3547
l 3547 3548
l 3548 3549
l 3549 3550
l 3550 3551
l 3551 3552
l 3552 3553
l 3553 3554
l 3554 3555
l 3555 3556
l 3556 3557
l 3558 3559
l 3559 3560
l 3560 3561
l 3561 3562
l 3562 3563
l 3563 3564
l 3564 3565
l 3565 3566
l 3567 3568
l 3568 3569
l 3569 3570
l 3570 3571
l 3571 3572
l 3572 3573
l 3573 3574
l 3574 3575
l 3576 3577
l 3577 3578
l 3578 3579
l 3579 3580
l 3580 3581
l 3581 3582
l 3582 3583
l 3583 3584
l 3585 3586
l 3586 3587
l 3587 3588
l 3588 3589
l 3589 3590
l 3590 3591
l 3591 3592
l 3592 3593
l 3593 3594
l 3594 3595
l 3596 3597
l 3597 3598
l 3598 3599
l 3599 3600
l 3600 3601
l 3601 3602
l 3602 3603
l 3603 3604

l 3605 3606
l 3606 3607
l 3607 3608
l 3608 3609
l 3609 3610
l 3610 3611
l 3611 3612
l 3612 3613
l 3613 3614
l 3614 3615
l 3615 3616
l 3616 3617
l 3617 3618
l 3618 3619
l 3619 3620
l 3620 3621
l 3622 3623
l 3623 3624
l 3624 3625
l 3625 3626
l 3626 3627
l 3627 3628
l 3628 3629
l 3629 3630
l 3631 3632
l 3632 3633
l 3633 3634
l 3634 3635
l 3635 3636
l 3636 3637
l 3637 3638
l 3638 3639
l 3639 3640
l 3640 3641
l 3641 3642
l 3642 3643
l 3643 3644
l 3644 3645
l 3646 3647
l 3647 3648
l 3648 3649
l 3649 3650
l 3650 3651
l 3651 3652
l 3652 3653
l 3653 3654
l 3655 3656
l 3656 3657
l 3657 3658
l 3658 3659
l 3659 3660
l 3660 3661
l 3661 3662
l 3662 3663
l 3664 3665
l 3665 3666
l 3666 3667
l 3667 3668
l 3668 3669
l 3669 3670
l 3670 3671
l 3671 3672
l 3673 3674
l 3674 3675
l 3675 3676
l 3676 3677
l 3677 3678
l 3678 3679
l 3679 3680
l 3680 3681
l 3681 3682
l 3682 3683
l 3683 3684
l 3684 3685
l 3685 3686
l 3686 3687
l 3688 3689
l 3689 3690
l 3690 3691
l 3691 3692
l 3692 3693
l 3693 3694
l 3694 3695
l 3695 3696
l 3696 3697
l 3697 3698
l 3699 3700
l 3700 3701
l 3701 3702
l 3702 3703
l 3703 3704
l 3704 3705
l 3705 3706
l 3706 3707
l 3707 3708
l 3708 3709
l 3709 3710
l 3710 3711
l 3712 3713
l 3713 3714
l 3714 3715
l 3715 3716
l 3716 3717
l 3717 3718
l 3718 3719
l 3719 3720
l 3720 3721
l 3721 3722
l 3723 3724
l 3724 3725
l 3725 3726
l 3726 3727
l 3727 3728
l 3728 3729
l 3729 3730
l 3730 3731
l 3731 3732
l 3732 3733
l 3733 3734
l 3734 3735
l 3735 3736
l 3736 3737
l 3737 3738
l 3738 3739
l 3740 3741
l 3741 3742
l 3742 3743
l 3743 3744
l 3744 3745
l 3745 3746
l 3746 3747
l 3747 3748
l 3748 3749
l 3749 3750
l 3751 3752
l 3752 3753
l 3753 3754
l 3754 3755
l 3755 3756
l 3756 3757
l 3757 3758
l 3758 3759
l 3759 3760
l 3760 3761
l 3761 3762
l 3762 3763
l 3763 3764
l 3764 3765
l 3766 3767
l 3767 3768
l 3768 3769
l 3769 3770
l 3770 3771
l 3771 3772
l 3772 3773
l 3773 3774
l 3775 3776
l 3776 3777
l 3777 3778
l 3778 3779
l 3779 3780
l 3780 3781
l 3781 3782
l 3782 3783
l 3783 3784
l 3784 3785
l 3785 3786
l 3786 3787
l 3788 3789
l 3789 3790
l 3790 3791
l 3791 3792
l 3792 3793
l 3793 3794
l 3794 3795
l 3795 3796
l 3797 3798
l 3798 3799
l 3799 3800
l 3800 3801
l 3801 3802
l 3802 3803
l 3803 3804
l 3804 3805
l 3805 3806
l 3806 3807
l 3807 3808
l 3808 3809
l 3810 3811
l 3811 3812
l 3812 3813
l 3813 3814
l 3814 3815
l 3815 3816
l 3816 3817
l 3817 3818
l 3818 3819
l 3819 3820
l 3820 3821
l 3821 3822
l 3822 3823
l 3823 3824
l 3824 3825
l 3825 3826
l 3827 3828
l 3828 3829
l 3829 3830
l 3830 3831
l 3831 3832
l 3832 3833
l 3833 3834
l 3834 3835
l 3836 3837
l 3837 3838
l 3838 3839
l 3839 3840
l 3840 3841
l 3841 3842
l 3842 3843
l 3843 3844
l 3845 3846
l 3846 3847
l 3847 3848
l 3848 3849
l 3849 3850
l 3850 3851
l 3851 3852
l 3852 3853
l 3854 3855
l 3855 3856
l 3856 3857
l 3857 3858
l 3858 3859
l 3859 3860
l 3860 3861
l 3861 3862
l 3862 3863
l 3863 3864
l 3865 3866
l 3866 3867
l 3867 3868
l 3868 3869
l 3869 3870
l 3870 3871
l 3871 3872
l 3872 3873

l 3874 3875
l 3875 3876
l 3876 3877
l 3877 3878
l 3878 3879
l 3879 3880
l 3880 3881
l 3881 3882
l 3882 3883
l 3883 3884
l 3884 3885
l 3885 3886
l 3887 3888
l 3888 3889
l 3889 3890
l 3890 3891
l 3891 3892
l 3892 3893
l 3893 3894
l 3894 3895
l 3895 3896
l 3896 3897
l 3898 3899
l 3899 3900
l 3900 3901
l 3901 3902
l 3902 3903
l 3903 3904
l 3904 3905
l 3905 3906
l 3906 3907
l 3907 3908
l 3908 3909
l 3909 3910
l 3910 3911
l 3911 3912
l 3913 3914
l 3914 3915
l 3915 3916
l 3916 3917
l 3917 3918
l 3918 3919
l 3919 3920
l 3920 3921
l 3921 3922
l 3922 3923
l 3923 3924
l 3924 3925
l 3925 3926
l 3926 3927
l 3927 3928
l 3928 3929
l 3930 3931
l 3931 3932
l 3932 3933
l 3933 3934
l 3934 3935
l 3935 3936
l 3936 3937
l 3937 3938
l 3938 3939
l 3939 3940
l 3941 3942
l 3942 3943
l 3943 3944
l 3944 3945
l 3945 3946
l 3946 3947
l 3947 3948
l 3948 3949
l 3949 3950
l 3950 3951
l 3951 3952
l 3952 3953
l 3953 3954
l 3954 3955
l 3955 3956
l 3956 3957
l 3957 3958
l 3958 3959
l 3960 3961
l 3961 3962
l 3962 3963
l 3963 3964
l 3964 3965
l 3965 3966
l 3966 3967
l 3967 3968
l 3968 3969
l 3969 3970
l 3970 3971
l 3971 3972
l 3972 3973
l 3973 3974
l 3974 3975
l 3975 3976
l 3977 3978
l 3978 3979
l 3979 3980
l 3980 3981
l 3981 3982
l 3982 3983
l 3983 3984
l 3984 3985
l 3985 3986
l 3986 3987
l 3987 3988
l 3988 3989
l 3989 3990
l 3990 3991
l 3991 3992
l 3992 3993
l 3993 3994
l 3994 3995
l 3995 3996
l 3996 3997
l 3997 3998
l 3998 3999
l 4000 4001
l 4001 4002
l 4002 4003
l 4003 4004
l 4004 4005
l 4005 4006
l 4006 4007
l 4007 4008
l 4009 4010
l 4010 4011
l 4011 4012
l 4012 4013
l 4013 4014
l 4014 4015
l 4015 4016
l 4016 4017
l 4017 4018
l 4018 4019
l 4019 4020
l 4020 4021
l 4021 4022
l 4022 4023
l 4024 4025
l 4025 4026
l 4026 4027
l 4027 4028
l 4028 4029
l 4029 4030
l 4030 4031
l 4031 4032
l 4032 4033
l 4033 4034
l 4034 4035
l 4035 4036
l 4037 4038
l 4038 4039
l 4039 4040
l 4040 4041
l 4041 4042
l 4042 4043
l 4043 4044
l 4044 4045
l 4045 4046
l 4046 4047
l 4047 4048
l 4048 4049
l 4049 4050
l 4050 4051
l 4051 4052
l 4052 4053
l 4054 4055
l 4055 4056
l 4056 4057
l 4057 4058
l 4058 4059
l 4059 4060
l 4060 4061
l 4061 4062
l 4062 4063
l 4063 4064
l 4064 4065
l 4065 4066
l 4066 4067
l 4067 4068
l 4068 4069
l 4069 4070
l 4070 4071
l 4071 4072
l 4073 4074
l 4074 4075
l 4075 4076
l 4076 4077
l 4077 4078
l 4078 4079
l 4079 4080
l 4080 4081
l 4081 4082
l 4082 4083
l 4083 4084
l 4084 4085
l 4085 4086
l 4086 4087
l 4087 4088
l 4088 4089
l 4090 4091
l 4091 4092
l 4092 4093
l 4093 4094
l 4094 4095
l 4095 4096
l 4096 4097
l 4097 4098
l 4098 4099
l 4099 4100
l 4100 4101
l 4101 4102
l 4102 4103
l 4103 4104
l 4104 4105
l 4105 4106
l 4107 4108
l 4108 4109
l 4109 4110
l 4110 4111
l 4111 4112
l 4112 4113
l 4113 4114
l 4114 4115
l 4115 4116
l 4116 4117
l 4117 4118
l 4118 4119
l 4120 4121
l 4121 4122
l 4122 4123
l 4123 4124
l 4124 4125
l 4125 4126
l 4126 4127
l 4127 4128
l 4128 4129
l 4129 4130
l 4131 4132
l 4132 4133
l 4133 4134
l 4134 4135
l 4135 4136
l 4136 4137
l 4137 4138
l 4138 4139
l 4140 4141
l 4141 4142
l 4142 4143
l 4143 4144
l 4144 4145
l 4145 4146
l 4146 4147
l 4147 4148
l 4148 4149
l 4149 4150
l 4150 4151
l 4151 4152
l 4152 4153
l 4153 4154
l 4154 4155
l 4155 4156
l 4157 4158
l 4158 4159
l 4159 4160
l 4160 4161
l 4161 4162
l 4162 4163
l 4163 4164
l 4164 4165
l 4166 4167
l 4167 4168
l 4168 4169
l 4169 4170
l 4170 4171
l 4171 4172
l 4172 4173
l 4173 4174
l 4174 4175
l 4175 4176
l 4176 4177
l 4177 4178
l 4178 4179
l 4179 4180
l 4180 4181
l 4181 4182
l 4183 4184
l 4184 4185
l 4185 4186
l 4186 4187
l 4187 4188
l 4188 4189
l 4189 4190
l 4190 4191
l 4191 4192
l 4192 4193
l 4194 4195
l 4195 4196
l 4196 4197
l 4197 4198
l 4198 4199
l 4199 4200
l 4200 4201
l 4201 4202
l 4202 4203
l 4203 4204
l 4204 4205
l 4205 4206
l 4206 4207
l 4207 4208
l 4209 4210
l 4210 4211
l 4211 4212
l 4212 4213
l 4213 4214
l 4214 4215
l 4215 4216
l 4216 4217
l 4218 4219
l 4219 4220
l 4220 4221
l 4221 4222
l 4222 4223
l 4223 4224
l 4224 4225
l 4225 4226
l 4226 4227
l 4227 4228
l 4228 4229
l 4229 4230
l 4230 4231
l 4231 4232
l 4232 4233
l 4233 4234
l 4235 4236
l 4236 4237
l 4237 4238
l 4238 4239
l 4239 4240
l 4240 4241
l 4241 4242
l 4242 4243
l 4243 4244
l 4244 4245
l 4245 4246
l 4246 4247
l 4248 4249
l 4249 4250
l 4250 4251
l 4251 4252
l 4252 4253
l 4253 4254
l 4254 4255
l 4255 4256
l 4257 4258
l 4258 4259
l 4259 4260
l 4260 4261
l 4261 4262
l 4262 4263
l 4263 4264
l 4264 4265

l 4266 4267
l 4267 4268
l 4268 4269
l 4269 4270
l 4270 4271
l 4271 4272
l 4272 4273
l 4273 4274
l 4274 4275
l 4275 4276
l 4276 4277
l 4277 4278
l 4279 4280
l 4280 4281
l 4281 4282
l 4282 4283
l 4283 4284
l 4284 4285
l 4285 4286
l 4286 4287
l 4287 4288
l 4288 4289
l 4290 4291
l 4291 4292
l 4292 4293
l 4293 4294
l 4294 4295
l 4295 4296
l 4296 4297
l 4297 4298
l 4298 4299
l 4299 4300
l 4300 4301
l 4301 4302
l 4302 4303
l 4303 4304
l 4305 4306
l 4306 4307
l 4307 4308
l 4308 4309
l 4309 4310
l 4310 4311
l 4311 4312
l 4312 4313
l 4313 4314
l 4314 4315
l 4315 4316
l 4316 4317
l 4317 4318
l 4318 4319
l 4319 4320
l 4320 4321
l 4322 4323
l 4323 4324
l 4324 4325
l 4325 4326
l 4326 4327
l 4327 4328
l 4328 4329
l 4329 4330
l 4330 4331
l 4331 4332
l 4333 4334
l 4334 4335
l 4335 4336
l 4336 4337
l 4337 4338
l 4338 4339
l 4339 4340
l 4340 4341
l 4341 4342
l 4342 4343
l 4343 4344
l 4344 4345
l 4345 4346
l 4346 4347
l 4347 4348
l 4348 4349
l 4349 4350
l 4350 4351
l 4352 4353
l 4353 4354
l 4354 4355
l 4355 4356
l 4356 4357
l 4357 4358
l 4358 4359
l 4359 4360
l 4360 4361
l 4361 4362
l 4362 4363
l 4363 4364
l 4364 4365
l 4365 4366
l 4366 4367
l 4367 4368
l 4369 4370
l 4370 4371
l 4371 4372
l 4372 4373
l 4373 4374
l 4374 4375
l 4375 4376
l 4376 4377
l 4377 4378
l 4378 4379
l 4379 4380
l 4380 4381
l 4381 4382
l 4382 4383
l 4383 4384
l 4384 4385
l 4385 4386
l 4386 4387
l 4387 4388
l 4388 4389
l 4389 4390
l 4390 4391
l 4392 4393
l 4393 4394
l 4394 4395
l 4395 4396
l 4396 4397
l 4397 4398
l 4398 4399
l 4399 4400
l 4401 4402
l 4402 4403
l 4403 4404
l 4404 4405
l 4405 4406
l 4406 4407
l 4407 4408
l 4408 4409
l 4409 4410
l 4410 4411
l 4411 4412
l 4412 4413
l 4413 4414
l 4414 4415
l 4416 4417
l 4417 4418
l 4418 4419
l 4419 4420
l 4420 4421
l 4421 4422
l 4422 4423
l 4423 4424
l 4424 4425
l 4425 4426
l 4426 4427
l 4427 4428
l 4429 4430
l 4430 4431
l 4431 4432
l 4432 4433
l 4433 4434
l 4434 4435
l 4435 4436
l 4436 4437
l 4437 4438
l 4438 4439
l 4439 4440
l 4440 4441
l 4441 4442
l 4442 4443
l 4443 4444
l 4444 4445
l 4446 4447
l 4447 4448
l 4448 4449
l 4449 4450
l 4450 4451
l 4451 4452
l 4452 4453
l 4453 4454
l 4454 4455
l 4455 4456
l 4456 4457
l 4457 4458
l 4458 4459
l 4459 4460
l 4460 4461
l 4461 4462
l 4462 4463
l 4463 4464
l 4465 4466
l 4466 4467
l 4467 4468
l 4468 4469
l 4469 4470
l 4470 4471
l 4471 4472
l 4472 4473
l 4473 4474
l 4474 4475
l 4475 4476
l 4476 4477
l 4477 4478
l 4478 4479
l 4479 4480
l 4480 4481
l 4482 4483
l 4483 4484
l 4484 4485
l 4485 4486
l 4486 4487
l 4487 4488
l 4488 4489
l 4489 4490
l 4490 4491
l 4491 4492
l 4492 4493
l 4493 4494
l 4494 4495
l 4495 4496
l 4496 4497
l 4497 4498
l 4499 4500
l 4500 4501
l 4501 4502
l 4502 4503
l 4503 4504
l 4504 4505
l 4505 4506
l 4506 4507
l 4507 4508
l 4508 4509
l 4509 4510
l 4510 4511
l 4512 4513
l 4513 4514
l 4514 4515
l 4515 4516
l 4516 4517
l 4517 4518
l 4518 4519
l 4519 4520
l 4520 4521
l 4521 4522
l 4523 4524
l 4524 4525
l 4525 4526
l 4526 4527
l 4527 4528
l 4528 4529
l 4529 4530
l 4530 4531
l 4532 4533
l 4533 4534
l 4534 4535
l 4535 4536
l 4536 4537
l 4537 4538
l 4538 4539
l 4539 4540
l 4540 4541
l 4541 4542
l 4542 4543
l 4543 4544
l 4544 4545
l 4545 4546
l 4546 4547
l 4547 4548
l 4549 4550
l 4550 4551
l 4551 4552
l 4552 4553
l 4553 4554
l 4554 4555
l 4555 4556
l 4556 4557
l 4558 4559
l 4559 4560
l 4560 4561
l 4561 4562
l 4562 4563
l 4563 4564
l 4564 4565
l 4565 4566
l 4566 4567
l 4567 4568
l 4568 4569
l 4569 4570
l 4570 4571
l 4571 4572
l 4572 4573
l 4573 4574
l 4575 4576
l 4576 4577
l 4577 4578
l 4578 4579
l 4579 4580
l 4580 4581
l 4581 4582
l 4582 4583
l 4583 4584
l 4584 4585
l 4586 4587
l 4587 4588
l 4588 4589
l 4589 4590
l 4590 4591
l 4591 4592
l 4592 4593
l 4593 4594
l 4594 4595
l 4595 4596
l 4596 4597
l 4597 4598
l 4598 4599
l 4599 4600
l 4601 4602
l 4602 4603
l 4603 4604
l 4604 4605
l 4605 4606
l 4606 4607
l 4607 4608
l 4608 4609
l 4610 4611
l 4611 4612
l 4612 4613
l 4613 4614
l 4614 4615
l 4615 4616
l 4616 4617
l 4617 4618
l 4618 4619
l 4619 4620
l 4620 4621
l 4621 4622
l 4622 4623
l 4623 4624
l 4624 4625
l 4625 4626
l 4627 4628
l 4628 4629
l 4629 4630
l 4630 4631
l 4631 4632
l 4632 4633
l 4633 4634
l 4634 4635
l 4635 4636
l 4636 4637
l 4637 4638
l 4638 4639
l 4640 4641
l 4641 4642
l 4642 4643
l 4643 4644
l 4644 4645
l 4645 4646
l 4646 4647
l 4647 4648
l 4649 4650
l 4650 4651
l 4651 4652
l 4652 4653
l 4653 4654
l 4654 4655
l 4655 4656
l 4656 4657

l 4658 4659
l 4659 4660
l 4660 4661
l 4661 4662
l 4662 4663
l 4663 4664
l 4664 4665
l 4665 4666
l 4666 4667
l 4667 4668
l 4668 4669
l 4669 4670
l 4670 4671
l 4671 4672
l 4672 4673
l 4673 4674
l 4674 4675
l 4675 4676
l 4677 4678
l 4678 4679
l 4679 4680
l 4680 4681
l 4681 4682
l 4682 4683
l 4683 4684
l 4684 4685
l 4685 4686
l 4686 4687
l 4687 4688
l 4688 4689
l 4689 4690
l 4690 4691
l 4692 4693
l 4693 4694
l 4694 4695
l 4695 4696
l 4696 4697
l 4697 4698
l 4698 4699
l 4699 4700
l 4700 4701
l 4701 4702
l 4702 4703
l 4703 4704
l 4704 4705
l 4705 4706
l 4706 4707
l 4707 4708
l 4709 4710
l 4710 4711
l 4711 4712
l 4712 4713
l 4713 4714
l 4714 4715
l 4715 4716
l 4716 4717
l 4717 4718
l 4718 4719
l 4719 4720
l 4720 4721
l 4721 4722
l 4722 4723
l 4723 4724
l 4724 4725
l 4726 4727
l 4727 4728
l 4728 4729
l 4729 4730
l 4730 4731
l 4731 4732
l 4732 4733
l 4733 4734
l 4734 4735
l 4735 4736
l 4736 4737
l 4737 4738
l 4738 4739
l 4739 4740
l 4740 4741
l 4741 4742
l 4742 4743
l 4743 4744
l 4745 4746
l 4746 4747
l 4747 4748
l 4748 4749
l 4749 4750
l 4750 4751
l 4751 4752
l 4752 4753
l 4753 4754
l 4754 4755
l 4755 4756
l 4756 4757
l 4758 4759
l 4759 4760
l 4760 4761
l 4761 4762
l 4762 4763
l 4763 4764
l 4764 4765
l 4765 4766
l 4767 4768
l 4768 4769
l 4769 4770
l 4770 4771
l 4771 4772
l 4772 4773
l 4773 4774
l 4774 4775
l 4776 4777
l 4777 4778
l 4778 4779
l 4779 4780
l 4780 4781
l 4781 4782
l 4782 4783
l 4783 4784
l 4784 4785
l 4785 4786
l 4786 4787
l 4787 4788
l 4789 4790
l 4790 4791
l 4791 4792
l 4792 4793
l 4793 4794
l 4794 4795
l 4795 4796
l 4796 4797
l 4797 4798
l 4798 4799
l 4799 4800
l 4800 4801
l 4801 4802
l 4802 4803
l 4803 4804
l 4804 4805
l 4805 4806
l 4806 4807
l 4807 4808
l 4808 4809
l 4810 4811
l 4811 4812
l 4812 4813
l 4813 4814
l 4814 4815
l 4815 4816
l 4816 4817
l 4817 4818
l 4819 4820
l 4820 4821
l 4821 4822
l 4822 4823
l 4823 4824
l 4824 4825
l 4825 4826
l 4826 4827
l 4827 4828
l 4828 4829
l 4830 4831
l 4831 4832
l 4832 4833
l 4833 4834
l 4834 4835
l 4835 4836
l 4836 4837
l 4837 4838
l 4838 4839
l 4839 4840
l 4841 4842
l 4842 4843
l 4843 4844
l 4844 4845
l 4845 4846
l 4846 4847
l 4847 4848
l 4848 4849
l 4849 4850
l 4850 4851
l 4851 4852
l 4852 4853
l 4853 4854
l 4854 4855
l 4856 4857
l 4857 4858
l 4858 4859
l 4859 4860
l 4860 4861
l 4861 4862
l 4862 4863
l 4863 4864
l 4864 4865
l 4865 4866
l 4866 4867
l 4867 4868
l 4868 4869
l 4869 4870
l 4870 4871
l 4871 4872
l 4872 4873
l 4873 4874
l 4875 4876
l 4876 4877
l 4877 4878
l 4878 4879
l 4879 4880
l 4880 4881
l 4881 4882
l 4882 4883
l 4883 4884
l 4884 4885
l 4885 4886
l 4886 4887
l 4887 4888
l 4888 4889
l 4890 4891
l 4891 4892
l 4892 4893
l 4893 4894
l 4894 4895
l 4895 4896
l 4896 4897
l 4897 4898
l 4898 4899
l 4899 4900
l 4901 4902
l 4902 4903
l 4903 4904
l 4904 4905
l 4905 4906
l 4906 4907
l 4907 4908
l 4908 4909
l 4909 4910
l 4910 4911
l 4911 4912
l 4912 4913
l 4913 4914
l 4914 4915
l 4916 4917
l 4917 4918
l 4918 4919
l 4919 4920
l 4920 4921
l 4921 4922
l 4922 4923
l 4923 4924
l 4924 4925
l 4925 4926
l 4926 4927
l 4927 4928
l 4928 4929
l 4929 4930
l 4930 4931
l 4931 4932
l 4932 4933
l 4933 4934
l 4935 4936
l 4936 4937
l 4937 4938
l 4938 4939
l 4939 4940
l 4940 4941
l 4941 4942
l 4942 4943
l 4943 4944
l 4944 4945
l 4945 4946
l 4946 4947
l 4948 4949
l 4949 4950
l 4950 4951
l 4951 4952
l 4952 4953
l 4953 4954
l 4954 4955
l 4955 4956
l 4956 4957
l 4957 4958
l 4958 4959
l 4959 4960
l 4960 4961
l 4961 4962
l 4962 4963
l 4963 4964
l 4964 4965
l 4965 4966
l 4966 4967
l 4967 4968
l 4968 4969
l 4969 4970
l 4971 4972
l 4972 4973
l 4973 4974
l 4974 4975
l 4975 4976
l 4976 4977
l 4977 4978
l 4978 4979
l 4979 4980
l 4980 4981
l 4981 4982
l 4982 4983
l 4984 4985
l 4985 4986
l 4986 4987
l 4987 4988
l 4988 4989
l 4989 4990
l 4990 4991
l 4991 4992
l 4992 4993
l 4993 4994
l 4995 4996
l 4996 4997
l 4997 4998
l 4998 4999
l 4999 5000
l 5000 5001
l 5001 5002
l 5002 5003
l 5003 5004
l 5004 5005
l 5005 5006
l 5006 5007
l 5008 5009
l 5009 5010
l 5010 5011
l 5011 5012
l 5012 5013
l 5013 5014
l 5014 5015
l 5015 5016
l 5016 5017
l 5017 5018
l 5018 5019
l 5019 5020
l 5021 5022
l 5022 5023
l 5023 5024
l 5024 5025
l 5025 5026
l 5026 5027
l 5027 5028
l 5028 5029
l 5029 5030
l 5030 5031
l 5031 5032
l 5032 5033
l 5033 5034
l 5034 5035
l 5035 5036
l 5036 5037
l 5038 5039
l 5039 5040
l 5040 5041
l 5041 5042
l 5042 5043
l 5043 5044
l 5044 5045
l 5045 5046
l 5047 5048
l 5048 5049
l 5049 5050
l 5050 5051
l 5051 5052
l 5052 5053
l 5053 5054
l 5054 5055
l 5056 5057
l 5057 5058
l 5058 5059
l 5059 5060
l 5060 5061
l 5061 5062
l 5062 5063
l 5063 5064

l 5065 5066
l 5066 5067
l 5067 5068
l 5068 5069
l 5069 5070
l 5070 5071
l 5071 5072
l 5072 5073
l 5073 5074
l 5074 5075
l 5075 5076
l 5076 5077
l 5077 5078
l 5078 5079
l 5079 5080
l 5080 5081
l 5081 5082
l 5082 5083
l 5084 5085
l 5085 5086
l 5086 5087
l 5087 5088
l 5088 5089
l 5089 5090
l 5090 5091
l 5091 5092
l 5092 5093
l 5093 5094
l 5094 5095
l 5095 5096
l 5096 5097
l 5097 5098
l 5099 5100
l 5100 5101
l 5101 5102
l 5102 5103
l 5103 5104
l 5104 5105
l 5105 5106
l 5106 5107
l 5107 5108
l 5108 5109
l 5109 5110
l 5110 5111
l 5111 5112
l 5112 5113
l 5113 5114
l 5114 5115
l 5116 5117
l 5117 5118
l 5118 5119
l 5119 5120
l 5120 5121
l 5121 5122
l 5122 5123
l 5123 5124
l 5124 5125
l 5125 5126
l 5126 5127
l 5127 5128
l 5128 5129
l 5129 5130
l 5130 5131
l 5131 5132
l 5133 5134
l 5134 5135
l 5135 5136
l 5136 5137
l 5137 5138
l 5138 5139
l 5139 5140
l 5140 5141
l 5141 5142
l 5142 5143
l 5143 5144
l 5144 5145
l 5145 5146
l 5146 5147
l 5147 5148
l 5148 5149
l 5149 5150
l 5150 5151
l 5152 5153
l 5153 5154
l 5154 5155
l 5155 5156
l 5156 5157
l 5157 5158
l 5158 5159
l 5159 5160
l 5160 5161
l 5161 5162
l 5162 5163
l 5163 5164
l 5165 5166
l 5166 5167
l 5167 5168
l 5168 5169
l 5169 5170
l 5170 5171
l 5171 5172
l 5172 5173
l 5174 5175
l 5175 5176
l 5176 5177
l 5177 5178
l 5178 5179
l 5179 5180
l 5180 5181
l 5181 5182
l 5183 5184
l 5184 5185
l 5185 5186
l 5186 5187
l 5187 5188
l 5188 5189
l 5189 5190
l 5190 5191
l 5191 5192
l 5192 5193
l 5193 5194
l 5194 5195
l 5196 5197
l 5197 5198
l 5198 5199
l 5199 5200
l 5200 5201
l 5201 5202
l 5202 5203
l 5203 5204
l 5204 5205
l 5205 5206
l 5206 5207
l 5207 5208
l 5208 5209
l 5209 5210
l 5210 5211
l 5211 5212
l 5212 5213
l 5213 5214
l 5214 5215
l 5215 5216
l 5217 5218
l 5218 5219
l 5219 5220
l 5220 5221
l 5221 5222
l 5222 5223
l 5223 5224
l 5224 5225
l 5226 5227
l 5227 5228
l 5228 5229
l 5229 5230
l 5230 5231
l 5231 5232
l 5232 5233
l 5233 5234
l 5234 5235
l 5235 5236
l 5237 5238
l 5238 5239
l 5239 5240
l 5240 5241
l 5241 5242
l 5242 5243
l 5243 5244
l 5244 5245
l 5245 5246
l 5246 5247
l 5248 5249
l 5249 5250
l 5250 5251
l 5251 5252
l 5252 5253
l 5253 5254
l 5254 5255
l 5255 5256
l 5256 5257
l 5257 5258
l 5258 5259
l 5259 5260
l 5260 5261
l 5261 5262
l 5263 5264
l 5264 5265
l 5265 5266
l 5266 5267
l 5267 5268
l 5268 5269
l 5269 5270
l 5270 5271
l 5271 5272
l 5272 5273
l 5273 5274
l 5274 5275
l 5275 5276
l 5276 5277
l 5277 5278
l 5278 5279
l 5279 5280
l 5280 5281
l 5282 5283
l 5283 5284
l 5284 5285
l 5285 5286
l 5286 5287
l 5287 5288
l 5288 5289
l 5289 5290
l 5290 5291
l 5291 5292
l 5292 5293
l 5293 5294
l 5294 5295
l 5295 5296
l 5297 5298
l 5298 5299
l 5299 5300
l 5300 5301
l 5301 5302
l 5302 5303
l 5303 5304
l 5304 5305
l 5305 5306
l 5306 5307
l 5308 5309
l 5309 5310
l 5310 5311
l 5311 5312
l 5312 5313
l 5313 5314
l 5314 5315
l 5315 5316
l 5316 5317
l 5317 5318
l 5318 5319
l 5319 5320
l 5320 5321
l 5321 5322
l 5323 5324
l 5324 5325
l 5325 5326
l 5326 5327
l 5327 5328
l 5328 5329
l 5329 5330
l 5330 5331
l 5331 5332
l 5332 5333
l 5333 5334
l 5334 5335
l 5335 5336
l 5336 5337
l 5337 5338
l 5338 5339
l 5339 5340
l 5340 5341
l 5342 5343
l 5343 5344
l 5344 5345
l 5345 5346
l 5346 5347
l 5347 5348
l 5348 5349
l 5349 5350
l 5350 5351
l 5351 5352
l 5352 5353
l 5353 5354
l 5355 5356
l 5356 5357
l 5357 5358
l 5358 5359
l 5359 5360
l 5360 5361
l 5361 5362
l 5362 5363
l 5363 5364
l 5364 5365
l 5365 5366
l 5366 5367
l 5367 5368
l 5368 5369
l 5369 5370
l 5370 5371
l 5371 5372
l 5372 5373
l 5373 5374
l 5374 5375
l 5375 5376
l 5376 5377
l 5378 5379
l 5379 5380
l 5380 5381
l 5381 5382
l 5382 5383
l 5383 5384
l 5384 5385
l 5385 5386
l 5386 5387
l 5387 5388
l 5388 5389
l 5389 5390
l 5391 5392
l 5392 5393
l 5393 5394
l 5394 5395
l 5395 5396
l 5396 5397
l 5397 5398
l 5398 5399
l 5399 5400
l 5400 5401
l 5402 5403
l 5403 5404
l 5404 5405
l 5405 5406
l 5406 5407
l 5407 5408
l 5408 5409
l 5409 5410
l 5410 5411
l 5411 5412
l 5412 5413
l 5413 5414
l 5415 5416
l 5416 5417
l 5417 5418
l 5418 5419
l 5419 5420
l 5420 5421
l 5421 5422
l 5422 5423
l 5423 5424
l 5424 5425
l 5425 5426
l 5426 5427
l 5428 5429
l 5429 5430
l 5430 5431
l 5431 5432
l 5432 5433
l 5433 5434
l 5434 5435
l 5435 5436
l 5436 5437
l 5437 5438
l 5438 5439
l 5439 5440
l 5440 5441
l 5441 5442
l 5442 5443
l 5443 5444
l 5445 5446
l 5446 5447
l 5447 5448
l 5448 5449
l 5449 5450
l 5450 5451
l 5451 5452
l 5452 5453
l 5454 5455
l 5455 5456
l 5456 5457
l 5457 5458
l 5458 5459
l 5459 5460
l 5460 5461
l 5461 5462
l 5463 5464
l 5464 5465
l 5465 5466
l 5466 5467
l 5467 5468
l 5468 5469
l 5469 5470
l 5470 5471

l 5472 5473
l 5473 5474
l 5474 5475
l 5475 5476
l 5476 5477
l 5477 5478
l 5478 5479
l 5479 5480
l 5480 5481
l 5481 5482
l 5482 5483
l 5483 5484
l 5484 5485
l 5485 5486
l 5486 5487
l 5487 5488
l 5489 5490
l 5490 5491
l 5491 5492
l 5492 5493
l 5493 5494
l 5494 5495
l 5495 5496
l 5496 5497
l 5497 5498
l 5498 5499
l 5499 5500
l 5500 5501
l 5502 5503
l 5503 5504
l 5504 5505
l 5505 5506
l 5506 5507
l 5507 5508
l 5508 5509
l 5509 5510
l 5510 5511
l 5511 5512
l 5512 5513
l 5513 5514
l 5514 5515
l 5515 5516
l 5516 5517
l 5517 5518
l 5518 5519
l 5519 5520
l 5520 5521
l 5521 5522
l 5522 5523
l 5523 5524
l 5525 5526
l 5526 5527
l 5527 5528
l 5528 5529
l 5529 5530
l 5530 5531
l 5531 5532
l 5532 5533
l 5533 5534
l 5534 5535
l 5535 5536
l 5536 5537
l 5537 5538
l 5538 5539
l 5539 5540
l 5540 5541
l 5542 5543
l 5543 5544
l 5544 5545
l 5545 5546
l 5546 5547
l 5547 5548
l 5548 5549
l 5549 5550
l 5550 5551
l 5551 5552
l 5552 5553
l 5553 5554
l 5554 5555
l 5555 5556
l 5556 5557
l 5557 5558
l 5559 5560
l 5560 5561
l 5561 5562
l 5562 5563
l 5563 5564
l 5564 5565
l 5565 5566
l 5566 5567
l 5567 5568
l 5568 5569
l 5569 5570
l 5570 5571
l 5571 5572
l 5572 5573
l 5573 5574
l 5574 5575
l 5576 5577
l 5577 5578
l 5578 5579
l 5579 5580
l 5580 5581
l 5581 5582
l 5582 5583
l 5583 5584
l 5585 5586
l 5586 5587
l 5587 5588
l 5588 5589
l 5589 5590
l 5590 5591
l 5591 5592
l 5592 5593
l 5594 5595
l 5595 5596
l 5596 5597
l 5597 5598
l 5598 5599
l 5599 5600
l 5600 5601
l 5601 5602
l 5602 5603
l 5603 5604
l 5604 5605
l 5605 5606
l 5606 5607
l 5607 5608
l 5608 5609
l 5609 5610
l 5611 5612
l 5612 5613
l 5613 5614
l 5614 5615
l 5615 5616
l 5616 5617
l 5617 5618
l 5618 5619
l 5619 5620
l 5620 5621
l 5621 5622
l 5622 5623
l 5623 5624
l 5624 5625
l 5625 5626
l 5626 5627
l 5627 5628
l 5628 5629
l 5630 5631
l 5631 5632
l 5632 5633
l 5633 5634
l 5634 5635
l 5635 5636
l 5636 5637
l 5637 5638
l 5638 5639
l 5639 5640
l 5640 5641
l 5641 5642
l 5643 5644
l 5644 5645
l 5645 5646
l 5646 5647
l 5647 5648
l 5648 5649
l 5649 5650
l 5650 5651
l 5651 5652
l 5652 5653
l 5653 5654
l 5654 5655
l 5656 5657
l 5657 5658
l 5658 5659
l 5659 5660
l 5660 5661
l 5661 5662
l 5662 5663
l 5663 5664
l 5664 5665
l 5665 5666
l 5666 5667
l 5667 5668
l 5668 5669
l 5669 5670
l 5670 5671
l 5671 5672
l 5673 5674
l 5674 5675
l 5675 5676
l 5676 5677
l 5677 5678
l 5678 5679
l 5679 5680
l 5680 5681
l 5681 5682
l 5682 5683
l 5683 5684
l 5684 5685
l 5685 5686
l 5686 5687
l 5687 5688
l 5688 5689
l 5689 5690
l 5690 5691
l 5691 5692
l 5692 5693
l 5694 5695
l 5695 5696
l 5696 5697
l 5697 5698
l 5698 5699
l 5699 5700
l 5700 5701
l 5701 5702
l 5702 5703
l 5703 5704
l 5704 5705
l 5705 5706
l 5706 5707
l 5707 5708
l 5708 5709
l 5709 5710
l 5710 5711
l 5711 5712
l 5713 5714
l 5714 5715
l 5715 5716
l 5716 5717
l 5717 5718
l 5718 5719
l 5719 5720
l 5720 5721
l 5721 5722
l 5722 5723
l 5723 5724
l 5724 5725
l 5725 5726
l 5726 5727
l 5727 5728
l 5728 5729
l 5730 5731
l 5731 5732
l 5732 5733
l 5733 5734
l 5734 5735
l 5735 5736
l 5736 5737
l 5737 5738
l 5739 5740
l 5740 5741
l 5741 5742
l 5742 5743
l 5743 5744
l 5744 5745
l 5745 5746
l 5746 5747
l 5747 5748
l 5748 5749
l 5749 5750
l 5750 5751
l 5751 5752
l 5752 5753
l 5753 5754
l 5754 5755
l 5755 5756
l 5756 5757
l 5757 5758
l 5758 5759
l 5760 5761
l 5761 5762
l 5762 5763
l 5763 5764
l 5764 5765
l 5765 5766
l 5766 5767
l 5767 5768
l 5768 5769
l 5769 5770
l 5771 5772
l 5772 5773
l 5773 5774
l 5774 5775
l 5775 5776
l 5776 5777
l 5777 5778
l 5778 5779
l 5779 5780
l 5780 5781
l 5781 5782
l 5782 5783
l 5783 5784
l 5784 5785
l 5785 5786
l 5786 5787
l 5787 5788
l 5788 5789
l 5789 5790
l 5790 5791
l 5792 5793
l 5793 5794
l 5794 5795
l 5795 5796
l 5796 5797
l 5797 5798
l 5798 5799
l 5799 5800
l 5800 5801
l 5801 5802
l 5802 5803
l 5803 5804
l 5805 5806
l 5806 5807
l 5807 5808
l 5808 5809
l 5809 5810
l 5810 5811
l 5811 5812
l 5812 5813
l 5814 5815
l 5815 5816
l 5816 5817
l 5817 5818
l 5818 5819
l 5819 5820
l 5820 5821
l 5821 5822
l 5822 5823
l 5823 5824
l 5824 5825
l 5825 5826
l 5826 5827
l 5827 5828
l 5828 5829
l 5829 5830
l 5830 5831
l 5831 5832
l 5833 5834
l 5834 5835
l 5835 5836
l 5836 5837
l 5837 5838
l 5838 5839
l 5839 5840
l 5840 5841
l 5842 5843
l 5843 5844
l 5844 5845
l 5845 5846
l 5846 5847
l 5847 5848
l 5848 5849
l 5849 5850
l 5851 5852
l 5852 5853
l 5853 5854
l 5854 5855
l 5855 5856
l 5856 5857
l 5857 5858
l 5858 5859
l 5860 5861
l 5861 5862
l 5862 5863
l 5863 5864
l 5864 5865
l 5865 5866
l 5866 5867
l 5867 5868
l 5868 5869
l 5869 5870
l 5870 5871
l 5871 5872
l 5872 5873
l 5873 5874
l 5874 5875
l 5875 5876
l 5876 5877
l 5877 5878
l 5878 5879
l 5879 5880
l 5881 5882
l 5882 5883
l 5883 5884
l 5884 5885
l 5885 5886
l 5886 5887
l 5887 5888
l 5888 5889
l 5889 5890
l 5890 5891
l 5891 5892
l 5892 5893
l 5893 5894
l 5894 5895
l 5895 5896
l 5896 5897
l 5898 5899
l 5899 5900
l 5900 5901
l 5901 5902
l 5902 5903
l 5903 5904
l 5904 5905
l 5905 5906
l 5906 5907
l 5907 5908
l 5908 5909
l 5909 5910
l 5911 5912
l 5912 5913
l 5913 5914
l 5914 5915
l 5915 5916
l 5916 5917
l 5917 5918
l 5918 5919
l 5920 5921
l 5921 5922
l 5922 5923
l 5923 5924
l 5924 5925
l 5925 5926
l 5926 5927
l 5927 5928
l 5928 5929
l 5929 5930
l 5930 5931
l 5931 5932
l 5933 5934
l 5934 5935
l 5935 5936
l 5936 5937
l 5937 5938
l 5938 5939
l 5939 5940
l 5940 5941
l 5942 5943
l 5943 5944
l 5944 5945
l 5945 5946
l 5946 5947
l 5947 5948
l 5948 5949
l 5949 5950
l 5950 5951
l 5951 5952
l 5952 5953
l 5953 5954
l 5954 5955
l 5955 5956
l 5957 5958
l 5958 5959
l 5959 5960
l 5960 5961
l 5961 5962
l 5962 5963
l 5963 5964
l 5964 5965
l 5965 5966
l 5966 5967
l 5967 5968
l 5968 5969
l 5969 5970
l 5970 5971
l 5972 5973
l 5973 5974
l 5974 5975
l 5975 5976
l 5976 5977
l 5977 5978
l 5978 5979
l 5979 5980
l 5980 5981
l 5981 5982
l 5983 5984
l 5984 5985
l 5985 5986
l 5986 5987
l 5987 5988
l 5988 5989
l 5989 5990
l 5990 5991
l 5992 5993
l 5993 5994
l 5994 5995
l 5995 5996
l 5996 5997
l 5997 5998
l 5998 5999
l 5999 6000
l 6000 6001
l 6001 6002
l 6002 6003
l 6003 6004
l 6004 6005
l 6005 6006
l 6006 6007
l 6007 6008
l 6009 6010
l 6010 6011
l 6011 6012
l 6012 6013
l 6013 6014
l 6014 6015
l 6015 6016
l 6016 6017
l 6017 6018
l 6018 6019
l 6019 6020
l 6020 6021
l 6021 6022
l 6022 6023
l 6024 6025
l 6025 6026
l 6026 6027
l 6027 6028
l 6028 6029
l 6029 6030
l 6030 6031
l 6031 6032
l 6032 6033
l 6033 6034
l 6034 6035
l 6035 6036
l 6037 6038
l 6038 6039
l 6039 6040
l 6040 6041
l 6041 6042
l 6042 6043
l 6043 6044
l 6044 6045
l 6045 6046
l 6046 6047
l 6047 6048
l 6048 6049
l 6050 6051
l 6051 6052
l 6052 6053
l 6053 6054
l 6054 6055
l 6055 6056
l 6056 6057
l 6057 6058
l 6058 6059
l 6059 6060
l 6060 6061
l 6061 6062
l 6062 6063
l 6063 6064
l 6064 6065
l 6065 6066
l 6066 6067
l 6067 6068
l 6069 6070
l 6070 6071
l 6071 6072
l 6072 6073
l 6073 6074
l 6074 6075
l 6075 6076
l 6076 6077
l 6077 6078
l 6078 6079
l 6079 6080
l 6080 6081
l 6081 6082
l 6082 6083
l 6083 6084
l 6084 6085
l 6086 6087
l 6087 6088
l 6088 6089
l 6089 6090
l 6090 6091
l 6091 6092
l 6092 6093
l 6093 6094
l 6094 6095
l 6095 6096
l 6096 6097
l 6097 6098
l 6099 6100
l 6100 6101
l 6101 6102
l 6102 6103
l 6103 6104
l 6104 6105
l 6105 6106
l 6106 6107
l 6108 6109
l 6109 6110
l 6110 6111
l 6111 6112
l 6112 6113
l 6113 6114
l 6114 6115
l 6115 6116
l 6116 6117
l 6117 6118
l 6118 6119
l 6119 6120
l 6120 6121
l 6121 6122
l 6122 6123
l 6123 6124
l 6124 6125
l 6125 6126
l 6127 6128
l 6128 6129
l 6129 6130
l 6130 6131
l 6131 6132
l 6132 6133
l 6133 6134
l 6134 6135
l 6136 6137
l 6137 6138
l 6138 6139
l 6139 6140
l 6140 6141
l 6141 6142
l 6142 6143
l 6143 6144
l 6144 6145
l 6145 6146
l 6146 6147
l 6147 6148
l 6148 6149
l 6149 6150
l 6150 6151
l 6151 6152
l 6152 6153
l 6153 6154
l 6154 6155
l 6155 6156
l 6157 6158
l 6158 6159
l 6159 6160
l 6160 6161
l 6161 6162
l 6162 6163
l 6163 6164
l 6164 6165
l 6165 6166
l 6166 6167
l 6167 6168
l 6168 6169
l 6169 6170
l 6170 6171
l 6171 6172
l 6172 6173
l 6173 6174
l 6174 6175
l 6175 6176
l 6176 6177
l 6178 6179
l 6179 6180
l 6180 6181
l 6181 6182
l 6182 6183
l 6183 6184
l 6184 6185
l 6185 6186
l 6186 6187
l 6187 6188
l 6188 6189
l 6189 6190
l 6190 6191
l 6191 6192
l 6192 6193
l 6193 6194
l 6194 6195
l 6195 6196
l 6197 6198
l 6198 6199
l 6199 6200
l 6200 6201
l 6201 6202
l 6202 6203
l 6203 6204
l 6204 6205
l 6205 6206
l 6206 6207
l 6207 6208
l 6208 6209
l 6209 6210
l 6210 6211
l 6211 6212
l 6212 6213
l 6213 6214
l 6214 6215
l 6216 6217
l 6217 6218
l 6218 6219
l 6219 6220
l 6220 6221
l 6221 6222
l 6222 6223
l 6223 6224
l 6225 6226
l 6226 6227
l 6227 6228
l 6228 6229
l 6229 6230
l 6230 6231
l 6231 6232
l 6232 6233
l 6234 6235
l 6235 6236
l 6236 6237
l 6237 6238
l 6238 6239
l 6239 6240
l 6240 6241
l 6241 6242

l 6243 6244
l 6244 6245
l 6245 6246
l 6246 6247
l 6247 6248
l 6248 6249
l 6249 6250
l 6250 6251
l 6251 6252
l 6252 6253
l 6253 6254
l 6254 6255
l 6255 6256
l 6256 6257
l 6257 6258
l 6258 6259
l 6260 6261
l 6261 6262
l 6262 6263
l 6263 6264
l 6264 6265
l 6265 6266
l 6266 6267
l 6267 6268
l 6268 6269
l 6269 6270
l 6270 6271
l 6271 6272
l 6273 6274
l 6274 6275
l 6275 6276
l 6276 6277
l 6277 6278
l 6278 6279
l 6279 6280
l 6280 6281
l 6281 6282
l 6282 6283
l 6283 6284
l 6284 6285
l 6285 6286
l 6286 6287
l 6287 6288
l 6288 6289
l 6289 6290
l 6290 6291
l 6291 6292
l 6292 6293
l 6293 6294
l 6294 6295
l 6296 6297
l 6297 6298
l 6298 6299
l 6299 6300
l 6300 6301
l 6301 6302
l 6302 6303
l 6303 6304
l 6304 6305
l 6305 6306
l 6306 6307
l 6307 6308
l 6308 6309
l 6309 6310
l 6310 6311
l 6311 6312
l 6313 6314
l 6314 6315
l 6315 6316
l 6316 6317
l 6317 6318
l 6318 6319
l 6319 6320
l 6320 6321
l 6321 6322
l 6322 6323
l 6323 6324
l 6324 6325
l 6325 6326
l 6326 6327
l 6327 6328
l 6328 6329
l 6330 6331
l 6331 6332
l 6332 6333
l 6333 6334
l 6334 6335
l 6335 6336
l 6336 6337
l 6337 6338
l 6338 6339
l 6339 6340
l 6340 6341
l 6341 6342
l 6342 6343
l 6343 6344
l 6344 6345
l 6345 6346
l 6347 6348
l 6348 6349
l 6349 6350
l 6350 6351
l 6351 6352
l 6352 6353
l 6353 6354
l 6354 6355
l 6356 6357
l 6357 6358
l 6358 6359
l 6359 6360
l 6360 6361
l 6361 6362
l 6362 6363
l 6363 6364
l 6365 6366
l 6366 6367
l 6367 6368
l 6368 6369
l 6369 6370
l 6370 6371
l 6371 6372
l 6372 6373
l 6373 6374
l 6374 6375
l 6375 6376
l 6376 6377
l 6377 6378
l 6378 6379
l 6379 6380
l 6380 6381
l 6382 6383
l 6383 6384
l 6384 6385
l 6385 6386
l 6386 6387
l 6387 6388
l 6388 6389
l 6389 6390
l 6390 6391
l 6391 6392
l 6392 6393
l 6393 6394
l 6394 6395
l 6395 6396
l 6396 6397
l 6397 6398
l 6398 6399
l 6399 6400
l 6401 6402
l 6402 6403
l 6403 6404
l 6404 6405
l 6405 6406
l 6406 6407
l 6407 6408
l 6408 6409
l 6409 6410
l 6410 6411
l 6411 6412
l 6412 6413
l 6414 6415
l 6415 6416
l 6416 6417
l 6417 6418
l 6418 6419
l 6419 6420
l 6420 6421
l 6421 6422
l 6422 6423
l 6423 6424
l 6424 6425
l 6425 6426
l 6427 6428
l 6428 6429
l 6429 6430
l 6430 6431
l 6431 6432
l 6432 6433
l 6433 6434
l 6434 6435
l 6435 6436
l 6436 6437
l 6437 6438
l 6438 6439
l 6439 6440
l 6440 6441
l 6441 6442
l 6442 6443
l 6444 6445
l 6445 6446
l 6446 6447
l 6447 6448
l 6448 6449
l 6449 6450
l 6450 6451
l 6451 6452
l 6452 6453
l 6453 6454
l 6454 6455
l 6455 6456
l 6456 6457
l 6457 6458
l 6458 6459
l 6459 6460
l 6460 6461
l 6461 6462
l 6462 6463
l 6463 6464
l 6465 6466
l 6466 6467
l 6467 6468
l 6468 6469
l 6469 6470
l 6470 6471
l 6471 6472
l 6472 6473
l 6473 6474
l 6474 6475
l 6475 6476
l 6476 6477
l 6477 6478
l 6478 6479
l 6479 6480
l 6480 6481
l 6481 6482
l 6482 6483
l 6484 6485
l 6485 6486
l 6486 6487
l 6487 6488
l 6488 6489
l 6489 6490
l 6490 6491
l 6491 6492
l 6492 6493
l 6493 6494
l 6494 6495
l 6495 6496
l 6496 6497
l 6497 6498
l 6498 6499
l 6499 6500
l 6501 6502
l 6502 6503
l 6503 6504
l 6504 6505
l 6505 6506
l 6506 6507
l 6507 6508
l 6508 6509
l 6510 6511
l 6511 6512
l 6512 6513
l 6513 6514
l 6514 6515
l 6515 6516
l 6516 6517
l 6517 6518
l 6518 6519
l 6519 6520
l 6520 6521
l 6521 6522
l 6522 6523
l 6523 6524
l 6524 6525
l 6525 6526
l 6526 6527
l 6527 6528
l 6528 6529
l 6529 6530
l 6531 6532
l 6532 6533
l 6533 6534
l 6534 6535
l 6535 6536
l 6536 6537
l 6537 6538
l 6538 6539
l 6539 6540
l 6540 6541
l 6542 6543
l 6543 6544
l 6544 6545
l 6545 6546
l 6546 6547
l 6547 6548
l 6548 6549
l 6549 6550
l 6550 6551
l 6551 6552
l 6552 6553
l 6553 6554
l 6554 6555
l 6555 6556
l 6556 6557
l 6557 6558
l 6558 6559
l 6559 6560
l 6560 6561
l 6561 6562
l 6563 6564
l 6564 6565
l 6565 6566
l 6566 6567
l 6567 6568
l 6568 6569
l 6569 6570
l 6570 6571
l 6571 6572
l 6572 6573
l 6573 6574
l 6574 6575
l 6576 6577
l 6577 6578
l 6578 6579
l 6579 6580
l 6580 6581
l 6581 6582
l 6582 6583
l 6583 6584
l 6585 6586
l 6586 6587
l 6587 6588
l 6588 6589
l 6589 6590
l 6590 6591
l 6591 6592
l 6592 6593
l 6593 6594
l 6594 6595
l 6595 6596
l 6596 6597
l 6597 6598
l 6598 6599
l 6599 6600
l 6600 6601
l 6601 6602
l 6602 6603
l 6604 6605
l 6605 6606
l 6606 6607
l 6607 6608
l 6608 6609
l 6609 6610
l 6610 6611
l 6611 6612
l 6613 6614
l 6614 6615
l 6615 6616
l 6616 6617
l 6617 6618
l 6618 6619
l 6619 6620
l 6620 6621
l 6622 6623
l 6623 6624
l 6624 6625
l 6625 6626
l 6626 6627
l 6627 6628
l 6628 6629
l 6629 6630
l 6631 6632
l 6632 6633
l 6633 6634
l 6634 6635
l 6635 6636
l 6636 6637
l 6637 6638
l 6638 6639
l 6639 6640
l 6640 6641
l 6641 6642
l 6642 6643
l 6643 6644
l 6644 6645
l 6645 6646
l 6646 6647
l 6647 6648
l 6648 6649
l 6649 6650
l 6650 6651
l 6652 6653
l 6653 6654
l 6654 6655
l 6655 6656
l 6656 6657
l 6657 6658
l 6658 6659
l 6659 6660
l 6660 6661
l 6661 6662
l 6662 6663
l 6663 6664
l 6664 6665
l 6665 6666
l 6666 6667
l 6667 6668
l 6669 6670
l 6670 6671
l 6671 6672
l 6672 6673
l 6673 6674
l 6674 6675
l 6675 6676
l 6676 6677
l 6677 6678
l 6678 6679
l 6679 6680
l 6680 6681
l 6682 6683
l 6683 6684
l 6684 6685
l 6685 6686
l 6686 6687
l 6687 6688
l 6688 6689
l 6689 6690
l 6691 6692
l 6692 6693
l 6693 6694
l 6694 6695
l 6695 6696
l 6696 6697
l 6697 6698
l 6698 6699
l 6699 6700
l 6700 6701
l 6701 6702
l 6702 6703
l 6704 6705
l 6705 6706
l 6706 6707
l 6707 6708
l 6708 6709
l 6709 6710
l 6710 6711
l 6711 6712
l 6713 6714
l 6714 6715
l 6715 6716
l 6716 6717
l 6717 6718
l 6718 6719
l 6719 6720
l 6720 6721
l 6721 6722
l 6722 6723
l 6723 6724
l 6724 6725
l 6725 6726
l 6726 6727
l 6728 6729
l 6729 6730
l 6730 6731
l 6731 6732
l 6732 6733
l 6733 6734
l 6734 6735
l 6735 6736
l 6736 6737
l 6737 6738
l 6738 6739
l 6739 6740
l 6740 6741
l 6741 6742
l 6743 6744
l 6744 6745
l 6745 6746
l 6746 6747
l 6747 6748
l 6748 6749
l 6749 6750
l 6750 6751
l 6751 6752
l 6752 6753
l 6754 6755
l 6755 6756
l 6756 6757
l 6757 6758
l 6758 6759
l 6759 6760
l 6760 6761
l 6761 6762
l 6763 6764
l 6764 6765
l 6765 6766
l 6766 6767
l 6767 6768
l 6768 6769
l 6769 6770
l 6770 6771
l 6771 6772
l 6772 6773
l 6773 6774
l 6774 6775
l 6775 6776
l 6776 6777
l 6777 6778
l 6778 6779
l 6780 6781
l 6781 6782
l 6782 6783
l 6783 6784
l 6784 6785
l 6785 6786
l 6786 6787
l 6787 6788
l 6788 6789
l 6789 6790
l 6790 6791
l 6791 6792
l 6792 6793
l 6793 6794
l 6795 6796
l 6796 6797
l 6797 6798
l 6798 6799
l 6799 6800
l 6800 6801
l 6801 6802
l 6802 6803
l 6803 6804
l 6804 6805
l 6805 6806
l 6806 6807
l 6808 6809
l 6809 6810
l 6810 6811
l 6811 6812
l 6812 6813
l 6813 6814
l 6814 6815
l 6815 6816
l 6816 6817
l 6817 6818
l 6818 6819
l 6819 6820
l 6821 6822
l 6822 6823
l 6823 6824
l 6824 6825
l 6825 6826
l 6826 6827
l 6827 6828
l 6828 6829
l 6829 6830
l 6830 6831
l 6831 6832
l 6832 6833
l 6833 6834
l 6834 6835
l 6835 6836
l 6836 6837
l 6837 6838
l 6838 6839
l 6840 6841
l 6841 6842
l 6842 6843
l 6843 6844
l 6844 6845
l 6845 6846
l 6846 6847
l 6847 6848
l 6848 6849
l 6849 6850
l 6850 6851
l 6851 6852
l 6852 6853
l 6853 6854
l 6854 6855
l 6855 6856
l 6857 6858
l 6858 6859
l 6859 6860
l 6860 6861
l 6861 6862
l 6862 6863
l 6863 6864
l 6864 6865
l 6865 6866
l 6866 6867
l 6867 6868
l 6868 6869
l 6870 6871
l 6871 6872
l 6872 6873
l 6873 6874
l 6874 6875
l 6875 6876
l 6876 6877
l 6877 6878
l 6879 6880
l 6880 6881
l 6881 6882
l 6882 6883
l 6883 6884
l 6884 6885
l 6885 6886
l 6886 6887
l 6887 6888
l 6888 6889
l 6889 6890
l 6890 6891
l 6891 6892
l 6892 6893
l 6893 6894
l 6894 6895
l 6895 6896
l 6896 6897
l 6898 6899
l 6899 6900
l 6900 6901
l 6901 6902
l 6902 6903
l 6903 6904
l 6904 6905
l 6905 6906
l 6907 6908
l 6908 6909
l 6909 6910
l 6910 6911
l 6911 6912
l 6912 6913
l 6913 6914
l 6914 6915
l 6915 6916
l 6916 6917
l 6917 6918
l 6918 6919
l 6919 6920
l 6920 6921
l 6921 6922
l 6922 6923
l 6923 6924
l 6924 6925
l 6925 6926
l 6926 6927
l 6928 6929
l 6929 6930
l 6930 6931
l 6931 6932
l 6932 6933
l 6933 6934
l 6934 6935
l 6935 6936
l 6936 6937
l 6937 6938
l 6938 6939
l 6939 6940
l 6940 6941
l 6941 6942
l 6942 6943
l 6943 6944
l 6944 6945
l 6945 6946
l 6946 6947
l 6947 6948
l 6949 6950
l 6950 6951
l 6951 6952
l 6952 6953
l 6953 6954
l 6954 6955
l 6955 6956
l 6956 6957
l 6957 6958
l 6958 6959
l 6959 6960
l 6960 6961
l 6961 6962
l 6962 6963
l 6963 6964
l 6964 6965
l 6965 6966
l 6966 6967
l 6968 6969
l 6969 6970
l 6970 6971
l 6971 6972
l 6972 6973
l 6973 6974
l 6974 6975
l 6975 6976
l 6976 6977
l 6977 6978
l 6978 6979
l 6979 6980
l 6980 6981
l 6981 6982
l 6982 6983
l 6983 6984
l 6984 6985
l 6985 6986
l 6987 6988
l 6988 6989
l 6989 6990
l 6990 6991
l 6991 6992
l 6992 6993
l 6993 6994
l 6994 6995
l 6996 6997
l 6997 6998
l 6998 6999
l 6999 7000
l 7000 7001
l 7001 7002
l 7002 7003
l 7003 7004
l 7005 7006
l 7006 7007
l 7007 7008
l 7008 7009
l 7009 7010
l 7010 7011
l 7011 7012
l 7012 7013

l 7014 7015
l 7015 7016
l 7016 7017
l 7017 7018
l 7018 7019
l 7019 7020
l 7020 7021
l 7021 7022
l 7022 7023
l 7023 7024
l 7024 7025
l 7025 7026
l 7026 7027
l 7027 7028
l 7028 7029
l 7029 7030
l 7031 7032
l 7032 7033
l 7033 7034
l 7034 7035
l 7035 7036
l 7036 7037
l 7037 7038
l 7038 7039
l 7039 7040
l 7040 7041
l 7041 7042
l 7042 7043
l 7043 7044
l 7044 7045
l 7045 7046
l 7046 7047
l 7048 7049
l 7049 7050
l 7050 7051
l 7051 7052
l 7052 7053
l 7053 7054
l 7054 7055
l 7055 7056
l 7056 7057
l 7057 7058
l 7059 7060
l 7060 7061
l 7061 7062
l 7062 7063
l 7063 7064
l 7064 7065
l 7065 7066
l 7066 7067
l 7067 7068
l 7068 7069
l 7069 7070
l 7070 7071
l 7071 7072
l 7072 7073
l 7073 7074
l 7074 7075
l 7075 7076
l 7076 7077
l 7077 7078
l 7078 7079
l 7079 7080
l 7080 7081
l 7081 7082
l 7082 7083
l 7083 7084
l 7084 7085
l 7086 7087
l 7087 7088
l 7088 7089
l 7089 7090
l 7090 7091
l 7091 7092
l 7092 7093
l 7093 7094
l 7094 7095
l 7095 7096
l 7096 7097
l 7097 7098
l 7098 7099
l 7099 7100
l 7100 7101
l 7101 7102
l 7103 7104
l 7104 7105
l 7105 7106
l 7106 7107
l 7107 7108
l 7108 7109
l 7109 7110
l 7110 7111
l 7111 7112
l 7112 7113
l 7113 7114
l 7114 7115
l 7115 7116
l 7116 7117
l 7117 7118
l 7118 7119
l 7119 7120
l 7120 7121
l 7122 7123
l 7123 7124
l 7124 7125
l 7125 7126
l 7126 7127
l 7127 7128
l 7128 7129
l 7129 7130
l 7130 7131
l 7131 7132
l 7132 7133
l 7133 7134
l 7134 7135
l 7135 7136
l 7137 7138
l 7138 7139
l 7139 7140
l 7140 7141
l 7141 7142
l 7142 7143
l 7143 7144
l 7144 7145
l 7145 7146
l 7146 7147
l 7147 7148
l 7148 7149
l 7149 7150
l 7150 7151
l 7151 7152
l 7152 7153
l 7154 7155
l 7155 7156
l 7156 7157
l 7157 7158
l 7158 7159
l 7159 7160
l 7160 7161
l 7161 7162
l 7162 7163
l 7163 7164
l 7164 7165
l 7165 7166
l 7166 7167
l 7167 7168
l 7168 7169
l 7169 7170
l 7170 7171
l 7171 7172
l 7172 7173
l 7173 7174
l 7175 7176
l 7176 7177
l 7177 7178
l 7178 7179
l 7179 7180
l 7180 7181
l 7181 7182
l 7182 7183
l 7183 7184
l 7184 7185
l 7185 7186
l 7186 7187
l 7187 7188
l 7188 7189
l 7189 7190
l 7190 7191
l 7192 7193
l 7193 7194
l 7194 7195
l 7195 7196
l 7196 7197
l 7197 7198
l 7198 7199
l 7199 7200
l 7200 7201
l 7201 7202
l 7202 7203
l 7203 7204
l 7204 7205
l 7205 7206
l 7206 7207
l 7207 7208
l 7209 7210
l 7210 7211
l 7211 7212
l 7212 7213
l 7213 7214
l 7214 7215
l 7215 7216
l 7216 7217
l 7218 7219
l 7219 7220
l 7220 7221
l 7221 7222
l 7222 7223
l 7223 7224
l 7224 7225
l 7225 7226
l 7226 7227
l 7227 7228
l 7228 7229
l 7229 7230
l 7231 7232
l 7232 7233
l 7233 7234
l 7234 7235
l 7235 7236
l 7236 7237
l 7237 7238
l 7238 7239
l 7240 7241
l 7241 7242
l 7242 7243
l 7243 7244
l 7244 7245
l 7245 7246
l 7246 7247
l 7247 7248
l 7248 7249
l 7249 7250
l 7250 7251
l 7251 7252
l 7252 7253
l 7253 7254
l 7254 7255
l 7255 7256
l 7256 7257
l 7257 7258
l 7258 7259
l 7259 7260
l 7260 7261
l 7261 7262
l 7262 7263
l 7263 7264
l 7264 7265
l 7265 7266
l 7266 7267
l 7267 7268
l 7268 7269
l 7269 7270
l 7270 7271
l 7271 7272
l 7273 7274
l 7274 7275
l 7275 7276
l 7276 7277
l 7277 7278
l 7278 7279
l 7279 7280
l 7280 7281
l 7281 7282
l 7282 7283
l 7283 7284
l 7284 7285
l 7285 7286
l 7286 7287
l 7287 7288
l 7288 7289
l 7289 7290
l 7290 7291
l 7291 7292
l 7292 7293
l 7293 7294
l 7294 7295
l 7295 7296
l 7296 7297
l 7298 7299
l 7299 7300
l 7300 7301
l 7301 7302
l 7302 7303
l 7303 7304
l 7304 7305
l 7305 7306
l 7306 7307
l 7307 7308
l 7308 7309
l 7309 7310
l 7311 7312
l 7312 7313
l 7313 7314
l 7314 7315
l 7315 7316
l 7316 7317
l 7317 7318
l 7318 7319
l 7319 7320
l 7320 7321
l 7321 7322
l 7322 7323
l 7323 7324
l 7324 7325
l 7325 7326
l 7326 7327
l 7327 7328
l 7328 7329
l 7329 7330
l 7330 7331
l 7331 7332
l 7332 7333
l 7334 7335
l 7335 7336
l 7336 7337
l 7337 7338
l 7338 7339
l 7339 7340
l 7340 7341
l 7341 7342
l 7343 7344
l 7344 7345
l 7345 7346
l 7346 7347
l 7347 7348
l 7348 7349
l 7349 7350
l 7350 7351
l 7351 7352
l 7352 7353
l 7353 7354
l 7354 7355
l 7355 7356
l 7356 7357
l 7357 7358
l 7358 7359
l 7359 7360
l 7360 7361
l 7361 7362
l 7362 7363
l 7363 7364
l 7364 7365
l 7365 7366
l 7366 7367
l 7367 7368
l 7368 7369
l 7369 7370
l 7370 7371
l 7371 7372
l 7372 7373
l 7374 7375
l 7375 7376
l 7376 7377
l 7377 7378
l 7378 7379
l 7379 7380
l 7380 7381
l 7381 7382
l 7383 7384
l 7384 7385
l 7385 7386
l 7386 7387
l 7387 7388
l 7388 7389
l 7389 7390
l 7390 7391
l 7392 7393
l 7393 7394
l 7394 7395
l 7395 7396
l 7396 7397
l 7397 7398
l 7398 7399
l 7399 7400

l 7401 7402
l 7402 7403
l 7403 7404
l 7404 7405
l 7405 7406
l 7406 7407
l 7407 7408
l 7408 7409
l 7409 7410
l 7410 7411
l 7411 7412
l 7412 7413
l 7413 7414
l 7414 7415
l 7415 7416
l 7416 7417
l 7418 7419
l 7419 7420
l 7420 7421
l 7421 7422
l 7422 7423
l 7423 7424
l 7424 7425
l 7425 7426
l 7426 7427
l 7427 7428
l 7428 7429
l 7429 7430
l 7430 7431
l 7431 7432
l 7432 7433
l 7433 7434
l 7435 7436
l 7436 7437
l 7437 7438
l 7438 7439
l 7439 7440
l 7440 7441
l 7441 7442
l 7442 7443
l 7443 7444
l 7444 7445
l 7446 7447
l 7447 7448
l 7448 7449
l 7449 7450
l 7450 7451
l 7451 7452
l 7452 7453
l 7453 7454
l 7454 7455
l 7455 7456
l 7456 7457
l 7457 7458
l 7458 7459
l 7459 7460
l 7460 7461
l 7461 7462
l 7462 7463
l 7463 7464
l 7464 7465
l 7465 7466
l 7466 7467
l 7467 7468
l 7468 7469
l 7469 7470
l 7470 7471
l 7471 7472
l 7473 7474
l 7474 7475
l 7475 7476
l 7476 7477
l 7477 7478
l 7478 7479
l 7479 7480
l 7480 7481
l 7481 7482
l 7482 7483
l 7483 7484
l 7484 7485
l 7485 7486
l 7486 7487
l 7487 7488
l 7488 7489
l 7490 7491
l 7491 7492
l 7492 7493
l 7493 7494
l 7494 7495
l 7495 7496
l 7496 7497
l 7497 7498
l 7498 7499
l 7499 7500
l 7500 7501
l 7501 7502
l 7502 7503
l 7503 7504
l 7504 7505
l 7505 7506
l 7506 7507
l 7507 7508
l 7509 7510
l 7510 7511
l 7511 7512
l 7512 7513
l 7513 7514
l 7514 7515
l 7515 7516
l 7516 7517
l 7517 7518
l 7518 7519
l 7519 7520
l 7520 7521
l 7521 7522
l 7522 7523
l 7524 7525
l 7525 7526
l 7526 7527
l 7527 7528
l 7528 7529
l 7529 7530
l 7530 7531
l 7531 7532
l 7532 7533
l 7533 7534
l 7534 7535
l 7535 7536
l 7536 7537
l 7537 7538
l 7538 7539
l 7539 7540
l 7541 7542
l 7542 7543
l 7543 7544
l 7544 7545
l 7545 7546
l 7546 7547
l 7547 7548
l 7548 7549
l 7549 7550
l 7550 7551
l 7551 7552
l 7552 7553
l 7553 7554
l 7554 7555
l 7555 7556
l 7556 7557
l 7557 7558
l 7558 7559
l 7559 7560
l 7560 7561
l 7562 7563
l 7563 7564
l 7564 7565
l 7565 7566
l 7566 7567
l 7567 7568
l 7568 7569
l 7569 7570
l 7570 7571
l 7571 7572
l 7572 7573
l 7573 7574
l 7574 7575
l 7575 7576
l 7576 7577
l 7577 7578
l 7579 7580
l 7580 7581
l 7581 7582
l 7582 7583
l 7583 7584
l 7584 7585
l 7585 7586
l 7586 7587
l 7587 7588
l 7588 7589
l 7589 7590
l 7590 7591
l 7591 7592
l 7592 7593
l 7593 7594
l 7594 7595
l 7596 7597
l 7597 7598
l 7598 7599
l 7599 7600
l 7600 7601
l 7601 7602
l 7602 7603
l 7603 7604
l 7605 7606
l 7606 7607
l 7607 7608
l 7608 7609
l 7609 7610
l 7610 7611
l 7611 7612
l 7612 7613
l 7613 7614
l 7614 7615
l 7615 7616
l 7616 7617
l 7618 7619
l 7619 7620
l 7620 7621
l 7621 7622
l 7622 7623
l 7623 7624
l 7624 7625
l 7625 7626
l 7627 7628
l 7628 7629
l 7629 7630
l 7630 7631
l 7631 7632
l 7632 7633
l 7633 7634
l 7634 7635
l 7635 7636
l 7636 7637
l 7637 7638
l 7638 7639
l 7639 7640
l 7640 7641
l 7641 7642
l 7642 7643
l 7643 7644
l 7644 7645
l 7645 7646
l 7646 7647
l 7647 7648
l 7648 7649
l 7649 7650
l 7650 7651
l 7651 7652
l 7652 7653
l 7653 7654
l 7654 7655
l 7655 7656
l 7656 7657
l 7657 7658
l 7658 7659
l 7660 7661
l 7661 7662
l 7662 7663
l 7663 7664
l 7664 7665
l 7665 7666
l 7666 7667
l 7667 7668
l 7668 7669
l 7669 7670
l 7670 7671
l 7671 7672
l 7672 7673
l 7673 7674
l 7674 7675
l 7675 7676
l 7676 7677
l 7677 7678
l 7678 7679
l 7679 7680
l 7680 7681
l 7681 7682
l 7682 7683
l 7683 7684
l 7685 7686
l 7686 7687
l 7687 7688
l 7688 7689
l 7689 7690
l 7690 7691
l 7691 7692
l 7692 7693
l 7693 7694
l 7694 7695
l 7695 7696
l 7696 7697
l 7698 7699
l 7699 7700
l 7700 7701
l 7701 7702
l 7702 7703
l 7703 7704
l 7704 7705
l 7705 7706
l 7706 7707
l 7707 7708
l 7708 7709
l 7709 7710
l 7710 7711
l 7711 7712
l 7712 7713
l 7713 7714
l 7714 7715
l 7715 7716
l 7716 7717
l 7717 7718
l 7718 7719
l 7719 7720
l 7721 7722
l 7722 7723
l 7723 7724
l 7724 7725
l 7725 7726
l 7726 7727
l 7727 7728
l 7728 7729
l 7730 7731
l 7731 7732
l 7732 7733
l 7733 7734
l 7734 7735
l 7735 7736
l 7736 7737
l 7737 7738
l 7738 7739
l 7739 7740
l 7740 7741
l 7741 7742
l 7742 7743
l 7743 7744
l 7744 7745
l 7745 7746
l 7746 7747
l 7747 7748
l 7748 7749
l 7749 7750
l 7750 7751
l 7751 7752
l 7752 7753
l 7753 7754
l 7754 7755
l 7755 7756
l 7756 7757
l 7757 7758
l 7758 7759
l 7759 7760
l 7761 7762
l 7762 7763
l 7763 7764
l 7764 7765
l 7765 7766
l 7766 7767
l 7767 7768
l 7768 7769
l 7770 7771
l 7771 7772
l 7772 7773
l 7773 7774
l 7774 7775
l 7775 7776
l 7776 7777
l 7777 7778
l 7779 7780
l 7780 7781
l 7781 7782
l 7782 7783
l 7783 7784
l 7784 7785
l 7785 7786
l 7786 7787

l 7788 7789
l 7789 7790
l 7790 7791
l 7791 7792
l 7792 7793
l 7793 7794
l 7794 7795
l 7795 7796
l 7797 7798
l 7798 7799
l 7799 7800
l 7800 7801
l 7801 7802
l 7802 7803
l 7803 7804
l 7804 7805
l 7805 7806
l 7806 7807
l 7807 7808
l 7808 7809
l 7810 7811
l 7811 7812
l 7812 7813
l 7813 7814
l 7814 7815
l 7815 7816
l 7816 7817
l 7817 7818
l 7818 7819
l 7819 7820
l 7821 7822
l 7822 7823
l 7823 7824
l 7824 7825
l 7825 7826
l 7826 7827
l 7827 7828
l 7828 7829
l 7829 7830
l 7830 7831
l 7831 7832
l 7832 7833
l 7833 7834
l 7834 7835
l 7835 7836
l 7836 7837
l 7838 7839
l 7839 7840
l 7840 7841
l 7841 7842
l 7842 7843
l 7843 7844
l 7844 7845
l 7845 7846
l 7847 7848
l 7848 7849
l 7849 7850
l 7850 7851
l 7851 7852
l 7852 7853
l 7853 7854
l 7854 7855
l 7855 7856
l 7856 7857
l 7857 7858
l 7858 7859
l 7859 7860
l 7860 7861
l 7861 7862
l 7862 7863
l 7863 7864
l 7864 7865
l 7866 7867
l 7867 7868
l 7868 7869
l 7869 7870
l 7870 7871
l 7871 7872
l 7872 7873
l 7873 7874
l 7874 7875
l 7875 7876
l 7876 7877
l 7877 7878
l 7879 7880
l 7880 7881
l 7881 7882
l 7882 7883
l 7883 7884
l 7884 7885
l 7885 7886
l 7886 7887
l 7888 7889
l 7889 7890
l 7890 7891
l 7891 7892
l 7892 7893
l 7893 7894
l 7894 7895
l 7895 7896
l 7896 7897
l 7897 7898
l 7898 7899
l 7899 7900
l 7901 7902
l 7902 7903
l 7903 7904
l 7904 7905
l 7905 7906
l 7906 7907
l 7907 7908
l 7908 7909
l 7909 7910
l 7910 7911
l 7911 7912
l 7912 7913
l 7913 7914
l 7914 7915
l 7915 7916
l 7916 7917
l 7918 7919
l 7919 7920
l 7920 7921
l 7921 7922
l 7922 7923
l 7923 7924
l 7924 7925
l 7925 7926
l 7927 7928
l 7928 7929
l 7929 7930
l 7930 7931
l 7931 7932
l 7932 7933
l 7933 7934
l 7934 7935
l 7936 7937
l 7937 7938
l 7938 7939
l 7939 7940
l 7940 7941
l 7941 7942
l 7942 7943
l 7943 7944
l 7944 7945
l 7945 7946
l 7946 7947
l 7947 7948
l 7948 7949
l 7949 7950
l 7950 7951
l 7951 7952
l 7953 7954
l 7954 7955
l 7955 7956
l 7956 7957
l 7957 7958
l 7958 7959
l 7959 7960
l 7960 7961
l 7961 7962
l 7962 7963
l 7963 7964
l 7964 7965
l 7965 7966
l 7966 7967
l 7968 7969
l 7969 7970
l 7970 7971
l 7971 7972
l 7972 7973
l 7973 7974
l 7974 7975
l 7975 7976
l 7977 7978
l 7978 7979
l 7979 7980
l 7980 7981
l 7981 7982
l 7982 7983
l 7983 7984
l 7984 7985
l 7985 7986
l 7986 7987
l 7987 7988
l 7988 7989
l 7990 7991
l 7991 7992
l 7992 7993
l 7993 7994
l 7994 7995
l 7995 7996
l 7996 7997
l 7997 7998
l 7998 7999
l 7999 8000
l 8000 8001
l 8001 8002
l 8002 8003
l 8003 8004
l 8004 8005
l 8005 8006
l 8007 8008
l 8008 8009
l 8009 8010
l 8010 8011
l 8011 8012
l 8012 8013
l 8013 8014
l 8014 8015
l 8015 8016
l 8016 8017
l 8017 8018
l 8018 8019
l 8019 8020
l 8020 8021
l 8021 8022
l 8022 8023
l 8023 8024
l 8024 8025
l 8025 8026
l 8026 8027
l 8028 8029
l 8029 8030
l 8030 8031
l 8031 8032
l 8032 8033
l 8033 8034
l 8034 8035
l 8035 8036

l 8037 8038
l 8038 8039
l 8039 8040
l 8040 8041
l 8041 8042
l 8042 8043
l 8043 8044
l 8044 8045
l 8046 8047
l 8047 8048
l 8048 8049
l 8049 8050
l 8050 8051
l 8051 8052
l 8052 8053
l 8053 8054
l 8054 8055
l 8055 8056
l 8056 8057
l 8057 8058
l 8059 8060
l 8060 8061
l 8061 8062
l 8062 8063
l 8063 8064
l 8064 8065
l 8065 8066
l 8066 8067
l 8067 8068
l 8068 8069
l 8070 8071
l 8071 8072
l 8072 8073
l 8073 8074
l 8074 8075
l 8075 8076
l 8076 8077
l 8077 8078
l 8078 8079
l 8079 8080
l 8080 8081
l 8081 8082
l 8082 8083
l 8083 8084
l 8084 8085
l 8085 8086
l 8087 8088
l 8088 8089
l 8089 8090
l 8090 8091
l 8091 8092
l 8092 8093
l 8093 8094
l 8094 8095
l 8096 8097
l 8097 8098
l 8098 8099
l 8099 8100
l 8100 8101
l 8101 8102
l 8102 8103
l 8103 8104
l 8104 8105
l 8105 8106
l 8106 8107
l 8107 8108
l 8108 8109
l 8109 8110
l 8110 8111
l 8111 8112
l 8112 8113
l 8113 8114
l 8115 8116
l 8116 8117
l 8117 8118
l 8118 8119
l 8119 8120
l 8120 8121
l 8121 8122
l 8122 8123
l 8123 8124
l 8124 8125
l 8125 8126
l 8126 8127
l 8128 8129
l 8129 8130
l 8130 8131
l 8131 8132
l 8132 8133
l 8133 8134
l 8134 8135
l 8135 8136
l 8137 8138
l 8138 8139
l 8139 8140
l 8140 8141
l 8141 8142
l 8142 8143
l 8143 8144
l 8144 8145
l 8145 8146
l 8146 8147
l 8147 8148
l 8148 8149
l 8150 8151
l 8151 8152
l 8152 8153
l 8153 8154
l 8154 8155
l 8155 8156
l 8156 8157
l 8157 8158
l 8158 8159
l 8159 8160
l 8160 8161
l 8161 8162
l 8162 8163
l 8163 8164
l 8164 8165
l 8165 8166
l 8167 8168
l 8168 8169
l 8169 8170
l 8170 8171
l 8171 8172
l 8172 8173
l 8173 8174
l 8174 8175
l 8176 8177
l 8177 8178
l 8178 8179
l 8179 8180
l 8180 8181
l 8181 8182
l 8182 8183
l 8183 8184
l 8185 8186
l 8186 8187
l 8187 8188
l 8188 8189
l 8189 8190
l 8190 8191
l 8191 8192
l 8192 8193
l 8193 8194
l 8194 8195
l 8195 8196
l 8196 8197
l 8197 8198
l 8198 8199
l 8199 8200
l 8200 8201
l 8202 8203
l 8203 8204
l 8204 8205
l 8205 8206
l 8206 8207
l 8207 8208
l 8208 8209
l 8209 8210
l 8210 8211
l 8211 8212
l 8212 8213
l 8213 8214
l 8214 8215
l 8215 8216
l 8217 8218
l 8218 8219
l 8219 8220
l 8220 8221
l 8221 8222
l 8222 8223
l 8223 8224
l 8224 8225
l 8226 8227
l 8227 8228
l 8228 8229
l 8229 8230
l 8230 8231
l 8231 8232
l 8232 8233
l 8233 8234
l 8234 8235
l 8235 8236
l 8236 8237
l 8237 8238
l 8239 8240
l 8240 8241
l 8241 8242
l 8242 8243
l 8243 8244
l 8244 8245
l 8245 8246
l 8246 8247
l 8247 8248
l 8248 8249
l 8249 8250
l 8250 8251
l 8251 8252
l 8252 8253
l 8253 8254
l 8254 8255
l 8256 8257
l 8257 8258
l 8258 8259
l 8259 8260
l 8260 8261
l 8261 8262
l 8262 8263
l 8263 8264
l 8264 8265
l 8265 8266
l 8266 8267
l 8267 8268
l 8268 8269
l 8269 8270
l 8270 8271
l 8271 8272
l 8272 8273
l 8273 8274
l 8274 8275
l 8275 8276
l 8277 8278
l 8278 8279
l 8279 8280
l 8280 8281
l 8281 8282
l 8282 8283
l 8283 8284
l 8284 8285

l 8286 8287
l 8287 8288
l 8288 8289
l 8289 8290
l 8290 8291
l 8291 8292
l 8292 8293
l 8293 8294
l 8295 8296
l 8296 8297
l 8297 8298
l 8298 8299
l 8299 8300
l 8300 8301
l 8301 8302
l 8302 8303
l 8303 8304
l 8304 8305
l 8305 8306
l 8306 8307
l 8308 8309
l 8309 8310
l 8310 8311
l 8311 8312
l 8312 8313
l 8313 8314
l 8314 8315
l 8315 8316
l 8316 8317
l 8317 8318
l 8318 8319
l 8319 8320
l 8320 8321
l 8321 8322
l 8323 8324
l 8324 8325
l 8325 8326
l 8326 8327
l 8327 8328
l 8328 8329
l 8329 8330
l 8330 8331
l 8332 8333
l 8333 8334
l 8334 8335
l 8335 8336
l 8336 8337
l 8337 8338
l 8338 8339
l 8339 8340
l 8341 8342
l 8342 8343
l 8343 8344
l 8344 8345
l 8345 8346
l 8346 8347
l 8347 8348
l 8348 8349
l 8349 8350
l 8350 8351
l 8351 8352
l 8352 8353
l 8353 8354
l 8354 8355
l 8356 8357
l 8357 8358
l 8358 8359
l 8359 8360
l 8360 8361
l 8361 8362
l 8362 8363
l 8363 8364
l 8365 8366
l 8366 8367
l 8367 8368
l 8368 8369
l 8369 8370
l 8370 8371
l 8371 8372
l 8372 8373
l 8373 8374
l 8374 8375
l 8375 8376
l 8376 8377
l 8377 8378
l 8378 8379
l 8380 8381
l 8381 8382
l 8382 8383
l 8383 8384
l 8384 8385
l 8385 8386
l 8386 8387
l 8387 8388
l 8389 8390
l 8390 8391
l 8391 8392
l 8392 8393
l 8393 8394
l 8394 8395
l 8395 8396
l 8396 8397
l 8397 8398
l 8398 8399
l 8399 8400
l 8400 8401
l 8401 8402
l 8402 8403
l 8403 8404
l 8404 8405
l 8406 8407
l 8407 8408
l 8408 8409
l 8409 8410
l 8410 8411
l 8411 8412
l 8412 8413
l 8413 8414
l 8414 8415
l 8415 8416
l 8416 8417
l 8417 8418
l 8418 8419
l 8419 8420
l 8421 8422
l 8422 8423
l 8423 8424
l 8424 8425
l 8425 8426
l 8426 8427
l 8427 8428
l 8428 8429
l 8429 8430
l 8430 8431
l 8431 8432
l 8432 8433
l 8433 8434
l 8434 8435
l 8436 8437
l 8437 8438
l 8438 8439
l 8439 8440
l 8440 8441
l 8441 8442
l 8442 8443
l 8443 8444
l 8444 8445
l 8445 8446
l 8447 8448
l 8448 8449
l 8449 8450
l 8450 8451
l 8451 8452
l 8452 8453
l 8453 8454
l 8454 8455
l 8455 8456
l 8456 8457
l 8457 8458
l 8458 8459
l 8459 8460
l 8460 8461
l 8461 8462
l 8462 8463
l 8464 8465
l 8465 8466
l 8466 8467
l 8467 8468
l 8468 8469
l 8469 8470
l 8470 8471
l 8471 8472
l 8473 8474
l 8474 8475
l 8475 8476
l 8476 8477
l 8477 8478
l 8478 8479
l 8479 8480
l 8480 8481
l 8481 8482
l 8482 8483
l 8484 8485
l 8485 8486
l 8486 8487
l 8487 8488
l 8488 8489
l 8489 8490
l 8490 8491
l 8491 8492
l 8492 8493
l 8493 8494
l 8494 8495
l 8495 8496
l 8497 8498
l 8498 8499
l 8499 8500
l 8500 8501
l 8501 8502
l 8502 8503
l 8503 8504
l 8504 8505
l 8505 8506
l 8506 8507
l 8508 8509
l 8509 8510
l 8510 8511
l 8511 8512
l 8512 8513
l 8513 8514
l 8514 8515
l 8515 8516
l 8516 8517
l 8517 8518
l 8518 8519
l 8519 8520
l 8520 8521
l 8521 8522
l 8522 8523
l 8523 8524
l 8525 8526
l 8526 8527
l 8527 8528
l 8528 8529
l 8529 8530
l 8530 8531
l 8531 8532
l 8532 8533
l 8533 8534
l 8534 8535
l 8535 8536
l 8536 8537
l 8537 8538
l 8538 8539
l 8540 8541
l 8541 8542
l 8542 8543
l 8543 8544
l 8544 8545
l 8545 8546
l 8546 8547
l 8547 8548
l 8548 8549
l 8549 8550
l 8550 8551
l 8551 8552
l 8553 8554
l 8554 8555
l 8555 8556
l 8556 8557
l 8557 8558
l 8558 8559
l 8559 8560
l 8560 8561
l 8562 8563
l 8563 8564
l 8564 8565
l 8565 8566
l 8566 8567
l 8567 8568
l 8568 8569
l 8569 8570
l 8571 8572
l 8572 8573
l 8573 8574
l 8574 8575
l 8575 8576
l 8576 8577
l 8577 8578
l 8578 8579

l 8580 8581
l 8581 8582
l 8582 8583
l 8583 8584
l 8584 8585
l 8585 8586
l 8586 8587
l 8587 8588
l 8589 8590
l 8590 8591
l 8591 8592
l 8592 8593
l 8593 8594
l 8594 8595
l 8595 8596
l 8596 8597
l 8597 8598
l 8598 8599
l 8599 8600
l 8600 8601
l 8602 8603
l 8603 8604
l 8604 8605
l 8605 8606
l 8606 8607
l 8607 8608
l 8608 8609
l 8609 8610
l 8610 8611
l 8611 8612
l 8612 8613
l 8613 8614
l 8614 8615
l 8615 8616
l 8617 8618
l 8618 8619
l 8619 8620
l 8620 8621
l 8621 8622
l 8622 8623
l 8623 8624
l 8624 8625
l 8626 8627
l 8627 8628
l 8628 8629
l 8629 8630
l 8630 8631
l 8631 8632
l 8632 8633
l 8633 8634
l 8635 8636
l 8636 8637
l 8637 8638
l 8638 8639
l 8639 8640
l 8640 8641
l 8641 8642
l 8642 8643
l 8643 8644
l 8644 8645
l 8645 8646
l 8646 8647
l 8647 8648
l 8648 8649
l 8650 8651
l 8651 8652
l 8652 8653
l 8653 8654
l 8654 8655
l 8655 8656
l 8656 8657
l 8657 8658
l 8659 8660
l 8660 8661
l 8661 8662
l 8662 8663
l 8663 8664
l 8664 8665
l 8665 8666
l 8666 8667
l 8667 8668
l 8668 8669
l 8669 8670
l 8670 8671
l 8671 8672
l 8672 8673
l 8674 8675
l 8675 8676
l 8676 8677
l 8677 8678
l 8678 8679
l 8679 8680
l 8680 8681
l 8681 8682
l 8683 8684
l 8684 8685
l 8685 8686
l 8686 8687
l 8687 8688
l 8688 8689
l 8689 8690
l 8690 8691
l 8691 8692
l 8692 8693
l 8693 8694
l 8694 8695
l 8695 8696
l 8696 8697
l 8697 8698
l 8698 8699
l 8700 8701
l 8701 8702
l 8702 8703
l 8703 8704
l 8704 8705
l 8705 8706
l 8706 8707
l 8707 8708
l 8708 8709
l 8709 8710
l 8710 8711
l 8711 8712
l 8712 8713
l 8713 8714
l 8715 8716
l 8716 8717
l 8717 8718
l 8718 8719
l 8719 8720
l 8720 8721
l 8721 8722
l 8722 8723
l 8723 8724
l 8724 8725
l 8725 8726
l 8726 8727
l 8727 8728
l 8728 8729
l 8730 8731
l 8731 8732
l 8732 8733
l 8733 8734
l 8734 8735
l 8735 8736
l 8736 8737
l 8737 8738
l 8738 8739
l 8739 8740
l 8741 8742
l 8742 8743
l 8743 8744
l 8744 8745
l 8745 8746
l 8746 8747
l 8747 8748
l 8748 8749
l 8749 8750
l 8750 8751
l 8751 8752
l 8752 8753
l 8753 8754
l 8754 8755
l 8755 8756
l 8756 8757
l 8758 8759
l 8759 8760
l 8760 8761
l 8761 8762
l 8762 8763
l 8763 8764
l 8764 8765
l 8765 8766
l 8767 8768
l 8768 8769
l 8769 8770
l 8770 8771
l 8771 8772
l 8772 8773
l 8773 8774
l 8774 8775
l 8775 8776
l 8776 8777
l 8778 8779
l 8779 8780
l 8780 8781
l 8781 8782
l 8782 8783
l 8783 8784
l 8784 8785
l 8785 8786
l 8786 8787
l 8787 8788
l 8788 8789
l 8789 8790
l 8791 8792
l 8792 8793
l 8793 8794
l 8794 8795
l 8795 8796
l 8796 8797
l 8797 8798
l 8798 8799
l 8799 8800
l 8800 8801
l 8802 8803
l 8803 8804
l 8804 8805
l 8805 8806
l 8806 8807
l 8807 8808
l 8808 8809
l 8809 8810
l 8810 8811
l 8811 8812
l 8812 8813
l 8813 8814
l 8814 8815
l 8815 8816
l 8816 8817
l 8817 8818
l 8819 8820
l 8820 8821
l 8821 8822
l 8822 8823
l 8823 8824
l 8824 8825
l 8825 8826
l 8826 8827
l 8827 8828
l 8828 8829
l 8829 8830
l 8830 8831
l 8831 8832
l 8832 8833
l 8834 8835
l 8835 8836
l 8836 8837
l 8837 8838
l 8838 8839
l 8839 8840
l 8840 8841
l 8841 8842
l 8842 8843
l 8843 8844
l 8844 8845
l 8845 8846
l 8847 8848
l 8848 8849
l 8849 8850
l 8850 8851
l 8851 8852
l 8852 8853
l 8853 8854
l 8854 8855
l 8856 8857
l 8857 8858
l 8858 8859
l 8859 8860
l 8860 8861
l 8861 8862
l 8862 8863
l 8863 8864
l 8865 8866
l 8866 8867
l 8867 8868
l 8868 8869
l 8869 8870
l 8870 8871
l 8871 8872
l 8872 8873

l 8874 8875
l 8875 8876
l 8876 8877
l 8877 8878
l 8878 8879
l 8879 8880
l 8880 8881
l 8881 8882
l 8882 8883
l 8883 8884
l 8884 8885
l 8885 8886
l 8886 8887
l 8887 8888
l 8888 8889
l 8889 8890
l 8891 8892
l 8892 8893
l 8893 8894
l 8894 8895
l 8895 8896
l 8896 8897
l 8897 8898
l 8898 8899
l 8899 8900
l 8900 8901
l 8901 8902
l 8902 8903
l 8903 8904
l 8904 8905
l 8905 8906
l 8906 8907
l 8908 8909
l 8909 8910
l 8910 8911
l 8911 8912
l 8912 8913
l 8913 8914
l 8914 8915
l 8915 8916
l 8916 8917
l 8917 8918
l 8918 8919
l 8919 8920
l 8920 8921
l 8921 8922
l 8922 8923
l 8923 8924
l 8925 8926
l 8926 8927
l 8927 8928
l 8928 8929
l 8929 8930
l 8930 8931
l 8931 8932
l 8932 8933
l 8934 8935
l 8935 8936
l 8936 8937
l 8937 8938
l 8938 8939
l 8939 8940
l 8940 8941
l 8941 8942
l 8943 8944
l 8944 8945
l 8945 8946
l 8946 8947
l 8947 8948
l 8948 8949
l 8949 8950
l 8950 8951
l 8951 8952
l 8952 8953
l 8954 8955
l 8955 8956
l 8956 8957
l 8957 8958
l 8958 8959
l 8959 8960
l 8960 8961
l 8961 8962
l 8962 8963
l 8963 8964
l 8964 8965
l 8965 8966
l 8967 8968
l 8968 8969
l 8969 8970
l 8970 8971
l 8971 8972
l 8972 8973
l 8973 8974
l 8974 8975
l 8975 8976
l 8976 8977
l 8977 8978
l 8978 8979
l 8979 8980
l 8980 8981
l 8981 8982
l 8982 8983
l 8984 8985
l 8985 8986
l 8986 8987
l 8987 8988
l 8988 8989
l 8989 8990
l 8990 8991
l 8991 8992
l 8993 8994
l 8994 8995
l 8995 8996
l 8996 8997
l 8997 8998
l 8998 8999
l 8999 9000
l 9000 9001
l 9002 9003
l 9003 9004
l 9004 9005
l 9005 9006
l 9006 9007
l 9007 9008
l 9008 9009
l 9009 9010

l 9011 9012
l 9012 9013
l 9013 9014
l 9014 9015
l 9015 9016
l 9016 9017
l 9017 9018
l 9018 9019
l 9019 9020
l 9020 9021
l 9021 9022
l 9022 9023
l 9023 9024
l 9024 9025
l 9025 9026
l 9026 9027
l 9028 9029
l 9029 9030
l 9030 9031
l 9031 9032
l 9032 9033
l 9033 9034
l 9034 9035
l 9035 9036
l 9036 9037
l 9037 9038
l 9038 9039
l 9039 9040
l 9040 9041
l 9041 9042
l 9042 9043
l 9043 9044
l 9045 9046
l 9046 9047
l 9047 9048
l 9048 9049
l 9049 9050
l 9050 9051
l 9051 9052
l 9052 9053
l 9053 9054
l 9054 9055
l 9055 9056
l 9056 9057
l 9057 9058
l 9058 9059
l 9059 9060
l 9060 9061
l 9062 9063
l 9063 9064
l 9064 9065
l 9065 9066
l 9066 9067
l 9067 9068
l 9068 9069
l 9069 9070
l 9071 9072
l 9072 9073
l 9073 9074
l 9074 9075
l 9075 9076
l 9076 9077
l 9077 9078
l 9078 9079
l 9080 9081
l 9081 9082
l 9082 9083
l 9083 9084
l 9084 9085
l 9085 9086
l 9086 9087
l 9087 9088
l 9088 9089
l 9089 9090
l 9091 9092
l 9092 9093
l 9093 9094
l 9094 9095
l 9095 9096
l 9096 9097
l 9097 9098
l 9098 9099
l 9099 9100
l 9100 9101
l 9101 9102
l 9102 9103
l 9104 9105
l 9105 9106
l 9106 9107
l 9107 9108
l 9108 9109
l 9109 9110
l 9110 9111
l 9111 9112
l 9112 9113
l 9113 9114
l 9114 9115
l 9115 9116
l 9116 9117
l 9117 9118
l 9118 9119
l 9119 9120
l 9121 9122
l 9122 9123
l 9123 9124
l 9124 9125
l 9125 9126
l 9126 9127
l 9127 9128
l 9128 9129
l 9130 9131
l 9131 9132
l 9132 9133
l 9133 9134
l 9134 9135
l 9135 9136
l 9136 9137
l 9137 9138
l 9139 9140
l 9140 9141
l 9141 9142
l 9142 9143
l 9143 9144
l 9144 9145
l 9145 9146
l 9146 9147

l 9148 9149
l 9149 9150
l 9150 9151
l 9151 9152
l 9152 9153
l 9153 9154
l 9154 9155
l 9155 9156
l 9156 9157
l 9157 9158
l 9159 9160
l 9160 9161
l 9161 9162
l 9162 9163
l 9163 9164
l 9164 9165
l 9165 9166
l 9166 9167
l 9168 9169
l 9169 9170
l 9170 9171
l 9171 9172
l 9172 9173
l 9173 9174
l 9174 9175
l 9175 9176
l 9176 9177
l 9177 9178
l 9178 9179
l 9179 9180
l 9180 9181
l 9181 9182
l 9183 9184
l 9184 9185
l 9185 9186
l 9186 9187
l 9187 9188
l 9188 9189
l 9189 9190
l 9190 9191
l 9192 9193
l 9193 9194
l 9194 9195
l 9195 9196
l 9196 9197
l 9197 9198
l 9198 9199
l 9199 9200
l 9200 9201
l 9201 9202
l 9203 9204
l 9204 9205
l 9205 9206
l 9206 9207
l 9207 9208
l 9208 9209
l 9209 9210
l 9210 9211
l 9212 9213
l 9213 9214
l 9214 9215
l 9215 9216
l 9216 9217
l 9217 9218
l 9218 9219
l 9219 9220
l 9220 9221
l 9221 9222
l 9223 9224
l 9224 9225
l 9225 9226
l 9226 9227
l 9227 9228
l 9228 9229
l 9229 9230
l 9230 9231
l 9231 9232
l 9232 9233
l 9233 9234
l 9234 9235
l 9235 9236
l 9236 9237
l 9237 9238
l 9238 9239
l 9240 9241
l 9241 9242
l 9242 9243
l 9243 9244
l 9244 9245
l 9245 9246
l 9246 9247
l 9247 9248
l 9249 9250
l 9250 9251
l 9251 9252
l 9252 9253
l 9253 9254
l 9254 9255
l 9255 9256
l 9256 9257
l 9258 9259
l 9259 9260
l 9260 9261
l 9261 9262
l 9262 9263
l 9263 9264
l 9264 9265
l 9265 9266

l 9267 9268
l 9268 9269
l 9269 9270
l 9270 9271
l 9271 9272
l 9272 9273
l 9273 9274
l 9274 9275
l 9275 9276
l 9276 9277
l 9278 9279
l 9279 9280
l 9280 9281
l 9281 9282
l 9282 9283
l 9283 9284
l 9284 9285
l 9285 9286
l 9287 9288
l 9288 9289
l 9289 9290
l 9290 9291
l 9291 9292
l 9292 9293
l 9293 9294
l 9294 9295
l 9295 9296
l 9296 9297
l 9297 9298
l 9298 9299
l 9299 9300
l 9300 9301
l 9302 9303
l 9303 9304
l 9304 9305
l 9305 9306
l 9306 9307
l 9307 9308
l 9308 9309
l 9309 9310
l 9311 9312
l 9312 9313
l 9313 9314
l 9314 9315
l 9315 9316
l 9316 9317
l 9317 9318
l 9318 9319
l 9319 9320
l 9320 9321
l 9322 9323
l 9323 9324
l 9324 9325
l 9325 9326
l 9326 9327
l 9327 9328
l 9328 9329
l 9329 9330
l 9331 9332
l 9332 9333
l 9333 9334
l 9334 9335
l 9335 9336
l 9336 9337
l 9337 9338
l 9338 9339
l 9339 9340
l 9340 9341
l 9342 9343
l 9343 9344
l 9344 9345
l 9345 9346
l 9346 9347
l 9347 9348
l 9348 9349
l 9349 9350
l 9350 9351
l 9351 9352
l 9352 9353
l 9353 9354
l 9354 9355
l 9355 9356
l 9356 9357
l 9357 9358
l 9359 9360
l 9360 9361
l 9361 9362
l 9362 9363
l 9363 9364
l 9364 9365
l 9365 9366
l 9366 9367
l 9368 9369
l 9369 9370
l 9370 9371
l 9371 9372
l 9372 9373
l 9373 9374
l 9374 9375
l 9375 9376
l 9377 9378
l 9378 9379
l 9379 9380
l 9380 9381
l 9381 9382
l 9382 9383
l 9383 9384
l 9384 9385

l 9386 9387
l 9387 9388
l 9388 9389
l 9389 9390
l 9390 9391
l 9391 9392
l 9392 9393
l 9393 9394
l 9395 9396
l 9396 9397
l 9397 9398
l 9398 9399
l 9399 9400
l 9400 9401
l 9401 9402
l 9402 9403
l 9403 9404
l 9404 9405
l 9405 9406
l 9406 9407
l 9407 9408
l 9408 9409
l 9409 9410
l 9410 9411
l 9412 9413
l 9413 9414
l 9414 9415
l 9415 9416
l 9416 9417
l 9417 9418
l 9418 9419
l 9419 9420
l 9421 9422
l 9422 9423
l 9423 9424
l 9424 9425
l 9425 9426
l 9426 9427
l 9427 9428
l 9428 9429
l 9429 9430
l 9430 9431
l 9431 9432
l 9432 9433
l 9433 9434
l 9434 9435
l 9435 9436
l 9436 9437
l 9438 9439
l 9439 9440
l 9440 9441
l 9441 9442
l 9442 9443
l 9443 9444
l 9444 9445
l 9445 9446
l 9446 9447
l 9447 9448
l 9448 9449
l 9449 9450
l 9451 9452
l 9452 9453
l 9453 9454
l 9454 9455
l 9455 9456
l 9456 9457
l 9457 9458
l 9458 9459
l 9460 9461
l 9461 9462
l 9462 9463
l 9463 9464
l 9464 9465
l 9465 9466
l 9466 9467
l 9467 9468
l 9468 9469
l 9469 9470
l 9470 9471
l 9471 9472
l 9472 9473
l 9473 9474
l 9474 9475
l 9475 9476
l 9477 9478
l 9478 9479
l 9479 9480
l 9480 9481
l 9481 9482
l 9482 9483
l 9483 9484
l 9484 9485
l 9485 9486
l 9486 9487
l 9488 9489
l 9489 9490
l 9490 9491
l 9491 9492
l 9492 9493
l 9493 9494
l 9494 9495
l 9495 9496
l 9496 9497
l 9497 9498
l 9499 9500
l 9500 9501
l 9501 9502
l 9502 9503
l 9503 9504
l 9504 9505
l 9505 9506
l 9506 9507
l 9507 9508
l 9508 9509
l 9509 9510
l 9510 9511
l 9511 9512
l 9512 9513
l 9514 9515
l 9515 9516
l 9516 9517
l 9517 9518
l 9518 9519
l 9519 9520
l 9520 9521
l 9521 9522
l 9523 9524
l 9524 9525
l 9525 9526
l 9526 9527
l 9527 9528
l 9528 9529
l 9529 9530
l 9530 9531
l 9531 9532
l 9532 9533
l 9533 9534
l 9534 9535
l 9535 9536
l 9536 9537
l 9537 9538
l 9538 9539
l 9540 9541
l 9541 9542
l 9542 9543
l 9543 9544
l 9544 9545
l 9545 9546
l 9546 9547
l 9547 9548
l 9548 9549
l 9549 9550
l 9551 9552
l 9552 9553
l 9553 9554
l 9554 9555
l 9555 9556
l 9556 9557
l 9557 9558
l 9558 9559
l 9560 9561
l 9561 9562
l 9562 9563
l 9563 9564
l 9564 9565
l 9565 9566
l 9566 9567
l 9567 9568
l 9568 9569
l 9569 9570
l 9571 9572
l 9572 9573
l 9573 9574
l 9574 9575
l 9575 9576
l 9576 9577
l 9577 9578
l 9578 9579
l 9580 9581
l 9581 9582
l 9582 9583
l 9583 9584
l 9584 9585
l 9585 9586
l 9586 9587
l 9587 9588
l 9588 9589
l 9589 9590
l 9590 9591
l 9591 9592
l 9592 9593
l 9593 9594
l 9595 9596
l 9596 9597
l 9597 9598
l 9598 9599
l 9599 9600
l 9600 9601
l 9601 9602
l 9602 9603
l 9604 9605
l 9605 9606
l 9606 9607
l 9607 9608
l 9608 9609
l 9609 9610
l 9610 9611
l 9611 9612

l 9613 9614
l 9614 9615
l 9615 9616
l 9616 9617
l 9617 9618
l 9618 9619
l 9619 9620
l 9620 9621
l 9622 9623
l 9623 9624
l 9624 9625
l 9625 9626
l 9626 9627
l 9627 9628
l 9628 9629
l 9629 9630
l 9630 9631
l 9631 9632
l 9632 9633
l 9633 9634
l 9634 9635
l 9635 9636
l 9636 9637
l 9637 9638
l 9639 9640
l 9640 9641
l 9641 9642
l 9642 9643
l 9643 9644
l 9644 9645
l 9645 9646
l 9646 9647
l 9648 9649
l 9649 9650
l 9650 9651
l 9651 9652
l 9652 9653
l 9653 9654
l 9654 9655
l 9655 9656
l 9656 9657
l 9657 9658
l 9658 9659
l 9659 9660
l 9660 9661
l 9661 9662
l 9662 9663
l 9663 9664
l 9665 9666
l 9666 9667
l 9667 9668
l 9668 9669
l 9669 9670
l 9670 9671
l 9671 9672
l 9672 9673
l 9673 9674
l 9674 9675
l 9675 9676
l 9676 9677
l 9678 9679
l 9679 9680
l 9680 9681
l 9681 9682
l 9682 9683
l 9683 9684
l 9684 9685
l 9685 9686
l 9687 9688
l 9688 9689
l 9689 9690
l 9690 9691
l 9691 9692
l 9692 9693
l 9693 9694
l 9694 9695
l 9695 9696
l 9696 9697
l 9697 9698
l 9698 9699
l 9699 9700
l 9700 9701
l 9701 9702
l 9702 9703
l 9704 9705
l 9705 9706
l 9706 9707
l 9707 9708
l 9708 9709
l 9709 9710
l 9710 9711
l 9711 9712
l 9712 9713
l 9713 9714
l 9715 9716
l 9716 9717
l 9717 9718
l 9718 9719
l 9719 9720
l 9720 9721
l 9721 9722
l 9722 9723
l 9723 9724
l 9724 9725
l 9726 9727
l 9727 9728
l 9728 9729
l 9729 9730
l 9730 9731
l 9731 9732
l 9732 9733
l 9733 9734
l 9734 9735
l 9735 9736
l 9736 9737
l 9737 9738
l 9738 9739
l 9739 9740
l 9741 9742
l 9742 9743
l 9743 9744
l 9744 9745
l 9745 9746
l 9746 9747
l 9747 9748
l 9748 9749
l 9750 9751
l 9751 9752
l 9752 9753
l 9753 9754
l 9754 9755
l 9755 9756
l 9756 9757
l 9757 9758
l 9758 9759
l 9759 9760
l 9760 9761
l 9761 9762
l 9762 9763
l 9763 9764
l 9764 9765
l 9765 9766
l 9767 9768
l 9768 9769
l 9769 9770
l 9770 9771
l 9771 9772
l 9772 9773
l 9773 9774
l 9774 9775
l 9775 9776
l 9776 9777
l 9778 9779
l 9779 9780
l 9780 9781
l 9781 9782
l 9782 9783
l 9783 9784
l 9784 9785
l 9785 9786
l 9787 9788
l 9788 9789
l 9789 9790
l 9790 9791
l 9791 9792
l 9792 9793
l 9793 9794
l 9794 9795
l 9795 9796
l 9796 9797
l 9798 9799
l 9799 9800
l 9800 9801
l 9801 9802
l 9802 9803
l 9803 9804
l 9804 9805
l 9805 9806
l 9807 9808
l 9808 9809
l 9809 9810
l 9810 9811
l 9811 9812
l 9812 9813
l 9813 9814
l 9814 9815
l 9815 9816
l 9816 9817
l 9817 9818
l 9818 9819
l 9819 9820
l 9820 9821
l 9822 9823
l 9823 9824
l 9824 9825
l 9825 9826
l 9826 9827
l 9827 9828
l 9828 9829
l 9829 9830
l 9831 9832
l 9832 9833
l 9833 9834
l 9834 9835
l 9835 9836
l 9836 9837
l 9837 9838
l 9838 9839

l 9840 9841
l 9841 9842
l 9842 9843
l 9843 9844
l 9844 9845
l 9845 9846
l 9846 9847
l 9847 9848
l 9848 9849
l 9849 9850
l 9850 9851
l 9851 9852
l 9852 9853
l 9853 9854
l 9855 9856
l 9856 9857
l 9857 9858
l 9858 9859
l 9859 9860
l 9860 9861
l 9861 9862
l 9862 9863
l 9864 9865
l 9865 9866
l 9866 9867
l 9867 9868
l 9868 9869
l 9869 9870
l 9870 9871
l 9871 9872
l 9872 9873
l 9873 9874
l 9874 9875
l 9875 9876
l 9876 9877
l 9877 9878
l 9879 9880
l 9880 9881
l 9881 9882
l 9882 9883
l 9883 9884
l 9884 9885
l 9885 9886
l 9886 9887
l 9887 9888
l 9888 9889
l 9890 9891
l 9891 9892
l 9892 9893
l 9893 9894
l 9894 9895
l 9895 9896
l 9896 9897
l 9897 9898
l 9899 9900
l 9900 9901
l 9901 9902
l 9902 9903
l 9903 9904
l 9904 9905
l 9905 9906
l 9906 9907
l 9908 9909
l 9909 9910
l 9910 9911
l 9911 9912
l 9912 9913
l 9913 9914
l 9914 9915
l 9915 9916
l 9916 9917
l 9917 9918
l 9918 9919
l 9919 9920
l 9920 9921
l 9921 9922
l 9922 9923
l 9923 9924
l 9925 9926
l 9926 9927
l 9927 9928
l 9928 9929
l 9929 9930
l 9930 9931
l 9931 9932
l 9932 9933
l 9934 9935
l 9935 9936
l 9936 9937
l 9937 9938
l 9938 9939
l 9939 9940
l 9940 9941
l 9941 9942
l 9942 9943
l 9943 9944
l 9945 9946
l 9946 9947
l 9947 9948
l 9948 9949
l 9949 9950
l 9950 9951
l 9951 9952
l 9952 9953
l 9954 9955
l 9955 9956
l 9956 9957
l 9957 9958
l 9958 9959
l 9959 9960
l 9960 9961
l 9961 9962
l 9963 9964
l 9964 9965
l 9965 9966
l 9966 9967
l 9967 9968
l 9968 9969
l 9969 9970
l 9970 9971
l 9972 9973
l 9973 9974
l 9974 9975
l 9975 9976
l 9976 9977
l 9977 9978
l 9978 9979
l 9979 9980
l 9981 9982
l 9982 9983
l 9983 9984
l 9984 9985
l 9985 9986
l 9986 9987
l 9987 9988
l 9988 9989

l 9990 9991
l 9991 9992
l 9992 9993
l 9993 9994
l 9994 9995
l 9995 9996
l 9996 9997
l 9997 9998
l 9998 9999
l 9999 10000
l 10000 10001
l 10001 10002
l 10002 10003
l 10003 10004
l 10005 10006
l 10006 10007
l 10007 10008
l 10008 10009
l 10009 10010
l 10010 10011
l 10011 10012
l 10012 10013
l 10014 10015
l 10015 10016
l 10016 10017
l 10017 10018
l 10018 10019
l 10019 10020
l 10020 10021
l 10021 10022
l 10022 10023
l 10023 10024
l 10024 10025
l 10025 10026
l 10026 10027
l 10027 10028
l 10029 10030
l 10030 10031
l 10031 10032
l 10032 10033
l 10033 10034
l 10034 10035
l 10035 10036
l 10036 10037
l 10037 10038
l 10038 10039
l 10040 10041
l 10041 10042
l 10042 10043
l 10043 10044
l 10044 10045
l 10045 10046
l 10046 10047
l 10047 10048
l 10049 10050
l 10050 10051
l 10051 10052
l 10052 10053
l 10053 10054
l 10054 10055
l 10055 10056
l 10056 10057
l 10058 10059
l 10059 10060
l 10060 10061
l 10061 10062
l 10062 10063
l 10063 10064
l 10064 10065
l 10065 10066
l 10066 10067
l 10067 10068
l 10068 10069
l 10069 10070
l 10070 10071
l 10071 10072
l 10072 10073
l 10073 10074
l 10075 10076
l 10076 10077
l 10077 10078
l 10078 10079
l 10079 10080
l 10080 10081
l 10081 10082
l 10082 10083
l 10084 10085
l 10085 10086
l 10086 10087
l 10087 10088
l 10088 10089
l 10089 10090
l 10090 10091
l 10091 10092
l 10092 10093
l 10093 10094
l 10095 10096
l 10096 10097
l 10097 10098
l 10098 10099
l 10099 10100
l 10100 10101
l 10101 10102
l 10102 10103
l 10104 10105
l 10105 10106
l 10106 10107
l 10107 10108
l 10108 10109
l 10109 10110
l 10110 10111
l 10111 10112
l 10113 10114
l 10114 10115
l 10115 10116
l 10116 10117
l 10117 10118
l 10118 10119
l 10119 10120
l 10120 10121
l 10122 10123
l 10123 10124
l 10124 10125
l 10125 10126
l 10126 10127
l 10127 10128
l 10128 10129
l 10129 10130
l 10131 10132
l 10132 10133
l 10133 10134
l 10134 10135
l 10135 10136
l 10136 10137
l 10137 10138
l 10138 10139

l 10140 10141
l 10141 10142
l 10142 10143
l 10143 10144
l 10144 10145
l 10145 10146
l 10146 10147
l 10147 10148
l 10149 10150
l 10150 10151
l 10151 10152
l 10152 10153
l 10153 10154
l 10154 10155
l 10155 10156
l 10156 10157
l 10157 10158
l 10158 10159
l 10159 10160
l 10160 10161
l 10162 10163
l 10163 10164
l 10164 10165
l 10165 10166
l 10166 10167
l 10167 10168
l 10168 10169
l 10169 10170
l 10170 10171
l 10171 10172
l 10173 10174
l 10174 10175
l 10175 10176
l 10176 10177
l 10177 10178
l 10178 10179
l 10179 10180
l 10180 10181
l 10182 10183
l 10183 10184
l 10184 10185
l 10185 10186
l 10186 10187
l 10187 10188
l 10188 10189
l 10189 10190
l 10190 10191
l 10191 10192
l 10192 10193
l 10193 10194
l 10194 10195
l 10195 10196
l 10196 10197
l 10197 10198
l 10199 10200
l 10200 10201
l 10201 10202
l 10202 10203
l 10203 10204
l 10204 10205
l 10205 10206
l 10206 10207
l 10207 10208
l 10208 10209
l 10210 10211
l 10211 10212
l 10212 10213
l 10213 10214
l 10214 10215
l 10215 10216
l 10216 10217
l 10217 10218
l 10218 10219
l 10219 10220
l 10221 10222
l 10222 10223
l 10223 10224
l 10224 10225
l 10225 10226
l 10226 10227
l 10227 10228
l 10228 10229
l 10230 10231
l 10231 10232
l 10232 10233
l 10233 10234
l 10234 10235
l 10235 10236
l 10236 10237
l 10237 10238
l 10239 10240
l 10240 10241
l 10241 10242
l 10242 10243
l 10243 10244
l 10244 10245
l 10245 10246
l 10246 10247
l 10247 10248
l 10248 10249
l 10250 10251
l 10251 10252
l 10252 10253
l 10253 10254
l 10254 10255
l 10255 10256
l 10256 10257
l 10257 10258
l 10258 10259
l 10259 10260
l 10261 10262
l 10262 10263
l 10263 10264
l 10264 10265
l 10265 10266
l 10266 10267
l 10267 10268
l 10268 10269
l 10269 10270
l 10270 10271
l 10272 10273
l 10273 10274
l 10274 10275
l 10275 10276
l 10276 10277
l 10277 10278
l 10278 10279
l 10279 10280
l 10280 10281
l 10281 10282
l 10282 10283
l 10283 10284
l 10284 10285
l 10285 10286
l 10287 10288
l 10288 10289
l 10289 10290
l 10290 10291
l 10291 10292
l 10292 10293
l 10293 10294
l 10294 10295
l 10295 10296
l 10296 10297
l 10297 10298
l 10298 10299
l 10300 10301
l 10301 10302
l 10302 10303
l 10303 10304
l 10304 10305
l 10305 10306
l 10306 10307
l 10307 10308
l 10308 10309
l 10309 10310
l 10310 10311
l 10311 10312
l 10312 10313
l 10313 10314
l 10315 10316
l 10316 10317
l 10317 10318
l 10318 10319
l 10319 10320
l 10320 10321
l 10321 10322
l 10322 10323
l 10324 10325
l 10325 10326
l 10326 10327
l 10327 10328
l 10328 10329
l 10329 10330
l 10330 10331
l 10331 10332
l 10333 10334
l 10334 10335
l 10335 10336
l 10336 10337
l 10337 10338
l 10338 10339
l 10339 10340
l 10340 10341
l 10342 10343
l 10343 10344
l 10344 10345
l 10345 10346
l 10346 10347
l 10347 10348
l 10348 10349
l 10349 10350
l 10350 10351
l 10351 10352
l 10352 10353
l 10353 10354
l 10355 10356
l 10356 10357
l 10357 10358
l 10358 10359
l 10359 10360
l 10360 10361
l 10361 10362
l 10362 10363
l 10364 10365
l 10365 10366
l 10366 10367
l 10367 10368
l 10368 10369
l 10369 10370
l 10370 10371
l 10371 10372
l 10372 10373
l 10373 10374
l 10374 10375
l 10375 10376
l 10377 10378
l 10378 10379
l 10379 10380
l 10380 10381
l 10381 10382
l 10382 10383
l 10383 10384
l 10384 10385
l 10386 10387
l 10387 10388
l 10388 10389
l 10389 10390
l 10390 10391
l 10391 10392
l 10392 10393
l 10393 10394
l 10394 10395
l 10395 10396
l 10396 10397
l 10397 10398
l 10398 10399
l 10399 10400
l 10400 10401
l 10401 10402
l 10403 10404
l 10404 10405
l 10405 10406
l 10406 10407
l 10407 10408
l 10408 10409
l 10409 10410
l 10410 10411
l 10411 10412
l 10412 10413
l 10414 10415
l 10415 10416
l 10416 10417
l 10417 10418
l 10418 10419
l 10419 10420
l 10420 10421
l 10421 10422
l 10422 10423
l 10423 10424
l 10424 10425
l 10425 10426
l 10426 10427
l 10427 10428
l 10429 10430
l 10430 10431
l 10431 10432
l 10432 10433
l 10433 10434
l 10434 10435
l 10435 10436
l 10436 10437

l 10438 10439
l 10439 10440
l 10440 10441
l 10441 10442
l 10442 10443
l 10443 10444
l 10444 10445
l 10445 10446
l 10447 10448
l 10448 10449
l 10449 10450
l 10450 10451
l 10451 10452
l 10452 10453
l 10453 10454
l 10454 10455
l 10455 10456
l 10456 10457
l 10457 10458
l 10458 10459
l 10460 10461
l 10461 10462
l 10462 10463
l 10463 10464
l 10464 10465
l 10465 10466
l 10466 10467
l 10467 10468
l 10468 10469
l 10469 10470
l 10471 10472
l 10472 10473
l 10473 10474
l 10474 10475
l 10475 10476
l 10476 10477
l 10477 10478
l 10478 10479
l 10480 10481
l 10481 10482
l 10482 10483
l 10483 10484
l 10484 10485
l 10485 10486
l 10486 10487
l 10487 10488
l 10488 10489
l 10489 10490
l 10490 10491
l 10491 10492
l 10492 10493
l 10493 10494
l 10494 10495
l 10495 10496
l 10497 10498
l 10498 10499
l 10499 10500
l 10500 10501
l 10501 10502
l 10502 10503
l 10503 10504
l 10504 10505
l 10505 10506
l 10506 10507
l 10508 10509
l 10509 10510
l 10510 10511
l 10511 10512
l 10512 10513
l 10513 10514
l 10514 10515
l 10515 10516
l 10516 10517
l 10517 10518
l 10519 10520
l 10520 10521
l 10521 10522
l 10522 10523
l 10523 10524
l 10524 10525
l 10525 10526
l 10526 10527
l 10528 10529
l 10529 10530
l 10530 10531
l 10531 10532
l 10532 10533
l 10533 10534
l 10534 10535
l 10535 10536
l 10537 10538
l 10538 10539
l 10539 10540
l 10540 10541
l 10541 10542
l 10542 10543
l 10543 10544
l 10544 10545
l 10545 10546
l 10546 10547
l 10548 10549
l 10549 10550
l 10550 10551
l 10551 10552
l 10552 10553
l 10553 10554
l 10554 10555
l 10555 10556
l 10556 10557
l 10557 10558
l 10559 10560
l 10560 10561
l 10561 10562
l 10562 10563
l 10563 10564
l 10564 10565
l 10565 10566
l 10566 10567
l 10567 10568
l 10568 10569
l 10570 10571
l 10571 10572
l 10572 10573
l 10573 10574
l 10574 10575
l 10575 10576
l 10576 10577
l 10577 10578
l 10578 10579
l 10579 10580
l 10580 10581
l 10581 10582
l 10582 10583
l 10583 10584
l 10585 10586
l 10586 10587
l 10587 10588
l 10588 10589
l 10589 10590
l 10590 10591
l 10591 10592
l 10592 10593
l 10593 10594
l 10594 10595
l 10595 10596
l 10596 10597
l 10598 10599
l 10599 10600
l 10600 10601
l 10601 10602
l 10602 10603
l 10603 10604
l 10604 10605
l 10605 10606
l 10606 10607
l 10607 10608
l 10608 10609
l 10609 10610
l 10610 10611
l 10611 10612
l 10613 10614
l 10614 10615
l 10615 10616
l 10616 10617
l 10617 10618
l 10618 10619
l 10619 10620
l 10620 10621
l 10622 10623
l 10623 10624
l 10624 10625
l 10625 10626
l 10626 10627
l 10627 10628
l 10628 10629
l 10629 10630
l 10631 10632
l 10632 10633
l 10633 10634
l 10634 10635
l 10635 10636
l 10636 10637
l 10637 10638
l 10638 10639
l 10640 10641
l 10641 10642
l 10642 10643
l 10643 10644
l 10644 10645
l 10645 10646
l 10646 10647
l 10647 10648
l 10648 10649
l 10649 10650
l 10650 10651
l 10651 10652
l 10653 10654
l 10654 10655
l 10655 10656
l 10656 10657
l 10657 10658
l 10658 10659
l 10659 10660
l 10660 10661
l 10662 10663
l 10663 10664
l 10664 10665
l 10665 10666
l 10666 10667
l 10667 10668
l 10668 10669
l 10669 10670
l 10670 10671
l 10671 10672
l 10672 10673
l 10673 10674
l 10675 10676
l 10676 10677
l 10677 10678
l 10678 10679
l 10679 10680
l 10680 10681
l 10681 10682
l 10682 10683
l 10684 10685
l 10685 10686
l 10686 10687
l 10687 10688
l 10688 10689
l 10689 10690
l 10690 10691
l 10691 10692
l 10692 10693
l 10693 10694
l 10694 10695
l 10695 10696
l 10696 10697
l 10697 10698
l 10698 10699
l 10699 10700
l 10701 10702
l 10702 10703
l 10703 10704
l 10704 10705
l 10705 10706
l 10706 10707
l 10707 10708
l 10708 10709
l 10709 10710
l 10710 10711
l 10712 10713
l 10713 10714
l 10714 10715
l 10715 10716
l 10716 10717
l 10717 10718
l 10718 10719
l 10719 10720
l 10720 10721
l 10721 10722
l 10722 10723
l 10723 10724
l 10724 10725
l 10725 10726
l 10727 10728
l 10728 10729
l 10729 10730
l 10730 10731
l 10731 10732
l 10732 10733
l 10733 10734
l 10734 10735

l 10736 10737
l 10737 10738
l 10738 10739
l 10739 10740
l 10740 10741
l 10741 10742
l 10742 10743
l 10743 10744
l 10744 10745
l 10745 10746
l 10747 10748
l 10748 10749
l 10749 10750
l 10750 10751
l 10751 10752
l 10752 10753
l 10753 10754
l 10754 10755
l 10756 10757
l 10757 10758
l 10758 10759
l 10759 10760
l 10760 10761
l 10761 10762
l 10762 10763
l 10763 10764
l 10765 10766
l 10766 10767
l 10767 10768
l 10768 10769
l 10769 10770
l 10770 10771
l 10771 10772
l 10772 10773
l 10773 10774
l 10774 10775
l 10776 10777
l 10777 10778
l 10778 10779
l 10779 10780
l 10780 10781
l 10781 10782
l 10782 10783
l 10783 10784
l 10784 10785
l 10785 10786
l 10787 10788
l 10788 10789
l 10789 10790
l 10790 10791
l 10791 10792
l 10792 10793
l 10793 10794
l 10794 10795
l 10796 10797
l 10797 10798
l 10798 10799
l 10799 10800
l 10800 10801
l 10801 10802
l 10802 10803
l 10803 10804
l 10804 10805
l 10805 10806
l 10806 10807
l 10807 10808
l 10808 10809
l 10809 10810
l 10810 10811
l 10811 10812
l 10813 10814
l 10814 10815
l 10815 10816
l 10816 10817
l 10817 10818
l 10818 10819
l 10819 10820
l 10820 10821
l 10822 10823
l 10823 10824
l 10824 10825
l 10825 10826
l 10826 10827
l 10827 10828
l 10828 10829
l 10829 10830
l 10831 10832
l 10832 10833
l 10833 10834
l 10834 10835
l 10835 10836
l 10836 10837
l 10837 10838
l 10838 10839
l 10839 10840
l 10840 10841
l 10841 10842
l 10842 10843
l 10843 10844
l 10844 10845
l 10845 10846
l 10846 10847
l 10848 10849
l 10849 10850
l 10850 10851
l 10851 10852
l 10852 10853
l 10853 10854
l 10854 10855
l 10855 10856
l 10856 10857
l 10857 10858
l 10858 10859
l 10859 10860
l 10860 10861
l 10861 10862
l 10862 10863
l 10863 10864
l 10864 10865
l 10865 10866
l 10867 10868
l 10868 10869
l 10869 10870
l 10870 10871
l 10871 10872
l 10872 10873
l 10873 10874
l 10874 10875
l 10875 10876
l 10876 10877
l 10877 10878
l 10878 10879
l 10880 10881
l 10881 10882
l 10882 10883
l 10883 10884
l 10884 10885
l 10885 10886
l 10886 10887
l 10887 10888
l 10889 10890
l 10890 10891
l 10891 10892
l 10892 10893
l 10893 10894
l 10894 10895
l 10895 10896
l 10896 10897
l 10898 10899
l 10899 10900
l 10900 10901
l 10901 10902
l 10902 10903
l 10903 10904
l 10904 10905
l 10905 10906
l 10907 10908
l 10908 10909
l 10909 10910
l 10910 10911
l 10911 10912
l 10912 10913
l 10913 10914
l 10914 10915
l 10915 10916
l 10916 10917
l 10917 10918
l 10918 10919
l 10920 10921
l 10921 10922
l 10922 10923
l 10923 10924
l 10924 10925
l 10925 10926
l 10926 10927
l 10927 10928
l 10929 10930
l 10930 10931
l 10931 10932
l 10932 10933
l 10933 10934
l 10934 10935
l 10935 10936
l 10936 10937
l 10938 10939
l 10939 10940
l 10940 10941
l 10941 10942
l 10942 10943
l 10943 10944
l 10944 10945
l 10945 10946

l 10947 10948
l 10948 10949
l 10949 10950
l 10950 10951
l 10951 10952
l 10952 10953
l 10953 10954
l 10954 10955
l 10955 10956
l 10956 10957
l 10958 10959
l 10959 10960
l 10960 10961
l 10961 10962
l 10962 10963
l 10963 10964
l 10964 10965
l 10965 10966
l 10967 10968
l 10968 10969
l 10969 10970
l 10970 10971
l 10971 10972
l 10972 10973
l 10973 10974
l 10974 10975
l 10976 10977
l 10977 10978
l 10978 10979
l 10979 10980
l 10980 10981
l 10981 10982
l 10982 10983
l 10983 10984
l 10984 10985
l 10985 10986
l 10987 10988
l 10988 10989
l 10989 10990
l 10990 10991
l 10991 10992
l 10992 10993
l 10993 10994
l 10994 10995
l 10995 10996
l 10996 10997
l 10998 10999
l 10999 11000
l 11000 11001
l 11001 11002
l 11002 11003
l 11003 11004
l 11004 11005
l 11005 11006
l 11007 11008
l 11008 11009
l 11009 11010
l 11010 11011
l 11011 11012
l 11012 11013
l 11013 11014
l 11014 11015
l 11015 11016
l 11016 11017
l 11017 11018
l 11018 11019
l 11019 11020
l 11020 11021
l 11021 11022
l 11022 11023
l 11024 11025
l 11025 11026
l 11026 11027
l 11027 11028
l 11028 11029
l 11029 11030
l 11030 11031
l 11031 11032
l 11033 11034
l 11034 11035
l 11035 11036
l 11036 11037
l 11037 11038
l 11038 11039
l 11039 11040
l 11040 11041
l 11042 11043
l 11043 11044
l 11044 11045
l 11045 11046
l 11046 11047
l 11047 11048
l 11048 11049
l 11049 11050
l 11050 11051
l 11051 11052
l 11052 11053
l 11053 11054
l 11054 11055
l 11055 11056
l 11056 11057
l 11057 11058
l 11059 11060
l 11060 11061
l 11061 11062
l 11062 11063
l 11063 11064
l 11064 11065
l 11065 11066
l 11066 11067
l 11067 11068
l 11068 11069
l 11069 11070
l 11070 11071
l 11071 11072
l 11072 11073
l 11073 11074
l 11074 11075
l 11075 11076
l 11076 11077
l 11078 11079
l 11079 11080
l 11080 11081
l 11081 11082
l 11082 11083
l 11083 11084
l 11084 11085
l 11085 11086
l 11086 11087
l 11087 11088
l 11088 11089
l 11089 11090
l 11091 11092
l 11092 11093
l 11093 11094
l 11094 11095
l 11095 11096
l 11096 11097
l 11097 11098
l 11098 11099
l 11100 11101
l 11101 11102
l 11102 11103
l 11103 11104
l 11104 11105
l 11105 11106
l 11106 11107
l 11107 11108
l 11109 11110
l 11110 11111
l 11111 11112
l 11112 11113
l 11113 11114
l 11114 11115
l 11115 11116
l 11116 11117
l 11118 11119
l 11119 11120
l 11120 11121
l 11121 11122
l 11122 11123
l 11123 11124
l 11124 11125
l 11125 11126
l 11126 11127
l 11127 11128
l 11128 11129
l 11129 11130
l 11131 11132
l 11132 11133
l 11133 11134
l 11134 11135
l 11135 11136
l 11136 11137
l 11137 11138
l 11138 11139
l 11140 11141
l 11141 11142
l 11142 11143
l 11143 11144
l 11144 11145
l 11145 11146
l 11146 11147
l 11147 11148
l 11149 11150
l 11150 11151
l 11151 11152
l 11152 11153
l 11153 11154
l 11154 11155
l 11155 11156
l 11156 11157

l 11158 11159
l 11159 11160
l 11160 11161
l 11161 11162
l 11162 11163
l 11163 11164
l 11164 11165
l 11165 11166
l 11166 11167
l 11167 11168
l 11168 11169
l 11169 11170
l 11171 11172
l 11172 11173
l 11173 11174
l 11174 11175
l 11175 11176
l 11176 11177
l 11177 11178
l 11178 11179
l 11180 11181
l 11181 11182
l 11182 11183
l 11183 11184
l 11184 11185
l 11185 11186
l 11186 11187
l 11187 11188
l 11188 11189
l 11189 11190
l 11190 11191
l 11191 11192
l 11192 11193
l 11193 11194
l 11194 11195
l 11195 11196
l 11197 11198
l 11198 11199
l 11199 11200
l 11200 11201
l 11201 11202
l 11202 11203
l 11203 11204
l 11204 11205
l 11205 11206
l 11206 11207
l 11208 11209
l 11209 11210
l 11210 11211
l 11211 11212
l 11212 11213
l 11213 11214
l 11214 11215
l 11215 11216
l 11216 11217
l 11217 11218
l 11218 11219
l 11219 11220
l 11221 11222
l 11222 11223
l 11223 11224
l 11224 11225
l 11225 11226
l 11226 11227
l 11227 11228
l 11228 11229
l 11230 11231
l 11231 11232
l 11232 11233
l 11233 11234
l 11234 11235
l 11235 11236
l 11236 11237
l 11237 11238
l 11238 11239
l 11239 11240
l 11240 11241
l 11241 11242
l 11242 11243
l 11243 11244
l 11244 11245
l 11245 11246
l 11246 11247
l 11247 11248
l 11248 11249
l 11249 11250
l 11251 11252
l 11252 11253
l 11253 11254
l 11254 11255
l 11255 11256
l 11256 11257
l 11257 11258
l 11258 11259
l 11259 11260
l 11260 11261
l 11261 11262
l 11262 11263
l 11263 11264
l 11264 11265
l 11265 11266
l 11266 11267
l 11268 11269
l 11269 11270
l 11270 11271
l 11271 11272
l 11272 11273
l 11273 11274
l 11274 11275
l 11275 11276
l 11276 11277
l 11277 11278
l 11278 11279
l 11279 11280
l 11280 11281
l 11281 11282
l 11282 11283
l 11283 11284
l 11285 11286
l 11286 11287
l 11287 11288
l 11288 11289
l 11289 11290
l 11290 11291
l 11291 11292
l 11292 11293
l 11293 11294
l 11294 11295
l 11295 11296
l 11296 11297
l 11297 11298
l 11298 11299
l 11299 11300
l 11300 11301
l 11301 11302
l 11302 11303
l 11303 11304
l 11304 11305
l 11306 11307
l 11307 11308
l 11308 11309
l 11309 11310
l 11310 11311
l 11311 11312
l 11312 11313
l 11313 11314
l 11314 11315
l 11315 11316
l 11316 11317
l 11317 11318
l 11318 11319
l 11319 11320
l 11320 11321
l 11321 11322
l 11322 11323
l 11323 11324
l 11325 11326
l 11326 11327
l 11327 11328
l 11328 11329
l 11329 11330
l 11330 11331
l 11331 11332
l 11332 11333
l 11333 11334
l 11334 11335
l 11335 11336
l 11336 11337
l 11338 11339
l 11339 11340
l 11340 11341
l 11341 11342
l 11342 11343
l 11343 11344
l 11344 11345
l 11345 11346
l 11346 11347
l 11347 11348
l 11348 11349
l 11349 11350
l 11351 11352
l 11352 11353
l 11353 11354
l 11354 11355
l 11355 11356
l 11356 11357
l 11357 11358
l 11358 11359
l 11359 11360
l 11360 11361
l 11361 11362
l 11362 11363
l 11363 11364
l 11364 11365
l 11365 11366
l 11366 11367
l 11367 11368
l 11368 11369
l 11370 11371
l 11371 11372
l 11372 11373
l 11373 11374
l 11374 11375
l 11375 11376
l 11376 11377
l 11377 11378
l 11378 11379
l 11379 11380
l 11380 11381
l 11381 11382
l 11383 11384
l 11384 11385
l 11385 11386
l 11386 11387
l 11387 11388
l 11388 11389
l 11389 11390
l 11390 11391
l 11391 11392
l 11392 11393
l 11393 11394
l 11394 11395
l 11395 11396
l 11396 11397
l 11397 11398
l 11398 11399
l 11400 11401
l 11401 11402
l 11402 11403
l 11403 11404
l 11404 11405
l 11405 11406
l 11406 11407
l 11407 11408
l 11408 11409
l 11409 11410
l 11410 11411
l 11411 11412
l 11412 11413
l 11413 11414
l 11414 11415
l 11415 11416
l 11416 11417
l 11417 11418
l 11419 11420
l 11420 11421
l 11421 11422
l 11422 11423
l 11423 11424
l 11424 11425
l 11425 11426
l 11426 11427
l 11427 11428
l 11428 11429
l 11429 11430
l 11430 11431
l 11432 11433
l 11433 11434
l 11434 11435
l 11435 11436
l 11436 11437
l 11437 11438
l 11438 11439
l 11439 11440
l 11441 11442
l 11442 11443
l 11443 11444
l 11444 11445
l 11445 11446
l 11446 11447
l 11447 11448
l 11448 11449
l 11449 11450
l 11450 11451
l 11451 11452
l 11452 11453
l 11453 11454
l 11454 11455
l 11455 11456
l 11456 11457
l 11457 11458
l 11458 11459
l 11460 11461
l 11461 11462
l 11462 11463
l 11463 11464
l 11464 11465
l 11465 11466
l 11466 11467
l 11467 11468
l 11468 11469
l 11469 11470
l 11471 11472
l 11472 11473
l 11473 11474
l 11474 11475
l 11475 11476
l 11476 11477
l 11477 11478
l 11478 11479
l 11479 11480
l 11480 11481
l 11481 11482
l 11482 11483
l 11483 11484
l 11484 11485
l 11485 11486
l 11486 11487
l 11488 11489
l 11489 11490
l 11490 11491
l 11491 11492
l 11492 11493
l 11493 11494
l 11494 11495
l 11495 11496
l 11497 11498
l 11498 11499
l 11499 11500
l 11500 11501
l 11501 11502
l 11502 11503
l 11503 11504
l 11504 11505
l 11506 11507
l 11507 11508
l 11508 11509
l 11509 11510
l 11510 11511
l 11511 11512
l 11512 11513
l 11513 11514
l 11514 11515
l 11515 11516
l 11516 11517
l 11517 11518
l 11518 11519
l 11519 11520
l 11520 11521
l 11521 11522
l 11522 11523
l 11523 11524
l 11525 11526
l 11526 11527
l 11527 11528
l 11528 11529
l 11529 11530
l 11530 11531
l 11531 11532
l 11532 11533
l 11534 11535
l 11535 11536
l 11536 11537
l 11537 11538
l 11538 11539
l 11539 11540
l 11540 11541
l 11541 11542
l 11543 11544
l 11544 11545
l 11545 11546
l 11546 11547
l 11547 11548
l 11548 11549
l 11549 11550
l 11550 11551
l 11551 11552
l 11552 11553
l 11554 11555
l 11555 11556
l 11556 11557
l 11557 11558
l 11558 11559
l 11559 11560
l 11560 11561
l 11561 11562
l 11562 11563
l 11563 11564
l 11564 11565
l 11565 11566
l 11566 11567
l 11567 11568
l 11568 11569
l 11569 11570
l 11571 11572
l 11572 11573
l 11573 11574
l 11574 11575
l 11575 11576
l 11576 11577
l 11577 11578
l 11578 11579
l 11579 11580
l 11580 11581
l 11581 11582
l 11582 11583
l 11583 11584
l 11584 11585
l 11585 11586
l 11586 11587
l 11588 11589
l 11589 11590
l 11590 11591
l 11591 11592
l 11592 11593
l 11593 11594
l 11594 11595
l 11595 11596
l 11597 11598
l 11598 11599
l 11599 11600
l 11600 11601
l 11601 11602
l 11602 11603
l 11603 11604
l 11604 11605
l 11605 11606
l 11606 11607
l 11607 11608
l 11608 11609
l 11609 11610
l 11610 11611
l 11611 11612
l 11612 11613
l 11613 11614
l 11614 11615
l 11616 11617
l 11617 11618
l 11618 11619
l 11619 11620
l 11620 11621
l 11621 11622
l 11622 11623
l 11623 11624
l 11624 11625
l 11625 11626
l 11626 11627
l 11627 11628
l 11629 11630
l 11630 11631
l 11631 11632
l 11632 11633
l 11633 11634
l 11634 11635
l 11635 11636
l 11636 11637
l 11637 11638
l 11638 11639
l 11639 11640
l 11640 11641
l 11641 11642
l 11642 11643
l 11643 11644
l 11644 11645
l 11646 11647
l 11647 11648
l 11648 11649
l 11649 11650
l 11650 11651
l 11651 11652
l 11652 11653
l 11653 11654
l 11654 11655
l 11655 11656
l 11657 11658
l 11658 11659
l 11659 11660
l 11660 11661
l 11661 11662
l 11662 11663
l 11663 11664
l 11664 11665
l 11665 11666
l 11666 11667
l 11667 11668
l 11668 11669
l 11670 11671
l 11671 11672
l 11672 11673
l 11673 11674
l 11674 11675
l 11675 11676
l 11676 11677
l 11677 11678

l 11679 11680
l 11680 11681
l 11681 11682
l 11682 11683
l 11683 11684
l 11684 11685
l 11685 11686
l 11686 11687
l 11687 11688
l 11688 11689
l 11689 11690
l 11690 11691
l 11692 11693
l 11693 11694
l 11694 11695
l 11695 11696
l 11696 11697
l 11697 11698
l 11698 11699
l 11699 11700
l 11701 11702
l 11702 11703
l 11703 11704
l 11704 11705
l 11705 11706
l 11706 11707
l 11707 11708
l 11708 11709
l 11709 11710
l 11710 11711
l 11711 11712
l 11712 11713
l 11713 11714
l 11714 11715
l 11715 11716
l 11716 11717
l 11718 11719
l 11719 11720
l 11720 11721
l 11721 11722
l 11722 11723
l 11723 11724
l 11724 11725
l 11725 11726
l 11726 11727
l 11727 11728
l 11729 11730
l 11730 11731
l 11731 11732
l 11732 11733
l 11733 11734
l 11734 11735
l 11735 11736
l 11736 11737
l 11737 11738
l 11738 11739
l 11739 11740
l 11740 11741
l 11742 11743
l 11743 11744
l 11744 11745
l 11745 11746
l 11746 11747
l 11747 11748
l 11748 11749
l 11749 11750
l 11751 11752
l 11752 11753
l 11753 11754
l 11754 11755
l 11755 11756
l 11756 11757
l 11757 11758
l 11758 11759
l 11759 11760
l 11760 11761
l 11761 11762
l 11762 11763
l 11763 11764
l 11764 11765
l 11765 11766
l 11766 11767
l 11767 11768
l 11768 11769
l 11769 11770
l 11770 11771
l 11772 11773
l 11773 11774
l 11774 11775
l 11775 11776
l 11776 11777
l 11777 11778
l 11778 11779
l 11779 11780
l 11780 11781
l 11781 11782
l 11782 11783
l 11783 11784
l 11784 11785
l 11785 11786
l 11786 11787
l 11787 11788
l 11789 11790
l 11790 11791
l 11791 11792
l 11792 11793
l 11793 11794
l 11794 11795
l 11795 11796
l 11796 11797
l 11797 11798
l 11798 11799
l 11799 11800
l 11800 11801
l 11801 11802
l 11802 11803
l 11803 11804
l 11804 11805
l 11806 11807
l 11807 11808
l 11808 11809
l 11809 11810
l 11810 11811
l 11811 11812
l 11812 11813
l 11813 11814
l 11814 11815
l 11815 11816
l 11816 11817
l 11817 11818
l 11818 11819
l 11819 11820
l 11820 11821
l 11821 11822
l 11822 11823
l 11823 11824
l 11824 11825
l 11825 11826
l 11827 11828
l 11828 11829
l 11829 11830
l 11830 11831
l 11831 11832
l 11832 11833
l 11833 11834
l 11834 11835
l 11835 11836
l 11836 11837
l 11837 11838
l 11838 11839
l 11839 11840
l 11840 11841
l 11841 11842
l 11842 11843
l 11843 11844
l 11844 11845
l 11846 11847
l 11847 11848
l 11848 11849
l 11849 11850
l 11850 11851
l 11851 11852
l 11852 11853
l 11853 11854
l 11854 11855
l 11855 11856
l 11856 11857
l 11857 11858
l 11859 11860
l 11860 11861
l 11861 11862
l 11862 11863
l 11863 11864
l 11864 11865
l 11865 11866
l 11866 11867
l 11867 11868
l 11868 11869
l 11869 11870
l 11870 11871
l 11872 11873
l 11873 11874
l 11874 11875
l 11875 11876
l 11876 11877
l 11877 11878
l 11878 11879
l 11879 11880
l 11880 11881
l 11881 11882
l 11882 11883
l 11883 11884
l 11884 11885
l 11885 11886
l 11886 11887
l 11887 11888
l 11888 11889
l 11889 11890
l 11891 11892
l 11892 11893
l 11893 11894
l 11894 11895
l 11895 11896
l 11896 11897
l 11897 11898
l 11898 11899
l 11899 11900
l 11900 11901
l 11901 11902
l 11902 11903
l 11904 11905
l 11905 11906
l 11906 11907
l 11907 11908
l 11908 11909
l 11909 11910
l 11910 11911
l 11911 11912
l 11912 11913
l 11913 11914
l 11914 11915
l 11915 11916
l 11916 11917
l 11917 11918
l 11918 11919
l 11919 11920
l 11921 11922
l 11922 11923
l 11923 11924
l 11924 11925
l 11925 11926
l 11926 11927
l 11927 11928
l 11928 11929
l 11929 11930
l 11930 11931
l 11931 11932
l 11932 11933
l 11933 11934
l 11934 11935
l 11935 11936
l 11936 11937
l 11937 11938
l 11938 11939
l 11940 11941
l 11941 11942
l 11942 11943
l 11943 11944
l 11944 11945
l 11945 11946
l 11946 11947
l 11947 11948
l 11948 11949
l 11949 11950
l 11950 11951
l 11951 11952
l 11953 11954
l 11954 11955
l 11955 11956
l 11956 11957
l 11957 11958
l 11958 11959
l 11959 11960
l 11960 11961
l 11962 11963
l 11963 11964
l 11964 11965
l 11965 11966
l 11966 11967
l 11967 11968
l 11968 11969
l 11969 11970
l 11970 11971
l 11971 11972
l 11972 11973
l 11973 11974
l 11974 11975
l 11975 11976
l 11976 11977
l 11977 11978
l 11978 11979
l 11979 11980
l 11981 11982
l 11982 11983
l 11983 11984
l 11984 11985
l 11985 11986
l 11986 11987
l 11987 11988
l 11988 11989
l 11989 11990
l 11990 11991
l 11992 11993
l 11993 11994
l 11994 11995
l 11995 11996
l 11996 11997
l 11997 11998
l 11998 11999
l 11999 12000
l 12000 12001
l 12001 12002
l 12002 12003
l 12003 12004
l 12004 12005
l 12005 12006
l 12006 12007
l 12007 12008
l 12009 12010
l 12010 12011
l 12011 12012
l 12012 12013
l 12013 12014
l 12014 12015
l 12015 12016
l 12016 12017
l 12018 12019
l 12019 12020
l 12020 12021
l 12021 12022
l 12022 12023
l 12023 12024
l 12024 12025
l 12025 12026
l 12027 12028
l 12028 12029
l 12029 12030
l 12030 12031
l 12031 12032
l 12032 12033
l 12033 12034
l 12034 12035
l 12035 12036
l 12036 12037
l 12037 12038
l 12038 12039
l 12039 12040
l 12040 12041
l 12041 12042
l 12042 12043
l 12043 12044
l 12044 12045
l 12046 12047
l 12047 12048
l 12048 12049
l 12049 12050
l 12050 12051
l 12051 12052
l 12052 12053
l 12053 12054
l 12055 12056
l 12056 12057
l 12057 12058
l 12058 12059
l 12059 12060
l 12060 12061
l 12061 12062
l 12062 12063
l 12064 12065
l 12065 12066
l 12066 12067
l 12067 12068
l 12068 12069
l 12069 12070
l 12070 12071
l 12071 12072
l 12072 12073
l 12073 12074
l 12075 12076
l 12076 12077
l 12077 12078
l 12078 12079
l 12079 12080
l 12080 12081
l 12081 12082
l 12082 12083
l 12083 12084
l 12084 12085
l 12085 12086
l 12086 12087
l 12087 12088
l 12088 12089
l 12089 12090
l 12090 12091
l 12092 12093
l 12093 12094
l 12094 12095
l 12095 12096
l 12096 12097
l 12097 12098
l 12098 12099
l 12099 12100
l 12100 12101
l 12101 12102
l 12102 12103
l 12103 12104
l 12104 12105
l 12105 12106
l 12106 12107
l 12107 12108
l 12109 12110
l 12110 12111
l 12111 12112
l 12112 12113
l 12113 12114
l 12114 12115
l 12115 12116
l 12116 12117
l 12118 12119
l 12119 12120
l 12120 12121
l 12121 12122
l 12122 12123
l 12123 12124
l 12124 12125
l 12125 12126
l 12126 12127
l 12127 12128
l 12128 12129
l 12129 12130
l 12130 12131
l 12131 12132
l 12132 12133
l 12133 12134
l 12134 12135
l 12135 12136
l 12137 12138
l 12138 12139
l 12139 12140
l 12140 12141
l 12141 12142
l 12142 12143
l 12143 12144
l 12144 12145
l 12145 12146
l 12146 12147
l 12147 12148
l 12148 12149
l 12150 12151
l 12151 12152
l 12152 12153
l 12153 12154
l 12154 12155
l 12155 12156
l 12156 12157
l 12157 12158
l 12158 12159
l 12159 12160
l 12160 12161
l 12161 12162
l 12162 12163
l 12163 12164
l 12164 12165
l 12165 12166
l 12167 12168
l 12168 12169
l 12169 12170
l 12170 12171
l 12171 12172
l 12172 12173
l 12173 12174
l 12174 12175
l 12175 12176
l 12176 12177
l 12178 12179
l 12179 12180
l 12180 12181
l 12181 12182
l 12182 12183
l 12183 12184
l 12184 12185
l 12185 12186
l 12186 12187
l 12187 12188
l 12188 12189
l 12189 12190
l 12191 12192
l 12192 12193
l 12193 12194
l 12194 12195
l 12195 12196
l 12196 12197
l 12197 12198
l 12198 12199

l 12200 12201
l 12201 12202
l 12202 12203
l 12203 12204
l 12204 12205
l 12205 12206
l 12206 12207
l 12207 12208
l 12208 12209
l 12209 12210
l 12211 12212
l 12212 12213
l 12213 12214
l 12214 12215
l 12215 12216
l 12216 12217
l 12217 12218
l 12218 12219
l 12219 12220
l 12220 12221
l 12221 12222
l 12222 12223
l 12223 12224
l 12224 12225
l 12225 12226
l 12226 12227
l 12228 12229
l 12229 12230
l 12230 12231
l 12231 12232
l 12232 12233
l 12233 12234
l 12234 12235
l 12235 12236
l 12236 12237
l 12237 12238
l 12238 12239
l 12239 12240
l 12240 12241
l 12241 12242
l 12242 12243
l 12243 12244
l 12245 12246
l 12246 12247
l 12247 12248
l 12248 12249
l 12249 12250
l 12250 12251
l 12251 12252
l 12252 12253
l 12253 12254
l 12254 12255
l 12256 12257
l 12257 12258
l 12258 12259
l 12259 12260
l 12260 12261
l 12261 12262
l 12262 12263
l 12263 12264
l 12264 12265
l 12265 12266
l 12266 12267
l 12267 12268
l 12268 12269
l 12269 12270
l 12270 12271
l 12271 12272
l 12273 12274
l 12274 12275
l 12275 12276
l 12276 12277
l 12277 12278
l 12278 12279
l 12279 12280
l 12280 12281
l 12281 12282
l 12282 12283
l 12283 12284
l 12284 12285
l 12285 12286
l 12286 12287
l 12288 12289
l 12289 12290
l 12290 12291
l 12291 12292
l 12292 12293
l 12293 12294
l 12294 12295
l 12295 12296
l 12296 12297
l 12297 12298
l 12298 12299
l 12299 12300
l 12301 12302
l 12302 12303
l 12303 12304
l 12304 12305
l 12305 12306
l 12306 12307
l 12307 12308
l 12308 12309
l 12310 12311
l 12311 12312
l 12312 12313
l 12313 12314
l 12314 12315
l 12315 12316
l 12316 12317
l 12317 12318
l 12318 12319
l 12319 12320
l 12320 12321
l 12321 12322
l 12322 12323
l 12323 12324
l 12325 12326
l 12326 12327
l 12327 12328
l 12328 12329
l 12329 12330
l 12330 12331
l 12331 12332
l 12332 12333
l 12334 12335
l 12335 12336
l 12336 12337
l 12337 12338
l 12338 12339
l 12339 12340
l 12340 12341
l 12341 12342
l 12342 12343
l 12343 12344
l 12345 12346
l 12346 12347
l 12347 12348
l 12348 12349
l 12349 12350
l 12350 12351
l 12351 12352
l 12352 12353
l 12354 12355
l 12355 12356
l 12356 12357
l 12357 12358
l 12358 12359
l 12359 12360
l 12360 12361
l 12361 12362
l 12362 12363
l 12363 12364
l 12364 12365
l 12365 12366
l 12366 12367
l 12367 12368
l 12368 12369
l 12369 12370
l 12370 12371
l 12371 12372
l 12372 12373
l 12373 12374
l 12375 12376
l 12376 12377
l 12377 12378
l 12378 12379
l 12379 12380
l 12380 12381
l 12381 12382
l 12382 12383
l 12383 12384
l 12384 12385
l 12385 12386
l 12386 12387
l 12388 12389
l 12389 12390
l 12390 12391
l 12391 12392
l 12392 12393
l 12393 12394
l 12394 12395
l 12395 12396
l 12396 12397
l 12397 12398
l 12398 12399
l 12399 12400
l 12400 12401
l 12401 12402
l 12402 12403
l 12403 12404
l 12404 12405
l 12405 12406
l 12406 12407
l 12407 12408
l 12409 12410
l 12410 12411
l 12411 12412
l 12412 12413
l 12413 12414
l 12414 12415
l 12415 12416
l 12416 12417
l 12417 12418
l 12418 12419
l 12419 12420
l 12420 12421
l 12422 12423
l 12423 12424
l 12424 12425
l 12425 12426
l 12426 12427
l 12427 12428
l 12428 12429
l 12429 12430
l 12431 12432
l 12432 12433
l 12433 12434
l 12434 12435
l 12435 12436
l 12436 12437
l 12437 12438
l 12438 12439
l 12439 12440
l 12440 12441
l 12441 12442
l 12442 12443
l 12443 12444
l 12444 12445
l 12445 12446
l 12446 12447
l 12447 12448
l 12448 12449
l 12449 12450
l 12450 12451
l 12452 12453
l 12453 12454
l 12454 12455
l 12455 12456
l 12456 12457
l 12457 12458
l 12458 12459
l 12459 12460
l 12461 12462
l 12462 12463
l 12463 12464
l 12464 12465
l 12465 12466
l 12466 12467
l 12467 12468
l 12468 12469
l 12469 12470
l 12470 12471
l 12471 12472
l 12472 12473
l 12473 12474
l 12474 12475
l 12475 12476
l 12476 12477
l 12477 12478
l 12478 12479
l 12479 12480
l 12480 12481
l 12481 12482
l 12482 12483
l 12483 12484
l 12484 12485
l 12485 12486
l 12486 12487
l 12488 12489
l 12489 12490
l 12490 12491
l 12491 12492
l 12492 12493
l 12493 12494
l 12494 12495
l 12495 12496
l 12496 12497
l 12497 12498
l 12498 12499
l 12499 12500
l 12501 12502
l 12502 12503
l 12503 12504
l 12504 12505
l 12505 12506
l 12506 12507
l 12507 12508
l 12508 12509
l 12509 12510
l 12510 12511
l 12511 12512
l 12512 12513
l 12513 12514
l 12514 12515
l 12515 12516
l 12516 12517
l 12517 12518
l 12518 12519
l 12520 12521
l 12521 12522
l 12522 12523
l 12523 12524
l 12524 12525
l 12525 12526
l 12526 12527
l 12527 12528
l 12529 12530
l 12530 12531
l 12531 12532
l 12532 12533
l 12533 12534
l 12534 12535
l 12535 12536
l 12536 12537
l 12537 12538
l 12538 12539
l 12539 12540
l 12540 12541
l 12541 12542
l 12542 12543
l 12544 12545
l 12545 12546
l 12546 12547
l 12547 12548
l 12548 12549
l 12549 12550
l 12550 12551
l 12551 12552
l 12553 12554
l 12554 12555
l 12555 12556
l 12556 12557
l 12557 12558
l 12558 12559
l 12559 12560
l 12560 12561
l 12561 12562
l 12562 12563
l 12563 12564
l 12564 12565
l 12565 12566
l 12566 12567
l 12567 12568
l 12568 12569
l 12570 12571
l 12571 12572
l 12572 12573
l 12573 12574
l 12574 12575
l 12575 12576
l 12576 12577
l 12577 12578
l 12578 12579
l 12579 12580
l 12581 12582
l 12582 12583
l 12583 12584
l 12584 12585
l 12585 12586
l 12586 12587
l 12587 12588
l 12588 12589
l 12589 12590
l 12590 12591
l 12591 12592
l 12592 12593
l 12593 12594
l 12594 12595
l 12595 12596
l 12596 12597
l 12598 12599
l 12599 12600
l 12600 12601
l 12601 12602
l 12602 12603
l 12603 12604
l 12604 12605
l 12605 12606
l 12606 12607
l 12607 12608
l 12608 12609
l 12609 12610
l 12611 12612
l 12612 12613
l 12613 12614
l 12614 12615
l 12615 12616
l 12616 12617
l 12617 12618
l 12618 12619
l 12619 12620
l 12620 12621
l 12622 12623
l 12623 12624
l 12624 12625
l 12625 12626
l 12626 12627
l 12627 12628
l 12628 12629
l 12629 12630
l 12630 12631
l 12631 12632
l 12632 12633
l 12633 12634
l 12634 12635
l 12635 12636
l 12636 12637
l 12637 12638
l 12639 12640
l 12640 12641
l 12641 12642
l 12642 12643
l 12643 12644
l 12644 12645
l 12645 12646
l 12646 12647
l 12647 12648
l 12648 12649
l 12649 12650
l 12650 12651
l 12651 12652
l 12652 12653
l 12653 12654
l 12654 12655
l 12655 12656
l 12656 12657
l 12657 12658
l 12658 12659
l 12659 12660
l 12660 12661
l 12662 12663
l 12663 12664
l 12664 12665
l 12665 12666
l 12666 12667
l 12667 12668
l 12668 12669
l 12669 12670
l 12670 12671
l 12671 12672
l 12672 12673
l 12673 12674
l 12675 12676
l 12676 12677
l 12677 12678
l 12678 12679
l 12679 12680
l 12680 12681
l 12681 12682
l 12682 12683
l 12684 12685
l 12685 12686
l 12686 12687
l 12687 12688
l 12688 12689
l 12689 12690
l 12690 12691
l 12691 12692

l 12693 12694
l 12694 12695
l 12695 12696
l 12696 12697
l 12697 12698
l 12698 12699
l 12699 12700
l 12700 12701
l 12701 12702
l 12702 12703
l 12704 12705
l 12705 12706
l 12706 12707
l 12707 12708
l 12708 12709
l 12709 12710
l 12710 12711
l 12711 12712
l 12712 12713
l 12713 12714
l 12714 12715
l 12715 12716
l 12716 12717
l 12717 12718
l 12718 12719
l 12719 12720
l 12721 12722
l 12722 12723
l 12723 12724
l 12724 12725
l 12725 12726
l 12726 12727
l 12727 12728
l 12728 12729
l 12729 12730
l 12730 12731
l 12731 12732
l 12732 12733
l 12733 12734
l 12734 12735
l 12735 12736
l 12736 12737
l 12738 12739
l 12739 12740
l 12740 12741
l 12741 12742
l 12742 12743
l 12743 12744
l 12744 12745
l 12745 12746
l 12746 12747
l 12747 12748
l 12749 12750
l 12750 12751
l 12751 12752
l 12752 12753
l 12753 12754
l 12754 12755
l 12755 12756
l 12756 12757
l 12757 12758
l 12758 12759
l 12759 12760
l 12760 12761
l 12761 12762
l 12762 12763
l 12763 12764
l 12764 12765
l 12766 12767
l 12767 12768
l 12768 12769
l 12769 12770
l 12770 12771
l 12771 12772
l 12772 12773
l 12773 12774
l 12774 12775
l 12775 12776
l 12776 12777
l 12777 12778
l 12778 12779
l 12779 12780
l 12781 12782
l 12782 12783
l 12783 12784
l 12784 12785
l 12785 12786
l 12786 12787
l 12787 12788
l 12788 12789
l 12789 12790
l 12790 12791
l 12791 12792
l 12792 12793
l 12794 12795
l 12795 12796
l 12796 12797
l 12797 12798
l 12798 12799
l 12799 12800
l 12800 12801
l 12801 12802
l 12803 12804
l 12804 12805
l 12805 12806
l 12806 12807
l 12807 12808
l 12808 12809
l 12809 12810
l 12810 12811
l 12811 12812
l 12812 12813
l 12813 12814
l 12814 12815
l 12815 12816
l 12816 12817
l 12818 12819
l 12819 12820
l 12820 12821
l 12821 12822
l 12822 12823
l 12823 12824
l 12824 12825
l 12825 12826
l 12827 12828
l 12828 12829
l 12829 12830
l 12830 12831
l 12831 12832
l 12832 12833
l 12833 12834
l 12834 12835
l 12835 12836
l 12836 12837
l 12838 12839
l 12839 12840
l 12840 12841
l 12841 12842
l 12842 12843
l 12843 12844
l 12844 12845
l 12845 12846
l 12847 12848
l 12848 12849
l 12849 12850
l 12850 12851
l 12851 12852
l 12852 12853
l 12853 12854
l 12854 12855
l 12855 12856
l 12856 12857
l 12857 12858
l 12858 12859
l 12859 12860
l 12860 12861
l 12861 12862
l 12862 12863
l 12863 12864
l 12864 12865
l 12865 12866
l 12866 12867
l 12868 12869
l 12869 12870
l 12870 12871
l 12871 12872
l 12872 12873
l 12873 12874
l 12874 12875
l 12875 12876
l 12876 12877
l 12877 12878
l 12878 12879
l 12879 12880
l 12881 12882
l 12882 12883
l 12883 12884
l 12884 12885
l 12885 12886
l 12886 12887
l 12887 12888
l 12888 12889
l 12889 12890
l 12890 12891
l 12891 12892
l 12892 12893
l 12893 12894
l 12894 12895
l 12895 12896
l 12896 12897
l 12897 12898
l 12898 12899
l 12899 12900
l 12900 12901
l 12902 12903
l 12903 12904
l 12904 12905
l 12905 12906
l 12906 12907
l 12907 12908
l 12908 12909
l 12909 12910
l 12910 12911
l 12911 12912
l 12912 12913
l 12913 12914
l 12915 12916
l 12916 12917
l 12917 12918
l 12918 12919
l 12919 12920
l 12920 12921
l 12921 12922
l 12922 12923
l 12924 12925
l 12925 12926
l 12926 12927
l 12927 12928
l 12928 12929
l 12929 12930
l 12930 12931
l 12931 12932
l 12932 12933
l 12933 12934
l 12934 12935
l 12935 12936
l 12936 12937
l 12937 12938
l 12938 12939
l 12939 12940
l 12940 12941
l 12941 12942
l 12942 12943
l 12943 12944
l 12945 12946
l 12946 12947
l 12947 12948
l 12948 12949
l 12949 12950
l 12950 12951
l 12951 12952
l 12952 12953
l 12954 12955
l 12955 12956
l 12956 12957
l 12957 12958
l 12958 12959
l 12959 12960
l 12960 12961
l 12961 12962
l 12962 12963
l 12963 12964
l 12964 12965
l 12965 12966
l 12966 12967
l 12967 12968
l 12968 12969
l 12969 12970
l 12970 12971
l 12971 12972
l 12972 12973
l 12973 12974
l 12974 12975
l 12975 12976
l 12976 12977
l 12977 12978
l 12978 12979
l 12979 12980
l 12981 12982
l 12982 12983
l 12983 12984
l 12984 12985
l 12985 12986
l 12986 12987
l 12987 12988
l 12988 12989
l 12989 12990
l 12990 12991
l 12991 12992
l 12992 12993
l 12994 12995
l 12995 12996
l 12996 12997
l 12997 12998
l 12998 12999
l 12999 13000
l 13000 13001
l 13001 13002
l 13002 13003
l 13003 13004
l 13004 13005
l 13005 13006
l 13006 13007
l 13007 13008
l 13008 13009
l 13009 13010
l 13010 13011
l 13011 13012
l 13013 13014
l 13014 13015
l 13015 13016
l 13016 13017
l 13017 13018
l 13018 13019
l 13019 13020
l 13020 13021
l 13022 13023
l 13023 13024
l 13024 13025
l 13025 13026
l 13026 13027
l 13027 13028
l 13028 13029
l 13029 13030
l 13030 13031
l 13031 13032
l 13032 13033
l 13033 13034
l 13034 13035
l 13035 13036
l 13037 13038
l 13038 13039
l 13039 13040
l 13040 13041
l 13041 13042
l 13042 13043
l 13043 13044
l 13044 13045
l 13046 13047
l 13047 13048
l 13048 13049
l 13049 13050
l 13050 13051
l 13051 13052
l 13052 13053
l 13053 13054
l 13054 13055
l 13055 13056
l 13056 13057
l 13057 13058
l 13058 13059
l 13059 13060
l 13060 13061
l 13061 13062
l 13063 13064
l 13064 13065
l 13065 13066
l 13066 13067
l 13067 13068
l 13068 13069
l 13069 13070
l 13070 13071
l 13071 13072
l 13072 13073
l 13074 13075
l 13075 13076
l 13076 13077
l 13077 13078
l 13078 13079
l 13079 13080
l 13080 13081
l 13081 13082
l 13082 13083
l 13083 13084
l 13084 13085
l 13085 13086
l 13086 13087
l 13087 13088
l 13088 13089
l 13089 13090
l 13091 13092
l 13092 13093
l 13093 13094
l 13094 13095
l 13095 13096
l 13096 13097
l 13097 13098
l 13098 13099
l 13099 13100
l 13100 13101
l 13101 13102
l 13102 13103
l 13104 13105
l 13105 13106
l 13106 13107
l 13107 13108
l 13108 13109
l 13109 13110
l 13110 13111
l 13111 13112
l 13112 13113
l 13113 13114
l 13115 13116
l 13116 13117
l 13117 13118
l 13118 13119
l 13119 13120
l 13120 13121
l 13121 13122
l 13122 13123
l 13123 13124
l 13124 13125
l 13125 13126
l 13126 13127
l 13127 13128
l 13128 13129
l 13129 13130
l 13130 13131
l 13132 13133
l 13133 13134
l 13134 13135
l 13135 13136
l 13136 13137
l 13137 13138
l 13138 13139
l 13139 13140
l 13140 13141
l 13141 13142
l 13142 13143
l 13143 13144
l 13144 13145
l 13145 13146
l 13146 13147
l 13147 13148
l 13148 13149
l 13149 13150
l 13150 13151
l 13151 13152
l 13152 13153
l 13153 13154
l 13155 13156
l 13156 13157
l 13157 13158
l 13158 13159
l 13159 13160
l 13160 13161
l 13161 13162
l 13162 13163
l 13163 13164
l 13164 13165
l 13165 13166
l 13166 13167
l 13168 13169
l 13169 13170
l 13170 13171
l 13171 13172
l 13172 13173
l 13173 13174
l 13174 13175
l 13175 13176
l 13177 13178
l 13178 13179
l 13179 13180
l 13180 13181
l 13181 13182
l 13182 13183
l 13183 13184
l 13184 13185

l 13186 13187
l 13187 13188
l 13188 13189
l 13189 13190
l 13190 13191
l 13191 13192
l 13192 13193
l 13193 13194
l 13194 13195
l 13195 13196
l 13196 13197
l 13197 13198
l 13198 13199
l 13199 13200
l 13200 13201
l 13201 13202
l 13203 13204
l 13204 13205
l 13205 13206
l 13206 13207
l 13207 13208
l 13208 13209
l 13209 13210
l 13210 13211
l 13211 13212
l 13212 13213
l 13213 13214
l 13214 13215
l 13215 13216
l 13216 13217
l 13217 13218
l 13218 13219
l 13219 13220
l 13220 13221
l 13222 13223
l 13223 13224
l 13224 13225
l 13225 13226
l 13226 13227
l 13227 13228
l 13228 13229
l 13229 13230
l 13230 13231
l 13231 13232
l 13233 13234
l 13234 13235
l 13235 13236
l 13236 13237
l 13237 13238
l 13238 13239
l 13239 13240
l 13240 13241
l 13241 13242
l 13242 13243
l 13243 13244
l 13244 13245
l 13246 13247
l 13247 13248
l 13248 13249
l 13249 13250
l 13250 13251
l 13251 13252
l 13252 13253
l 13253 13254
l 13254 13255
l 13255 13256
l 13256 13257
l 13257 13258
l 13259 13260
l 13260 13261
l 13261 13262
l 13262 13263
l 13263 13264
l 13264 13265
l 13265 13266
l 13266 13267
l 13267 13268
l 13268 13269
l 13269 13270
l 13270 13271
l 13271 13272
l 13272 13273
l 13273 13274
l 13274 13275
l 13275 13276
l 13276 13277
l 13277 13278
l 13278 13279
l 13279 13280
l 13280 13281
l 13281 13282
l 13282 13283
l 13284 13285
l 13285 13286
l 13286 13287
l 13287 13288
l 13288 13289
l 13289 13290
l 13290 13291
l 13291 13292
l 13292 13293
l 13293 13294
l 13294 13295
l 13295 13296
l 13296 13297
l 13297 13298
l 13298 13299
l 13299 13300
l 13301 13302
l 13302 13303
l 13303 13304
l 13304 13305
l 13305 13306
l 13306 13307
l 13307 13308
l 13308 13309
l 13309 13310
l 13310 13311
l 13311 13312
l 13312 13313
l 13314 13315
l 13315 13316
l 13316 13317
l 13317 13318
l 13318 13319
l 13319 13320
l 13320 13321
l 13321 13322
l 13322 13323
l 13323 13324
l 13324 13325
l 13325 13326
l 13326 13327
l 13327 13328
l 13328 13329
l 13329 13330
l 13330 13331
l 13331 13332
l 13332 13333
l 13333 13334
l 13335 13336
l 13336 13337
l 13337 13338
l 13338 13339
l 13339 13340
l 13340 13341
l 13341 13342
l 13342 13343
l 13343 13344
l 13344 13345
l 13345 13346
l 13346 13347
l 13347 13348
l 13348 13349
l 13349 13350
l 13350 13351
l 13352 13353
l 13353 13354
l 13354 13355
l 13355 13356
l 13356 13357
l 13357 13358
l 13358 13359
l 13359 13360
l 13361 13362
l 13362 13363
l 13363 13364
l 13364 13365
l 13365 13366
l 13366 13367
l 13367 13368
l 13368 13369
l 13370 13371
l 13371 13372
l 13372 13373
l 13373 13374
l 13374 13375
l 13375 13376
l 13376 13377
l 13377 13378
l 13378 13379
l 13379 13380
l 13380 13381
l 13381 13382
l 13382 13383
l 13383 13384
l 13385 13386
l 13386 13387
l 13387 13388
l 13388 13389
l 13389 13390
l 13390 13391
l 13391 13392
l 13392 13393
l 13394 13395
l 13395 13396
l 13396 13397
l 13397 13398
l 13398 13399
l 13399 13400
l 13400 13401
l 13401 13402
l 13402 13403
l 13403 13404
l 13404 13405
l 13405 13406
l 13406 13407
l 13407 13408
l 13408 13409
l 13409 13410
l 13410 13411
l 13411 13412
l 13412 13413
l 13413 13414
l 13414 13415
l 13415 13416
l 13416 13417
l 13417 13418
l 13418 13419
l 13419 13420
l 13420 13421
l 13421 13422
l 13422 13423
l 13423 13424
l 13424 13425
l 13425 13426
l 13427 13428
l 13428 13429
l 13429 13430
l 13430 13431
l 13431 13432
l 13432 13433
l 13433 13434
l 13434 13435
l 13435 13436
l 13436 13437
l 13437 13438
l 13438 13439
l 13439 13440
l 13440 13441
l 13442 13443
l 13443 13444
l 13444 13445
l 13445 13446
l 13446 13447
l 13447 13448
l 13448 13449
l 13449 13450
l 13450 13451
l 13451 13452
l 13452 13453
l 13453 13454
l 13454 13455
l 13455 13456
l 13456 13457
l 13457 13458
l 13458 13459
l 13459 13460
l 13460 13461
l 13461 13462
l 13463 13464
l 13464 13465
l 13465 13466
l 13466 13467
l 13467 13468
l 13468 13469
l 13469 13470
l 13470 13471
l 13471 13472
l 13472 13473
l 13473 13474
l 13474 13475
l 13475 13476
l 13476 13477
l 13477 13478
l 13478 13479
l 13480 13481
l 13481 13482
l 13482 13483
l 13483 13484
l 13484 13485
l 13485 13486
l 13486 13487
l 13487 13488
l 13488 13489
l 13489 13490
l 13490 13491
l 13491 13492
l 13492 13493
l 13493 13494
l 13495 13496
l 13496 13497
l 13497 13498
l 13498 13499
l 13499 13500
l 13500 13501
l 13501 13502
l 13502 13503

l 13504 13505
l 13505 13506
l 13506 13507
l 13507 13508
l 13508 13509
l 13509 13510
l 13510 13511
l 13511 13512
l 13512 13513
l 13513 13514
l 13514 13515
l 13515 13516
l 13516 13517
l 13517 13518
l 13518 13519
l 13519 13520
l 13521 13522
l 13522 13523
l 13523 13524
l 13524 13525
l 13525 13526
l 13526 13527
l 13527 13528
l 13528 13529
l 13529 13530
l 13530 13531
l 13531 13532
l 13532 13533
l 13533 13534
l 13534 13535
l 13535 13536
l 13536 13537
l 13537 13538
l 13538 13539
l 13540 13541
l 13541 13542
l 13542 13543
l 13543 13544
l 13544 13545
l 13545 13546
l 13546 13547
l 13547 13548
l 13548 13549
l 13549 13550
l 13551 13552
l 13552 13553
l 13553 13554
l 13554 13555
l 13555 13556
l 13556 13557
l 13557 13558
l 13558 13559
l 13559 13560
l 13560 13561
l 13561 13562
l 13562 13563
l 13564 13565
l 13565 13566
l 13566 13567
l 13567 13568
l 13568 13569
l 13569 13570
l 13570 13571
l 13571 13572
l 13572 13573
l 13573 13574
l 13574 13575
l 13575 13576
l 13577 13578
l 13578 13579
l 13579 13580
l 13580 13581
l 13581 13582
l 13582 13583
l 13583 13584
l 13584 13585
l 13585 13586
l 13586 13587
l 13587 13588
l 13588 13589
l 13589 13590
l 13590 13591
l 13591 13592
l 13592 13593
l 13593 13594
l 13594 13595
l 13595 13596
l 13596 13597
l 13597 13598
l 13598 13599
l 13599 13600
l 13600 13601
l 13602 13603
l 13603 13604
l 13604 13605
l 13605 13606
l 13606 13607
l 13607 13608
l 13608 13609
l 13609 13610
l 13610 13611
l 13611 13612
l 13612 13613
l 13613 13614
l 13614 13615
l 13615 13616
l 13616 13617
l 13617 13618
l 13619 13620
l 13620 13621
l 13621 13622
l 13622 13623
l 13623 13624
l 13624 13625
l 13625 13626
l 13626 13627
l 13627 13628
l 13628 13629
l 13629 13630
l 13630 13631
l 13632 13633
l 13633 13634
l 13634 13635
l 13635 13636
l 13636 13637
l 13637 13638
l 13638 13639
l 13639 13640
l 13640 13641
l 13641 13642
l 13642 13643
l 13643 13644
l 13644 13645
l 13645 13646
l 13646 13647
l 13647 13648
l 13648 13649
l 13649 13650
l 13650 13651
l 13651 13652
l 13653 13654
l 13654 13655
l 13655 13656
l 13656 13657
l 13657 13658
l 13658 13659
l 13659 13660
l 13660 13661
l 13661 13662
l 13662 13663
l 13663 13664
l 13664 13665
l 13665 13666
l 13666 13667
l 13667 13668
l 13668 13669
l 13670 13671
l 13671 13672
l 13672 13673
l 13673 13674
l 13674 13675
l 13675 13676
l 13676 13677
l 13677 13678
l 13679 13680
l 13680 13681
l 13681 13682
l 13682 13683
l 13683 13684
l 13684 13685
l 13685 13686
l 13686 13687
l 13688 13689
l 13689 13690
l 13690 13691
l 13691 13692
l 13692 13693
l 13693 13694
l 13694 13695
l 13695 13696
l 13696 13697
l 13697 13698
l 13698 13699
l 13699 13700
l 13700 13701
l 13701 13702
l 13703 13704
l 13704 13705
l 13705 13706
l 13706 13707
l 13707 13708
l 13708 13709
l 13709 13710
l 13710 13711
l 13712 13713
l 13713 13714
l 13714 13715
l 13715 13716
l 13716 13717
l 13717 13718
l 13718 13719
l 13719 13720
l 13720 13721
l 13721 13722
l 13722 13723
l 13723 13724
l 13724 13725
l 13725 13726
l 13726 13727
l 13727 13728
l 13728 13729
l 13729 13730
l 13730 13731
l 13731 13732
l 13732 13733
l 13733 13734
l 13734 13735
l 13735 13736
l 13736 13737
l 13737 13738
l 13738 13739
l 13739 13740
l 13740 13741
l 13741 13742
l 13742 13743
l 13743 13744
l 13745 13746
l 13746 13747
l 13747 13748
l 13748 13749
l 13749 13750
l 13750 13751
l 13751 13752
l 13752 13753
l 13753 13754
l 13754 13755
l 13755 13756
l 13756 13757
l 13757 13758
l 13758 13759
l 13760 13761
l 13761 13762
l 13762 13763
l 13763 13764
l 13764 13765
l 13765 13766
l 13766 13767
l 13767 13768
l 13768 13769
l 13769 13770
l 13770 13771
l 13771 13772
l 13772 13773
l 13773 13774
l 13774 13775
l 13775 13776
l 13776 13777
l 13777 13778
l 13778 13779
l 13779 13780
l 13781 13782
l 13782 13783
l 13783 13784
l 13784 13785
l 13785 13786
l 13786 13787
l 13787 13788
l 13788 13789
l 13789 13790
l 13790 13791
l 13791 13792
l 13792 13793
l 13793 13794
l 13794 13795
l 13795 13796
l 13796 13797
l 13798 13799
l 13799 13800
l 13800 13801
l 13801 13802
l 13802 13803
l 13803 13804
l 13804 13805
l 13805 13806
l 13806 13807
l 13807 13808
l 13808 13809
l 13809 13810
l 13810 13811
l 13811 13812
l 13813 13814
l 13814 13815
l 13815 13816
l 13816 13817
l 13817 13818
l 13818 13819
l 13819 13820
l 13820 13821

l 13822 13823
l 13823 13824
l 13824 13825
l 13825 13826
l 13826 13827
l 13827 13828
l 13828 13829
l 13829 13830
l 13830 13831
l 13831 13832
l 13832 13833
l 13833 13834
l 13834 13835
l 13835 13836
l 13836 13837
l 13837 13838
l 13839 13840
l 13840 13841
l 13841 13842
l 13842 13843
l 13843 13844
l 13844 13845
l 13845 13846
l 13846 13847
l 13847 13848
l 13848 13849
l 13849 13850
l 13850 13851
l 13851 13852
l 13852 13853
l 13853 13854
l 13854 13855
l 13856 13857
l 13857 13858
l 13858 13859
l 13859 13860
l 13860 13861
l 13861 13862
l 13862 13863
l 13863 13864
l 13864 13865
l 13865 13866
l 13867 13868
l 13868 13869
l 13869 13870
l 13870 13871
l 13871 13872
l 13872 13873
l 13873 13874
l 13874 13875
l 13875 13876
l 13876 13877
l 13877 13878
l 13878 13879
l 13879 13880
l 13880 13881
l 13881 13882
l 13882 13883
l 13883 13884
l 13884 13885
l 13886 13887
l 13887 13888
l 13888 13889
l 13889 13890
l 13890 13891
l 13891 13892
l 13892 13893
l 13893 13894
l 13894 13895
l 13895 13896
l 13897 13898
l 13898 13899
l 13899 13900
l 13900 13901
l 13901 13902
l 13902 13903
l 13903 13904
l 13904 13905
l 13905 13906
l 13906 13907
l 13907 13908
l 13908 13909
l 13909 13910
l 13910 13911
l 13911 13912
l 13912 13913
l 13913 13914
l 13914 13915
l 13915 13916
l 13916 13917
l 13918 13919
l 13919 13920
l 13920 13921
l 13921 13922
l 13922 13923
l 13923 13924
l 13924 13925
l 13925 13926
l 13927 13928
l 13928 13929
l 13929 13930
l 13930 13931
l 13931 13932
l 13932 13933
l 13933 13934
l 13934 13935
l 13935 13936
l 13936 13937
l 13937 13938
l 13938 13939
l 13939 13940
l 13940 13941
l 13941 13942
l 13942 13943
l 13943 13944
l 13944 13945
l 13945 13946
l 13946 13947
l 13947 13948
l 13948 13949
l 13949 13950
l 13950 13951
l 13951 13952
l 13952 13953
l 13953 13954
l 13954 13955
l 13956 13957
l 13957 13958
l 13958 13959
l 13959 13960
l 13960 13961
l 13961 13962
l 13962 13963
l 13963 13964
l 13964 13965
l 13965 13966
l 13966 13967
l 13967 13968
l 13968 13969
l 13969 13970
l 13970 13971
l 13971 13972
l 13972 13973
l 13973 13974
l 13974 13975
l 13975 13976
l 13976 13977
l 13977 13978
l 13979 13980
l 13980 13981
l 13981 13982
l 13982 13983
l 13983 13984
l 13984 13985
l 13985 13986
l 13986 13987
l 13987 13988
l 13988 13989
l 13989 13990
l 13990 13991
l 13991 13992
l 13992 13993
l 13993 13994
l 13994 13995
l 13995 13996
l 13996 13997
l 13997 13998
l 13998 13999
l 13999 14000
l 14000 14001
l 14002 14003
l 14003 14004
l 14004 14005
l 14005 14006
l 14006 14007
l 14007 14008
l 14008 14009
l 14009 14010
l 14011 14012
l 14012 14013
l 14013 14014
l 14014 14015
l 14015 14016
l 14016 14017
l 14017 14018
l 14018 14019
l 14019 14020
l 14020 14021
l 14021 14022
l 14022 14023
l 14023 14024
l 14024 14025
l 14025 14026
l 14026 14027
l 14027 14028
l 14028 14029
l 14030 14031
l 14031 14032
l 14032 14033
l 14033 14034
l 14034 14035
l 14035 14036
l 14036 14037
l 14037 14038
l 14038 14039
l 14039 14040
l 14040 14041
l 14041 14042
l 14043 14044
l 14044 14045
l 14045 14046
l 14046 14047
l 14047 14048
l 14048 14049
l 14049 14050
l 14050 14051
l 14051 14052
l 14052 14053
l 14053 14054
l 14054 14055
l 14055 14056
l 14056 14057
l 14057 14058
l 14058 14059
l 14060 14061
l 14061 14062
l 14062 14063
l 14063 14064
l 14064 14065
l 14065 14066
l 14066 14067
l 14067 14068
l 14069 14070
l 14070 14071
l 14071 14072
l 14072 14073
l 14073 14074
l 14074 14075
l 14075 14076
l 14076 14077
l 14077 14078
l 14078 14079
l 14079 14080
l 14080 14081
l 14081 14082
l 14082 14083
l 14083 14084
l 14084 14085
l 14085 14086
l 14086 14087
l 14087 14088
l 14088 14089
l 14090 14091
l 14091 14092
l 14092 14093
l 14093 14094
l 14094 14095
l 14095 14096
l 14096 14097
l 14097 14098
l 14099 14100
l 14100 14101
l 14101 14102
l 14102 14103
l 14103 14104
l 14104 14105
l 14105 14106
l 14106 14107
l 14108 14109
l 14109 14110
l 14110 14111
l 14111 14112
l 14112 14113
l 14113 14114
l 14114 14115
l 14115 14116

l 14117 14118
l 14118 14119
l 14119 14120
l 14120 14121
l 14121 14122
l 14122 14123
l 14123 14124
l 14124 14125
l 14125 14126
l 14126 14127
l 14127 14128
l 14128 14129
l 14129 14130
l 14130 14131
l 14131 14132
l 14132 14133
l 14134 14135
l 14135 14136
l 14136 14137
l 14137 14138
l 14138 14139
l 14139 14140
l 14140 14141
l 14141 14142
l 14142 14143
l 14143 14144
l 14144 14145
l 14145 14146
l 14146 14147
l 14147 14148
l 14148 14149
l 14149 14150
l 14151 14152
l 14152 14153
l 14153 14154
l 14154 14155
l 14155 14156
l 14156 14157
l 14157 14158
l 14158 14159
l 14159 14160
l 14160 14161
l 14161 14162
l 14162 14163
l 14164 14165
l 14165 14166
l 14166 14167
l 14167 14168
l 14168 14169
l 14169 14170
l 14170 14171
l 14171 14172
l 14172 14173
l 14173 14174
l 14174 14175
l 14175 14176
l 14176 14177
l 14177 14178
l 14179 14180
l 14180 14181
l 14181 14182
l 14182 14183
l 14183 14184
l 14184 14185
l 14185 14186
l 14186 14187
l 14188 14189
l 14189 14190
l 14190 14191
l 14191 14192
l 14192 14193
l 14193 14194
l 14194 14195
l 14195 14196
l 14197 14198
l 14198 14199
l 14199 14200
l 14200 14201
l 14201 14202
l 14202 14203
l 14203 14204
l 14204 14205
l 14205 14206
l 14206 14207
l 14207 14208
l 14208 14209
l 14209 14210
l 14210 14211
l 14212 14213
l 14213 14214
l 14214 14215
l 14215 14216
l 14216 14217
l 14217 14218
l 14218 14219
l 14219 14220
l 14221 14222
l 14222 14223
l 14223 14224
l 14224 14225
l 14225 14226
l 14226 14227
l 14227 14228
l 14228 14229
l 14229 14230
l 14230 14231
l 14231 14232
l 14232 14233
l 14233 14234
l 14234 14235
l 14235 14236
l 14236 14237
l 14237 14238
l 14238 14239
l 14239 14240
l 14240 14241
l 14241 14242
l 14242 14243
l 14244 14245
l 14245 14246
l 14246 14247
l 14247 14248
l 14248 14249
l 14249 14250
l 14250 14251
l 14251 14252
l 14252 14253
l 14253 14254
l 14254 14255
l 14255 14256
l 14256 14257
l 14257 14258
l 14258 14259
l 14259 14260
l 14260 14261
l 14261 14262
l 14263 14264
l 14264 14265
l 14265 14266
l 14266 14267
l 14267 14268
l 14268 14269
l 14269 14270
l 14270 14271
l 14271 14272
l 14272 14273
l 14273 14274
l 14274 14275
l 14276 14277
l 14277 14278
l 14278 14279
l 14279 14280
l 14280 14281
l 14281 14282
l 14282 14283
l 14283 14284
l 14284 14285
l 14285 14286
l 14286 14287
l 14287 14288
l 14288 14289
l 14289 14290
l 14290 14291
l 14291 14292
l 14292 14293
l 14293 14294
l 14294 14295
l 14295 14296
l 14297 14298
l 14298 14299
l 14299 14300
l 14300 14301
l 14301 14302
l 14302 14303
l 14303 14304
l 14304 14305
l 14305 14306
l 14306 14307
l 14307 14308
l 14308 14309
l 14309 14310
l 14310 14311
l 14311 14312
l 14312 14313
l 14314 14315
l 14315 14316
l 14316 14317
l 14317 14318
l 14318 14319
l 14319 14320
l 14320 14321
l 14321 14322
l 14322 14323
l 14323 14324
l 14324 14325
l 14325 14326
l 14326 14327
l 14327 14328
l 14328 14329
l 14329 14330
l 14330 14331
l 14331 14332
l 14332 14333
l 14333 14334
l 14335 14336
l 14336 14337
l 14337 14338
l 14338 14339
l 14339 14340
l 14340 14341
l 14341 14342
l 14342 14343
l 14343 14344
l 14344 14345
l 14346 14347
l 14347 14348
l 14348 14349
l 14349 14350
l 14350 14351
l 14351 14352
l 14352 14353
l 14353 14354
l 14354 14355
l 14355 14356
l 14356 14357
l 14357 14358
l 14358 14359
l 14359 14360
l 14361 14362
l 14362 14363
l 14363 14364
l 14364 14365
l 14365 14366
l 14366 14367
l 14367 14368
l 14368 14369
l 14370 14371
l 14371 14372
l 14372 14373
l 14373 14374
l 14374 14375
l 14375 14376
l 14376 14377
l 14377 14378
l 14378 14379
l 14379 14380
l 14380 14381
l 14381 14382
l 14382 14383
l 14383 14384
l 14384 14385
l 14385 14386
l 14386 14387
l 14387 14388
l 14388 14389
l 14389 14390
l 14390 14391
l 14391 14392
l 14393 14394
l 14394 14395
l 14395 14396
l 14396 14397
l 14397 14398
l 14398 14399
l 14399 14400
l 14400 14401
l 14401 14402
l 14402 14403
l 14403 14404
l 14404 14405
l 14405 14406
l 14406 14407
l 14407 14408
l 14408 14409
l 14409 14410
l 14410 14411
l 14411 14412
l 14412 14413
l 14414 14415
l 14415 14416
l 14416 14417
l 14417 14418
l 14418 14419
l 14419 14420
l 14420 14421
l 14421 14422
l 14422 14423
l 14423 14424
l 14424 14425
l 14425 14426
l 14426 14427
l 14427 14428
l 14428 14429
l 14429 14430
l 14430 14431
l 14431 14432
l 14433 14434
l 14434 14435
l 14435 14436
l 14436 14437
l 14437 14438
l 14438 14439
l 14439 14440
l 14440 14441
l 14441 14442
l 14442 14443
l 14443 14444
l 14444 14445
l 14445 14446
l 14446 14447
l 14447 14448
l 14448 14449
l 14449 14450
l 14450 14451
l 14452 14453
l 14453 14454
l 14454 14455
l 14455 14456
l 14456 14457
l 14457 14458
l 14458 14459
l 14459 14460
l 14460 14461
l 14461 14462
l 14462 14463
l 14463 14464
l 14464 14465
l 14465 14466
l 14466 14467
l 14467 14468
l 14469 14470
l 14470 14471
l 14471 14472
l 14472 14473
l 14473 14474
l 14474 14475
l 14475 14476
l 14476 14477
l 14477 14478
l 14478 14479
l 14480 14481
l 14481 14482
l 14482 14483
l 14483 14484
l 14484 14485
l 14485 14486
l 14486 14487
l 14487 14488
l 14488 14489
l 14489 14490
l 14490 14491
l 14491 14492
l 14492 14493
l 14493 14494
l 14494 14495
l 14495 14496
l 14496 14497
l 14497 14498
l 14498 14499
l 14499 14500
l 14500 14501
l 14501 14502
l 14502 14503
l 14503 14504
l 14505 14506
l 14506 14507
l 14507 14508
l 14508 14509
l 14509 14510
l 14510 14511
l 14511 14512
l 14512 14513
l 14513 14514
l 14514 14515
l 14515 14516
l 14516 14517
l 14517 14518
l 14518 14519
l 14519 14520
l 14520 14521
l 14522 14523
l 14523 14524
l 14524 14525
l 14525 14526
l 14526 14527
l 14527 14528
l 14528 14529
l 14529 14530
l 14530 14531
l 14531 14532
l 14533 14534
l 14534 14535
l 14535 14536
l 14536 14537
l 14537 14538
l 14538 14539
l 14539 14540
l 14540 14541
l 14541 14542
l 14542 14543
l 14543 14544
l 14544 14545
l 14545 14546
l 14546 14547
l 14547 14548
l 14548 14549
l 14550 14551
l 14551 14552
l 14552 14553
l 14553 14554
l 14554 14555
l 14555 14556
l 14556 14557
l 14557 14558
l 14558 14559
l 14559 14560
l 14560 14561
l 14561 14562
l 14562 14563
l 14563 14564
l 14565 14566
l 14566 14567
l 14567 14568
l 14568 14569
l 14569 14570
l 14570 14571
l 14571 14572
l 14572 14573
l 14573 14574
l 14574 14575
l 14575 14576
l 14576 14577
l 14578 14579
l 14579 14580
l 14580 14581
l 14581 14582
l 14582 14583
l 14583 14584
l 14584 14585
l 14585 14586
l 14587 14588
l 14588 14589
l 14589 14590
l 14590 14591
l 14591 14592
l 14592 14593
l 14593 14594
l 14594 14595
l 14596 14597
l 14597 14598
l 14598 14599
l 14599 14600
l 14600 14601
l 14601 14602
l 14602 14603
l 14603 14604
l 14605 14606
l 14606 14607
l 14607 14608
l 14608 14609
l 14609 14610
l 14610 14611
l 14611 14612
l 14612 14613

l 14614 14615
l 14615 14616
l 14616 14617
l 14617 14618
l 14618 14619
l 14619 14620
l 14620 14621
l 14621 14622
l 14622 14623
l 14623 14624
l 14624 14625
l 14625 14626
l 14626 14627
l 14627 14628
l 14628 14629
l 14629 14630
l 14631 14632
l 14632 14633
l 14633 14634
l 14634 14635
l 14635 14636
l 14636 14637
l 14637 14638
l 14638 14639
l 14639 14640
l 14640 14641
l 14641 14642
l 14642 14643
l 14643 14644
l 14644 14645
l 14645 14646
l 14646 14647
l 14647 14648
l 14648 14649
l 14649 14650
l 14650 14651
l 14652 14653
l 14653 14654
l 14654 14655
l 14655 14656
l 14656 14657
l 14657 14658
l 14658 14659
l 14659 14660
l 14660 14661
l 14661 14662
l 14662 14663
l 14663 14664
l 14664 14665
l 14665 14666
l 14666 14667
l 14667 14668
l 14669 14670
l 14670 14671
l 14671 14672
l 14672 14673
l 14673 14674
l 14674 14675
l 14675 14676
l 14676 14677
l 14677 14678
l 14678 14679
l 14680 14681
l 14681 14682
l 14682 14683
l 14683 14684
l 14684 14685
l 14685 14686
l 14686 14687
l 14687 14688
l 14688 14689
l 14689 14690
l 14690 14691
l 14691 14692
l 14692 14693
l 14693 14694
l 14694 14695
l 14695 14696
l 14696 14697
l 14697 14698
l 14698 14699
l 14699 14700
l 14701 14702
l 14702 14703
l 14703 14704
l 14704 14705
l 14705 14706
l 14706 14707
l 14707 14708
l 14708 14709
l 14709 14710
l 14710 14711
l 14711 14712
l 14712 14713
l 14713 14714
l 14714 14715
l 14715 14716
l 14716 14717
l 14718 14719
l 14719 14720
l 14720 14721
l 14721 14722
l 14722 14723
l 14723 14724
l 14724 14725
l 14725 14726
l 14726 14727
l 14727 14728
l 14728 14729
l 14729 14730
l 14730 14731
l 14731 14732
l 14732 14733
l 14733 14734
l 14734 14735
l 14735 14736
l 14737 14738
l 14738 14739
l 14739 14740
l 14740 14741
l 14741 14742
l 14742 14743
l 14743 14744
l 14744 14745
l 14745 14746
l 14746 14747
l 14747 14748
l 14748 14749
l 14749 14750
l 14750 14751
l 14751 14752
l 14752 14753
l 14754 14755
l 14755 14756
l 14756 14757
l 14757 14758
l 14758 14759
l 14759 14760
l 14760 14761
l 14761 14762
l 14762 14763
l 14763 14764
l 14764 14765
l 14765 14766
l 14766 14767
l 14767 14768
l 14768 14769
l 14769 14770
l 14770 14771
l 14771 14772
l 14773 14774
l 14774 14775
l 14775 14776
l 14776 14777
l 14777 14778
l 14778 14779
l 14779 14780
l 14780 14781
l 14782 14783
l 14783 14784
l 14784 14785
l 14785 14786
l 14786 14787
l 14787 14788
l 14788 14789
l 14789 14790
l 14790 14791
l 14791 14792
l 14792 14793
l 14793 14794
l 14794 14795
l 14795 14796
l 14796 14797
l 14797 14798
l 14798 14799
l 14799 14800
l 14801 14802
l 14802 14803
l 14803 14804
l 14804 14805
l 14805 14806
l 14806 14807
l 14807 14808
l 14808 14809
l 14809 14810
l 14810 14811
l 14811 14812
l 14812 14813
l 14814 14815
l 14815 14816
l 14816 14817
l 14817 14818
l 14818 14819
l 14819 14820
l 14820 14821
l 14821 14822
l 14823 14824
l 14824 14825
l 14825 14826
l 14826 14827
l 14827 14828
l 14828 14829
l 14829 14830
l 14830 14831
l 14831 14832
l 14832 14833
l 14834 14835
l 14835 14836
l 14836 14837
l 14837 14838
l 14838 14839
l 14839 14840
l 14840 14841
l 14841 14842
l 14843 14844
l 14844 14845
l 14845 14846
l 14846 14847
l 14847 14848
l 14848 14849
l 14849 14850
l 14850 14851
l 14851 14852
l 14852 14853
l 14853 14854
l 14854 14855
l 14855 14856
l 14856 14857
l 14857 14858
l 14858 14859
l 14860 14861
l 14861 14862
l 14862 14863
l 14863 14864
l 14864 14865
l 14865 14866
l 14866 14867
l 14867 14868
l 14869 14870
l 14870 14871
l 14871 14872
l 14872 14873
l 14873 14874
l 14874 14875
l 14875 14876
l 14876 14877
l 14877 14878
l 14878 14879
l 14879 14880
l 14880 14881
l 14882 14883
l 14883 14884
l 14884 14885
l 14885 14886
l 14886 14887
l 14887 14888
l 14888 14889
l 14889 14890
l 14890 14891
l 14891 14892
l 14892 14893
l 14893 14894
l 14894 14895
l 14895 14896
l 14896 14897
l 14897 14898
l 14898 14899
l 14899 14900
l 14900 14901
l 14901 14902
l 14903 14904
l 14904 14905
l 14905 14906
l 14906 14907
l 14907 14908
l 14908 14909
l 14909 14910
l 14910 14911
l 14911 14912
l 14912 14913
l 14913 14914
l 14914 14915
l 14915 14916
l 14916 14917
l 14918 14919
l 14919 14920
l 14920 14921
l 14921 14922
l 14922 14923
l 14923 14924
l 14924 14925
l 14925 14926
l 14926 14927
l 14927 14928
l 14928 14929
l 14929 14930
l 14930 14931
l 14931 14932
l 14932 14933
l 14933 14934
l 14935 14936
l 14936 14937
l 14937 14938
l 14938 14939
l 14939 14940
l 14940 14941
l 14941 14942
l 14942 14943
l 14944 14945
l 14945 14946
l 14946 14947
l 14947 14948
l 14948 14949
l 14949 14950
l 14950 14951
l 14951 14952
l 14953 14954
l 14954 14955
l 14955 14956
l 14956 14957
l 14957 14958
l 14958 14959
l 14959 14960
l 14960 14961

l 14962 14963
l 14963 14964
l 14964 14965
l 14965 14966
l 14966 14967
l 14967 14968
l 14968 14969
l 14969 14970
l 14970 14971
l 14971 14972
l 14972 14973
l 14973 14974
l 14974 14975
l 14975 14976
l 14976 14977
l 14977 14978
l 14979 14980
l 14980 14981
l 14981 14982
l 14982 14983
l 14983 14984
l 14984 14985
l 14985 14986
l 14986 14987
l 14987 14988
l 14988 14989
l 14989 14990
l 14990 14991
l 14991 14992
l 14992 14993
l 14993 14994
l 14994 14995
l 14995 14996
l 14996 14997
l 14997 14998
l 14998 14999
l 15000 15001
l 15001 15002
l 15002 15003
l 15003 15004
l 15004 15005
l 15005 15006
l 15006 15007
l 15007 15008
l 15008 15009
l 15009 15010
l 15010 15011
l 15011 15012
l 15012 15013
l 15013 15014
l 15014 15015
l 15015 15016
l 15017 15018
l 15018 15019
l 15019 15020
l 15020 15021
l 15021 15022
l 15022 15023
l 15023 15024
l 15024 15025
l 15025 15026
l 15026 15027
l 15028 15029
l 15029 15030
l 15030 15031
l 15031 15032
l 15032 15033
l 15033 15034
l 15034 15035
l 15035 15036
l 15036 15037
l 15037 15038
l 15038 15039
l 15039 15040
l 15040 15041
l 15041 15042
l 15042 15043
l 15043 15044
l 15044 15045
l 15045 15046
l 15046 15047
l 15047 15048
l 15049 15050
l 15050 15051
l 15051 15052
l 15052 15053
l 15053 15054
l 15054 15055
l 15055 15056
l 15056 15057
l 15057 15058
l 15058 15059
l 15059 15060
l 15060 15061
l 15061 15062
l 15062 15063
l 15063 15064
l 15064 15065
l 15066 15067
l 15067 15068
l 15068 15069
l 15069 15070
l 15070 15071
l 15071 15072
l 15072 15073
l 15073 15074
l 15074 15075
l 15075 15076
l 15076 15077
l 15077 15078
l 15078 15079
l 15079 15080
l 15080 15081
l 15081 15082
l 15082 15083
l 15083 15084
l 15085 15086
l 15086 15087
l 15087 15088
l 15088 15089
l 15089 15090
l 15090 15091
l 15091 15092
l 15092 15093
l 15093 15094
l 15094 15095
l 15095 15096
l 15096 15097
l 15097 15098
l 15098 15099
l 15099 15100
l 15100 15101
l 15102 15103
l 15103 15104
l 15104 15105
l 15105 15106
l 15106 15107
l 15107 15108
l 15108 15109
l 15109 15110
l 15110 15111
l 15111 15112
l 15112 15113
l 15113 15114
l 15114 15115
l 15115 15116
l 15116 15117
l 15117 15118
l 15118 15119
l 15119 15120
l 15121 15122
l 15122 15123
l 15123 15124
l 15124 15125
l 15125 15126
l 15126 15127
l 15127 15128
l 15128 15129
l 15130 15131
l 15131 15132
l 15132 15133
l 15133 15134
l 15134 15135
l 15135 15136
l 15136 15137
l 15137 15138
l 15138 15139
l 15139 15140
l 15140 15141
l 15141 15142
l 15142 15143
l 15143 15144
l 15144 15145
l 15145 15146
l 15146 15147
l 15147 15148
l 15149 15150
l 15150 15151
l 15151 15152
l 15152 15153
l 15153 15154
l 15154 15155
l 15155 15156
l 15156 15157
l 15157 15158
l 15158 15159
l 15159 15160
l 15160 15161
l 15162 15163
l 15163 15164
l 15164 15165
l 15165 15166
l 15166 15167
l 15167 15168
l 15168 15169
l 15169 15170
l 15171 15172
l 15172 15173
l 15173 15174
l 15174 15175
l 15175 15176
l 15176 15177
l 15177 15178
l 15178 15179
l 15179 15180
l 15180 15181
l 15182 15183
l 15183 15184
l 15184 15185
l 15185 15186
l 15186 15187
l 15187 15188
l 15188 15189
l 15189 15190
l 15191 15192
l 15192 15193
l 15193 15194
l 15194 15195
l 15195 15196
l 15196 15197
l 15197 15198
l 15198 15199
l 15199 15200
l 15200 15201
l 15201 15202
l 15202 15203
l 15203 15204
l 15204 15205
l 15205 15206
l 15206 15207
l 15208 15209
l 15209 15210
l 15210 15211
l 15211 15212
l 15212 15213
l 15213 15214
l 15214 15215
l 15215 15216
l 15217 15218
l 15218 15219
l 15219 15220
l 15220 15221
l 15221 15222
l 15222 15223
l 15223 15224
l 15224 15225
l 15225 15226
l 15226 15227
l 15227 15228
l 15228 15229
l 15230 15231
l 15231 15232
l 15232 15233
l 15233 15234
l 15234 15235
l 15235 15236
l 15236 15237
l 15237 15238
l 15238 15239
l 15239 15240
l 15240 15241
l 15241 15242
l 15242 15243
l 15243 15244
l 15244 15245
l 15245 15246
l 15246 15247
l 15247 15248
l 15248 15249
l 15249 15250
l 15251 15252
l 15252 15253
l 15253 15254
l 15254 15255
l 15255 15256
l 15256 15257
l 15257 15258
l 15258 15259
l 15259 15260
l 15260 15261
l 15261 15262
l 15262 15263
l 15263 15264
l 15264 15265
l 15266 15267
l 15267 15268
l 15268 15269
l 15269 15270
l 15270 15271
l 15271 15272
l 15272 15273
l 15273 15274
l 15274 15275
l 15275 15276
l 15276 15277
l 15277 15278
l 15278 15279
l 15279 15280
l 15280 15281
l 15281 15282
l 15283 15284
l 15284 15285
l 15285 15286
l 15286 15287
l 15287 15288
l 15288 15289
l 15289 15290
l 15290 15291
l 15292 15293
l 15293 15294
l 15294 15295
l 15295 15296
l 15296 15297
l 15297 15298
l 15298 15299
l 15299 15300
l 15301 15302
l 15302 15303
l 15303 15304
l 15304 15305
l 15305 15306
l 15306 15307
l 15307 15308
l 15308 15309

l 15310 15311
l 15311 15312
l 15312 15313
l 15313 15314
l 15314 15315
l 15315 15316
l 15316 15317
l 15317 15318
l 15318 15319
l 15319 15320
l 15320 15321
l 15321 15322
l 15322 15323
l 15323 15324
l 15324 15325
l 15325 15326
l 15327 15328
l 15328 15329
l 15329 15330
l 15330 15331
l 15331 15332
l 15332 15333
l 15333 15334
l 15334 15335
l 15335 15336
l 15336 15337
l 15337 15338
l 15338 15339
l 15339 15340
l 15340 15341
l 15341 15342
l 15342 15343
l 15344 15345
l 15345 15346
l 15346 15347
l 15347 15348
l 15348 15349
l 15349 15350
l 15350 15351
l 15351 15352
l 15352 15353
l 15353 15354
l 15354 15355
l 15355 15356
l 15357 15358
l 15358 15359
l 15359 15360
l 15360 15361
l 15361 15362
l 15362 15363
l 15363 15364
l 15364 15365
l 15365 15366
l 15366 15367
l 15367 15368
l 15368 15369
l 15369 15370
l 15370 15371
l 15372 15373
l 15373 15374
l 15374 15375
l 15375 15376
l 15376 15377
l 15377 15378
l 15378 15379
l 15379 15380
l 15381 15382
l 15382 15383
l 15383 15384
l 15384 15385
l 15385 15386
l 15386 15387
l 15387 15388
l 15388 15389
l 15390 15391
l 15391 15392
l 15392 15393
l 15393 15394
l 15394 15395
l 15395 15396
l 15396 15397
l 15397 15398
l 15398 15399
l 15399 15400
l 15400 15401
l 15401 15402
l 15402 15403
l 15403 15404
l 15405 15406
l 15406 15407
l 15407 15408
l 15408 15409
l 15409 15410
l 15410 15411
l 15411 15412
l 15412 15413
l 15414 15415
l 15415 15416
l 15416 15417
l 15417 15418
l 15418 15419
l 15419 15420
l 15420 15421
l 15421 15422
l 15422 15423
l 15423 15424
l 15424 15425
l 15425 15426
l 15426 15427
l 15427 15428
l 15428 15429
l 15429 15430
l 15430 15431
l 15431 15432
l 15432 15433
l 15433 15434
l 15434 15435
l 15435 15436
l 15437 15438
l 15438 15439
l 15439 15440
l 15440 15441
l 15441 15442
l 15442 15443
l 15443 15444
l 15444 15445
l 15445 15446
l 15446 15447
l 15447 15448
l 15448 15449
l 15449 15450
l 15450 15451
l 15451 15452
l 15452 15453
l 15453 15454
l 15454 15455
l 15456 15457
l 15457 15458
l 15458 15459
l 15459 15460
l 15460 15461
l 15461 15462
l 15462 15463
l 15463 15464
l 15464 15465
l 15465 15466
l 15466 15467
l 15467 15468
l 15469 15470
l 15470 15471
l 15471 15472
l 15472 15473
l 15473 15474
l 15474 15475
l 15475 15476
l 15476 15477
l 15477 15478
l 15478 15479
l 15479 15480
l 15480 15481
l 15481 15482
l 15482 15483
l 15483 15484
l 15484 15485
l 15485 15486
l 15486 15487
l 15487 15488
l 15488 15489
l 15490 15491
l 15491 15492
l 15492 15493
l 15493 15494
l 15494 15495
l 15495 15496
l 15496 15497
l 15497 15498
l 15498 15499
l 15499 15500
l 15500 15501
l 15501 15502
l 15502 15503
l 15503 15504
l 15504 15505
l 15505 15506
l 15507 15508
l 15508 15509
l 15509 15510
l 15510 15511
l 15511 15512
l 15512 15513
l 15513 15514
l 15514 15515
l 15515 15516
l 15516 15517
l 15517 15518
l 15518 15519
l 15519 15520
l 15520 15521
l 15521 15522
l 15522 15523
l 15523 15524
l 15524 15525
l 15525 15526
l 15526 15527
l 15528 15529
l 15529 15530
l 15530 15531
l 15531 15532
l 15532 15533
l 15533 15534
l 15534 15535
l 15535 15536
l 15536 15537
l 15537 15538
l 15539 15540
l 15540 15541
l 15541 15542
l 15542 15543
l 15543 15544
l 15544 15545
l 15545 15546
l 15546 15547
l 15547 15548
l 15548 15549
l 15549 15550
l 15550 15551
l 15551 15552
l 15552 15553
l 15554 15555
l 15555 15556
l 15556 15557
l 15557 15558
l 15558 15559
l 15559 15560
l 15560 15561
l 15561 15562
l 15563 15564
l 15564 15565
l 15565 15566
l 15566 15567
l 15567 15568
l 15568 15569
l 15569 15570
l 15570 15571
l 15571 15572
l 15572 15573
l 15573 15574
l 15574 15575
l 15575 15576
l 15576 15577
l 15577 15578
l 15578 15579
l 15579 15580
l 15580 15581
l 15581 15582
l 15582 15583
l 15583 15584
l 15584 15585
l 15586 15587
l 15587 15588
l 15588 15589
l 15589 15590
l 15590 15591
l 15591 15592
l 15592 15593
l 15593 15594
l 15594 15595
l 15595 15596
l 15596 15597
l 15597 15598
l 15598 15599
l 15599 15600
l 15600 15601
l 15601 15602
l 15602 15603
l 15603 15604
l 15604 15605
l 15605 15606
l 15607 15608
l 15608 15609
l 15609 15610
l 15610 15611
l 15611 15612
l 15612 15613
l 15613 15614
l 15614 15615
l 15615 15616
l 15616 15617
l 15617 15618
l 15618 15619
l 15619 15620
l 15620 15621
l 15621 15622
l 15622 15623
l 15623 15624
l 15624 15625
l 15626 15627
l 15627 15628
l 15628 15629
l 15629 15630
l 15630 15631
l 15631 15632
l 15632 15633
l 15633 15634
l 15634 15635
l 15635 15636
l 15636 15637
l 15637 15638
l 15638 15639
l 15639 15640
l 15640 15641
l 15641 15642
l 15642 15643
l 15643 15644
l 15645 15646
l 15646 15647
l 15647 15648
l 15648 15649
l 15649 15650
l 15650 15651
l 15651 15652
l 15652 15653
l 15653 15654
l 15654 15655
l 15655 15656
l 15656 15657
l 15657 15658
l 15658 15659
l 15659 15660
l 15660 15661
l 15662 15663
l 15663 15664
l 15664 15665
l 15665 15666
l 15666 15667
l 15667 15668
l 15668 15669
l 15669 15670
l 15670 15671
l 15671 15672
l 15673 15674
l 15674 15675
l 15675 15676
l 15676 15677
l 15677 15678
l 15678 15679
l 15679 15680
l 15680 15681
l 15681 15682
l 15682 15683
l 15683 15684
l 15684 15685
l 15685 15686
l 15686 15687
l 15687 15688
l 15688 15689
l 15689 15690
l 15690 15691
l 15691 15692
l 15692 15693
l 15693 15694
l 15694 15695
l 15695 15696
l 15696 15697
l 15698 15699
l 15699 15700
l 15700 15701
l 15701 15702
l 15702 15703
l 15703 15704
l 15704 15705
l 15705 15706
l 15706 15707
l 15707 15708
l 15708 15709
l 15709 15710
l 15710 15711
l 15711 15712
l 15712 15713
l 15713 15714
l 15715 15716
l 15716 15717
l 15717 15718
l 15718 15719
l 15719 15720
l 15720 15721
l 15721 15722
l 15722 15723
l 15723 15724
l 15724 15725
l 15726 15727
l 15727 15728
l 15728 15729
l 15729 15730
l 15730 15731
l 15731 15732
l 15732 15733
l 15733 15734
l 15734 15735
l 15735 15736
l 15736 15737
l 15737 15738
l 15738 15739
l 15739 15740
l 15740 15741
l 15741 15742
l 15743 15744
l 15744 15745
l 15745 15746
l 15746 15747
l 15747 15748
l 15748 15749
l 15749 15750
l 15750 15751
l 15751 15752
l 15752 15753
l 15753 15754
l 15754 15755
l 15755 15756
l 15756 15757
l 15758 15759
l 15759 15760
l 15760 15761
l 15761 15762
l 15762 15763
l 15763 15764
l 15764 15765
l 15765 15766
l 15766 15767
l 15767 15768
l 15768 15769
l 15769 15770
l 15771 15772
l 15772 15773
l 15773 15774
l 15774 15775
l 15775 15776
l 15776 15777
l 15777 15778
l 15778 15779
l 15780 15781
l 15781 15782
l 15782 15783
l 15783 15784
l 15784 15785
l 15785 15786
l 15786 15787
l 15787 15788
l 15789 15790
l 15790 15791
l 15791 15792
l 15792 15793
l 15793 15794
l 15794 15795
l 15795 15796
l 15796 15797
l 15798 15799
l 15799 15800
l 15800 15801
l 15801 15802
l 15802 15803
l 15803 15804
l 15804 15805
l 15805 15806

l 15807 15808
l 15808 15809
l 15809 15810
l 15810 15811
l 15811 15812
l 15812 15813
l 15813 15814
l 15814 15815
l 15815 15816
l 15816 15817
l 15817 15818
l 15818 15819
l 15819 15820
l 15820 15821
l 15821 15822
l 15822 15823
l 15824 15825
l 15825 15826
l 15826 15827
l 15827 15828
l 15828 15829
l 15829 15830
l 15830 15831
l 15831 15832
l 15832 15833
l 15833 15834
l 15834 15835
l 15835 15836
l 15836 15837
l 15837 15838
l 15838 15839
l 15839 15840
l 15841 15842
l 15842 15843
l 15843 15844
l 15844 15845
l 15845 15846
l 15846 15847
l 15847 15848
l 15848 15849
l 15849 15850
l 15850 15851
l 15852 15853
l 15853 15854
l 15854 15855
l 15855 15856
l 15856 15857
l 15857 15858
l 15858 15859
l 15859 15860
l 15860 15861
l 15861 15862
l 15862 15863
l 15863 15864
l 15864 15865
l 15865 15866
l 15866 15867
l 15867 15868
l 15868 15869
l 15869 15870
l 15871 15872
l 15872 15873
l 15873 15874
l 15874 15875
l 15875 15876
l 15876 15877
l 15877 15878
l 15878 15879
l 15879 15880
l 15880 15881
l 15882 15883
l 15883 15884
l 15884 15885
l 15885 15886
l 15886 15887
l 15887 15888
l 15888 15889
l 15889 15890
l 15890 15891
l 15891 15892
l 15892 15893
l 15893 15894
l 15894 15895
l 15895 15896
l 15896 15897
l 15897 15898
l 15898 15899
l 15899 15900
l 15900 15901
l 15901 15902
l 15903 15904
l 15904 15905
l 15905 15906
l 15906 15907
l 15907 15908
l 15908 15909
l 15909 15910
l 15910 15911
l 15912 15913
l 15913 15914
l 15914 15915
l 15915 15916
l 15916 15917
l 15917 15918
l 15918 15919
l 15919 15920
l 15920 15921
l 15921 15922
l 15922 15923
l 15923 15924
l 15924 15925
l 15925 15926
l 15926 15927
l 15927 15928
l 15928 15929
l 15929 15930
l 15930 15931
l 15931 15932
l 15932 15933
l 15933 15934
l 15934 15935
l 15935 15936
l 15936 15937
l 15937 15938
l 15938 15939
l 15939 15940
l 15941 15942
l 15942 15943
l 15943 15944
l 15944 15945
l 15945 15946
l 15946 15947
l 15947 15948
l 15948 15949
l 15949 15950
l 15950 15951
l 15951 15952
l 15952 15953
l 15953 15954
l 15954 15955
l 15955 15956
l 15956 15957
l 15957 15958
l 15958 15959
l 15959 15960
l 15960 15961
l 15961 15962
l 15962 15963
l 15964 15965
l 15965 15966
l 15966 15967
l 15967 15968
l 15968 15969
l 15969 15970
l 15970 15971
l 15971 15972
l 15972 15973
l 15973 15974
l 15974 15975
l 15975 15976
l 15976 15977
l 15977 15978
l 15978 15979
l 15979 15980
l 15980 15981
l 15981 15982
l 15982 15983
l 15983 15984
l 15984 15985
l 15985 15986
l 15987 15988
l 15988 15989
l 15989 15990
l 15990 15991
l 15991 15992
l 15992 15993
l 15993 15994
l 15994 15995
l 15996 15997
l 15997 15998
l 15998 15999
l 15999 16000
l 16000 16001
l 16001 16002
l 16002 16003
l 16003 16004
l 16004 16005
l 16005 16006
l 16006 16007
l 16007 16008
l 16008 16009
l 16009 16010
l 16010 16011
l 16011 16012
l 16012 16013
l 16013 16014
l 16015 16016
l 16016 16017
l 16017 16018
l 16018 16019
l 16019 16020
l 16020 16021
l 16021 16022
l 16022 16023
l 16023 16024
l 16024 16025
l 16025 16026
l 16026 16027
l 16028 16029
l 16029 16030
l 16030 16031
l 16031 16032
l 16032 16033
l 16033 16034
l 16034 16035
l 16035 16036
l 16036 16037
l 16037 16038
l 16038 16039
l 16039 16040
l 16040 16041
l 16041 16042
l 16042 16043
l 16043 16044
l 16045 16046
l 16046 16047
l 16047 16048
l 16048 16049
l 16049 16050
l 16050 16051
l 16051 16052
l 16052 16053
l 16054 16055
l 16055 16056
l 16056 16057
l 16057 16058
l 16058 16059
l 16059 16060
l 16060 16061
l 16061 16062
l 16062 16063
l 16063 16064
l 16064 16065
l 16065 16066
l 16066 16067
l 16067 16068
l 16068 16069
l 16069 16070
l 16070 16071
l 16071 16072
l 16072 16073
l 16073 16074
l 16075 16076
l 16076 16077
l 16077 16078
l 16078 16079
l 16079 16080
l 16080 16081
l 16081 16082
l 16082 16083
l 16084 16085
l 16085 16086
l 16086 16087
l 16087 16088
l 16088 16089
l 16089 16090
l 16090 16091
l 16091 16092
l 16093 16094
l 16094 16095
l 16095 16096
l 16096 16097
l 16097 16098
l 16098 16099
l 16099 16100
l 16100 16101

