v 258.75 36.909 0
v 253.18772109985352 36.97938564682006 0
v 247.66013793945314 37.18941427612304 0
v 242.1689433288574 37.53739342117309 0
v 236.715830078125 38.02163061523438 0
v 231.30249099731446 38.640433391571044 0
v 225.9306188964844 39.392109283447276 0
v 220.60190658569337 40.2749658241272 0
v 215.318046875 41.287310546875005 0
v 210.0807325744629 42.42745098495483 0
v 204.89165649414065 43.69369467163086 0
v 199.7525114440918 45.084349140167234 0
v 194.664990234375 46.597721923828125 0
v 189.63078567504883 48.23212055587768 0
v 184.65159057617188 49.98585256958008 0
v 179.72909774780274 51.85722549819946 0
v 174.865 53.844546875 0
v 170.06099014282225 55.94612423324585 0
v 165.31876098632813 58.160265106201166 0
v 160.64000534057615 60.48527702713013 0
v 156.02641601562502 62.91946752929688 0
v 151.47968582153322 65.46114414596558 0
v 147.00150756835941 68.10861441040039 0
v 142.5935740661621 70.86018585586548 0
v 138.25757812499998 73.71416601562501 0
v 133.99521255493164 76.6688624229431 0
v 129.80817016601563 79.72258261108398 0
v 125.69814376831056 82.87363411331177 0
v 121.66682617187502 86.12032446289062 0
v 117.71591018676757 89.46096119308471 0
v 113.84708862304689 92.8938518371582 0
v 110.06205429077148 96.41730392837525 0
v 106.36250000000001 100.029625 0
v 102.75011856079102 103.72912258529664 0
v 99.22660278320313 107.51410421752931 0
v 95.79364547729492 111.38287742996216 0
v 92.45293945312501 115.33374975585937 0
v 89.20617752075196 119.3650287284851 0
v 86.05505249023439 123.47502188110352 0
v 83.00125717163087 127.66203674697876 0
v 80.046484375 131.924380859375 0
v 77.19242691040039 136.2603617515564 0
v 74.44077758789064 140.6682869567871 0
v 71.7932292175293 145.1464640083313 0
v 69.25147460937501 149.6932004394531 0
v 66.81720657348633 154.30680378341674 0
v 64.49211791992188 158.98558157348631 0
v 62.277901458740246 163.727841342926 0
v 60.17625000000001 168.531890625 0
v 58.188856353759775 173.3960369529724 0
v 56.31741333007814 178.3185878601074 0
v 54.56361373901369 183.29785087966917 0
v 52.92915039062501 188.33213354492187 0
v 51.41571609497071 193.41974338912965 0
v 50.025003662109384 198.55898794555662 0
v 48.75870590209962 203.74817474746703 0
v 47.618515625000015 208.98561132812497 0
v 46.60612564086915 214.2696052207947 0
v 45.72322875976564 219.5984639587402 0
v 44.971517791748056 224.9704950752258 0
v 44.35268554687501 230.3840061035156 0
v 43.86842483520508 235.83730457687378 0
v 43.520428466796886 241.32869802856445 0
v 43.310389251709 246.85649399185178 0
v 43.24000000000001 252.41899999999998 0
v 43.24000000000001 252.41899999999998 0
v 43.31038564682008 257.9815060081482 0
v 43.520414276123056 263.5093019714355 0
v 43.868393421173096 269.0006954231262 0
v 44.35263061523438 274.45399389648435 0
v 44.971433391571054 279.8675049247742 0
v 45.72310928344728 285.2395360412597 0
v 46.6059658241272 290.56839477920533 0
v 47.61831054687501 295.85238867187496 0
v 48.75845098495485 301.08982525253293 0
v 50.02469467163087 306.2790120544433 0
v 51.415349140167244 311.41825661087034 0
v 52.92872192382813 316.5058664550781 0
v 54.563120555877695 321.54014912033074 0
v 56.31685256958009 326.5194121398925 0
v 58.18822549819947 331.44196304702757 0
v 60.17554687500001 336.30610937499995 0
v 62.27712423324586 341.11015865707395 0
v 64.49126510620118 345.8524184265137 0
v 66.81627702713014 350.5311962165832 0
v 69.25046752929688 355.14479956054686 0
v 71.79214414596558 359.6915359916687 0
v 74.4396144104004 364.1697130432128 0
v 77.19118585586548 368.5776382484436 0
v 80.04516601562501 372.913619140625 0
v 82.99986242294312 377.1759632530212 0
v 86.053582611084 381.3629781188965 0
v 89.20463411331178 385.4729712715149 0
v 92.45132446289064 389.5042502441406 0
v 95.79196119308473 393.45512257003776 0
v 99.22485183715821 397.3238957824707 0
v 102.74830392837526 401.1088774147033 0
v 106.36062500000001 404.80837499999996 0
v 110.06012258529665 408.42069607162466 0
v 113.84510421752931 411.9441481628417 0
v 117.71387742996217 415.37703880691527 0
v 121.66474975585939 418.7176755371093 0
v 125.69602872848512 421.96436588668814 0
v 129.8060218811035 425.11541738891594 0
v 133.99303674697876 428.16913757705686 0
v 138.255380859375 431.123833984375 0
v 142.5913617515564 433.97781414413447 0
v 146.99928695678713 436.7293855895996 0
v 151.4774640083313 439.3768558540344 0
v 156.02420043945312 441.9185324707031 0
v 160.63780378341676 444.35272297286986 0
v 165.31658157348633 446.6777348937988 0
v 170.05884134292603 448.8918757667541 0
v 174.862890625 450.993453125 0
v 179.7270369529724 452.9807745018005 0
v 184.64958786010743 454.8521474304199 0
v 189.6288508796692 456.60587944412225 0
v 194.6631335449219 458.2402780761718 0
v 199.75074338912964 459.7536508598327 0
v 204.88998794555664 461.1443053283691 0
v 210.07917474746705 462.41054901504515 0
v 215.31661132812502 463.55068945312496 0
v 220.60060522079468 464.56303417587276 0
v 225.92946395874023 465.4458907165527 0
v 231.30149507522583 466.19756660842893 0
v 236.71500610351563 466.8163693847656 0
v 242.16830457687377 467.3006065788269 0
v 247.65969802856446 467.6485857238769 0
v 253.1874939918518 467.85861435317986 0
v 258.75 467.929 0
v 258.75 467.929 0
v 264.3122789001465 467.85861435317986 0
v 269.83986206054686 467.6485857238769 0
v 275.33105667114256 467.3006065788269 0
v 280.784169921875 466.8163693847656 0
v 286.19750900268554 466.19756660842893 0
v 291.5693811035156 465.4458907165527 0
v 296.8980934143067 464.5630341758727 0
v 302.181953125 463.55068945312496 0
v 307.41926742553716 462.41054901504515 0
v 312.60834350585935 461.14430532836906 0
v 317.7474885559082 459.7536508598327 0
v 322.835009765625 458.2402780761719 0
v 327.86921432495114 456.60587944412225 0
v 332.8484094238281 454.8521474304199 0
v 337.77090225219723 452.98077450180045 0
v 342.635 450.993453125 0
v 347.4390098571778 448.89187576675414 0
v 352.18123901367187 446.6777348937988 0
v 356.8599946594238 444.35272297286986 0
v 361.47358398437495 441.9185324707031 0
v 366.0203141784668 439.3768558540344 0
v 370.4984924316406 436.72938558959953 0
v 374.90642593383785 433.97781414413447 0
v 379.242421875 431.1238339843749 0
v 383.50478744506836 428.16913757705686 0
v 387.6918298339844 425.11541738891594 0
v 391.80185623168944 421.9643658866882 0
v 395.833173828125 418.7176755371093 0
v 399.7840898132324 415.37703880691527 0
v 403.6529113769531 411.94414816284177 0
v 407.43794570922853 408.4206960716247 0
v 411.13750000000005 404.80837499999996 0
v 414.749881439209 401.1088774147033 0
v 418.27339721679687 397.3238957824707 0
v 421.70635452270506 393.4551225700378 0
v 425.04706054687495 389.5042502441406 0
v 428.29382247924804 385.47297127151484 0
v 431.4449475097656 381.3629781188965 0
v 434.49874282836913 377.17596325302117 0
v 437.453515625 372.913619140625 0
v 440.3075730895996 368.5776382484436 0
v 443.0592224121094 364.1697130432128 0
v 445.7067707824707 359.6915359916687 0
v 448.248525390625 355.14479956054686 0
v 450.6827934265137 350.5311962165832 0
v 453.0078820800781 345.8524184265136 0
v 455.2220985412597 341.11015865707395 0
v 457.32375 336.30610937499995 0
v 459.3111436462402 331.44196304702757 0
v 461.1825866699219 326.51941213989255 0
v 462.9363862609863 321.54014912033074 0
v 464.57084960937505 316.50586645507803 0
v 466.0842839050293 311.41825661087034 0
v 467.4749963378906 306.27901205444334 0
v 468.7412940979004 301.08982525253293 0
v 469.881484375 295.85238867187496 0
v 470.8938743591308 290.5683947792053 0
v 471.7767712402344 285.2395360412597 0
v 472.52848220825194 279.86750492477415 0
v 473.147314453125 274.45399389648435 0
v 473.6315751647949 269.0006954231262 0
v 473.9795715332031 263.50930197143555 0
v 474.189610748291 257.9815060081482 0
v 474.26 252.41899999999998 0
v 474.26 252.41899999999998 0
v 474.189610748291 246.8564939918518 0
v 473.9795715332031 241.32869802856442 0
v 473.6315751647949 235.83730457687378 0
v 473.147314453125 230.3840061035156 0
v 472.52848220825194 224.97049507522584 0
v 471.7767712402344 219.5984639587402 0
v 470.8938743591308 214.2696052207947 0
v 469.881484375 208.98561132812497 0
v 468.7412940979004 203.74817474746703 0
v 467.4749963378906 198.55898794555662 0
v 466.0842839050293 193.41974338912965 0
v 464.57084960937505 188.33213354492185 0
v 462.93638626098635 183.29785087966917 0
v 461.1825866699219 178.3185878601074 0
v 459.3111436462402 173.3960369529724 0
v 457.32375 168.531890625 0
v 455.22209854125975 163.727841342926 0
v 453.0078820800781 158.98558157348631 0
v 450.6827934265137 154.30680378341677 0
v 448.248525390625 149.69320043945314 0
v 445.7067707824707 145.14646400833126 0
v 443.0592224121094 140.6682869567871 0
v 440.3075730895996 136.2603617515564 0
v 437.453515625 131.924380859375 0
v 434.49874282836913 127.66203674697876 0
v 431.4449475097656 123.4750218811035 0
v 428.293822479248 119.3650287284851 0
v 425.04706054687495 115.33374975585937 0
v 421.70635452270506 111.38287742996216 0
v 418.27339721679687 107.5141042175293 0
v 414.74988143920893 103.72912258529664 0
v 411.1375 100.029625 0
v 407.43794570922853 96.41730392837523 0
v 403.6529113769531 92.8938518371582 0
v 399.7840898132324 89.4609611930847 0
v 395.833173828125 86.12032446289061 0
v 391.80185623168944 82.87363411331177 0
v 387.69182983398434 79.72258261108396 0
v 383.50478744506836 76.6688624229431 0
v 379.242421875 73.714166015625 0
v 374.90642593383785 70.86018585586547 0
v 370.4984924316406 68.10861441040039 0
v 366.0203141784668 65.46114414596556 0
v 361.47358398437495 62.919467529296874 0
v 356.8599946594238 60.485277027130124 0
v 352.18123901367187 58.160265106201166 0
v 347.4390098571777 55.94612423324584 0
v 342.635 53.84454687499999 0
v 337.77090225219723 51.857225498199455 0
v 332.8484094238281 49.985852569580075 0
v 327.86921432495114 48.23212055587767 0
v 322.835009765625 46.59772192382812 0
v 317.7474885559082 45.084349140167234 0
v 312.60834350585935 43.69369467163085 0
v 307.4192674255371 42.42745098495483 0
v 302.18195312499995 41.28731054687499 0
v 296.89809341430663 40.274965824127186 0
v 291.56938110351564 39.392109283447255 0
v 286.19750900268554 38.64043339157104 0
v 280.784169921875 38.021630615234365 0
v 275.33105667114256 37.53739342117309 0
v 269.83986206054686 37.189414276123046 0
v 264.3122789001465 36.979385646820056 0
v 258.75 36.90899999999999 0
v 258.75 449.979 0
v 253.65085193634033 449.9144729614257 0
v 248.58350494384766 449.72192626953125 0
v 243.54951107025147 449.40291156005856 0
v 238.55042236328126 448.95898046875 0
v 233.5877908706665 448.39168463134763 0
v 228.66316864013675 447.7025756835937 0
v 223.7781077194214 446.89320526123043 0
v 218.93416015625 445.965125 0
v 214.13287799835206 444.9198865356445 0
v 209.37581329345704 443.75904150390625 0
v 204.66451808929443 442.4841415405273 0
v 200.00054443359375 441.09673828124994 0
v 195.38544437408444 439.59838336181633 0
v 190.8207699584961 437.99062841796876 0
v 186.3080732345581 436.2750250854492 0
v 181.84890625 434.45312499999994 0
v 177.44482105255128 432.5264797973632 0
v 173.09736968994136 430.4966411132812 0
v 168.80810420989988 428.3651605834961 0
v 164.57857666015624 426.13358984375 0
v 160.41033908843994 423.8034805297851 0
v 156.30494354248046 421.37638427734373 0
v 152.26394207000735 418.85385272216797 0
v 148.28888671875 416.2374375 0
v 144.381329536438 413.528690246582 0
v 140.54282257080078 410.7291625976562 0
v 136.77491786956784 407.84040618896483 0
v 133.07916748046875 404.86397265625 0
v 129.45712345123292 401.8014136352538 0
v 125.91033782958984 398.6542807617188 0
v 122.44036266326904 395.42412567138666 0
v 119.04875000000001 392.1125 0
v 115.73705188751221 388.7209553833007 0
v 112.50682037353516 385.2510434570312 0
v 109.35960750579834 381.7043158569336 0
v 106.29696533203126 378.08232421875 0
v 103.32044589996337 374.38662017822264 0
v 100.43160125732422 370.61875537109376 0
v 97.63198345184327 366.7802814331055 0
v 94.92314453125 362.87275 0
v 92.30663654327392 358.8977127075195 0
v 89.78401153564454 354.85672119140617 0
v 87.35682155609132 350.7513270874024 0
v 85.02661865234376 346.58308203124994 0
v 82.79495487213134 342.3535376586914 0
v 80.66338226318359 338.0642456054687 0
v 78.63345287322998 333.7167575073242 0
v 76.70671875 329.312625 0
v 74.88473194122315 324.85339971923827 0
v 73.1690444946289 320.3406333007812 0
v 71.56120845794678 315.77587738037107 0
v 70.06277587890625 311.1606835937499 0
v 68.67529880523682 306.4966035766601 0
v 67.40032928466798 301.78518896484377 0
v 66.2394193649292 297.02799139404294 0
v 65.19412109375 292.2265625 0
v 64.26598651885988 287.38245391845703 0
v 63.45656768798829 282.49721728515624 0
v 62.76741664886475 277.5724042358398 0
v 62.20008544921876 272.60956640625 0
v 61.7561261367798 267.6102554321289 0
v 61.437090759277346 262.5760229492187 0
v 61.244531364440924 257.5084205932617 0
v 61.18000000000001 252.409 0
v 61.18000000000001 252.409 0
v 61.244531364440924 247.3095866546631 0
v 61.437090759277346 242.2420057373047 0
v 61.75612613677979 237.20780842590332 0
v 62.200085449218754 232.2085458984375 0
v 62.76741664886475 227.24576933288574 0
v 63.45656768798829 222.32102990722657 0
v 64.26598651885988 217.43587879943848 0
v 65.19412109375001 212.5918671875 0
v 66.2394193649292 207.79054624938962 0
v 67.40032928466798 203.03346716308593 0
v 68.67529880523682 198.32218110656737 0
v 70.06277587890627 193.65823925781248 0
v 71.56120845794679 189.0431927947998 0
v 73.1690444946289 184.47859289550783 0
v 74.88473194122315 179.96599073791504 0
v 76.70671875 175.5069375 0
v 78.63345287322998 171.10298435974124 0
v 80.66338226318359 166.75568249511718 0
v 82.79495487213134 162.46658308410645 0
v 85.02661865234376 158.23723730468748 0
v 87.35682155609132 154.06919633483886 0
v 89.78401153564454 149.96401135253907 0
v 92.30663654327392 145.9232335357666 0
v 94.92314453125 141.9484140625 0
v 97.63198345184327 138.04110411071775 0
v 100.43160125732422 134.2028548583984 0
v 103.32044589996337 130.4352174835205 0
v 106.29696533203125 126.73974316406249 0
v 109.35960750579835 123.11798307800294 0
v 112.50682037353516 119.57148840332032 0
v 115.7370518875122 116.10181031799317 0
v 119.04875 112.7105 0
v 122.44036266326904 109.39910862731934 0
v 125.91033782958984 106.16918737792969 0
v 129.45712345123292 103.02228742980955 0
v 133.07916748046875 99.95995996093748 0
v 136.77491786956784 96.98375614929199 0
v 140.54282257080078 94.09522717285155 0
v 144.381329536438 91.29592420959472 0
v 148.28888671875 88.58739843749998 0
v 152.26394207000732 85.97120103454589 0
v 156.3049435424805 83.44888317871093 0
v 160.41033908843994 81.02199604797363 0
v 164.57857666015624 78.69209082031249 0
v 168.8081042098999 76.46071867370605 0
v 173.0973696899414 74.3294307861328 0
v 177.44482105255128 72.29977833557128 0
v 181.84890625 70.3733125 0
v 186.3080732345581 68.55158445739745 0
v 190.8207699584961 66.83614538574218 0
v 195.38544437408444 65.22854646301268 0
v 200.00054443359375 63.7303388671875 0
v 204.66451808929443 62.343073776245106 0
v 209.37581329345704 61.068302368164055 0
v 214.13287799835206 59.907575820922844 0
v 218.93416015625 58.862445312499986 0
v 223.77810771942137 57.934462020874015 0
v 228.66316864013672 57.12517712402342 0
v 233.5877908706665 56.436141799926745 0
v 238.55042236328126 55.86890722656249 0
v 243.54951107025147 55.42502458190917 0
v 248.58350494384766 55.1060450439453 0
v 253.65085193634033 54.9135197906494 0
v 258.75 54.84899999999999 0
v 258.75 54.84899999999999 0
v 263.84914806365964 54.91352703857421 0
v 268.9164950561523 55.10607373046874 0
v 273.95048892974853 55.42508843994139 0
v 278.94957763671874 55.86901953124999 0
v 283.9122091293335 56.43631536865234 0
v 288.8368313598633 57.125424316406246 0
v 293.72189228057863 57.93479473876952 0
v 298.56583984375 58.862874999999995 0
v 303.36712200164794 59.90811346435546 0
v 308.12418670654296 61.06895849609374 0
v 312.83548191070554 62.34385845947264 0
v 317.49945556640625 63.73126171874999 0
v 322.1145556259155 65.22961663818359 0
v 326.6792300415039 66.83737158203125 0
v 331.19192676544185 68.55297491455077 0
v 335.65109375000003 70.37487499999999 0
v 340.0551789474488 72.30152020263671 0
v 344.40263031005856 74.33135888671875 0
v 348.69189579010003 76.4628394165039 0
v 352.9214233398437 78.69441015624999 0
v 357.08966091156003 81.02451947021484 0
v 361.1950564575195 83.45161572265623 0
v 365.2360579299926 85.97414727783203 0
v 369.21111328125005 88.59056249999999 0
v 373.118670463562 91.29930975341796 0
v 376.9571774291992 94.09883740234373 0
v 380.72508213043216 96.98759381103514 0
v 384.42083251953125 99.96402734375 0
v 388.0428765487671 103.0265863647461 0
v 391.5896621704101 106.17371923828124 0
v 395.05963733673093 109.40387432861326 0
v 398.45125 112.71549999999999 0
v 401.76294811248783 116.10704461669921 0
v 404.9931796264649 119.57695654296876 0
v 408.1403924942017 123.1236841430664 0
v 411.2030346679688 126.74567578124999 0
v 414.1795541000366 130.44137982177733 0
v 417.06839874267575 134.20924462890625 0
v 419.86801654815673 138.0477185668945 0
v 422.57685546875 141.95524999999998 0
v 425.1933634567261 145.93028729248044 0
v 427.7159884643555 149.97127880859375 0
v 430.1431784439087 154.07667291259764 0
v 432.4733813476563 158.24491796874997 0
v 434.70504512786863 162.4744623413086 0
v 436.8366177368164 166.76375439453125 0
v 438.86654712677 171.11124249267579 0
v 440.79328124999995 175.515375 0
v 442.6152680587769 179.9746002807617 0
v 444.3309555053711 184.48736669921874 0
v 445.9387915420532 189.0521226196289 0
v 447.4372241210938 193.66731640625 0
v 448.8247011947632 198.33139642333984 0
v 450.0996707153321 203.04281103515623 0
v 451.2605806350708 207.80000860595703 0
v 452.30587890625003 212.60143749999997 0
v 453.2340134811402 217.44554608154297 0
v 454.04343231201176 222.33078271484374 0
v 454.73258335113525 227.25559576416015 0
v 455.29991455078124 232.21843359374998 0
v 455.74387386322024 237.21774456787108 0
v 456.06290924072266 242.25197705078125 0
v 456.25546863555905 247.31957940673826 0
v 456.32 252.41899999999998 0
v 456.32 252.41899999999998 0
v 456.25546863555905 257.5184133453369 0
v 456.06290924072266 262.5859942626953 0
v 455.74387386322024 267.6201915740967 0
v 455.29991455078124 272.6194541015625 0
v 454.73258335113525 277.5822306671143 0
v 454.04343231201176 282.50697009277343 0
v 453.23401348114015 287.3921212005615 0
v 452.30587890625003 292.2361328125 0
v 451.2605806350708 297.0374537506103 0
v 450.0996707153321 301.794532836914 0
v 448.82470119476324 306.50581889343266 0
v 447.4372241210938 311.16976074218746 0
v 445.9387915420532 315.7848072052002 0
v 444.3309555053711 320.3494071044922 0
v 442.6152680587769 324.86200926208494 0
v 440.79328124999995 329.3210624999999 0
v 438.86654712677006 333.7250156402588 0
v 436.8366177368164 338.0723175048828 0
v 434.70504512786863 342.3614169158935 0
v 432.4733813476563 346.5907626953125 0
v 430.1431784439087 350.7588036651611 0
v 427.7159884643555 354.8639886474609 0
v 425.1933634567261 358.9047664642334 0
v 422.57685546875 362.87958593749994 0
v 419.86801654815673 366.7868958892822 0
v 417.06839874267575 370.62514514160154 0
v 414.1795541000366 374.39278251647954 0
v 411.2030346679688 378.0882568359375 0
v 408.14039249420165 381.71001692199707 0
v 404.9931796264649 385.2565115966797 0
v 401.76294811248783 388.7261896820068 0
v 398.45124999999996 392.11749999999995 0
v 395.05963733673093 395.42889137268065 0
v 391.5896621704101 398.6588126220703 0
v 388.0428765487671 401.8057125701904 0
v 384.42083251953125 404.8680400390625 0
v 380.72508213043216 407.84424385070804 0
v 376.9571774291992 410.73277282714844 0
v 373.118670463562 413.53207579040526 0
v 369.21111328125 416.2406015625 0
v 365.2360579299926 418.85679896545406 0
v 361.1950564575195 421.379116821289 0
v 357.08966091156003 423.80600395202634 0
v 352.9214233398437 426.1359091796875 0
v 348.6918957901001 428.36728132629395 0
v 344.4026303100586 430.4985692138672 0
v 340.0551789474487 432.52822166442866 0
v 335.65109375 434.4546875 0
v 331.19192676544185 436.27641554260254 0
v 326.6792300415039 437.9918546142578 0
v 322.1145556259155 439.59945353698726 0
v 317.49945556640625 441.0976611328125 0
v 312.83548191070554 442.4849262237549 0
v 308.12418670654296 443.75969763183593 0
v 303.36712200164794 444.92042417907714 0
v 298.56583984375 445.9655546875 0
v 293.7218922805786 446.89353797912594 0
v 288.83683135986325 447.70282287597655 0
v 283.9122091293335 448.3918582000732 0
v 278.94957763671874 448.9590927734375 0
v 273.95048892974853 449.4029754180908 0
v 268.91649505615237 449.7219549560547 0
v 263.84914806365964 449.9144802093506 0
v 258.75 449.979 0
v 258.75 37.909 0
v 264.16945068359377 37.975418945312505 0
v 269.56741796874996 38.1745234375 0
v 274.94276220703125 38.50608496093751 0
v 280.29434375 38.969875 0
v 285.62102294921874 39.565665039062495 0
v 290.92166015624997 40.2932265625 0
v 296.1951157226562 41.1523310546875 0
v 301.44025 42.14275 0
v 306.65592333984375 43.264254882812494 0
v 311.84099609375 44.5166171875 0
v 316.99432861328125 45.89960839843751 0
v 322.11478124999996 47.413 0
v 327.2012143554688 49.0565634765625 0
v 332.25248828125 50.8300703125 0
v 337.26746337890626 52.7332919921875 0
v 342.245 54.766 0
v 342.245 54.766 0
v 347.0036533203125 56.84628955078125 0
v 351.70036718750004 59.03523828125 0
v 356.3342099609375 61.33221630859374 0
v 360.90425 63.736593750000004 0
v 365.4095556640625 66.24774072265625 0
v 369.8491953125 68.86502734374999 0
v 374.2222373046875 71.58782373046876 0
v 378.52774999999997 74.4155 0
v 382.7648017578125 77.34742626953125 0
v 386.93246093749997 80.38297265625 0
v 391.02979589843756 83.52150927734374 0
v 395.05587499999996 86.76240625 0
v 399.00976660156243 90.10503369140625 0
v 402.8905390625 93.54876171875 0
v 406.6972607421875 97.09296044921875 0
v 410.429 100.737 0
v 410.429 100.737 0
v 414.07303955078123 104.4685634765625 0
v 417.61723828124997 108.2751328125 0
v 421.0609663085938 112.1557763671875 0
v 424.40359375 116.10956250000001 0
v 427.6444907226562 120.1355595703125 0
v 430.78302734374995 124.2328359375 0
v 433.8185737304687 128.4004599609375 0
v 436.7505 132.63750000000002 0
v 439.57817626953124 136.9430244140625 0
v 442.30097265625 141.3161015625 0
v 444.91825927734374 145.7557998046875 0
v 447.42940625 150.2611875 0
v 449.8337836914062 154.83133300781247 0
v 452.13076171874997 159.4653046875 0
v 454.31971044921875 164.1621708984375 0
v 456.4 168.921 0
v 456.4 168.921 0
v 458.4325432128906 173.89854760742188 0
v 460.335642578125 178.91355273437497 0
v 462.10906518554685 183.9648713378906 0
v 463.75257812499996 189.05135937499998 0
v 465.26594848632806 194.17187280273436 0
v 466.6489433593749 199.325267578125 0
v 467.9013298339844 204.5103996582031 0
v 469.02287499999994 209.726125 0
v 470.0133459472655 214.97129956054687 0
v 470.87250976562495 220.24477929687498 0
v 471.60013354492185 225.54542016601562 0
v 472.19598437499997 230.872078125 0
v 472.6598293457031 236.2236091308594 0
v 472.9914355468749 241.598869140625 0
v 473.1905700683593 246.99671411132812 0
v 473.25699999999995 252.416 0
v 473.25699999999995 252.416 0
v 473.1905810546874 257.8352858886719 0
v 472.99147656249994 263.23313085937497 0
v 472.6599150390624 268.6083908691407 0
v 472.19612499999994 273.959921875 0
v 471.60033496093746 279.2865798339844 0
v 470.8727734374999 284.587220703125 0
v 470.0136689453124 289.8607004394531 0
v 469.02324999999996 295.105875 0
v 467.9017451171875 300.32160034179685 0
v 466.6493828125 305.50673242187503 0
v 465.2663916015624 310.66012719726564 0
v 463.75299999999993 315.78064062500005 0
v 462.10943652343747 320.8671286621094 0
v 460.33592968749997 325.918447265625 0
v 458.4327080078125 330.93345239257815 0
v 456.4 335.911 0
v 456.4 335.911 0
v 454.31971044921875 340.6696533203125 0
v 452.13076171874997 345.36636718750003 0
v 449.8337836914063 350.00020996093747 0
v 447.42940625 354.5702500000001 0
v 444.9182592773438 359.0755556640625 0
v 442.30097265625 363.51519531250005 0
v 439.57817626953124 367.88823730468755 0
v 436.7505 372.19375 0
v 433.8185737304687 376.43080175781256 0
v 430.78302734375 380.5984609375 0
v 427.6444907226562 384.6957958984375 0
v 424.40359374999997 388.72187500000007 0
v 421.0609663085937 392.67576660156254 0
v 417.61723828125 396.55653906250006 0
v 414.07303955078123 400.3632607421875 0
v 410.429 404.095 0
v 410.429 404.095 0
v 406.6974365234375 407.7390395507813 0
v 402.89086718749996 411.28323828125 0
v 399.0102236328124 414.7269663085938 0
v 395.0564374999999 418.06959374999997 0
v 391.0304404296875 421.31049072265625 0
v 386.93316406249994 424.44902734375 0
v 382.7655400390625 427.48457373046875 0
v 378.5285 430.41650000000004 0
v 374.22297558593743 433.2441762695313 0
v 369.8498984375 435.96697265625005 0
v 365.4102001953125 438.5842592773438 0
v 360.9048125 441.09540625 0
v 356.3346669921875 443.49978369140626 0
v 351.7006953125 445.79676171875 0
v 347.0038291015625 447.98571044921874 0
v 342.245 450.06600000000003 0
v 342.245 450.06600000000003 0
v 337.26745239257815 452.0985432128906 0
v 332.252447265625 454.0016425781251 0
v 327.20112866210934 455.7750651855469 0
v 322.114640625 457.418578125 0
v 316.9941271972656 458.9319484863282 0
v 311.84073242187503 460.31494335937504 0
v 306.6556003417969 461.56732983398433 0
v 301.43987500000003 462.68887500000005 0
v 296.19470043945313 463.6793459472657 0
v 290.921220703125 464.538509765625 0
v 285.6205798339844 465.2661335449219 0
v 280.293921875 465.861984375 0
v 274.94239086914064 466.32582934570314 0
v 269.56713085937497 466.65743554687504 0
v 264.1692858886719 466.85657006835936 0
v 258.75 466.923 0
v 258.75 466.923 0
v 253.33071411132812 466.8565810546875 0
v 247.932869140625 466.65747656250005 0
v 242.55760913085936 466.32591503906247 0
v 237.20607812499998 465.862125 0
v 231.87942016601562 465.26633496093746 0
v 226.57877929687496 464.5387734375 0
v 221.30529956054687 463.67966894531247 0
v 216.06012499999997 462.68925 0
v 210.8443996582031 461.56774511718754 0
v 205.65926757812497 460.3153828125 0
v 200.50587280273436 458.9323916015626 0
v 195.385359375 457.419 0
v 190.2988713378906 455.7754365234375 0
v 185.24755273437498 454.0019296875 0
v 180.23254760742185 452.0987080078125 0
v 175.255 450.06600000000003 0
v 175.255 450.06600000000003 0
v 170.49634692382813 447.98571044921874 0
v 165.79963476562497 445.79676171875 0
v 161.16579663085935 443.49978369140626 0
v 156.595765625 441.09540625 0
v 152.09047485351562 438.5842592773438 0
v 147.650857421875 435.96697265625005 0
v 143.27784643554685 433.2441762695313 0
v 138.97237499999997 430.41650000000004 0
v 134.73537622070313 427.4845737304687 0
v 130.56778320312497 424.44902734375 0
v 126.47052905273436 421.3104907226563 0
v 122.44454687499999 418.06959374999997 0
v 118.49076977539062 414.7269663085938 0
v 114.61013085937499 411.2832382812501 0
v 110.80356323242185 407.7390395507813 0
v 107.07199999999999 404.095 0
v 107.07199999999999 404.095 0
v 103.42796044921873 400.36343652343754 0
v 99.88376171875 396.5568671875 0
v 96.44003369140624 392.6762236328126 0
v 93.09740624999999 388.72243750000007 0
v 89.85650927734375 384.6964404296875 0
v 86.71797265625 380.5991640625 0
v 83.68242626953125 376.43154003906255 0
v 80.7505 372.19450000000006 0
v 77.92282373046875 367.88897558593754 0
v 75.20002734375 363.5158984375 0
v 72.58274072265624 359.0762001953126 0
v 70.07159374999999 354.57081250000005 0
v 67.66721630859374 350.0006669921876 0
v 65.37023828124998 345.36669531250004 0
v 63.181289550781244 340.6698291015626 0
v 61.10099999999999 335.91100000000006 0
v 61.10099999999999 335.91100000000006 0
v 59.06845678710937 330.9334523925782 0
v 57.16535742187499 325.91844726562505 0
v 55.391934814453116 320.86712866210945 0
v 53.748421875 315.7806406250001 0
v 52.23505151367186 310.6601271972657 0
v 50.852056640624994 305.50673242187503 0
v 49.59967016601562 300.32160034179697 0
v 48.478124999999984 295.1058750000001 0
v 47.487654052734364 289.8607004394532 0
v 46.62849023437499 284.58722070312507 0
v 45.900866455078116 279.28657983398443 0
v 45.30501562499999 273.9599218750001 0
v 44.84117065429686 268.60839086914075 0
v 44.509564453124995 263.2331308593751 0
v 44.31042993164061 257.83528588867193 0
v 44.24399999999999 252.41600000000005 0
v 44.24399999999999 252.41600000000005 0
v 44.310418945312485 246.99671411132817 0
v 44.50952343749999 241.59886914062506 0
v 44.8410849609375 236.22360913085942 0
v 45.30487499999999 230.87207812500003 0
v 45.900665039062496 225.54542016601565 0
v 46.62822656249999 220.24477929687504 0
v 47.48733105468749 214.97129956054692 0
v 48.47774999999999 209.72612500000005 0
v 49.599254882812495 204.51039965820314 0
v 50.8516171875 199.32526757812502 0
v 52.23460839843749 194.1718728027344 0
v 53.74799999999999 189.05135937500006 0
v 55.39156347656249 183.96487133789066 0
v 57.16507031249999 178.91355273437506 0
v 59.06829199218749 173.8985476074219 0
v 61.10099999999999 168.92100000000005 0
v 61.10099999999999 168.92100000000005 0
v 63.18128955078124 164.16234667968752 0
v 65.37023828124998 159.46563281250005 0
v 67.66721630859374 154.83179003906255 0
v 70.07159374999999 150.26175000000003 0
v 72.58274072265624 145.75644433593754 0
v 75.20002734375001 141.31680468750005 0
v 77.92282373046874 136.94376269531253 0
v 80.7505 132.63825000000006 0
v 83.68242626953125 128.40119824218755 0
v 86.71797265624998 124.23353906250004 0
v 89.85650927734375 120.13620410156256 0
v 93.09740624999999 116.11012500000005 0
v 96.44003369140624 112.15623339843755 0
v 99.88376171875 108.27546093750004 0
v 103.42796044921873 104.46873925781254 0
v 107.07199999999999 100.73700000000005 0
v 107.07199999999999 100.73700000000005 0
v 110.80356323242185 97.09296044921881 0
v 114.61013085937498 93.54876171875006 0
v 118.49076977539062 90.1050336914063 0
v 122.44454687499997 86.76240625000004 0
v 126.47052905273436 83.52150927734381 0
v 130.56778320312497 80.38297265625005 0
v 134.7353762207031 77.3474262695313 0
v 138.972375 74.41550000000005 0
v 143.27784643554688 71.5878237304688 0
v 147.650857421875 68.86502734375006 0
v 152.09047485351562 66.2477407226563 0
v 156.595765625 63.736593750000054 0
v 161.16579663085938 61.3322163085938 0
v 165.799634765625 59.03523828125006 0
v 170.49634692382813 56.8462895507813 0
v 175.255 54.766000000000055 0
v 175.255 54.766000000000055 0
v 180.235166015625 52.73276391601567 0
v 185.25242187499998 50.82908007812505 0
v 190.30565429687502 49.05517260742193 0
v 195.39375 47.411265625000055 0
v 200.515595703125 45.89758325195318 0
v 205.670078125 44.51434960937506 0
v 210.856083984375 43.26178881835943 0
v 216.0725 42.140125000000054 0
v 221.31821289062503 41.14958227539068 0
v 226.592109375 40.290384765625056 0
v 231.89307617187498 39.562756591796926 0
v 237.21999999999997 38.966921875000054 0
v 242.571767578125 38.50310473632818 0
v 247.94726562499997 38.17152929687506 0
v 253.34538085937498 37.97241967773443 0
v 258.765 37.906000000000056 0
v 258.765 37.906000000000056 0
v 258.763125 37.90637500000005 0
v 258.76125 37.906750000000045 0
v 258.759375 37.907125000000036 0
v 258.7575 37.90750000000003 0
v 258.755625 37.90787500000002 0
v 258.75374999999997 37.90825000000001 0
v 258.751875 37.90862500000001 0
v 258.75 37.909 0
v 258.75 450.979 0
v 263.86713306427004 450.9140199775695 0
v 268.95279693603516 450.72012759399416 0
v 274.00541988372805 450.3988943748474 0
v 279.02343017578124 449.95189184570313 0
v 284.0052560806274 449.38069153213496 0
v 288.94932586669927 448.6868649597168 0
v 293.85406780242926 447.8719836540222 0
v 298.71791015625 446.93761914062503 0
v 303.53928119659423 445.88534294509884 0
v 308.31660919189454 444.7167265930176 0
v 313.0483224105835 443.4333416099548 0
v 317.73284912109375 442.0367595214843 0
v 322.3686175918579 440.52855185317986 0
v 326.9540560913086 438.91029013061524 0
v 331.4875928878784 437.18354587936403 0
v 335.96765625 435.34989062499994 0
v 340.39267444610596 433.41089589309684 0
v 344.7610757446289 431.36813320922846 0
v 349.07128841400146 429.2231740989685 0
v 353.3217407226563 426.9775900878906 0
v 357.51086093902586 424.6329527015685 0
v 361.63707733154297 422.19083346557613 0
v 365.6988181686401 419.6528039054871 0
v 369.69451171875005 417.020435546875 0
v 373.6225862503052 414.2952999153137 0
v 377.48147003173824 411.47896853637695 0
v 381.269591331482 408.5730129356384 0
v 384.9853784179688 405.57900463867185 0
v 388.62725955963134 402.498515171051 0
v 392.1936630249023 399.3331160583496 0
v 395.68301708221435 396.08437882614135 0
v 399.09375000000006 392.753875 0
v 402.4242900466919 389.34317610549925 0
v 405.6730654907227 385.8538536682129 0
v 408.83850460052497 382.2874792137146 0
v 411.9190356445313 378.6456242675781 0
v 414.9130868911743 374.9298603553772 0
v 417.81908660888666 371.14175900268555 0
v 420.63546306610107 367.28289173507693 0
v 423.36064453125 363.35483007812496 0
v 425.9930592727661 359.3591455574035 0
v 428.53113555908203 355.2974096984863 0
v 430.97330165863036 351.171194026947 0
v 433.3179858398438 346.98207006835935 0
v 435.5636163711548 342.73160934829707 0
v 437.7086215209961 338.42138339233395 0
v 439.7514295578003 334.0529637260437 0
v 441.69046875 329.62792187499997 0
v 443.5241673660279 325.1478293647766 0
v 445.2509536743164 320.6142577209472 0
v 446.8692559432983 316.02877846908564 0
v 448.37750244140625 311.3929631347656 0
v 449.7741214370728 306.7083832435608 0
v 451.0575411987305 301.9766103210449 0
v 452.226189994812 297.1992158927917 0
v 453.27849609375005 292.377771484375 0
v 454.21288776397705 287.5138486213684 0
v 455.0277932739258 282.6090188293457 0
v 455.7216408920288 277.6648536338806 0
v 456.29285888671876 272.6829245605469 0
v 456.73987552642825 267.6648031349182 0
v 457.06111907958984 262.61206088256836 0
v 457.2550178146362 257.52626932907106 0
v 457.32 252.409 0
v 457.32 252.409 0
v 457.2550178146362 247.29173791885376 0
v 457.06111907958984 242.20596780395508 0
v 456.73987552642825 237.15326072311402 0
v 456.29285888671876 232.13518774414064 0
v 455.7216408920288 227.15331993484497 0
v 455.0277932739258 222.2092283630371 0
v 454.21288776397705 217.3044840965271 0
v 453.27849609375005 212.440658203125 0
v 452.226189994812 207.61932175064084 0
v 451.0575411987305 202.84204580688476 0
v 449.7741214370728 198.11040143966673 0
v 448.37750244140625 193.42595971679683 0
v 446.8692559432983 188.7902917060852 0
v 445.2509536743164 184.20496847534181 0
v 443.5241673660279 179.6715610923767 0
v 441.69046875 175.191640625 0
v 439.75142955780035 170.76677814102175 0
v 437.7086215209961 166.39854470825193 0
v 435.5636163711548 162.08851139450073 0
v 433.3179858398438 157.83824926757814 0
v 430.97330165863036 153.6493293952942 0
v 428.53113555908203 149.523322845459 0
v 425.9930592727661 145.46180068588257 0
v 423.36064453125 141.46633398437498 0
v 420.63546306610107 137.53849380874632 0
v 417.8190866088867 133.67985122680662 0
v 414.9130868911743 129.89197730636596 0
v 411.9190356445313 126.17644311523436 0
v 408.8385046005249 122.53481972122191 0
v 405.6730654907227 118.96867819213867 0
v 402.4242900466919 115.47958959579468 0
v 399.09375 112.06912499999999 0
v 395.6830170822143 108.7388554725647 0
v 392.1936630249023 105.49035208129882 0
v 388.62725955963134 102.32518589401244 0
v 384.9853784179687 99.2449279785156 0
v 381.269591331482 96.25114940261841 0
v 377.4814700317383 93.34542123413085 0
v 373.6225862503052 90.52931454086303 0
v 369.69451171875 87.80440039062498 0
v 365.6988181686402 85.17224985122678 0
v 361.63707733154297 82.6344339904785 0
v 357.51086093902586 80.19252387619018 0
v 353.3217407226563 77.84809057617187 0
v 349.07128841400146 75.60270515823363 0
v 344.7610757446289 73.45793869018553 0
v 340.39267444610596 71.41536223983763 0
v 335.96765625 69.476546875 0
v 331.4875928878784 67.64306366348265 0
v 326.9540560913086 65.9164836730957 0
v 322.3686175918579 64.29837797164916 0
v 317.73284912109375 62.79031762695311 0
v 313.0483224105835 61.393873706817615 0
v 308.31660919189454 60.11061727905273 0
v 303.53928119659423 58.9421194114685 0
v 298.71791015625 57.88995117187498 0
v 293.8540678024292 56.95568362808227 0
v 288.9493258666992 56.14088784790038 0
v 284.0052560806274 55.44713489913939 0
v 279.02343017578124 54.87599584960937 0
v 274.005419883728 54.42904176712035 0
v 268.95279693603516 54.10784371948241 0
v 263.86713306427004 53.9139727745056 0
v 258.75 53.84899999999999 0
v 258.75 53.84899999999999 0
v 253.63286693573 53.91397497558592 0
v 248.54720306396484 54.107852539062485 0
v 243.49458011627198 54.4290616455078 0
v 238.47656982421876 54.87603124999999 0
v 233.49474391937255 55.44719030761718 0
v 228.5506741333008 56.140967773437495 0
v 223.6459321975708 56.95579260253905 0
v 218.78208984375 57.89009374999999 0
v 213.96071880340577 58.94230017089843 0
v 209.18339080810546 60.11084082031249 0
v 204.4516775894165 61.394144653320296 0
v 199.76715087890625 62.79064062499999 0
v 195.1313824081421 64.29875769042967 0
v 190.5459439086914 65.9169248046875 0
v 186.0124071121216 67.64357092285155 0
v 181.53234375000002 69.47712499999999 0
v 177.10732555389407 71.41601599121093 0
v 172.73892425537107 73.45867285156248 0
v 168.4287115859985 75.60352453613281 0
v 164.17825927734373 77.84899999999999 0
v 159.9891390609741 80.19352819824218 0
v 155.862922668457 82.63553808593748 0
v 151.80118183135988 85.17345861816405 0
v 147.80548828125 87.80571875 0
v 143.87741374969482 90.53074743652343 0
v 140.0185299682617 93.34697363281249 0
v 136.23040866851807 96.2528262939453 0
v 132.51462158203125 99.24673437499999 0
v 128.87274044036866 102.32712683105468 0
v 125.30633697509765 105.49243261718749 0
v 121.81698291778562 108.74108068847656 0
v 118.40625 112.07149999999999 0
v 115.0757099533081 115.48211950683593 0
v 111.82693450927735 118.97136816406251 0
v 108.66149539947509 122.5376749267578 0
v 105.58096435546877 126.17946874999998 0
v 102.58691310882568 129.89517858886717 0
v 99.68091339111328 133.6832333984375 0
v 96.86453693389893 137.54206213378905 0
v 94.13935546875001 141.47009375 0
v 91.5069407272339 145.46575720214844 0
v 88.96886444091797 149.52748144531247 0
v 86.52669834136964 153.6536954345703 0
v 84.18201416015626 157.84282812499998 0
v 81.93638362884522 162.09330847167968 0
v 79.79137847900391 166.4035654296875 0
v 77.7485704421997 170.77202795410153 0
v 75.80953124999999 175.19712499999997 0
v 73.97583263397217 179.67728552246092 0
v 72.2490463256836 184.2109384765625 0
v 70.63074405670167 188.7965128173828 0
v 69.12249755859375 193.43243749999996 0
v 67.72587856292725 198.11714147949218 0
v 66.44245880126954 202.84905371093748 0
v 65.273810005188 207.62660314941405 0
v 64.22150390625 212.44821874999997 0
v 63.28711223602296 217.31232946777342 0
v 62.47220672607423 222.21736425781248 0
v 61.7783591079712 227.1617520751953 0
v 61.20714111328126 232.14392187499996 0
v 60.760124473571786 237.16230261230467 0
v 60.43888092041016 242.21532324218748 0
v 60.244982185363774 247.30141271972656 0
v 60.18000000000001 252.41899999999998 0
v 60.18000000000001 252.41899999999998 0
v 60.244982185363774 257.53658003234864 0
v 60.438880920410156 262.62264807128906 0
v 60.760124473571786 267.67563352966306 0
v 61.20714111328126 272.6939658203125 0
v 61.7783591079712 277.67607435607914 0
v 62.47220672607423 282.62038854980466 0
v 63.28711223602296 287.52533781433107 0
v 64.22150390625 292.3893515625 0
v 65.273810005188 297.2108592071533 0
v 66.44245880126954 301.98829016113274 0
v 67.72587856292725 306.7200738372802 0
v 69.12249755859376 311.40463964843747 0
v 70.63074405670167 316.0404170074463 0
v 72.2490463256836 320.6258353271484 0
v 73.97583263397217 325.1593240203857 0
v 75.80953125 329.63931249999996 0
v 77.7485704421997 334.06423017883304 0
v 79.7913784790039 338.4325064697266 0
v 81.93638362884522 342.74257078552245 0
v 84.18201416015626 346.9928525390625 0
v 86.52669834136964 351.18178114318846 0
v 88.96886444091797 355.3077860107422 0
v 91.50694072723388 359.36929655456544 0
v 94.13935546875001 363.3647421875 0
v 96.86453693389893 367.2925523223877 0
v 99.68091339111328 371.1511563720703 0
v 102.5869131088257 374.93898374938965 0
v 105.58096435546875 378.65446386718753 0
v 108.6614953994751 382.2960261383057 0
v 111.82693450927735 385.8620999755859 0
v 115.0757099533081 389.3511147918701 0
v 118.40625 392.76149999999996 0
v 121.81698291778564 396.0916850128173 0
v 125.30633697509766 399.3400992431641 0
v 128.87274044036866 402.5051721038818 0
v 132.51462158203125 405.58533300781255 0
v 136.23040866851807 408.5790113677979 0
v 140.0185299682617 411.4846365966797 0
v 143.87741374969482 414.3006381072998 0
v 147.80548828125 417.0254453125 0
v 151.80118183135986 419.6574876251221 0
v 155.86292266845703 422.19519445800773 0
v 159.9891390609741 424.636995223999 0
v 164.17825927734373 426.98131933593754 0
v 168.42871158599854 429.226596206665 0
v 172.7389242553711 431.3712552490234 0
v 177.10732555389404 433.4137258758544 0
v 181.53234375 435.35243749999995 0
v 186.0124071121216 437.1858195343018 0
v 190.5459439086914 438.91230139160155 0
v 195.1313824081421 440.53031248474116 0
v 199.76715087890625 442.0382822265625 0
v 204.4516775894165 443.4346400299072 0
v 209.18339080810546 444.7178153076172 0
v 213.96071880340577 445.88623747253416 0
v 218.78208984375 446.93833593749997 0
v 223.6459321975708 447.8725401153564 0
v 228.5506741333008 448.6872794189453 0
v 233.49474391937255 449.3809832611084 0
v 238.47656982421876 449.9520810546875 0
v 243.49458011627198 450.3990022125244 0
v 248.54720306396484 450.72017614746096 0
v 253.63286693573 450.91403227233883 0
v 258.75 450.979 0
v 258.75 36.90899999999999 0
v 253.18772109985352 36.979385646820056 0
v 247.66013793945314 37.18941427612304 0
v 242.1689433288574 37.537393421173086 0
v 236.715830078125 38.021630615234365 0
v 231.30249099731446 38.64043339157104 0
v 225.9306188964844 39.39210928344726 0
v 220.60190658569337 40.274965824127186 0
v 215.318046875 41.287310546875 0
v 210.0807325744629 42.42745098495483 0
v 204.89165649414065 43.69369467163085 0
v 199.7525114440918 45.084349140167234 0
v 194.664990234375 46.59772192382811 0
v 189.63078567504883 48.23212055587768 0
v 184.65159057617188 49.98585256958007 0
v 179.72909774780274 51.857225498199455 0
v 174.865 53.84454687499999 0
v 170.06099014282225 55.94612423324585 0
v 165.31876098632813 58.160265106201166 0
v 160.64000534057615 60.485277027130124 0
v 156.02641601562502 62.919467529296874 0
v 151.47968582153322 65.46114414596558 0
v 147.00150756835941 68.10861441040038 0
v 142.5935740661621 70.86018585586548 0
v 138.25757812499998 73.714166015625 0
v 133.99521255493164 76.6688624229431 0
v 129.80817016601563 79.72258261108398 0
v 125.69814376831056 82.87363411331177 0
v 121.66682617187502 86.12032446289062 0
v 117.71591018676757 89.46096119308471 0
v 113.84708862304689 92.8938518371582 0
v 110.06205429077148 96.41730392837525 0
v 106.36250000000001 100.029625 0
v 102.75011856079102 103.72912258529664 0
v 99.22660278320313 107.51410421752931 0
v 95.79364547729492 111.38287742996215 0
v 92.45293945312501 115.33374975585937 0
v 89.20617752075196 119.3650287284851 0
v 86.05505249023439 123.47502188110352 0
v 83.00125717163087 127.66203674697876 0
v 80.046484375 131.924380859375 0
v 77.19242691040039 136.2603617515564 0
v 74.44077758789064 140.66828695678709 0
v 71.7932292175293 145.1464640083313 0
v 69.25147460937501 149.6932004394531 0
v 66.81720657348633 154.30680378341674 0
v 64.49211791992188 158.98558157348631 0
v 62.277901458740246 163.727841342926 0
v 60.17625000000001 168.531890625 0
v 58.188856353759775 173.3960369529724 0
v 56.31741333007814 178.3185878601074 0
v 54.56361373901369 183.29785087966917 0
v 52.92915039062501 188.33213354492187 0
v 51.41571609497071 193.41974338912962 0
v 50.025003662109384 198.55898794555662 0
v 48.75870590209962 203.74817474746703 0
v 47.618515625000015 208.98561132812497 0
v 46.60612564086915 214.2696052207947 0
v 45.72322875976564 219.5984639587402 0
v 44.971517791748056 224.9704950752258 0
v 44.35268554687501 230.3840061035156 0
v 43.86842483520508 235.83730457687378 0
v 43.520428466796886 241.32869802856445 0
v 43.310389251709 246.85649399185178 0
v 43.24000000000001 252.41899999999998 0
v 43.24000000000001 252.41899999999998 0
v 43.31038564682008 257.9815060081482 0
v 43.520414276123056 263.5093019714355 0
v 43.868393421173096 269.0006954231262 0
v 44.35263061523438 274.45399389648435 0
v 44.971433391571054 279.8675049247742 0
v 45.72310928344728 285.2395360412597 0
v 46.6059658241272 290.56839477920533 0
v 47.61831054687501 295.85238867187496 0
v 48.75845098495485 301.08982525253293 0
v 50.02469467163087 306.2790120544433 0
v 51.415349140167244 311.41825661087034 0
v 52.92872192382813 316.5058664550781 0
v 54.563120555877695 321.54014912033074 0
v 56.31685256958009 326.5194121398925 0
v 58.18822549819947 331.44196304702757 0
v 60.17554687500001 336.30610937499995 0
v 62.27712423324586 341.11015865707395 0
v 64.49126510620118 345.8524184265137 0
v 66.81627702713014 350.5311962165832 0
v 69.25046752929688 355.14479956054686 0
v 71.79214414596558 359.6915359916687 0
v 74.4396144104004 364.1697130432128 0
v 77.19118585586548 368.5776382484436 0
v 80.04516601562501 372.913619140625 0
v 82.99986242294312 377.1759632530212 0
v 86.053582611084 381.3629781188965 0
v 89.20463411331178 385.4729712715149 0
v 92.45132446289064 389.5042502441406 0
v 95.79196119308473 393.45512257003776 0
v 99.22485183715821 397.3238957824707 0
v 102.74830392837526 401.1088774147033 0
v 106.36062500000001 404.80837499999996 0
v 110.06012258529665 408.42069607162466 0
v 113.84510421752931 411.9441481628417 0
v 117.71387742996217 415.37703880691527 0
v 121.66474975585939 418.7176755371093 0
v 125.69602872848512 421.96436588668814 0
v 129.8060218811035 425.11541738891594 0
v 133.99303674697876 428.16913757705686 0
v 138.255380859375 431.123833984375 0
v 142.5913617515564 433.97781414413447 0
v 146.99928695678713 436.7293855895996 0
v 151.4774640083313 439.3768558540344 0
v 156.02420043945312 441.9185324707031 0
v 160.63780378341676 444.35272297286986 0
v 165.31658157348633 446.6777348937988 0
v 170.05884134292603 448.8918757667541 0
v 174.862890625 450.993453125 0
v 179.7270369529724 452.9807745018005 0
v 184.64958786010743 454.8521474304199 0
v 189.6288508796692 456.60587944412225 0
v 194.6631335449219 458.2402780761718 0
v 199.75074338912964 459.7536508598327 0
v 204.88998794555664 461.1443053283691 0
v 210.07917474746705 462.41054901504515 0
v 215.31661132812502 463.55068945312496 0
v 220.60060522079468 464.56303417587276 0
v 225.92946395874023 465.4458907165527 0
v 231.30149507522583 466.19756660842893 0
v 236.71500610351563 466.8163693847656 0
v 242.16830457687377 467.3006065788269 0
v 247.65969802856446 467.6485857238769 0
v 253.1874939918518 467.85861435317986 0
v 258.75 467.929 0
v 258.75 467.929 0
v 264.3125060081482 467.85861435317986 0
v 269.8403019714355 467.6485857238769 0
v 275.3316954231262 467.3006065788269 0
v 280.78499389648437 466.8163693847656 0
v 286.19850492477417 466.19756660842893 0
v 291.57053604125974 465.4458907165527 0
v 296.89939477920535 464.5630341758727 0
v 302.183388671875 463.55068945312496 0
v 307.420825252533 462.41054901504515 0
v 312.61001205444336 461.14430532836906 0
v 317.7492566108703 459.7536508598327 0
v 322.8368664550781 458.2402780761719 0
v 327.87114912033076 456.60587944412225 0
v 332.85041213989257 454.8521474304199 0
v 337.7729630470276 452.98077450180045 0
v 342.63710937499997 450.993453125 0
v 347.44115865707397 448.89187576675414 0
v 352.18341842651364 446.6777348937988 0
v 356.86219621658324 444.35272297286986 0
v 361.4757995605469 441.9185324707031 0
v 366.0225359916687 439.3768558540344 0
v 370.50071304321284 436.72938558959953 0
v 374.9086382484436 433.97781414413447 0
v 379.24461914062493 431.1238339843749 0
v 383.50696325302124 428.16913757705686 0
v 387.6939781188965 425.11541738891594 0
v 391.80397127151485 421.9643658866882 0
v 395.8352502441406 418.7176755371093 0
v 399.7861225700378 415.37703880691527 0
v 403.6548957824707 411.94414816284177 0
v 407.43987741470335 408.4206960716247 0
v 411.139375 404.80837499999996 0
v 414.7516960716248 401.1088774147033 0
v 418.2751481628418 397.3238957824707 0
v 421.7080388069153 393.4551225700378 0
v 425.0486755371094 389.5042502441406 0
v 428.29536588668816 385.47297127151484 0
v 431.44641738891596 381.3629781188965 0
v 434.5001375770569 377.17596325302117 0
v 437.454833984375 372.913619140625 0
v 440.30881414413454 368.5776382484436 0
v 443.0603855895996 364.1697130432128 0
v 445.7078558540344 359.6915359916687 0
v 448.2495324707031 355.14479956054686 0
v 450.6837229728699 350.5311962165832 0
v 453.0087348937988 345.8524184265136 0
v 455.2228757667541 341.11015865707395 0
v 457.324453125 336.30610937499995 0
v 459.3117745018005 331.44196304702757 0
v 461.1831474304199 326.51941213989255 0
v 462.93687944412227 321.54014912033074 0
v 464.5712780761719 316.50586645507803 0
v 466.0846508598328 311.41825661087034 0
v 467.47530532836913 306.27901205444334 0
v 468.74154901504517 301.08982525253293 0
v 469.881689453125 295.85238867187496 0
v 470.8940341758728 290.5683947792053 0
v 471.77689071655277 285.2395360412597 0
v 472.52856660842895 279.86750492477415 0
v 473.1473693847656 274.45399389648435 0
v 473.6316065788269 269.0006954231262 0
v 473.97958572387694 263.50930197143555 0
v 474.18961435317993 257.9815060081482 0
v 474.26 252.41899999999998 0
v 474.26 252.41899999999998 0
v 474.189610748291 246.8564939918518 0
v 473.9795715332031 241.32869802856442 0
v 473.6315751647949 235.83730457687378 0
v 473.147314453125 230.3840061035156 0
v 472.52848220825194 224.97049507522584 0
v 471.7767712402344 219.5984639587402 0
v 470.8938743591308 214.2696052207947 0
v 469.881484375 208.98561132812497 0
v 468.7412940979004 203.74817474746703 0
v 467.4749963378906 198.55898794555662 0
v 466.0842839050293 193.41974338912965 0
v 464.57084960937505 188.33213354492185 0
v 462.93638626098635 183.29785087966917 0
v 461.1825866699219 178.3185878601074 0
v 459.3111436462402 173.3960369529724 0
v 457.32375 168.531890625 0
v 455.22209854125975 163.727841342926 0
v 453.0078820800781 158.98558157348631 0
v 450.6827934265137 154.30680378341677 0
v 448.248525390625 149.69320043945314 0
v 445.7067707824707 145.14646400833126 0
v 443.0592224121094 140.6682869567871 0
v 440.3075730895996 136.2603617515564 0
v 437.453515625 131.924380859375 0
v 434.49874282836913 127.66203674697876 0
v 431.4449475097656 123.4750218811035 0
v 428.293822479248 119.3650287284851 0
v 425.04706054687495 115.33374975585937 0
v 421.70635452270506 111.38287742996216 0
v 418.27339721679687 107.5141042175293 0
v 414.74988143920893 103.72912258529664 0
v 411.1375 100.029625 0
v 407.43794570922853 96.41730392837523 0
v 403.6529113769531 92.8938518371582 0
v 399.7840898132324 89.4609611930847 0
v 395.833173828125 86.12032446289061 0
v 391.80185623168944 82.87363411331177 0
v 387.69182983398434 79.72258261108396 0
v 383.50478744506836 76.6688624229431 0
v 379.242421875 73.714166015625 0
v 374.90642593383785 70.86018585586547 0
v 370.4984924316406 68.10861441040039 0
v 366.0203141784668 65.46114414596556 0
v 361.47358398437495 62.919467529296874 0
v 356.8599946594238 60.485277027130124 0
v 352.18123901367187 58.160265106201166 0
v 347.4390098571777 55.94612423324584 0
v 342.635 53.84454687499999 0
v 337.77090225219723 51.857225498199455 0
v 332.8484094238281 49.985852569580075 0
v 327.86921432495114 48.23212055587767 0
v 322.835009765625 46.59772192382812 0
v 317.7474885559082 45.084349140167234 0
v 312.60834350585935 43.69369467163085 0
v 307.4192674255371 42.42745098495483 0
v 302.18195312499995 41.28731054687499 0
v 296.89809341430663 40.274965824127186 0
v 291.56938110351564 39.392109283447255 0
v 286.19750900268554 38.64043339157104 0
v 280.784169921875 38.021630615234365 0
v 275.33105667114256 37.53739342117309 0
v 269.83986206054686 37.189414276123046 0
v 264.3122789001465 36.979385646820056 0
v 258.75 36.90899999999999 0
v 258.75 36.90899999999999 0
v 258.75 36.908874999999995 0
v 258.75 36.90874999999999 0
v 258.75 36.908624999999994 0
v 258.75 36.90849999999999 0
v 258.75 36.90837499999999 0
v 258.75 36.908249999999995 0
v 258.75 36.90812499999999 0
v 258.75 36.907999999999994 0
v 258.75 36.907999999999994 0
v 258.75 36.90812499999999 0
v 258.75 36.908249999999995 0
v 258.75 36.90837499999999 0
v 258.75 36.90849999999999 0
v 258.75 36.908624999999994 0
v 258.75 36.90874999999999 0
v 258.75 36.908874999999995 0
v 258.75 36.90899999999999 0
v 258.75 449.979 0
v 253.65085193634033 449.9144729614257 0
v 248.58350494384766 449.72192626953125 0
v 243.54951107025147 449.40291156005856 0
v 238.55042236328126 448.95898046875 0
v 233.5877908706665 448.39168463134763 0
v 228.66316864013675 447.7025756835937 0
v 223.7781077194214 446.89320526123043 0
v 218.93416015625 445.965125 0
v 214.13287799835206 444.9198865356445 0
v 209.37581329345704 443.75904150390625 0
v 204.66451808929443 442.4841415405273 0
v 200.00054443359375 441.09673828124994 0
v 195.38544437408444 439.59838336181633 0
v 190.8207699584961 437.99062841796876 0
v 186.3080732345581 436.2750250854492 0
v 181.84890625 434.45312499999994 0
v 177.44482105255128 432.5264797973632 0
v 173.09736968994136 430.4966411132812 0
v 168.80810420989988 428.3651605834961 0
v 164.57857666015624 426.13358984375 0
v 160.41033908843994 423.8034805297851 0
v 156.30494354248046 421.37638427734373 0
v 152.26394207000735 418.85385272216797 0
v 148.28888671875 416.2374375 0
v 144.381329536438 413.528690246582 0
v 140.54282257080078 410.7291625976562 0
v 136.77491786956784 407.84040618896483 0
v 133.07916748046875 404.86397265625 0
v 129.45712345123292 401.8014136352538 0
v 125.91033782958984 398.6542807617188 0
v 122.44036266326904 395.42412567138666 0
v 119.04875000000001 392.1125 0
v 115.73705188751221 388.7209553833007 0
v 112.50682037353516 385.2510434570312 0
v 109.35960750579834 381.7043158569336 0
v 106.29696533203126 378.08232421875 0
v 103.32044589996337 374.38662017822264 0
v 100.43160125732422 370.61875537109376 0
v 97.63198345184327 366.7802814331055 0
v 94.92314453125 362.87275 0
v 92.30663654327392 358.8977127075195 0
v 89.78401153564454 354.85672119140617 0
v 87.35682155609132 350.7513270874024 0
v 85.02661865234376 346.58308203124994 0
v 82.79495487213134 342.3535376586914 0
v 80.66338226318359 338.0642456054687 0
v 78.63345287322998 333.7167575073242 0
v 76.70671875 329.312625 0
v 74.88473194122315 324.85339971923827 0
v 73.1690444946289 320.3406333007812 0
v 71.56120845794678 315.77587738037107 0
v 70.06277587890625 311.1606835937499 0
v 68.67529880523682 306.4966035766601 0
v 67.40032928466798 301.78518896484377 0
v 66.2394193649292 297.02799139404294 0
v 65.19412109375 292.2265625 0
v 64.26598651885988 287.38245391845703 0
v 63.45656768798829 282.49721728515624 0
v 62.76741664886475 277.5724042358398 0
v 62.20008544921876 272.60956640625 0
v 61.7561261367798 267.6102554321289 0
v 61.437090759277346 262.5760229492187 0
v 61.244531364440924 257.5084205932617 0
v 61.18000000000001 252.409 0
v 61.18000000000001 252.409 0
v 61.244531364440924 247.3095866546631 0
v 61.437090759277346 242.2420057373047 0
v 61.75612613677979 237.20780842590332 0
v 62.200085449218754 232.2085458984375 0
v 62.76741664886475 227.24576933288574 0
v 63.45656768798829 222.32102990722657 0
v 64.26598651885988 217.43587879943848 0
v 65.19412109375001 212.5918671875 0
v 66.2394193649292 207.79054624938962 0
v 67.40032928466798 203.03346716308593 0
v 68.67529880523682 198.32218110656737 0
v 70.06277587890627 193.65823925781248 0
v 71.56120845794679 189.0431927947998 0
v 73.1690444946289 184.47859289550783 0
v 74.88473194122315 179.96599073791504 0
v 76.70671875 175.5069375 0
v 78.63345287322998 171.10298435974124 0
v 80.66338226318359 166.75568249511718 0
v 82.79495487213134 162.46658308410645 0
v 85.02661865234376 158.23723730468748 0
v 87.35682155609132 154.06919633483886 0
v 89.78401153564454 149.96401135253907 0
v 92.30663654327392 145.9232335357666 0
v 94.92314453125 141.9484140625 0
v 97.63198345184327 138.04110411071775 0
v 100.43160125732422 134.2028548583984 0
v 103.32044589996337 130.4352174835205 0
v 106.29696533203125 126.73974316406249 0
v 109.35960750579835 123.11798307800294 0
v 112.50682037353516 119.57148840332032 0
v 115.7370518875122 116.10181031799317 0
v 119.04875 112.7105 0
v 122.44036266326904 109.39910862731934 0
v 125.91033782958984 106.16918737792969 0
v 129.45712345123292 103.02228742980955 0
v 133.07916748046875 99.95995996093748 0
v 136.77491786956784 96.98375614929199 0
v 140.54282257080078 94.09522717285155 0
v 144.381329536438 91.29592420959472 0
v 148.28888671875 88.58739843749998 0
v 152.26394207000732 85.97120103454589 0
v 156.3049435424805 83.44888317871093 0
v 160.41033908843994 81.02199604797363 0
v 164.57857666015624 78.69209082031249 0
v 168.8081042098999 76.46071867370605 0
v 173.0973696899414 74.3294307861328 0
v 177.44482105255128 72.29977833557128 0
v 181.84890625 70.3733125 0
v 186.3080732345581 68.55158445739745 0
v 190.8207699584961 66.83614538574218 0
v 195.38544437408444 65.22854646301268 0
v 200.00054443359375 63.7303388671875 0
v 204.66451808929443 62.343073776245106 0
v 209.37581329345704 61.068302368164055 0
v 214.13287799835206 59.907575820922844 0
v 218.93416015625 58.862445312499986 0
v 223.77810771942137 57.934462020874015 0
v 228.66316864013672 57.12517712402342 0
v 233.5877908706665 56.436141799926745 0
v 238.55042236328126 55.86890722656249 0
v 243.54951107025147 55.42502458190917 0
v 248.58350494384766 55.1060450439453 0
v 253.65085193634033 54.9135197906494 0
v 258.75 54.84899999999999 0
v 258.75 54.84899999999999 0
v 263.84914806365964 54.91352703857421 0
v 268.9164950561523 55.10607373046874 0
v 273.95048892974853 55.42508843994139 0
v 278.94957763671874 55.86901953124999 0
v 283.9122091293335 56.43631536865234 0
v 288.8368313598633 57.125424316406246 0
v 293.72189228057863 57.93479473876952 0
v 298.56583984375 58.862874999999995 0
v 303.36712200164794 59.90811346435546 0
v 308.12418670654296 61.06895849609374 0
v 312.83548191070554 62.34385845947264 0
v 317.49945556640625 63.73126171874999 0
v 322.1145556259155 65.22961663818359 0
v 326.6792300415039 66.83737158203125 0
v 331.19192676544185 68.55297491455077 0
v 335.65109375000003 70.37487499999999 0
v 340.0551789474488 72.30152020263671 0
v 344.40263031005856 74.33135888671875 0
v 348.69189579010003 76.4628394165039 0
v 352.9214233398437 78.69441015624999 0
v 357.08966091156003 81.02451947021484 0
v 361.1950564575195 83.45161572265623 0
v 365.2360579299926 85.97414727783203 0
v 369.21111328125005 88.59056249999999 0
v 373.118670463562 91.29930975341796 0
v 376.9571774291992 94.09883740234373 0
v 380.72508213043216 96.98759381103514 0
v 384.42083251953125 99.96402734375 0
v 388.0428765487671 103.0265863647461 0
v 391.5896621704101 106.17371923828124 0
v 395.05963733673093 109.40387432861326 0
v 398.45125 112.71549999999999 0
v 401.76294811248783 116.10704461669921 0
v 404.9931796264649 119.57695654296876 0
v 408.1403924942017 123.1236841430664 0
v 411.2030346679688 126.74567578124999 0
v 414.1795541000366 130.44137982177733 0
v 417.06839874267575 134.20924462890625 0
v 419.86801654815673 138.0477185668945 0
v 422.57685546875 141.95524999999998 0
v 425.1933634567261 145.93028729248044 0
v 427.7159884643555 149.97127880859375 0
v 430.1431784439087 154.07667291259764 0
v 432.4733813476563 158.24491796874997 0
v 434.70504512786863 162.4744623413086 0
v 436.8366177368164 166.76375439453125 0
v 438.86654712677 171.11124249267579 0
v 440.79328124999995 175.515375 0
v 442.6152680587769 179.9746002807617 0
v 444.3309555053711 184.48736669921874 0
v 445.9387915420532 189.0521226196289 0
v 447.4372241210938 193.66731640625 0
v 448.8247011947632 198.33139642333984 0
v 450.0996707153321 203.04281103515623 0
v 451.2605806350708 207.80000860595703 0
v 452.30587890625003 212.60143749999997 0
v 453.2340134811402 217.44554608154297 0
v 454.04343231201176 222.33078271484374 0
v 454.73258335113525 227.25559576416015 0
v 455.29991455078124 232.21843359374998 0
v 455.74387386322024 237.21774456787108 0
v 456.06290924072266 242.25197705078125 0
v 456.25546863555905 247.31957940673826 0
v 456.32 252.41899999999998 0
v 456.32 252.41899999999998 0
v 456.25546863555905 257.5184133453369 0
v 456.06290924072266 262.5859942626953 0
v 455.74387386322024 267.6201915740967 0
v 455.29991455078124 272.6194541015625 0
v 454.73258335113525 277.5822306671143 0
v 454.04343231201176 282.50697009277343 0
v 453.23401348114015 287.3921212005615 0
v 452.30587890625003 292.2361328125 0
v 451.2605806350708 297.0374537506103 0
v 450.0996707153321 301.794532836914 0
v 448.82470119476324 306.50581889343266 0
v 447.4372241210938 311.16976074218746 0
v 445.9387915420532 315.7848072052002 0
v 444.3309555053711 320.3494071044922 0
v 442.6152680587769 324.86200926208494 0
v 440.79328124999995 329.3210624999999 0
v 438.86654712677006 333.7250156402588 0
v 436.8366177368164 338.0723175048828 0
v 434.70504512786863 342.3614169158935 0
v 432.4733813476563 346.5907626953125 0
v 430.1431784439087 350.7588036651611 0
v 427.7159884643555 354.8639886474609 0
v 425.1933634567261 358.9047664642334 0
v 422.57685546875 362.87958593749994 0
v 419.86801654815673 366.7868958892822 0
v 417.06839874267575 370.62514514160154 0
v 414.1795541000366 374.39278251647954 0
v 411.2030346679688 378.0882568359375 0
v 408.14039249420165 381.71001692199707 0
v 404.9931796264649 385.2565115966797 0
v 401.76294811248783 388.7261896820068 0
v 398.45124999999996 392.11749999999995 0
v 395.05963733673093 395.42889137268065 0
v 391.5896621704101 398.6588126220703 0
v 388.0428765487671 401.8057125701904 0
v 384.42083251953125 404.8680400390625 0
v 380.72508213043216 407.84424385070804 0
v 376.9571774291992 410.73277282714844 0
v 373.118670463562 413.53207579040526 0
v 369.21111328125 416.2406015625 0
v 365.2360579299926 418.85679896545406 0
v 361.1950564575195 421.379116821289 0
v 357.08966091156003 423.80600395202634 0
v 352.9214233398437 426.1359091796875 0
v 348.6918957901001 428.36728132629395 0
v 344.4026303100586 430.4985692138672 0
v 340.0551789474487 432.52822166442866 0
v 335.65109375 434.4546875 0
v 331.19192676544185 436.27641554260254 0
v 326.6792300415039 437.9918546142578 0
v 322.1145556259155 439.59945353698726 0
v 317.49945556640625 441.0976611328125 0
v 312.83548191070554 442.4849262237549 0
v 308.12418670654296 443.75969763183593 0
v 303.36712200164794 444.92042417907714 0
v 298.56583984375 445.9655546875 0
v 293.7218922805786 446.89353797912594 0
v 288.83683135986325 447.70282287597655 0
v 283.9122091293335 448.3918582000732 0
v 278.94957763671874 448.9590927734375 0
v 273.95048892974853 449.4029754180908 0
v 268.91649505615237 449.7219549560547 0
v 263.84914806365964 449.9144802093506 0
v 258.75 449.979 0
v 614.23 24.202 0
v 611.5014874725342 24.23652640914917 0
v 608.7900032958984 24.339552093505862 0
v 606.0963775787353 24.51024673843384 0
v 603.4214404296874 24.747780029296877 0
v 600.7660219573975 25.05132165145874 0
v 598.1309522705078 25.420041290283205 0
v 595.5170614776613 25.853108631134035 0
v 592.9251796875 26.349693359375 0
v 590.3561370086671 26.908965160369878 0
v 587.8107635498047 27.530093719482423 0
v 585.2898894195557 28.21224872207642 0
v 582.7943447265625 28.954599853515628 0
v 580.3249595794679 29.75631679916382 0
v 577.882564086914 30.616569244384767 0
v 575.467988357544 31.53452687454224 0
v 573.0820625 32.509359375 0
v 570.7256166229247 33.540236431121826 0
v 568.399480834961 34.626327728271484 0
v 566.104485244751 35.76680295181274 0
v 563.8414599609375 36.96083178710938 0
v 561.6112350921632 38.20758391952515 0
v 559.4146407470704 39.50622903442383 0
v 557.2525070343019 40.85593681716919 0
v 555.1256640624999 42.255876953125004 0
v 553.0349419403076 43.70521912765503 0
v 550.9811707763672 45.20313302612304 0
v 548.9651806793213 46.748788333892826 0
v 546.9878017578125 48.34135473632813 0
v 545.0498641204833 49.98000191879272 0
v 543.1521978759765 51.66389956665039 0
v 541.2956331329345 53.3922173652649 0
v 539.4810000000001 55.164125 0
v 537.7091285858155 56.97879215621949 0
v 535.9808489990236 58.83538851928712 0
v 534.2969913482666 60.73308377456665 0
v 532.6583857421875 62.671047607421876 0
v 531.0658622894287 64.64844970321656 0
v 529.5202510986328 66.66445974731445 0
v 528.0223822784424 68.71824742507935 0
v 526.5730859375001 70.808982421875 0
v 525.1731921844482 72.93583442306519 0
v 523.8235311279298 75.09797311401368 0
v 522.524932876587 77.29456818008424 0
v 521.2782275390625 79.52478930664063 0
v 520.084245223999 81.78780617904664 0
v 518.9438160400391 84.08278848266602 0
v 517.8577700958252 86.40890590286256 0
v 516.8269375 88.76532812500001 0
v 515.8521483612061 91.15122483444215 0
v 514.934232788086 93.56576571655273 0
v 514.0740208892823 96.00812045669556 0
v 513.2723427734376 98.47745874023437 0
v 512.5300285491944 100.97295025253297 0
v 511.84790832519536 103.49376467895509 0
v 511.22681221008304 106.03907170486451 0
v 510.66757031250006 108.60804101562499 0
v 510.17101274108893 111.19984229660035 0
v 509.73796960449226 113.8136452331543 0
v 509.3692710113526 116.44861951065064 0
v 509.06574707031257 119.10393481445313 0
v 508.82822789001466 121.77876082992555 0
v 508.65754357910157 124.47226724243164 0
v 508.55452424621586 127.18362373733521 0
v 508.52000000000004 129.912 0
v 508.52000000000004 129.912 0
v 508.5545264091492 132.6403762626648 0
v 508.6575520935059 135.35173275756836 0
v 508.82824673843385 138.04523917007447 0
v 509.06578002929695 140.72006518554687 0
v 509.36932165145885 143.37538048934937 0
v 509.73804129028326 146.0103547668457 0
v 510.17110863113413 148.62415770339967 0
v 510.66769335937505 151.21595898437502 0
v 511.2269651603699 153.7849282951355 0
v 511.84809371948245 156.3302353210449 0
v 512.5302487220765 158.85104974746704 0
v 513.2725998535158 161.34654125976564 0
v 514.0743167991639 163.81587954330445 0
v 514.9345692443849 166.25823428344725 0
v 515.8525268745423 168.67277516555785 0
v 516.827359375 171.058671875 0
v 517.8582364311219 173.41509409713746 0
v 518.9443277282716 175.741211517334 0
v 520.0848029518128 178.0361938209534 0
v 521.2788317871094 180.29921069335938 0
v 522.5255839195252 182.52943181991577 0
v 523.8242290344239 184.72602688598633 0
v 525.1739368171693 186.88816557693482 0
v 526.573876953125 189.015017578125 0
v 528.023219127655 191.10575257492064 0
v 529.521133026123 193.15954025268556 0
v 531.0667883338929 195.17555029678346 0
v 532.6593547363282 197.15295239257816 0
v 534.2980019187927 199.09091622543338 0
v 535.9818995666504 200.98861148071288 0
v 537.710217365265 202.84520784378054 0
v 539.482125 204.65987500000003 0
v 541.2967921562195 206.43178263473513 0
v 543.1533885192871 208.1601004333496 0
v 545.0510837745667 209.8439980812073 0
v 546.9890476074219 211.48264526367188 0
v 548.9664497032165 213.07521166610718 0
v 550.9824597473145 214.62086697387696 0
v 553.0362474250794 216.11878087234498 0
v 555.126982421875 217.568123046875 0
v 557.2538344230652 218.96806318283083 0
v 559.4159731140137 220.3177709655762 0
v 561.6125681800843 221.61641608047486 0
v 563.8427893066406 222.86316821289063 0
v 566.1058061790467 224.05719704818725 0
v 568.400788482666 225.19767227172855 0
v 570.7269059028625 226.2837635688782 0
v 573.083328125 227.314640625 0
v 575.4692248344422 228.28947312545776 0
v 577.8837657165527 229.20743075561523 0
v 580.3261204566957 230.0676832008362 0
v 582.7954587402344 230.8694001464844 0
v 585.290950252533 231.6117512779236 0
v 587.8117646789551 232.2939062805176 0
v 590.3570717048646 232.91503483963012 0
v 592.9260410156251 233.474306640625 0
v 595.5178422966003 233.97089136886598 0
v 598.1316452331544 234.40395870971682 0
v 600.7666195106507 234.7726783485413 0
v 603.4219348144532 235.07621997070314 0
v 606.0967608299255 235.31375326156618 0
v 608.7902672424316 235.48444790649415 0
v 611.5016237373352 235.58747359085083 0
v 614.23 235.622 0
v 614.23 235.622 0
v 616.9583762626647 235.58747359085083 0
v 619.6697327575685 235.48444790649413 0
v 622.3632391700744 235.31375326156618 0
v 625.0380651855468 235.07621997070314 0
v 627.6933804893494 234.7726783485413 0
v 630.3283547668457 234.4039587097168 0
v 632.9421577033996 233.97089136886598 0
v 635.5339589843751 233.474306640625 0
v 638.1029282951355 232.9150348396301 0
v 640.6482353210449 232.29390628051758 0
v 643.169049747467 231.6117512779236 0
v 645.6645412597655 230.86940014648437 0
v 648.1338795433045 230.0676832008362 0
v 650.5762342834473 229.20743075561523 0
v 652.9907751655578 228.28947312545776 0
v 655.3766718749999 227.314640625 0
v 657.7330940971375 226.28376356887821 0
v 660.059211517334 225.19767227172852 0
v 662.3541938209535 224.05719704818725 0
v 664.6172106933594 222.86316821289063 0
v 666.8474318199159 221.61641608047486 0
v 669.0440268859863 220.3177709655762 0
v 671.2061655769347 218.96806318283083 0
v 673.333017578125 217.568123046875 0
v 675.4237525749207 216.11878087234498 0
v 677.4775402526856 214.62086697387693 0
v 679.4935502967835 213.07521166610718 0
v 681.4709523925782 211.48264526367186 0
v 683.4089162254334 209.8439980812073 0
v 685.306611480713 208.1601004333496 0
v 687.1632078437806 206.4317826347351 0
v 688.977875 204.65987500000003 0
v 690.7497826347351 202.8452078437805 0
v 692.4781004333496 200.98861148071288 0
v 694.1619980812073 199.09091622543335 0
v 695.8006452636719 197.15295239257813 0
v 697.3932116661072 195.17555029678346 0
v 698.9388669738771 193.15954025268553 0
v 700.4367808723451 191.10575257492067 0
v 701.8861230468751 189.01501757812503 0
v 703.2860631828308 186.88816557693485 0
v 704.6357709655762 184.72602688598636 0
v 705.9344160804749 182.52943181991577 0
v 707.1811682128907 180.29921069335938 0
v 708.3751970481873 178.03619382095337 0
v 709.5156722717286 175.74121151733402 0
v 710.6017635688783 173.41509409713746 0
v 711.632640625 171.05867187500002 0
v 712.6074731254578 168.67277516555788 0
v 713.5254307556153 166.25823428344728 0
v 714.3856832008362 163.81587954330445 0
v 715.1874001464845 161.34654125976564 0
v 715.9297512779236 158.85104974746707 0
v 716.6119062805176 156.33023532104494 0
v 717.2330348396301 153.78492829513553 0
v 717.792306640625 151.21595898437502 0
v 718.2888913688661 148.6241577033997 0
v 718.7219587097168 146.01035476684572 0
v 719.0906783485414 143.37538048934937 0
v 719.3942199707031 140.7200651855469 0
v 719.6317532615662 138.0452391700745 0
v 719.8024479064942 135.35173275756839 0
v 719.9054735908509 132.64037626266483 0
v 719.94 129.91200000000003 0
v 719.94 129.91200000000003 0
v 719.9054800796509 127.18362373733524 0
v 719.8024734497071 124.47226724243167 0
v 719.6318098068238 121.77876082992557 0
v 719.3943188476562 119.10393481445317 0
v 719.0908302688599 116.44861951065067 0
v 718.7221737670899 113.81364523315433 0
v 718.2891790390014 111.19984229660038 0
v 717.7926757812501 108.60804101562503 0
v 717.2334936904907 106.03907170486455 0
v 716.612462463379 103.49376467895513 0
v 715.9304117965698 100.972950252533 0
v 715.1881713867189 98.47745874023443 0
v 714.3865709304811 96.0081204566956 0
v 713.5264401245117 93.56576571655276 0
v 712.6086086654664 91.15122483444219 0
v 711.6339062500001 88.76532812500005 0
v 710.6031625747681 86.40890590286259 0
v 709.5172073364258 84.08278848266606 0
v 708.3768702316283 81.78780617904668 0
v 707.1829809570313 79.52478930664067 0
v 705.9363692092896 77.29456818008427 0
v 704.6378646850586 75.09797311401373 0
v 703.2882970809936 72.93583442306523 0
v 701.8884960937502 70.80898242187504 0
v 700.439291419983 68.7182474250794 0
v 698.9415127563477 66.66445974731451 0
v 697.3959897994996 64.64844970321661 0
v 695.8035522460939 62.671047607421926 0
v 694.1650297927857 60.7330837745667 0
v 692.4812521362305 58.83538851928716 0
v 690.7530489730835 56.978792156219534 0
v 688.98125 55.16412500000005 0
v 687.1666849136353 53.39221736526494 0
v 685.3101834106446 51.66389956665044 0
v 683.4125751876832 49.98000191879277 0
v 681.4746899414063 48.34135473632818 0
v 679.4973573684692 46.74878833389287 0
v 677.4814071655273 45.2031330261231 0
v 675.4276690292359 43.70521912765508 0
v 673.33697265625 42.255876953125046 0
v 671.2101477432252 40.85593681716924 0
v 669.0480239868165 39.506229034423875 0
v 666.8514310836792 38.20758391952519 0
v 664.6211987304688 36.96083178710942 0
v 662.3581566238404 35.76680295181279 0
v 660.0631344604492 34.626327728271534 0
v 657.7369619369507 33.540236431121876 0
v 655.3804687500001 32.509359375000045 0
v 652.9944845962525 31.53452687454228 0
v 650.5798391723633 30.616569244384806 0
v 648.1373621749879 29.756316799163862 0
v 645.6678833007813 28.954599853515667 0
v 643.1722322463991 28.21224872207646 0
v 640.6512387084961 27.530093719482466 0
v 638.1057323837281 26.908965160369917 0
v 635.53654296875 26.349693359375042 0
v 632.9445001602173 25.853108631134077 0
v 630.3304336547852 25.420041290283244 0
v 627.6951731491089 25.05132165145878 0
v 625.0395483398438 24.747780029296912 0
v 622.364388923645 24.510246738433878 0
v 619.670524597168 24.339552093505898 0
v 616.9587850570679 24.23652640914921 0
v 614.23 24.20200000000004 0
v 614.23 226.832 0
v 611.7286117248536 226.800347076416 0
v 609.2428293457032 226.70589575195308 0
v 606.7734140319824 226.5494071960449 0
v 604.321126953125 226.33164257812498 0
v 601.8867292785645 226.05336306762698 0
v 599.4709821777344 225.71532983398438 0
v 597.0746468200684 225.31830404663083 0
v 594.698484375 224.863046875 0
v 592.3432560119629 224.3503194885254 0
v 590.0097229003906 223.78088305664062 0
v 587.6986462097167 223.1554987487793 0
v 585.4107871093751 222.47492773437497 0
v 583.1469067687989 221.7399311828613 0
v 580.9077663574219 220.95127026367186 0
v 578.6941270446777 220.10970614624023 0
v 576.5067499999999 219.21599999999998 0
v 574.3463963928223 218.27091299438476 0
v 572.2138273925782 217.27520629882812 0
v 570.1098041687012 216.22964108276366 0
v 568.035087890625 215.13497851562502 0
v 565.9904397277832 213.9919797668457 0
v 563.9766208496094 212.80140600585938 0
v 561.9943924255372 211.5640184020996 0
v 560.044515625 210.28057812499998 0
v 558.1277516174316 208.95184634399413 0
v 556.2448615722657 207.5785842285156 0
v 554.3966066589355 206.16155294799805 0
v 552.5837480468749 204.701513671875 0
v 550.8070469055175 203.19922756958007 0
v 549.0672644042969 201.65545581054687 0
v 547.3651617126465 200.07095956420898 0
v 545.7015 198.44650000000001 0
v 544.0770404357911 196.7828382873535 0
v 542.4925441894532 195.08073559570312 0
v 540.9487724304199 193.34095309448242 0
v 539.446486328125 191.564251953125 0
v 537.986447052002 189.75139334106444 0
v 536.5694157714845 187.90313842773438 0
v 535.1961536560059 186.02024838256838 0
v 533.867421875 184.103484375 0
v 532.5839815979004 182.1536075744629 0
v 531.3465939941406 180.17137915039064 0
v 530.1560202331543 178.1575602722168 0
v 529.013021484375 176.112912109375 0
v 527.9183589172363 174.03819583129882 0
v 526.8727937011719 171.93417260742189 0
v 525.8770870056153 169.80160360717775 0
v 524.932 167.64125 0
v 524.0382938537598 165.45387295532225 0
v 523.1967297363282 163.24023364257812 0
v 522.4080688171387 161.0010932312012 0
v 521.673072265625 158.73721289062502 0
v 520.9925012512207 156.44935379028323 0
v 520.3671169433594 154.13827709960935 0
v 519.7976805114746 151.8047439880371 0
v 519.284953125 149.449515625 0
v 518.8296959533692 147.07335317993164 0
v 518.4326701660157 144.6770178222656 0
v 518.0946369323731 142.26127072143555 0
v 517.816357421875 139.826873046875 0
v 517.5985928039551 137.37458596801758 0
v 517.4421042480469 134.90517065429688 0
v 517.3476529235841 132.4193882751465 0
v 517.316 129.918 0
v 517.316 129.918 0
v 517.347652923584 127.41661172485352 0
v 517.4421042480469 124.93082934570313 0
v 517.5985928039552 122.46141403198243 0
v 517.816357421875 120.009126953125 0
v 518.0946369323731 117.57472927856446 0
v 518.4326701660157 115.15898217773437 0
v 518.8296959533691 112.76264682006837 0
v 519.284953125 110.38648437500001 0
v 519.7976805114746 108.0312560119629 0
v 520.3671169433594 105.69772290039063 0
v 520.9925012512207 103.3866462097168 0
v 521.673072265625 101.098787109375 0
v 522.4080688171387 98.83490676879882 0
v 523.1967297363282 96.59576635742188 0
v 524.0382938537598 94.38212704467774 0
v 524.9320000000001 92.19475 0
v 525.8770870056153 90.03439639282226 0
v 526.872793701172 87.90182739257814 0
v 527.9183589172363 85.79780416870119 0
v 529.013021484375 83.723087890625 0
v 530.1560202331543 81.67843972778321 0
v 531.3465939941406 79.66462084960939 0
v 532.5839815979004 77.68239242553712 0
v 533.867421875 75.732515625 0
v 535.1961536560059 73.81575161743164 0
v 536.5694157714844 71.93286157226564 0
v 537.986447052002 70.08460665893556 0
v 539.446486328125 68.271748046875 0
v 540.94877243042 66.49504690551758 0
v 542.4925441894532 64.75526440429688 0
v 544.0770404357911 63.0531617126465 0
v 545.7015 61.389500000000005 0
v 547.3651617126465 59.76504043579102 0
v 549.0672644042969 58.18054418945312 0
v 550.8070469055176 56.636772430419924 0
v 552.583748046875 55.134486328125 0
v 554.3966066589355 53.67444705200195 0
v 556.2448615722657 52.25741577148438 0
v 558.1277516174316 50.884153656005864 0
v 560.044515625 49.55542187500001 0
v 561.9943924255372 48.2719815979004 0
v 563.9766208496094 47.03459399414063 0
v 565.9904397277833 45.84402023315431 0
v 568.035087890625 44.701021484375005 0
v 570.1098041687012 43.606358917236335 0
v 572.2138273925782 42.56079370117188 0
v 574.3463963928223 41.56508700561524 0
v 576.50675 40.620000000000005 0
v 578.6941270446778 39.72629385375977 0
v 580.9077663574219 38.884729736328126 0
v 583.1469067687988 38.09606881713867 0
v 585.410787109375 37.36107226562501 0
v 587.6986462097168 36.680501251220704 0
v 590.0097229003907 36.05511694335938 0
v 592.3432560119629 35.48568051147461 0
v 594.698484375 34.972953125000004 0
v 597.0746468200683 34.51769595336914 0
v 599.4709821777344 34.12067016601563 0
v 601.8867292785644 33.78263693237305 0
v 604.321126953125 33.50435742187501 0
v 606.7734140319824 33.28659280395509 0
v 609.2428293457031 33.13010424804688 0
v 611.7286117248535 33.03565292358399 0
v 614.23 33.004000000000005 0
v 614.23 33.004000000000005 0
v 616.7313882751464 33.03565292358399 0
v 619.217170654297 33.130104248046884 0
v 621.6865859680177 33.28659280395509 0
v 624.138873046875 33.50435742187501 0
v 626.5732707214355 33.782636932373045 0
v 628.9890178222656 34.120670166015636 0
v 631.3853531799316 34.51769595336914 0
v 633.7615156249999 34.97295312500001 0
v 636.1167439880371 35.48568051147461 0
v 638.4502770996095 36.05511694335938 0
v 640.7613537902834 36.680501251220704 0
v 643.049212890625 37.361072265625005 0
v 645.3130932312012 38.09606881713868 0
v 647.5522336425781 38.88472973632813 0
v 649.7658729553223 39.72629385375977 0
v 651.95325 40.62000000000001 0
v 654.1136036071778 41.56508700561524 0
v 656.2461726074218 42.56079370117188 0
v 658.3501958312988 43.606358917236335 0
v 660.424912109375 44.701021484375005 0
v 662.4695602722168 45.8440202331543 0
v 664.4833791503908 47.03459399414063 0
v 666.465607574463 48.2719815979004 0
v 668.4154843749999 49.55542187500001 0
v 670.3322483825684 50.884153656005864 0
v 672.2151384277345 52.257415771484375 0
v 674.0633933410645 53.67444705200195 0
v 675.876251953125 55.13448632812501 0
v 677.6529530944824 56.63677243041993 0
v 679.3927355957031 58.18054418945313 0
v 681.0948382873535 59.76504043579102 0
v 682.7585 61.389500000000005 0
v 684.382959564209 63.0531617126465 0
v 685.9674558105469 64.75526440429688 0
v 687.5112275695801 66.49504690551758 0
v 689.013513671875 68.271748046875 0
v 690.4735529479981 70.08460665893556 0
v 691.8905842285158 71.93286157226562 0
v 693.2638463439941 73.81575161743164 0
v 694.592578125 75.732515625 0
v 695.8760184020996 77.68239242553712 0
v 697.1134060058594 79.66462084960938 0
v 698.3039797668457 81.6784397277832 0
v 699.446978515625 83.72308789062501 0
v 700.5416410827637 85.79780416870118 0
v 701.5872062988282 87.90182739257813 0
v 702.5829129943847 90.03439639282226 0
v 703.528 92.19475 0
v 704.4217061462402 94.38212704467774 0
v 705.2632702636718 96.59576635742188 0
v 706.0519311828614 98.83490676879883 0
v 706.786927734375 101.09878710937501 0
v 707.4674987487792 103.3866462097168 0
v 708.0928830566406 105.69772290039063 0
v 708.6623194885253 108.0312560119629 0
v 709.1750468749999 110.38648437500001 0
v 709.6303040466308 112.76264682006837 0
v 710.0273298339844 115.15898217773437 0
v 710.365363067627 117.57472927856446 0
v 710.643642578125 120.009126953125 0
v 710.8614071960449 122.46141403198243 0
v 711.0178957519531 124.93082934570313 0
v 711.1123470764161 127.41661172485352 0
v 711.144 129.918 0
v 711.144 129.918 0
v 711.1123543014527 132.41938537597656 0
v 711.0179242553711 134.9051591796875 0
v 710.8614704360962 137.37456042480468 0
v 710.6437534179688 139.826828125 0
v 710.3655337753296 142.26120129394533 0
v 710.0275720825196 144.67691894531248 0
v 709.6306289138793 147.07322009277345 0
v 709.17546484375 149.44934375 0
v 708.6628404464722 151.80452893066408 0
v 708.0935162963867 154.13801464843752 0
v 707.4682529678344 156.44903991699218 0
v 706.7878110351562 158.73684375000002 0
v 706.0529510726927 161.00066516113282 0
v 705.2644336547851 163.2397431640625 0
v 704.4230193557739 165.45331677246094 0
v 703.52946875 167.64062500000003 0
v 702.5845424118041 169.80090686035157 0
v 701.5890009155273 171.93340136718749 0
v 700.5436048355102 174.03734753417967 0
v 699.4491147460938 176.11198437500002 0
v 698.3062912216186 178.15655090332035 0
v 697.1158948364257 180.17028613281252 0
v 695.8786861648559 182.15242907714844 0
v 694.59542578125 184.10221875000002 0
v 693.2668742599487 186.01889416503906 0
v 691.893792175293 187.90169433593752 0
v 690.4769401016235 189.7498582763672 0
v 689.0170786132812 191.562625 0
v 687.5149682846069 193.33923352050783 0
v 685.9713696899414 195.0789228515625 0
v 684.3870434036255 196.78093200683594 0
v 682.7627500000001 198.4445 0
v 681.0992500534057 200.0688658447266 0
v 679.3973041381836 201.6532685546875 0
v 677.6576728286743 203.1969471435547 0
v 675.8811166992189 204.69914062499998 0
v 674.0683963241577 206.15908801269532 0
v 672.220272277832 207.5760283203125 0
v 670.3375051345826 208.94920056152344 0
v 668.42085546875 210.27784375000002 0
v 666.4710838546753 211.56119689941406 0
v 664.4889508666993 212.7984990234375 0
v 662.4752170791626 213.9889891357422 0
v 660.4306430664062 215.13190625 0
v 658.355989402771 216.22648937988282 0
v 656.2520166625977 217.2719775390625 0
v 654.119485420227 218.26760974121095 0
v 651.95915625 219.212625 0
v 649.7717897262573 220.10626232910158 0
v 647.5581464233398 220.94776074218748 0
v 645.3189869155883 221.7363592529297 0
v 643.0550717773438 222.471296875 0
v 640.7671615829468 223.15181262207034 0
v 638.4560169067383 223.77714550781252 0
v 636.1223983230591 224.34653454589846 0
v 633.76706640625 224.85921875 0
v 631.3907817306518 225.31443713378906 0
v 628.9943048706054 225.71142871093753 0
v 626.5783964004517 226.04943249511717 0
v 624.1438168945313 226.3276875 0
v 621.6913269271852 226.54543273925782 0
v 619.2216870727539 226.7019072265625 0
v 616.7356579055786 226.79634997558594 0
v 614.234 226.828 0
v 614.234 226.828 0
v 614.2335 226.8285 0
v 614.2330000000001 226.829 0
v 614.2325000000001 226.8295 0
v 614.232 226.82999999999998 0
v 614.2315 226.8305 0
v 614.231 226.831 0
v 614.2305 226.8315 0
v 614.23 226.832 0
v 614.23 25.202 0
v 616.9284908027648 25.23626664733887 0
v 619.6103795471192 25.33851403808594 0
v 622.274837612152 25.507913345336917 0
v 624.9210363769531 25.7436357421875 0
v 627.5481472206116 26.044852401733397 0
v 630.1553415222168 26.41073449707031 0
v 632.7417906608581 26.840453201293947 0
v 635.3066660156251 27.3331796875 0
v 637.8491389656066 27.888085128784184 0
v 640.3683808898926 28.50434069824219 0
v 642.863563167572 29.181117568969732 0
v 645.3338571777343 29.9175869140625 0
v 647.778434299469 30.712919906616214 0
v 650.1964659118653 31.566287719726564 0
v 652.5871233940125 32.47686152648926 0
v 654.949578125 33.4438125 0
v 657.2830014839172 34.466311813354494 0
v 659.5865648498536 35.54353063964844 0
v 661.8594396018983 36.674640151977535 0
v 664.1007971191406 37.858811523437495 0
v 666.3098087806702 39.09521592712402 0
v 668.4856459655763 40.383024536132815 0
v 670.627480052948 41.72140852355957 0
v 672.7344824218751 43.1095390625 0
v 674.8058244514466 44.5465873260498 0
v 676.840677520752 46.031724487304686 0
v 678.8382130088806 47.56412171936035 0
v 680.797602294922 49.1429501953125 0
v 682.7180167579652 50.76738108825684 0
v 684.5986277770996 52.43658557128907 0
v 686.4386067314148 54.14973481750489 0
v 688.2371250000001 55.906000000000006 0
v 689.9933539619446 57.70455229187012 0
v 691.7064649963379 59.54456286621094 0
v 693.3756294822695 61.42520289611817 0
v 695.0000187988281 63.345643554687506 0
v 696.5788043251039 65.30505601501466 0
v 698.1111574401857 67.30261145019531 0
v 699.596249523163 69.3374810333252 0
v 701.033251953125 71.40883593750002 0
v 702.4213361091614 73.51584733581544 0
v 703.7596733703614 75.65768640136719 0
v 705.0474351158142 77.83352430725098 0
v 706.2837927246094 80.04253222656251 0
v 707.4679175758362 82.28388133239747 0
v 708.598981048584 84.55674279785157 0
v 709.6761545219422 86.86028779602051 0
v 710.698609375 89.19368750000001 0
v 711.665516986847 91.55611308288574 0
v 712.5760487365724 93.94673571777344 0
v 713.4293760032655 96.3647265777588 0
v 714.2246701660157 98.8092568359375 0
v 714.9611026039124 101.27949766540527 0
v 715.637844696045 103.77462023925781 0
v 716.2540678215028 106.29379573059083 0
v 716.808943359375 108.8361953125 0
v 717.3016426887514 111.40099015808107 0
v 717.7313371887208 113.98735144042969 0
v 718.0971982383729 116.59445033264161 0
v 718.3983972167969 119.2214580078125 0
v 718.6341055030823 121.8675456390381 0
v 718.8034944763184 124.53188439941407 0
v 718.9057355155945 127.21364546203614 0
v 718.94 129.912 0
v 718.94 129.912 0
v 718.9057333526612 132.61035453796387 0
v 718.8034859619141 135.29211560058596 0
v 718.6340866546632 137.9564543609619 0
v 718.3983642578125 140.6025419921875 0
v 718.0971475982667 143.2295496673584 0
v 717.7312655029297 145.8366485595703 0
v 717.301546798706 148.42300984191897 0
v 716.8088203125001 150.98780468750002 0
v 716.2539148712158 153.5302042694092 0
v 715.6376593017578 156.0493797607422 0
v 714.9608824310303 158.54450233459474 0
v 714.2244130859376 161.01474316406254 0
v 713.4290800933838 163.4592734222412 0
v 712.5757122802735 165.87726428222655 0
v 711.6651384735108 168.26788691711428 0
v 710.6981875000001 170.6303125 0
v 709.6756881866456 172.9637122039795 0
v 708.5984693603516 175.26725720214847 0
v 707.4673598480224 177.54011866760254 0
v 706.2831884765626 179.78146777343753 0
v 705.046784072876 181.99047569274904 0
v 703.7589754638672 184.16631359863285 0
v 702.4205914764404 186.30815266418458 0
v 701.0324609375001 188.41516406250003 0
v 699.5954126739502 190.4865189666748 0
v 698.1102755126954 192.5213885498047 0
v 696.5778782806398 194.51894398498536 0
v 694.9990498046876 196.47835644531253 0
v 693.3746189117433 198.39879710388186 0
v 691.705414428711 200.2794371337891 0
v 689.9922651824952 202.11944770812988 0
v 688.2360000000001 203.91800000000003 0
v 686.4374477081299 205.67426518249513 0
v 684.5974371337891 207.38741442871094 0
v 682.7167971038818 209.05661891174316 0
v 680.7963564453125 210.68104980468752 0
v 678.8369439849854 212.25987828063964 0
v 676.8393885498048 213.7922755126953 0
v 674.8045189666749 215.2774126739502 0
v 672.7331640625 216.7144609375 0
v 670.6261526641846 218.10259147644044 0
v 668.4843135986329 219.4409754638672 0
v 666.308475692749 220.728784072876 0
v 664.0994677734376 221.9651884765625 0
v 661.8581186676026 223.14935984802247 0
v 659.5852572021485 224.28046936035156 0
v 657.2817122039795 225.35768818664553 0
v 654.9483125 226.38018750000003 0
v 652.5858869171143 227.34713847351077 0
v 650.1952642822266 228.25771228027344 0
v 647.7772734222413 229.1110800933838 0
v 645.3327431640625 229.90641308593752 0
v 642.8625023345948 230.64288243103027 0
v 640.3673797607422 231.31965930175784 0
v 637.8482042694092 231.9359148712158 0
v 635.3058046875001 232.4908203125 0
v 632.741009841919 232.98354679870607 0
v 630.1546485595703 233.4132655029297 0
v 627.5475496673585 233.77914759826663 0
v 624.9205419921875 234.0803642578125 0
v 622.274454360962 234.3160866546631 0
v 619.6101156005859 234.48548596191407 0
v 616.9283545379639 234.58773335266116 0
v 614.23 234.622 0
v 614.23 234.622 0
v 611.5316454620362 234.58773627471925 0
v 608.849884399414 234.48549761962892 0
v 606.185545639038 234.31611281585694 0
v 603.5394580078125 234.08041064453124 0
v 600.9124503326416 233.77921988677983 0
v 598.3053514404297 233.41336932373048 0
v 595.7189901580812 232.98368773651126 0
v 593.1541953125001 232.49100390625 0
v 590.6117957305909 231.93614661407466 0
v 588.0926202392578 231.31994464111327 0
v 585.5974976654053 230.64322676849366 0
v 583.1272568359375 229.90682177734374 0
v 580.6827265777589 229.11155844879153 0
v 578.2647357177734 228.25826556396484 0
v 575.8741130828857 227.34777190399168 0
v 573.5116875 226.38090625 0
v 571.1782877960204 225.35849738311768 0
v 568.8747427978516 224.28137408447267 0
v 566.6018813323974 223.15036513519286 0
v 564.3605322265626 221.96629931640626 0
v 562.151524307251 220.73000540924073 0
v 559.9756864013673 219.44231219482424 0
v 557.8338473358154 218.10404845428468 0
v 555.7268359374999 216.71604296875 0
v 553.6554810333253 215.27912451934816 0
v 551.6206114501954 213.79412188720704 0
v 549.6230560150146 212.2618638534546 0
v 547.6636435546875 210.68317919921876 0
v 545.7432028961182 209.05889670562746 0
v 543.862562866211 207.3898451538086 0
v 542.02255229187 205.67685332489012 0
v 540.224 203.92075 0
v 538.467734817505 202.1223639602661 0
v 536.7545855712891 200.28252398681641 0
v 535.0853810882568 198.4020588607788 0
v 533.4609501953125 196.48179736328126 0
v 531.8821217193604 194.52256827545165 0
v 530.3497244873047 192.52520037841794 0
v 528.8645873260498 190.4905224533081 0
v 527.4275390625 188.41936328125 0
v 526.0394085235596 186.3125516433716 0
v 524.7010245361329 184.17091632080079 0
v 523.4132159271239 181.99528609466554 0
v 522.1768115234376 179.78648974609376 0
v 520.9926401519776 177.5453560562134 0
v 519.8615306396484 175.27271380615235 0
v 518.7843118133545 172.9693917770386 0
v 517.7618125 170.63621875 0
v 516.7948615264893 168.27402350616455 0
v 515.8842877197267 165.88363482666017 0
v 515.0309199066163 163.46588149261476 0
v 514.2355869140625 161.02159228515626 0
v 513.4991175689698 158.55159598541263 0
v 512.8223406982422 156.05672137451174 0
v 512.2060851287841 153.53779723358156 0
v 511.6511796875 150.99565234375 0
v 511.15845320129404 148.43111548614505 0
v 510.7287344970704 145.84501544189456 0
v 510.36285240173345 143.2381809921265 0
v 510.0616357421876 140.61144091796876 0
v 509.82591334533697 137.96562400054933 0
v 509.65651403808596 135.3015590209961 0
v 509.5542666473389 132.62007476043703 0
v 509.52000000000004 129.92200000000003 0
v 509.52000000000004 129.92200000000003 0
v 509.5542637634278 127.2239107437134 0
v 509.6565026855469 124.54238360595706 0
v 509.82588821411133 121.87824828338624 0
v 510.06159179687506 119.23233447265628 0
v 510.3627848815919 116.60547187042239 0
v 510.7286389160157 113.99849017333987 0
v 511.1583253479005 111.412219078064 0
v 511.65101562500007 108.84748828125002 0
v 512.2058811950683 106.30512747955325 0
v 512.8220935058594 103.78596636962895 0
v 513.4988240051271 101.29083464813235 0
v 514.2352441406251 98.82056201171879 0
v 515.0305253601075 96.37597815704348 0
v 515.8838391113281 93.95791278076175 0
v 516.794356842041 91.56719557952884 0
v 517.76125 89.20465625000003 0
v 518.783690032959 86.87112448883059 0
v 519.8608483886719 84.56742999267581 0
v 520.9918965148926 82.29440245819094 0
v 522.176005859375 80.05287158203129 0
v 523.412347869873 77.84366706085207 0
v 524.7000939941406 75.66761859130864 0
v 526.0384156799317 73.52555587005618 0
v 527.4264843750001 71.41830859375003 0
v 528.8634715270996 69.34670645904544 0
v 530.3485485839844 67.3115791625977 0
v 531.8808869934082 65.31375640106205 0
v 533.4596582031251 63.35406787109379 0
v 535.0840336608887 61.433343269348185 0
v 536.7531848144531 59.5524122924805 0
v 538.4662831115722 57.71210463714603 0
v 540.2225000000001 55.91325000000003 0
v 542.0210069274902 54.15667807769778 0
v 543.8609753417969 52.443218566894565 0
v 545.7415766906738 50.77370116424564 0
v 547.661982421875 49.14895556640628 0
v 549.6213639831543 47.569811470031766 0
v 551.6188928222657 46.03709857177738 0
v 553.6537403869629 44.55164656829836 0
v 555.725078125 43.11428515625003 0
v 557.8320774841309 41.725844032287625 0
v 559.9739099121094 40.387152893066435 0
v 562.1497468566895 39.09904143524173 0
v 564.358759765625 37.86233935546878 0
v 566.6001200866699 36.67787635040286 0
v 568.8729992675782 35.546482116699245 0
v 571.1765687561035 34.46898635101321 0
v 573.51 33.44621875000003 0
v 575.8724644470215 32.47900901031497 0
v 578.2631335449219 31.568186828613307 0
v 580.6811787414551 30.714581901550325 0
v 583.125771484375 29.919023925781275 0
v 585.5960832214356 29.18234259796145 0
v 588.0912854003907 28.50536761474612 0
v 590.6105494689941 27.888928672790556 0
v 593.153046875 27.333855468750027 0
v 595.7179490661622 26.84097769927981 0
v 598.3044274902344 26.411125061035186 0
v 600.9116535949707 26.045127250671413 0
v 603.538798828125 25.743813964843774 0
v 606.1850346374512 25.508014900207545 0
v 608.8495324707031 25.338559753417996 0
v 611.5314637756347 25.236278221130398 0
v 614.23 25.202000000000027 0
v 614.23 25.202000000000027 0
v 614.23 25.202250000000028 0
v 614.23 25.202500000000025 0
v 614.23 25.202750000000027 0
v 614.23 25.203000000000024 0
v 614.23 25.203250000000025 0
v 614.23 25.203500000000027 0
v 614.23 25.203750000000024 0
v 614.23 25.204000000000025 0
v 614.23 25.204000000000025 0
v 614.23 25.20375000000002 0
v 614.23 25.20350000000002 0
v 614.23 25.20325000000002 0
v 614.23 25.203000000000014 0
v 614.23 25.20275000000001 0
v 614.23 25.202500000000008 0
v 614.23 25.202250000000006 0
v 614.23 25.202 0
v 614.23 227.832 0
v 616.7532795333861 227.7999582595825 0
v 619.261039001465 227.70434967041012 0
v 621.7525034561158 227.54594918060303 0
v 624.2268979492187 227.32553173828123 0
v 626.6834475326538 227.04387229156495 0
v 629.1213772583009 226.70174578857421 0
v 631.5399121780396 226.29992717742917 0
v 633.93827734375 225.83919140625 0
v 636.3156978073121 225.32031342315676 0
v 638.6713986206055 224.74406817626954 0
v 641.0046048355103 224.1112306137085 0
v 643.3145415039063 223.42257568359372 0
v 645.6004336776733 222.6788783340454 0
v 647.8615064086914 221.8809135131836 0
v 650.0969847488404 221.02945616912842 0
v 652.3060937500001 220.12528125 0
v 654.4880584640504 219.16916370391846 0
v 656.6421039428711 218.16187847900392 0
v 658.7674552383423 217.10420052337642 0
v 660.8633374023437 215.99690478515626 0
v 662.9289754867553 214.84076621246336 0
v 664.9635945434571 213.63655975341794 0
v 666.9664196243286 212.38506035614014 0
v 668.93667578125 211.08704296874998 0
v 670.8735880661011 209.74328253936767 0
v 672.7763815307618 208.35455401611327 0
v 674.6442812271118 206.92163234710694 0
v 676.4765122070313 205.44529248046874 0
v 678.2722995223999 203.92630936431883 0
v 680.0308682250976 202.36545794677733 0
v 681.7514433670044 200.76351317596436 0
v 683.43325 199.12124999999997 0
v 685.0755131759644 197.43944336700437 0
v 686.6774579467773 195.71886822509765 0
v 688.2383093643189 193.9602995223999 0
v 689.7572924804688 192.16451220703124 0
v 691.233632347107 190.33228122711182 0
v 692.6665540161134 188.4643815307617 0
v 694.0552825393677 186.56158806610105 0
v 695.39904296875 184.62467578125 0
v 696.6970603561401 182.65441962432863 0
v 697.948559753418 180.651594543457 0
v 699.1527662124633 178.61697548675534 0
v 700.3089047851562 176.55133740234373 0
v 701.4162005233765 174.45545523834227 0
v 702.4738784790039 172.3301039428711 0
v 703.4811637039185 170.17605846405027 0
v 704.43728125 167.99409375 0
v 705.3414561691284 165.78498474884032 0
v 706.1929135131836 163.5495064086914 0
v 706.9908783340454 161.28843367767334 0
v 707.7345756835937 159.00254150390626 0
v 708.4232306137085 156.69260483551022 0
v 709.0560681762695 154.35939862060548 0
v 709.6323134231568 152.003697807312 0
v 710.15119140625 149.62627734375 0
v 710.6119271774292 147.22791217803956 0
v 711.0137457885742 144.80937725830077 0
v 711.355872291565 142.3714475326538 0
v 711.6375317382813 139.91489794921876 0
v 711.857949180603 137.44050345611572 0
v 712.0163496704101 134.94903900146485 0
v 712.1119582595826 132.44127953338625 0
v 712.144 129.918 0
v 712.144 129.918 0
v 712.1119582595826 127.39472046661378 0
v 712.0163496704101 124.88696099853517 0
v 711.8579491806031 122.39549654388428 0
v 711.6375317382813 119.92110205078126 0
v 711.355872291565 117.4645524673462 0
v 711.0137457885743 115.02662274169923 0
v 710.611927177429 112.60808782196047 0
v 710.15119140625 110.20972265625002 0
v 709.6323134231567 107.832302192688 0
v 709.0560681762695 105.47660137939454 0
v 708.4232306137085 103.14339516448976 0
v 707.7345756835938 100.83345849609375 0
v 706.9908783340453 98.54756632232667 0
v 706.1929135131836 96.28649359130861 0
v 705.3414561691284 94.05101525115968 0
v 704.4372812500001 91.84190625000001 0
v 703.4811637039185 89.65994153594971 0
v 702.473878479004 87.50589605712894 0
v 701.4162005233763 85.38054476165773 0
v 700.3089047851562 83.28466259765626 0
v 699.1527662124633 81.21902451324465 0
v 697.948559753418 79.18440545654299 0
v 696.6970603561401 77.1815803756714 0
v 695.39904296875 75.21132421875001 0
v 694.0552825393677 73.27441193389895 0
v 692.6665540161133 71.3716184692383 0
v 691.233632347107 69.50371877288819 0
v 689.7572924804688 67.67148779296876 0
v 688.2383093643188 65.87570047760012 0
v 686.6774579467773 64.11713177490236 0
v 685.0755131759644 62.396556632995626 0
v 683.43325 60.714750000000016 0
v 681.7514433670043 59.07248682403566 0
v 680.0308682250977 57.470542053222665 0
v 678.2722995223999 55.90969063568116 0
v 676.4765122070312 54.390707519531254 0
v 674.6442812271118 52.91436765289308 0
v 672.7763815307617 51.48144598388673 0
v 670.8735880661011 50.092717460632336 0
v 668.93667578125 48.74895703125001 0
v 666.9664196243286 47.450939643859876 0
v 664.963594543457 46.199440246582036 0
v 662.9289754867553 44.995233787536634 0
v 660.8633374023437 43.839095214843766 0
v 658.7674552383423 42.73179947662354 0
v 656.6421039428711 41.6741215209961 0
v 654.4880584640503 40.666836296081556 0
v 652.30609375 39.71071875000001 0
v 650.0969847488403 38.80654383087159 0
v 647.8615064086914 37.95508648681641 0
v 645.6004336776734 37.1571216659546 0
v 643.3145415039063 36.413424316406264 0
v 641.0046048355102 35.72476938629151 0
v 638.6713986206055 35.09193182373048 0
v 636.3156978073121 34.515686576843265 0
v 633.9382773437501 33.99680859375 0
v 631.5399121780396 33.5360728225708 0
v 629.1213772583008 33.134254211425784 0
v 626.6834475326539 32.79212770843506 0
v 624.2268979492187 32.510468261718756 0
v 621.7525034561157 32.29005081939698 0
v 619.2610390014648 32.131650329589846 0
v 616.7532795333863 32.03604174041749 0
v 614.23 32.004000000000005 0
v 614.23 32.004000000000005 0
v 611.7067204666139 32.03604174041749 0
v 609.1989609985352 32.131650329589846 0
v 606.7074965438843 32.29005081939698 0
v 604.2331020507813 32.510468261718756 0
v 601.7765524673463 32.79212770843506 0
v 599.3386227416993 33.13425421142579 0
v 596.9200878219605 33.5360728225708 0
v 594.5217226562501 33.99680859375001 0
v 592.144302192688 34.515686576843265 0
v 589.7886013793945 35.09193182373047 0
v 587.4553951644897 35.7247693862915 0
v 585.1454584960939 36.41342431640626 0
v 582.8595663223267 37.1571216659546 0
v 580.5984935913086 37.95508648681641 0
v 578.3630152511596 38.80654383087158 0
v 576.15390625 39.710718750000005 0
v 573.9719415359497 40.66683629608155 0
v 571.8178960571289 41.6741215209961 0
v 569.6925447616577 42.73179947662354 0
v 567.5966625976563 43.83909521484375 0
v 565.5310245132447 44.99523378753663 0
v 563.496405456543 46.19944024658203 0
v 561.4935803756714 47.45093964385986 0
v 559.5233242187501 48.74895703125 0
v 557.586411933899 50.09271746063232 0
v 555.6836184692384 51.481445983886715 0
v 553.8157187728882 52.91436765289306 0
v 551.9834877929687 54.390707519531254 0
v 550.1877004776001 55.90969063568115 0
v 548.4291317749024 57.47054205322266 0
v 546.7085566329956 59.07248682403565 0
v 545.02675 60.71475 0
v 543.3844868240357 62.39655663299561 0
v 541.7825420532226 64.11713177490235 0
v 540.2216906356812 65.8757004776001 0
v 538.7027075195313 67.67148779296875 0
v 537.2263676528931 69.50371877288818 0
v 535.7934459838868 71.37161846923829 0
v 534.4047174606324 73.27441193389893 0
v 533.06095703125 75.21132421875001 0
v 531.7629396438599 77.18158037567139 0
v 530.5114402465821 79.18440545654298 0
v 529.3072337875367 81.21902451324465 0
v 528.1510952148437 83.28466259765625 0
v 527.0437994766236 85.38054476165772 0
v 525.9861215209961 87.50589605712892 0
v 524.9788362960816 89.65994153594971 0
v 524.02271875 91.84190625 0
v 523.1185438308717 94.05101525115967 0
v 522.2670864868164 96.28649359130858 0
v 521.4691216659546 98.54756632232667 0
v 520.7254243164062 100.83345849609375 0
v 520.0367693862916 103.14339516448975 0
v 519.4039318237305 105.47660137939454 0
v 518.8276865768432 107.83230219268799 0
v 518.30880859375 110.20972265625001 0
v 517.8480728225709 112.60808782196045 0
v 517.4462542114259 115.02662274169921 0
v 517.1041277084352 117.46455246734621 0
v 516.8224682617188 119.92110205078126 0
v 516.6020508193969 122.39549654388429 0
v 516.4436503295899 124.88696099853516 0
v 516.3480417404176 127.39472046661378 0
v 516.316 129.918 0
v 516.316 129.918 0
v 516.3480388412477 132.4412766342163 0
v 516.4436388549805 134.94902752685547 0
v 516.6020252761841 137.44047791290282 0
v 516.8224233398437 139.91485302734375 0
v 517.1040582809449 142.3713781051636 0
v 517.4461553344727 144.80927838134764 0
v 517.8479397354126 147.22777909088137 0
v 518.3086367187501 149.62610546875 0
v 518.8274715194702 152.003482749939 0
v 519.4036693725586 154.3591361694336 0
v 520.0364555130005 156.69229096221923 0
v 520.7250551757813 159.0021723632813 0
v 521.4686935958863 161.288005607605 0
v 522.2665960083008 163.54901593017578 0
v 523.1179876480103 165.78442856597903 0
v 524.0220937500001 167.99346875 0
v 524.9781395492554 170.17536171722412 0
v 525.9853502807617 172.32933270263672 0
v 527.0429511795045 174.45460694122315 0
v 528.1501674804688 176.55040966796875 0
v 529.3062244186401 178.6159661178589 0
v 530.510347229004 180.6505015258789 0
v 531.7617611465455 182.65324112701418 0
v 533.0596914062501 184.62341015625 0
v 534.4033632431031 186.56023384857178 0
v 535.7920018920898 188.46293743896484 0
v 537.2248325881959 190.33074616241458 0
v 538.7010805664063 192.16288525390627 0
v 540.2199710617066 193.9585799484253 0
v 541.7807293090821 195.71705548095704 0
v 543.3825805435181 197.43753708648683 0
v 545.02475 199.11925000000002 0
v 546.7064629135132 200.76141945648195 0
v 548.426944519043 202.36327069091797 0
v 550.1854200515747 203.92402893829347 0
v 551.9811147460938 205.44291943359374 0
v 553.8132538375855 206.9191674118042 0
v 555.6810625610352 208.3519981079102 0
v 557.5837661514282 209.74063675689698 0
v 559.52058984375 211.08430859375 0
v 561.4907588729858 212.3822388534546 0
v 563.4934984741211 213.6336527709961 0
v 565.5280338821412 214.8377755813599 0
v 567.5935903320312 215.99383251953128 0
v 569.6893930587769 217.1010488204956 0
v 571.8146672973633 218.15864971923833 0
v 573.9686382827759 219.16586045074467 0
v 576.15053125 220.12190625 0
v 578.3595714340211 221.02601235198978 0
v 580.5949840698242 221.87740399169923 0
v 582.855994392395 222.67530640411377 0
v 585.1418276367187 223.41894482421876 0
v 587.4517090377808 224.10754448699953 0
v 589.7848638305665 224.74033062744144 0
v 592.1405172500611 225.3165284805298 0
v 594.51789453125 225.83536328125 0
v 596.9162209091187 226.2960602645874 0
v 599.3347216186523 226.69784466552736 0
v 601.7726218948364 227.03994171905518 0
v 604.2291469726563 227.32157666015624 0
v 606.7035220870972 227.5419747238159 0
v 609.1949724731445 227.70036114501954 0
v 611.7027233657838 227.79596115875245 0
v 614.226 227.828 0
v 614.226 227.828 0
v 614.2265 227.8285 0
v 614.227 227.829 0
v 614.2275 227.8295 0
v 614.2280000000001 227.82999999999998 0
v 614.2285 227.8305 0
v 614.229 227.831 0
v 614.2295 227.8315 0
v 614.23 227.832 0
v 614.23 24.201999999999998 0
v 611.5014874725342 24.236526409149167 0
v 608.7900032958984 24.33955209350586 0
v 606.0963775787353 24.510246738433835 0
v 603.4214404296874 24.747780029296877 0
v 600.7660219573975 25.051321651458736 0
v 598.1309522705078 25.4200412902832 0
v 595.5170614776613 25.853108631134027 0
v 592.9251796875 26.349693359375 0
v 590.3561370086671 26.908965160369874 0
v 587.8107635498047 27.53009371948242 0
v 585.2898894195557 28.21224872207641 0
v 582.7943447265625 28.95459985351562 0
v 580.3249595794679 29.756316799163816 0
v 577.882564086914 30.616569244384767 0
v 575.467988357544 31.534526874542234 0
v 573.0820625 32.509359374999995 0
v 570.7256166229247 33.540236431121826 0
v 568.399480834961 34.626327728271484 0
v 566.104485244751 35.76680295181274 0
v 563.8414599609375 36.96083178710938 0
v 561.6112350921632 38.20758391952515 0
v 559.4146407470704 39.506229034423825 0
v 557.2525070343019 40.85593681716919 0
v 555.1256640624999 42.255876953125004 0
v 553.0349419403076 43.70521912765503 0
v 550.9811707763672 45.20313302612304 0
v 548.9651806793213 46.74878833389282 0
v 546.9878017578125 48.34135473632813 0
v 545.0498641204833 49.98000191879272 0
v 543.1521978759765 51.663899566650386 0
v 541.2956331329345 53.39221736526489 0
v 539.4810000000001 55.164125 0
v 537.7091285858155 56.978792156219484 0
v 535.9808489990236 58.83538851928711 0
v 534.2969913482666 60.73308377456665 0
v 532.6583857421875 62.67104760742187 0
v 531.0658622894287 64.64844970321656 0
v 529.5202510986328 66.66445974731445 0
v 528.0223822784424 68.71824742507934 0
v 526.5730859375001 70.80898242187499 0
v 525.1731921844482 72.93583442306517 0
v 523.8235311279298 75.09797311401367 0
v 522.524932876587 77.29456818008423 0
v 521.2782275390625 79.52478930664063 0
v 520.084245223999 81.78780617904663 0
v 518.9438160400391 84.08278848266602 0
v 517.8577700958252 86.40890590286254 0
v 516.8269375 88.765328125 0
v 515.8521483612061 91.15122483444213 0
v 514.934232788086 93.56576571655273 0
v 514.0740208892823 96.00812045669555 0
v 513.2723427734376 98.47745874023435 0
v 512.5300285491944 100.97295025253295 0
v 511.84790832519536 103.49376467895507 0
v 511.22681221008304 106.03907170486448 0
v 510.66757031250006 108.60804101562499 0
v 510.17101274108893 111.19984229660032 0
v 509.73796960449226 113.81364523315428 0
v 509.3692710113526 116.44861951065062 0
v 509.06574707031257 119.10393481445311 0
v 508.82822789001466 121.77876082992552 0
v 508.65754357910157 124.47226724243163 0
v 508.55452424621586 127.18362373733518 0
v 508.52000000000004 129.91199999999998 0
v 508.52000000000004 129.91199999999998 0
v 508.5545264091492 132.64037626266477 0
v 508.6575520935059 135.35173275756836 0
v 508.82824673843385 138.04523917007444 0
v 509.06578002929695 140.72006518554684 0
v 509.36932165145885 143.37538048934934 0
v 509.73804129028326 146.01035476684567 0
v 510.17110863113413 148.62415770339962 0
v 510.66769335937505 151.215958984375 0
v 511.2269651603699 153.78492829513547 0
v 511.84809371948245 156.3302353210449 0
v 512.5302487220765 158.85104974746702 0
v 513.2725998535158 161.34654125976556 0
v 514.0743167991639 163.81587954330442 0
v 514.9345692443849 166.25823428344722 0
v 515.8525268745423 168.67277516555782 0
v 516.827359375 171.05867187499996 0
v 517.8582364311219 173.41509409713743 0
v 518.9443277282716 175.74121151733397 0
v 520.0848029518128 178.03619382095334 0
v 521.2788317871094 180.29921069335933 0
v 522.5255839195252 182.52943181991574 0
v 523.8242290344239 184.72602688598633 0
v 525.1739368171693 186.88816557693477 0
v 526.573876953125 189.01501757812497 0
v 528.023219127655 191.10575257492064 0
v 529.521133026123 193.15954025268553 0
v 531.0667883338929 195.1755502967834 0
v 532.6593547363282 197.1529523925781 0
v 534.2980019187927 199.0909162254333 0
v 535.9818995666504 200.98861148071285 0
v 537.710217365265 202.84520784378046 0
v 539.482125 204.65987499999994 0
v 541.2967921562195 206.4317826347351 0
v 543.1533885192871 208.16010043334958 0
v 545.0510837745667 209.84399808120725 0
v 546.9890476074219 211.48264526367186 0
v 548.9664497032165 213.07521166610712 0
v 550.9824597473145 214.6208669738769 0
v 553.0362474250794 216.11878087234493 0
v 555.126982421875 217.56812304687497 0
v 557.2538344230652 218.96806318283078 0
v 559.4159731140137 220.31777096557613 0
v 561.6125681800843 221.61641608047483 0
v 563.8427893066406 222.86316821289057 0
v 566.1058061790467 224.05719704818722 0
v 568.400788482666 225.1976722717285 0
v 570.7269059028625 226.28376356887813 0
v 573.083328125 227.31464062499998 0
v 575.4692248344422 228.28947312545773 0
v 577.8837657165527 229.2074307556152 0
v 580.3261204566957 230.06768320083614 0
v 582.7954587402344 230.86940014648434 0
v 585.290950252533 231.61175127792356 0
v 587.8117646789551 232.29390628051755 0
v 590.3570717048646 232.9150348396301 0
v 592.9260410156251 233.47430664062497 0
v 595.5178422966003 233.97089136886592 0
v 598.1316452331544 234.40395870971673 0
v 600.7666195106507 234.7726783485412 0
v 603.4219348144532 235.0762199707031 0
v 606.0967608299255 235.31375326156612 0
v 608.7902672424316 235.4844479064941 0
v 611.5016237373352 235.58747359085078 0
v 614.23 235.62199999999996 0
v 614.23 235.62199999999996 0
v 616.9583762626647 235.58747359085078 0
v 619.6697327575685 235.48444790649407 0
v 622.3632391700744 235.31375326156612 0
v 625.0380651855468 235.0762199707031 0
v 627.6933804893494 234.7726783485412 0
v 630.3283547668457 234.40395870971673 0
v 632.9421577033996 233.9708913688659 0
v 635.5339589843751 233.47430664062497 0
v 638.1029282951355 232.9150348396301 0
v 640.6482353210449 232.29390628051758 0
v 643.169049747467 231.6117512779236 0
v 645.6645412597655 230.86940014648434 0
v 648.1338795433045 230.06768320083611 0
v 650.5762342834473 229.20743075561518 0
v 652.9907751655578 228.28947312545773 0
v 655.3766718749999 227.31464062499998 0
v 657.7330940971375 226.28376356887816 0
v 660.059211517334 225.19767227172846 0
v 662.3541938209535 224.05719704818722 0
v 664.6172106933594 222.8631682128906 0
v 666.8474318199159 221.6164160804748 0
v 669.0440268859863 220.31777096557613 0
v 671.2061655769347 218.96806318283078 0
v 673.333017578125 217.56812304687494 0
v 675.4237525749207 216.11878087234493 0
v 677.4775402526856 214.6208669738769 0
v 679.4935502967835 213.07521166610715 0
v 681.4709523925782 211.48264526367186 0
v 683.4089162254334 209.84399808120725 0
v 685.306611480713 208.16010043334958 0
v 687.1632078437806 206.43178263473507 0
v 688.977875 204.65987499999997 0
v 690.7497826347351 202.84520784378049 0
v 692.4781004333496 200.98861148071285 0
v 694.1619980812073 199.09091622543332 0
v 695.8006452636719 197.1529523925781 0
v 697.3932116661072 195.1755502967834 0
v 698.9388669738771 193.15954025268553 0
v 700.4367808723451 191.10575257492061 0
v 701.8861230468751 189.01501757812497 0
v 703.2860631828308 186.88816557693477 0
v 704.6357709655762 184.7260268859863 0
v 705.9344160804749 182.52943181991574 0
v 707.1811682128907 180.29921069335933 0
v 708.3751970481873 178.03619382095334 0
v 709.5156722717286 175.74121151733397 0
v 710.6017635688783 173.41509409713743 0
v 711.632640625 171.05867187499996 0
v 712.6074731254578 168.67277516555782 0
v 713.5254307556153 166.25823428344725 0
v 714.3856832008362 163.81587954330442 0
v 715.1874001464845 161.3465412597656 0
v 715.9297512779236 158.85104974746702 0
v 716.6119062805176 156.33023532104488 0
v 717.2330348396301 153.78492829513547 0
v 717.792306640625 151.215958984375 0
v 718.2888913688661 148.62415770339962 0
v 718.7219587097168 146.01035476684567 0
v 719.0906783485414 143.37538048934934 0
v 719.3942199707031 140.72006518554684 0
v 719.6317532615662 138.04523917007444 0
v 719.8024479064942 135.35173275756836 0
v 719.9054735908509 132.64037626266477 0
v 719.94 129.91199999999998 0
v 719.94 129.91199999999998 0
v 719.9054800796509 127.18362373733517 0
v 719.8024734497071 124.47226724243163 0
v 719.6318098068238 121.7787608299255 0
v 719.3943188476562 119.10393481445311 0
v 719.0908302688599 116.44861951065062 0
v 718.7221737670899 113.81364523315428 0
v 718.2891790390014 111.19984229660031 0
v 717.7926757812501 108.60804101562498 0
v 717.2334936904907 106.0390717048645 0
v 716.612462463379 103.49376467895507 0
v 715.9304117965698 100.97295025253295 0
v 715.1881713867189 98.47745874023437 0
v 714.3865709304811 96.00812045669555 0
v 713.5264401245117 93.56576571655273 0
v 712.6086086654664 91.15122483444213 0
v 711.6339062500001 88.765328125 0
v 710.6031625747681 86.40890590286254 0
v 709.5172073364258 84.08278848266602 0
v 708.3768702316283 81.78780617904661 0
v 707.1829809570313 79.52478930664061 0
v 705.9363692092896 77.29456818008421 0
v 704.6378646850586 75.09797311401367 0
v 703.2882970809936 72.93583442306517 0
v 701.8884960937502 70.80898242187499 0
v 700.439291419983 68.71824742507934 0
v 698.9415127563477 66.66445974731444 0
v 697.3959897994996 64.64844970321654 0
v 695.8035522460939 62.67104760742186 0
v 694.1650297927857 60.733083774566644 0
v 692.4812521362305 58.83538851928711 0
v 690.7530489730835 56.97879215621948 0
v 688.98125 55.16412499999999 0
v 687.1666849136353 53.392217365264884 0
v 685.3101834106446 51.66389956665038 0
v 683.4125751876832 49.98000191879272 0
v 681.4746899414063 48.341354736328114 0
v 679.4973573684692 46.74878833389281 0
v 677.4814071655273 45.203133026123034 0
v 675.4276690292359 43.70521912765502 0
v 673.33697265625 42.255876953125 0
v 671.2101477432252 40.85593681716918 0
v 669.0480239868165 39.50622903442382 0
v 666.8514310836792 38.207583919525135 0
v 664.6211987304688 36.960831787109356 0
v 662.3581566238404 35.76680295181273 0
v 660.0631344604492 34.62632772827148 0
v 657.7369619369507 33.54023643112181 0
v 655.3804687500001 32.50935937499999 0
v 652.9944845962525 31.534526874542223 0
v 650.5798391723633 30.616569244384756 0
v 648.1373621749879 29.756316799163805 0
v 645.6678833007813 28.95459985351561 0
v 643.1722322463991 28.212248722076403 0
v 640.6512387084961 27.53009371948241 0
v 638.1057323837281 26.90896516036986 0
v 635.53654296875 26.349693359374985 0
v 632.9445001602173 25.853108631134017 0
v 630.3304336547852 25.420041290283187 0
v 627.6951731491089 25.05132165145872 0
v 625.0395483398438 24.74778002929686 0
v 622.364388923645 24.510246738433825 0
v 619.670524597168 24.339552093505844 0
v 616.9587850570679 24.236526409149153 0
v 614.23 24.201999999999984 0
v 614.23 24.201999999999984 0
v 614.23 24.202249999999985 0
v 614.23 24.202499999999983 0
v 614.23 24.202749999999984 0
v 614.23 24.20299999999998 0
v 614.23 24.203249999999983 0
v 614.23 24.203499999999984 0
v 614.23 24.20374999999998 0
v 614.23 24.203999999999983 0
v 614.23 24.203999999999983 0
v 614.23 24.203749999999985 0
v 614.23 24.203499999999988 0
v 614.23 24.20324999999999 0
v 614.23 24.20299999999999 0
v 614.23 24.20274999999999 0
v 614.23 24.202499999999993 0
v 614.23 24.202249999999996 0
v 614.23 24.201999999999998 0
v 614.23 226.832 0
v 611.7286117248536 226.800347076416 0
v 609.2428293457032 226.70589575195308 0
v 606.7734140319824 226.5494071960449 0
v 604.321126953125 226.33164257812498 0
v 601.8867292785645 226.05336306762698 0
v 599.4709821777344 225.71532983398438 0
v 597.0746468200684 225.31830404663083 0
v 594.698484375 224.863046875 0
v 592.3432560119629 224.3503194885254 0
v 590.0097229003906 223.78088305664062 0
v 587.6986462097167 223.1554987487793 0
v 585.4107871093751 222.47492773437497 0
v 583.1469067687989 221.7399311828613 0
v 580.9077663574219 220.95127026367186 0
v 578.6941270446777 220.10970614624023 0
v 576.5067499999999 219.21599999999998 0
v 574.3463963928223 218.27091299438476 0
v 572.2138273925782 217.27520629882812 0
v 570.1098041687012 216.22964108276366 0
v 568.035087890625 215.13497851562502 0
v 565.9904397277832 213.9919797668457 0
v 563.9766208496094 212.80140600585938 0
v 561.9943924255372 211.5640184020996 0
v 560.044515625 210.28057812499998 0
v 558.1277516174316 208.95184634399413 0
v 556.2448615722657 207.5785842285156 0
v 554.3966066589355 206.16155294799805 0
v 552.5837480468749 204.701513671875 0
v 550.8070469055175 203.19922756958007 0
v 549.0672644042969 201.65545581054687 0
v 547.3651617126465 200.07095956420898 0
v 545.7015 198.44650000000001 0
v 544.0770404357911 196.7828382873535 0
v 542.4925441894532 195.08073559570312 0
v 540.9487724304199 193.34095309448242 0
v 539.446486328125 191.564251953125 0
v 537.986447052002 189.75139334106444 0
v 536.5694157714845 187.90313842773438 0
v 535.1961536560059 186.02024838256838 0
v 533.867421875 184.103484375 0
v 532.5839815979004 182.1536075744629 0
v 531.3465939941406 180.17137915039064 0
v 530.1560202331543 178.1575602722168 0
v 529.013021484375 176.112912109375 0
v 527.9183589172363 174.03819583129882 0
v 526.8727937011719 171.93417260742189 0
v 525.8770870056153 169.80160360717775 0
v 524.932 167.64125 0
v 524.0382938537598 165.45387295532225 0
v 523.1967297363282 163.24023364257812 0
v 522.4080688171387 161.0010932312012 0
v 521.673072265625 158.73721289062502 0
v 520.9925012512207 156.44935379028323 0
v 520.3671169433594 154.13827709960935 0
v 519.7976805114746 151.8047439880371 0
v 519.284953125 149.449515625 0
v 518.8296959533692 147.07335317993164 0
v 518.4326701660157 144.6770178222656 0
v 518.0946369323731 142.26127072143555 0
v 517.816357421875 139.826873046875 0
v 517.5985928039551 137.37458596801758 0
v 517.4421042480469 134.90517065429688 0
v 517.3476529235841 132.4193882751465 0
v 517.316 129.918 0
v 517.316 129.918 0
v 517.347652923584 127.41661172485352 0
v 517.4421042480469 124.93082934570313 0
v 517.5985928039552 122.46141403198243 0
v 517.816357421875 120.009126953125 0
v 518.0946369323731 117.57472927856446 0
v 518.4326701660157 115.15898217773437 0
v 518.8296959533691 112.76264682006837 0
v 519.284953125 110.38648437500001 0
v 519.7976805114746 108.0312560119629 0
v 520.3671169433594 105.69772290039063 0
v 520.9925012512207 103.3866462097168 0
v 521.673072265625 101.098787109375 0
v 522.4080688171387 98.83490676879882 0
v 523.1967297363282 96.59576635742188 0
v 524.0382938537598 94.38212704467774 0
v 524.9320000000001 92.19475 0
v 525.8770870056153 90.03439639282226 0
v 526.872793701172 87.90182739257814 0
v 527.9183589172363 85.79780416870119 0
v 529.013021484375 83.723087890625 0
v 530.1560202331543 81.67843972778321 0
v 531.3465939941406 79.66462084960939 0
v 532.5839815979004 77.68239242553712 0
v 533.867421875 75.732515625 0
v 535.1961536560059 73.81575161743164 0
v 536.5694157714844 71.93286157226564 0
v 537.986447052002 70.08460665893556 0
v 539.446486328125 68.271748046875 0
v 540.94877243042 66.49504690551758 0
v 542.4925441894532 64.75526440429688 0
v 544.0770404357911 63.0531617126465 0
v 545.7015 61.389500000000005 0
v 547.3651617126465 59.76504043579102 0
v 549.0672644042969 58.18054418945312 0
v 550.8070469055176 56.636772430419924 0
v 552.583748046875 55.134486328125 0
v 554.3966066589355 53.67444705200195 0
v 556.2448615722657 52.25741577148438 0
v 558.1277516174316 50.884153656005864 0
v 560.044515625 49.55542187500001 0
v 561.9943924255372 48.2719815979004 0
v 563.9766208496094 47.03459399414063 0
v 565.9904397277833 45.84402023315431 0
v 568.035087890625 44.701021484375005 0
v 570.1098041687012 43.606358917236335 0
v 572.2138273925782 42.56079370117188 0
v 574.3463963928223 41.56508700561524 0
v 576.50675 40.620000000000005 0
v 578.6941270446778 39.72629385375977 0
v 580.9077663574219 38.884729736328126 0
v 583.1469067687988 38.09606881713867 0
v 585.410787109375 37.36107226562501 0
v 587.6986462097168 36.680501251220704 0
v 590.0097229003907 36.05511694335938 0
v 592.3432560119629 35.48568051147461 0
v 594.698484375 34.972953125000004 0
v 597.0746468200683 34.51769595336914 0
v 599.4709821777344 34.12067016601563 0
v 601.8867292785644 33.78263693237305 0
v 604.321126953125 33.50435742187501 0
v 606.7734140319824 33.28659280395509 0
v 609.2428293457031 33.13010424804688 0
v 611.7286117248535 33.03565292358399 0
v 614.23 33.004000000000005 0
v 614.23 33.004000000000005 0
v 616.7313882751464 33.03565292358399 0
v 619.217170654297 33.130104248046884 0
v 621.6865859680177 33.28659280395509 0
v 624.138873046875 33.50435742187501 0
v 626.5732707214355 33.782636932373045 0
v 628.9890178222656 34.120670166015636 0
v 631.3853531799316 34.51769595336914 0
v 633.7615156249999 34.97295312500001 0
v 636.1167439880371 35.48568051147461 0
v 638.4502770996095 36.05511694335938 0
v 640.7613537902834 36.680501251220704 0
v 643.049212890625 37.361072265625005 0
v 645.3130932312012 38.09606881713868 0
v 647.5522336425781 38.88472973632813 0
v 649.7658729553223 39.72629385375977 0
v 651.95325 40.62000000000001 0
v 654.1136036071778 41.56508700561524 0
v 656.2461726074218 42.56079370117188 0
v 658.3501958312988 43.606358917236335 0
v 660.424912109375 44.701021484375005 0
v 662.4695602722168 45.8440202331543 0
v 664.4833791503908 47.03459399414063 0
v 666.465607574463 48.2719815979004 0
v 668.4154843749999 49.55542187500001 0
v 670.3322483825684 50.884153656005864 0
v 672.2151384277345 52.257415771484375 0
v 674.0633933410645 53.67444705200195 0
v 675.876251953125 55.13448632812501 0
v 677.6529530944824 56.63677243041993 0
v 679.3927355957031 58.18054418945313 0
v 681.0948382873535 59.76504043579102 0
v 682.7585 61.389500000000005 0
v 684.382959564209 63.0531617126465 0
v 685.9674558105469 64.75526440429688 0
v 687.5112275695801 66.49504690551758 0
v 689.013513671875 68.271748046875 0
v 690.4735529479981 70.08460665893556 0
v 691.8905842285158 71.93286157226562 0
v 693.2638463439941 73.81575161743164 0
v 694.592578125 75.732515625 0
v 695.8760184020996 77.68239242553712 0
v 697.1134060058594 79.66462084960938 0
v 698.3039797668457 81.6784397277832 0
v 699.446978515625 83.72308789062501 0
v 700.5416410827637 85.79780416870118 0
v 701.5872062988282 87.90182739257813 0
v 702.5829129943847 90.03439639282226 0
v 703.528 92.19475 0
v 704.4217061462402 94.38212704467774 0
v 705.2632702636718 96.59576635742188 0
v 706.0519311828614 98.83490676879883 0
v 706.786927734375 101.09878710937501 0
v 707.4674987487792 103.3866462097168 0
v 708.0928830566406 105.69772290039063 0
v 708.6623194885253 108.0312560119629 0
v 709.1750468749999 110.38648437500001 0
v 709.6303040466308 112.76264682006837 0
v 710.0273298339844 115.15898217773437 0
v 710.365363067627 117.57472927856446 0
v 710.643642578125 120.009126953125 0
v 710.8614071960449 122.46141403198243 0
v 711.0178957519531 124.93082934570313 0
v 711.1123470764161 127.41661172485352 0
v 711.144 129.918 0
v 711.144 129.918 0
v 711.1123543014527 132.41938537597656 0
v 711.0179242553711 134.9051591796875 0
v 710.8614704360962 137.37456042480468 0
v 710.6437534179688 139.826828125 0
v 710.3655337753296 142.26120129394533 0
v 710.0275720825196 144.67691894531248 0
v 709.6306289138793 147.07322009277345 0
v 709.17546484375 149.44934375 0
v 708.6628404464722 151.80452893066408 0
v 708.0935162963867 154.13801464843752 0
v 707.4682529678344 156.44903991699218 0
v 706.7878110351562 158.73684375000002 0
v 706.0529510726927 161.00066516113282 0
v 705.2644336547851 163.2397431640625 0
v 704.4230193557739 165.45331677246094 0
v 703.52946875 167.64062500000003 0
v 702.5845424118041 169.80090686035157 0
v 701.5890009155273 171.93340136718749 0
v 700.5436048355102 174.03734753417967 0
v 699.4491147460938 176.11198437500002 0
v 698.3062912216186 178.15655090332035 0
v 697.1158948364257 180.17028613281252 0
v 695.8786861648559 182.15242907714844 0
v 694.59542578125 184.10221875000002 0
v 693.2668742599487 186.01889416503906 0
v 691.893792175293 187.90169433593752 0
v 690.4769401016235 189.7498582763672 0
v 689.0170786132812 191.562625 0
v 687.5149682846069 193.33923352050783 0
v 685.9713696899414 195.0789228515625 0
v 684.3870434036255 196.78093200683594 0
v 682.7627500000001 198.4445 0
v 681.0992500534057 200.0688658447266 0
v 679.3973041381836 201.6532685546875 0
v 677.6576728286743 203.1969471435547 0
v 675.8811166992189 204.69914062499998 0
v 674.0683963241577 206.15908801269532 0
v 672.220272277832 207.5760283203125 0
v 670.3375051345826 208.94920056152344 0
v 668.42085546875 210.27784375000002 0
v 666.4710838546753 211.56119689941406 0
v 664.4889508666993 212.7984990234375 0
v 662.4752170791626 213.9889891357422 0
v 660.4306430664062 215.13190625 0
v 658.355989402771 216.22648937988282 0
v 656.2520166625977 217.2719775390625 0
v 654.119485420227 218.26760974121095 0
v 651.95915625 219.212625 0
v 649.7717897262573 220.10626232910158 0
v 647.5581464233398 220.94776074218748 0
v 645.3189869155883 221.7363592529297 0
v 643.0550717773438 222.471296875 0
v 640.7671615829468 223.15181262207034 0
v 638.4560169067383 223.77714550781252 0
v 636.1223983230591 224.34653454589846 0
v 633.76706640625 224.85921875 0
v 631.3907817306518 225.31443713378906 0
v 628.9943048706054 225.71142871093753 0
v 626.5783964004517 226.04943249511717 0
v 624.1438168945313 226.3276875 0
v 621.6913269271852 226.54543273925782 0
v 619.2216870727539 226.7019072265625 0
v 616.7356579055786 226.79634997558594 0
v 614.234 226.828 0
v 614.234 226.828 0
v 614.2335 226.8285 0
v 614.2330000000001 226.829 0
v 614.2325000000001 226.8295 0
v 614.232 226.82999999999998 0
v 614.2315 226.8305 0
v 614.231 226.831 0
v 614.2305 226.8315 0
v 614.23 226.832 0
v 614.23 275.72 0
v 611.5014874725342 275.75452640914926 0
v 608.7900032958984 275.8575520935059 0
v 606.0963775787353 276.02824673843384 0
v 603.4214404296874 276.26578002929693 0
v 600.7660219573975 276.5693216514588 0
v 598.1309522705078 276.93804129028325 0
v 595.5170614776613 277.371108631134 0
v 592.9251796875 277.86769335937504 0
v 590.3561370086671 278.4269651603699 0
v 587.8107635498047 279.04809371948244 0
v 585.2898894195557 279.7302487220764 0
v 582.7943447265625 280.4725998535157 0
v 580.3249595794679 281.27431679916384 0
v 577.882564086914 282.13456924438475 0
v 575.467988357544 283.05252687454225 0
v 573.0820625 284.02735937500006 0
v 570.7256166229247 285.0582364311219 0
v 568.399480834961 286.14432772827155 0
v 566.104485244751 287.28480295181276 0
v 563.8414599609375 288.4788317871094 0
v 561.6112350921632 289.7255839195252 0
v 559.4146407470704 291.02422903442385 0
v 557.2525070343019 292.37393681716924 0
v 555.1256640624999 293.77387695312507 0
v 553.0349419403076 295.22321912765506 0
v 550.9811707763672 296.7211330261231 0
v 548.9651806793213 298.26678833389286 0
v 546.9878017578125 299.85935473632816 0
v 545.0498641204833 301.49800191879274 0
v 543.1521978759765 303.18189956665043 0
v 541.2956331329345 304.9102173652649 0
v 539.4810000000001 306.682125 0
v 537.7091285858155 308.4967921562195 0
v 535.9808489990236 310.35338851928714 0
v 534.2969913482666 312.25108377456667 0
v 532.6583857421875 314.1890476074219 0
v 531.0658622894287 316.1664497032166 0
v 529.5202510986328 318.1824597473145 0
v 528.0223822784424 320.23624742507934 0
v 526.5730859375001 322.3269824218751 0
v 525.1731921844482 324.45383442306525 0
v 523.8235311279298 326.6159731140137 0
v 522.524932876587 328.81256818008427 0
v 521.2782275390625 331.04278930664066 0
v 520.084245223999 333.3058061790466 0
v 518.9438160400391 335.6007884826661 0
v 517.8577700958252 337.9269059028626 0
v 516.8269375 340.283328125 0
v 515.8521483612061 342.66922483444216 0
v 514.934232788086 345.08376571655276 0
v 514.0740208892823 347.5261204566956 0
v 513.2723427734376 349.9954587402344 0
v 512.5300285491944 352.49095025253297 0
v 511.84790832519536 355.0117646789551 0
v 511.22681221008304 357.55707170486454 0
v 510.66757031250006 360.12604101562505 0
v 510.17101274108893 362.71784229660034 0
v 509.73796960449226 365.3316452331543 0
v 509.3692710113526 367.9666195106506 0
v 509.06574707031257 370.62193481445314 0
v 508.82822789001466 373.2967608299255 0
v 508.65754357910157 375.9902672424317 0
v 508.55452424621586 378.70162373733524 0
v 508.52000000000004 381.43 0
v 508.52000000000004 381.43 0
v 508.5545264091492 384.1583762626648 0
v 508.6575520935059 386.8697327575684 0
v 508.82824673843385 389.56323917007444 0
v 509.06578002929695 392.2380651855469 0
v 509.36932165145885 394.89338048934934 0
v 509.73804129028326 397.5283547668456 0
v 510.17110863113413 400.1421577033996 0
v 510.66769335937505 402.733958984375 0
v 511.2269651603699 405.30292829513553 0
v 511.84809371948245 407.84823532104497 0
v 512.5302487220765 410.3690497474671 0
v 513.2725998535158 412.8645412597656 0
v 514.0743167991639 415.3338795433044 0
v 514.9345692443849 417.77623428344725 0
v 515.8525268745423 420.19077516555785 0
v 516.827359375 422.576671875 0
v 517.8582364311219 424.9330940971374 0
v 518.9443277282716 427.25921151733405 0
v 520.0848029518128 429.5541938209534 0
v 521.2788317871094 431.81721069335936 0
v 522.5255839195252 434.04743181991586 0
v 523.8242290344239 436.2440268859863 0
v 525.1739368171693 438.40616557693477 0
v 526.573876953125 440.533017578125 0
v 528.023219127655 442.6237525749207 0
v 529.521133026123 444.67754025268556 0
v 531.0667883338929 446.6935502967834 0
v 532.6593547363282 448.6709523925781 0
v 534.2980019187927 450.60891622543335 0
v 535.9818995666504 452.5066114807129 0
v 537.710217365265 454.36320784378046 0
v 539.482125 456.17787500000003 0
v 541.2967921562195 457.94978263473513 0
v 543.1533885192871 459.67810043334964 0
v 545.0510837745667 461.3619980812073 0
v 546.9890476074219 463.0006452636719 0
v 548.9664497032165 464.5932116661072 0
v 550.9824597473145 466.13886697387693 0
v 553.0362474250794 467.63678087234496 0
v 555.126982421875 469.086123046875 0
v 557.2538344230652 470.48606318283083 0
v 559.4159731140137 471.8357709655762 0
v 561.6125681800843 473.1344160804748 0
v 563.8427893066406 474.38116821289066 0
v 566.1058061790467 475.5751970481873 0
v 568.400788482666 476.7156722717285 0
v 570.7269059028625 477.8017635688782 0
v 573.083328125 478.832640625 0
v 575.4692248344422 479.80747312545776 0
v 577.8837657165527 480.7254307556152 0
v 580.3261204566957 481.5856832008362 0
v 582.7954587402344 482.3874001464844 0
v 585.290950252533 483.1297512779236 0
v 587.8117646789551 483.8119062805176 0
v 590.3570717048646 484.4330348396301 0
v 592.9260410156251 484.992306640625 0
v 595.5178422966003 485.48889136886595 0
v 598.1316452331544 485.92195870971676 0
v 600.7666195106507 486.2906783485413 0
v 603.4219348144532 486.59421997070314 0
v 606.0967608299255 486.8317532615662 0
v 608.7902672424316 487.0024479064941 0
v 611.5016237373352 487.1054735908508 0
v 614.23 487.14 0
v 614.23 487.14 0
v 616.9583762626647 487.10547359085086 0
v 619.6697327575685 487.0024479064941 0
v 622.3632391700744 486.8317532615662 0
v 625.0380651855468 486.59421997070314 0
v 627.6933804893494 486.29067834854123 0
v 630.3283547668457 485.92195870971676 0
v 632.9421577033996 485.48889136886595 0
v 635.5339589843751 484.9923066406249 0
v 638.1029282951355 484.4330348396301 0
v 640.6482353210449 483.8119062805176 0
v 643.169049747467 483.1297512779236 0
v 645.6645412597655 482.3874001464844 0
v 648.1338795433045 481.5856832008361 0
v 650.5762342834473 480.72543075561526 0
v 652.9907751655578 479.80747312545776 0
v 655.3766718749999 478.83264062499995 0
v 657.7330940971375 477.80176356887813 0
v 660.059211517334 476.7156722717285 0
v 662.3541938209535 475.5751970481873 0
v 664.6172106933594 474.3811682128906 0
v 666.8474318199159 473.13441608047486 0
v 669.0440268859863 471.8357709655762 0
v 671.2061655769347 470.48606318283083 0
v 673.333017578125 469.08612304687495 0
v 675.4237525749207 467.63678087234496 0
v 677.4775402526856 466.13886697387693 0
v 679.4935502967835 464.5932116661072 0
v 681.4709523925782 463.00064526367186 0
v 683.4089162254334 461.3619980812072 0
v 685.306611480713 459.67810043334964 0
v 687.1632078437806 457.9497826347351 0
v 688.977875 456.177875 0
v 690.7497826347351 454.3632078437805 0
v 692.4781004333496 452.5066114807129 0
v 694.1619980812073 450.6089162254334 0
v 695.8006452636719 448.67095239257816 0
v 697.3932116661072 446.6935502967834 0
v 698.9388669738771 444.6775402526856 0
v 700.4367808723451 442.6237525749206 0
v 701.8861230468751 440.53301757812505 0
v 703.2860631828308 438.40616557693477 0
v 704.6357709655762 436.24402688598633 0
v 705.9344160804749 434.0474318199158 0
v 707.1811682128907 431.81721069335936 0
v 708.3751970481873 429.5541938209534 0
v 709.5156722717286 427.259211517334 0
v 710.6017635688783 424.9330940971375 0
v 711.632640625 422.57667187500005 0
v 712.6074731254578 420.19077516555785 0
v 713.5254307556153 417.77623428344725 0
v 714.3856832008362 415.3338795433044 0
v 715.1874001464845 412.8645412597656 0
v 715.9297512779236 410.36904974746705 0
v 716.6119062805176 407.84823532104497 0
v 717.2330348396301 405.30292829513553 0
v 717.792306640625 402.733958984375 0
v 718.2888913688661 400.1421577033996 0
v 718.7219587097168 397.52835476684567 0
v 719.0906783485414 394.89338048934934 0
v 719.3942199707031 392.2380651855469 0
v 719.6317532615662 389.56323917007444 0
v 719.8024479064942 386.8697327575684 0
v 719.9054735908509 384.15837626266483 0
v 719.94 381.43 0
v 719.94 381.43 0
v 719.9054800796509 378.70162373733524 0
v 719.8024734497071 375.99026724243174 0
v 719.6318098068238 373.2967608299256 0
v 719.3943188476562 370.6219348144531 0
v 719.0908302688599 367.9666195106506 0
v 718.7221737670899 365.3316452331543 0
v 718.2891790390014 362.7178422966003 0
v 717.7926757812501 360.12604101562505 0
v 717.2334936904907 357.5570717048645 0
v 716.612462463379 355.0117646789551 0
v 715.9304117965698 352.49095025253297 0
v 715.1881713867189 349.99545874023437 0
v 714.3865709304811 347.5261204566956 0
v 713.5264401245117 345.08376571655276 0
v 712.6086086654664 342.66922483444216 0
v 711.6339062500001 340.2833281250001 0
v 710.6031625747681 337.9269059028626 0
v 709.5172073364258 335.6007884826661 0
v 708.3768702316283 333.30580617904667 0
v 707.1829809570313 331.04278930664066 0
v 705.9363692092896 328.81256818008427 0
v 704.6378646850586 326.61597311401374 0
v 703.2882970809936 324.4538344230652 0
v 701.8884960937502 322.3269824218751 0
v 700.439291419983 320.23624742507934 0
v 698.9415127563477 318.18245974731445 0
v 697.3959897994996 316.1664497032166 0
v 695.8035522460939 314.1890476074219 0
v 694.1650297927857 312.25108377456667 0
v 692.4812521362305 310.35338851928714 0
v 690.7530489730835 308.4967921562195 0
v 688.98125 306.68212500000004 0
v 687.1666849136353 304.91021736526494 0
v 685.3101834106446 303.1818995666504 0
v 683.4125751876832 301.49800191879274 0
v 681.4746899414063 299.8593547363282 0
v 679.4973573684692 298.26678833389286 0
v 677.4814071655273 296.7211330261231 0
v 675.4276690292359 295.22321912765506 0
v 673.33697265625 293.77387695312507 0
v 671.2101477432252 292.37393681716924 0
v 669.0480239868165 291.02422903442385 0
v 666.8514310836792 289.72558391952515 0
v 664.6211987304688 288.4788317871094 0
v 662.3581566238404 287.28480295181276 0
v 660.0631344604492 286.1443277282715 0
v 657.7369619369507 285.0582364311218 0
v 655.3804687500001 284.02735937500006 0
v 652.9944845962525 283.05252687454225 0
v 650.5798391723633 282.1345692443848 0
v 648.1373621749879 281.2743167991639 0
v 645.6678833007813 280.4725998535157 0
v 643.1722322463991 279.73024872207645 0
v 640.6512387084961 279.04809371948244 0
v 638.1057323837281 278.4269651603699 0
v 635.53654296875 277.86769335937504 0
v 632.9445001602173 277.37110863113406 0
v 630.3304336547852 276.93804129028325 0
v 627.6951731491089 276.5693216514587 0
v 625.0395483398438 276.26578002929693 0
v 622.364388923645 276.0282467384339 0
v 619.670524597168 275.8575520935059 0
v 616.9587850570679 275.7545264091492 0
v 614.23 275.72 0
v 614.23 478.34000000000003 0
v 611.7286117248536 478.308347076416 0
v 609.2428293457032 478.2138957519532 0
v 606.7734140319824 478.057407196045 0
v 604.321126953125 477.839642578125 0
v 601.8867292785645 477.561363067627 0
v 599.4709821777344 477.2233298339844 0
v 597.0746468200684 476.82630404663087 0
v 594.698484375 476.3710468750001 0
v 592.3432560119629 475.8583194885254 0
v 590.0097229003906 475.28888305664066 0
v 587.6986462097167 474.66349874877926 0
v 585.4107871093751 473.982927734375 0
v 583.1469067687989 473.24793118286135 0
v 580.9077663574219 472.4592702636719 0
v 578.6941270446777 471.61770614624027 0
v 576.5067499999999 470.724 0
v 574.3463963928223 469.7789129943847 0
v 572.2138273925782 468.78320629882813 0
v 570.1098041687012 467.7376410827637 0
v 568.035087890625 466.64297851562503 0
v 565.9904397277832 465.49997976684574 0
v 563.9766208496094 464.3094060058594 0
v 561.9943924255372 463.0720184020997 0
v 560.044515625 461.788578125 0
v 558.1277516174316 460.4598463439942 0
v 556.2448615722657 459.0865842285156 0
v 554.3966066589355 457.6695529479981 0
v 552.5837480468749 456.209513671875 0
v 550.8070469055175 454.7072275695801 0
v 549.0672644042969 453.1634558105469 0
v 547.3651617126465 451.578959564209 0
v 545.7015 449.9545 0
v 544.0770404357911 448.29083828735355 0
v 542.4925441894532 446.58873559570316 0
v 540.9487724304199 444.8489530944824 0
v 539.446486328125 443.07225195312503 0
v 537.986447052002 441.2593933410645 0
v 536.5694157714845 439.4111384277344 0
v 535.1961536560059 437.52824838256834 0
v 533.867421875 435.61148437500003 0
v 532.5839815979004 433.66160757446295 0
v 531.3465939941406 431.6793791503907 0
v 530.1560202331543 429.66556027221685 0
v 529.013021484375 427.620912109375 0
v 527.9183589172363 425.54619583129886 0
v 526.8727937011719 423.4421726074219 0
v 525.8770870056153 421.30960360717773 0
v 524.932 419.14925000000005 0
v 524.0382938537598 416.9618729553223 0
v 523.1967297363282 414.74823364257816 0
v 522.4080688171387 412.5090932312012 0
v 521.673072265625 410.24521289062506 0
v 520.9925012512207 407.95735379028326 0
v 520.3671169433594 405.6462770996094 0
v 519.7976805114746 403.31274398803714 0
v 519.284953125 400.95751562500004 0
v 518.8296959533692 398.5813531799317 0
v 518.4326701660157 396.18501782226565 0
v 518.0946369323731 393.7692707214356 0
v 517.816357421875 391.3348730468751 0
v 517.5985928039551 388.88258596801757 0
v 517.4421042480469 386.41317065429695 0
v 517.3476529235841 383.92738827514654 0
v 517.316 381.42600000000004 0
v 517.316 381.42600000000004 0
v 517.347652923584 378.9246117248536 0
v 517.4421042480469 376.4388293457032 0
v 517.5985928039552 373.9694140319824 0
v 517.816357421875 371.5171269531251 0
v 518.0946369323731 369.0827292785645 0
v 518.4326701660157 366.6669821777344 0
v 518.8296959533691 364.27064682006835 0
v 519.284953125 361.89448437500005 0
v 519.7976805114746 359.5392560119629 0
v 520.3671169433594 357.2057229003907 0
v 520.9925012512207 354.8946462097168 0
v 521.673072265625 352.60678710937503 0
v 522.4080688171387 350.34290676879885 0
v 523.1967297363282 348.10376635742193 0
v 524.0382938537598 345.8901270446778 0
v 524.9320000000001 343.70275 0
v 525.8770870056153 341.5423963928223 0
v 526.872793701172 339.40982739257817 0
v 527.9183589172363 337.3058041687013 0
v 529.013021484375 335.2310878906251 0
v 530.1560202331543 333.1864397277833 0
v 531.3465939941406 331.1726208496094 0
v 532.5839815979004 329.1903924255372 0
v 533.867421875 327.240515625 0
v 535.1961536560059 325.32375161743164 0
v 536.5694157714844 323.44086157226565 0
v 537.986447052002 321.5926066589356 0
v 539.446486328125 319.779748046875 0
v 540.94877243042 318.0030469055176 0
v 542.4925441894532 316.26326440429693 0
v 544.0770404357911 314.56116171264654 0
v 545.7015 312.89750000000004 0
v 547.3651617126465 311.2730404357911 0
v 549.0672644042969 309.6885441894532 0
v 550.8070469055176 308.14477243041995 0
v 552.583748046875 306.6424863281251 0
v 554.3966066589355 305.182447052002 0
v 556.2448615722657 303.76541577148447 0
v 558.1277516174316 302.3921536560059 0
v 560.044515625 301.0634218750001 0
v 561.9943924255372 299.7799815979004 0
v 563.9766208496094 298.5425939941407 0
v 565.9904397277833 297.35202023315435 0
v 568.035087890625 296.20902148437506 0
v 570.1098041687012 295.11435891723636 0
v 572.2138273925782 294.0687937011719 0
v 574.3463963928223 293.0730870056153 0
v 576.50675 292.12800000000004 0
v 578.6941270446778 291.2342938537598 0
v 580.9077663574219 290.3927297363282 0
v 583.1469067687988 289.60406881713874 0
v 585.410787109375 288.86907226562505 0
v 587.6986462097168 288.18850125122077 0
v 590.0097229003907 287.56311694335943 0
v 592.3432560119629 286.9936805114746 0
v 594.698484375 286.48095312500004 0
v 597.0746468200683 286.02569595336917 0
v 599.4709821777344 285.6286701660157 0
v 601.8867292785644 285.2906369323731 0
v 604.321126953125 285.0123574218751 0
v 606.7734140319824 284.79459280395514 0
v 609.2428293457031 284.63810424804694 0
v 611.7286117248535 284.54365292358403 0
v 614.23 284.51200000000006 0
v 614.23 284.51200000000006 0
v 616.7313882751464 284.54365292358403 0
v 619.217170654297 284.638104248047 0
v 621.6865859680177 284.79459280395514 0
v 624.138873046875 285.0123574218751 0
v 626.5732707214355 285.2906369323731 0
v 628.9890178222656 285.62867016601575 0
v 631.3853531799316 286.02569595336917 0
v 633.7615156249999 286.4809531250001 0
v 636.1167439880371 286.9936805114747 0
v 638.4502770996095 287.56311694335943 0
v 640.7613537902834 288.1885012512207 0
v 643.049212890625 288.8690722656251 0
v 645.3130932312012 289.60406881713874 0
v 647.5522336425781 290.3927297363282 0
v 649.7658729553223 291.2342938537598 0
v 651.95325 292.12800000000004 0
v 654.1136036071778 293.07308700561526 0
v 656.2461726074218 294.0687937011719 0
v 658.3501958312988 295.11435891723636 0
v 660.424912109375 296.20902148437506 0
v 662.4695602722168 297.3520202331544 0
v 664.4833791503908 298.5425939941407 0
v 666.465607574463 299.7799815979005 0
v 668.4154843749999 301.0634218750001 0
v 670.3322483825684 302.3921536560059 0
v 672.2151384277345 303.76541577148447 0
v 674.0633933410645 305.182447052002 0
v 675.876251953125 306.6424863281251 0
v 677.6529530944824 308.14477243042 0
v 679.3927355957031 309.6885441894532 0
v 681.0948382873535 311.2730404357911 0
v 682.7585 312.89750000000004 0
v 684.382959564209 314.56116171264654 0
v 685.9674558105469 316.26326440429693 0
v 687.5112275695801 318.00304690551764 0
v 689.013513671875 319.77974804687506 0
v 690.4735529479981 321.5926066589356 0
v 691.8905842285158 323.44086157226565 0
v 693.2638463439941 325.32375161743164 0
v 694.592578125 327.24051562500006 0
v 695.8760184020996 329.1903924255372 0
v 697.1134060058594 331.1726208496094 0
v 698.3039797668457 333.18643972778324 0
v 699.446978515625 335.2310878906251 0
v 700.5416410827637 337.30580416870123 0
v 701.5872062988282 339.4098273925782 0
v 702.5829129943847 341.5423963928223 0
v 703.528 343.70275000000004 0
v 704.4217061462402 345.8901270446778 0
v 705.2632702636718 348.10376635742193 0
v 706.0519311828614 350.34290676879885 0
v 706.786927734375 352.6067871093751 0
v 707.4674987487792 354.8946462097168 0
v 708.0928830566406 357.2057229003907 0
v 708.6623194885253 359.53925601196295 0
v 709.1750468749999 361.89448437500005 0
v 709.6303040466308 364.2706468200684 0
v 710.0273298339844 366.66698217773444 0
v 710.365363067627 369.0827292785645 0
v 710.643642578125 371.51712695312506 0
v 710.8614071960449 373.9694140319824 0
v 711.0178957519531 376.4388293457032 0
v 711.1123470764161 378.92461172485355 0
v 711.144 381.42600000000004 0
v 711.144 381.42600000000004 0
v 711.1123543014527 383.9273853759766 0
v 711.0179242553711 386.4131591796875 0
v 710.8614704360962 388.8825604248047 0
v 710.6437534179688 391.33482812500006 0
v 710.3655337753296 393.76920129394534 0
v 710.0275720825196 396.1849189453126 0
v 709.6306289138793 398.58122009277344 0
v 709.17546484375 400.9573437500001 0
v 708.6628404464722 403.31252893066414 0
v 708.0935162963867 405.64601464843753 0
v 707.4682529678344 407.95703991699224 0
v 706.7878110351562 410.24484375000003 0
v 706.0529510726927 412.50866516113285 0
v 705.2644336547851 414.7477431640625 0
v 704.4230193557739 416.961316772461 0
v 703.52946875 419.14862500000004 0
v 702.5845424118041 421.3089068603516 0
v 701.5890009155273 423.44140136718755 0
v 700.5436048355102 425.5453475341797 0
v 699.4491147460938 427.619984375 0
v 698.3062912216186 429.6645509033204 0
v 697.1158948364257 431.6782861328125 0
v 695.8786861648559 433.66042907714854 0
v 694.59542578125 435.61021874999994 0
v 693.2668742599487 437.5268941650391 0
v 691.893792175293 439.40969433593756 0
v 690.4769401016235 441.2578582763673 0
v 689.0170786132812 443.070625 0
v 687.5149682846069 444.84723352050776 0
v 685.9713696899414 446.5869228515626 0
v 684.3870434036255 448.2889320068359 0
v 682.7627500000001 449.9525000000001 0
v 681.0992500534057 451.57686584472657 0
v 679.3973041381836 453.16126855468747 0
v 677.6576728286743 454.7049471435547 0
v 675.8811166992189 456.2071406250001 0
v 674.0683963241577 457.66708801269533 0
v 672.220272277832 459.0840283203125 0
v 670.3375051345826 460.4572005615235 0
v 668.42085546875 461.78584375 0
v 666.4710838546753 463.0691968994141 0
v 664.4889508666993 464.30649902343754 0
v 662.4752170791626 465.4969891357422 0
v 660.4306430664062 466.63990625 0
v 658.355989402771 467.73448937988286 0
v 656.2520166625977 468.77997753906254 0
v 654.119485420227 469.7756097412109 0
v 651.95915625 470.72062500000004 0
v 649.7717897262573 471.6142623291016 0
v 647.5581464233398 472.4557607421875 0
v 645.3189869155883 473.2443592529297 0
v 643.0550717773438 473.97929687500005 0
v 640.7671615829468 474.6598126220704 0
v 638.4560169067383 475.2851455078125 0
v 636.1223983230591 475.85453454589845 0
v 633.76706640625 476.36721875 0
v 631.3907817306518 476.8224371337891 0
v 628.9943048706054 477.2194287109375 0
v 626.5783964004517 477.55743249511715 0
v 624.1438168945313 477.8356875 0
v 621.6913269271852 478.0534327392578 0
v 619.2216870727539 478.2099072265625 0
v 616.7356579055786 478.304349975586 0
v 614.234 478.336 0
v 614.234 478.336 0
v 614.2335 478.3365 0
v 614.2330000000001 478.337 0
v 614.2325000000001 478.33750000000003 0
v 614.232 478.338 0
v 614.2315 478.3385 0
v 614.231 478.33900000000006 0
v 614.2305 478.33950000000004 0
v 614.23 478.34000000000003 0
v 614.23 276.72 0
v 616.9284908027648 276.7542666473389 0
v 619.6103795471192 276.85651403808595 0
v 622.274837612152 277.02591334533696 0
v 624.9210363769531 277.26163574218754 0
v 627.5481472206116 277.56285240173344 0
v 630.1553415222168 277.92873449707037 0
v 632.7417906608581 278.3584532012939 0
v 635.3066660156251 278.8511796875 0
v 637.8491389656066 279.4060851287842 0
v 640.3683808898926 280.0223406982422 0
v 642.863563167572 280.6991175689697 0
v 645.3338571777343 281.4355869140626 0
v 647.778434299469 282.23091990661624 0
v 650.1964659118653 283.08428771972655 0
v 652.5871233940125 283.9948615264893 0
v 654.949578125 284.9618125 0
v 657.2830014839172 285.98431181335457 0
v 659.5865648498536 287.0615306396485 0
v 661.8594396018983 288.19264015197757 0
v 664.1007971191406 289.37681152343754 0
v 666.3098087806702 290.6132159271241 0
v 668.4856459655763 291.9010245361328 0
v 670.627480052948 293.2394085235596 0
v 672.7344824218751 294.6275390625001 0
v 674.8058244514466 296.06458732604983 0
v 676.840677520752 297.54972448730473 0
v 678.8382130088806 299.08212171936043 0
v 680.797602294922 300.6609501953125 0
v 682.7180167579652 302.2853810882569 0
v 684.5986277770996 303.9545855712891 0
v 686.4386067314148 305.6677348175049 0
v 688.2371250000001 307.42400000000004 0
v 689.9933539619446 309.2225522918701 0
v 691.7064649963379 311.06256286621095 0
v 693.3756294822695 312.9432028961182 0
v 695.0000187988281 314.86364355468754 0
v 696.5788043251039 316.8230560150147 0
v 698.1111574401857 318.8206114501953 0
v 699.596249523163 320.8554810333252 0
v 701.033251953125 322.9268359375 0
v 702.4213361091614 325.0338473358155 0
v 703.7596733703614 327.1756864013672 0
v 705.0474351158142 329.351524307251 0
v 706.2837927246094 331.56053222656254 0
v 707.4679175758362 333.80188133239744 0
v 708.598981048584 336.0747427978516 0
v 709.6761545219422 338.3782877960205 0
v 710.698609375 340.71168750000004 0
v 711.665516986847 343.0741130828858 0
v 712.5760487365724 345.46473571777346 0
v 713.4293760032655 347.88272657775883 0
v 714.2246701660157 350.32725683593753 0
v 714.9611026039124 352.79749766540533 0
v 715.637844696045 355.2926202392579 0
v 716.2540678215028 357.8117957305908 0
v 716.808943359375 360.3541953125 0
v 717.3016426887514 362.91899015808104 0
v 717.7313371887208 365.50535144042965 0
v 718.0971982383729 368.11245033264163 0
v 718.3983972167969 370.7394580078125 0
v 718.6341055030823 373.38554563903807 0
v 718.8034944763184 376.0498843994141 0
v 718.9057355155945 378.73164546203617 0
v 718.94 381.43 0
v 718.94 381.43 0
v 718.9057333526612 384.1283545379639 0
v 718.8034859619141 386.81011560058596 0
v 718.6340866546632 389.4744543609619 0
v 718.3983642578125 392.1205419921875 0
v 718.0971475982667 394.7475496673584 0
v 717.7312655029297 397.35464855957025 0
v 717.301546798706 399.9410098419189 0
v 716.8088203125001 402.5058046875 0
v 716.2539148712158 405.04820426940915 0
v 715.6376593017578 407.5673797607422 0
v 714.9608824310303 410.0625023345948 0
v 714.2244130859376 412.5327431640625 0
v 713.4290800933838 414.97727342224124 0
v 712.5757122802735 417.39526428222655 0
v 711.6651384735108 419.7858869171143 0
v 710.6981875000001 422.1483125 0
v 709.6756881866456 424.4817122039795 0
v 708.5984693603516 426.7852572021485 0
v 707.4673598480224 429.05811866760257 0
v 706.2831884765626 431.29946777343747 0
v 705.046784072876 433.5084756927491 0
v 703.7589754638672 435.6843135986328 0
v 702.4205914764404 437.8261526641845 0
v 701.0324609375001 439.9331640625 0
v 699.5954126739502 442.0045189666748 0
v 698.1102755126954 444.03938854980476 0
v 696.5778782806398 446.03694398498544 0
v 694.9990498046876 447.9963564453126 0
v 693.3746189117433 449.91679710388183 0
v 691.705414428711 451.79743713378906 0
v 689.9922651824952 453.63744770812986 0
v 688.2360000000001 455.436 0
v 686.4374477081299 457.19226518249513 0
v 684.5974371337891 458.90541442871097 0
v 682.7167971038818 460.5746189117432 0
v 680.7963564453125 462.19904980468755 0
v 678.8369439849854 463.77787828063964 0
v 676.8393885498048 465.3102755126953 0
v 674.8045189666749 466.7954126739502 0
v 672.7331640625 468.2324609375 0
v 670.6261526641846 469.6205914764405 0
v 668.4843135986329 470.9589754638672 0
v 666.308475692749 472.2467840728759 0
v 664.0994677734376 473.48318847656253 0
v 661.8581186676026 474.6673598480225 0
v 659.5852572021485 475.79846936035153 0
v 657.2817122039795 476.8756881866455 0
v 654.9483125 477.8981875 0
v 652.5858869171143 478.86513847351074 0
v 650.1952642822266 479.7757122802734 0
v 647.7772734222413 480.6290800933838 0
v 645.3327431640625 481.42441308593754 0
v 642.8625023345948 482.1608824310303 0
v 640.3673797607422 482.8376593017578 0
v 637.8482042694092 483.45391487121583 0
v 635.3058046875001 484.0088203125 0
v 632.741009841919 484.50154679870604 0
v 630.1546485595703 484.93126550292965 0
v 627.5475496673585 485.29714759826663 0
v 624.9205419921875 485.5983642578125 0
v 622.274454360962 485.8340866546631 0
v 619.6101156005859 486.00348596191407 0
v 616.9283545379639 486.1057333526611 0
v 614.23 486.14 0
v 614.23 486.14 0
v 611.5316454620362 486.1057362365723 0
v 608.849884399414 486.0034973144531 0
v 606.185545639038 485.8341117858887 0
v 603.5394580078125 485.59840820312496 0
v 600.9124503326416 485.2972151184082 0
v 598.3053514404297 484.9313610839843 0
v 595.7189901580812 484.50167465209955 0
v 593.1541953125001 484.00898437499995 0
v 590.6117957305909 483.4541188049316 0
v 588.0926202392578 482.8379064941406 0
v 585.5974976654053 482.1611759948731 0
v 583.1272568359375 481.424755859375 0
v 580.6827265777589 480.6294746398925 0
v 578.2647357177734 479.7761608886719 0
v 575.8741130828857 478.86564315795897 0
v 573.5116875 477.89874999999995 0
v 571.1782877960204 476.876309967041 0
v 568.8747427978516 475.7991516113281 0
v 566.6018813323974 474.6681034851074 0
v 564.3605322265626 473.483994140625 0
v 562.151524307251 472.24765213012694 0
v 559.9756864013673 470.9599060058594 0
v 557.8338473358154 469.62158432006834 0
v 555.7268359374999 468.233515625 0
v 553.6554810333253 466.7965284729004 0
v 551.6206114501954 465.31145141601564 0
v 549.6230560150146 463.7791130065918 0
v 547.6636435546875 462.20034179687497 0
v 545.7432028961182 460.5759663391113 0
v 543.862562866211 458.90681518554686 0
v 542.02255229187 457.19371688842773 0
v 540.224 455.43749999999994 0
v 538.467734817505 453.6389930725097 0
v 536.7545855712891 451.7990246582031 0
v 535.0853810882568 449.91842330932616 0
v 533.4609501953125 447.998017578125 0
v 531.8821217193604 446.03863601684566 0
v 530.3497244873047 444.0411071777344 0
v 528.8645873260498 442.0062596130371 0
v 527.4275390625 439.934921875 0
v 526.0394085235596 437.8279225158691 0
v 524.7010245361329 435.6860900878906 0
v 523.4132159271239 433.51025314331054 0
v 522.1768115234376 431.301240234375 0
v 520.9926401519776 429.05987991333006 0
v 519.8615306396484 426.78700073242186 0
v 518.7843118133545 424.48343124389646 0
v 517.7618125 422.15 0
v 516.7948615264893 419.7875355529785 0
v 515.8842877197267 417.3968664550781 0
v 515.0309199066163 414.97882125854494 0
v 514.2355869140625 412.53422851562493 0
v 513.4991175689698 410.0639167785644 0
v 512.8223406982422 407.5687145996094 0
v 512.2060851287841 405.04945053100585 0
v 511.6511796875 402.506953125 0
v 511.15845320129404 399.94205093383783 0
v 510.7287344970704 397.3555725097656 0
v 510.36285240173345 394.7483464050293 0
v 510.0616357421876 392.121201171875 0
v 509.82591334533697 389.4749653625488 0
v 509.65651403808596 386.8104675292969 0
v 509.5542666473389 384.12853622436523 0
v 509.52000000000004 381.43 0
v 509.52000000000004 381.43 0
v 509.5542637634278 378.7314637756348 0
v 509.6565026855469 376.0495324707032 0
v 509.82588821411133 373.38503463745116 0
v 510.06159179687506 370.73879882812497 0
v 510.3627848815919 368.1116535949707 0
v 510.7286389160157 365.5044274902343 0
v 511.1583253479005 362.91794906616207 0
v 511.65101562500007 360.353046875 0
v 512.2058811950683 357.8105494689941 0
v 512.8220935058594 355.2912854003906 0
v 513.4988240051271 352.79608322143554 0
v 514.2352441406251 350.325771484375 0
v 515.0305253601075 347.88117874145513 0
v 515.8838391113281 345.4631335449219 0
v 516.794356842041 343.0724644470215 0
v 517.76125 340.71000000000004 0
v 518.783690032959 338.37656875610355 0
v 519.8608483886719 336.0729992675782 0
v 520.9918965148926 333.80012008666995 0
v 522.176005859375 331.55875976562504 0
v 523.412347869873 329.3497468566895 0
v 524.7000939941406 327.1739099121094 0
v 526.0384156799317 325.03207748413087 0
v 527.4264843750001 322.925078125 0
v 528.8634715270996 320.85374038696295 0
v 530.3485485839844 318.81889282226564 0
v 531.8808869934082 316.8213639831543 0
v 533.4596582031251 314.86198242187504 0
v 535.0840336608887 312.94157669067386 0
v 536.7531848144531 311.0609753417969 0
v 538.4662831115722 309.22100692749024 0
v 540.2225000000001 307.4225 0
v 542.0210069274902 305.6662831115723 0
v 543.8609753417969 303.95318481445315 0
v 545.7415766906738 302.28403366088867 0
v 547.661982421875 300.65965820312505 0
v 549.6213639831543 299.0808869934082 0
v 551.6188928222657 297.5485485839844 0
v 553.6537403869629 296.06347152709964 0
v 555.725078125 294.626484375 0
v 557.8320774841309 293.2384156799317 0
v 559.9739099121094 291.90009399414066 0
v 562.1497468566895 290.6123478698731 0
v 564.358759765625 289.376005859375 0
v 566.6001200866699 288.1918965148926 0
v 568.8729992675782 287.0608483886719 0
v 571.1765687561035 285.98369003295903 0
v 573.51 284.96125000000006 0
v 575.8724644470215 283.99435684204104 0
v 578.2631335449219 283.08383911132813 0
v 580.6811787414551 282.23052536010744 0
v 583.125771484375 281.43524414062506 0
v 585.5960832214356 280.698824005127 0
v 588.0912854003907 280.0220935058594 0
v 590.6105494689941 279.4058811950684 0
v 593.153046875 278.85101562500006 0
v 595.7179490661622 278.3583253479004 0
v 598.3044274902344 277.92863891601564 0
v 600.9116535949707 277.5627848815918 0
v 603.538798828125 277.26159179687505 0
v 606.1850346374512 277.0258882141114 0
v 608.8495324707031 276.8565026855469 0
v 611.5314637756347 276.75426376342773 0
v 614.23 276.72 0
v 614.23 479.34000000000003 0
v 616.7532795333861 479.3079582595825 0
v 619.261039001465 479.2123496704102 0
v 621.7525034561158 479.05394918060307 0
v 624.2268979492187 478.83353173828124 0
v 626.6834475326538 478.55187229156496 0
v 629.1213772583009 478.20974578857425 0
v 631.5399121780396 477.80792717742924 0
v 633.93827734375 477.3471914062501 0
v 636.3156978073121 476.82831342315677 0
v 638.6713986206055 476.2520681762696 0
v 641.0046048355103 475.61923061370845 0
v 643.3145415039063 474.93057568359376 0
v 645.6004336776733 474.1868783340454 0
v 647.8615064086914 473.38891351318364 0
v 650.0969847488404 472.53745616912846 0
v 652.3060937500001 471.63328125 0
v 654.4880584640504 470.67716370391844 0
v 656.6421039428711 469.6698784790039 0
v 658.7674552383423 468.6122005233765 0
v 660.8633374023437 467.50490478515627 0
v 662.9289754867553 466.34876621246343 0
v 664.9635945434571 465.144559753418 0
v 666.9664196243286 463.8930603561402 0
v 668.93667578125 462.59504296875 0
v 670.8735880661011 461.2512825393677 0
v 672.7763815307618 459.8625540161133 0
v 674.6442812271118 458.4296323471069 0
v 676.4765122070313 456.95329248046875 0
v 678.2722995223999 455.43430936431884 0
v 680.0308682250976 453.87345794677736 0
v 681.7514433670044 452.2715131759644 0
v 683.43325 450.62925 0
v 685.0755131759644 448.94744336700444 0
v 686.6774579467773 447.2268682250977 0
v 688.2383093643189 445.4682995223999 0
v 689.7572924804688 443.6725122070313 0
v 691.233632347107 441.84028122711186 0
v 692.6665540161134 439.9723815307617 0
v 694.0552825393677 438.0695880661011 0
v 695.39904296875 436.13267578125 0
v 696.6970603561401 434.1624196243286 0
v 697.948559753418 432.15959454345705 0
v 699.1527662124633 430.12497548675543 0
v 700.3089047851562 428.0593374023438 0
v 701.4162005233765 425.96345523834225 0
v 702.4738784790039 423.8381039428711 0
v 703.4811637039185 421.68405846405034 0
v 704.43728125 419.50209375 0
v 705.3414561691284 417.29298474884035 0
v 706.1929135131836 415.05750640869144 0
v 706.9908783340454 412.79643367767335 0
v 707.7345756835937 410.5105415039063 0
v 708.4232306137085 408.20060483551026 0
v 709.0560681762695 405.8673986206055 0
v 709.6323134231568 403.51169780731203 0
v 710.15119140625 401.13427734375 0
v 710.6119271774292 398.7359121780396 0
v 711.0137457885742 396.31737725830084 0
v 711.355872291565 393.87944753265384 0
v 711.6375317382813 391.4228979492188 0
v 711.857949180603 388.94850345611576 0
v 712.0163496704101 386.4570390014649 0
v 712.1119582595826 383.9492795333863 0
v 712.144 381.42600000000004 0
v 712.144 381.42600000000004 0
v 712.1119582595826 378.90272046661386 0
v 712.0163496704101 376.3949609985352 0
v 711.8579491806031 373.9034965438843 0
v 711.6375317382813 371.42910205078135 0
v 711.355872291565 368.9725524673462 0
v 711.0137457885743 366.53462274169925 0
v 710.611927177429 364.1160878219605 0
v 710.15119140625 361.71772265625003 0
v 709.6323134231567 359.340302192688 0
v 709.0560681762695 356.9846013793946 0
v 708.4232306137085 354.65139516448977 0
v 707.7345756835938 352.3414584960938 0
v 706.9908783340453 350.0555663223267 0
v 706.1929135131836 347.79449359130865 0
v 705.3414561691284 345.55901525115974 0
v 704.4372812500001 343.34990625 0
v 703.4811637039185 341.16794153594975 0
v 702.473878479004 339.01389605712893 0
v 701.4162005233763 336.8885447616578 0
v 700.3089047851562 334.7926625976563 0
v 699.1527662124633 332.7270245132447 0
v 697.948559753418 330.69240545654293 0
v 696.6970603561401 328.6895803756714 0
v 695.39904296875 326.71932421875005 0
v 694.0552825393677 324.78241193389897 0
v 692.6665540161133 322.8796184692383 0
v 691.233632347107 321.0117187728882 0
v 689.7572924804688 319.17948779296876 0
v 688.2383093643188 317.38370047760014 0
v 686.6774579467773 315.6251317749024 0
v 685.0755131759644 313.90455663299565 0
v 683.43325 312.2227500000001 0
v 681.7514433670043 310.5804868240357 0
v 680.0308682250977 308.9785420532227 0
v 678.2722995223999 307.4176906356812 0
v 676.4765122070312 305.8987075195313 0
v 674.6442812271118 304.4223676528932 0
v 672.7763815307617 302.98944598388675 0
v 670.8735880661011 301.6007174606324 0
v 668.93667578125 300.25695703125007 0
v 666.9664196243286 298.95893964385994 0
v 664.963594543457 297.7074402465821 0
v 662.9289754867553 296.5032337875367 0
v 660.8633374023437 295.3470952148438 0
v 658.7674552383423 294.23979947662355 0
v 656.6421039428711 293.18212152099613 0
v 654.4880584640503 292.1748362960816 0
v 652.30609375 291.21871875000005 0
v 650.0969847488403 290.3145438308716 0
v 647.8615064086914 289.46308648681645 0
v 645.6004336776734 288.66512166595464 0
v 643.3145415039063 287.9214243164063 0
v 641.0046048355102 287.2327693862916 0
v 638.6713986206055 286.5999318237305 0
v 636.3156978073121 286.0236865768433 0
v 633.9382773437501 285.50480859375006 0
v 631.5399121780396 285.04407282257085 0
v 629.1213772583008 284.64225421142584 0
v 626.6834475326539 284.3001277084351 0
v 624.2268979492187 284.0184682617188 0
v 621.7525034561157 283.798050819397 0
v 619.2610390014648 283.6396503295899 0
v 616.7532795333863 283.5440417404175 0
v 614.23 283.51200000000006 0
v 614.23 283.51200000000006 0
v 611.7067204666139 283.5440417404175 0
v 609.1989609985352 283.63965032959 0
v 606.7074965438843 283.798050819397 0
v 604.2331020507813 284.01846826171885 0
v 601.7765524673463 284.3001277084351 0
v 599.3386227416993 284.6422542114259 0
v 596.9200878219605 285.04407282257085 0
v 594.5217226562501 285.50480859375006 0
v 592.144302192688 286.0236865768433 0
v 589.7886013793945 286.5999318237305 0
v 587.4553951644897 287.2327693862915 0
v 585.1454584960939 287.9214243164064 0
v 582.8595663223267 288.66512166595464 0
v 580.5984935913086 289.4630864868165 0
v 578.3630152511596 290.3145438308716 0
v 576.15390625 291.21871875000005 0
v 573.9719415359497 292.17483629608154 0
v 571.8178960571289 293.18212152099613 0
v 569.6925447616577 294.2397994766236 0
v 567.5966625976563 295.3470952148438 0
v 565.5310245132447 296.5032337875367 0
v 563.496405456543 297.7074402465821 0
v 561.4935803756714 298.95893964385994 0
v 559.5233242187501 300.25695703125007 0
v 557.586411933899 301.6007174606324 0
v 555.6836184692384 302.98944598388675 0
v 553.8157187728882 304.4223676528931 0
v 551.9834877929687 305.8987075195313 0
v 550.1877004776001 307.4176906356812 0
v 548.4291317749024 308.97854205322267 0
v 546.7085566329956 310.5804868240357 0
v 545.02675 312.22275 0
v 543.3844868240357 313.90455663299565 0
v 541.7825420532226 315.62513177490246 0
v 540.2216906356812 317.38370047760014 0
v 538.7027075195313 319.17948779296876 0
v 537.2263676528931 321.01171877288823 0
v 535.7934459838868 322.8796184692383 0
v 534.4047174606324 324.78241193389897 0
v 533.06095703125 326.71932421875005 0
v 531.7629396438599 328.6895803756714 0
v 530.5114402465821 330.692405456543 0
v 529.3072337875367 332.72702451324466 0
v 528.1510952148437 334.7926625976563 0
v 527.0437994766236 336.8885447616578 0
v 525.9861215209961 339.01389605712893 0
v 524.9788362960816 341.16794153594975 0
v 524.02271875 343.34990625 0
v 523.1185438308717 345.55901525115974 0
v 522.2670864868164 347.79449359130865 0
v 521.4691216659546 350.0555663223267 0
v 520.7254243164062 352.3414584960938 0
v 520.0367693862916 354.65139516448977 0
v 519.4039318237305 356.9846013793946 0
v 518.8276865768432 359.340302192688 0
v 518.30880859375 361.71772265625003 0
v 517.8480728225709 364.1160878219605 0
v 517.4462542114259 366.5346227416993 0
v 517.1041277084352 368.97255246734625 0
v 516.8224682617188 371.4291020507813 0
v 516.6020508193969 373.9034965438843 0
v 516.4436503295899 376.3949609985352 0
v 516.3480417404176 378.9027204666138 0
v 516.316 381.42600000000004 0
v 516.316 381.42600000000004 0
v 516.3480388412477 383.94927663421635 0
v 516.4436388549805 386.4570275268555 0
v 516.6020252761841 388.94847791290283 0
v 516.8224233398437 391.4228530273438 0
v 517.1040582809449 393.8793781051636 0
v 517.4461553344727 396.3172783813477 0
v 517.8479397354126 398.73577909088135 0
v 518.3086367187501 401.1341054687501 0
v 518.8274715194702 403.51148274993903 0
v 519.4036693725586 405.86713616943365 0
v 520.0364555130005 408.2002909622193 0
v 520.7250551757813 410.5101723632813 0
v 521.4686935958863 412.796005607605 0
v 522.2665960083008 415.05701593017585 0
v 523.1179876480103 417.29242856597904 0
v 524.0220937500001 419.50146875 0
v 524.9781395492554 421.6833617172242 0
v 525.9853502807617 423.83733270263673 0
v 527.0429511795045 425.9626069412232 0
v 528.1501674804688 428.05840966796876 0
v 529.3062244186401 430.12396611785897 0
v 530.510347229004 432.15850152587893 0
v 531.7617611465455 434.1612411270142 0
v 533.0596914062501 436.13141015625 0
v 534.4033632431031 438.0682338485718 0
v 535.7920018920898 439.9709374389649 0
v 537.2248325881959 441.8387461624146 0
v 538.7010805664063 443.67088525390625 0
v 540.2199710617066 445.4665799484253 0
v 541.7807293090821 447.22505548095705 0
v 543.3825805435181 448.94553708648687 0
v 545.02475 450.62725 0
v 546.7064629135132 452.26941945648196 0
v 548.426944519043 453.871270690918 0
v 550.1854200515747 455.43202893829346 0
v 551.9811147460938 456.95091943359375 0
v 553.8132538375855 458.42716741180413 0
v 555.6810625610352 459.85999810791014 0
v 557.5837661514282 461.248636756897 0
v 559.52058984375 462.59230859375 0
v 561.4907588729858 463.8902388534546 0
v 563.4934984741211 465.14165277099613 0
v 565.5280338821412 466.3457755813599 0
v 567.5935903320312 467.50183251953126 0
v 569.6893930587769 468.6090488204956 0
v 571.8146672973633 469.6666497192383 0
v 573.9686382827759 470.67386045074466 0
v 576.15053125 471.62990625 0
v 578.3595714340211 472.53401235198976 0
v 580.5949840698242 473.3854039916992 0
v 582.855994392395 474.18330640411375 0
v 585.1418276367187 474.9269448242188 0
v 587.4517090377808 475.6155444869995 0
v 589.7848638305665 476.2483306274414 0
v 592.1405172500611 476.8245284805298 0
v 594.51789453125 477.34336328125 0
v 596.9162209091187 477.8040602645874 0
v 599.3347216186523 478.20584466552737 0
v 601.7726218948364 478.5479417190552 0
v 604.2291469726563 478.82957666015625 0
v 606.7035220870972 479.0499747238159 0
v 609.1949724731445 479.2083611450196 0
v 611.7027233657838 479.3039611587525 0
v 614.226 479.336 0
v 614.226 479.336 0
v 614.2265 479.3365 0
v 614.227 479.337 0
v 614.2275 479.33750000000003 0
v 614.2280000000001 479.338 0
v 614.2285 479.3385 0
v 614.229 479.33900000000006 0
v 614.2295 479.33950000000004 0
v 614.23 479.34000000000003 0
v 614.23 275.72 0
v 611.5014874725342 275.75452640914926 0
v 608.7900032958984 275.8575520935059 0
v 606.0963775787353 276.02824673843384 0
v 603.4214404296874 276.26578002929693 0
v 600.7660219573975 276.5693216514588 0
v 598.1309522705078 276.93804129028325 0
v 595.5170614776613 277.371108631134 0
v 592.9251796875 277.86769335937504 0
v 590.3561370086671 278.4269651603699 0
v 587.8107635498047 279.04809371948244 0
v 585.2898894195557 279.7302487220764 0
v 582.7943447265625 280.4725998535157 0
v 580.3249595794679 281.27431679916384 0
v 577.882564086914 282.13456924438475 0
v 575.467988357544 283.05252687454225 0
v 573.0820625 284.02735937500006 0
v 570.7256166229247 285.0582364311219 0
v 568.399480834961 286.14432772827155 0
v 566.104485244751 287.28480295181276 0
v 563.8414599609375 288.4788317871094 0
v 561.6112350921632 289.7255839195252 0
v 559.4146407470704 291.02422903442385 0
v 557.2525070343019 292.37393681716924 0
v 555.1256640624999 293.77387695312507 0
v 553.0349419403076 295.22321912765506 0
v 550.9811707763672 296.7211330261231 0
v 548.9651806793213 298.26678833389286 0
v 546.9878017578125 299.85935473632816 0
v 545.0498641204833 301.49800191879274 0
v 543.1521978759765 303.18189956665043 0
v 541.2956331329345 304.9102173652649 0
v 539.4810000000001 306.682125 0
v 537.7091285858155 308.4967921562195 0
v 535.9808489990236 310.35338851928714 0
v 534.2969913482666 312.25108377456667 0
v 532.6583857421875 314.1890476074219 0
v 531.0658622894287 316.1664497032166 0
v 529.5202510986328 318.1824597473145 0
v 528.0223822784424 320.23624742507934 0
v 526.5730859375001 322.3269824218751 0
v 525.1731921844482 324.45383442306525 0
v 523.8235311279298 326.6159731140137 0
v 522.524932876587 328.81256818008427 0
v 521.2782275390625 331.04278930664066 0
v 520.084245223999 333.3058061790466 0
v 518.9438160400391 335.6007884826661 0
v 517.8577700958252 337.9269059028626 0
v 516.8269375 340.283328125 0
v 515.8521483612061 342.66922483444216 0
v 514.934232788086 345.08376571655276 0
v 514.0740208892823 347.5261204566956 0
v 513.2723427734376 349.9954587402344 0
v 512.5300285491944 352.49095025253297 0
v 511.84790832519536 355.0117646789551 0
v 511.22681221008304 357.55707170486454 0
v 510.66757031250006 360.12604101562505 0
v 510.17101274108893 362.71784229660034 0
v 509.73796960449226 365.3316452331543 0
v 509.3692710113526 367.9666195106506 0
v 509.06574707031257 370.62193481445314 0
v 508.82822789001466 373.2967608299255 0
v 508.65754357910157 375.9902672424317 0
v 508.55452424621586 378.70162373733524 0
v 508.52000000000004 381.43 0
v 508.52000000000004 381.43 0
v 508.5545264091492 384.1583762626648 0
v 508.6575520935059 386.8697327575684 0
v 508.82824673843385 389.56323917007444 0
v 509.06578002929695 392.2380651855469 0
v 509.36932165145885 394.89338048934934 0
v 509.73804129028326 397.5283547668456 0
v 510.17110863113413 400.1421577033996 0
v 510.66769335937505 402.733958984375 0
v 511.2269651603699 405.30292829513553 0
v 511.84809371948245 407.84823532104497 0
v 512.5302487220765 410.3690497474671 0
v 513.2725998535158 412.8645412597656 0
v 514.0743167991639 415.3338795433044 0
v 514.9345692443849 417.77623428344725 0
v 515.8525268745423 420.19077516555785 0
v 516.827359375 422.576671875 0
v 517.8582364311219 424.9330940971374 0
v 518.9443277282716 427.25921151733405 0
v 520.0848029518128 429.5541938209534 0
v 521.2788317871094 431.81721069335936 0
v 522.5255839195252 434.04743181991586 0
v 523.8242290344239 436.2440268859863 0
v 525.1739368171693 438.40616557693477 0
v 526.573876953125 440.533017578125 0
v 528.023219127655 442.6237525749207 0
v 529.521133026123 444.67754025268556 0
v 531.0667883338929 446.6935502967834 0
v 532.6593547363282 448.6709523925781 0
v 534.2980019187927 450.60891622543335 0
v 535.9818995666504 452.5066114807129 0
v 537.710217365265 454.36320784378046 0
v 539.482125 456.17787500000003 0
v 541.2967921562195 457.94978263473513 0
v 543.1533885192871 459.67810043334964 0
v 545.0510837745667 461.3619980812073 0
v 546.9890476074219 463.0006452636719 0
v 548.9664497032165 464.5932116661072 0
v 550.9824597473145 466.13886697387693 0
v 553.0362474250794 467.63678087234496 0
v 555.126982421875 469.086123046875 0
v 557.2538344230652 470.48606318283083 0
v 559.4159731140137 471.8357709655762 0
v 561.6125681800843 473.1344160804748 0
v 563.8427893066406 474.38116821289066 0
v 566.1058061790467 475.5751970481873 0
v 568.400788482666 476.7156722717285 0
v 570.7269059028625 477.8017635688782 0
v 573.083328125 478.832640625 0
v 575.4692248344422 479.80747312545776 0
v 577.8837657165527 480.7254307556152 0
v 580.3261204566957 481.5856832008362 0
v 582.7954587402344 482.3874001464844 0
v 585.290950252533 483.1297512779236 0
v 587.8117646789551 483.8119062805176 0
v 590.3570717048646 484.4330348396301 0
v 592.9260410156251 484.992306640625 0
v 595.5178422966003 485.48889136886595 0
v 598.1316452331544 485.92195870971676 0
v 600.7666195106507 486.2906783485413 0
v 603.4219348144532 486.59421997070314 0
v 606.0967608299255 486.8317532615662 0
v 608.7902672424316 487.0024479064941 0
v 611.5016237373352 487.1054735908508 0
v 614.23 487.14 0
v 614.23 487.14 0
v 616.9583762626647 487.10547359085086 0
v 619.6697327575685 487.0024479064941 0
v 622.3632391700744 486.8317532615662 0
v 625.0380651855468 486.59421997070314 0
v 627.6933804893494 486.29067834854123 0
v 630.3283547668457 485.92195870971676 0
v 632.9421577033996 485.48889136886595 0
v 635.5339589843751 484.9923066406249 0
v 638.1029282951355 484.4330348396301 0
v 640.6482353210449 483.8119062805176 0
v 643.169049747467 483.1297512779236 0
v 645.6645412597655 482.3874001464844 0
v 648.1338795433045 481.5856832008361 0
v 650.5762342834473 480.72543075561526 0
v 652.9907751655578 479.80747312545776 0
v 655.3766718749999 478.83264062499995 0
v 657.7330940971375 477.80176356887813 0
v 660.059211517334 476.7156722717285 0
v 662.3541938209535 475.5751970481873 0
v 664.6172106933594 474.3811682128906 0
v 666.8474318199159 473.13441608047486 0
v 669.0440268859863 471.8357709655762 0
v 671.2061655769347 470.48606318283083 0
v 673.333017578125 469.08612304687495 0
v 675.4237525749207 467.63678087234496 0
v 677.4775402526856 466.13886697387693 0
v 679.4935502967835 464.5932116661072 0
v 681.4709523925782 463.00064526367186 0
v 683.4089162254334 461.3619980812072 0
v 685.306611480713 459.67810043334964 0
v 687.1632078437806 457.9497826347351 0
v 688.977875 456.177875 0
v 690.7497826347351 454.3632078437805 0
v 692.4781004333496 452.5066114807129 0
v 694.1619980812073 450.6089162254334 0
v 695.8006452636719 448.67095239257816 0
v 697.3932116661072 446.6935502967834 0
v 698.9388669738771 444.6775402526856 0
v 700.4367808723451 442.6237525749206 0
v 701.8861230468751 440.53301757812505 0
v 703.2860631828308 438.40616557693477 0
v 704.6357709655762 436.24402688598633 0
v 705.9344160804749 434.0474318199158 0
v 707.1811682128907 431.81721069335936 0
v 708.3751970481873 429.5541938209534 0
v 709.5156722717286 427.259211517334 0
v 710.6017635688783 424.9330940971375 0
v 711.632640625 422.57667187500005 0
v 712.6074731254578 420.19077516555785 0
v 713.5254307556153 417.77623428344725 0
v 714.3856832008362 415.3338795433044 0
v 715.1874001464845 412.8645412597656 0
v 715.9297512779236 410.36904974746705 0
v 716.6119062805176 407.84823532104497 0
v 717.2330348396301 405.30292829513553 0
v 717.792306640625 402.733958984375 0
v 718.2888913688661 400.1421577033996 0
v 718.7219587097168 397.52835476684567 0
v 719.0906783485414 394.89338048934934 0
v 719.3942199707031 392.2380651855469 0
v 719.6317532615662 389.56323917007444 0
v 719.8024479064942 386.8697327575684 0
v 719.9054735908509 384.15837626266483 0
v 719.94 381.43 0
v 719.94 381.43 0
v 719.9054800796509 378.70162373733524 0
v 719.8024734497071 375.99026724243174 0
v 719.6318098068238 373.2967608299256 0
v 719.3943188476562 370.6219348144531 0
v 719.0908302688599 367.9666195106506 0
v 718.7221737670899 365.3316452331543 0
v 718.2891790390014 362.7178422966003 0
v 717.7926757812501 360.12604101562505 0
v 717.2334936904907 357.5570717048645 0
v 716.612462463379 355.0117646789551 0
v 715.9304117965698 352.49095025253297 0
v 715.1881713867189 349.99545874023437 0
v 714.3865709304811 347.5261204566956 0
v 713.5264401245117 345.08376571655276 0
v 712.6086086654664 342.66922483444216 0
v 711.6339062500001 340.2833281250001 0
v 710.6031625747681 337.9269059028626 0
v 709.5172073364258 335.6007884826661 0
v 708.3768702316283 333.30580617904667 0
v 707.1829809570313 331.04278930664066 0
v 705.9363692092896 328.81256818008427 0
v 704.6378646850586 326.61597311401374 0
v 703.2882970809936 324.4538344230652 0
v 701.8884960937502 322.3269824218751 0
v 700.439291419983 320.23624742507934 0
v 698.9415127563477 318.18245974731445 0
v 697.3959897994996 316.1664497032166 0
v 695.8035522460939 314.1890476074219 0
v 694.1650297927857 312.25108377456667 0
v 692.4812521362305 310.35338851928714 0
v 690.7530489730835 308.4967921562195 0
v 688.98125 306.68212500000004 0
v 687.1666849136353 304.91021736526494 0
v 685.3101834106446 303.1818995666504 0
v 683.4125751876832 301.49800191879274 0
v 681.4746899414063 299.8593547363282 0
v 679.4973573684692 298.26678833389286 0
v 677.4814071655273 296.7211330261231 0
v 675.4276690292359 295.22321912765506 0
v 673.33697265625 293.77387695312507 0
v 671.2101477432252 292.37393681716924 0
v 669.0480239868165 291.02422903442385 0
v 666.8514310836792 289.72558391952515 0
v 664.6211987304688 288.4788317871094 0
v 662.3581566238404 287.28480295181276 0
v 660.0631344604492 286.1443277282715 0
v 657.7369619369507 285.0582364311218 0
v 655.3804687500001 284.02735937500006 0
v 652.9944845962525 283.05252687454225 0
v 650.5798391723633 282.1345692443848 0
v 648.1373621749879 281.2743167991639 0
v 645.6678833007813 280.4725998535157 0
v 643.1722322463991 279.73024872207645 0
v 640.6512387084961 279.04809371948244 0
v 638.1057323837281 278.4269651603699 0
v 635.53654296875 277.86769335937504 0
v 632.9445001602173 277.37110863113406 0
v 630.3304336547852 276.93804129028325 0
v 627.6951731491089 276.5693216514587 0
v 625.0395483398438 276.26578002929693 0
v 622.364388923645 276.0282467384339 0
v 619.670524597168 275.8575520935059 0
v 616.9587850570679 275.7545264091492 0
v 614.23 275.72 0
v 614.23 478.34000000000003 0
v 611.7286117248536 478.308347076416 0
v 609.2428293457032 478.2138957519532 0
v 606.7734140319824 478.057407196045 0
v 604.321126953125 477.839642578125 0
v 601.8867292785645 477.561363067627 0
v 599.4709821777344 477.2233298339844 0
v 597.0746468200684 476.82630404663087 0
v 594.698484375 476.3710468750001 0
v 592.3432560119629 475.8583194885254 0
v 590.0097229003906 475.28888305664066 0
v 587.6986462097167 474.66349874877926 0
v 585.4107871093751 473.982927734375 0
v 583.1469067687989 473.24793118286135 0
v 580.9077663574219 472.4592702636719 0
v 578.6941270446777 471.61770614624027 0
v 576.5067499999999 470.724 0
v 574.3463963928223 469.7789129943847 0
v 572.2138273925782 468.78320629882813 0
v 570.1098041687012 467.7376410827637 0
v 568.035087890625 466.64297851562503 0
v 565.9904397277832 465.49997976684574 0
v 563.9766208496094 464.3094060058594 0
v 561.9943924255372 463.0720184020997 0
v 560.044515625 461.788578125 0
v 558.1277516174316 460.4598463439942 0
v 556.2448615722657 459.0865842285156 0
v 554.3966066589355 457.6695529479981 0
v 552.5837480468749 456.209513671875 0
v 550.8070469055175 454.7072275695801 0
v 549.0672644042969 453.1634558105469 0
v 547.3651617126465 451.578959564209 0
v 545.7015 449.9545 0
v 544.0770404357911 448.29083828735355 0
v 542.4925441894532 446.58873559570316 0
v 540.9487724304199 444.8489530944824 0
v 539.446486328125 443.07225195312503 0
v 537.986447052002 441.2593933410645 0
v 536.5694157714845 439.4111384277344 0
v 535.1961536560059 437.52824838256834 0
v 533.867421875 435.61148437500003 0
v 532.5839815979004 433.66160757446295 0
v 531.3465939941406 431.6793791503907 0
v 530.1560202331543 429.66556027221685 0
v 529.013021484375 427.620912109375 0
v 527.9183589172363 425.54619583129886 0
v 526.8727937011719 423.4421726074219 0
v 525.8770870056153 421.30960360717773 0
v 524.932 419.14925000000005 0
v 524.0382938537598 416.9618729553223 0
v 523.1967297363282 414.74823364257816 0
v 522.4080688171387 412.5090932312012 0
v 521.673072265625 410.24521289062506 0
v 520.9925012512207 407.95735379028326 0
v 520.3671169433594 405.6462770996094 0
v 519.7976805114746 403.31274398803714 0
v 519.284953125 400.95751562500004 0
v 518.8296959533692 398.5813531799317 0
v 518.4326701660157 396.18501782226565 0
v 518.0946369323731 393.7692707214356 0
v 517.816357421875 391.3348730468751 0
v 517.5985928039551 388.88258596801757 0
v 517.4421042480469 386.41317065429695 0
v 517.3476529235841 383.92738827514654 0
v 517.316 381.42600000000004 0
v 517.316 381.42600000000004 0
v 517.347652923584 378.9246117248536 0
v 517.4421042480469 376.4388293457032 0
v 517.5985928039552 373.9694140319824 0
v 517.816357421875 371.5171269531251 0
v 518.0946369323731 369.0827292785645 0
v 518.4326701660157 366.6669821777344 0
v 518.8296959533691 364.27064682006835 0
v 519.284953125 361.89448437500005 0
v 519.7976805114746 359.5392560119629 0
v 520.3671169433594 357.2057229003907 0
v 520.9925012512207 354.8946462097168 0
v 521.673072265625 352.60678710937503 0
v 522.4080688171387 350.34290676879885 0
v 523.1967297363282 348.10376635742193 0
v 524.0382938537598 345.8901270446778 0
v 524.9320000000001 343.70275 0
v 525.8770870056153 341.5423963928223 0
v 526.872793701172 339.40982739257817 0
v 527.9183589172363 337.3058041687013 0
v 529.013021484375 335.2310878906251 0
v 530.1560202331543 333.1864397277833 0
v 531.3465939941406 331.1726208496094 0
v 532.5839815979004 329.1903924255372 0
v 533.867421875 327.240515625 0
v 535.1961536560059 325.32375161743164 0
v 536.5694157714844 323.44086157226565 0
v 537.986447052002 321.5926066589356 0
v 539.446486328125 319.779748046875 0
v 540.94877243042 318.0030469055176 0
v 542.4925441894532 316.26326440429693 0
v 544.0770404357911 314.56116171264654 0
v 545.7015 312.89750000000004 0
v 547.3651617126465 311.2730404357911 0
v 549.0672644042969 309.6885441894532 0
v 550.8070469055176 308.14477243041995 0
v 552.583748046875 306.6424863281251 0
v 554.3966066589355 305.182447052002 0
v 556.2448615722657 303.76541577148447 0
v 558.1277516174316 302.3921536560059 0
v 560.044515625 301.0634218750001 0
v 561.9943924255372 299.7799815979004 0
v 563.9766208496094 298.5425939941407 0
v 565.9904397277833 297.35202023315435 0
v 568.035087890625 296.20902148437506 0
v 570.1098041687012 295.11435891723636 0
v 572.2138273925782 294.0687937011719 0
v 574.3463963928223 293.0730870056153 0
v 576.50675 292.12800000000004 0
v 578.6941270446778 291.2342938537598 0
v 580.9077663574219 290.3927297363282 0
v 583.1469067687988 289.60406881713874 0
v 585.410787109375 288.86907226562505 0
v 587.6986462097168 288.18850125122077 0
v 590.0097229003907 287.56311694335943 0
v 592.3432560119629 286.9936805114746 0
v 594.698484375 286.48095312500004 0
v 597.0746468200683 286.02569595336917 0
v 599.4709821777344 285.6286701660157 0
v 601.8867292785644 285.2906369323731 0
v 604.321126953125 285.0123574218751 0
v 606.7734140319824 284.79459280395514 0
v 609.2428293457031 284.63810424804694 0
v 611.7286117248535 284.54365292358403 0
v 614.23 284.51200000000006 0
v 614.23 284.51200000000006 0
v 616.7313882751464 284.54365292358403 0
v 619.217170654297 284.638104248047 0
v 621.6865859680177 284.79459280395514 0
v 624.138873046875 285.0123574218751 0
v 626.5732707214355 285.2906369323731 0
v 628.9890178222656 285.62867016601575 0
v 631.3853531799316 286.02569595336917 0
v 633.7615156249999 286.4809531250001 0
v 636.1167439880371 286.9936805114747 0
v 638.4502770996095 287.56311694335943 0
v 640.7613537902834 288.1885012512207 0
v 643.049212890625 288.8690722656251 0
v 645.3130932312012 289.60406881713874 0
v 647.5522336425781 290.3927297363282 0
v 649.7658729553223 291.2342938537598 0
v 651.95325 292.12800000000004 0
v 654.1136036071778 293.07308700561526 0
v 656.2461726074218 294.0687937011719 0
v 658.3501958312988 295.11435891723636 0
v 660.424912109375 296.20902148437506 0
v 662.4695602722168 297.3520202331544 0
v 664.4833791503908 298.5425939941407 0
v 666.465607574463 299.7799815979005 0
v 668.4154843749999 301.0634218750001 0
v 670.3322483825684 302.3921536560059 0
v 672.2151384277345 303.76541577148447 0
v 674.0633933410645 305.182447052002 0
v 675.876251953125 306.6424863281251 0
v 677.6529530944824 308.14477243042 0
v 679.3927355957031 309.6885441894532 0
v 681.0948382873535 311.2730404357911 0
v 682.7585 312.89750000000004 0
v 684.382959564209 314.56116171264654 0
v 685.9674558105469 316.26326440429693 0
v 687.5112275695801 318.00304690551764 0
v 689.013513671875 319.77974804687506 0
v 690.4735529479981 321.5926066589356 0
v 691.8905842285158 323.44086157226565 0
v 693.2638463439941 325.32375161743164 0
v 694.592578125 327.24051562500006 0
v 695.8760184020996 329.1903924255372 0
v 697.1134060058594 331.1726208496094 0
v 698.3039797668457 333.18643972778324 0
v 699.446978515625 335.2310878906251 0
v 700.5416410827637 337.30580416870123 0
v 701.5872062988282 339.4098273925782 0
v 702.5829129943847 341.5423963928223 0
v 703.528 343.70275000000004 0
v 704.4217061462402 345.8901270446778 0
v 705.2632702636718 348.10376635742193 0
v 706.0519311828614 350.34290676879885 0
v 706.786927734375 352.6067871093751 0
v 707.4674987487792 354.8946462097168 0
v 708.0928830566406 357.2057229003907 0
v 708.6623194885253 359.53925601196295 0
v 709.1750468749999 361.89448437500005 0
v 709.6303040466308 364.2706468200684 0
v 710.0273298339844 366.66698217773444 0
v 710.365363067627 369.0827292785645 0
v 710.643642578125 371.51712695312506 0
v 710.8614071960449 373.9694140319824 0
v 711.0178957519531 376.4388293457032 0
v 711.1123470764161 378.92461172485355 0
v 711.144 381.42600000000004 0
v 711.144 381.42600000000004 0
v 711.1123543014527 383.9273853759766 0
v 711.0179242553711 386.4131591796875 0
v 710.8614704360962 388.8825604248047 0
v 710.6437534179688 391.33482812500006 0
v 710.3655337753296 393.76920129394534 0
v 710.0275720825196 396.1849189453126 0
v 709.6306289138793 398.58122009277344 0
v 709.17546484375 400.9573437500001 0
v 708.6628404464722 403.31252893066414 0
v 708.0935162963867 405.64601464843753 0
v 707.4682529678344 407.95703991699224 0
v 706.7878110351562 410.24484375000003 0
v 706.0529510726927 412.50866516113285 0
v 705.2644336547851 414.7477431640625 0
v 704.4230193557739 416.961316772461 0
v 703.52946875 419.14862500000004 0
v 702.5845424118041 421.3089068603516 0
v 701.5890009155273 423.44140136718755 0
v 700.5436048355102 425.5453475341797 0
v 699.4491147460938 427.619984375 0
v 698.3062912216186 429.6645509033204 0
v 697.1158948364257 431.6782861328125 0
v 695.8786861648559 433.66042907714854 0
v 694.59542578125 435.61021874999994 0
v 693.2668742599487 437.5268941650391 0
v 691.893792175293 439.40969433593756 0
v 690.4769401016235 441.2578582763673 0
v 689.0170786132812 443.070625 0
v 687.5149682846069 444.84723352050776 0
v 685.9713696899414 446.5869228515626 0
v 684.3870434036255 448.2889320068359 0
v 682.7627500000001 449.9525000000001 0
v 681.0992500534057 451.57686584472657 0
v 679.3973041381836 453.16126855468747 0
v 677.6576728286743 454.7049471435547 0
v 675.8811166992189 456.2071406250001 0
v 674.0683963241577 457.66708801269533 0
v 672.220272277832 459.0840283203125 0
v 670.3375051345826 460.4572005615235 0
v 668.42085546875 461.78584375 0
v 666.4710838546753 463.0691968994141 0
v 664.4889508666993 464.30649902343754 0
v 662.4752170791626 465.4969891357422 0
v 660.4306430664062 466.63990625 0
v 658.355989402771 467.73448937988286 0
v 656.2520166625977 468.77997753906254 0
v 654.119485420227 469.7756097412109 0
v 651.95915625 470.72062500000004 0
v 649.7717897262573 471.6142623291016 0
v 647.5581464233398 472.4557607421875 0
v 645.3189869155883 473.2443592529297 0
v 643.0550717773438 473.97929687500005 0
v 640.7671615829468 474.6598126220704 0
v 638.4560169067383 475.2851455078125 0
v 636.1223983230591 475.85453454589845 0
v 633.76706640625 476.36721875 0
v 631.3907817306518 476.8224371337891 0
v 628.9943048706054 477.2194287109375 0
v 626.5783964004517 477.55743249511715 0
v 624.1438168945313 477.8356875 0
v 621.6913269271852 478.0534327392578 0
v 619.2216870727539 478.2099072265625 0
v 616.7356579055786 478.304349975586 0
v 614.234 478.336 0
v 614.234 478.336 0
v 614.2335 478.3365 0
v 614.2330000000001 478.337 0
v 614.2325000000001 478.33750000000003 0
v 614.232 478.338 0
v 614.2315 478.3385 0
v 614.231 478.33900000000006 0
v 614.2305 478.33950000000004 0
v 614.23 478.34000000000003 0
v 862.83 24.202 0
v 860.1014874725342 24.23652640914917 0
v 857.3900032958985 24.339552093505862 0
v 854.6963775787355 24.51024673843384 0
v 852.0214404296875 24.747780029296877 0
v 849.3660219573976 25.05132165145874 0
v 846.7309522705078 25.420041290283205 0
v 844.1170614776611 25.853108631134035 0
v 841.5251796875 26.349693359375 0
v 838.956137008667 26.908965160369878 0
v 836.4107635498046 27.530093719482423 0
v 833.8898894195557 28.21224872207642 0
v 831.3943447265626 28.954599853515628 0
v 828.9249595794678 29.75631679916382 0
v 826.4825640869141 30.616569244384767 0
v 824.067988357544 31.53452687454224 0
v 821.6820625000001 32.509359375 0
v 819.3256166229248 33.540236431121826 0
v 816.999480834961 34.626327728271484 0
v 814.704485244751 35.76680295181274 0
v 812.4414599609374 36.96083178710938 0
v 810.2112350921632 38.20758391952515 0
v 808.0146407470703 39.50622903442383 0
v 805.8525070343018 40.85593681716919 0
v 803.7256640625001 42.255876953125004 0
v 801.6349419403076 43.70521912765503 0
v 799.5811707763673 45.20313302612304 0
v 797.5651806793213 46.748788333892826 0
v 795.5878017578126 48.34135473632813 0
v 793.6498641204835 49.98000191879272 0
v 791.7521978759765 51.66389956665039 0
v 789.8956331329346 53.3922173652649 0
v 788.081 55.164125 0
v 786.3091285858154 56.97879215621949 0
v 784.5808489990235 58.83538851928712 0
v 782.8969913482666 60.73308377456665 0
v 781.2583857421874 62.671047607421876 0
v 779.6658622894288 64.64844970321656 0
v 778.1202510986329 66.66445974731445 0
v 776.6223822784424 68.71824742507935 0
v 775.1730859375 70.808982421875 0
v 773.7731921844484 72.93583442306519 0
v 772.4235311279298 75.09797311401368 0
v 771.124932876587 77.29456818008424 0
v 769.8782275390624 79.52478930664063 0
v 768.6842452239991 81.78780617904664 0
v 767.5438160400391 84.08278848266602 0
v 766.4577700958253 86.40890590286256 0
v 765.4269375000001 88.76532812500001 0
v 764.4521483612061 91.15122483444215 0
v 763.534232788086 93.56576571655273 0
v 762.6740208892822 96.00812045669556 0
v 761.8723427734375 98.47745874023437 0
v 761.1300285491943 100.97295025253297 0
v 760.4479083251954 103.49376467895509 0
v 759.8268122100831 106.03907170486451 0
v 759.2675703125001 108.60804101562499 0
v 758.7710127410888 111.19984229660035 0
v 758.3379696044922 113.8136452331543 0
v 757.9692710113525 116.44861951065064 0
v 757.6657470703125 119.10393481445313 0
v 757.4282278900147 121.77876082992555 0
v 757.2575435791016 124.47226724243164 0
v 757.1545242462158 127.18362373733521 0
v 757.12 129.912 0
v 757.12 129.912 0
v 757.1545264091493 132.6403762626648 0
v 757.2575520935059 135.35173275756836 0
v 757.4282467384338 138.04523917007447 0
v 757.6657800292969 140.72006518554687 0
v 757.9693216514587 143.37538048934937 0
v 758.3380412902833 146.0103547668457 0
v 758.771108631134 148.62415770339967 0
v 759.267693359375 151.21595898437502 0
v 759.8269651603698 153.7849282951355 0
v 760.4480937194826 156.3302353210449 0
v 761.1302487220763 158.85104974746704 0
v 761.8725998535157 161.34654125976564 0
v 762.6743167991638 163.81587954330445 0
v 763.5345692443848 166.25823428344725 0
v 764.4525268745422 168.67277516555785 0
v 765.427359375 171.058671875 0
v 766.4582364311219 173.41509409713746 0
v 767.5443277282715 175.741211517334 0
v 768.6848029518127 178.0361938209534 0
v 769.8788317871093 180.29921069335938 0
v 771.1255839195252 182.52943181991577 0
v 772.4242290344238 184.72602688598633 0
v 773.7739368171692 186.88816557693482 0
v 775.1738769531249 189.015017578125 0
v 776.623219127655 191.10575257492064 0
v 778.1211330261231 193.15954025268556 0
v 779.6667883338928 195.17555029678346 0
v 781.2593547363282 197.15295239257816 0
v 782.8980019187927 199.09091622543338 0
v 784.5818995666505 200.98861148071288 0
v 786.3102173652649 202.84520784378054 0
v 788.0821249999999 204.65987500000003 0
v 789.8967921562195 206.43178263473513 0
v 791.753388519287 208.1601004333496 0
v 793.6510837745666 209.8439980812073 0
v 795.5890476074219 211.48264526367188 0
v 797.5664497032166 213.07521166610718 0
v 799.5824597473145 214.62086697387696 0
v 801.6362474250794 216.11878087234498 0
v 803.726982421875 217.568123046875 0
v 805.8538344230652 218.96806318283083 0
v 808.0159731140136 220.3177709655762 0
v 810.2125681800842 221.61641608047486 0
v 812.4427893066406 222.86316821289063 0
v 814.7058061790466 224.05719704818725 0
v 817.000788482666 225.19767227172855 0
v 819.3269059028626 226.2837635688782 0
v 821.683328125 227.314640625 0
v 824.0692248344421 228.28947312545776 0
v 826.4837657165526 229.20743075561523 0
v 828.9261204566956 230.0676832008362 0
v 831.3954587402343 230.8694001464844 0
v 833.890950252533 231.6117512779236 0
v 836.411764678955 232.2939062805176 0
v 838.9570717048645 232.91503483963012 0
v 841.526041015625 233.474306640625 0
v 844.1178422966003 233.97089136886598 0
v 846.7316452331543 234.40395870971682 0
v 849.3666195106507 234.7726783485413 0
v 852.0219348144531 235.07621997070314 0
v 854.6967608299256 235.31375326156618 0
v 857.3902672424317 235.48444790649415 0
v 860.1016237373353 235.58747359085083 0
v 862.83 235.622 0
v 862.83 235.622 0
v 865.5585125274658 235.58747359085083 0
v 868.2699967041016 235.48444790649413 0
v 870.9636224212647 235.31375326156618 0
v 873.6385595703125 235.07621997070314 0
v 876.2939780426027 234.7726783485413 0
v 878.9290477294921 234.4039587097168 0
v 881.5429385223389 233.97089136886598 0
v 884.1348203125001 233.474306640625 0
v 886.7038629913329 232.9150348396301 0
v 889.2492364501953 232.29390628051758 0
v 891.7701105804445 231.6117512779236 0
v 894.2656552734376 230.86940014648437 0
v 896.7350404205323 230.0676832008362 0
v 899.1774359130859 229.20743075561523 0
v 901.5920116424561 228.28947312545776 0
v 903.9779375 227.314640625 0
v 906.3343833770753 226.28376356887821 0
v 908.6605191650391 225.19767227172852 0
v 910.955514755249 224.05719704818725 0
v 913.2185400390625 222.86316821289063 0
v 915.4487649078369 221.61641608047486 0
v 917.6453592529298 220.3177709655762 0
v 919.8074929656983 218.96806318283083 0
v 921.9343359375001 217.568123046875 0
v 924.0250580596924 216.11878087234498 0
v 926.0788292236329 214.62086697387693 0
v 928.0948193206787 213.07521166610718 0
v 930.0721982421877 211.48264526367186 0
v 932.0101358795166 209.8439980812073 0
v 933.9078021240236 208.1601004333496 0
v 935.7643668670655 206.4317826347351 0
v 937.5790000000001 204.65987500000003 0
v 939.3508714141847 202.8452078437805 0
v 941.0791510009766 200.98861148071288 0
v 942.7630086517336 199.09091622543335 0
v 944.4016142578126 197.15295239257813 0
v 945.9941377105713 195.17555029678346 0
v 947.5397489013673 193.15954025268553 0
v 949.0376177215578 191.10575257492067 0
v 950.4869140625001 189.01501757812503 0
v 951.8868078155518 186.88816557693485 0
v 953.2364688720704 184.72602688598636 0
v 954.5350671234131 182.52943181991577 0
v 955.7817724609376 180.29921069335938 0
v 956.975754776001 178.03619382095337 0
v 958.1161839599611 175.74121151733402 0
v 959.2022299041748 173.41509409713746 0
v 960.2330625000001 171.05867187500002 0
v 961.2078516387941 168.67277516555788 0
v 962.1257672119142 166.25823428344728 0
v 962.9859791107178 163.81587954330445 0
v 963.7876572265626 161.34654125976564 0
v 964.5299714508058 158.85104974746707 0
v 965.2120916748047 156.33023532104494 0
v 965.833187789917 153.78492829513553 0
v 966.3924296875 151.21595898437502 0
v 966.8889872589114 148.6241577033997 0
v 967.3220303955079 146.01035476684572 0
v 967.6907289886476 143.37538048934937 0
v 967.9942529296876 140.7200651855469 0
v 968.2317721099854 138.0452391700745 0
v 968.4024564208985 135.35173275756839 0
v 968.5054757537843 132.64037626266483 0
v 968.5400000000001 129.91200000000003 0
v 968.5400000000001 129.91200000000003 0
v 968.5054800796511 127.18362373733524 0
v 968.402473449707 124.47226724243167 0
v 968.2318098068238 121.77876082992557 0
v 967.9943188476564 119.10393481445317 0
v 967.69083026886 116.44861951065067 0
v 967.32217376709 113.81364523315433 0
v 966.8891790390016 111.19984229660038 0
v 966.3926757812501 108.60804101562503 0
v 965.8334936904907 106.03907170486455 0
v 965.212462463379 103.49376467895513 0
v 964.5304117965699 100.972950252533 0
v 963.788171386719 98.47745874023443 0
v 962.986570930481 96.0081204566956 0
v 962.1264401245119 93.56576571655276 0
v 961.2086086654664 91.15122483444219 0
v 960.23390625 88.76532812500005 0
v 959.2031625747682 86.40890590286259 0
v 958.1172073364257 84.08278848266606 0
v 956.9768702316284 81.78780617904668 0
v 955.7829809570313 79.52478930664067 0
v 954.5363692092894 77.29456818008427 0
v 953.2378646850588 75.09797311401373 0
v 951.8882970809939 72.93583442306523 0
v 950.48849609375 70.80898242187504 0
v 949.039291419983 68.7182474250794 0
v 947.5415127563477 66.66445974731451 0
v 945.9959897994995 64.64844970321661 0
v 944.4035522460937 62.671047607421926 0
v 942.7650297927856 60.7330837745667 0
v 941.0812521362305 58.83538851928716 0
v 939.3530489730836 56.978792156219534 0
v 937.58125 55.16412500000005 0
v 935.7666849136352 53.39221736526494 0
v 933.9101834106445 51.66389956665044 0
v 932.0125751876831 49.98000191879277 0
v 930.0746899414064 48.34135473632818 0
v 928.0973573684693 46.74878833389287 0
v 926.0814071655275 45.2031330261231 0
v 924.0276690292359 43.70521912765508 0
v 921.9369726562501 42.255876953125046 0
v 919.8101477432251 40.85593681716924 0
v 917.6480239868165 39.506229034423875 0
v 915.4514310836793 38.20758391952519 0
v 913.2211987304687 36.96083178710942 0
v 910.9581566238403 35.76680295181279 0
v 908.6631344604493 34.626327728271534 0
v 906.3369619369507 33.540236431121876 0
v 903.98046875 32.509359375000045 0
v 901.5944845962524 31.53452687454228 0
v 899.1798391723632 30.616569244384806 0
v 896.7373621749878 29.756316799163862 0
v 894.2678833007812 28.954599853515667 0
v 891.772232246399 28.21224872207646 0
v 889.2512387084961 27.530093719482466 0
v 886.705732383728 26.908965160369917 0
v 884.1365429687501 26.349693359375042 0
v 881.5445001602172 25.853108631134077 0
v 878.9304336547852 25.420041290283244 0
v 876.2951731491089 25.05132165145878 0
v 873.6395483398437 24.747780029296912 0
v 870.9643889236451 24.510246738433878 0
v 868.270524597168 24.339552093505898 0
v 865.5587850570679 24.23652640914921 0
v 862.83 24.20200000000004 0
v 862.83 226.832 0
v 860.3286117248537 226.800347076416 0
v 857.8428293457032 226.70589575195308 0
v 855.3734140319825 226.5494071960449 0
v 852.921126953125 226.33164257812498 0
v 850.4867292785646 226.05336306762698 0
v 848.0709821777344 225.71532983398438 0
v 845.6746468200683 225.31830404663083 0
v 843.298484375 224.863046875 0
v 840.943256011963 224.3503194885254 0
v 838.6097229003906 223.78088305664062 0
v 836.2986462097169 223.1554987487793 0
v 834.010787109375 222.47492773437497 0
v 831.7469067687988 221.7399311828613 0
v 829.5077663574219 220.95127026367186 0
v 827.2941270446777 220.10970614624023 0
v 825.10675 219.21599999999998 0
v 822.9463963928223 218.27091299438476 0
v 820.8138273925782 217.27520629882812 0
v 818.7098041687012 216.22964108276366 0
v 816.6350878906251 215.13497851562502 0
v 814.5904397277833 213.9919797668457 0
v 812.5766208496094 212.80140600585938 0
v 810.5943924255372 211.5640184020996 0
v 808.644515625 210.28057812499998 0
v 806.7277516174316 208.95184634399413 0
v 804.8448615722657 207.5785842285156 0
v 802.9966066589355 206.16155294799805 0
v 801.183748046875 204.701513671875 0
v 799.4070469055176 203.19922756958007 0
v 797.6672644042969 201.65545581054687 0
v 795.9651617126465 200.07095956420898 0
v 794.3015 198.44650000000001 0
v 792.677040435791 196.7828382873535 0
v 791.0925441894531 195.08073559570312 0
v 789.5487724304198 193.34095309448242 0
v 788.0464863281251 191.564251953125 0
v 786.586447052002 189.75139334106444 0
v 785.1694157714844 187.90313842773438 0
v 783.7961536560058 186.02024838256838 0
v 782.467421875 184.103484375 0
v 781.1839815979005 182.1536075744629 0
v 779.9465939941407 180.17137915039064 0
v 778.7560202331542 178.1575602722168 0
v 777.613021484375 176.112912109375 0
v 776.5183589172364 174.03819583129882 0
v 775.4727937011719 171.93417260742189 0
v 774.4770870056152 169.80160360717775 0
v 773.5319999999999 167.64125 0
v 772.6382938537598 165.45387295532225 0
v 771.7967297363282 163.24023364257812 0
v 771.0080688171388 161.0010932312012 0
v 770.273072265625 158.73721289062502 0
v 769.5925012512207 156.44935379028323 0
v 768.9671169433593 154.13827709960935 0
v 768.3976805114746 151.8047439880371 0
v 767.884953125 149.449515625 0
v 767.4296959533692 147.07335317993164 0
v 767.0326701660157 144.6770178222656 0
v 766.694636932373 142.26127072143555 0
v 766.416357421875 139.826873046875 0
v 766.1985928039552 137.37458596801758 0
v 766.0421042480469 134.90517065429688 0
v 765.9476529235841 132.4193882751465 0
v 765.916 129.918 0
v 765.916 129.918 0
v 765.9476529235841 127.41661172485352 0
v 766.0421042480469 124.93082934570313 0
v 766.1985928039551 122.46141403198243 0
v 766.416357421875 120.009126953125 0
v 766.6946369323731 117.57472927856446 0
v 767.0326701660157 115.15898217773437 0
v 767.4296959533692 112.76264682006837 0
v 767.884953125 110.38648437500001 0
v 768.3976805114746 108.0312560119629 0
v 768.9671169433593 105.69772290039063 0
v 769.5925012512206 103.3866462097168 0
v 770.273072265625 101.098787109375 0
v 771.0080688171386 98.83490676879882 0
v 771.7967297363282 96.59576635742188 0
v 772.6382938537597 94.38212704467774 0
v 773.532 92.19475 0
v 774.4770870056152 90.03439639282226 0
v 775.472793701172 87.90182739257814 0
v 776.5183589172364 85.79780416870119 0
v 777.613021484375 83.723087890625 0
v 778.7560202331543 81.67843972778321 0
v 779.9465939941407 79.66462084960939 0
v 781.1839815979005 77.68239242553712 0
v 782.4674218749999 75.732515625 0
v 783.7961536560059 73.81575161743164 0
v 785.1694157714845 71.93286157226564 0
v 786.5864470520019 70.08460665893556 0
v 788.0464863281251 68.271748046875 0
v 789.5487724304198 66.49504690551758 0
v 791.0925441894531 64.75526440429688 0
v 792.677040435791 63.0531617126465 0
v 794.3015 61.389500000000005 0
v 795.9651617126465 59.76504043579102 0
v 797.6672644042969 58.18054418945312 0
v 799.4070469055176 56.636772430419924 0
v 801.183748046875 55.134486328125 0
v 802.9966066589357 53.67444705200195 0
v 804.8448615722657 52.25741577148438 0
v 806.7277516174316 50.884153656005864 0
v 808.644515625 49.55542187500001 0
v 810.5943924255372 48.2719815979004 0
v 812.5766208496095 47.03459399414063 0
v 814.5904397277833 45.84402023315431 0
v 816.635087890625 44.701021484375005 0
v 818.7098041687012 43.606358917236335 0
v 820.8138273925782 42.56079370117188 0
v 822.9463963928223 41.56508700561524 0
v 825.10675 40.620000000000005 0
v 827.2941270446778 39.72629385375977 0
v 829.5077663574218 38.884729736328126 0
v 831.7469067687989 38.09606881713867 0
v 834.0107871093751 37.36107226562501 0
v 836.2986462097169 36.680501251220704 0
v 838.6097229003906 36.05511694335938 0
v 840.9432560119628 35.48568051147461 0
v 843.298484375 34.972953125000004 0
v 845.6746468200683 34.51769595336914 0
v 848.0709821777344 34.12067016601563 0
v 850.4867292785646 33.78263693237305 0
v 852.9211269531249 33.50435742187501 0
v 855.3734140319825 33.28659280395509 0
v 857.8428293457032 33.13010424804688 0
v 860.3286117248535 33.03565292358399 0
v 862.83 33.004000000000005 0
v 862.83 33.004000000000005 0
v 865.3313882751465 33.03565292358399 0
v 867.8171706542969 33.130104248046884 0
v 870.2865859680177 33.28659280395509 0
v 872.738873046875 33.50435742187501 0
v 875.1732707214355 33.782636932373045 0
v 877.5890178222656 34.120670166015636 0
v 879.9853531799317 34.51769595336914 0
v 882.361515625 34.97295312500001 0
v 884.716743988037 35.48568051147461 0
v 887.0502770996095 36.05511694335938 0
v 889.3613537902831 36.680501251220704 0
v 891.649212890625 37.361072265625005 0
v 893.9130932312012 38.09606881713868 0
v 896.1522336425782 38.88472973632813 0
v 898.3658729553224 39.72629385375977 0
v 900.5532499999998 40.62000000000001 0
v 902.7136036071777 41.56508700561524 0
v 904.8461726074219 42.56079370117188 0
v 906.9501958312987 43.606358917236335 0
v 909.024912109375 44.701021484375005 0
v 911.0695602722169 45.8440202331543 0
v 913.0833791503906 47.03459399414063 0
v 915.0656075744629 48.2719815979004 0
v 917.015484375 49.55542187500001 0
v 918.9322483825683 50.884153656005864 0
v 920.8151384277343 52.257415771484375 0
v 922.6633933410645 53.67444705200195 0
v 924.476251953125 55.13448632812501 0
v 926.2529530944826 56.63677243041993 0
v 927.9927355957032 58.18054418945313 0
v 929.6948382873535 59.76504043579102 0
v 931.3584999999999 61.389500000000005 0
v 932.982959564209 63.0531617126465 0
v 934.5674558105468 64.75526440429688 0
v 936.11122756958 66.49504690551758 0
v 937.613513671875 68.271748046875 0
v 939.073552947998 70.08460665893556 0
v 940.4905842285157 71.93286157226562 0
v 941.8638463439942 73.81575161743164 0
v 943.192578125 75.732515625 0
v 944.4760184020996 77.68239242553712 0
v 945.7134060058594 79.66462084960938 0
v 946.9039797668457 81.6784397277832 0
v 948.046978515625 83.72308789062501 0
v 949.1416410827636 85.79780416870118 0
v 950.1872062988281 87.90182739257813 0
v 951.1829129943848 90.03439639282226 0
v 952.1279999999999 92.19475 0
v 953.0217061462403 94.38212704467774 0
v 953.8632702636719 96.59576635742188 0
v 954.6519311828613 98.83490676879883 0
v 955.3869277343749 101.09878710937501 0
v 956.0674987487794 103.3866462097168 0
v 956.6928830566405 105.69772290039063 0
v 957.2623194885255 108.0312560119629 0
v 957.7750468749999 110.38648437500001 0
v 958.2303040466309 112.76264682006837 0
v 958.6273298339844 115.15898217773437 0
v 958.965363067627 117.57472927856446 0
v 959.243642578125 120.009126953125 0
v 959.4614071960449 122.46141403198243 0
v 959.6178957519531 124.93082934570313 0
v 959.712347076416 127.41661172485352 0
v 959.744 129.918 0
v 959.744 129.918 0
v 959.7123543014526 132.41938537597656 0
v 959.6179242553711 134.9051591796875 0
v 959.4614704360962 137.37456042480468 0
v 959.2437534179687 139.826828125 0
v 958.9655337753296 142.26120129394533 0
v 958.6275720825195 144.67691894531248 0
v 958.2306289138794 147.07322009277345 0
v 957.7754648437498 149.44934375 0
v 957.2628404464722 151.80452893066408 0
v 956.6935162963867 154.13801464843752 0
v 956.0682529678344 156.44903991699218 0
v 955.3878110351562 158.73684375000002 0
v 954.652951072693 161.00066516113282 0
v 953.8644336547851 163.2397431640625 0
v 953.023019355774 165.45331677246094 0
v 952.12946875 167.64062500000003 0
v 951.1845424118043 169.80090686035157 0
v 950.1890009155272 171.93340136718749 0
v 949.1436048355101 174.03734753417967 0
v 948.0491147460937 176.11198437500002 0
v 946.9062912216187 178.15655090332035 0
v 945.7158948364258 180.17028613281252 0
v 944.4786861648558 182.15242907714844 0
v 943.19542578125 184.10221875000002 0
v 941.8668742599488 186.01889416503906 0
v 940.493792175293 187.90169433593752 0
v 939.0769401016236 189.7498582763672 0
v 937.6170786132813 191.562625 0
v 936.1149682846069 193.33923352050783 0
v 934.5713696899413 195.0789228515625 0
v 932.9870434036254 196.78093200683594 0
v 931.36275 198.4445 0
v 929.6992500534059 200.0688658447266 0
v 927.9973041381837 201.6532685546875 0
v 926.2576728286743 203.1969471435547 0
v 924.4811166992188 204.69914062499998 0
v 922.6683963241577 206.15908801269532 0
v 920.820272277832 207.5760283203125 0
v 918.9375051345826 208.94920056152344 0
v 917.0208554687499 210.27784375000002 0
v 915.0710838546754 211.56119689941406 0
v 913.0889508666994 212.7984990234375 0
v 911.0752170791626 213.9889891357422 0
v 909.0306430664062 215.13190625 0
v 906.955989402771 216.22648937988282 0
v 904.8520166625977 217.2719775390625 0
v 902.7194854202271 218.26760974121095 0
v 900.5591562500001 219.212625 0
v 898.3717897262574 220.10626232910158 0
v 896.15814642334 220.94776074218748 0
v 893.9189869155884 221.7363592529297 0
v 891.6550717773439 222.471296875 0
v 889.3671615829469 223.15181262207034 0
v 887.0560169067383 223.77714550781252 0
v 884.7223983230591 224.34653454589846 0
v 882.36706640625 224.85921875 0
v 879.9907817306519 225.31443713378906 0
v 877.5943048706056 225.71142871093753 0
v 875.1783964004518 226.04943249511717 0
v 872.7438168945313 226.3276875 0
v 870.2913269271851 226.54543273925782 0
v 867.821687072754 226.7019072265625 0
v 865.3356579055786 226.79634997558594 0
v 862.8340000000001 226.828 0
v 862.8340000000001 226.828 0
v 862.8335000000001 226.8285 0
v 862.8330000000001 226.829 0
v 862.8325000000001 226.8295 0
v 862.8320000000001 226.82999999999998 0
v 862.8315 226.8305 0
v 862.831 226.831 0
v 862.8305 226.8315 0
v 862.83 226.832 0
v 862.83 25.202 0
v 865.528490802765 25.23626664733887 0
v 868.2103795471191 25.33851403808594 0
v 870.8748376121522 25.507913345336917 0
v 873.5210363769531 25.7436357421875 0
v 876.1481472206117 26.044852401733397 0
v 878.7553415222168 26.41073449707031 0
v 881.3417906608581 26.840453201293947 0
v 883.906666015625 27.3331796875 0
v 886.4491389656067 27.888085128784184 0
v 888.9683808898926 28.50434069824219 0
v 891.4635631675721 29.181117568969732 0
v 893.9338571777345 29.9175869140625 0
v 896.3784342994691 30.712919906616214 0
v 898.7964659118652 31.566287719726564 0
v 901.1871233940125 32.47686152648926 0
v 903.549578125 33.4438125 0
v 905.8830014839174 34.466311813354494 0
v 908.1865648498537 35.54353063964844 0
v 910.4594396018982 36.674640151977535 0
v 912.7007971191406 37.858811523437495 0
v 914.9098087806702 39.09521592712402 0
v 917.0856459655762 40.383024536132815 0
v 919.2274800529481 41.72140852355957 0
v 921.3344824218751 43.1095390625 0
v 923.4058244514465 44.5465873260498 0
v 925.440677520752 46.031724487304686 0
v 927.4382130088807 47.56412171936035 0
v 929.397602294922 49.1429501953125 0
v 931.3180167579651 50.76738108825684 0
v 933.1986277770998 52.43658557128907 0
v 935.0386067314148 54.14973481750489 0
v 936.8371250000001 55.906000000000006 0
v 938.5933539619448 57.70455229187012 0
v 940.3064649963379 59.54456286621094 0
v 941.9756294822694 61.42520289611817 0
v 943.6000187988283 63.345643554687506 0
v 945.1788043251038 65.30505601501466 0
v 946.7111574401856 67.30261145019531 0
v 948.196249523163 69.3374810333252 0
v 949.633251953125 71.40883593750002 0
v 951.0213361091616 73.51584733581544 0
v 952.3596733703614 75.65768640136719 0
v 953.6474351158142 77.83352430725098 0
v 954.8837927246095 80.04253222656251 0
v 956.0679175758362 82.28388133239747 0
v 957.1989810485841 84.55674279785157 0
v 958.2761545219423 86.86028779602051 0
v 959.2986093750001 89.19368750000001 0
v 960.265516986847 91.55611308288574 0
v 961.1760487365724 93.94673571777344 0
v 962.0293760032655 96.3647265777588 0
v 962.8246701660157 98.8092568359375 0
v 963.5611026039124 101.27949766540527 0
v 964.2378446960449 103.77462023925781 0
v 964.8540678215027 106.29379573059083 0
v 965.4089433593751 108.8361953125 0
v 965.9016426887514 111.40099015808107 0
v 966.3313371887208 113.98735144042969 0
v 966.697198238373 116.59445033264161 0
v 966.998397216797 119.2214580078125 0
v 967.2341055030823 121.8675456390381 0
v 967.4034944763184 124.53188439941407 0
v 967.5057355155946 127.21364546203614 0
v 967.5400000000001 129.912 0
v 967.5400000000001 129.912 0
v 967.5057333526613 132.61035453796387 0
v 967.403485961914 135.29211560058596 0
v 967.2340866546631 137.9564543609619 0
v 966.9983642578127 140.6025419921875 0
v 966.6971475982668 143.2295496673584 0
v 966.3312655029298 145.8366485595703 0
v 965.9015467987062 148.42300984191897 0
v 965.4088203125001 150.98780468750002 0
v 964.8539148712158 153.5302042694092 0
v 964.2376593017578 156.0493797607422 0
v 963.5608824310303 158.54450233459474 0
v 962.8244130859377 161.01474316406254 0
v 962.0290800933839 163.4592734222412 0
v 961.1757122802736 165.87726428222655 0
v 960.2651384735109 168.26788691711428 0
v 959.2981875 170.6303125 0
v 958.2756881866457 172.9637122039795 0
v 957.1984693603515 175.26725720214847 0
v 956.0673598480224 177.54011866760254 0
v 954.8831884765626 179.78146777343753 0
v 953.6467840728759 181.99047569274904 0
v 952.3589754638673 184.16631359863285 0
v 951.0205914764406 186.30815266418458 0
v 949.6324609375 188.41516406250003 0
v 948.1954126739503 190.4865189666748 0
v 946.7102755126955 192.5213885498047 0
v 945.1778782806398 194.51894398498536 0
v 943.5990498046875 196.47835644531253 0
v 941.9746189117432 198.39879710388186 0
v 940.3054144287111 200.2794371337891 0
v 938.5922651824952 202.11944770812988 0
v 936.836 203.91800000000003 0
v 935.0374477081299 205.67426518249513 0
v 933.1974371337891 207.38741442871094 0
v 931.316797103882 209.05661891174316 0
v 929.3963564453127 210.68104980468752 0
v 927.4369439849854 212.25987828063964 0
v 925.4393885498048 213.7922755126953 0
v 923.4045189666749 215.2774126739502 0
v 921.3331640625001 216.7144609375 0
v 919.2261526641846 218.10259147644044 0
v 917.0843135986329 219.4409754638672 0
v 914.9084756927491 220.728784072876 0
v 912.6994677734376 221.9651884765625 0
v 910.4581186676025 223.14935984802247 0
v 908.1852572021485 224.28046936035156 0
v 905.8817122039796 225.35768818664553 0
v 903.5483125000001 226.38018750000003 0
v 901.1858869171142 227.34713847351077 0
v 898.7952642822266 228.25771228027344 0
v 896.3772734222414 229.1110800933838 0
v 893.9327431640626 229.90641308593752 0
v 891.4625023345948 230.64288243103027 0
v 888.9673797607422 231.31965930175784 0
v 886.4482042694092 231.9359148712158 0
v 883.9058046875 232.4908203125 0
v 881.341009841919 232.98354679870607 0
v 878.7546485595703 233.4132655029297 0
v 876.1475496673585 233.77914759826663 0
v 873.5205419921875 234.0803642578125 0
v 870.874454360962 234.3160866546631 0
v 868.210115600586 234.48548596191407 0
v 865.528354537964 234.58773335266116 0
v 862.83 234.622 0
v 862.83 234.622 0
v 860.1316454620362 234.58773335266116 0
v 857.4498843994141 234.48548596191407 0
v 854.7855456390381 234.31608665466308 0
v 852.1394580078126 234.0803642578125 0
v 849.5124503326417 233.77914759826663 0
v 846.9053514404297 233.41326550292968 0
v 844.3189901580811 232.98354679870607 0
v 841.7541953125001 232.4908203125 0
v 839.2117957305908 231.9359148712158 0
v 836.6926202392578 231.3196593017578 0
v 834.1974976654054 230.64288243103027 0
v 831.7272568359376 229.9064130859375 0
v 829.2827265777588 229.1110800933838 0
v 826.8647357177734 228.25771228027344 0
v 824.4741130828858 227.34713847351074 0
v 822.1116875000001 226.3801875 0
v 819.7782877960205 225.35768818664553 0
v 817.4747427978516 224.2804693603516 0
v 815.2018813323974 223.14935984802244 0
v 812.9605322265625 221.9651884765625 0
v 810.751524307251 220.728784072876 0
v 808.5756864013673 219.4409754638672 0
v 806.4338473358154 218.10259147644044 0
v 804.3268359375 216.71446093749998 0
v 802.2554810333252 215.2774126739502 0
v 800.2206114501954 213.7922755126953 0
v 798.2230560150147 212.25987828063964 0
v 796.2636435546876 210.6810498046875 0
v 794.3432028961182 209.0566189117432 0
v 792.462562866211 207.38741442871094 0
v 790.6225522918701 205.6742651824951 0
v 788.824 203.91800000000003 0
v 787.067734817505 202.11944770812988 0
v 785.354585571289 200.2794371337891 0
v 783.6853810882569 198.39879710388183 0
v 782.0609501953126 196.47835644531253 0
v 780.4821217193605 194.51894398498536 0
v 778.9497244873046 192.52138854980467 0
v 777.4645873260498 190.48651896667482 0
v 776.0275390625 188.41516406250003 0
v 774.6394085235596 186.3081526641846 0
v 773.3010245361329 184.16631359863285 0
v 772.0132159271241 181.99047569274904 0
v 770.7768115234376 179.7814677734375 0
v 769.5926401519775 177.54011866760254 0
v 768.4615306396486 175.26725720214847 0
v 767.3843118133545 172.9637122039795 0
v 766.3618125 170.6303125 0
v 765.3948615264893 168.26788691711428 0
v 764.4842877197266 165.87726428222658 0
v 763.6309199066163 163.45927342224124 0
v 762.8355869140626 161.0147431640625 0
v 762.0991175689696 158.54450233459477 0
v 761.4223406982422 156.04937976074223 0
v 760.8060851287842 153.5302042694092 0
v 760.2511796875 150.98780468750005 0
v 759.758453201294 148.423009841919 0
v 759.3287344970703 145.83664855957034 0
v 758.9628524017334 143.2295496673584 0
v 758.6616357421875 140.60254199218753 0
v 758.4259133453369 137.95645436096197 0
v 758.256514038086 135.29211560058596 0
v 758.1542666473389 132.6103545379639 0
v 758.12 129.91200000000003 0
v 758.12 129.91200000000003 0
v 758.1542709732057 127.21364546203615 0
v 758.2565310668946 124.5318843994141 0
v 758.4259510421753 121.86754563903813 0
v 758.6617016601563 119.22145800781254 0
v 758.9629536819458 116.59445033264164 0
v 759.3288778686524 113.98735144042972 0
v 759.7586449813842 111.40099015808109 0
v 760.25142578125 108.83619531250004 0
v 760.8063910293579 106.29379573059087 0
v 761.4227114868165 103.77462023925786 0
v 762.0995579147339 101.2794976654053 0
v 762.8361010742188 98.80925683593753 0
v 763.6315117263794 96.36472657775883 0
v 764.4849606323243 93.94673571777346 0
v 765.3956185531616 91.55611308288579 0
v 766.3626562500001 89.19368750000004 0
v 767.3852444839479 86.86028779602054 0
v 768.4625540161132 84.5567427978516 0
v 769.593755607605 82.2838813323975 0
v 770.7780200195313 80.04253222656254 0
v 772.0145180130006 77.83352430725101 0
v 773.3024203491211 75.65768640136724 0
v 774.6408977890017 73.51584733581548 0
v 776.02912109375 71.40883593750003 0
v 777.4662610244751 69.33748103332523 0
v 778.9514883422852 67.30261145019536 0
v 780.4839738082885 65.3050560150147 0
v 782.0628881835938 63.34564355468754 0
v 783.6874022293091 61.42520289611821 0
v 785.3566867065431 59.54456286621098 0
v 787.0699123764039 57.70455229187016 0
v 788.8262500000001 55.90600000000004 0
v 790.62487033844 54.14973481750493 0
v 792.464944152832 52.4365855712891 0
v 794.3456422042848 50.767381088256876 0
v 796.2661352539064 49.142950195312544 0
v 798.2255940628053 47.564121719360394 0
v 800.2231893920898 46.03172448730473 0
v 802.2580920028687 44.546587326049846 0
v 804.32947265625 43.10953906250004 0
v 806.4365021133424 41.72140852355961 0
v 808.578351135254 40.383024536132844 0
v 810.7541904830933 39.095215927124066 0
v 812.9631909179687 37.85881152343754 0
v 815.2045232009889 36.674640151977584 0
v 817.4773580932617 35.54353063964848 0
v 819.780866355896 34.46631181335454 0
v 822.11421875 33.44381250000004 0
v 824.4765860366822 32.4768615264893 0
v 826.8671389770509 31.566287719726603 0
v 829.2850483322144 30.71291990661625 0
v 831.7294848632812 29.91758691406254 0
v 834.1996193313599 29.181117568969768 0
v 836.6946224975586 28.50434069824223 0
v 839.2136651229858 27.88808512878422 0
v 841.75591796875 27.333179687500042 0
v 844.3205517959595 26.84045320129399 0
v 846.9067373657227 26.410734497070354 0
v 849.513645439148 26.04485240173344 0
v 852.1404467773438 25.74363574218754 0
v 854.7863121414185 25.507913345336952 0
v 857.4504122924805 25.338514038085975 0
v 860.1319179916383 25.23626664733891 0
v 862.83 25.20200000000004 0
v 862.83 25.20200000000004 0
v 862.83 25.202250000000042 0
v 862.83 25.20250000000004 0
v 862.83 25.20275000000004 0
v 862.83 25.20300000000004 0
v 862.83 25.20325000000004 0
v 862.83 25.20350000000004 0
v 862.83 25.20375000000004 0
v 862.83 25.20400000000004 0
v 862.83 25.20400000000004 0
v 862.83 25.203750000000035 0
v 862.83 25.20350000000003 0
v 862.83 25.203250000000025 0
v 862.83 25.20300000000002 0
v 862.83 25.202750000000016 0
v 862.83 25.20250000000001 0
v 862.83 25.202250000000006 0
v 862.83 25.202 0
v 862.83 227.832 0
v 865.3532795333863 227.7999582595825 0
v 867.8610390014649 227.70434967041012 0
v 870.3525034561159 227.54594918060303 0
v 872.8268979492187 227.32553173828123 0
v 875.2834475326538 227.04387229156495 0
v 877.7213772583009 226.70174578857421 0
v 880.1399121780396 226.29992717742917 0
v 882.53827734375 225.83919140625 0
v 884.915697807312 225.32031342315676 0
v 887.2713986206055 224.74406817626954 0
v 889.6046048355104 224.1112306137085 0
v 891.9145415039063 223.42257568359372 0
v 894.2004336776733 222.6788783340454 0
v 896.4615064086914 221.8809135131836 0
v 898.6969847488404 221.02945616912842 0
v 900.90609375 220.12528125 0
v 903.0880584640504 219.16916370391846 0
v 905.242103942871 218.16187847900392 0
v 907.3674552383422 217.10420052337642 0
v 909.4633374023438 215.99690478515626 0
v 911.5289754867554 214.84076621246336 0
v 913.5635945434572 213.63655975341794 0
v 915.5664196243287 212.38506035614014 0
v 917.53667578125 211.08704296874998 0
v 919.4735880661011 209.74328253936767 0
v 921.3763815307617 208.35455401611327 0
v 923.2442812271119 206.92163234710694 0
v 925.0765122070312 205.44529248046874 0
v 926.8722995224 203.92630936431883 0
v 928.6308682250976 202.36545794677733 0
v 930.3514433670044 200.76351317596436 0
v 932.03325 199.12124999999997 0
v 933.6755131759643 197.43944336700437 0
v 935.2774579467773 195.71886822509765 0
v 936.8383093643189 193.9602995223999 0
v 938.3572924804687 192.16451220703124 0
v 939.8336323471069 190.33228122711182 0
v 941.2665540161133 188.4643815307617 0
v 942.6552825393677 186.56158806610105 0
v 943.99904296875 184.62467578125 0
v 945.2970603561402 182.65441962432863 0
v 946.548559753418 180.651594543457 0
v 947.7527662124635 178.61697548675534 0
v 948.9089047851562 176.55133740234373 0
v 950.0162005233764 174.45545523834227 0
v 951.0738784790038 172.3301039428711 0
v 952.0811637039185 170.17605846405027 0
v 953.03728125 167.99409375 0
v 953.9414561691284 165.78498474884032 0
v 954.7929135131835 163.5495064086914 0
v 955.5908783340454 161.28843367767334 0
v 956.3345756835938 159.00254150390626 0
v 957.0232306137085 156.69260483551022 0
v 957.6560681762695 154.35939862060548 0
v 958.2323134231567 152.003697807312 0
v 958.75119140625 149.62627734375 0
v 959.2119271774293 147.22791217803956 0
v 959.6137457885743 144.80937725830077 0
v 959.955872291565 142.3714475326538 0
v 960.2375317382812 139.91489794921876 0
v 960.457949180603 137.44050345611572 0
v 960.6163496704102 134.94903900146485 0
v 960.7119582595825 132.44127953338625 0
v 960.744 129.918 0
v 960.744 129.918 0
v 960.7119582595825 127.39472046661378 0
v 960.6163496704102 124.88696099853517 0
v 960.457949180603 122.39549654388428 0
v 960.2375317382813 119.92110205078126 0
v 959.955872291565 117.4645524673462 0
v 959.6137457885742 115.02662274169923 0
v 959.2119271774292 112.60808782196047 0
v 958.7511914062499 110.20972265625002 0
v 958.2323134231567 107.832302192688 0
v 957.6560681762695 105.47660137939454 0
v 957.0232306137084 103.14339516448976 0
v 956.3345756835937 100.83345849609375 0
v 955.5908783340454 98.54756632232667 0
v 954.7929135131836 96.28649359130861 0
v 953.9414561691284 94.05101525115968 0
v 953.03728125 91.84190625000001 0
v 952.0811637039185 89.65994153594971 0
v 951.0738784790038 87.50589605712894 0
v 950.0162005233764 85.38054476165773 0
v 948.9089047851562 83.28466259765626 0
v 947.7527662124634 81.21902451324465 0
v 946.548559753418 79.18440545654299 0
v 945.2970603561402 77.1815803756714 0
v 943.99904296875 75.21132421875001 0
v 942.6552825393677 73.27441193389895 0
v 941.2665540161134 71.3716184692383 0
v 939.8336323471069 69.50371877288819 0
v 938.3572924804687 67.67148779296876 0
v 936.838309364319 65.87570047760012 0
v 935.2774579467773 64.11713177490236 0
v 933.6755131759643 62.396556632995626 0
v 932.03325 60.714750000000016 0
v 930.3514433670044 59.07248682403566 0
v 928.6308682250976 57.470542053222665 0
v 926.8722995223999 55.90969063568116 0
v 925.0765122070313 54.390707519531254 0
v 923.2442812271119 52.91436765289308 0
v 921.3763815307618 51.48144598388673 0
v 919.4735880661011 50.092717460632336 0
v 917.5366757812501 48.74895703125001 0
v 915.5664196243287 47.450939643859876 0
v 913.5635945434572 46.199440246582036 0
v 911.5289754867554 44.995233787536634 0
v 909.4633374023437 43.839095214843766 0
v 907.3674552383422 42.73179947662354 0
v 905.2421039428712 41.6741215209961 0
v 903.0880584640503 40.666836296081556 0
v 900.9060937500001 39.71071875000001 0
v 898.6969847488404 38.80654383087159 0
v 896.4615064086914 37.95508648681641 0
v 894.2004336776733 37.1571216659546 0
v 891.9145415039063 36.413424316406264 0
v 889.6046048355104 35.72476938629151 0
v 887.2713986206054 35.09193182373048 0
v 884.915697807312 34.515686576843265 0
v 882.53827734375 33.99680859375 0
v 880.1399121780396 33.5360728225708 0
v 877.7213772583009 33.134254211425784 0
v 875.2834475326539 32.79212770843506 0
v 872.8268979492187 32.510468261718756 0
v 870.3525034561158 32.29005081939698 0
v 867.8610390014649 32.131650329589846 0
v 865.3532795333863 32.03604174041749 0
v 862.83 32.004000000000005 0
v 862.83 32.004000000000005 0
v 860.3067204666139 32.03604174041749 0
v 857.7989609985352 32.131650329589846 0
v 855.3074965438843 32.29005081939698 0
v 852.8331020507813 32.510468261718756 0
v 850.3765524673463 32.79212770843506 0
v 847.9386227416993 33.13425421142579 0
v 845.5200878219605 33.5360728225708 0
v 843.12172265625 33.99680859375001 0
v 840.744302192688 34.515686576843265 0
v 838.3886013793945 35.09193182373047 0
v 836.0553951644898 35.7247693862915 0
v 833.7454584960936 36.41342431640626 0
v 831.4595663223265 37.1571216659546 0
v 829.1984935913086 37.95508648681641 0
v 826.9630152511597 38.80654383087158 0
v 824.7539062499999 39.710718750000005 0
v 822.5719415359496 40.66683629608155 0
v 820.4178960571289 41.6741215209961 0
v 818.2925447616577 42.73179947662354 0
v 816.1966625976563 43.83909521484375 0
v 814.1310245132446 44.99523378753663 0
v 812.096405456543 46.19944024658203 0
v 810.0935803756714 47.45093964385986 0
v 808.1233242187501 48.74895703125 0
v 806.186411933899 50.09271746063232 0
v 804.2836184692383 51.481445983886715 0
v 802.4157187728882 52.91436765289306 0
v 800.5834877929688 54.390707519531254 0
v 798.7877004776001 55.90969063568115 0
v 797.0291317749025 57.47054205322266 0
v 795.3085566329955 59.07248682403565 0
v 793.62675 60.71475 0
v 791.9844868240357 62.39655663299561 0
v 790.3825420532226 64.11713177490235 0
v 788.8216906356811 65.8757004776001 0
v 787.3027075195313 67.67148779296875 0
v 785.826367652893 69.50371877288818 0
v 784.3934459838867 71.37161846923829 0
v 783.0047174606323 73.27441193389893 0
v 781.6609570312501 75.21132421875001 0
v 780.3629396438598 77.18158037567139 0
v 779.111440246582 79.18440545654298 0
v 777.9072337875366 81.21902451324465 0
v 776.7510952148438 83.28466259765625 0
v 775.6437994766235 85.38054476165772 0
v 774.5861215209961 87.50589605712892 0
v 773.5788362960816 89.65994153594971 0
v 772.62271875 91.84190625 0
v 771.7185438308716 94.05101525115967 0
v 770.8670864868163 96.28649359130858 0
v 770.0691216659546 98.54756632232667 0
v 769.3254243164063 100.83345849609375 0
v 768.6367693862915 103.14339516448975 0
v 768.0039318237305 105.47660137939454 0
v 767.4276865768434 107.83230219268799 0
v 766.9088085937501 110.20972265625001 0
v 766.4480728225709 112.60808782196045 0
v 766.0462542114258 115.02662274169921 0
v 765.7041277084351 117.46455246734621 0
v 765.4224682617187 119.92110205078126 0
v 765.2020508193971 122.39549654388429 0
v 765.0436503295899 124.88696099853516 0
v 764.9480417404176 127.39472046661378 0
v 764.916 129.918 0
v 764.916 129.918 0
v 764.9480388412477 132.4412766342163 0
v 765.0436388549806 134.94902752685547 0
v 765.202025276184 137.44047791290282 0
v 765.4224233398437 139.91485302734375 0
v 765.7040582809449 142.3713781051636 0
v 766.0461553344727 144.80927838134764 0
v 766.4479397354127 147.22777909088137 0
v 766.90863671875 149.62610546875 0
v 767.4274715194703 152.003482749939 0
v 768.0036693725585 154.3591361694336 0
v 768.6364555130003 156.69229096221923 0
v 769.3250551757812 159.0021723632813 0
v 770.0686935958862 161.288005607605 0
v 770.8665960083008 163.54901593017578 0
v 771.7179876480102 165.78442856597903 0
v 772.62209375 167.99346875 0
v 773.5781395492554 170.17536171722412 0
v 774.5853502807618 172.32933270263672 0
v 775.6429511795044 174.45460694122315 0
v 776.7501674804687 176.55040966796875 0
v 777.9062244186401 178.6159661178589 0
v 779.1103472290039 180.6505015258789 0
v 780.3617611465454 182.65324112701418 0
v 781.65969140625 184.62341015625 0
v 783.0033632431031 186.56023384857178 0
v 784.3920018920898 188.46293743896484 0
v 785.8248325881957 190.33074616241458 0
v 787.3010805664063 192.16288525390627 0
v 788.8199710617066 193.9585799484253 0
v 790.380729309082 195.71705548095704 0
v 791.982580543518 197.43753708648683 0
v 793.6247500000001 199.11925000000002 0
v 795.3064629135132 200.76141945648195 0
v 797.0269445190429 202.36327069091797 0
v 798.7854200515746 203.92402893829347 0
v 800.5811147460938 205.44291943359374 0
v 802.4132538375854 206.9191674118042 0
v 804.2810625610352 208.3519981079102 0
v 806.1837661514282 209.74063675689698 0
v 808.1205898437499 211.08430859375 0
v 810.0907588729858 212.3822388534546 0
v 812.093498474121 213.6336527709961 0
v 814.1280338821412 214.8377755813599 0
v 816.1935903320312 215.99383251953128 0
v 818.2893930587768 217.1010488204956 0
v 820.4146672973633 218.15864971923833 0
v 822.568638282776 219.16586045074467 0
v 824.75053125 220.12190625 0
v 826.959571434021 221.02601235198978 0
v 829.1949840698242 221.87740399169923 0
v 831.455994392395 222.67530640411377 0
v 833.7418276367188 223.41894482421876 0
v 836.0517090377807 224.10754448699953 0
v 838.3848638305665 224.74033062744144 0
v 840.740517250061 225.3165284805298 0
v 843.11789453125 225.83536328125 0
v 845.5162209091186 226.2960602645874 0
v 847.9347216186522 226.69784466552736 0
v 850.3726218948364 227.03994171905518 0
v 852.8291469726562 227.32157666015624 0
v 855.3035220870971 227.5419747238159 0
v 857.7949724731445 227.70036114501954 0
v 860.3027233657837 227.79596115875245 0
v 862.826 227.828 0
v 862.826 227.828 0
v 862.8265 227.8285 0
v 862.827 227.829 0
v 862.8275 227.8295 0
v 862.828 227.82999999999998 0
v 862.8285000000001 227.8305 0
v 862.8290000000001 227.831 0
v 862.8295 227.8315 0
v 862.83 227.832 0
v 862.83 24.201999999999998 0
v 860.1014874725342 24.236526409149167 0
v 857.3900032958985 24.33955209350586 0
v 854.6963775787355 24.510246738433835 0
v 852.0214404296875 24.747780029296877 0
v 849.3660219573976 25.051321651458736 0
v 846.7309522705078 25.4200412902832 0
v 844.1170614776611 25.853108631134027 0
v 841.5251796875 26.349693359375 0
v 838.956137008667 26.908965160369874 0
v 836.4107635498046 27.53009371948242 0
v 833.8898894195557 28.21224872207641 0
v 831.3943447265626 28.95459985351562 0
v 828.9249595794678 29.756316799163816 0
v 826.4825640869141 30.616569244384767 0
v 824.067988357544 31.534526874542234 0
v 821.6820625000001 32.509359374999995 0
v 819.3256166229248 33.540236431121826 0
v 816.999480834961 34.626327728271484 0
v 814.704485244751 35.76680295181274 0
v 812.4414599609374 36.96083178710938 0
v 810.2112350921632 38.20758391952515 0
v 808.0146407470703 39.506229034423825 0
v 805.8525070343018 40.85593681716919 0
v 803.7256640625001 42.255876953125004 0
v 801.6349419403076 43.70521912765503 0
v 799.5811707763673 45.20313302612304 0
v 797.5651806793213 46.74878833389282 0
v 795.5878017578126 48.34135473632813 0
v 793.6498641204835 49.98000191879272 0
v 791.7521978759765 51.663899566650386 0
v 789.8956331329346 53.39221736526489 0
v 788.081 55.164125 0
v 786.3091285858154 56.978792156219484 0
v 784.5808489990235 58.83538851928711 0
v 782.8969913482666 60.73308377456665 0
v 781.2583857421874 62.67104760742187 0
v 779.6658622894288 64.64844970321656 0
v 778.1202510986329 66.66445974731445 0
v 776.6223822784424 68.71824742507934 0
v 775.1730859375 70.80898242187499 0
v 773.7731921844484 72.93583442306517 0
v 772.4235311279298 75.09797311401367 0
v 771.124932876587 77.29456818008423 0
v 769.8782275390624 79.52478930664063 0
v 768.6842452239991 81.78780617904663 0
v 767.5438160400391 84.08278848266602 0
v 766.4577700958253 86.40890590286254 0
v 765.4269375000001 88.765328125 0
v 764.4521483612061 91.15122483444213 0
v 763.534232788086 93.56576571655273 0
v 762.6740208892822 96.00812045669555 0
v 761.8723427734375 98.47745874023435 0
v 761.1300285491943 100.97295025253295 0
v 760.4479083251954 103.49376467895507 0
v 759.8268122100831 106.03907170486448 0
v 759.2675703125001 108.60804101562499 0
v 758.7710127410888 111.19984229660032 0
v 758.3379696044922 113.81364523315428 0
v 757.9692710113525 116.44861951065062 0
v 757.6657470703125 119.10393481445311 0
v 757.4282278900147 121.77876082992552 0
v 757.2575435791016 124.47226724243163 0
v 757.1545242462158 127.18362373733518 0
v 757.12 129.91199999999998 0
v 757.12 129.91199999999998 0
v 757.1545264091493 132.64037626266477 0
v 757.2575520935059 135.35173275756836 0
v 757.4282467384338 138.04523917007444 0
v 757.6657800292969 140.72006518554684 0
v 757.9693216514587 143.37538048934934 0
v 758.3380412902833 146.01035476684567 0
v 758.771108631134 148.62415770339962 0
v 759.267693359375 151.215958984375 0
v 759.8269651603698 153.78492829513547 0
v 760.4480937194826 156.3302353210449 0
v 761.1302487220763 158.85104974746702 0
v 761.8725998535157 161.34654125976556 0
v 762.6743167991638 163.81587954330442 0
v 763.5345692443848 166.25823428344722 0
v 764.4525268745422 168.67277516555782 0
v 765.427359375 171.05867187499996 0
v 766.4582364311219 173.41509409713743 0
v 767.5443277282715 175.74121151733397 0
v 768.6848029518127 178.03619382095334 0
v 769.8788317871093 180.29921069335933 0
v 771.1255839195252 182.52943181991574 0
v 772.4242290344238 184.72602688598633 0
v 773.7739368171692 186.88816557693477 0
v 775.1738769531249 189.01501757812497 0
v 776.623219127655 191.10575257492064 0
v 778.1211330261231 193.15954025268553 0
v 779.6667883338928 195.1755502967834 0
v 781.2593547363282 197.1529523925781 0
v 782.8980019187927 199.0909162254333 0
v 784.5818995666505 200.98861148071285 0
v 786.3102173652649 202.84520784378046 0
v 788.0821249999999 204.65987499999994 0
v 789.8967921562195 206.4317826347351 0
v 791.753388519287 208.16010043334958 0
v 793.6510837745666 209.84399808120725 0
v 795.5890476074219 211.48264526367186 0
v 797.5664497032166 213.07521166610712 0
v 799.5824597473145 214.6208669738769 0
v 801.6362474250794 216.11878087234493 0
v 803.726982421875 217.56812304687497 0
v 805.8538344230652 218.96806318283078 0
v 808.0159731140136 220.31777096557613 0
v 810.2125681800842 221.61641608047483 0
v 812.4427893066406 222.86316821289057 0
v 814.7058061790466 224.05719704818722 0
v 817.000788482666 225.1976722717285 0
v 819.3269059028626 226.28376356887813 0
v 821.683328125 227.31464062499998 0
v 824.0692248344421 228.28947312545773 0
v 826.4837657165526 229.2074307556152 0
v 828.9261204566956 230.06768320083614 0
v 831.3954587402343 230.86940014648434 0
v 833.890950252533 231.61175127792356 0
v 836.411764678955 232.29390628051755 0
v 838.9570717048645 232.9150348396301 0
v 841.526041015625 233.47430664062497 0
v 844.1178422966003 233.97089136886592 0
v 846.7316452331543 234.40395870971673 0
v 849.3666195106507 234.7726783485412 0
v 852.0219348144531 235.0762199707031 0
v 854.6967608299256 235.31375326156612 0
v 857.3902672424317 235.4844479064941 0
v 860.1016237373353 235.58747359085078 0
v 862.83 235.62199999999996 0
v 862.83 235.62199999999996 0
v 865.5585125274658 235.58747359085078 0
v 868.2699967041016 235.48444790649407 0
v 870.9636224212647 235.31375326156612 0
v 873.6385595703125 235.0762199707031 0
v 876.2939780426027 234.7726783485412 0
v 878.9290477294921 234.40395870971673 0
v 881.5429385223389 233.9708913688659 0
v 884.1348203125001 233.47430664062497 0
v 886.7038629913329 232.9150348396301 0
v 889.2492364501953 232.29390628051758 0
v 891.7701105804445 231.6117512779236 0
v 894.2656552734376 230.86940014648434 0
v 896.7350404205323 230.06768320083611 0
v 899.1774359130859 229.20743075561518 0
v 901.5920116424561 228.28947312545773 0
v 903.9779375 227.31464062499998 0
v 906.3343833770753 226.28376356887816 0
v 908.6605191650391 225.19767227172846 0
v 910.955514755249 224.05719704818722 0
v 913.2185400390625 222.8631682128906 0
v 915.4487649078369 221.6164160804748 0
v 917.6453592529298 220.31777096557613 0
v 919.8074929656983 218.96806318283078 0
v 921.9343359375001 217.56812304687494 0
v 924.0250580596924 216.11878087234493 0
v 926.0788292236329 214.6208669738769 0
v 928.0948193206787 213.07521166610715 0
v 930.0721982421877 211.48264526367186 0
v 932.0101358795166 209.84399808120725 0
v 933.9078021240236 208.16010043334958 0
v 935.7643668670655 206.43178263473507 0
v 937.5790000000001 204.65987499999997 0
v 939.3508714141847 202.84520784378049 0
v 941.0791510009766 200.98861148071285 0
v 942.7630086517336 199.09091622543332 0
v 944.4016142578126 197.1529523925781 0
v 945.9941377105713 195.1755502967834 0
v 947.5397489013673 193.15954025268553 0
v 949.0376177215578 191.10575257492061 0
v 950.4869140625001 189.01501757812497 0
v 951.8868078155518 186.88816557693477 0
v 953.2364688720704 184.7260268859863 0
v 954.5350671234131 182.52943181991574 0
v 955.7817724609376 180.29921069335933 0
v 956.975754776001 178.03619382095334 0
v 958.1161839599611 175.74121151733397 0
v 959.2022299041748 173.41509409713743 0
v 960.2330625000001 171.05867187499996 0
v 961.2078516387941 168.67277516555782 0
v 962.1257672119142 166.25823428344725 0
v 962.9859791107178 163.81587954330442 0
v 963.7876572265626 161.3465412597656 0
v 964.5299714508058 158.85104974746702 0
v 965.2120916748047 156.33023532104488 0
v 965.833187789917 153.78492829513547 0
v 966.3924296875 151.215958984375 0
v 966.8889872589114 148.62415770339962 0
v 967.3220303955079 146.01035476684567 0
v 967.6907289886476 143.37538048934934 0
v 967.9942529296876 140.72006518554684 0
v 968.2317721099854 138.04523917007444 0
v 968.4024564208985 135.35173275756836 0
v 968.5054757537843 132.64037626266477 0
v 968.5400000000001 129.91199999999998 0
v 968.5400000000001 129.91199999999998 0
v 968.5054800796511 127.18362373733517 0
v 968.402473449707 124.47226724243163 0
v 968.2318098068238 121.7787608299255 0
v 967.9943188476564 119.10393481445311 0
v 967.69083026886 116.44861951065062 0
v 967.32217376709 113.81364523315428 0
v 966.8891790390016 111.19984229660031 0
v 966.3926757812501 108.60804101562498 0
v 965.8334936904907 106.0390717048645 0
v 965.212462463379 103.49376467895507 0
v 964.5304117965699 100.97295025253295 0
v 963.788171386719 98.47745874023437 0
v 962.986570930481 96.00812045669555 0
v 962.1264401245119 93.56576571655273 0
v 961.2086086654664 91.15122483444213 0
v 960.23390625 88.765328125 0
v 959.2031625747682 86.40890590286254 0
v 958.1172073364257 84.08278848266602 0
v 956.9768702316284 81.78780617904661 0
v 955.7829809570313 79.52478930664061 0
v 954.5363692092894 77.29456818008421 0
v 953.2378646850588 75.09797311401367 0
v 951.8882970809939 72.93583442306517 0
v 950.48849609375 70.80898242187499 0
v 949.039291419983 68.71824742507934 0
v 947.5415127563477 66.66445974731444 0
v 945.9959897994995 64.64844970321654 0
v 944.4035522460937 62.67104760742186 0
v 942.7650297927856 60.733083774566644 0
v 941.0812521362305 58.83538851928711 0
v 939.3530489730836 56.97879215621948 0
v 937.58125 55.16412499999999 0
v 935.7666849136352 53.392217365264884 0
v 933.9101834106445 51.66389956665038 0
v 932.0125751876831 49.98000191879272 0
v 930.0746899414064 48.341354736328114 0
v 928.0973573684693 46.74878833389281 0
v 926.0814071655275 45.203133026123034 0
v 924.0276690292359 43.70521912765502 0
v 921.9369726562501 42.255876953125 0
v 919.8101477432251 40.85593681716918 0
v 917.6480239868165 39.50622903442382 0
v 915.4514310836793 38.207583919525135 0
v 913.2211987304687 36.960831787109356 0
v 910.9581566238403 35.76680295181273 0
v 908.6631344604493 34.62632772827148 0
v 906.3369619369507 33.54023643112181 0
v 903.98046875 32.50935937499999 0
v 901.5944845962524 31.534526874542223 0
v 899.1798391723632 30.616569244384756 0
v 896.7373621749878 29.756316799163805 0
v 894.2678833007812 28.95459985351561 0
v 891.772232246399 28.212248722076403 0
v 889.2512387084961 27.53009371948241 0
v 886.705732383728 26.90896516036986 0
v 884.1365429687501 26.349693359374985 0
v 881.5445001602172 25.853108631134017 0
v 878.9304336547852 25.420041290283187 0
v 876.2951731491089 25.05132165145872 0
v 873.6395483398437 24.74778002929686 0
v 870.9643889236451 24.510246738433825 0
v 868.270524597168 24.339552093505844 0
v 865.5587850570679 24.236526409149153 0
v 862.83 24.201999999999984 0
v 862.83 24.201999999999984 0
v 862.83 24.202249999999985 0
v 862.83 24.202499999999983 0
v 862.83 24.202749999999984 0
v 862.83 24.20299999999998 0
v 862.83 24.203249999999983 0
v 862.83 24.203499999999984 0
v 862.83 24.20374999999998 0
v 862.83 24.203999999999983 0
v 862.83 24.203999999999983 0
v 862.83 24.203749999999985 0
v 862.83 24.203499999999988 0
v 862.83 24.20324999999999 0
v 862.83 24.20299999999999 0
v 862.83 24.20274999999999 0
v 862.83 24.202499999999993 0
v 862.83 24.202249999999996 0
v 862.83 24.201999999999998 0
v 862.83 226.832 0
v 860.3286117248537 226.800347076416 0
v 857.8428293457032 226.70589575195308 0
v 855.3734140319825 226.5494071960449 0
v 852.921126953125 226.33164257812498 0
v 850.4867292785646 226.05336306762698 0
v 848.0709821777344 225.71532983398438 0
v 845.6746468200683 225.31830404663083 0
v 843.298484375 224.863046875 0
v 840.943256011963 224.3503194885254 0
v 838.6097229003906 223.78088305664062 0
v 836.2986462097169 223.1554987487793 0
v 834.010787109375 222.47492773437497 0
v 831.7469067687988 221.7399311828613 0
v 829.5077663574219 220.95127026367186 0
v 827.2941270446777 220.10970614624023 0
v 825.10675 219.21599999999998 0
v 822.9463963928223 218.27091299438476 0
v 820.8138273925782 217.27520629882812 0
v 818.7098041687012 216.22964108276366 0
v 816.6350878906251 215.13497851562502 0
v 814.5904397277833 213.9919797668457 0
v 812.5766208496094 212.80140600585938 0
v 810.5943924255372 211.5640184020996 0
v 808.644515625 210.28057812499998 0
v 806.7277516174316 208.95184634399413 0
v 804.8448615722657 207.5785842285156 0
v 802.9966066589355 206.16155294799805 0
v 801.183748046875 204.701513671875 0
v 799.4070469055176 203.19922756958007 0
v 797.6672644042969 201.65545581054687 0
v 795.9651617126465 200.07095956420898 0
v 794.3015 198.44650000000001 0
v 792.677040435791 196.7828382873535 0
v 791.0925441894531 195.08073559570312 0
v 789.5487724304198 193.34095309448242 0
v 788.0464863281251 191.564251953125 0
v 786.586447052002 189.75139334106444 0
v 785.1694157714844 187.90313842773438 0
v 783.7961536560058 186.02024838256838 0
v 782.467421875 184.103484375 0
v 781.1839815979005 182.1536075744629 0
v 779.9465939941407 180.17137915039064 0
v 778.7560202331542 178.1575602722168 0
v 777.613021484375 176.112912109375 0
v 776.5183589172364 174.03819583129882 0
v 775.4727937011719 171.93417260742189 0
v 774.4770870056152 169.80160360717775 0
v 773.5319999999999 167.64125 0
v 772.6382938537598 165.45387295532225 0
v 771.7967297363282 163.24023364257812 0
v 771.0080688171388 161.0010932312012 0
v 770.273072265625 158.73721289062502 0
v 769.5925012512207 156.44935379028323 0
v 768.9671169433593 154.13827709960935 0
v 768.3976805114746 151.8047439880371 0
v 767.884953125 149.449515625 0
v 767.4296959533692 147.07335317993164 0
v 767.0326701660157 144.6770178222656 0
v 766.694636932373 142.26127072143555 0
v 766.416357421875 139.826873046875 0
v 766.1985928039552 137.37458596801758 0
v 766.0421042480469 134.90517065429688 0
v 765.9476529235841 132.4193882751465 0
v 765.916 129.918 0
v 765.916 129.918 0
v 765.9476529235841 127.41661172485352 0
v 766.0421042480469 124.93082934570313 0
v 766.1985928039551 122.46141403198243 0
v 766.416357421875 120.009126953125 0
v 766.6946369323731 117.57472927856446 0
v 767.0326701660157 115.15898217773437 0
v 767.4296959533692 112.76264682006837 0
v 767.884953125 110.38648437500001 0
v 768.3976805114746 108.0312560119629 0
v 768.9671169433593 105.69772290039063 0
v 769.5925012512206 103.3866462097168 0
v 770.273072265625 101.098787109375 0
v 771.0080688171386 98.83490676879882 0
v 771.7967297363282 96.59576635742188 0
v 772.6382938537597 94.38212704467774 0
v 773.532 92.19475 0
v 774.4770870056152 90.03439639282226 0
v 775.472793701172 87.90182739257814 0
v 776.5183589172364 85.79780416870119 0
v 777.613021484375 83.723087890625 0
v 778.7560202331543 81.67843972778321 0
v 779.9465939941407 79.66462084960939 0
v 781.1839815979005 77.68239242553712 0
v 782.4674218749999 75.732515625 0
v 783.7961536560059 73.81575161743164 0
v 785.1694157714845 71.93286157226564 0
v 786.5864470520019 70.08460665893556 0
v 788.0464863281251 68.271748046875 0
v 789.5487724304198 66.49504690551758 0
v 791.0925441894531 64.75526440429688 0
v 792.677040435791 63.0531617126465 0
v 794.3015 61.389500000000005 0
v 795.9651617126465 59.76504043579102 0
v 797.6672644042969 58.18054418945312 0
v 799.4070469055176 56.636772430419924 0
v 801.183748046875 55.134486328125 0
v 802.9966066589357 53.67444705200195 0
v 804.8448615722657 52.25741577148438 0
v 806.7277516174316 50.884153656005864 0
v 808.644515625 49.55542187500001 0
v 810.5943924255372 48.2719815979004 0
v 812.5766208496095 47.03459399414063 0
v 814.5904397277833 45.84402023315431 0
v 816.635087890625 44.701021484375005 0
v 818.7098041687012 43.606358917236335 0
v 820.8138273925782 42.56079370117188 0
v 822.9463963928223 41.56508700561524 0
v 825.10675 40.620000000000005 0
v 827.2941270446778 39.72629385375977 0
v 829.5077663574218 38.884729736328126 0
v 831.7469067687989 38.09606881713867 0
v 834.0107871093751 37.36107226562501 0
v 836.2986462097169 36.680501251220704 0
v 838.6097229003906 36.05511694335938 0
v 840.9432560119628 35.48568051147461 0
v 843.298484375 34.972953125000004 0
v 845.6746468200683 34.51769595336914 0
v 848.0709821777344 34.12067016601563 0
v 850.4867292785646 33.78263693237305 0
v 852.9211269531249 33.50435742187501 0
v 855.3734140319825 33.28659280395509 0
v 857.8428293457032 33.13010424804688 0
v 860.3286117248535 33.03565292358399 0
v 862.83 33.004000000000005 0
v 862.83 33.004000000000005 0
v 865.3313882751465 33.03565292358399 0
v 867.8171706542969 33.130104248046884 0
v 870.2865859680177 33.28659280395509 0
v 872.738873046875 33.50435742187501 0
v 875.1732707214355 33.782636932373045 0
v 877.5890178222656 34.120670166015636 0
v 879.9853531799317 34.51769595336914 0
v 882.361515625 34.97295312500001 0
v 884.716743988037 35.48568051147461 0
v 887.0502770996095 36.05511694335938 0
v 889.3613537902831 36.680501251220704 0
v 891.649212890625 37.361072265625005 0
v 893.9130932312012 38.09606881713868 0
v 896.1522336425782 38.88472973632813 0
v 898.3658729553224 39.72629385375977 0
v 900.5532499999998 40.62000000000001 0
v 902.7136036071777 41.56508700561524 0
v 904.8461726074219 42.56079370117188 0
v 906.9501958312987 43.606358917236335 0
v 909.024912109375 44.701021484375005 0
v 911.0695602722169 45.8440202331543 0
v 913.0833791503906 47.03459399414063 0
v 915.0656075744629 48.2719815979004 0
v 917.015484375 49.55542187500001 0
v 918.9322483825683 50.884153656005864 0
v 920.8151384277343 52.257415771484375 0
v 922.6633933410645 53.67444705200195 0
v 924.476251953125 55.13448632812501 0
v 926.2529530944826 56.63677243041993 0
v 927.9927355957032 58.18054418945313 0
v 929.6948382873535 59.76504043579102 0
v 931.3584999999999 61.389500000000005 0
v 932.982959564209 63.0531617126465 0
v 934.5674558105468 64.75526440429688 0
v 936.11122756958 66.49504690551758 0
v 937.613513671875 68.271748046875 0
v 939.073552947998 70.08460665893556 0
v 940.4905842285157 71.93286157226562 0
v 941.8638463439942 73.81575161743164 0
v 943.192578125 75.732515625 0
v 944.4760184020996 77.68239242553712 0
v 945.7134060058594 79.66462084960938 0
v 946.9039797668457 81.6784397277832 0
v 948.046978515625 83.72308789062501 0
v 949.1416410827636 85.79780416870118 0
v 950.1872062988281 87.90182739257813 0
v 951.1829129943848 90.03439639282226 0
v 952.1279999999999 92.19475 0
v 953.0217061462403 94.38212704467774 0
v 953.8632702636719 96.59576635742188 0
v 954.6519311828613 98.83490676879883 0
v 955.3869277343749 101.09878710937501 0
v 956.0674987487794 103.3866462097168 0
v 956.6928830566405 105.69772290039063 0
v 957.2623194885255 108.0312560119629 0
v 957.7750468749999 110.38648437500001 0
v 958.2303040466309 112.76264682006837 0
v 958.6273298339844 115.15898217773437 0
v 958.965363067627 117.57472927856446 0
v 959.243642578125 120.009126953125 0
v 959.4614071960449 122.46141403198243 0
v 959.6178957519531 124.93082934570313 0
v 959.712347076416 127.41661172485352 0
v 959.744 129.918 0
v 959.744 129.918 0
v 959.7123543014526 132.41938537597656 0
v 959.6179242553711 134.9051591796875 0
v 959.4614704360962 137.37456042480468 0
v 959.2437534179687 139.826828125 0
v 958.9655337753296 142.26120129394533 0
v 958.6275720825195 144.67691894531248 0
v 958.2306289138794 147.07322009277345 0
v 957.7754648437498 149.44934375 0
v 957.2628404464722 151.80452893066408 0
v 956.6935162963867 154.13801464843752 0
v 956.0682529678344 156.44903991699218 0
v 955.3878110351562 158.73684375000002 0
v 954.652951072693 161.00066516113282 0
v 953.8644336547851 163.2397431640625 0
v 953.023019355774 165.45331677246094 0
v 952.12946875 167.64062500000003 0
v 951.1845424118043 169.80090686035157 0
v 950.1890009155272 171.93340136718749 0
v 949.1436048355101 174.03734753417967 0
v 948.0491147460937 176.11198437500002 0
v 946.9062912216187 178.15655090332035 0
v 945.7158948364258 180.17028613281252 0
v 944.4786861648558 182.15242907714844 0
v 943.19542578125 184.10221875000002 0
v 941.8668742599488 186.01889416503906 0
v 940.493792175293 187.90169433593752 0
v 939.0769401016236 189.7498582763672 0
v 937.6170786132813 191.562625 0
v 936.1149682846069 193.33923352050783 0
v 934.5713696899413 195.0789228515625 0
v 932.9870434036254 196.78093200683594 0
v 931.36275 198.4445 0
v 929.6992500534059 200.0688658447266 0
v 927.9973041381837 201.6532685546875 0
v 926.2576728286743 203.1969471435547 0
v 924.4811166992188 204.69914062499998 0
v 922.6683963241577 206.15908801269532 0
v 920.820272277832 207.5760283203125 0
v 918.9375051345826 208.94920056152344 0
v 917.0208554687499 210.27784375000002 0
v 915.0710838546754 211.56119689941406 0
v 913.0889508666994 212.7984990234375 0
v 911.0752170791626 213.9889891357422 0
v 909.0306430664062 215.13190625 0
v 906.955989402771 216.22648937988282 0
v 904.8520166625977 217.2719775390625 0
v 902.7194854202271 218.26760974121095 0
v 900.5591562500001 219.212625 0
v 898.3717897262574 220.10626232910158 0
v 896.15814642334 220.94776074218748 0
v 893.9189869155884 221.7363592529297 0
v 891.6550717773439 222.471296875 0
v 889.3671615829469 223.15181262207034 0
v 887.0560169067383 223.77714550781252 0
v 884.7223983230591 224.34653454589846 0
v 882.36706640625 224.85921875 0
v 879.9907817306519 225.31443713378906 0
v 877.5943048706056 225.71142871093753 0
v 875.1783964004518 226.04943249511717 0
v 872.7438168945313 226.3276875 0
v 870.2913269271851 226.54543273925782 0
v 867.821687072754 226.7019072265625 0
v 865.3356579055786 226.79634997558594 0
v 862.8340000000001 226.828 0
v 862.8340000000001 226.828 0
v 862.8335000000001 226.8285 0
v 862.8330000000001 226.829 0
v 862.8325000000001 226.8295 0
v 862.8320000000001 226.82999999999998 0
v 862.8315 226.8305 0
v 862.831 226.831 0
v 862.8305 226.8315 0
v 862.83 226.832 0
v 862.83 275.72 0
v 860.1014874725342 275.75452640914926 0
v 857.3900032958985 275.8575520935059 0
v 854.6963775787355 276.02824673843384 0
v 852.0214404296875 276.26578002929693 0
v 849.3660219573976 276.5693216514588 0
v 846.7309522705078 276.93804129028325 0
v 844.1170614776611 277.371108631134 0
v 841.5251796875 277.86769335937504 0
v 838.956137008667 278.4269651603699 0
v 836.4107635498046 279.04809371948244 0
v 833.8898894195557 279.7302487220764 0
v 831.3943447265626 280.4725998535157 0
v 828.9249595794678 281.27431679916384 0
v 826.4825640869141 282.13456924438475 0
v 824.067988357544 283.05252687454225 0
v 821.6820625000001 284.02735937500006 0
v 819.3256166229248 285.0582364311219 0
v 816.999480834961 286.14432772827155 0
v 814.704485244751 287.28480295181276 0
v 812.4414599609374 288.4788317871094 0
v 810.2112350921632 289.7255839195252 0
v 808.0146407470703 291.02422903442385 0
v 805.8525070343018 292.37393681716924 0
v 803.7256640625001 293.77387695312507 0
v 801.6349419403076 295.22321912765506 0
v 799.5811707763673 296.7211330261231 0
v 797.5651806793213 298.26678833389286 0
v 795.5878017578126 299.85935473632816 0
v 793.6498641204835 301.49800191879274 0
v 791.7521978759765 303.18189956665043 0
v 789.8956331329346 304.9102173652649 0
v 788.081 306.682125 0
v 786.3091285858154 308.4967921562195 0
v 784.5808489990235 310.35338851928714 0
v 782.8969913482666 312.25108377456667 0
v 781.2583857421874 314.1890476074219 0
v 779.6658622894288 316.1664497032166 0
v 778.1202510986329 318.1824597473145 0
v 776.6223822784424 320.23624742507934 0
v 775.1730859375 322.3269824218751 0
v 773.7731921844484 324.45383442306525 0
v 772.4235311279298 326.6159731140137 0
v 771.124932876587 328.81256818008427 0
v 769.8782275390624 331.04278930664066 0
v 768.6842452239991 333.3058061790466 0
v 767.5438160400391 335.6007884826661 0
v 766.4577700958253 337.9269059028626 0
v 765.4269375000001 340.283328125 0
v 764.4521483612061 342.66922483444216 0
v 763.534232788086 345.08376571655276 0
v 762.6740208892822 347.5261204566956 0
v 761.8723427734375 349.9954587402344 0
v 761.1300285491943 352.49095025253297 0
v 760.4479083251954 355.0117646789551 0
v 759.8268122100831 357.55707170486454 0
v 759.2675703125001 360.12604101562505 0
v 758.7710127410888 362.71784229660034 0
v 758.3379696044922 365.3316452331543 0
v 757.9692710113525 367.9666195106506 0
v 757.6657470703125 370.62193481445314 0
v 757.4282278900147 373.2967608299255 0
v 757.2575435791016 375.9902672424317 0
v 757.1545242462158 378.70162373733524 0
v 757.12 381.43 0
v 757.12 381.43 0
v 757.1545264091493 384.1583762626648 0
v 757.2575520935059 386.8697327575684 0
v 757.4282467384338 389.56323917007444 0
v 757.6657800292969 392.2380651855469 0
v 757.9693216514587 394.89338048934934 0
v 758.3380412902833 397.5283547668456 0
v 758.771108631134 400.1421577033996 0
v 759.267693359375 402.733958984375 0
v 759.8269651603698 405.30292829513553 0
v 760.4480937194826 407.84823532104497 0
v 761.1302487220763 410.3690497474671 0
v 761.8725998535157 412.8645412597656 0
v 762.6743167991638 415.3338795433044 0
v 763.5345692443848 417.77623428344725 0
v 764.4525268745422 420.19077516555785 0
v 765.427359375 422.576671875 0
v 766.4582364311219 424.9330940971374 0
v 767.5443277282715 427.25921151733405 0
v 768.6848029518127 429.5541938209534 0
v 769.8788317871093 431.81721069335936 0
v 771.1255839195252 434.04743181991586 0
v 772.4242290344238 436.2440268859863 0
v 773.7739368171692 438.40616557693477 0
v 775.1738769531249 440.533017578125 0
v 776.623219127655 442.6237525749207 0
v 778.1211330261231 444.67754025268556 0
v 779.6667883338928 446.6935502967834 0
v 781.2593547363282 448.6709523925781 0
v 782.8980019187927 450.60891622543335 0
v 784.5818995666505 452.5066114807129 0
v 786.3102173652649 454.36320784378046 0
v 788.0821249999999 456.17787500000003 0
v 789.8967921562195 457.94978263473513 0
v 791.753388519287 459.67810043334964 0
v 793.6510837745666 461.3619980812073 0
v 795.5890476074219 463.0006452636719 0
v 797.5664497032166 464.5932116661072 0
v 799.5824597473145 466.13886697387693 0
v 801.6362474250794 467.63678087234496 0
v 803.726982421875 469.086123046875 0
v 805.8538344230652 470.48606318283083 0
v 808.0159731140136 471.8357709655762 0
v 810.2125681800842 473.1344160804748 0
v 812.4427893066406 474.38116821289066 0
v 814.7058061790466 475.5751970481873 0
v 817.000788482666 476.7156722717285 0
v 819.3269059028626 477.8017635688782 0
v 821.683328125 478.832640625 0
v 824.0692248344421 479.80747312545776 0
v 826.4837657165526 480.7254307556152 0
v 828.9261204566956 481.5856832008362 0
v 831.3954587402343 482.3874001464844 0
v 833.890950252533 483.1297512779236 0
v 836.411764678955 483.8119062805176 0
v 838.9570717048645 484.4330348396301 0
v 841.526041015625 484.992306640625 0
v 844.1178422966003 485.48889136886595 0
v 846.7316452331543 485.92195870971676 0
v 849.3666195106507 486.2906783485413 0
v 852.0219348144531 486.59421997070314 0
v 854.6967608299256 486.8317532615662 0
v 857.3902672424317 487.0024479064941 0
v 860.1016237373353 487.1054735908508 0
v 862.83 487.14 0
v 862.83 487.14 0
v 865.5585125274658 487.10547359085086 0
v 868.2699967041016 487.0024479064941 0
v 870.9636224212647 486.8317532615662 0
v 873.6385595703125 486.59421997070314 0
v 876.2939780426027 486.29067834854123 0
v 878.9290477294921 485.92195870971676 0
v 881.5429385223389 485.48889136886595 0
v 884.1348203125001 484.9923066406249 0
v 886.7038629913329 484.4330348396301 0
v 889.2492364501953 483.8119062805176 0
v 891.7701105804445 483.1297512779236 0
v 894.2656552734376 482.3874001464844 0
v 896.7350404205323 481.5856832008361 0
v 899.1774359130859 480.72543075561526 0
v 901.5920116424561 479.80747312545776 0
v 903.9779375 478.83264062499995 0
v 906.3343833770753 477.80176356887813 0
v 908.6605191650391 476.7156722717285 0
v 910.955514755249 475.5751970481873 0
v 913.2185400390625 474.3811682128906 0
v 915.4487649078369 473.13441608047486 0
v 917.6453592529298 471.8357709655762 0
v 919.8074929656983 470.48606318283083 0
v 921.9343359375001 469.08612304687495 0
v 924.0250580596924 467.63678087234496 0
v 926.0788292236329 466.13886697387693 0
v 928.0948193206787 464.5932116661072 0
v 930.0721982421877 463.00064526367186 0
v 932.0101358795166 461.3619980812072 0
v 933.9078021240236 459.67810043334964 0
v 935.7643668670655 457.9497826347351 0
v 937.5790000000001 456.177875 0
v 939.3508714141847 454.3632078437805 0
v 941.0791510009766 452.5066114807129 0
v 942.7630086517336 450.6089162254334 0
v 944.4016142578126 448.67095239257816 0
v 945.9941377105713 446.6935502967834 0
v 947.5397489013673 444.6775402526856 0
v 949.0376177215578 442.6237525749206 0
v 950.4869140625001 440.53301757812505 0
v 951.8868078155518 438.40616557693477 0
v 953.2364688720704 436.24402688598633 0
v 954.5350671234131 434.0474318199158 0
v 955.7817724609376 431.81721069335936 0
v 956.975754776001 429.5541938209534 0
v 958.1161839599611 427.259211517334 0
v 959.2022299041748 424.9330940971375 0
v 960.2330625000001 422.57667187500005 0
v 961.2078516387941 420.19077516555785 0
v 962.1257672119142 417.77623428344725 0
v 962.9859791107178 415.3338795433044 0
v 963.7876572265626 412.8645412597656 0
v 964.5299714508058 410.36904974746705 0
v 965.2120916748047 407.84823532104497 0
v 965.833187789917 405.30292829513553 0
v 966.3924296875 402.733958984375 0
v 966.8889872589114 400.1421577033996 0
v 967.3220303955079 397.52835476684567 0
v 967.6907289886476 394.89338048934934 0
v 967.9942529296876 392.2380651855469 0
v 968.2317721099854 389.56323917007444 0
v 968.4024564208985 386.8697327575684 0
v 968.5054757537843 384.15837626266483 0
v 968.5400000000001 381.43 0
v 968.5400000000001 381.43 0
v 968.5054800796511 378.70162373733524 0
v 968.402473449707 375.99026724243174 0
v 968.2318098068238 373.2967608299256 0
v 967.9943188476564 370.6219348144531 0
v 967.69083026886 367.9666195106506 0
v 967.32217376709 365.3316452331543 0
v 966.8891790390016 362.7178422966003 0
v 966.3926757812501 360.12604101562505 0
v 965.8334936904907 357.5570717048645 0
v 965.212462463379 355.0117646789551 0
v 964.5304117965699 352.49095025253297 0
v 963.788171386719 349.99545874023437 0
v 962.986570930481 347.5261204566956 0
v 962.1264401245119 345.08376571655276 0
v 961.2086086654664 342.66922483444216 0
v 960.23390625 340.2833281250001 0
v 959.2031625747682 337.9269059028626 0
v 958.1172073364257 335.6007884826661 0
v 956.9768702316284 333.30580617904667 0
v 955.7829809570313 331.04278930664066 0
v 954.5363692092894 328.81256818008427 0
v 953.2378646850588 326.61597311401374 0
v 951.8882970809939 324.4538344230652 0
v 950.48849609375 322.3269824218751 0
v 949.039291419983 320.23624742507934 0
v 947.5415127563477 318.18245974731445 0
v 945.9959897994995 316.1664497032166 0
v 944.4035522460937 314.1890476074219 0
v 942.7650297927856 312.25108377456667 0
v 941.0812521362305 310.35338851928714 0
v 939.3530489730836 308.4967921562195 0
v 937.58125 306.68212500000004 0
v 935.7666849136352 304.91021736526494 0
v 933.9101834106445 303.1818995666504 0
v 932.0125751876831 301.49800191879274 0
v 930.0746899414064 299.8593547363282 0
v 928.0973573684693 298.26678833389286 0
v 926.0814071655275 296.7211330261231 0
v 924.0276690292359 295.22321912765506 0
v 921.9369726562501 293.77387695312507 0
v 919.8101477432251 292.37393681716924 0
v 917.6480239868165 291.02422903442385 0
v 915.4514310836793 289.72558391952515 0
v 913.2211987304687 288.4788317871094 0
v 910.9581566238403 287.28480295181276 0
v 908.6631344604493 286.1443277282715 0
v 906.3369619369507 285.0582364311218 0
v 903.98046875 284.02735937500006 0
v 901.5944845962524 283.05252687454225 0
v 899.1798391723632 282.1345692443848 0
v 896.7373621749878 281.2743167991639 0
v 894.2678833007812 280.4725998535157 0
v 891.772232246399 279.73024872207645 0
v 889.2512387084961 279.04809371948244 0
v 886.705732383728 278.4269651603699 0
v 884.1365429687501 277.86769335937504 0
v 881.5445001602172 277.37110863113406 0
v 878.9304336547852 276.93804129028325 0
v 876.2951731491089 276.5693216514587 0
v 873.6395483398437 276.26578002929693 0
v 870.9643889236451 276.0282467384339 0
v 868.270524597168 275.8575520935059 0
v 865.5587850570679 275.7545264091492 0
v 862.83 275.72 0
v 862.83 478.34000000000003 0
v 860.3286117248537 478.308347076416 0
v 857.8428293457032 478.2138957519532 0
v 855.3734140319825 478.057407196045 0
v 852.921126953125 477.839642578125 0
v 850.4867292785646 477.561363067627 0
v 848.0709821777344 477.2233298339844 0
v 845.6746468200683 476.82630404663087 0
v 843.298484375 476.3710468750001 0
v 840.943256011963 475.8583194885254 0
v 838.6097229003906 475.28888305664066 0
v 836.2986462097169 474.66349874877926 0
v 834.010787109375 473.982927734375 0
v 831.7469067687988 473.24793118286135 0
v 829.5077663574219 472.4592702636719 0
v 827.2941270446777 471.61770614624027 0
v 825.10675 470.724 0
v 822.9463963928223 469.7789129943847 0
v 820.8138273925782 468.78320629882813 0
v 818.7098041687012 467.7376410827637 0
v 816.6350878906251 466.64297851562503 0
v 814.5904397277833 465.49997976684574 0
v 812.5766208496094 464.3094060058594 0
v 810.5943924255372 463.0720184020997 0
v 808.644515625 461.788578125 0
v 806.7277516174316 460.4598463439942 0
v 804.8448615722657 459.0865842285156 0
v 802.9966066589355 457.6695529479981 0
v 801.183748046875 456.209513671875 0
v 799.4070469055176 454.7072275695801 0
v 797.6672644042969 453.1634558105469 0
v 795.9651617126465 451.578959564209 0
v 794.3015 449.9545 0
v 792.677040435791 448.29083828735355 0
v 791.0925441894531 446.58873559570316 0
v 789.5487724304198 444.8489530944824 0
v 788.0464863281251 443.07225195312503 0
v 786.586447052002 441.2593933410645 0
v 785.1694157714844 439.4111384277344 0
v 783.7961536560058 437.52824838256834 0
v 782.467421875 435.61148437500003 0
v 781.1839815979005 433.66160757446295 0
v 779.9465939941407 431.6793791503907 0
v 778.7560202331542 429.66556027221685 0
v 777.613021484375 427.620912109375 0
v 776.5183589172364 425.54619583129886 0
v 775.4727937011719 423.4421726074219 0
v 774.4770870056152 421.30960360717773 0
v 773.5319999999999 419.14925000000005 0
v 772.6382938537598 416.9618729553223 0
v 771.7967297363282 414.74823364257816 0
v 771.0080688171388 412.5090932312012 0
v 770.273072265625 410.24521289062506 0
v 769.5925012512207 407.95735379028326 0
v 768.9671169433593 405.6462770996094 0
v 768.3976805114746 403.31274398803714 0
v 767.884953125 400.95751562500004 0
v 767.4296959533692 398.5813531799317 0
v 767.0326701660157 396.18501782226565 0
v 766.694636932373 393.7692707214356 0
v 766.416357421875 391.3348730468751 0
v 766.1985928039552 388.88258596801757 0
v 766.0421042480469 386.41317065429695 0
v 765.9476529235841 383.92738827514654 0
v 765.916 381.42600000000004 0
v 765.916 381.42600000000004 0
v 765.9476529235841 378.9246117248536 0
v 766.0421042480469 376.4388293457032 0
v 766.1985928039551 373.9694140319824 0
v 766.416357421875 371.5171269531251 0
v 766.6946369323731 369.0827292785645 0
v 767.0326701660157 366.6669821777344 0
v 767.4296959533692 364.27064682006835 0
v 767.884953125 361.89448437500005 0
v 768.3976805114746 359.5392560119629 0
v 768.9671169433593 357.2057229003907 0
v 769.5925012512206 354.8946462097168 0
v 770.273072265625 352.60678710937503 0
v 771.0080688171386 350.34290676879885 0
v 771.7967297363282 348.10376635742193 0
v 772.6382938537597 345.8901270446778 0
v 773.532 343.70275 0
v 774.4770870056152 341.5423963928223 0
v 775.472793701172 339.40982739257817 0
v 776.5183589172364 337.3058041687013 0
v 777.613021484375 335.2310878906251 0
v 778.7560202331543 333.1864397277833 0
v 779.9465939941407 331.1726208496094 0
v 781.1839815979005 329.1903924255372 0
v 782.4674218749999 327.240515625 0
v 783.7961536560059 325.32375161743164 0
v 785.1694157714845 323.44086157226565 0
v 786.5864470520019 321.5926066589356 0
v 788.0464863281251 319.779748046875 0
v 789.5487724304198 318.0030469055176 0
v 791.0925441894531 316.26326440429693 0
v 792.677040435791 314.56116171264654 0
v 794.3015 312.89750000000004 0
v 795.9651617126465 311.2730404357911 0
v 797.6672644042969 309.6885441894532 0
v 799.4070469055176 308.14477243041995 0
v 801.183748046875 306.6424863281251 0
v 802.9966066589357 305.182447052002 0
v 804.8448615722657 303.76541577148447 0
v 806.7277516174316 302.3921536560059 0
v 808.644515625 301.0634218750001 0
v 810.5943924255372 299.7799815979004 0
v 812.5766208496095 298.5425939941407 0
v 814.5904397277833 297.35202023315435 0
v 816.635087890625 296.20902148437506 0
v 818.7098041687012 295.11435891723636 0
v 820.8138273925782 294.0687937011719 0
v 822.9463963928223 293.0730870056153 0
v 825.10675 292.12800000000004 0
v 827.2941270446778 291.2342938537598 0
v 829.5077663574218 290.3927297363282 0
v 831.7469067687989 289.60406881713874 0
v 834.0107871093751 288.86907226562505 0
v 836.2986462097169 288.18850125122077 0
v 838.6097229003906 287.56311694335943 0
v 840.9432560119628 286.9936805114746 0
v 843.298484375 286.48095312500004 0
v 845.6746468200683 286.02569595336917 0
v 848.0709821777344 285.6286701660157 0
v 850.4867292785646 285.2906369323731 0
v 852.9211269531249 285.0123574218751 0
v 855.3734140319825 284.79459280395514 0
v 857.8428293457032 284.63810424804694 0
v 860.3286117248535 284.54365292358403 0
v 862.83 284.51200000000006 0
v 862.83 284.51200000000006 0
v 865.3313882751465 284.54365292358403 0
v 867.8171706542969 284.638104248047 0
v 870.2865859680177 284.79459280395514 0
v 872.738873046875 285.0123574218751 0
v 875.1732707214355 285.2906369323731 0
v 877.5890178222656 285.62867016601575 0
v 879.9853531799317 286.02569595336917 0
v 882.361515625 286.4809531250001 0
v 884.716743988037 286.9936805114747 0
v 887.0502770996095 287.56311694335943 0
v 889.3613537902831 288.1885012512207 0
v 891.649212890625 288.8690722656251 0
v 893.9130932312012 289.60406881713874 0
v 896.1522336425782 290.3927297363282 0
v 898.3658729553224 291.2342938537598 0
v 900.5532499999998 292.12800000000004 0
v 902.7136036071777 293.07308700561526 0
v 904.8461726074219 294.0687937011719 0
v 906.9501958312987 295.11435891723636 0
v 909.024912109375 296.20902148437506 0
v 911.0695602722169 297.3520202331544 0
v 913.0833791503906 298.5425939941407 0
v 915.0656075744629 299.7799815979005 0
v 917.015484375 301.0634218750001 0
v 918.9322483825683 302.3921536560059 0
v 920.8151384277343 303.76541577148447 0
v 922.6633933410645 305.182447052002 0
v 924.476251953125 306.6424863281251 0
v 926.2529530944826 308.14477243042 0
v 927.9927355957032 309.6885441894532 0
v 929.6948382873535 311.2730404357911 0
v 931.3584999999999 312.89750000000004 0
v 932.982959564209 314.56116171264654 0
v 934.5674558105468 316.26326440429693 0
v 936.11122756958 318.00304690551764 0
v 937.613513671875 319.77974804687506 0
v 939.073552947998 321.5926066589356 0
v 940.4905842285157 323.44086157226565 0
v 941.8638463439942 325.32375161743164 0
v 943.192578125 327.24051562500006 0
v 944.4760184020996 329.1903924255372 0
v 945.7134060058594 331.1726208496094 0
v 946.9039797668457 333.18643972778324 0
v 948.046978515625 335.2310878906251 0
v 949.1416410827636 337.30580416870123 0
v 950.1872062988281 339.4098273925782 0
v 951.1829129943848 341.5423963928223 0
v 952.1279999999999 343.70275000000004 0
v 953.0217061462403 345.8901270446778 0
v 953.8632702636719 348.10376635742193 0
v 954.6519311828613 350.34290676879885 0
v 955.3869277343749 352.6067871093751 0
v 956.0674987487794 354.8946462097168 0
v 956.6928830566405 357.2057229003907 0
v 957.2623194885255 359.53925601196295 0
v 957.7750468749999 361.89448437500005 0
v 958.2303040466309 364.2706468200684 0
v 958.6273298339844 366.66698217773444 0
v 958.965363067627 369.0827292785645 0
v 959.243642578125 371.51712695312506 0
v 959.4614071960449 373.9694140319824 0
v 959.6178957519531 376.4388293457032 0
v 959.712347076416 378.92461172485355 0
v 959.744 381.42600000000004 0
v 959.744 381.42600000000004 0
v 959.7123543014526 383.9273853759766 0
v 959.6179242553711 386.4131591796875 0
v 959.4614704360962 388.8825604248047 0
v 959.2437534179687 391.33482812500006 0
v 958.9655337753296 393.76920129394534 0
v 958.6275720825195 396.1849189453126 0
v 958.2306289138794 398.58122009277344 0
v 957.7754648437498 400.9573437500001 0
v 957.2628404464722 403.31252893066414 0
v 956.6935162963867 405.64601464843753 0
v 956.0682529678344 407.95703991699224 0
v 955.3878110351562 410.24484375000003 0
v 954.652951072693 412.50866516113285 0
v 953.8644336547851 414.7477431640625 0
v 953.023019355774 416.961316772461 0
v 952.12946875 419.14862500000004 0
v 951.1845424118043 421.3089068603516 0
v 950.1890009155272 423.44140136718755 0
v 949.1436048355101 425.5453475341797 0
v 948.0491147460937 427.619984375 0
v 946.9062912216187 429.6645509033204 0
v 945.7158948364258 431.6782861328125 0
v 944.4786861648558 433.66042907714854 0
v 943.19542578125 435.61021874999994 0
v 941.8668742599488 437.5268941650391 0
v 940.493792175293 439.40969433593756 0
v 939.0769401016236 441.2578582763673 0
v 937.6170786132813 443.070625 0
v 936.1149682846069 444.84723352050776 0
v 934.5713696899413 446.5869228515626 0
v 932.9870434036254 448.2889320068359 0
v 931.36275 449.9525000000001 0
v 929.6992500534059 451.57686584472657 0
v 927.9973041381837 453.16126855468747 0
v 926.2576728286743 454.7049471435547 0
v 924.4811166992188 456.2071406250001 0
v 922.6683963241577 457.66708801269533 0
v 920.820272277832 459.0840283203125 0
v 918.9375051345826 460.4572005615235 0
v 917.0208554687499 461.78584375 0
v 915.0710838546754 463.0691968994141 0
v 913.0889508666994 464.30649902343754 0
v 911.0752170791626 465.4969891357422 0
v 909.0306430664062 466.63990625 0
v 906.955989402771 467.73448937988286 0
v 904.8520166625977 468.77997753906254 0
v 902.7194854202271 469.7756097412109 0
v 900.5591562500001 470.72062500000004 0
v 898.3717897262574 471.6142623291016 0
v 896.15814642334 472.4557607421875 0
v 893.9189869155884 473.2443592529297 0
v 891.6550717773439 473.97929687500005 0
v 889.3671615829469 474.6598126220704 0
v 887.0560169067383 475.2851455078125 0
v 884.7223983230591 475.85453454589845 0
v 882.36706640625 476.36721875 0
v 879.9907817306519 476.8224371337891 0
v 877.5943048706056 477.2194287109375 0
v 875.1783964004518 477.55743249511715 0
v 872.7438168945313 477.8356875 0
v 870.2913269271851 478.0534327392578 0
v 867.821687072754 478.2099072265625 0
v 865.3356579055786 478.304349975586 0
v 862.8340000000001 478.336 0
v 862.8340000000001 478.336 0
v 862.8335000000001 478.3365 0
v 862.8330000000001 478.337 0
v 862.8325000000001 478.33750000000003 0
v 862.8320000000001 478.338 0
v 862.8315 478.3385 0
v 862.831 478.33900000000006 0
v 862.8305 478.33950000000004 0
v 862.83 478.34000000000003 0
v 862.83 276.72 0
v 865.528490802765 276.7542666473389 0
v 868.2103795471191 276.85651403808595 0
v 870.8748376121522 277.02591334533696 0
v 873.5210363769531 277.26163574218754 0
v 876.1481472206117 277.56285240173344 0
v 878.7553415222168 277.92873449707037 0
v 881.3417906608581 278.3584532012939 0
v 883.906666015625 278.8511796875 0
v 886.4491389656067 279.4060851287842 0
v 888.9683808898926 280.0223406982422 0
v 891.4635631675721 280.6991175689697 0
v 893.9338571777345 281.4355869140626 0
v 896.3784342994691 282.23091990661624 0
v 898.7964659118652 283.08428771972655 0
v 901.1871233940125 283.9948615264893 0
v 903.549578125 284.9618125 0
v 905.8830014839174 285.98431181335457 0
v 908.1865648498537 287.0615306396485 0
v 910.4594396018982 288.19264015197757 0
v 912.7007971191406 289.37681152343754 0
v 914.9098087806702 290.6132159271241 0
v 917.0856459655762 291.9010245361328 0
v 919.2274800529481 293.2394085235596 0
v 921.3344824218751 294.6275390625001 0
v 923.4058244514465 296.06458732604983 0
v 925.440677520752 297.54972448730473 0
v 927.4382130088807 299.08212171936043 0
v 929.397602294922 300.6609501953125 0
v 931.3180167579651 302.2853810882569 0
v 933.1986277770998 303.9545855712891 0
v 935.0386067314148 305.6677348175049 0
v 936.8371250000001 307.42400000000004 0
v 938.5933539619448 309.2225522918701 0
v 940.3064649963379 311.06256286621095 0
v 941.9756294822694 312.9432028961182 0
v 943.6000187988283 314.86364355468754 0
v 945.1788043251038 316.8230560150147 0
v 946.7111574401856 318.8206114501953 0
v 948.196249523163 320.8554810333252 0
v 949.633251953125 322.9268359375 0
v 951.0213361091616 325.0338473358155 0
v 952.3596733703614 327.1756864013672 0
v 953.6474351158142 329.351524307251 0
v 954.8837927246095 331.56053222656254 0
v 956.0679175758362 333.80188133239744 0
v 957.1989810485841 336.0747427978516 0
v 958.2761545219423 338.3782877960205 0
v 959.2986093750001 340.71168750000004 0
v 960.265516986847 343.0741130828858 0
v 961.1760487365724 345.46473571777346 0
v 962.0293760032655 347.88272657775883 0
v 962.8246701660157 350.32725683593753 0
v 963.5611026039124 352.79749766540533 0
v 964.2378446960449 355.2926202392579 0
v 964.8540678215027 357.8117957305908 0
v 965.4089433593751 360.3541953125 0
v 965.9016426887514 362.91899015808104 0
v 966.3313371887208 365.50535144042965 0
v 966.697198238373 368.11245033264163 0
v 966.998397216797 370.7394580078125 0
v 967.2341055030823 373.38554563903807 0
v 967.4034944763184 376.0498843994141 0
v 967.5057355155946 378.73164546203617 0
v 967.5400000000001 381.43 0
v 967.5400000000001 381.43 0
v 967.5057333526613 384.1283545379639 0
v 967.403485961914 386.81011560058596 0
v 967.2340866546631 389.4744543609619 0
v 966.9983642578127 392.1205419921875 0
v 966.6971475982668 394.7475496673584 0
v 966.3312655029298 397.35464855957025 0
v 965.9015467987062 399.9410098419189 0
v 965.4088203125001 402.5058046875 0
v 964.8539148712158 405.04820426940915 0
v 964.2376593017578 407.5673797607422 0
v 963.5608824310303 410.0625023345948 0
v 962.8244130859377 412.5327431640625 0
v 962.0290800933839 414.97727342224124 0
v 961.1757122802736 417.39526428222655 0
v 960.2651384735109 419.7858869171143 0
v 959.2981875 422.1483125 0
v 958.2756881866457 424.4817122039795 0
v 957.1984693603515 426.7852572021485 0
v 956.0673598480224 429.05811866760257 0
v 954.8831884765626 431.29946777343747 0
v 953.6467840728759 433.5084756927491 0
v 952.3589754638673 435.6843135986328 0
v 951.0205914764406 437.8261526641845 0
v 949.6324609375 439.9331640625 0
v 948.1954126739503 442.0045189666748 0
v 946.7102755126955 444.03938854980476 0
v 945.1778782806398 446.03694398498544 0
v 943.5990498046875 447.9963564453126 0
v 941.9746189117432 449.91679710388183 0
v 940.3054144287111 451.79743713378906 0
v 938.5922651824952 453.63744770812986 0
v 936.836 455.436 0
v 935.0374477081299 457.19226518249513 0
v 933.1974371337891 458.90541442871097 0
v 931.316797103882 460.5746189117432 0
v 929.3963564453127 462.19904980468755 0
v 927.4369439849854 463.77787828063964 0
v 925.4393885498048 465.3102755126953 0
v 923.4045189666749 466.7954126739502 0
v 921.3331640625001 468.2324609375 0
v 919.2261526641846 469.6205914764405 0
v 917.0843135986329 470.9589754638672 0
v 914.9084756927491 472.2467840728759 0
v 912.6994677734376 473.48318847656253 0
v 910.4581186676025 474.6673598480225 0
v 908.1852572021485 475.79846936035153 0
v 905.8817122039796 476.8756881866455 0
v 903.5483125000001 477.8981875 0
v 901.1858869171142 478.86513847351074 0
v 898.7952642822266 479.7757122802734 0
v 896.3772734222414 480.6290800933838 0
v 893.9327431640626 481.42441308593754 0
v 891.4625023345948 482.1608824310303 0
v 888.9673797607422 482.8376593017578 0
v 886.4482042694092 483.45391487121583 0
v 883.9058046875 484.0088203125 0
v 881.341009841919 484.50154679870604 0
v 878.7546485595703 484.93126550292965 0
v 876.1475496673585 485.29714759826663 0
v 873.5205419921875 485.5983642578125 0
v 870.874454360962 485.8340866546631 0
v 868.210115600586 486.00348596191407 0
v 865.528354537964 486.1057333526611 0
v 862.83 486.14 0
v 862.83 486.14 0
v 860.1316454620362 486.10573335266116 0
v 857.4498843994141 486.003485961914 0
v 854.7855456390381 485.8340866546631 0
v 852.1394580078126 485.5983642578125 0
v 849.5124503326417 485.2971475982666 0
v 846.9053514404297 484.93126550292965 0
v 844.3189901580811 484.50154679870604 0
v 841.7541953125001 484.00882031249995 0
v 839.2117957305908 483.45391487121583 0
v 836.6926202392578 482.8376593017578 0
v 834.1974976654054 482.1608824310303 0
v 831.7272568359376 481.42441308593754 0
v 829.2827265777588 480.6290800933837 0
v 826.8647357177734 479.77571228027347 0
v 824.4741130828858 478.86513847351074 0
v 822.1116875000001 477.89818749999995 0
v 819.7782877960205 476.8756881866455 0
v 817.4747427978516 475.7984693603516 0
v 815.2018813323974 474.6673598480225 0
v 812.9605322265625 473.4831884765625 0
v 810.751524307251 472.246784072876 0
v 808.5756864013673 470.9589754638672 0
v 806.4338473358154 469.6205914764405 0
v 804.3268359375 468.23246093750004 0
v 802.2554810333252 466.7954126739502 0
v 800.2206114501954 465.3102755126953 0
v 798.2230560150147 463.7778782806397 0
v 796.2636435546876 462.1990498046875 0
v 794.3432028961182 460.57461891174313 0
v 792.462562866211 458.90541442871097 0
v 790.6225522918701 457.19226518249513 0
v 788.824 455.436 0
v 787.067734817505 453.6374477081299 0
v 785.354585571289 451.79743713378906 0
v 783.6853810882569 449.9167971038819 0
v 782.0609501953126 447.99635644531253 0
v 780.4821217193605 446.0369439849853 0
v 778.9497244873046 444.0393885498047 0
v 777.4645873260498 442.0045189666748 0
v 776.0275390625 439.93316406250005 0
v 774.6394085235596 437.8261526641846 0
v 773.3010245361329 435.6843135986328 0
v 772.0132159271241 433.5084756927491 0
v 770.7768115234376 431.2994677734375 0
v 769.5926401519775 429.05811866760257 0
v 768.4615306396486 426.78525720214844 0
v 767.3843118133545 424.4817122039795 0
v 766.3618125 422.14831250000003 0
v 765.3948615264893 419.7858869171143 0
v 764.4842877197266 417.3952642822266 0
v 763.6309199066163 414.97727342224124 0
v 762.8355869140626 412.5327431640625 0
v 762.0991175689696 410.06250233459474 0
v 761.4223406982422 407.5673797607422 0
v 760.8060851287842 405.04820426940915 0
v 760.2511796875 402.5058046875 0
v 759.758453201294 399.9410098419189 0
v 759.3287344970703 397.3546485595703 0
v 758.9628524017334 394.7475496673584 0
v 758.6616357421875 392.1205419921875 0
v 758.4259133453369 389.4744543609619 0
v 758.256514038086 386.81011560058596 0
v 758.1542666473389 384.1283545379639 0
v 758.12 381.43 0
v 758.12 381.43 0
v 758.1542709732057 378.73164546203617 0
v 758.2565310668946 376.0498843994141 0
v 758.4259510421753 373.38554563903807 0
v 758.6617016601563 370.73945800781246 0
v 758.9629536819458 368.11245033264163 0
v 759.3288778686524 365.50535144042965 0
v 759.7586449813842 362.918990158081 0
v 760.25142578125 360.3541953125 0
v 760.8063910293579 357.8117957305908 0
v 761.4227114868165 355.2926202392579 0
v 762.0995579147339 352.7974976654053 0
v 762.8361010742188 350.3272568359375 0
v 763.6315117263794 347.88272657775883 0
v 764.4849606323243 345.46473571777346 0
v 765.3956185531616 343.0741130828858 0
v 766.3626562500001 340.71168750000004 0
v 767.3852444839479 338.3782877960205 0
v 768.4625540161132 336.0747427978516 0
v 769.593755607605 333.8018813323975 0
v 770.7780200195313 331.56053222656254 0
v 772.0145180130006 329.351524307251 0
v 773.3024203491211 327.1756864013672 0
v 774.6408977890017 325.03384733581544 0
v 776.02912109375 322.9268359375 0
v 777.4662610244751 320.8554810333252 0
v 778.9514883422852 318.8206114501953 0
v 780.4839738082885 316.8230560150147 0
v 782.0628881835938 314.86364355468754 0
v 783.6874022293091 312.9432028961182 0
v 785.3566867065431 311.06256286621095 0
v 787.0699123764039 309.2225522918701 0
v 788.8262500000001 307.4240000000001 0
v 790.62487033844 305.6677348175049 0
v 792.464944152832 303.95458557128904 0
v 794.3456422042848 302.2853810882568 0
v 796.2661352539064 300.6609501953126 0
v 798.2255940628053 299.0821217193604 0
v 800.2231893920898 297.54972448730473 0
v 802.2580920028687 296.06458732604983 0
v 804.32947265625 294.62753906250003 0
v 806.4365021133424 293.2394085235596 0
v 808.578351135254 291.9010245361328 0
v 810.7541904830933 290.61321592712403 0
v 812.9631909179687 289.37681152343754 0
v 815.2045232009889 288.19264015197757 0
v 817.4773580932617 287.0615306396485 0
v 819.780866355896 285.9843118133545 0
v 822.11421875 284.9618125 0
v 824.4765860366822 283.9948615264893 0
v 826.8671389770509 283.0842877197266 0
v 829.2850483322144 282.23091990661624 0
v 831.7294848632812 281.4355869140625 0
v 834.1996193313599 280.69911756896977 0
v 836.6946224975586 280.0223406982422 0
v 839.2136651229858 279.4060851287842 0
v 841.75591796875 278.8511796875 0
v 844.3205517959595 278.35845320129397 0
v 846.9067373657227 277.92873449707037 0
v 849.513645439148 277.5628524017334 0
v 852.1404467773438 277.26163574218754 0
v 854.7863121414185 277.02591334533696 0
v 857.4504122924805 276.85651403808595 0
v 860.1319179916383 276.7542666473389 0
v 862.83 276.72 0
v 862.83 479.34000000000003 0
v 865.3532795333863 479.3079582595825 0
v 867.8610390014649 479.2123496704102 0
v 870.3525034561159 479.05394918060307 0
v 872.8268979492187 478.83353173828124 0
v 875.2834475326538 478.55187229156496 0
v 877.7213772583009 478.20974578857425 0
v 880.1399121780396 477.80792717742924 0
v 882.53827734375 477.3471914062501 0
v 884.915697807312 476.82831342315677 0
v 887.2713986206055 476.2520681762696 0
v 889.6046048355104 475.61923061370845 0
v 891.9145415039063 474.93057568359376 0
v 894.2004336776733 474.1868783340454 0
v 896.4615064086914 473.38891351318364 0
v 898.6969847488404 472.53745616912846 0
v 900.90609375 471.63328125 0
v 903.0880584640504 470.67716370391844 0
v 905.242103942871 469.6698784790039 0
v 907.3674552383422 468.6122005233765 0
v 909.4633374023438 467.50490478515627 0
v 911.5289754867554 466.34876621246343 0
v 913.5635945434572 465.144559753418 0
v 915.5664196243287 463.8930603561402 0
v 917.53667578125 462.59504296875 0
v 919.4735880661011 461.2512825393677 0
v 921.3763815307617 459.8625540161133 0
v 923.2442812271119 458.4296323471069 0
v 925.0765122070312 456.95329248046875 0
v 926.8722995224 455.43430936431884 0
v 928.6308682250976 453.87345794677736 0
v 930.3514433670044 452.2715131759644 0
v 932.03325 450.62925 0
v 933.6755131759643 448.94744336700444 0
v 935.2774579467773 447.2268682250977 0
v 936.8383093643189 445.4682995223999 0
v 938.3572924804687 443.6725122070313 0
v 939.8336323471069 441.84028122711186 0
v 941.2665540161133 439.9723815307617 0
v 942.6552825393677 438.0695880661011 0
v 943.99904296875 436.13267578125 0
v 945.2970603561402 434.1624196243286 0
v 946.548559753418 432.15959454345705 0
v 947.7527662124635 430.12497548675543 0
v 948.9089047851562 428.0593374023438 0
v 950.0162005233764 425.96345523834225 0
v 951.0738784790038 423.8381039428711 0
v 952.0811637039185 421.68405846405034 0
v 953.03728125 419.50209375 0
v 953.9414561691284 417.29298474884035 0
v 954.7929135131835 415.05750640869144 0
v 955.5908783340454 412.79643367767335 0
v 956.3345756835938 410.5105415039063 0
v 957.0232306137085 408.20060483551026 0
v 957.6560681762695 405.8673986206055 0
v 958.2323134231567 403.51169780731203 0
v 958.75119140625 401.13427734375 0
v 959.2119271774293 398.7359121780396 0
v 959.6137457885743 396.31737725830084 0
v 959.955872291565 393.87944753265384 0
v 960.2375317382812 391.4228979492188 0
v 960.457949180603 388.94850345611576 0
v 960.6163496704102 386.4570390014649 0
v 960.7119582595825 383.9492795333863 0
v 960.744 381.42600000000004 0
v 960.744 381.42600000000004 0
v 960.7119582595825 378.90272046661386 0
v 960.6163496704102 376.3949609985352 0
v 960.457949180603 373.9034965438843 0
v 960.2375317382813 371.42910205078135 0
v 959.955872291565 368.9725524673462 0
v 959.6137457885742 366.53462274169925 0
v 959.2119271774292 364.1160878219605 0
v 958.7511914062499 361.71772265625003 0
v 958.2323134231567 359.340302192688 0
v 957.6560681762695 356.9846013793946 0
v 957.0232306137084 354.65139516448977 0
v 956.3345756835937 352.3414584960938 0
v 955.5908783340454 350.0555663223267 0
v 954.7929135131836 347.79449359130865 0
v 953.9414561691284 345.55901525115974 0
v 953.03728125 343.34990625 0
v 952.0811637039185 341.16794153594975 0
v 951.0738784790038 339.01389605712893 0
v 950.0162005233764 336.8885447616578 0
v 948.9089047851562 334.7926625976563 0
v 947.7527662124634 332.7270245132447 0
v 946.548559753418 330.69240545654293 0
v 945.2970603561402 328.6895803756714 0
v 943.99904296875 326.71932421875005 0
v 942.6552825393677 324.78241193389897 0
v 941.2665540161134 322.8796184692383 0
v 939.8336323471069 321.0117187728882 0
v 938.3572924804687 319.17948779296876 0
v 936.838309364319 317.38370047760014 0
v 935.2774579467773 315.6251317749024 0
v 933.6755131759643 313.90455663299565 0
v 932.03325 312.2227500000001 0
v 930.3514433670044 310.5804868240357 0
v 928.6308682250976 308.9785420532227 0
v 926.8722995223999 307.4176906356812 0
v 925.0765122070313 305.8987075195313 0
v 923.2442812271119 304.4223676528932 0
v 921.3763815307618 302.98944598388675 0
v 919.4735880661011 301.6007174606324 0
v 917.5366757812501 300.25695703125007 0
v 915.5664196243287 298.95893964385994 0
v 913.5635945434572 297.7074402465821 0
v 911.5289754867554 296.5032337875367 0
v 909.4633374023437 295.3470952148438 0
v 907.3674552383422 294.23979947662355 0
v 905.2421039428712 293.18212152099613 0
v 903.0880584640503 292.1748362960816 0
v 900.9060937500001 291.21871875000005 0
v 898.6969847488404 290.3145438308716 0
v 896.4615064086914 289.46308648681645 0
v 894.2004336776733 288.66512166595464 0
v 891.9145415039063 287.9214243164063 0
v 889.6046048355104 287.2327693862916 0
v 887.2713986206054 286.5999318237305 0
v 884.915697807312 286.0236865768433 0
v 882.53827734375 285.50480859375006 0
v 880.1399121780396 285.04407282257085 0
v 877.7213772583009 284.64225421142584 0
v 875.2834475326539 284.3001277084351 0
v 872.8268979492187 284.0184682617188 0
v 870.3525034561158 283.798050819397 0
v 867.8610390014649 283.6396503295899 0
v 865.3532795333863 283.5440417404175 0
v 862.83 283.51200000000006 0
v 862.83 283.51200000000006 0
v 860.3067204666139 283.5440417404175 0
v 857.7989609985352 283.63965032959 0
v 855.3074965438843 283.798050819397 0
v 852.8331020507813 284.01846826171885 0
v 850.3765524673463 284.3001277084351 0
v 847.9386227416993 284.6422542114259 0
v 845.5200878219605 285.04407282257085 0
v 843.12172265625 285.50480859375006 0
v 840.744302192688 286.0236865768433 0
v 838.3886013793945 286.5999318237305 0
v 836.0553951644898 287.2327693862915 0
v 833.7454584960936 287.9214243164064 0
v 831.4595663223265 288.66512166595464 0
v 829.1984935913086 289.4630864868165 0
v 826.9630152511597 290.3145438308716 0
v 824.7539062499999 291.21871875000005 0
v 822.5719415359496 292.17483629608154 0
v 820.4178960571289 293.18212152099613 0
v 818.2925447616577 294.2397994766236 0
v 816.1966625976563 295.3470952148438 0
v 814.1310245132446 296.5032337875367 0
v 812.096405456543 297.7074402465821 0
v 810.0935803756714 298.95893964385994 0
v 808.1233242187501 300.25695703125007 0
v 806.186411933899 301.6007174606324 0
v 804.2836184692383 302.98944598388675 0
v 802.4157187728882 304.4223676528931 0
v 800.5834877929688 305.8987075195313 0
v 798.7877004776001 307.4176906356812 0
v 797.0291317749025 308.97854205322267 0
v 795.3085566329955 310.5804868240357 0
v 793.62675 312.22275 0
v 791.9844868240357 313.90455663299565 0
v 790.3825420532226 315.62513177490246 0
v 788.8216906356811 317.38370047760014 0
v 787.3027075195313 319.17948779296876 0
v 785.826367652893 321.01171877288823 0
v 784.3934459838867 322.8796184692383 0
v 783.0047174606323 324.78241193389897 0
v 781.6609570312501 326.71932421875005 0
v 780.3629396438598 328.6895803756714 0
v 779.111440246582 330.692405456543 0
v 777.9072337875366 332.72702451324466 0
v 776.7510952148438 334.7926625976563 0
v 775.6437994766235 336.8885447616578 0
v 774.5861215209961 339.01389605712893 0
v 773.5788362960816 341.16794153594975 0
v 772.62271875 343.34990625 0
v 771.7185438308716 345.55901525115974 0
v 770.8670864868163 347.79449359130865 0
v 770.0691216659546 350.0555663223267 0
v 769.3254243164063 352.3414584960938 0
v 768.6367693862915 354.65139516448977 0
v 768.0039318237305 356.9846013793946 0
v 767.4276865768434 359.340302192688 0
v 766.9088085937501 361.71772265625003 0
v 766.4480728225709 364.1160878219605 0
v 766.0462542114258 366.5346227416993 0
v 765.7041277084351 368.97255246734625 0
v 765.4224682617187 371.4291020507813 0
v 765.2020508193971 373.9034965438843 0
v 765.0436503295899 376.3949609985352 0
v 764.9480417404176 378.9027204666138 0
v 764.916 381.42600000000004 0
v 764.916 381.42600000000004 0
v 764.9480388412477 383.94927663421635 0
v 765.0436388549806 386.4570275268555 0
v 765.202025276184 388.94847791290283 0
v 765.4224233398437 391.4228530273438 0
v 765.7040582809449 393.8793781051636 0
v 766.0461553344727 396.3172783813477 0
v 766.4479397354127 398.73577909088135 0
v 766.90863671875 401.1341054687501 0
v 767.4274715194703 403.51148274993903 0
v 768.0036693725585 405.86713616943365 0
v 768.6364555130003 408.2002909622193 0
v 769.3250551757812 410.5101723632813 0
v 770.0686935958862 412.796005607605 0
v 770.8665960083008 415.05701593017585 0
v 771.7179876480102 417.29242856597904 0
v 772.62209375 419.50146875 0
v 773.5781395492554 421.6833617172242 0
v 774.5853502807618 423.83733270263673 0
v 775.6429511795044 425.9626069412232 0
v 776.7501674804687 428.05840966796876 0
v 777.9062244186401 430.12396611785897 0
v 779.1103472290039 432.15850152587893 0
v 780.3617611465454 434.1612411270142 0
v 781.65969140625 436.13141015625 0
v 783.0033632431031 438.0682338485718 0
v 784.3920018920898 439.9709374389649 0
v 785.8248325881957 441.8387461624146 0
v 787.3010805664063 443.67088525390625 0
v 788.8199710617066 445.4665799484253 0
v 790.380729309082 447.22505548095705 0
v 791.982580543518 448.94553708648687 0
v 793.6247500000001 450.62725 0
v 795.3064629135132 452.26941945648196 0
v 797.0269445190429 453.871270690918 0
v 798.7854200515746 455.43202893829346 0
v 800.5811147460938 456.95091943359375 0
v 802.4132538375854 458.42716741180413 0
v 804.2810625610352 459.85999810791014 0
v 806.1837661514282 461.248636756897 0
v 808.1205898437499 462.59230859375 0
v 810.0907588729858 463.8902388534546 0
v 812.093498474121 465.14165277099613 0
v 814.1280338821412 466.3457755813599 0
v 816.1935903320312 467.50183251953126 0
v 818.2893930587768 468.6090488204956 0
v 820.4146672973633 469.6666497192383 0
v 822.568638282776 470.67386045074466 0
v 824.75053125 471.62990625 0
v 826.959571434021 472.53401235198976 0
v 829.1949840698242 473.3854039916992 0
v 831.455994392395 474.18330640411375 0
v 833.7418276367188 474.9269448242188 0
v 836.0517090377807 475.6155444869995 0
v 838.3848638305665 476.2483306274414 0
v 840.740517250061 476.8245284805298 0
v 843.11789453125 477.34336328125 0
v 845.5162209091186 477.8040602645874 0
v 847.9347216186522 478.20584466552737 0
v 850.3726218948364 478.5479417190552 0
v 852.8291469726562 478.82957666015625 0
v 855.3035220870971 479.0499747238159 0
v 857.7949724731445 479.2083611450196 0
v 860.3027233657837 479.3039611587525 0
v 862.826 479.336 0
v 862.826 479.336 0
v 862.8265 479.3365 0
v 862.827 479.337 0
v 862.8275 479.33750000000003 0
v 862.828 479.338 0
v 862.8285000000001 479.3385 0
v 862.8290000000001 479.33900000000006 0
v 862.8295 479.33950000000004 0
v 862.83 479.34000000000003 0
v 862.83 275.72 0
v 860.1014874725342 275.75452640914926 0
v 857.3900032958985 275.8575520935059 0
v 854.6963775787355 276.02824673843384 0
v 852.0214404296875 276.26578002929693 0
v 849.3660219573976 276.5693216514588 0
v 846.7309522705078 276.93804129028325 0
v 844.1170614776611 277.371108631134 0
v 841.5251796875 277.86769335937504 0
v 838.956137008667 278.4269651603699 0
v 836.4107635498046 279.04809371948244 0
v 833.8898894195557 279.7302487220764 0
v 831.3943447265626 280.4725998535157 0
v 828.9249595794678 281.27431679916384 0
v 826.4825640869141 282.13456924438475 0
v 824.067988357544 283.05252687454225 0
v 821.6820625000001 284.02735937500006 0
v 819.3256166229248 285.0582364311219 0
v 816.999480834961 286.14432772827155 0
v 814.704485244751 287.28480295181276 0
v 812.4414599609374 288.4788317871094 0
v 810.2112350921632 289.7255839195252 0
v 808.0146407470703 291.02422903442385 0
v 805.8525070343018 292.37393681716924 0
v 803.7256640625001 293.77387695312507 0
v 801.6349419403076 295.22321912765506 0
v 799.5811707763673 296.7211330261231 0
v 797.5651806793213 298.26678833389286 0
v 795.5878017578126 299.85935473632816 0
v 793.6498641204835 301.49800191879274 0
v 791.7521978759765 303.18189956665043 0
v 789.8956331329346 304.9102173652649 0
v 788.081 306.682125 0
v 786.3091285858154 308.4967921562195 0
v 784.5808489990235 310.35338851928714 0
v 782.8969913482666 312.25108377456667 0
v 781.2583857421874 314.1890476074219 0
v 779.6658622894288 316.1664497032166 0
v 778.1202510986329 318.1824597473145 0
v 776.6223822784424 320.23624742507934 0
v 775.1730859375 322.3269824218751 0
v 773.7731921844484 324.45383442306525 0
v 772.4235311279298 326.6159731140137 0
v 771.124932876587 328.81256818008427 0
v 769.8782275390624 331.04278930664066 0
v 768.6842452239991 333.3058061790466 0
v 767.5438160400391 335.6007884826661 0
v 766.4577700958253 337.9269059028626 0
v 765.4269375000001 340.283328125 0
v 764.4521483612061 342.66922483444216 0
v 763.534232788086 345.08376571655276 0
v 762.6740208892822 347.5261204566956 0
v 761.8723427734375 349.9954587402344 0
v 761.1300285491943 352.49095025253297 0
v 760.4479083251954 355.0117646789551 0
v 759.8268122100831 357.55707170486454 0
v 759.2675703125001 360.12604101562505 0
v 758.7710127410888 362.71784229660034 0
v 758.3379696044922 365.3316452331543 0
v 757.9692710113525 367.9666195106506 0
v 757.6657470703125 370.62193481445314 0
v 757.4282278900147 373.2967608299255 0
v 757.2575435791016 375.9902672424317 0
v 757.1545242462158 378.70162373733524 0
v 757.12 381.43 0
v 757.12 381.43 0
v 757.1545264091493 384.1583762626648 0
v 757.2575520935059 386.8697327575684 0
v 757.4282467384338 389.56323917007444 0
v 757.6657800292969 392.2380651855469 0
v 757.9693216514587 394.89338048934934 0
v 758.3380412902833 397.5283547668456 0
v 758.771108631134 400.1421577033996 0
v 759.267693359375 402.733958984375 0
v 759.8269651603698 405.30292829513553 0
v 760.4480937194826 407.84823532104497 0
v 761.1302487220763 410.3690497474671 0
v 761.8725998535157 412.8645412597656 0
v 762.6743167991638 415.3338795433044 0
v 763.5345692443848 417.77623428344725 0
v 764.4525268745422 420.19077516555785 0
v 765.427359375 422.576671875 0
v 766.4582364311219 424.9330940971374 0
v 767.5443277282715 427.25921151733405 0
v 768.6848029518127 429.5541938209534 0
v 769.8788317871093 431.81721069335936 0
v 771.1255839195252 434.04743181991586 0
v 772.4242290344238 436.2440268859863 0
v 773.7739368171692 438.40616557693477 0
v 775.1738769531249 440.533017578125 0
v 776.623219127655 442.6237525749207 0
v 778.1211330261231 444.67754025268556 0
v 779.6667883338928 446.6935502967834 0
v 781.2593547363282 448.6709523925781 0
v 782.8980019187927 450.60891622543335 0
v 784.5818995666505 452.5066114807129 0
v 786.3102173652649 454.36320784378046 0
v 788.0821249999999 456.17787500000003 0
v 789.8967921562195 457.94978263473513 0
v 791.753388519287 459.67810043334964 0
v 793.6510837745666 461.3619980812073 0
v 795.5890476074219 463.0006452636719 0
v 797.5664497032166 464.5932116661072 0
v 799.5824597473145 466.13886697387693 0
v 801.6362474250794 467.63678087234496 0
v 803.726982421875 469.086123046875 0
v 805.8538344230652 470.48606318283083 0
v 808.0159731140136 471.8357709655762 0
v 810.2125681800842 473.1344160804748 0
v 812.4427893066406 474.38116821289066 0
v 814.7058061790466 475.5751970481873 0
v 817.000788482666 476.7156722717285 0
v 819.3269059028626 477.8017635688782 0
v 821.683328125 478.832640625 0
v 824.0692248344421 479.80747312545776 0
v 826.4837657165526 480.7254307556152 0
v 828.9261204566956 481.5856832008362 0
v 831.3954587402343 482.3874001464844 0
v 833.890950252533 483.1297512779236 0
v 836.411764678955 483.8119062805176 0
v 838.9570717048645 484.4330348396301 0
v 841.526041015625 484.992306640625 0
v 844.1178422966003 485.48889136886595 0
v 846.7316452331543 485.92195870971676 0
v 849.3666195106507 486.2906783485413 0
v 852.0219348144531 486.59421997070314 0
v 854.6967608299256 486.8317532615662 0
v 857.3902672424317 487.0024479064941 0
v 860.1016237373353 487.1054735908508 0
v 862.83 487.14 0
v 862.83 487.14 0
v 865.5585125274658 487.10547359085086 0
v 868.2699967041016 487.0024479064941 0
v 870.9636224212647 486.8317532615662 0
v 873.6385595703125 486.59421997070314 0
v 876.2939780426027 486.29067834854123 0
v 878.9290477294921 485.92195870971676 0
v 881.5429385223389 485.48889136886595 0
v 884.1348203125001 484.9923066406249 0
v 886.7038629913329 484.4330348396301 0
v 889.2492364501953 483.8119062805176 0
v 891.7701105804445 483.1297512779236 0
v 894.2656552734376 482.3874001464844 0
v 896.7350404205323 481.5856832008361 0
v 899.1774359130859 480.72543075561526 0
v 901.5920116424561 479.80747312545776 0
v 903.9779375 478.83264062499995 0
v 906.3343833770753 477.80176356887813 0
v 908.6605191650391 476.7156722717285 0
v 910.955514755249 475.5751970481873 0
v 913.2185400390625 474.3811682128906 0
v 915.4487649078369 473.13441608047486 0
v 917.6453592529298 471.8357709655762 0
v 919.8074929656983 470.48606318283083 0
v 921.9343359375001 469.08612304687495 0
v 924.0250580596924 467.63678087234496 0
v 926.0788292236329 466.13886697387693 0
v 928.0948193206787 464.5932116661072 0
v 930.0721982421877 463.00064526367186 0
v 932.0101358795166 461.3619980812072 0
v 933.9078021240236 459.67810043334964 0
v 935.7643668670655 457.9497826347351 0
v 937.5790000000001 456.177875 0
v 939.3508714141847 454.3632078437805 0
v 941.0791510009766 452.5066114807129 0
v 942.7630086517336 450.6089162254334 0
v 944.4016142578126 448.67095239257816 0
v 945.9941377105713 446.6935502967834 0
v 947.5397489013673 444.6775402526856 0
v 949.0376177215578 442.6237525749206 0
v 950.4869140625001 440.53301757812505 0
v 951.8868078155518 438.40616557693477 0
v 953.2364688720704 436.24402688598633 0
v 954.5350671234131 434.0474318199158 0
v 955.7817724609376 431.81721069335936 0
v 956.975754776001 429.5541938209534 0
v 958.1161839599611 427.259211517334 0
v 959.2022299041748 424.9330940971375 0
v 960.2330625000001 422.57667187500005 0
v 961.2078516387941 420.19077516555785 0
v 962.1257672119142 417.77623428344725 0
v 962.9859791107178 415.3338795433044 0
v 963.7876572265626 412.8645412597656 0
v 964.5299714508058 410.36904974746705 0
v 965.2120916748047 407.84823532104497 0
v 965.833187789917 405.30292829513553 0
v 966.3924296875 402.733958984375 0
v 966.8889872589114 400.1421577033996 0
v 967.3220303955079 397.52835476684567 0
v 967.6907289886476 394.89338048934934 0
v 967.9942529296876 392.2380651855469 0
v 968.2317721099854 389.56323917007444 0
v 968.4024564208985 386.8697327575684 0
v 968.5054757537843 384.15837626266483 0
v 968.5400000000001 381.43 0
v 968.5400000000001 381.43 0
v 968.5054800796511 378.70162373733524 0
v 968.402473449707 375.99026724243174 0
v 968.2318098068238 373.2967608299256 0
v 967.9943188476564 370.6219348144531 0
v 967.69083026886 367.9666195106506 0
v 967.32217376709 365.3316452331543 0
v 966.8891790390016 362.7178422966003 0
v 966.3926757812501 360.12604101562505 0
v 965.8334936904907 357.5570717048645 0
v 965.212462463379 355.0117646789551 0
v 964.5304117965699 352.49095025253297 0
v 963.788171386719 349.99545874023437 0
v 962.986570930481 347.5261204566956 0
v 962.1264401245119 345.08376571655276 0
v 961.2086086654664 342.66922483444216 0
v 960.23390625 340.2833281250001 0
v 959.2031625747682 337.9269059028626 0
v 958.1172073364257 335.6007884826661 0
v 956.9768702316284 333.30580617904667 0
v 955.7829809570313 331.04278930664066 0
v 954.5363692092894 328.81256818008427 0
v 953.2378646850588 326.61597311401374 0
v 951.8882970809939 324.4538344230652 0
v 950.48849609375 322.3269824218751 0
v 949.039291419983 320.23624742507934 0
v 947.5415127563477 318.18245974731445 0
v 945.9959897994995 316.1664497032166 0
v 944.4035522460937 314.1890476074219 0
v 942.7650297927856 312.25108377456667 0
v 941.0812521362305 310.35338851928714 0
v 939.3530489730836 308.4967921562195 0
v 937.58125 306.68212500000004 0
v 935.7666849136352 304.91021736526494 0
v 933.9101834106445 303.1818995666504 0
v 932.0125751876831 301.49800191879274 0
v 930.0746899414064 299.8593547363282 0
v 928.0973573684693 298.26678833389286 0
v 926.0814071655275 296.7211330261231 0
v 924.0276690292359 295.22321912765506 0
v 921.9369726562501 293.77387695312507 0
v 919.8101477432251 292.37393681716924 0
v 917.6480239868165 291.02422903442385 0
v 915.4514310836793 289.72558391952515 0
v 913.2211987304687 288.4788317871094 0
v 910.9581566238403 287.28480295181276 0
v 908.6631344604493 286.1443277282715 0
v 906.3369619369507 285.0582364311218 0
v 903.98046875 284.02735937500006 0
v 901.5944845962524 283.05252687454225 0
v 899.1798391723632 282.1345692443848 0
v 896.7373621749878 281.2743167991639 0
v 894.2678833007812 280.4725998535157 0
v 891.772232246399 279.73024872207645 0
v 889.2512387084961 279.04809371948244 0
v 886.705732383728 278.4269651603699 0
v 884.1365429687501 277.86769335937504 0
v 881.5445001602172 277.37110863113406 0
v 878.9304336547852 276.93804129028325 0
v 876.2951731491089 276.5693216514587 0
v 873.6395483398437 276.26578002929693 0
v 870.9643889236451 276.0282467384339 0
v 868.270524597168 275.8575520935059 0
v 865.5587850570679 275.7545264091492 0
v 862.83 275.72 0
v 862.83 478.34000000000003 0
v 860.3286117248537 478.308347076416 0
v 857.8428293457032 478.2138957519532 0
v 855.3734140319825 478.057407196045 0
v 852.921126953125 477.839642578125 0
v 850.4867292785646 477.561363067627 0
v 848.0709821777344 477.2233298339844 0
v 845.6746468200683 476.82630404663087 0
v 843.298484375 476.3710468750001 0
v 840.943256011963 475.8583194885254 0
v 838.6097229003906 475.28888305664066 0
v 836.2986462097169 474.66349874877926 0
v 834.010787109375 473.982927734375 0
v 831.7469067687988 473.24793118286135 0
v 829.5077663574219 472.4592702636719 0
v 827.2941270446777 471.61770614624027 0
v 825.10675 470.724 0
v 822.9463963928223 469.7789129943847 0
v 820.8138273925782 468.78320629882813 0
v 818.7098041687012 467.7376410827637 0
v 816.6350878906251 466.64297851562503 0
v 814.5904397277833 465.49997976684574 0
v 812.5766208496094 464.3094060058594 0
v 810.5943924255372 463.0720184020997 0
v 808.644515625 461.788578125 0
v 806.7277516174316 460.4598463439942 0
v 804.8448615722657 459.0865842285156 0
v 802.9966066589355 457.6695529479981 0
v 801.183748046875 456.209513671875 0
v 799.4070469055176 454.7072275695801 0
v 797.6672644042969 453.1634558105469 0
v 795.9651617126465 451.578959564209 0
v 794.3015 449.9545 0
v 792.677040435791 448.29083828735355 0
v 791.0925441894531 446.58873559570316 0
v 789.5487724304198 444.8489530944824 0
v 788.0464863281251 443.07225195312503 0
v 786.586447052002 441.2593933410645 0
v 785.1694157714844 439.4111384277344 0
v 783.7961536560058 437.52824838256834 0
v 782.467421875 435.61148437500003 0
v 781.1839815979005 433.66160757446295 0
v 779.9465939941407 431.6793791503907 0
v 778.7560202331542 429.66556027221685 0
v 777.613021484375 427.620912109375 0
v 776.5183589172364 425.54619583129886 0
v 775.4727937011719 423.4421726074219 0
v 774.4770870056152 421.30960360717773 0
v 773.5319999999999 419.14925000000005 0
v 772.6382938537598 416.9618729553223 0
v 771.7967297363282 414.74823364257816 0
v 771.0080688171388 412.5090932312012 0
v 770.273072265625 410.24521289062506 0
v 769.5925012512207 407.95735379028326 0
v 768.9671169433593 405.6462770996094 0
v 768.3976805114746 403.31274398803714 0
v 767.884953125 400.95751562500004 0
v 767.4296959533692 398.5813531799317 0
v 767.0326701660157 396.18501782226565 0
v 766.694636932373 393.7692707214356 0
v 766.416357421875 391.3348730468751 0
v 766.1985928039552 388.88258596801757 0
v 766.0421042480469 386.41317065429695 0
v 765.9476529235841 383.92738827514654 0
v 765.916 381.42600000000004 0
v 765.916 381.42600000000004 0
v 765.9476529235841 378.9246117248536 0
v 766.0421042480469 376.4388293457032 0
v 766.1985928039551 373.9694140319824 0
v 766.416357421875 371.5171269531251 0
v 766.6946369323731 369.0827292785645 0
v 767.0326701660157 366.6669821777344 0
v 767.4296959533692 364.27064682006835 0
v 767.884953125 361.89448437500005 0
v 768.3976805114746 359.5392560119629 0
v 768.9671169433593 357.2057229003907 0
v 769.5925012512206 354.8946462097168 0
v 770.273072265625 352.60678710937503 0
v 771.0080688171386 350.34290676879885 0
v 771.7967297363282 348.10376635742193 0
v 772.6382938537597 345.8901270446778 0
v 773.532 343.70275 0
v 774.4770870056152 341.5423963928223 0
v 775.472793701172 339.40982739257817 0
v 776.5183589172364 337.3058041687013 0
v 777.613021484375 335.2310878906251 0
v 778.7560202331543 333.1864397277833 0
v 779.9465939941407 331.1726208496094 0
v 781.1839815979005 329.1903924255372 0
v 782.4674218749999 327.240515625 0
v 783.7961536560059 325.32375161743164 0
v 785.1694157714845 323.44086157226565 0
v 786.5864470520019 321.5926066589356 0
v 788.0464863281251 319.779748046875 0
v 789.5487724304198 318.0030469055176 0
v 791.0925441894531 316.26326440429693 0
v 792.677040435791 314.56116171264654 0
v 794.3015 312.89750000000004 0
v 795.9651617126465 311.2730404357911 0
v 797.6672644042969 309.6885441894532 0
v 799.4070469055176 308.14477243041995 0
v 801.183748046875 306.6424863281251 0
v 802.9966066589357 305.182447052002 0
v 804.8448615722657 303.76541577148447 0
v 806.7277516174316 302.3921536560059 0
v 808.644515625 301.0634218750001 0
v 810.5943924255372 299.7799815979004 0
v 812.5766208496095 298.5425939941407 0
v 814.5904397277833 297.35202023315435 0
v 816.635087890625 296.20902148437506 0
v 818.7098041687012 295.11435891723636 0
v 820.8138273925782 294.0687937011719 0
v 822.9463963928223 293.0730870056153 0
v 825.10675 292.12800000000004 0
v 827.2941270446778 291.2342938537598 0
v 829.5077663574218 290.3927297363282 0
v 831.7469067687989 289.60406881713874 0
v 834.0107871093751 288.86907226562505 0
v 836.2986462097169 288.18850125122077 0
v 838.6097229003906 287.56311694335943 0
v 840.9432560119628 286.9936805114746 0
v 843.298484375 286.48095312500004 0
v 845.6746468200683 286.02569595336917 0
v 848.0709821777344 285.6286701660157 0
v 850.4867292785646 285.2906369323731 0
v 852.9211269531249 285.0123574218751 0
v 855.3734140319825 284.79459280395514 0
v 857.8428293457032 284.63810424804694 0
v 860.3286117248535 284.54365292358403 0
v 862.83 284.51200000000006 0
v 862.83 284.51200000000006 0
v 865.3313882751465 284.54365292358403 0
v 867.8171706542969 284.638104248047 0
v 870.2865859680177 284.79459280395514 0
v 872.738873046875 285.0123574218751 0
v 875.1732707214355 285.2906369323731 0
v 877.5890178222656 285.62867016601575 0
v 879.9853531799317 286.02569595336917 0
v 882.361515625 286.4809531250001 0
v 884.716743988037 286.9936805114747 0
v 887.0502770996095 287.56311694335943 0
v 889.3613537902831 288.1885012512207 0
v 891.649212890625 288.8690722656251 0
v 893.9130932312012 289.60406881713874 0
v 896.1522336425782 290.3927297363282 0
v 898.3658729553224 291.2342938537598 0
v 900.5532499999998 292.12800000000004 0
v 902.7136036071777 293.07308700561526 0
v 904.8461726074219 294.0687937011719 0
v 906.9501958312987 295.11435891723636 0
v 909.024912109375 296.20902148437506 0
v 911.0695602722169 297.3520202331544 0
v 913.0833791503906 298.5425939941407 0
v 915.0656075744629 299.7799815979005 0
v 917.015484375 301.0634218750001 0
v 918.9322483825683 302.3921536560059 0
v 920.8151384277343 303.76541577148447 0
v 922.6633933410645 305.182447052002 0
v 924.476251953125 306.6424863281251 0
v 926.2529530944826 308.14477243042 0
v 927.9927355957032 309.6885441894532 0
v 929.6948382873535 311.2730404357911 0
v 931.3584999999999 312.89750000000004 0
v 932.982959564209 314.56116171264654 0
v 934.5674558105468 316.26326440429693 0
v 936.11122756958 318.00304690551764 0
v 937.613513671875 319.77974804687506 0
v 939.073552947998 321.5926066589356 0
v 940.4905842285157 323.44086157226565 0
v 941.8638463439942 325.32375161743164 0
v 943.192578125 327.24051562500006 0
v 944.4760184020996 329.1903924255372 0
v 945.7134060058594 331.1726208496094 0
v 946.9039797668457 333.18643972778324 0
v 948.046978515625 335.2310878906251 0
v 949.1416410827636 337.30580416870123 0
v 950.1872062988281 339.4098273925782 0
v 951.1829129943848 341.5423963928223 0
v 952.1279999999999 343.70275000000004 0
v 953.0217061462403 345.8901270446778 0
v 953.8632702636719 348.10376635742193 0
v 954.6519311828613 350.34290676879885 0
v 955.3869277343749 352.6067871093751 0
v 956.0674987487794 354.8946462097168 0
v 956.6928830566405 357.2057229003907 0
v 957.2623194885255 359.53925601196295 0
v 957.7750468749999 361.89448437500005 0
v 958.2303040466309 364.2706468200684 0
v 958.6273298339844 366.66698217773444 0
v 958.965363067627 369.0827292785645 0
v 959.243642578125 371.51712695312506 0
v 959.4614071960449 373.9694140319824 0
v 959.6178957519531 376.4388293457032 0
v 959.712347076416 378.92461172485355 0
v 959.744 381.42600000000004 0
v 959.744 381.42600000000004 0
v 959.7123543014526 383.9273853759766 0
v 959.6179242553711 386.4131591796875 0
v 959.4614704360962 388.8825604248047 0
v 959.2437534179687 391.33482812500006 0
v 958.9655337753296 393.76920129394534 0
v 958.6275720825195 396.1849189453126 0
v 958.2306289138794 398.58122009277344 0
v 957.7754648437498 400.9573437500001 0
v 957.2628404464722 403.31252893066414 0
v 956.6935162963867 405.64601464843753 0
v 956.0682529678344 407.95703991699224 0
v 955.3878110351562 410.24484375000003 0
v 954.652951072693 412.50866516113285 0
v 953.8644336547851 414.7477431640625 0
v 953.023019355774 416.961316772461 0
v 952.12946875 419.14862500000004 0
v 951.1845424118043 421.3089068603516 0
v 950.1890009155272 423.44140136718755 0
v 949.1436048355101 425.5453475341797 0
v 948.0491147460937 427.619984375 0
v 946.9062912216187 429.6645509033204 0
v 945.7158948364258 431.6782861328125 0
v 944.4786861648558 433.66042907714854 0
v 943.19542578125 435.61021874999994 0
v 941.8668742599488 437.5268941650391 0
v 940.493792175293 439.40969433593756 0
v 939.0769401016236 441.2578582763673 0
v 937.6170786132813 443.070625 0
v 936.1149682846069 444.84723352050776 0
v 934.5713696899413 446.5869228515626 0
v 932.9870434036254 448.2889320068359 0
v 931.36275 449.9525000000001 0
v 929.6992500534059 451.57686584472657 0
v 927.9973041381837 453.16126855468747 0
v 926.2576728286743 454.7049471435547 0
v 924.4811166992188 456.2071406250001 0
v 922.6683963241577 457.66708801269533 0
v 920.820272277832 459.0840283203125 0
v 918.9375051345826 460.4572005615235 0
v 917.0208554687499 461.78584375 0
v 915.0710838546754 463.0691968994141 0
v 913.0889508666994 464.30649902343754 0
v 911.0752170791626 465.4969891357422 0
v 909.0306430664062 466.63990625 0
v 906.955989402771 467.73448937988286 0
v 904.8520166625977 468.77997753906254 0
v 902.7194854202271 469.7756097412109 0
v 900.5591562500001 470.72062500000004 0
v 898.3717897262574 471.6142623291016 0
v 896.15814642334 472.4557607421875 0
v 893.9189869155884 473.2443592529297 0
v 891.6550717773439 473.97929687500005 0
v 889.3671615829469 474.6598126220704 0
v 887.0560169067383 475.2851455078125 0
v 884.7223983230591 475.85453454589845 0
v 882.36706640625 476.36721875 0
v 879.9907817306519 476.8224371337891 0
v 877.5943048706056 477.2194287109375 0
v 875.1783964004518 477.55743249511715 0
v 872.7438168945313 477.8356875 0
v 870.2913269271851 478.0534327392578 0
v 867.821687072754 478.2099072265625 0
v 865.3356579055786 478.304349975586 0
v 862.8340000000001 478.336 0
v 862.8340000000001 478.336 0
v 862.8335000000001 478.3365 0
v 862.8330000000001 478.337 0
v 862.8325000000001 478.33750000000003 0
v 862.8320000000001 478.338 0
v 862.8315 478.3385 0
v 862.831 478.33900000000006 0
v 862.8305 478.33950000000004 0
v 862.83 478.34000000000003 0
v 22.25 266.27 0
v 22.30826421247175 271.51934069961965 0
v 22.4851267141091 276.8132277411576 0
v 22.783618988836242 282.14819361559415 0
v 23.20666411305419 287.52057456280716 0
v 23.75706325144941 292.9265128681847 0
v 24.437481995960393 298.3619601552571 0
v 25.25043662543284 303.8226817136472 0
v 26.198280369480162 309.3042618954722 0
v 27.283189765582783 314.8021106063221 0
v 28.507151203390798 320.3114709091245 0
v 29.871947754423054 325.8274277506252 0
v 31.379146388767058 331.34491781092987 0
v 33.03008568286745 336.8587404666377 0
v 34.82586412394319 342.3635698476635 0
v 36.767329116900974 347.8539679569812 0
v 38.855066798735244 353.32439881138293 0
v 41.089392763256846 358.7692435500541 0
v 43.47034379552783 364.1828164464911 0
v 45.997670710570574 369.5593817481845 0
v 48.67083238476348 374.89317125774477 0
v 51.48899106085131 380.17840255892503 0
v 54.45100899873245 385.40929778147927 0
v 57.55544653420833 390.58010279016224 0
v 60.800561596788974 395.6851066755862 0
v 62.47524633331183 398.2111651952524 0
v 64.1843107255643 400.7186614182668 0
v 65.92745266537928 403.2069024017556 0
v 67.70435160921858 405.67520159214257 0
v 69.51466874163289 408.1228794333624 0
v 71.35804716265062 410.549263970276 0
v 73.23411209894233 412.95369144619383 0
v 75.14247113854961 415.335506893418 0
v 77.08271448891156 417.6940647157269 0
v 79.05441525786497 420.02872926173063 0
v 81.05712975723883 422.3388753880453 0
v 83.0903978286086 424.6238890112539 0
v 85.15374319072204 426.8831676476347 0
v 87.24667380805515 429.1161209396753 0
v 89.36868227990558 431.3221711684049 0
v 91.51924624938152 433.5007537506185 0
v 93.69782883159513 435.6513177200945 0
v 95.90387906032471 437.7733261919449 0
v 98.13683235236529 439.86625680927796 0
v 100.39611098874616 441.9296021713914 0
v 102.68112461195463 443.96287024276114 0
v 104.99127073826944 445.965584742135 0
v 107.32593528427304 447.9372855110884 0
v 109.684493106582 449.8775288614504 0
v 112.06630855380618 451.78588790105766 0
v 114.47073602972387 453.66195283734936 0
v 116.89712056663757 455.5053312583671 0
v 119.34479840785743 457.3156483907814 0
v 121.8130975982444 459.0925473346208 0
v 124.30133858173326 460.83568927443577 0
v 126.80883480474765 462.5447536666882 0
v 129.3348933244138 464.21943840321103 0
v 134.4398972098378 467.46455346579165 0
v 139.61070221852071 470.5689910012676 0
v 144.84159744107495 473.5310089391487 0
v 150.12682874225519 476.3491676152365 0
v 155.46061825181553 479.0223292894294 0
v 160.83718355350885 481.5496562044721 0
v 166.2507564499459 483.9306072367432 0
v 171.69560118861708 486.1649332012648 0
v 177.16603204301882 488.25267088309903 0
v 182.65643015233653 490.1941358760568 0
v 188.16125953336228 491.98991431713256 0
v 193.67508218907017 493.64085361123296 0
v 199.19257224937476 495.14805224557693 0
v 204.70852909087552 496.5128487966092 0
v 210.21788939367786 497.7368102344172 0
v 215.71573810452776 498.8217196305198 0
v 221.1973182863528 499.7695633745672 0
v 226.65803984474283 500.58251800403957 0
v 232.09348713181524 501.26293674855054 0
v 237.49942543719285 501.8133358869458 0
v 242.87180638440583 502.23638101116376 0
v 248.2067722588424 502.53487328589085 0
v 253.50065930038036 502.71173578752826 0
v 258.75 502.77 0
v 258.75 502.77 0
v 263.9993406996196 502.71173578752826 0
v 269.2932277411576 502.5348732858909 0
v 274.62819361559417 502.23638101116376 0
v 280.0005745628072 501.8133358869458 0
v 285.4065128681848 501.26293674855054 0
v 290.84196015525714 500.5825180040396 0
v 296.30268171364725 499.7695633745672 0
v 301.7842618954722 498.82171963051985 0
v 307.28211060632214 497.73681023441725 0
v 312.79147090912454 496.5128487966092 0
v 318.30742775062527 495.1480522455769 0
v 323.8249178109299 493.6408536112329 0
v 329.3387404666377 491.9899143171325 0
v 334.8435698476635 490.1941358760568 0
v 340.3339679569812 488.25267088309903 0
v 345.8043988113829 486.1649332012648 0
v 351.2492435500542 483.9306072367431 0
v 356.66281644649115 481.5496562044721 0
v 362.0393817481845 479.0223292894294 0
v 367.3731712577448 476.3491676152365 0
v 372.658402558925 473.5310089391487 0
v 377.8892977814793 470.56899100126753 0
v 383.06010279016226 467.4645534657917 0
v 388.1651066755862 464.21943840321103 0
v 390.6911651952524 462.54475366668817 0
v 393.19866141826674 460.83568927443577 0
v 395.6869024017557 459.09254733462075 0
v 398.15520159214253 457.3156483907814 0
v 400.60287943336243 455.5053312583671 0
v 403.02926397027613 453.6619528373494 0
v 405.43369144619385 451.78588790105766 0
v 407.81550689341805 449.87752886145034 0
v 410.17406471572696 447.9372855110884 0
v 412.50872926173065 445.9655847421351 0
v 414.8188753880454 443.96287024276114 0
v 417.1038890112539 441.9296021713914 0
v 419.3631676476347 439.86625680927796 0
v 421.5961209396753 437.7733261919449 0
v 423.8021711684049 435.6513177200944 0
v 425.98075375061853 433.5007537506185 0
v 428.1313177200945 431.3221711684049 0
v 430.2533261919449 429.1161209396753 0
v 432.346256809278 426.8831676476347 0
v 434.40960217139144 424.62388901125394 0
v 436.44287024276116 422.3388753880453 0
v 438.44558474213505 420.02872926173063 0
v 440.41728551108844 417.6940647157269 0
v 442.3575288614504 415.335506893418 0
v 444.2658879010577 412.95369144619383 0
v 446.1419528373494 410.549263970276 0
v 447.9853312583671 408.1228794333624 0
v 449.79564839078137 405.6752015921425 0
v 451.57254733462077 403.20690240175566 0
v 453.31568927443567 400.7186614182668 0
v 455.0247536666882 398.2111651952524 0
v 456.69943840321105 395.6851066755862 0
v 459.9445534657917 390.58010279016224 0
v 463.04899100126755 385.4092977814793 0
v 466.01100893914867 380.17840255892503 0
v 468.82916761523654 374.89317125774477 0
v 471.50232928942944 369.5593817481845 0
v 474.02965620447213 364.1828164464911 0
v 476.4106072367432 358.76924355005417 0
v 478.64493320126473 353.32439881138293 0
v 480.73267088309905 347.85396795698114 0
v 482.6741358760568 342.3635698476635 0
v 484.4699143171326 336.8587404666377 0
v 486.120853611233 331.34491781092987 0
v 487.62805224557695 325.82742775062525 0
v 488.9928487966093 320.3114709091245 0
v 490.2168102344172 314.8021106063221 0
v 491.3017196305198 309.30426189547217 0
v 492.24956337456723 303.8226817136472 0
v 493.06251800403953 298.3619601552571 0
v 493.7429367485506 292.9265128681847 0
v 494.29333588694584 287.5205745628071 0
v 494.7163810111638 282.14819361559415 0
v 495.01487328589087 276.81322774115756 0
v 495.1917357875282 271.51934069961965 0
v 495.25 266.27 0
v 495.25 266.27 0
v 495.1917357875282 261.0206593003803 0
v 495.01487328589087 255.72677225884235 0
v 494.7163810111638 250.3918063844058 0
v 494.29333588694584 245.0194254371928 0
v 493.7429367485506 239.61348713181522 0
v 493.0625180040396 234.1780398447428 0
v 492.24956337456723 228.7173182863528 0
v 491.3017196305198 223.23573810452777 0
v 490.2168102344172 217.73788939367785 0
v 488.9928487966093 212.2285290908755 0
v 487.62805224557695 206.71257224937472 0
v 486.120853611233 201.19508218907012 0
v 484.4699143171326 195.68125953336224 0
v 482.6741358760568 190.17643015233654 0
v 480.73267088309905 184.68603204301877 0
v 478.64493320126473 179.2156011886171 0
v 476.4106072367432 173.77075644994585 0
v 474.02965620447213 168.35718355350886 0
v 471.50232928942944 162.9806182518155 0
v 468.82916761523654 157.6468287422552 0
v 466.01100893914867 152.36159744107493 0
v 463.04899100126755 147.1307022185207 0
v 459.9445534657917 141.95989720983778 0
v 456.69943840321105 136.85489332441378 0
v 455.0247536666882 134.32883480474763 0
v 453.31568927443567 131.82133858173324 0
v 451.57254733462077 129.33309759824436 0
v 449.79564839078137 126.86479840785736 0
v 447.9853312583671 124.41712056663756 0
v 446.1419528373494 121.99073602972385 0
v 444.2658879010577 119.58630855380615 0
v 442.3575288614504 117.20449310658196 0
v 440.41728551108844 114.84593528427301 0
v 438.44558474213505 112.51127073826942 0
v 436.44287024276116 110.2011246119546 0
v 434.40960217139144 107.91611098874615 0
v 432.346256809278 105.65683235236527 0
v 430.2533261919449 103.42387906032468 0
v 428.1313177200945 101.21782883159511 0
v 425.98075375061853 99.0392462493815 0
v 423.8021711684049 96.88868227990555 0
v 421.5961209396753 94.76667380805512 0
v 419.3631676476347 92.673743190722 0
v 417.1038890112539 90.61039782860858 0
v 414.8188753880454 88.57712975723881 0
v 412.50872926173065 86.57441525786496 0
v 410.17406471572696 84.60271448891153 0
v 407.81550689341805 82.66247113854958 0
v 405.43369144619385 80.75411209894231 0
v 403.02926397027613 78.8780471626506 0
v 400.60287943336243 77.03466874163286 0
v 398.15520159214253 75.22435160921856 0
v 395.6869024017557 73.44745266537926 0
v 393.19866141826674 71.70431072556427 0
v 390.6911651952524 69.99524633331181 0
v 388.1651066755862 68.32056159678895 0
v 383.06010279016226 65.07544653420831 0
v 377.8892977814793 61.97100899873243 0
v 372.658402558925 59.008991060851294 0
v 367.3731712577448 56.19083238476346 0
v 362.0393817481845 53.51767071057055 0
v 356.66281644649115 50.990343795527814 0
v 351.2492435500542 48.60939276325683 0
v 345.8043988113829 46.37506679873521 0
v 340.3339679569812 44.287329116900956 0
v 334.8435698476635 42.34586412394317 0
v 329.3387404666377 40.55008568286743 0
v 323.8249178109299 38.899146388767036 0
v 318.30742775062527 37.391947754423036 0
v 312.79147090912454 36.02715120339078 0
v 307.28211060632214 34.803189765582765 0
v 301.7842618954722 33.71828036948014 0
v 296.30268171364725 32.77043662543282 0
v 290.8419601552571 31.957481995960368 0
v 285.4065128681848 31.277063251449388 0
v 280.0005745628072 30.726664113054177 0
v 274.62819361559417 30.30361898883622 0
v 269.2932277411576 30.005126714109082 0
v 263.9993406996196 29.828264212471733 0
v 258.75 29.769999999999982 0
v 258.75 29.769999999999982 0
v 253.50065930038036 29.828264212471733 0
v 248.2067722588424 30.00512671410908 0
v 242.87180638440583 30.303618988836217 0
v 237.49942543719285 30.72666411305417 0
v 232.09348713181524 31.277063251449384 0
v 226.65803984474286 31.957481995960368 0
v 221.1973182863528 32.770436625432815 0
v 215.71573810452776 33.718280369480134 0
v 210.21788939367786 34.80318976558276 0
v 204.70852909087552 36.02715120339077 0
v 199.19257224937476 37.391947754423036 0
v 193.67508218907017 38.89914638876703 0
v 188.16125953336228 40.550085682867426 0
v 182.65643015233653 42.34586412394316 0
v 177.16603204301882 44.28732911690095 0
v 171.69560118861708 46.37506679873521 0
v 166.2507564499459 48.60939276325682 0
v 160.83718355350885 50.9903437955278 0
v 155.46061825181553 53.51767071057054 0
v 150.1268287422552 56.19083238476345 0
v 144.84159744107495 59.00899106085127 0
v 139.61070221852071 61.97100899873242 0
v 134.4398972098378 65.0754465342083 0
v 129.3348933244138 68.32056159678893 0
v 126.80883480474765 69.9952463333118 0
v 124.30133858173326 71.70431072556427 0
v 121.8130975982444 73.44745266537923 0
v 119.34479840785743 75.22435160921854 0
v 116.89712056663757 77.03466874163286 0
v 114.47073602972387 78.87804716265059 0
v 112.06630855380618 80.7541120989423 0
v 109.684493106582 82.66247113854958 0
v 107.32593528427304 84.6027144889115 0
v 104.99127073826944 86.57441525786494 0
v 102.68112461195463 88.5771297572388 0
v 100.39611098874616 90.61039782860857 0
v 98.13683235236529 92.673743190722 0
v 95.90387906032471 94.76667380805509 0
v 93.69782883159513 96.88868227990555 0
v 91.51924624938152 99.03924624938149 0
v 89.36868227990558 101.21782883159511 0
v 87.24667380805515 103.42387906032467 0
v 85.15374319072204 105.65683235236526 0
v 83.0903978286086 107.91611098874614 0
v 81.05712975723883 110.20112461195458 0
v 79.05441525786497 112.51127073826939 0
v 77.08271448891156 114.845935284273 0
v 75.14247113854961 117.20449310658196 0
v 73.23411209894233 119.58630855380613 0
v 71.35804716265062 121.9907360297238 0
v 69.51466874163289 124.41712056663755 0
v 67.70435160921858 126.86479840785736 0
v 65.92745266537928 129.33309759824436 0
v 64.1843107255643 131.82133858173324 0
v 62.47524633331183 134.3288348047476 0
v 60.800561596788974 136.85489332441378 0
v 57.55544653420833 141.95989720983778 0
v 54.45100899873245 147.1307022185207 0
v 51.48899106085131 152.36159744107493 0
v 48.67083238476348 157.6468287422552 0
v 45.997670710570574 162.98061825181549 0
v 43.47034379552783 168.3571835535088 0
v 41.089392763256846 173.77075644994585 0
v 38.855066798735244 179.21560118861706 0
v 36.767329116900974 184.68603204301874 0
v 34.82586412394319 190.1764301523365 0
v 33.03008568286745 195.68125953336224 0
v 31.379146388767058 201.19508218907012 0
v 29.871947754423054 206.71257224937472 0
v 28.507151203390798 212.2285290908755 0
v 27.283189765582783 217.73788939367785 0
v 26.198280369480162 223.23573810452777 0
v 25.25043662543284 228.7173182863528 0
v 24.43748199596039 234.1780398447428 0
v 23.75706325144941 239.61348713181522 0
v 23.20666411305419 245.0194254371928 0
v 22.783618988836242 250.3918063844058 0
v 22.4851267141091 255.72677225884237 0
v 22.30826421247175 261.0206593003803 0
v 22.25 266.27 0
v 20.099999999999994 252.42 0
v 20.15879380918846 257.71706203608056 0
v 20.337264075196288 263.0590753840116 0
v 20.6384698410604 268.4425410119243 0
v 21.065360756772495 273.8637618527351 0
v 21.620763452321594 279.3188451216368 0
v 22.30736775246861 284.8037056386631 0
v 23.12771281148846 290.3140701959836 0
v 24.0841732521557 295.84548300336434 0
v 25.178945398816566 301.3933122381544 0
v 26.414033699366197 306.9527577182768 0
v 27.79123743521678 312.5188597080419 0
v 29.312137821784674 318.08650885722915 0
v 30.978085604530587 323.650457263887 0
v 32.79018925705235 329.2053306407624 0
v 34.749303888060226 334.74564155431517 0
v 36.85602096317973 340.2658036940301 0
v 39.110658945358765 345.76014711834364 0
v 41.51325495416009 351.2229344121247 0
v 44.06355753936706 356.6483776794474 0
v 46.76102065811863 362.0306562845454 0
v 49.60479893723735 367.3639352435272 0
v 52.593744293568655 372.64238415982544 0
v 55.7264039750822 377.86019658764224 0
v 59.001020074293415 383.01160969999785 0
v 60.69092921430806 385.5606324382367 0
v 62.41553055336979 388.0909241315411 0
v 64.17451923687061 390.60178553752723 0
v 65.96757180723624 393.09252386119346 0
v 67.79434636887203 395.56245336866294 0
v 69.65448277725542 398.01089599608474 0
v 71.5476028520199 400.4371819525884 0
v 73.47331061381799 402.84065031619633 0
v 75.43119254469327 405.22064962160186 0
v 77.42081787163521 407.5765384387383 0
v 79.44173887293353 409.90768594107277 0
v 81.49349120689405 412.21347246258426 0
v 83.57559426242283 414.4932900424001 0
v 85.68755153093261 416.746542956095 0
v 87.82885099897366 418.97264823268193 0
v 89.99896556094049 421.1710361563562 0
v 92.19735345115812 423.34115075208774 0
v 94.42345869460489 425.48245025419305 0
v 96.67671157548432 427.59440755705793 0
v 98.9565291228174 429.676510647224 0
v 101.2623156121867 431.7282630160949 0
v 103.59346308272724 433.7491840525677 0
v 105.94935186842538 435.73880941493906 0
v 108.32935114275583 437.69669138148925 0
v 110.73281947565867 439.6223991791984 0
v 113.1591054018344 441.5155192901008 0
v 115.60754799931189 443.3756557348391 0
v 118.07747747722735 445.20243033303734 0
v 120.56821577173598 446.99548294016313 0
v 123.07907714896706 448.75447166061224 0
v 125.60936881392465 450.4790730368003 0
v 128.1583915242306 452.1689822141096 0
v 133.3098045819832 455.44359838837516 0
v 138.52761695691345 458.57625814549687 0
v 143.80606582207767 461.5652035779106 0
v 149.13934473171037 464.4089819335064 0
v 154.52162328927207 467.10644512905054 0
v 159.9470665108954 469.6567477912868 0
v 165.4098537608347 472.05934387727666 0
v 170.90419714318003 474.31398193672675 0
v 176.42435924281284 476.4206990891244 0
v 181.96467011817808 478.3798137973438 0
v 187.51954345876518 480.19191752693837 0
v 193.08349183103542 481.8578653865482 0
v 198.6511409477328 483.3787658497029 0
v 204.2172429069001 484.7559696617974 0
v 209.77668835830747 485.9910580381843 0
v 215.32451756625247 487.0858302602147 0
v 220.85593034864286 488.04229077572523 0
v 226.36629488280914 488.862635909006 0
v 231.8511553784961 489.54924028277856 0
v 237.3062386278497 490.10464305126715 0
v 242.72745945087732 490.53153403918515 0
v 248.11092506274338 490.83273987647686 0
v 253.452938396334 491.0112102130919 0
v 258.7500004197478 491.07000409202806 0
v 258.7500004197478 491.07000409202806 0
v 264.0470624429547 491.0112101946653 0
v 269.3890757759176 490.8327398398866 0
v 274.77254138672413 490.53153398471704 0
v 280.19376220825 490.1046429792306 0
v 285.64884545564996 489.5492401935064 0
v 291.1337059489216 488.86263580285515 0
v 296.6440704802023 488.0422906530764 0
v 302.17548325922814 487.08583012147255 0
v 307.723312463322 485.99105788377767 0
v 313.28275791038476 484.75596949217913 0
v 318.8488598647075 483.3787656653495 0
v 324.4165089760549 481.8578651879595 0
v 329.9804573424648 480.1919173146377 0
v 335.5353306766776 478.3798135718773 0
v 341.07564154515126 476.42069885106037 0
v 346.5958036373732 474.3139816866553 0
v 352.09014701178756 472.05934361580887 0
v 357.55293425327517 469.65674751905436 0
v 362.97837746592745 467.1064448467042 0
v 368.3606560140003 464.40898164171585 0
v 373.6939349136294 461.5652032773627 0
v 378.9723837682795 458.57625783689514 0
v 384.1901961321901 455.4435980724385 0
v 389.3416091784236 452.1689818915709 0
v 391.89063188278493 450.47907271123955 0
v 394.42092354167596 448.75447133221735 0
v 396.9317849127195 446.9954826091234 0
v 399.42252320092064 445.20242999954337 0
v 401.8924526724101 443.3756553990828 0
v 404.3408952633443 441.51551895227493 0
v 406.7671811828606 439.622398839497 0
v 409.1706495089894 437.6966910401073 0
v 411.5506487764326 435.7388090720721 0
v 413.9065375551319 433.74918370841243 0
v 416.2376850185635 431.7282626708484 0
v 418.5434715007154 429.6765103010839 0
v 420.82328904072426 427.59440721022236 0
v 423.0765419141745 425.4824499068604 0
v 425.30264715008883 423.34115040445676 0
v 427.50103503267275 421.1710358086258 0
v 429.6711495869063 418.9726478850509 0
v 431.8124490471166 416.74654260876235 0
v 433.92440630770017 414.49328969556444 0
v 436.0065093552093 412.2134721164441 0
v 438.0582616810587 409.90768559582625 0
v 440.07918267415675 407.576538094583 0
v 442.06880799281146 405.22064927873504 0
v 444.0266899153147 402.8406499748143 0
v 445.95239766865814 400.437181612887 0
v 447.84551773488766 398.01089565825885 0
v 449.7056541346582 395.5624530329066 0
v 451.5324286876056 393.0925235276995 0
v 453.32548124920953 390.6017852064875 0
v 455.084469923878 388.09092380314615 0
v 456.8090712540389 385.56063211267593 0
v 458.49898038508695 383.0116093774592 0
v 461.7735964661771 377.8601962717056 0
v 464.906256129336 372.6423838512237 0
v 467.89520146709935 367.36393494297926 0
v 470.7389797274573 362.03065599275465 0
v 473.43644282727576 356.64837739710094 0
v 475.98674539339765 351.22293413989223 0
v 478.38934138298254 345.7601468568759 0
v 480.6439793458342 340.2658034439586 0
v 482.7506964015356 334.7456413162511 0
v 484.7098110130544 329.20533041529586 0
v 486.52191464603584 323.65045705158644 0
v 488.1878624092095 318.0865086586404 0
v 489.7087627761922 312.5188595236884 0
v 491.08596649246294 306.9527575486585 0
v 492.3210547734562 301.3933120837478 0
v 493.41582690060153 295.8454828646223 0
v 494.372287321811 290.3140700733348 0
v 495.19263236144707 284.80370553251225 0
v 495.8792366423001 279.3188450323647 0
v 496.43463931866 273.8637617806985 0
v 496.86153021530185 268.4425409574561 0
v 497.16273596222857 263.0590753474213 0
v 497.3412062094449 257.717062017654 0
v 497.4 252.42 0
v 497.4 252.42 0
v 497.3412061128694 247.1229380212929 0
v 497.1627357703081 241.78092473392275 0
v 496.86152992944704 236.39745916971862 0
v 496.4346389404635 230.97623839571276 0
v 495.87923617353744 225.52115519664991 0
v 495.1926318040763 220.03629475242235 0
v 494.3722866779723 214.52593027077418 0
v 493.4158261726154 208.99451754184167 0
v 492.321053963821 203.44668838816582 0
v 491.0859656038511 197.88724299170164 0
v 489.7087618114458 192.32114108800542 0
v 488.1878613713351 186.7534920271526 0
v 486.5219135381974 181.18954371093827 0
v 484.70980983856646 175.63467042644868 0
v 482.75069516385446 170.0943596070462 0
v 480.6439780485489 164.57419756305904 0
v 478.38934002980443 159.0798542358545 0
v 475.9867439881491 153.61706704035893 0
v 473.4364413738788 148.19162387228656 0
v 470.7389782299205 142.8093453671848 0
v 467.89519992950454 137.4760665087211 0
v 464.9062545558245 132.19761769323452 0
v 461.7735948609352 126.97980536629085 0
v 458.4989787523312 121.82839235463571 0
v 456.8090696091126 119.27936966660897 0
v 455.08446826783967 116.74907802338537 0
v 453.3254795831173 114.23821666731934 0
v 451.53242701251577 111.74747839338336 0
v 449.7056524516251 109.27754893542517 0
v 447.84551604496164 106.82910635726677 0
v 445.95239597288554 104.40282044974985 0
v 444.0266882147363 101.99935213482362 0
v 442.068806288462 99.61935287776642 0
v 440.07918096706356 97.26346410861731 0
v 438.0582599722408 94.93231665388146 0
v 436.0065076456768 92.62653017955293 0
v 433.9244045984532 90.34671264647767 0
v 431.8124473391444 88.09345977905491 0
v 429.6711478811862 85.86735454824598 0
v 427.5010333301696 83.66896666983043 0
v 425.3026454517541 81.4988521188138 0
v 423.07654022094505 79.35755266085562 0
v 420.8232873535223 77.24559540154677 0
v 418.5434698204471 75.16349235432322 0
v 416.2376833461185 73.11174002775915 0
v 413.90653589138265 71.09081903293645 0
v 411.5506471222335 69.101193711538 0
v 409.1706478651763 67.14331178526368 0
v 406.76717955025015 65.21760402711452 0
v 404.3408936427332 63.32448395503833 0
v 401.89245106457486 61.464347548374974 0
v 399.42252160661656 59.63757298748417 0
v 396.93178333268065 57.844520416882695 0
v 394.42092197661464 56.08553173216032 0
v 391.890630333391 54.36093039088737 0
v 389.34160764536426 52.67102124766885 0
v 384.19019463370915 49.39640513906475 0
v 378.97238230676544 46.26374544417545 0
v 373.6939334912789 43.274800070495395 0
v 368.3606546328152 40.43102177007949 0
v 362.9783761277135 37.733558626121194 0
v 357.552932959641 35.18325601185079 0
v 352.0901457641455 32.78065997019552 0
v 346.5958024369409 30.526021951450993 0
v 341.07564039295374 28.419304836145507 0
v 335.53532957355134 26.460190161433562 0
v 329.98045628906175 24.648086461802592 0
v 324.4165079728474 22.982138628664917 0
v 318.84885891199457 21.461238188554155 0
v 313.28275700829835 20.084034396148876 0
v 307.7233116118342 18.84894603617897 0
v 302.17548245815834 17.75417382738451 0
v 296.6440697292258 16.797713322027665 0
v 291.13370524757767 15.977368195923646 0
v 285.64884480335013 15.290763826462566 0
v 280.1937616042872 14.735361059536483 0
v 274.7725408302814 14.308470070552916 0
v 269.3890752660772 14.007264229691891 0
v 264.04706197870706 13.828793887130566 0
v 258.75 13.769999999999982 0
v 258.75 13.769999999999982 0
v 253.4529380212929 13.828793887130566 0
v 248.1109247339228 14.00726422969189 0
v 242.72745916971863 14.308470070552914 0
v 237.30623839571277 14.735361059536482 0
v 231.85115519664993 15.290763826462564 0
v 226.36629475242233 15.977368195923646 0
v 220.85593027077422 16.79771332202766 0
v 215.32451754184166 17.754173827384502 0
v 209.77668838816584 18.848946036178965 0
v 204.21724299170165 20.084034396148873 0
v 198.6511410880054 21.461238188554145 0
v 193.0834920271526 22.98213862866491 0
v 187.51954371093828 24.648086461802585 0
v 181.96467042644866 26.460190161433555 0
v 176.42435960704623 28.4193048361455 0
v 170.90419756305906 30.526021951450986 0
v 165.40985423585448 32.780659970195515 0
v 159.94706704035895 35.18325601185078 0
v 154.52162387228657 37.73355862612119 0
v 149.13934536718477 40.43102177007948 0
v 143.80606650872107 43.27480007049538 0
v 138.5276176932345 46.26374544417544 0
v 133.30980536629085 49.39640513906474 0
v 128.15839235463574 52.67102124766884 0
v 125.60936966660896 54.360930390887354 0
v 123.07907802338536 56.08553173216031 0
v 120.56821666731932 57.84452041688268 0
v 118.07747839338337 59.63757298748416 0
v 115.60754893542517 61.46434754837497 0
v 113.1591063572668 63.32448395503832 0
v 110.73282044974984 65.2176040271145 0
v 108.32935213482362 67.14331178526365 0
v 105.9493528777664 69.10119371153799 0
v 103.59346410861731 71.09081903293644 0
v 101.26231665388146 73.11174002775914 0
v 98.95653017955294 75.16349235432321 0
v 96.67671264647768 77.24559540154675 0
v 94.42345977905491 79.3575526608556 0
v 92.19735454824597 81.49885211881379 0
v 89.99896666983042 83.66896666983041 0
v 87.82885211881378 85.86735454824597 0
v 85.68755266085562 88.0934597790549 0
v 83.57559540154676 90.34671264647767 0
v 81.4934923543232 92.62653017955292 0
v 79.44174002775915 94.93231665388144 0
v 77.42081903293645 97.2634641086173 0
v 75.43119371153799 99.6193528777664 0
v 73.47331178526366 101.99935213482362 0
v 71.5476040271145 104.40282044974983 0
v 69.65448395503833 106.82910635726677 0
v 67.79434754837497 109.27754893542516 0
v 65.96757298748417 111.74747839338336 0
v 64.1745204168827 114.23821666731932 0
v 62.41553173216031 116.74907802338537 0
v 60.69093039088736 119.27936966660896 0
v 59.00102124766884 121.82839235463571 0
v 55.72640513906474 126.97980536629083 0
v 52.59374544417544 132.19761769323452 0
v 49.604800070495386 137.47606650872106 0
v 46.76102177007948 142.80934536718476 0
v 44.06355862612119 148.19162387228656 0
v 41.51325601185077 153.61706704035893 0
v 39.11065997019551 159.07985423585447 0
v 36.856021951450984 164.57419756305904 0
v 34.7493048361455 170.0943596070462 0
v 32.79019016143355 175.63467042644865 0
v 30.97808646180258 181.18954371093827 0
v 29.312138628664908 186.7534920271526 0
v 27.791238188554143 192.3211410880054 0
v 26.414034396148864 197.8872429917016 0
v 25.17894603617896 203.44668838816582 0
v 24.084173827384493 208.99451754184167 0
v 23.127713322027653 214.52593027077418 0
v 22.307368195923633 220.03629475242232 0
v 21.620763826462547 225.52115519664991 0
v 21.06536105953647 230.97623839571278 0
v 20.638470070552902 236.3974591697186 0
v 20.337264229691872 241.78092473392277 0
v 20.15879388713055 247.1229380212929 0
v 20.099999999999966 252.42 0
v 21.97 252.42 0
v 22.028333116026168 257.6755556222258 0
v 22.205404934946483 262.9757103293997 0
v 22.50425052992366 268.3169925071652 0
v 22.92779643825096 273.69573405770456 0
v 23.478847141172043 279.10807269906957 0
v 24.160071386673028 284.54995526171194 0
v 24.973988432869223 290.0171420215574 0
v 25.922954295602043 295.5052121027966 0
v 27.00914808938524 301.0095699765479 0
v 28.234558555775948 306.52545307372503 0
v 29.60097087748012 312.0479405218496 0
v 31.109953879916933 317.57196300625355 0
v 32.76284772445319 323.0923137461935 0
v 34.560752198972786 328.60366056594705 0
v 36.504515711774154 334.10055903009004 0
v 38.59472509391033 339.57746660099764 0
v 40.83169631293547 345.0287577653081 0
v 43.215466197553006 350.44874006479773 0
v 45.74578526784553 355.8316709560021 0
v 48.42211175960332 361.1717754121581 0
v 51.24360692377566 366.4632641708051 0
v 54.20913167329222 371.70035252086126 0
v 57.31724463951379 376.8772795143429 0
v 60.566201689466574 381.98832748029815 0
v 62.242869136240806 384.5173767328617 0
v 63.95395694291599 387.02784171213483 0
v 65.69916264364643 389.51902865481685 0
v 67.47816531538822 391.9902501944692 0
v 69.29062574155257 394.4408259704493 0
v 71.13618659961676 396.8700832320397 0
v 73.01447267253835 399.2773574366789 0
v 74.92509108376211 401.66199284120364 0
v 76.86763155555197 404.02334308502157 0
v 78.84166669032385 406.3607717641468 0
v 80.84675227459965 408.6736529950408 0
v 82.88242760514719 410.9613719672258 0
v 84.94821583681743 413.22332548365387 0
v 87.04362435153668 415.4589224878431 0
v 89.16814514786083 417.66758457681675 0
v 91.32125525044833 419.84874649891657 0
v 93.50241713876062 422.00185663558966 0
v 95.71107919425329 424.12637746628883 0
v 97.94667616527624 426.2217860156638 0
v 100.20862964886112 428.2875742822616 0
v 102.4963485885337 430.32324964799943 0
v 104.80922978725395 432.3283352677193 0
v 107.14665843455171 434.30237043817965 0
v 109.50800864689597 436.2449109458931 0
v 111.89264402030781 438.1555293932662 0
v 114.29991819420218 440.03381550255307 0
v 116.72917542542247 441.8793763971892 0
v 119.17975117141377 443.69183686012235 0
v 121.65097268146509 445.47083956881994 0
v 124.14215959493995 447.21604530668367 0
v 126.65262454540576 448.9271331506595 0
v 129.18167376956765 450.60380063489197 0
v 134.29272167995805 453.8527577601945 0
v 139.46964861955988 456.9608708022769 0
v 144.70673691745884 459.926395628086 0
v 149.99822562570452 462.7478908689034 0
v 155.33833003324466 465.4242174375797 0
v 160.7212608776443 467.954536584986 0
v 166.1412431321619 470.3383065468353 0
v 171.59253425335078 472.57527784313424 0
v 177.06944178300117 474.6654873025114 0
v 182.5663402077612 476.6092508924478 0
v 188.07768699001227 478.4071554439251 0
v 193.598037694333 480.06004936517246 0
v 199.12206014499972 481.5690324440063 0
v 204.64454756126466 482.93544484172844 0
v 210.16043062845188 484.1608553836953 0
v 215.66478847407194 485.2470492525529 0
v 221.15285852902434 486.1960151898005 0
v 226.62004526441044 487.0099323098971 0
v 232.06192780440108 487.6911566286319 0
v 237.4742664248995 488.2422074040708 0
v 242.85300795633242 488.66575338415345 0
v 248.19429011672486 488.96459905007976 0
v 253.49444480822947 489.14167093910214 0
v 258.75000041645876 489.20000412434536 0
v 258.75000041645876 489.20000412434536 0
v 264.00555602448287 489.14167092081993 0
v 269.3057107153646 488.9645990137762 0
v 274.6469928747058 488.6657533301122 0
v 280.02573440464886 488.2422073325987 0
v 285.4380730232089 487.69115654005935 0
v 290.8799555608032 487.00993220457804 0
v 296.3471422933262 486.19601506811273 0
v 301.83521234494043 485.24704911489795 0
v 307.33957018673954 484.1608552304987 0
v 312.8554532496162 482.93544467343924 0
v 318.3779406610745 481.5690322610974 0
v 323.9019631064332 480.0600491681398 0
v 329.4223138049395 478.407155233288 0
v 334.93366058086616 476.609250668748 0
v 340.4305589987887 474.6654870663128 0
v 345.90746652108623 472.5752775950223 0
v 351.35875763440623 470.3383062874164 0
v 356.7787398805384 467.9545363148866 0
v 362.16167071603735 465.4242171574458 0
v 367.50177511416297 462.74789057939915 0
v 372.7932638124835 459.92639532989307 0
v 378.0303520999507 456.96087049609326 0
v 383.2072790286192 453.8527574467334 0
v 388.31832692758076 450.6038003148807 0
v 390.84737614584463 448.92713282764976 0
v 393.35784109029134 447.21604498086197 0
v 395.8490279976272 445.4708392403742 0
v 398.3202495014205 443.6918365292415 0
v 400.7708252410362 441.8793760640637 0
v 403.20008246576435 440.0338151673743 0
v 405.6073566330515 438.1555290562266 0
v 407.99199199974237 436.2449106071861 0
v 410.35334220525334 434.3023700979994 0
v 412.69077084560706 432.3283349262607 0
v 415.0036520372741 430.32324930545815 0
v 417.2913709697859 428.28757393883365 0
v 419.5533244461039 426.2217856715459 0
v 421.78892140975586 424.12637712167776 0
v 423.9975834577751 422.0018562906826 0
v 426.1787453385135 419.84874615391095 0
v 428.33185543342836 417.6675842319097 0
v 430.4563762219831 415.45892214323203 0
v 432.5517847288382 413.223325139536 0
v 434.61757295255165 410.9613716237979 0
v 436.65324827505174 408.6736526524996 0
v 438.65833385119146 406.36077142268823 0
v 440.632368977741 404.0233427448414 0
v 442.57490944122446 401.6619925024967 0
v 444.4855278440598 399.27735709963935 0
v 446.3638139085133 396.870082896861 0
v 448.20937475803214 394.4408256373238 0
v 450.02183517557614 391.9902498635884 0
v 451.80083783862494 389.519028326371 0
v 453.54604353059216 387.0278413863132 0
v 455.2571313284363 384.51737640985203 0
v 456.9337987663142 381.9883271602869 0
v 460.18275579828793 376.8772792008819 0
v 463.2908687462986 371.70035221467765 0
v 466.2563934773928 366.46326387261206 0
v 469.0778886229513 361.17177512265386 0
v 471.7542150959244 355.8316706758682 0
v 474.28453414728136 350.4487397946983 0
v 476.6683040128332 345.0287575058892 0
v 478.9052752126823 339.57746635288566 0
v 480.9954845755525 334.10055879389137 0
v 482.93924806901754 328.6036603422472 0
v 484.7371525241499 323.0923135355564 0
v 486.39004634926727 317.57196280922096 0
v 487.89902933227233 312.04794033894063 0
v 489.2654416345501 306.52545290543577 0
v 490.49085208153764 301.0095698233512 0
v 491.57704585595815 295.50521196514165 0
v 492.5260116993858 290.0171418998696 0
v 493.33992872635 284.54995515639285 0
v 494.02115295270823 279.108072610497 0
v 494.5722036365904 273.6957339862324 0
v 494.9957495259969 268.31699245312393 0
v 495.29459510218516 262.9757102930961 0
v 495.47166690246115 257.67555560394356 0
v 495.53 252.42 0
v 495.53 252.42 0
v 495.4716668066424 247.1644444361271 0
v 495.29459491176846 241.86428979048077 0
v 494.995749242382 236.5230076773768 0
v 494.5722032613574 231.1442661945815 0
v 494.0211524876186 225.73192762397974 0
v 493.3399281733467 220.29004513504532 0
v 492.526011060592 214.8228584517658 0
v 491.5770451336764 209.33478844985237 0
v 490.4908512782465 203.83043065807627 0
v 489.2654407529012 198.3145476454017 0
v 487.8990283750855 192.7920602841731 0
v 486.3900453195253 187.26803788891343 0
v 484.7371514249922 181.7476872402094 0
v 482.9392469037325 176.2363405136162 0
v 480.9954833475695 170.7394421443805 0
v 478.9052739255622 165.26253466993973 0
v 476.6683026702582 159.81124360345956 0
v 474.284532753044 154.39126140295906 0
v 471.7542136539159 149.0083306116908 0
v 469.0778871371489 143.66822625619952 0
v 466.2563919518462 138.37673759872186 0
v 463.29086718511684 133.13964935011134 0
v 460.1827542056243 127.96272245812003 0
v 456.9337971463523 122.85167459346594 0
v 455.25712969639926 120.32262539140864 0
v 453.5460418875302 117.81216046250654 0
v 451.80083618558774 115.32097357003087 0
v 450.0218335136119 112.84975208039101 0
v 448.2093730881868 110.3991763542006 0
v 446.36381223182906 107.96991914214803 0
v 444.4855261615748 105.56264498676626 0
v 442.57490775397133 103.17800963119019 0
v 440.6323672867464 100.81665943598378 0
v 438.6583321574746 98.47923080510542 0
v 436.6532465796236 96.166349622066 0
v 434.61757125641464 93.87863069731632 0
v 432.5517830329845 91.61667722787757 0
v 430.4563745273941 89.38108027020583 0
v 428.33185374107387 87.17241822725197 0
v 426.17874364935074 84.99125635064928 0
v 423.99758177274805 82.83814625892617 0
v 421.7889197297941 80.71362547260587 0
v 419.5533227721224 78.61821696701547 0
v 417.2913693026837 76.55242874358538 0
v 415.0036503779339 74.51675342037633 0
v 412.6907691948946 72.51166784252543 0
v 410.3533405640162 70.53763271325357 0
v 407.9919903688098 68.59509224602863 0
v 405.6073550132337 66.6844738384252 0
v 403.2000808578519 64.80618776817087 0
v 400.7708236457994 62.96062691181323 0
v 398.3202479196089 61.14816648638803 0
v 395.8490264299691 59.36916381441226 0
v 393.35783953749353 57.62395811246981 0
v 390.8473746085914 55.91287030360071 0
v 388.31832540653403 54.236202853647725 0
v 383.20727754187993 50.98724579437566 0
v 378.03035064988865 47.87913281488316 0
v 372.79326240127807 44.91360804815378 0
v 367.50177374380047 42.09211286285114 0
v 362.1616693883092 39.41578634608413 0
v 356.7787385970409 36.88546724695592 0
v 351.35875639654046 34.50169732974187 0
v 345.90746533006023 32.26472607443774 0
v 340.4305578556195 30.174516652430484 0
v 334.93365948638376 28.230753096267502 0
v 329.42231275979066 26.432848575007824 0
v 323.90196211108656 24.77995468047467 0
v 318.3779397158268 23.270971624914534 0
v 312.85545235459836 21.904559247098813 0
v 307.3395693419237 20.679148721753435 0
v 301.83521155014756 19.592954866323506 0
v 296.34714154823416 18.64398893940797 0
v 290.8799548649547 17.830071826653263 0
v 285.4380723760203 17.14884751238134 0
v 280.02573380541855 16.59779673864257 0
v 274.6469923226232 16.174250757617937 0
v 269.3057102095192 15.875405088231496 0
v 264.0055555638729 15.69833319335754 0
v 258.75 15.639999999999986 0
v 258.75 15.639999999999986 0
v 253.49444443612708 15.698333193357538 0
v 248.19428979048078 15.875405088231496 0
v 242.8530076773768 16.174250757617937 0
v 237.4742661945815 16.597796738642568 0
v 232.06192762397976 17.148847512381337 0
v 226.62004513504533 17.830071826653263 0
v 221.15285845176584 18.643988939407965 0
v 215.66478844985235 19.592954866323502 0
v 210.16043065807628 20.67914872175343 0
v 204.6445476454017 21.90455924709881 0
v 199.12206028417316 23.270971624914523 0
v 193.59803788891347 24.779954680474663 0
v 188.0776872402094 26.432848575007817 0
v 182.56634051361624 28.230753096267495 0
v 177.0694421443805 30.174516652430476 0
v 171.59253466993977 32.26472607443773 0
v 166.14124360345954 34.50169732974186 0
v 160.7212614029591 36.88546724695591 0
v 155.33833061169082 39.415786346084126 0
v 149.99822625619953 42.09211286285112 0
v 144.70673759872187 44.913608048153776 0
v 139.46964935011133 47.879132814883135 0
v 134.29272245812004 50.98724579437566 0
v 129.18167459346594 54.23620285364772 0
v 126.65262539140863 55.912870303600705 0
v 124.14216046250655 57.62395811246979 0
v 121.65097357003089 59.36916381441225 0
v 119.17975208039101 61.14816648638802 0
v 116.7291763542006 62.960626911813215 0
v 114.29991914214806 64.80618776817086 0
v 111.89264498676627 66.68447383842519 0
v 109.50800963119019 68.59509224602861 0
v 107.14665943598378 70.53763271325357 0
v 104.8092308051054 72.51166784252543 0
v 102.496349622066 74.51675342037633 0
v 100.20863069731634 76.55242874358537 0
v 97.94667722787759 78.61821696701547 0
v 95.71108027020584 80.71362547260587 0
v 93.50241822725197 82.83814625892616 0
v 91.32125635064928 84.99125635064925 0
v 89.16814625892616 87.17241822725197 0
v 87.04362547260588 89.38108027020583 0
v 84.94821696701548 91.61667722787757 0
v 82.88242874358536 93.87863069731632 0
v 80.84675342037634 96.166349622066 0
v 78.84166784252542 98.47923080510542 0
v 76.86763271325357 100.81665943598378 0
v 74.92509224602861 103.17800963119018 0
v 73.0144738384252 105.56264498676624 0
v 71.13618776817086 107.96991914214802 0
v 69.29062691181323 110.39917635420058 0
v 67.47816648638803 112.849752080391 0
v 65.69916381441226 115.32097357003087 0
v 63.953958112469806 117.81216046250653 0
v 62.24287030360071 120.32262539140864 0
v 60.566202853647724 122.85167459346593 0
v 57.31724579437566 127.96272245812001 0
v 54.20913281488315 133.13964935011134 0
v 51.243608048153774 138.37673759872186 0
v 48.42211286285112 143.6682262561995 0
v 45.745786346084124 149.00833061169078 0
v 43.21546724695591 154.39126140295906 0
v 40.831697329741864 159.81124360345956 0
v 38.59472607443774 165.26253466993973 0
v 36.50451665243047 170.73944214438046 0
v 34.5607530962675 176.2363405136162 0
v 32.762848575007816 181.74768724020936 0
v 31.109954680474658 187.26803788891343 0
v 29.60097162491452 192.79206028417312 0
v 28.2345592470988 198.3145476454017 0
v 27.009148721753423 203.83043065807627 0
v 25.922954866323497 209.33478844985237 0
v 24.973988939407953 214.8228584517658 0
v 24.16007182665325 220.29004513504526 0
v 23.47884751238133 225.73192762397974 0
v 22.92779673864256 231.1442661945815 0
v 22.504250757617925 236.5230076773768 0
v 22.205405088231483 241.86428979048077 0
v 22.028333193357522 247.16444443612707 0
v 21.96999999999997 252.42 0
v 67.1 249.33 0
v 67.14721489013606 253.58385267502115 0
v 67.2905370207893 257.8738038999287 0
v 67.53242298361292 262.19704374612945 0
v 67.87524152120446 266.5506032510936 0
v 68.32126258385684 270.93135627943667 0
v 68.8726462592106 275.33602219113396 0
v 69.53143163763572 279.76116934871635 0
v 70.29952568102091 284.20321949029506 0
v 71.17869216712002 288.65845298958664 0
v 72.17054078560038 293.1230150177769 0
v 73.27651646536474 297.5929226151065 0
v 74.49788901548307 302.06407267253974 0
v 75.8357431640825 306.5322508158439 0
v 77.29096908072108 310.993141175948 0
v 78.8642534680358 315.4423370206513 0
v 80.55607130774521 319.87535221372076 0
v 82.36667834434532 324.2876334582679 0
v 84.2961043870303 328.67457327215703 0
v 86.34414750647265 333.03152363420196 0
v 88.51036919810784 337.35381023119754 0
v 90.79409057750486 341.63674722754917 0
v 93.19438966629974 345.8756524715533 0
v 95.71009981908446 350.0658630453851 0
v 98.33980933265593 354.2027510596978 0
v 101.08186226923664 358.2817395885694 0
v 103.9343605147992 362.2983186364352 0
v 106.89516708259377 366.2480610257536 0
v 109.96191066054145 370.12663809250506 0
v 113.13199138947786 373.92983507631504 0
v 116.40258784748062 377.65356609303325 0
v 119.77066520386859 381.2938885800148 0
v 123.23298449509427 384.8470171081205 0
v 126.78611296384258 388.30933645954303 0
v 130.42643539236522 391.67741387690626 0
v 134.15016635158048 394.94801039660035 0
v 137.95336327889862 398.11809118788045 0
v 141.83194029022235 401.1848348287597 0
v 145.78168262522786 404.145641460008 0
v 149.7982616199436 406.99813976948025 0
v 153.87725009687324 409.74019277036035 0
v 158.01413806049482 412.36990234855404 0
v 162.20434858492547 414.88561256621716 0
v 166.4432537808556 417.28591172008043 0
v 170.72619073049364 419.56963316467005 0
v 175.04847728216635 421.7358549215568 0
v 179.40542760030635 423.7838981062453 0
v 183.79236737173255 425.71332421410824 0
v 188.20464857527955 427.52393131575593 0
v 192.63766372882918 429.2157492203223 0
v 197.08685953550736 430.78903367224444 0
v 201.5477498590922 432.24425965318363 0
v 206.0159279673913 433.58211386572196 0
v 210.4870779913388 434.803486479364 0
v 214.956985556704 435.90946222218577 0
v 219.42154755445057 436.90131090320824 0
v 223.87678102481578 437.78047745128765 0
v 228.31883113897933 438.5485715560466 0
v 232.74397827064897 439.20735699519724 0
v 237.14864415792493 439.7587407305885 0
v 241.52939716332457 440.2047618525532 0
v 245.88295664680763 440.5475804486974 0
v 250.20619647297204 440.7894664692816 0
v 254.49614767926846 440.9327886568736 0
v 258.7500003370822 440.98000360309925 0
v 258.7500003370822 440.98000360309925 0
v 263.00385299472987 440.932788642076 0
v 267.2938042005222 440.7894664398974 0
v 271.61704402583564 440.5475804049563 0
v 275.97060350811284 440.20476179470364 0
v 280.3513565119435 439.75874065889775 0
v 284.7560223972798 439.2073569099518 0
v 289.18116952663223 438.5485714575524 0
v 293.62321963809376 437.78047733986955 0
v 298.0784531053663 436.90131077921075 0
v 302.5430150996239 435.9094620859723 0
v 307.0129226610986 434.80348633131723 0
v 311.4840726807497 433.58211370624355 0
v 315.9522507843427 432.24425948269374 0
v 320.4131411028085 430.7890334911815 0
v 324.8623369039524 429.21574902914284 0
v 329.2953520515507 427.5239311149338 0
v 333.7076332487286 425.7133240041342 0
v 338.09457301336766 423.78389788762655 0
v 342.4515233243033 421.7358546948159 0
v 346.773809868356 419.56963293034494 0
v 351.05674680996054 417.2859114787227 0
v 355.2956519974472 414.8856123183918 0
v 359.48586251302845 412.3699020948383 0
v 363.6227504673995 409.74019251134285 0
v 367.70173893468336 406.99813950575987 0
v 371.71831791936495 404.1456411921927 0
v 375.6680602439554 401.18483455746565 0
v 379.54663724449114 398.11809091373067 0
v 383.34983416065796 394.9480101202234 0
v 387.0735651083683 391.6774135989353 0
v 390.7138875250431 388.3093361806144 0
v 394.2670159816121 384.8470168288725 0
v 397.729335260339 381.29388830108616 0
v 401.0974126039215 377.6535658150623 0
v 404.36800904882523 373.92983479993796 0
v 407.53808976438324 370.12663781835516 0
v 410.60483332868733 366.2480607544596 0
v 413.5656398825879 362.2983183686199 0
v 416.41813811402136 358.2817393248489 0
v 419.1601910362536 354.2027508006803 0
v 421.7899005352727 350.0658627916693 0
v 424.30561067331763 345.8756522237279 0
v 426.70590974720136 341.63674698619144 0
v 428.98963111153233 337.3538099968724 0
v 431.15585278796317 333.0315234074612 0
v 433.20389589207906 328.67457305353827 0
v 435.13332191933216 324.2876332482939 0
v 436.94392894041124 319.8753520128986 0
v 438.63574676452674 315.44233682947186 0
v 440.2090311361905 310.9931409948851 0
v 441.6642570371371 306.532250645354 0
v 443.00211117001885 302.0640725130613 0
v 444.22348370440903 297.59292246705974 0
v 445.3294593684497 293.12301488156334 0
v 446.32130797122517 288.6584528655891 0
v 447.20047444165215 284.20321937887695 0
v 447.9685684694116 279.76116925022217 0
v 448.6273538322704 275.33602210588856 0
v 449.1787374921299 270.9313562077459 0
v 449.6247585393722 266.550603193244 0
v 449.96757706164925 262.1970437023884 0
v 450.2094630092651 257.8738038705445 0
v 450.3527851248276 253.5838526602235 0
v 450.4 249.33 0
v 450.4 249.33 0
v 450.3527850472718 245.07614737808836 0
v 450.20946285514157 240.7861962089097 0
v 449.967576832091 236.46295642102064 0
v 449.6247582356582 232.10939697690492 0
v 449.1787371156859 227.72864401189176 0
v 448.6273533846689 223.32397816594067 0
v 447.96856795237125 218.89883107644616 0
v 447.20047385703646 214.4567810052125 0
v 446.3213073210404 210.00154757842859 0
v 445.3294586548421 205.53698562480463 0
v 444.2234829296609 201.06707810398595 0
v 443.00211033654455 196.595928124885 0
v 441.66425614747754 192.1277500616021 0
v 440.2090301930076 187.6668597830668 0
v 438.63574577059586 183.21766402133005 0
v 436.94392789861473 178.78464891246708 0
v 435.1333208326505 174.3723677532014 0
v 433.2038947635817 169.9854280254967 0
v 431.1558516207998 165.6284777503613 0
v 428.98962990892204 161.30619124081693 0
v 426.7059085124222 157.02325433227068 0
v 424.30560940969525 152.78434917623466 0
v 421.78989924616894 148.59413869034003 0
v 419.16018972505447 144.45725076373745 0
v 416.41813678412524 140.37826232215298 0
v 413.5656385373922 136.36168336095508 0
v 410.60483197157714 132.41194105749082 0
v 407.53808839871874 128.53336407558749 0
v 404.36800767792886 124.7301671754306 0
v 401.0974112310663 121.00643624098608 0
v 397.72933388873673 117.36611383471978 0
v 394.2670146144019 113.81298538559818 0
v 390.7138861652802 110.3506661112633 0
v 387.07356375901395 106.9825887689338 0
v 383.3498328245694 103.71199232207114 0
v 379.5466359244125 100.54191160128133 0
v 375.6680589425091 97.47516802842279 0
v 371.7183166390449 94.51436146260778 0
v 367.70173767784706 91.66186321587483 0
v 363.62274923626256 88.91981027494549 0
v 359.4858613096599 86.29010075383098 0
v 355.29565082376536 83.77439059030476 0
v 351.0567456677293 81.37409148757781 0
v 346.773808759183 79.0903700910779 0
v 342.4515222496387 76.92414837920022 0
v 338.09457197450325 74.87610523641821 0
v 333.70763224679865 72.94667916734959 0
v 329.2953510875329 71.13607210138524 0
v 324.86233597867 69.44425422940412 0
v 320.41314021693324 67.87096980699245 0
v 315.952249938398 66.41574385252241 0
v 311.48407187511503 65.07788966345544 0
v 307.01292189601406 63.85651707033903 0
v 302.5430143751954 62.75054134515793 0
v 298.0784524215714 61.758692678959584 0
v 293.6232189947875 60.87952614296353 0
v 289.18116892355386 60.11143204762878 0
v 284.75602183405925 59.45264661533111 0
v 280.3513559881083 58.901262884314086 0
v 275.97060302309507 58.455241764341814 0
v 271.6170435789794 58.11242316790895 0
v 267.2938037910903 57.87053714485839 0
v 263.0038526219116 57.72721495272817 0
v 258.75 57.68000000000001 0
v 258.75 57.68000000000001 0
v 254.49614737808832 57.72721495272816 0
v 250.20619620890972 57.87053714485839 0
v 245.88295642102065 58.11242316790895 0
v 241.52939697690488 58.45524176434181 0
v 237.14864401189172 58.901262884314086 0
v 232.74397816594066 59.45264661533112 0
v 228.31883107644617 60.11143204762878 0
v 223.87678100521245 60.87952614296351 0
v 219.42154757842857 61.758692678959584 0
v 214.95698562480462 62.75054134515792 0
v 210.4870781039859 63.856517070339024 0
v 206.015928124885 65.07788966345541 0
v 201.54775006160204 66.4157438525224 0
v 197.08685978306676 67.87096980699243 0
v 192.63766402133 69.44425422940411 0
v 188.20464891246706 71.13607210138524 0
v 183.7923677532014 72.94667916734957 0
v 179.4054280254967 74.87610523641821 0
v 175.0484777503613 76.92414837920022 0
v 170.72619124081695 79.09037009107789 0
v 166.44325433227064 81.3740914875778 0
v 162.20434917623464 83.77439059030473 0
v 158.01413869034002 86.29010075383097 0
v 153.87725076373744 88.91981027494549 0
v 149.79826232215296 91.66186321587482 0
v 145.78168336095504 94.51436146260777 0
v 141.83194105749078 97.47516802842279 0
v 137.95336407558744 100.5419116012813 0
v 134.1501671754306 103.71199232207111 0
v 130.42643624098605 106.98258876893378 0
v 126.78611383471977 110.35066611126328 0
v 123.23298538559817 113.81298538559818 0
v 119.77066611126327 117.36611383471977 0
v 116.40258876893377 121.00643624098606 0
v 113.13199232207111 124.73016717543058 0
v 109.96191160128129 128.53336407558746 0
v 106.89516802842277 132.41194105749082 0
v 103.93436146260775 136.36168336095506 0
v 101.0818632158748 140.37826232215298 0
v 98.33981027494546 144.45725076373745 0
v 95.71010075383096 148.59413869034003 0
v 93.19439059030472 152.78434917623463 0
v 90.79409148757779 157.02325433227068 0
v 88.51037009107786 161.30619124081693 0
v 86.34414837920018 165.6284777503613 0
v 84.29610523641819 169.9854280254967 0
v 82.36667916734956 174.3723677532014 0
v 80.5560721013852 178.7846489124671 0
v 78.86425422940408 183.21766402133002 0
v 77.29096980699242 187.6668597830668 0
v 75.83574385252237 192.12775006160206 0
v 74.4978896634554 196.59592812488498 0
v 73.27651707033898 201.06707810398592 0
v 72.17054134515789 205.53698562480463 0
v 71.17869267895955 210.00154757842859 0
v 70.29952614296349 214.45678100521246 0
v 69.53143204762874 218.89883107644619 0
v 68.87264661533108 223.32397816594064 0
v 68.32126288431405 227.72864401189176 0
v 67.87524176434177 232.10939697690492 0
v 67.5324231679089 236.46295642102064 0
v 67.29053714485835 240.7861962089097 0
v 67.14721495272812 245.07614737808834 0
v 67.09999999999997 249.33 0
v 67.1 252.38 0
v 67.14721489013606 256.6338526750211 0
v 67.2905370207893 260.92380389992866 0
v 67.53242298361292 265.24704374612946 0
v 67.87524152120446 269.6006032510936 0
v 68.32126258385684 273.9813562794367 0
v 68.8726462592106 278.386022191134 0
v 69.53143163763572 282.8111693487164 0
v 70.29952568102091 287.25321949029507 0
v 71.17869216712002 291.70845298958665 0
v 72.17054078560038 296.17301501777683 0
v 73.27651646536474 300.64292261510644 0
v 74.49788901548307 305.11407267253975 0
v 75.8357431640825 309.58225081584385 0
v 77.29096908072108 314.0431411759479 0
v 78.8642534680358 318.49233702065123 0
v 80.55607130774521 322.9253522137207 0
v 82.36667834434532 327.33763345826793 0
v 84.2961043870303 331.72457327215704 0
v 86.34414750647265 336.0815236342019 0
v 88.51036919810784 340.4038102311975 0
v 90.79409057750486 344.6867472275491 0
v 93.19438966629974 348.92565247155335 0
v 95.71009981908446 353.11586304538497 0
v 98.33980933265593 357.2527510596978 0
v 101.08186226923664 361.3317395885693 0
v 103.9343605147992 365.3483186364352 0
v 106.89516708259377 369.2980610257536 0
v 109.96191066054145 373.176638092505 0
v 113.13199138947786 376.97983507631494 0
v 116.40258784748062 380.7035660930332 0
v 119.77066520386859 384.3438885800148 0
v 123.23298449509427 387.8970171081205 0
v 126.78611296384258 391.35933645954304 0
v 130.42643539236522 394.7274138769062 0
v 134.15016635158048 397.9980103966002 0
v 137.95336327889862 401.16809118788046 0
v 141.83194029022235 404.23483482875974 0
v 145.78168262522786 407.19564146000795 0
v 149.7982616199436 410.04813976948026 0
v 153.87725009687324 412.7901927703603 0
v 158.01413806049482 415.41990234855393 0
v 162.20434858492547 417.9356125662171 0
v 166.4432537808556 420.3359117200804 0
v 170.72619073049364 422.61963316467 0
v 175.04847728216635 424.7858549215567 0
v 179.40542760030635 426.8338981062453 0
v 183.79236737173255 428.7633242141082 0
v 188.20464857527955 430.5739313157559 0
v 192.63766372882918 432.2657492203223 0
v 197.08685953550736 433.83903367224434 0
v 201.5477498590922 435.2942596531837 0
v 206.0159279673913 436.6321138657219 0
v 210.4870779913388 437.853486479364 0
v 214.956985556704 438.9594622221857 0
v 219.42154755445057 439.95131090320825 0
v 223.87678102481578 440.8304774512876 0
v 228.31883113897933 441.59857155604664 0
v 232.74397827064897 442.25735699519714 0
v 237.14864415792493 442.80874073058845 0
v 241.52939716332457 443.25476185255326 0
v 245.88295664680763 443.5975804486974 0
v 250.20619647297204 443.83946646928155 0
v 254.49614767926846 443.9827886568736 0
v 258.7500003370822 444.0300036030992 0
v 258.7500003370822 444.0300036030992 0
v 263.00385299472987 443.9827886420759 0
v 267.2938042005222 443.8394664398974 0
v 271.61704402583564 443.59758040495626 0
v 275.97060350811284 443.25476179470365 0
v 280.3513565119435 442.8087406588977 0
v 284.7560223972798 442.25735690995174 0
v 289.18116952663223 441.5985714575524 0
v 293.62321963809376 440.83047733986956 0
v 298.0784531053663 439.9513107792107 0
v 302.5430150996239 438.95946208597223 0
v 307.0129226610986 437.8534863313172 0
v 311.4840726807497 436.6321137062435 0
v 315.9522507843427 435.29425948269375 0
v 320.4131411028085 433.83903349118145 0
v 324.8623369039524 432.2657490291428 0
v 329.2953520515507 430.57393111493377 0
v 333.7076332487286 428.7633240041342 0
v 338.09457301336766 426.83389788762656 0
v 342.4515233243033 424.7858546948159 0
v 346.773809868356 422.61963293034484 0
v 351.05674680996054 420.33591147872266 0
v 355.2956519974472 417.93561231839175 0
v 359.48586251302845 415.4199020948383 0
v 363.6227504673995 412.79019251134275 0
v 367.70173893468336 410.0481395057599 0
v 371.71831791936495 407.19564119219257 0
v 375.6680602439554 404.23483455746555 0
v 379.54663724449114 401.16809091373057 0
v 383.34983416065796 397.99801012022334 0
v 387.0735651083683 394.7274135989353 0
v 390.7138875250431 391.3593361806144 0
v 394.2670159816121 387.8970168288725 0
v 397.729335260339 384.3438883010862 0
v 401.0974126039215 380.7035658150623 0
v 404.36800904882523 376.97983479993803 0
v 407.53808976438324 373.1766378183552 0
v 410.60483332868733 369.29806075445947 0
v 413.5656398825879 365.3483183686198 0
v 416.41813811402136 361.3317393248489 0
v 419.1601910362536 357.25275080068025 0
v 421.7899005352727 353.11586279166926 0
v 424.30561067331763 348.925652223728 0
v 426.70590974720136 344.68674698619134 0
v 428.98963111153233 340.4038099968724 0
v 431.15585278796317 336.08152340746113 0
v 433.20389589207906 331.7245730535382 0
v 435.13332191933216 327.33763324829397 0
v 436.94392894041124 322.9253520128986 0
v 438.63574676452674 318.49233682947187 0
v 440.2090311361905 314.04314099488505 0
v 441.6642570371371 309.58225064535395 0
v 443.00211117001885 305.1140725130613 0
v 444.22348370440903 300.64292246705975 0
v 445.3294593684497 296.17301488156335 0
v 446.32130797122517 291.70845286558904 0
v 447.20047444165215 287.25321937887696 0
v 447.9685684694116 282.8111692502221 0
v 448.6273538322704 278.3860221058885 0
v 449.1787374921299 273.98135620774593 0
v 449.6247585393722 269.600603193244 0
v 449.96757706164925 265.24704370238834 0
v 450.2094630092651 260.92380387054453 0
v 450.3527851248276 256.6338526602235 0
v 450.4 252.38 0
v 450.4 252.38 0
v 450.3527850472718 248.12614737808832 0
v 450.20946285514157 243.8361962089097 0
v 449.967576832091 239.5129564210206 0
v 449.6247582356582 235.15939697690493 0
v 449.1787371156859 230.77864401189174 0
v 448.6273533846689 226.37397816594066 0
v 447.96856795237125 221.94883107644617 0
v 447.20047385703646 217.50678100521245 0
v 446.3213073210404 213.05154757842857 0
v 445.3294586548421 208.58698562480458 0
v 444.2234829296609 204.1170781039859 0
v 443.00211033654455 199.645928124885 0
v 441.66425614747754 195.17775006160204 0
v 440.2090301930076 190.71685978306675 0
v 438.63574577059586 186.26766402133003 0
v 436.94392789861473 181.8346489124671 0
v 435.1333208326505 177.42236775320137 0
v 433.2038947635817 173.0354280254967 0
v 431.1558516207998 168.6784777503613 0
v 428.98962990892204 164.35619124081697 0
v 426.7059085124222 160.07325433227066 0
v 424.30560940969525 155.83434917623464 0
v 421.78989924616894 151.64413869034001 0
v 419.16018972505447 147.50725076373743 0
v 416.41813678412524 143.42826232215296 0
v 413.5656385373922 139.41168336095504 0
v 410.60483197157714 135.4619410574908 0
v 407.53808839871874 131.58336407558747 0
v 404.36800767792886 127.78016717543059 0
v 401.0974112310663 124.05643624098603 0
v 397.72933388873673 120.41611383471978 0
v 394.2670146144019 116.86298538559817 0
v 390.7138861652802 113.40066611126328 0
v 387.07356375901395 110.03258876893379 0
v 383.3498328245694 106.76199232207112 0
v 379.5466359244125 103.59191160128128 0
v 375.6680589425091 100.52516802842278 0
v 371.7183166390449 97.56436146260778 0
v 367.70173767784706 94.71186321587483 0
v 363.62274923626256 91.96981027494547 0
v 359.4858613096599 89.34010075383095 0
v 355.29565082376536 86.82439059030474 0
v 351.0567456677293 84.42409148757781 0
v 346.773808759183 82.14037009107788 0
v 342.4515222496387 79.9741483792002 0
v 338.09457197450325 77.9261052364182 0
v 333.70763224679865 75.99667916734957 0
v 329.2953510875329 74.18607210138522 0
v 324.86233597867 72.4942542294041 0
v 320.41314021693324 70.92096980699243 0
v 315.952249938398 69.4657438525224 0
v 311.48407187511503 68.12788966345542 0
v 307.01292189601406 66.906517070339 0
v 302.5430143751954 65.8005413451579 0
v 298.0784524215714 64.80869267895956 0
v 293.6232189947875 63.92952614296351 0
v 289.18116892355386 63.16143204762876 0
v 284.75602183405925 62.5026466153311 0
v 280.3513559881083 61.95126288431407 0
v 275.97060302309507 61.50524176434179 0
v 271.6170435789794 61.16242316790893 0
v 267.2938037910903 60.92053714485838 0
v 263.0038526219116 60.77721495272816 0
v 258.75 60.72999999999999 0
v 258.75 60.72999999999999 0
v 254.49614737808832 60.77721495272816 0
v 250.20619620890972 60.92053714485837 0
v 245.88295642102065 61.16242316790893 0
v 241.52939697690488 61.50524176434179 0
v 237.14864401189172 61.95126288431406 0
v 232.74397816594066 62.5026466153311 0
v 228.31883107644617 63.16143204762876 0
v 223.87678100521245 63.92952614296351 0
v 219.42154757842857 64.80869267895956 0
v 214.95698562480462 65.8005413451579 0
v 210.4870781039859 66.906517070339 0
v 206.015928124885 68.1278896634554 0
v 201.54775006160204 69.46574385252238 0
v 197.08685978306676 70.92096980699242 0
v 192.63766402133 72.49425422940409 0
v 188.20464891246706 74.18607210138522 0
v 183.7923677532014 75.99667916734957 0
v 179.4054280254967 77.9261052364182 0
v 175.0484777503613 79.9741483792002 0
v 170.72619124081695 82.14037009107787 0
v 166.44325433227064 84.42409148757778 0
v 162.20434917623464 86.82439059030473 0
v 158.01413869034002 89.34010075383095 0
v 153.87725076373744 91.96981027494547 0
v 149.79826232215296 94.71186321587481 0
v 145.78168336095504 97.56436146260775 0
v 141.83194105749078 100.52516802842275 0
v 137.95336407558744 103.59191160128128 0
v 134.1501671754306 106.76199232207112 0
v 130.42643624098605 110.03258876893376 0
v 126.78611383471977 113.40066611126326 0
v 123.23298538559817 116.86298538559817 0
v 119.77066611126327 120.41611383471977 0
v 116.40258876893377 124.05643624098603 0
v 113.13199232207111 127.78016717543058 0
v 109.96191160128129 131.58336407558744 0
v 106.89516802842277 135.46194105749078 0
v 103.93436146260775 139.41168336095504 0
v 101.0818632158748 143.42826232215296 0
v 98.33981027494546 147.5072507637374 0
v 95.71010075383096 151.64413869034001 0
v 93.19439059030472 155.83434917623464 0
v 90.79409148757779 160.07325433227066 0
v 88.51037009107786 164.35619124081694 0
v 86.34414837920018 168.67847775036128 0
v 84.29610523641819 173.03542802549669 0
v 82.36667916734956 177.42236775320137 0
v 80.5560721013852 181.83464891246706 0
v 78.86425422940408 186.26766402133 0
v 77.29096980699242 190.71685978306678 0
v 75.83574385252237 195.177750061602 0
v 74.4978896634554 199.64592812488496 0
v 73.27651707033898 204.1170781039859 0
v 72.17054134515789 208.58698562480458 0
v 71.17869267895955 213.05154757842857 0
v 70.29952614296349 217.50678100521245 0
v 69.53143204762874 221.94883107644614 0
v 68.87264661533108 226.37397816594063 0
v 68.32126288431405 230.77864401189174 0
v 67.87524176434177 235.1593969769049 0
v 67.5324231679089 239.51295642102062 0
v 67.29053714485835 243.83619620890968 0
v 67.14721495272812 248.12614737808835 0
v 67.09999999999997 252.38 0
v 498.22 136.71 0
v 498.24858022115257 139.2849514476644 0
v 498.3353362885309 141.88175414875923 0
v 498.48175523159114 144.4987071911399 0
v 498.6892709028057 147.13401339589058 0
v 498.959257353472 149.78578044387856 0
v 499.2930221325852 152.4520224908839 0
v 499.69179954680675 155.1306622905824 0
v 500.1567439224953 157.8195338416348 0
v 500.68892291347424 160.51638557169701 0
v 501.2893109006282 163.21888406733228 0
v 501.9587825314936 165.92461835459986 0
v 502.6981064496852 168.63110473053544 0
v 503.50793926521436 171.335792140882 0
v 504.3888198174727 174.03606809430462 0
v 505.341163782808 176.72926509799976 0
v 506.3652586781966 179.4126675941409 0
v 507.4612593114582 182.08351937106661 0
v 508.62918372675904 184.73903141758282 0
v 509.8689096917949 187.37639018330873 0
v 511.1801717700195 189.99276620272104 0
v 512.5625590176179 192.58532303553835 0
v 514.0155133406219 195.15122647142044 0
v 515.5383285426709 197.68765394272043 0
v 517.1301500884823 200.19180408530715 0
v 518.7899756021636 202.66090638434045 0
v 520.5166561131642 205.09223083941166 0
v 522.3088980559718 207.4830975816985 0
v 524.1652660227516 209.8308863748001 0
v 526.0841862610451 212.13304593071948 0
v 528.0639509015389 214.38710297309794 0
v 530.1027228938609 216.59067098126442 0
v 532.1985416214839 218.7414585509459 0
v 534.3493291602116 220.83727731056527 0
v 536.5528971384978 222.8760493358939 0
v 538.8069541520979 224.85581401036995 0
v 541.1091136803666 226.77473428358473 0
v 543.4569024469691 228.63110228618646 0
v 545.84776916393 230.4233442656768 0
v 548.2790935948667 232.15002481417977 0
v 550.7481958709739 233.80985036614078 0
v 553.2523459918559 235.4016719509647 0
v 555.7887734426844 236.92448719271505 0
v 558.3546768593366 238.3774415560632 0
v 560.9472336741717 239.75982884460248 0
v 563.5636096768529 241.07109096431793 0
v 566.2009684271001 242.31081697134758 0
v 568.8564804593885 243.478741429098 0
v 571.5273322233336 244.57474210521733 0
v 574.2107347077352 245.59883704382506 0
v 576.9039317009234 246.55118105269364 0
v 579.6042076450614 247.43206164875306 0
v 582.308895047333 248.2418945083054 0
v 585.0153814163888 248.98121847069655 0
v 587.7211156979553 249.65069014589383 0
v 590.4236141890503 250.25107817746826 0
v 593.1204659157129 250.78325721291372 0
v 595.8093374644853 251.2482016330733 0
v 598.4879772630006 251.64697909173017 0
v 601.1542193098958 251.98074391520413 0
v 603.8059863588211 252.25073041011885 0
v 606.4412925655306 252.45824612543322 0
v 609.0582456108643 252.60466511240983 0
v 611.6550483158787 252.69142122348785 0
v 614.2299997684004 252.7200014880915 0
v 614.2299997684004 252.7200014880915 0
v 616.8049512210362 252.69142123365486 0
v 619.4017539263969 252.60466513259885 0
v 622.0187069723154 252.4582461554865 0
v 624.6540131798533 252.25073044986567 0
v 627.3057802298569 251.98074396446083 0
v 629.9720222780844 251.6469791502999 0
v 632.6506620781918 251.2482017007459 0
v 635.3395336288207 250.78325728946595 0
v 638.0363853576082 250.25107826266347 0
v 640.7388838511004 249.65069023948226 0
v 643.4446181353399 248.98121857241526 0
v 646.1511045073477 248.2418946178785 0
v 648.8557919128527 247.4320617658919 0
v 651.5560678605079 246.55118117709685 0
v 654.2492648574987 245.59883717517906 0
v 656.9326673459891 244.5747422431965 0
v 659.6035191143103 243.47874157336517 0
v 662.259031151262 242.31081712155438 0
v 664.896389906459 241.07109112010508 0
v 667.5127659143759 239.7598290056006 0
v 670.1053227347304 238.37744172189326 0
v 672.6712261571839 236.92448736298888 0
v 675.2076536140925 235.4016721252856 0
v 677.7118037413304 233.8098505441044 0
v 680.1809060240647 232.15002499537465 0
v 682.6122304618958 230.42334444968512 0
v 685.0030971860124 228.63110247258493 0
v 687.3508859600272 226.77473447194532 0
v 689.6530454959576 224.85581420026068 0
v 691.9071025174624 222.8760495268799 0
v 694.1106705038889 220.83727750220925 0
v 696.2614580509849 218.74145874280933 0
v 698.3572767871952 216.59067117290834 0
v 700.3960487883155 214.38710316408392 0
v 702.3758134378091 212.13304612061026 0
v 704.2947336852948 209.8308865631607 0
v 706.1511016614487 207.48309776809694 0
v 707.9433436138023 205.09223102341994 0
v 709.6700241345105 202.66090656553533 0
v 711.3298496580506 200.19180426327074 0
v 712.9216712138602 197.68765411704138 0
v 714.4444864260367 195.15122664169425 0
v 715.8974407592857 192.58532320136845 0
v 717.2798280172356 189.9927663637192 0
v 718.5910901059066 187.37639033909588 0
v 719.8308160814728 184.7390315677896 0
v 720.9987405073766 182.08351951533385 0
v 722.0947411513021 179.4126677321201 0
v 723.118836057405 176.72926522935373 0
v 724.0711800334934 174.03606821870787 0
v 724.9520605965333 171.3357922580208 0
v 725.7618934228617 168.63110484010855 0
v 726.5012173518594 165.92461845631857 0
v 727.1706889935282 163.21888416092074 0
v 727.7710769914728 160.51638565689223 0
v 728.3032559932196 157.81953391818703 0
v 728.7682003796441 155.13066235825502 0
v 729.1669778045607 152.45202254945357 0
v 729.5007425943196 149.7857804931353 0
v 729.7707290555737 147.1340134356374 0
v 729.9782447373104 144.49870722119314 0
v 730.1246636908195 141.88175416894828 0
v 730.2114197685663 139.28495145783143 0
v 730.24 136.71 0
v 730.24 136.71 0
v 730.2114197788474 134.13504855233558 0
v 730.1246637114691 131.53824585124073 0
v 729.9782447684089 128.92129280886013 0
v 729.7707290971942 126.28598660410945 0
v 729.500742646528 123.63421955612145 0
v 729.1669778674147 120.96797750911612 0
v 728.7682004531933 118.28933770941765 0
v 728.3032560775048 115.60046615836518 0
v 727.7710770865257 112.90361442830303 0
v 727.1706890993717 110.20111593266773 0
v 726.5012174685062 107.49538164540017 0
v 725.7618935503149 104.78889526946459 0
v 724.9520607347855 102.08420785911804 0
v 724.0711801825273 99.38393190569539 0
v 723.1188362171921 96.6907349020003 0
v 722.0947413218034 94.0073324058591 0
v 720.998740688542 91.33648062893343 0
v 719.8308162732411 88.68096858241721 0
v 718.591090308205 86.04360981669129 0
v 717.2798282299807 83.427233797279 0
v 715.8974409823822 80.83467696446166 0
v 714.4444866593783 78.26877352857959 0
v 712.921671457329 75.73234605727959 0
v 711.3298499115181 73.22819591469295 0
v 709.6700243978364 70.75909361565955 0
v 707.9433438868358 68.32776916058842 0
v 706.1511019440283 65.93690241830156 0
v 704.2947339772485 63.58911362519996 0
v 702.375813738955 61.28695406928056 0
v 700.3960490984612 59.0328970269021 0
v 698.3572771061392 56.829329018735606 0
v 696.2614583785163 54.678541449054165 0
v 694.1106708397884 52.58272268943473 0
v 691.9071028615024 50.54395066410612 0
v 689.6530458479023 48.564185989630104 0
v 687.3508863196334 46.645265716415324 0
v 685.0030975530308 44.78889771381361 0
v 682.6122308360701 42.99665573432322 0
v 680.1809064051332 41.269975185820236 0
v 677.7118041290263 39.610149633859294 0
v 675.2076540081441 38.01832804903533 0
v 672.6712265573157 36.495512807284975 0
v 670.1053231406636 35.04255844393684 0
v 667.5127663258286 33.66017115539759 0
v 664.8963903231471 32.348909035682134 0
v 662.2590315729 31.109183028652442 0
v 659.6035195406117 29.94125857090207 0
v 656.9326677766666 28.8452578947827 0
v 654.249265292265 27.82116295617502 0
v 651.5560682990767 26.868818947306433 0
v 648.8557923549388 25.987938351246953 0
v 646.1511049526672 25.178105491694666 0
v 643.4446185836113 24.43878152930351 0
v 640.7388843020449 23.769309854106222 0
v 638.0363858109499 23.16892182253179 0
v 635.3395340842873 22.636742787086295 0
v 632.6506625355148 22.171798366926748 0
v 629.9720227369994 21.77302090826985 0
v 627.3057806901045 21.439256084795893 0
v 624.654013641179 21.169269589881186 0
v 622.0187074344694 20.961753874566803 0
v 619.4017543891357 20.815334887590183 0
v 616.8049516841214 20.728578776512165 0
v 614.2300002315998 20.699998511908532 0
v 614.2300002315998 20.699998511908532 0
v 611.6550487789641 20.728578766345134 0
v 609.0582460736032 20.815334867401152 0
v 606.4412930276848 20.961753844513535 0
v 603.8059868201468 21.169269550134345 0
v 601.1542197701434 21.43925603553919 0
v 598.4879777219157 21.773020849700135 0
v 595.809337921808 22.171798299254103 0
v 593.1204663711793 22.636742710534058 0
v 590.4236146423918 23.168921737336547 0
v 587.7211161488997 23.769309760517768 0
v 585.0153818646602 24.438781427584757 0
v 582.3088954926525 25.17810538212152 0
v 579.6042080871473 25.987938234108118 0
v 576.9039321394923 26.8688188229032 0
v 574.2107351425016 27.821162824820988 0
v 571.5273326540109 28.84525775680346 0
v 568.85648088569 29.941258426634842 0
v 566.2009688487383 31.109182878445633 0
v 563.5636100935411 32.34890887989492 0
v 560.9472340856242 33.66017099439938 0
v 558.3546772652696 35.042558278106725 0
v 555.7887738428162 36.49551263701113 0
v 553.2523463859075 38.01832787471438 0
v 550.7481962586697 39.61014945589563 0
v 548.2790939759353 41.26997500462533 0
v 545.8477695381042 42.99665555031485 0
v 543.4569028139874 44.788897527415074 0
v 541.109114039973 46.645265528054665 0
v 538.8069545040423 48.56418579973927 0
v 536.5528974825376 50.543950473120105 0
v 534.3493294961111 52.582722497790726 0
v 532.1985419490152 54.678541257190695 0
v 530.1027232128048 56.829328827091594 0
v 528.0639512116845 59.032896835916084 0
v 526.0841865621908 61.286953879389735 0
v 524.1652663147054 63.58911343683929 0
v 522.3088983385513 65.93690223190302 0
v 520.5166563861976 68.32776897658005 0
v 518.7899758654894 70.75909343446465 0
v 517.1301503419495 73.22819573672928 0
v 515.5383287861397 75.73234588295861 0
v 514.0155135739633 78.26877335830574 0
v 512.5625592407142 80.83467679863156 0
v 511.18017198276453 83.4272336362808 0
v 509.8689098940934 86.04360966090408 0
v 508.6291839185272 88.6809684322104 0
v 507.46125949262347 91.33648048466618 0
v 506.36525884869786 94.00733226787987 0
v 505.3411639425951 96.69073477064626 0
v 504.38881996650656 99.38393178129218 0
v 503.50793940346665 102.0842077419792 0
v 502.69810657713833 104.78889515989144 0
v 501.9587826481404 107.49538154368142 0
v 501.2893110064717 110.20111583907929 0
v 500.6889230085273 112.90361434310779 0
v 500.1567440067804 115.60046608181294 0
v 499.6917996203559 118.289337641745 0
v 499.2930221954393 120.96797745054641 0
v 498.95925740568043 123.63421950686475 0
v 498.68927094442626 126.28598656436263 0
v 498.48175526268955 128.92129277880687 0
v 498.3353363091805 131.53824583105168 0
v 498.2485802314338 134.13504854216856 0
v 498.22 136.71 0
v 497.17 129.92 0
v 497.1988388833314 132.51825720695697 0
v 497.2863801595673 135.13856344255097 0
v 497.43412431722214 137.77920239976268 0
v 497.6435181865253 140.4383606334938 0
v 497.915948255274 143.11412869731748 0
v 498.25273390705405 145.80450277322623 0
v 498.65512062020497 148.50738681383035 0
v 499.1242731688657 151.22059521340543 0
v 499.6612688701709 153.94185602072068 0
v 500.2670909241069 156.66881470271107 0
v 500.94262189462984 159.39903846380847 0
v 501.68863738233665 162.13002112115254 0
v 502.5057999402103 164.85918853099443 0
v 503.39465328467566 167.58390455644138 0
v 504.3556168543702 170.30147756131456 0
v 505.38898076859465 173.0091674093757 0
v 506.4949012363469 175.7041929425942 0
v 507.67339646512863 178.3837399065381 0
v 508.9243431163338 181.04496928548437 0
v 510.2474733509772 183.68502600451868 0
v 511.64237250582426 186.3010479508396 0
v 513.1084774356356 188.89017526176886 0
v 514.6450755523097 191.44955982269835 0
v 516.2513045862121 193.9763749144471 0
v 517.9261530889984 196.4678249463406 0
v 519.6684616908412 198.9211552088295 0
v 521.4769251182286 201.33366157769018 0
v 523.3500949715146 203.70270010085068 0
v 525.2863832542772 206.02569639869247 0
v 527.2840666393515 208.30015480931573 0
v 529.3412914493002 210.52366721173092 0
v 531.4560793221378 212.69392146224212 0
v 533.6263335264613 214.80870938239468 0
v 535.8498458838623 216.86593424073777 0
v 538.1243042506878 218.86361767523545 0
v 540.4473005059895 220.79990600839844 0
v 542.8163389879054 222.67307591300798 0
v 545.2288453168528 224.48153939258648 0
v 547.6821755407921 226.22384804743155 0
v 550.173625535529 227.89869660397272 0
v 552.7004405915407 229.50492569232398 0
v 555.2598251181763 231.04152386408143 0
v 557.8489523962749 232.50762884955012 0
v 560.4649743112457 233.90252806056805 0
v 563.1050310004243 235.22565835183534 0
v 565.76626035102 236.47660506005641 0
v 568.4458072881267 237.65510034618612 0
v 571.1408327960257 238.76102087155812 0
v 573.8485226202871 239.7943848436151 0
v 576.5660956028786 240.75534847129643 0
v 579.2908116075583 241.64420187384502 0
v 582.0199789981405 242.46136448984217 0
v 584.7509616377225 243.20738003565765 0
v 587.481185382544 243.88291106422048 0
v 590.2081440497298 244.48873317607556 0
v 592.9294048436952 245.02572893512834 0
v 595.6426132313561 245.49488154131632 0
v 598.3454972614607 245.89726831172695 0
v 601.0358713282618 246.23405402045407 0
v 603.711639384345 246.50648414579388 0
v 606.3707976116763 246.7158780712911 0
v 609.0114365638012 246.8636222847037 0
v 611.6317427955923 246.95116361622374 0
v 614.23 246.98000255433092 0
v 614.23 246.98000255433092 0
v 616.8282572044077 246.95116361622377 0
v 619.4485634361989 246.86362228470372 0
v 622.0892023883237 246.71587807129112 0
v 624.7483606156551 246.50648414579388 0
v 627.4241286717381 246.23405402045407 0
v 630.1145027385393 245.89726831172698 0
v 632.8173867686439 245.49488154131632 0
v 635.5305951563049 245.02572893512837 0
v 638.2518559502703 244.48873317607556 0
v 640.9788146174562 243.8829110642205 0
v 643.7090383622775 243.20738003565768 0
v 646.4400210018597 242.46136448984217 0
v 649.1691883924416 241.64420187384502 0
v 651.8939043971214 240.75534847129637 0
v 654.6114773797129 239.79438484361512 0
v 657.3191672039741 238.76102087155815 0
v 660.0141927118734 237.65510034618615 0
v 662.6937396489798 236.4766050600564 0
v 665.3549689995756 235.22565835183534 0
v 667.9950256887543 233.90252806056807 0
v 670.6110476037251 232.50762884955012 0
v 673.2001748818236 231.04152386408148 0
v 675.7595594084593 229.50492569232398 0
v 678.2863744644709 227.89869660397278 0
v 680.777824459208 226.22384804743155 0
v 683.231154683147 224.4815393925865 0
v 685.6436610120943 222.67307591300798 0
v 688.0126994940106 220.79990600839847 0
v 690.3356957493122 218.86361767523547 0
v 692.6101541161378 216.8659342407378 0
v 694.8336664735386 214.8087093823947 0
v 697.0039206778623 212.69392146224214 0
v 699.1187085506997 210.52366721173098 0
v 701.1759333606486 208.30015480931576 0
v 703.1736167457227 206.0256963986925 0
v 705.1099050284853 203.70270010085073 0
v 706.9830748817714 201.33366157769024 0
v 708.7915383091586 198.92115520882953 0
v 710.5338469110017 196.4678249463406 0
v 712.2086954137878 193.97637491444715 0
v 713.8149244476901 191.44955982269838 0
v 715.3515225643645 188.89017526176886 0
v 716.8176274941758 186.3010479508396 0
v 718.2125266490227 183.6850260045187 0
v 719.5356568836662 181.0449692854844 0
v 720.7866035348712 178.38373990653812 0
v 721.9650987636531 175.70419294259423 0
v 723.0710192314052 173.0091674093757 0
v 724.1043831456298 170.30147756131456 0
v 725.0653467153245 167.58390455644147 0
v 725.9542000597896 164.8591885309944 0
v 726.7713626176634 162.13002112115257 0
v 727.5173781053701 159.3990384638085 0
v 728.192909075893 156.66881470271107 0
v 728.798731129829 153.94185602072068 0
v 729.3357268311343 151.22059521340543 0
v 729.8048793797951 148.50738681383038 0
v 730.2072660929459 145.8045027732262 0
v 730.544051744726 143.11412869731748 0
v 730.8164818134748 140.43836063349383 0
v 731.0258756827778 137.77920239976268 0
v 731.1736198404327 135.13856344255097 0
v 731.2611611166685 132.51825720695697 0
v 731.29 129.92 0
v 731.29 129.92 0
v 731.2611610625288 127.32174282326646 0
v 731.1736197329656 124.70143661995807 0
v 731.0258755229041 122.0607976970763 0
v 730.8164816022236 119.40163949969468 0
v 730.544051483236 116.72587147420842 0
v 730.2072657824646 114.03549743858602 0
v 729.8048790216781 111.33261344017107 0
v 729.3357264268442 108.61940508463431 0
v 728.7987306809339 105.89814432314554 0
v 728.1929085840637 103.17118568870141 0
v 727.5173775723773 100.4409619767941 0
v 726.7713620453738 97.70997937020107 0
v 725.9541994501628 94.98081201258091 0
v 725.0653460704069 92.25609604072942 0
v 724.1043824675501 89.53852309072211 0
v 723.0710185223679 86.83083329868715 0
v 721.9650980259331 84.13580782253979 0
v 720.7866027708054 81.45626091659089 0
v 719.5356560956474 78.79503159643774 0
v 718.2125258394908 76.15497493686424 0
v 716.8176266656101 73.53895305053797 0
v 715.3515217192743 70.94982580000013 0
v 713.814923588607 68.39044129971928 0
v 712.2086945432553 65.8636262687352 0
v 710.5338460315663 63.37217629758009 0
v 708.7915374233609 60.918846095660825 0
v 706.9830739921357 58.50633978705908 0
v 705.1099041375111 56.137301323706055 0
v 703.1736158558745 53.81430508508167 0
v 701.175932474347 51.53984673294978 0
v 699.1187076703131 49.31633438816746 0
v 697.0039198056973 47.14608019430273 0
v 694.8336656118324 45.031292329686806 0
v 692.6101532670502 42.97406752565293 0
v 690.3356949149182 40.97638414412545 0
v 688.0126986762939 39.04009586248885 0
v 685.6436602129409 37.16692600786418 0
v 683.2311539043391 35.358462576639 0
v 680.7778237024199 33.61615396843363 0
v 678.2863737312648 31.94130545674466 0
v 675.7595587002808 30.33507641139291 0
v 673.2001741999998 28.798478280725654 0
v 670.611046949462 27.332373334390063 0
v 667.9950250631357 25.93747416050913 0
v 665.3549684035622 24.61434390435259 0
v 662.6937390834089 23.363397229194433 0
v 660.0141921774602 22.18490197406699 0
v 657.3191667013127 21.078981477631896 0
v 654.6114769092779 20.04561753245 0
v 651.8939039592706 19.084653929593177 0
v 649.169187987419 18.19580054983704 0
v 646.440020629799 17.37863795462608 0
v 643.709038023206 16.63262242762266 0
v 640.9788143112986 15.957091415936251 0
v 638.2518556768545 15.351269319066034 0
v 635.5305949153657 14.81427357315579 0
v 632.817386559829 14.345120978322049 0
v 630.1145025614138 13.942734217535389 0
v 627.4241285257915 13.605948516763906 0
v 624.7483605003052 13.333518397776409 0
v 622.0892023029237 13.124124477095844 0
v 619.448563380042 12.976380267034282 0
v 616.8282571767336 12.888838937471203 0
v 614.23 12.859999999999985 0
v 614.23 12.859999999999985 0
v 611.6317428232664 12.888838937471203 0
v 609.0114366199581 12.976380267034282 0
v 606.3707976970762 13.124124477095842 0
v 603.7116394996947 13.333518397776405 0
v 601.0358714742083 13.605948516763906 0
v 598.3454974385861 13.94273421753539 0
v 595.6426134401711 14.345120978322047 0
v 592.9294050846343 14.814273573155786 0
v 590.2081443231456 15.351269319066029 0
v 587.4811856887015 15.957091415936247 0
v 584.750961976794 16.632622427622657 0
v 582.0199793702011 17.37863795462608 0
v 579.290812012581 18.19580054983704 0
v 576.5660960407295 19.08465392959317 0
v 573.8485230907221 20.045617532449995 0
v 571.1408332986871 21.078981477631892 0
v 568.4458078225398 22.18490197406699 0
v 565.7662609165908 23.363397229194433 0
v 563.1050315964377 24.61434390435259 0
v 560.4649749368642 25.937474160509122 0
v 557.848953050538 27.33237333439006 0
v 555.2598258000002 28.798478280725643 0
v 552.7004412997193 30.335076411392905 0
v 550.1736262687352 31.94130545674466 0
v 547.6821762975801 33.61615396843362 0
v 545.2288460956607 35.35846257663899 0
v 542.816339787059 37.16692600786417 0
v 540.4473013237061 39.04009586248885 0
v 538.1243050850817 40.97638414412545 0
v 535.8498467329498 42.97406752565293 0
v 533.6263343881674 45.0312923296868 0
v 531.4560801943028 47.14608019430273 0
v 529.3412923296868 49.31633438816746 0
v 527.2840675256529 51.53984673294977 0
v 525.2863841441255 53.814305085081656 0
v 523.3500958624888 56.13730132370605 0
v 521.4769260078642 58.506339787059076 0
v 519.668462576639 60.91884609566082 0
v 517.9261539684336 63.37217629758008 0
v 516.2513054567447 65.86362626873519 0
v 514.6450764113929 68.39044129971927 0
v 513.1084782807256 70.94982580000013 0
v 511.6423733343901 73.53895305053797 0
v 510.2474741605091 76.15497493686424 0
v 508.9243439043526 78.79503159643772 0
v 507.6733972291944 81.45626091659088 0
v 506.494901974067 84.13580782253979 0
v 505.3889814776319 86.83083329868717 0
v 504.35561753244997 89.53852309072211 0
v 503.39465392959323 92.25609604072942 0
v 502.505800549837 94.98081201258091 0
v 501.6886379546261 97.70997937020107 0
v 500.9426224276226 100.4409619767941 0
v 500.2670914159363 103.17118568870141 0
v 499.661269319066 105.89814432314554 0
v 499.12427357315573 108.61940508463431 0
v 498.6551209783221 111.33261344017106 0
v 498.2527342175353 114.03549743858602 0
v 497.9159485167639 116.72587147420842 0
v 497.6435183977764 119.40163949969467 0
v 497.43412447709585 122.0607976970763 0
v 497.2863802670342 124.70143661995807 0
v 497.1988389374712 127.32174282326646 0
v 497.16999999999996 129.92 0
v 498.08000000000004 129.92 0
v 498.10861474959245 132.4980588679104 0
v 498.1954755511365 135.0979953578666 0
v 498.34207122855537 137.71810650507933 0
v 498.5498373646142 140.3565929618184 0
v 498.82014966873516 143.01156012532624 0
v 499.1543172677836 145.6810197548969 0
v 499.553575957903 148.36289209742125 0
v 500.0190814584149 151.0550085376706 0
v 500.55190271151145 153.75511478614936 0
v 501.1530152738852 156.4608746135087 0
v 501.8232948485254 159.1698741363007 0
v 502.5635110065764 161.87962665428967 0
v 503.3743211503808 164.58757803467216 0
v 504.25626476953914 167.29111263342966 0
v 505.20975804197906 169.98755973870345 0
v 506.2350888315987 172.67420051561152 0
v 507.3324121329907 175.34827542637964 0
v 508.5017460120531 178.0069920941224 0
v 509.74296808893354 180.64753357315698 0
v 511.05581260672426 183.26706698345478 0
v 512.439868125657 185.86275246181458 0
v 513.894575878236 188.43175237766943 0
v 515.419228815849 190.97124075719807 0
v 517.0129713719537 193.4784128556843 0
v 518.6747999609908 195.95049481493314 0
v 520.4035642258382 198.38475334007342 0
v 522.1979690399234 200.77850532831954 0
v 524.0565772631819 203.12912738127062 0
v 525.977813243979 205.43406513213534 0
v 527.9599670519785 207.69084231990334 0
v 530.0011994198969 209.89706954394626 0
v 532.0995473651826 212.05045263481753 0
v 534.2529304560537 214.14880058010317 0
v 536.4591576800967 216.19003294802164 0
v 538.7159348678648 218.1721867560211 0
v 541.0208726187294 220.09342273681804 0
v 543.3714946716805 221.95203096007666 0
v 545.7652466599266 223.7464357741618 0
v 548.1995051850669 225.47520003900934 0
v 550.6715871443157 227.13702862804635 0
v 553.178759242802 228.730771184151 0
v 555.7182476223306 230.25542412176418 0
v 558.2872475381855 231.710131874343 0
v 560.8829330165453 233.0941873932758 0
v 563.5024664268431 234.40703191106653 0
v 566.1430079058777 235.6482539879469 0
v 568.8017245736204 236.81758786700942 0
v 571.4757994843885 237.91491116840132 0
v 574.1624402612965 238.94024195802098 0
v 576.8588873665703 239.89373523046092 0
v 579.5624219653278 240.77567884961925 0
v 582.2703733457105 241.58648899342373 0
v 584.9801258636993 242.32670515147473 0
v 587.6891253864914 242.99698472611487 0
v 590.3948852138507 243.59809728848867 0
v 593.0949914623294 244.13091854158512 0
v 595.7871079025789 244.59642404209717 0
v 598.4689802451031 244.9956827322165 0
v 601.1384398746737 245.32985033126494 0
v 603.7934070381815 245.6001626353859 0
v 606.4318934949207 245.80792877144472 0
v 609.0520046421334 245.95452444886357 0
v 611.6519411320895 246.04138525040767 0
v 614.23 246.07000000000002 0
v 614.23 246.07000000000002 0
v 616.8080588679104 246.04138525040767 0
v 619.4079953578666 245.95452444886357 0
v 622.0281065050793 245.80792877144472 0
v 624.6665929618184 245.60016263538589 0
v 627.3215601253263 245.32985033126494 0
v 629.9910197548969 244.99568273221652 0
v 632.6728920974214 244.59642404209717 0
v 635.3650085376706 244.13091854158512 0
v 638.0651147861493 243.59809728848867 0
v 640.7708746135088 242.99698472611487 0
v 643.4798741363009 242.3267051514747 0
v 646.1896266542898 241.58648899342373 0
v 648.8975780346723 240.77567884961925 0
v 651.6011126334297 239.89373523046092 0
v 654.2975597387035 238.94024195802098 0
v 656.9842005156116 237.91491116840132 0
v 659.6582754263796 236.81758786700942 0
v 662.3169920941224 235.6482539879469 0
v 664.9575335731571 234.40703191106653 0
v 667.5770669834549 233.0941873932758 0
v 670.1727524618148 231.710131874343 0
v 672.7417523776695 230.2554241217642 0
v 675.2812407571981 228.730771184151 0
v 677.7884128556843 227.13702862804638 0
v 680.2604948149332 225.47520003900934 0
v 682.6947533400734 223.7464357741618 0
v 685.0885053283196 221.95203096007666 0
v 687.4391273812707 220.09342273681804 0
v 689.7440651321353 218.1721867560211 0
v 692.0008423199034 216.19003294802164 0
v 694.2070695439463 214.14880058010317 0
v 696.3604526348176 212.05045263481753 0
v 698.4588005801032 209.89706954394626 0
v 700.5000329480218 207.69084231990334 0
v 702.4821867560212 205.43406513213534 0
v 704.403422736818 203.12912738127062 0
v 706.2620309600767 200.77850532831954 0
v 708.0564357741619 198.3847533400734 0
v 709.7852000390094 195.95049481493314 0
v 711.4470286280464 193.47841285568433 0
v 713.0407711841511 190.97124075719807 0
v 714.5654241217643 188.43175237766943 0
v 716.0201318743431 185.86275246181458 0
v 717.404187393276 183.26706698345478 0
v 718.7170319110667 180.64753357315698 0
v 719.958253987947 178.00699209412238 0
v 721.1275878670095 175.34827542637964 0
v 722.2249111684014 172.6742005156115 0
v 723.2502419580211 169.98755973870345 0
v 724.2037352304611 167.29111263342966 0
v 725.0856788496193 164.58757803467216 0
v 725.8964889934239 161.87962665428967 0
v 726.6367051514749 159.16987413630073 0
v 727.306984726115 156.4608746135087 0
v 727.9080972884888 153.75511478614936 0
v 728.4409185415851 151.0550085376706 0
v 728.9064240420975 148.36289209742125 0
v 729.3056827322165 145.68101975489688 0
v 729.639850331265 143.01156012532624 0
v 729.910162635386 140.3565929618184 0
v 730.1179287714448 137.71810650507933 0
v 730.2645244488635 135.0979953578666 0
v 730.3513852504077 132.49805886791043 0
v 730.3800000000001 129.92 0
v 730.3800000000001 129.92 0
v 730.3513852504077 127.34194113208953 0
v 730.2645244488635 124.74200464213337 0
v 730.1179287714448 122.12189349492064 0
v 729.9101626353861 119.4834070381816 0
v 729.639850331265 116.82843987467373 0
v 729.3056827322166 114.15898024510308 0
v 728.9064240420975 111.47710790257875 0
v 728.4409185415851 108.78499146232936 0
v 727.9080972884888 106.08488521385065 0
v 727.306984726115 103.37912538649128 0
v 726.6367051514749 100.67012586369925 0
v 725.8964889934239 97.96037334571034 0
v 725.0856788496194 95.25242196532781 0
v 724.2037352304611 92.54888736657031 0
v 723.2502419580211 89.85244026129654 0
v 722.2249111684014 87.16579948438847 0
v 721.1275878670095 84.49172457362035 0
v 719.958253987947 81.83300790587758 0
v 718.7170319110668 79.192466426843 0
v 717.404187393276 76.5729330165452 0
v 716.0201318743431 73.97724753818544 0
v 714.5654241217643 71.40824762233056 0
v 713.0407711841511 68.86875924280193 0
v 711.4470286280465 66.36158714431568 0
v 709.7852000390094 63.88950518506687 0
v 708.0564357741619 61.45524665992657 0
v 706.2620309600767 59.06149467168043 0
v 704.4034227368182 56.71087261872936 0
v 702.4821867560212 54.405934867864644 0
v 700.5000329480218 52.149157680096664 0
v 698.4588005801033 49.94293045605373 0
v 696.3604526348176 47.78954736518249 0
v 694.2070695439463 45.691199419896826 0
v 692.0008423199034 43.64996705197837 0
v 689.7440651321353 41.667813243978905 0
v 687.4391273812707 39.746577263181955 0
v 685.0885053283197 37.88796903992332 0
v 682.6947533400735 36.09356422583819 0
v 680.2604948149332 34.364799960990645 0
v 677.7884128556844 32.70297137195364 0
v 675.2812407571982 31.10922881584902 0
v 672.7417523776695 29.58457587823581 0
v 670.1727524618148 28.129868125656976 0
v 667.577066983455 26.745812606724204 0
v 664.9575335731572 25.43296808893348 0
v 662.3169920941225 24.191746012053073 0
v 659.6582754263799 23.022412132990606 0
v 656.9842005156116 21.9250888315987 0
v 654.2975597387035 20.899758041979045 0
v 651.6011126334298 19.9462647695391 0
v 648.8975780346723 19.06432115038076 0
v 646.1896266542898 18.253511006576275 0
v 643.4798741363009 17.513294848525298 0
v 640.7708746135089 16.843015273885147 0
v 638.0651147861495 16.241902711511354 0
v 635.3650085376707 15.709081458414868 0
v 632.6728920974214 15.243575957902832 0
v 629.991019754897 14.844317267783488 0
v 627.3215601253264 14.510149668735071 0
v 624.6665929618185 14.239837364614123 0
v 622.0281065050794 14.032071228555285 0
v 619.4079953578668 13.885475551136437 0
v 616.8080588679105 13.798614749592344 0
v 614.2300000000001 13.769999999999982 0
v 614.2300000000001 13.769999999999982 0
v 611.6519411320896 13.798614749592344 0
v 609.0520046421335 13.885475551136437 0
v 606.4318934949208 14.032071228555285 0
v 603.7934070381816 14.239837364614122 0
v 601.1384398746738 14.51014966873507 0
v 598.4689802451031 14.844317267783488 0
v 595.7871079025789 15.24357595790283 0
v 593.0949914623295 15.709081458414866 0
v 590.3948852138508 16.241902711511354 0
v 587.6891253864915 16.843015273885143 0
v 584.9801258636994 17.513294848525295 0
v 582.2703733457105 18.25351100657627 0
v 579.562421965328 19.064321150380756 0
v 576.8588873665705 19.946264769539095 0
v 574.1624402612966 20.89975804197904 0
v 571.4757994843886 21.9250888315987 0
v 568.8017245736205 23.022412132990603 0
v 566.1430079058777 24.191746012053073 0
v 563.5024664268432 25.432968088933475 0
v 560.8829330165454 26.745812606724197 0
v 558.2872475381856 28.12986812565697 0
v 555.7182476223306 29.584575878235807 0
v 553.1787592428021 31.109228815849015 0
v 550.6715871443158 32.70297137195363 0
v 548.199505185067 34.36479996099064 0
v 545.7652466599267 36.09356422583819 0
v 543.3714946716806 37.88796903992331 0
v 541.0208726187295 39.74657726318194 0
v 538.7159348678648 41.6678132439789 0
v 536.4591576800967 43.64996705197837 0
v 534.2529304560538 45.69119941989681 0
v 532.0995473651826 47.789547365182486 0
v 530.0011994198969 49.94293045605373 0
v 527.9599670519785 52.149157680096664 0
v 525.9778132439791 54.40593486786464 0
v 524.0565772631821 56.710872618729354 0
v 522.1979690399235 59.06149467168042 0
v 520.4035642258383 61.455246659926566 0
v 518.6747999609908 63.88950518506686 0
v 517.0129713719538 66.36158714431566 0
v 515.4192288158491 68.86875924280193 0
v 513.894575878236 71.40824762233055 0
v 512.4398681256571 73.97724753818541 0
v 511.0558126067244 76.57293301654518 0
v 509.74296808893365 79.192466426843 0
v 508.50174601205316 81.83300790587758 0
v 507.3324121329907 84.49172457362035 0
v 506.23508883159883 87.16579948438846 0
v 505.2097580419792 89.85244026129652 0
v 504.2562647695392 92.54888736657031 0
v 503.37432115038087 95.2524219653278 0
v 502.5635110065764 97.96037334571034 0
v 501.8232948485254 100.67012586369925 0
v 501.1530152738853 103.37912538649128 0
v 500.55190271151145 106.08488521385065 0
v 500.019081458415 108.78499146232936 0
v 499.55357595790304 111.47710790257875 0
v 499.1543172677836 114.15898024510307 0
v 498.8201496687352 116.82843987467372 0
v 498.5498373646143 119.4834070381816 0
v 498.3420712285554 122.12189349492064 0
v 498.19547555113655 124.74200464213335 0
v 498.1086147495925 127.34194113208952 0
v 498.0800000000001 129.92 0
v 520.2180000000001 128.4 0
v 520.2411608251286 130.48668506491603 0
v 520.3114660999867 132.59107791290364 0
v 520.430120881093 134.7118001614767 0
v 520.5982871314861 136.847395415639 0
v 520.8170783526227 138.99633018081943 0
v 521.0875541539292 141.15699517173803 0
v 521.4107147908254 143.32770703282623 0
v 521.7874957044211 145.50671048337057 0
v 522.2187620982747 147.69218089776558 0
v 522.7053035895696 149.8822273281548 0
v 523.2478289737372 152.0748959733268 0
v 523.8469611429209 154.26817409404288 0
v 524.5032321996522 156.459994371034 0
v 525.2170788076963 158.6482396977528 0
v 525.9888378221484 160.83074839565208 0
v 526.8187422405189 163.0053198353308 0
v 527.7069175156843 165.16972044240038 0
v 528.6533782702121 167.32169006244197 0
v 529.6580254496498 169.4589486550119 0
v 530.7206439499214 171.579203282381 0
v 531.8409007510054 173.6801553546286 0
v 533.0183435855765 175.75950808893202 0
v 534.2524001673319 177.81497413745765 0
v 535.5423779993122 179.84428333524403 0
v 536.8874647777242 181.84519051693061 0
v 538.2867294016315 183.8154833491776 0
v 539.7391235934678 185.7529901242013 0
v 541.2434841297139 187.65558745904445 0
v 542.7985356753591 189.52120784504783 0
v 544.4028942099923 191.34784699249897 0
v 546.0550710276655 193.13357091662053 0
v 547.7534772870904 194.87652271290975 0
v 549.4964290833796 196.57492897233456 0
v 551.2821530075012 198.22710579000784 0
v 553.1087921549522 199.831464324641 0
v 554.9744125409557 201.3865158702862 0
v 556.8770098757988 202.8908764065323 0
v 558.8145166508224 204.34327059836846 0
v 560.7848094830695 205.74253522227593 0
v 562.785716664756 207.08762200068787 0
v 564.8150258625424 208.37759983266812 0
v 566.870491911068 209.61165641442352 0
v 568.9498446453714 210.78909924899472 0
v 571.050796717619 211.9093560500787 0
v 573.1710513449881 212.9719745503503 0
v 575.308309937558 213.9766217297879 0
v 577.4602795575997 214.92308248431584 0
v 579.6246801646693 215.8112577594812 0
v 581.799251604348 216.6411621778516 0
v 583.9817603022472 217.41292119230386 0
v 586.170005628966 218.12676780034786 0
v 588.3618259059572 218.78303885707925 0
v 590.5551040266732 219.3821710262629 0
v 592.7477726718454 219.92469641043056 0
v 594.9378191022345 220.41123790172531 0
v 597.1232895166295 220.842504295579 0
v 599.3022929671739 221.2192852091747 0
v 601.4730048282619 221.5424458460709 0
v 603.6336698191806 221.81292164737732 0
v 605.782604584361 222.03171286851398 0
v 607.9181998385233 222.1998791189071 0
v 610.0389220870964 222.31853390001342 0
v 612.1433149350839 222.38883917487146 0
v 614.23 222.412 0
v 614.23 222.412 0
v 616.316685064916 222.3888391748715 0
v 618.4210779129037 222.31853390001342 0
v 620.5418001614767 222.1998791189071 0
v 622.677395415639 222.03171286851398 0
v 624.8263301808194 221.81292164737732 0
v 626.986995171738 221.54244584607093 0
v 629.1577070328262 221.21928520917464 0
v 631.3367104833704 220.842504295579 0
v 633.5221808977657 220.41123790172531 0
v 635.712227328155 219.92469641043056 0
v 637.9048959733269 219.3821710262629 0
v 640.098174094043 218.78303885707925 0
v 642.289994371034 218.12676780034786 0
v 644.4782396977529 217.41292119230386 0
v 646.6607483956521 216.6411621778516 0
v 648.8353198353308 215.8112577594812 0
v 650.9997204424005 214.92308248431587 0
v 653.1516900624418 213.9766217297879 0
v 655.288948655012 212.9719745503503 0
v 657.4092032823811 211.9093560500787 0
v 659.5101553546286 210.78909924899472 0
v 661.589508088932 209.6116564144235 0
v 663.6449741374578 208.3775998326681 0
v 665.674283335244 207.08762200068787 0
v 667.6751905169307 205.74253522227593 0
v 669.6454833491777 204.34327059836846 0
v 671.5829901242013 202.8908764065323 0
v 673.4855874590445 201.38651587028616 0
v 675.351207845048 199.83146432464105 0
v 677.1778469924991 198.22710579000784 0
v 678.9635709166205 196.57492897233456 0
v 680.7065227129099 194.87652271290972 0
v 682.4049289723346 193.1335709166205 0
v 684.0571057900079 191.34784699249897 0
v 685.6614643246411 189.52120784504783 0
v 687.2165158702862 187.65558745904445 0
v 688.7208764065323 185.7529901242013 0
v 690.1732705983685 183.8154833491776 0
v 691.572535222276 181.84519051693061 0
v 692.9176220006879 179.84428333524403 0
v 694.2075998326682 177.81497413745765 0
v 695.4416564144236 175.75950808893205 0
v 696.6190992489948 173.68015535462857 0
v 697.7393560500788 171.579203282381 0
v 698.8019745503503 169.45894865501194 0
v 699.8066217297879 167.32169006244197 0
v 700.753082484316 165.16972044240043 0
v 701.6412577594813 163.0053198353308 0
v 702.4711621778516 160.83074839565208 0
v 703.242921192304 158.6482396977528 0
v 703.956767800348 156.459994371034 0
v 704.6130388570793 154.26817409404288 0
v 705.2121710262629 152.0748959733268 0
v 705.7546964104306 149.88222732815484 0
v 706.2412379017254 147.69218089776558 0
v 706.672504295579 145.50671048337054 0
v 707.0492852091749 143.32770703282623 0
v 707.372445846071 141.15699517173798 0
v 707.6429216473774 138.9963301808194 0
v 707.861712868514 136.84739541563903 0
v 708.0298791189072 134.7118001614767 0
v 708.1485339000135 132.59107791290364 0
v 708.2188391748715 130.48668506491603 0
v 708.2420000000001 128.4 0
v 708.2420000000001 128.4 0
v 708.2188391748715 126.31331493508397 0
v 708.1485339000135 124.20892208709638 0
v 708.0298791189072 122.08819983852331 0
v 707.861712868514 119.95260458436098 0
v 707.6429216473774 117.80366981918061 0
v 707.372445846071 115.64300482826202 0
v 707.0492852091749 113.47229296717379 0
v 706.6725042955791 111.29328951662944 0
v 706.2412379017254 109.10781910223444 0
v 705.7546964104306 106.9177726718452 0
v 705.2121710262629 104.72510402667324 0
v 704.6130388570793 102.53182590595715 0
v 703.956767800348 100.34000562896598 0
v 703.242921192304 98.1517603022472 0
v 702.4711621778516 95.96925160434793 0
v 701.6412577594813 93.79468016466922 0
v 700.753082484316 91.63027955759964 0
v 699.8066217297879 89.47830993755804 0
v 698.8019745503503 87.34105134498809 0
v 697.7393560500788 85.22079671761902 0
v 696.6190992489948 83.11984464537142 0
v 695.4416564144235 81.04049191106796 0
v 694.2075998326682 78.98502586254237 0
v 692.9176220006879 76.95571666475598 0
v 691.572535222276 74.95480948306938 0
v 690.1732705983685 72.98451665082237 0
v 688.7208764065323 71.04700987579874 0
v 687.2165158702862 69.14441254095554 0
v 685.6614643246411 67.27879215495217 0
v 684.0571057900079 65.45215300750108 0
v 682.4049289723346 63.66642908337948 0
v 680.7065227129099 61.92347728709031 0
v 678.9635709166206 60.225071027665464 0
v 677.177846992499 58.57289420999219 0
v 675.351207845048 56.968535675359 0
v 673.4855874590445 55.41348412971385 0
v 671.5829901242013 53.90912359346771 0
v 669.6454833491777 52.456729401631534 0
v 667.6751905169307 51.05746477772411 0
v 665.674283335244 49.71237799931216 0
v 663.6449741374578 48.4224001673319 0
v 661.589508088932 47.188343585576476 0
v 659.5101553546286 46.0109007510053 0
v 657.4092032823811 44.890643949921284 0
v 655.288948655012 43.828025449649736 0
v 653.1516900624418 42.8233782702121 0
v 650.9997204424005 41.876917515684156 0
v 648.8353198353308 40.98874224051881 0
v 646.660748395652 40.1588378221484 0
v 644.4782396977529 39.38707880769619 0
v 642.289994371034 38.67323219965216 0
v 640.098174094043 38.016961142920806 0
v 637.9048959733268 37.41782897373709 0
v 635.7122273281549 36.87530358956946 0
v 633.5221808977657 36.38876209827471 0
v 631.3367104833706 35.95749570442101 0
v 629.1577070328262 35.58071479082535 0
v 626.9869951717379 35.257554153929085 0
v 624.8263301808195 34.987078352622675 0
v 622.677395415639 34.768287131486055 0
v 620.5418001614767 34.60012088109291 0
v 618.4210779129037 34.48146609998658 0
v 616.316685064916 34.41116082512852 0
v 614.23 34.388000000000005 0
v 614.23 34.388000000000005 0
v 612.1433149350839 34.41116082512852 0
v 610.0389220870964 34.48146609998658 0
v 607.9181998385233 34.60012088109291 0
v 605.782604584361 34.76828713148605 0
v 603.6336698191807 34.987078352622675 0
v 601.4730048282621 35.257554153929085 0
v 599.3022929671739 35.58071479082535 0
v 597.1232895166295 35.95749570442101 0
v 594.9378191022345 36.38876209827471 0
v 592.7477726718453 36.87530358956945 0
v 590.5551040266732 37.41782897373709 0
v 588.3618259059572 38.0169611429208 0
v 586.170005628966 38.67323219965216 0
v 583.9817603022472 39.387078807696184 0
v 581.799251604348 40.1588378221484 0
v 579.6246801646693 40.98874224051881 0
v 577.4602795575997 41.876917515684156 0
v 575.308309937558 42.823378270212096 0
v 573.1710513449881 43.82802544964973 0
v 571.050796717619 44.890643949921284 0
v 568.9498446453714 46.0109007510053 0
v 566.870491911068 47.18834358557647 0
v 564.8150258625424 48.4224001673319 0
v 562.7857166647559 49.71237799931216 0
v 560.7848094830694 51.0574647777241 0
v 558.8145166508224 52.45672940163152 0
v 556.8770098757988 53.90912359346769 0
v 554.9744125409555 55.413484129713844 0
v 553.1087921549522 56.968535675358986 0
v 551.2821530075012 58.572894209992185 0
v 549.4964290833796 60.22507102766544 0
v 547.7534772870904 61.9234772870903 0
v 546.0550710276656 63.66642908337948 0
v 544.4028942099923 65.45215300750108 0
v 542.7985356753591 67.27879215495216 0
v 541.2434841297139 69.14441254095554 0
v 539.7391235934679 71.04700987579872 0
v 538.2867294016315 72.98451665082237 0
v 536.8874647777242 74.95480948306938 0
v 535.5423779993122 76.95571666475597 0
v 534.252400167332 78.98502586254237 0
v 533.0183435855765 81.04049191106795 0
v 531.8409007510054 83.11984464537142 0
v 530.7206439499214 85.22079671761902 0
v 529.6580254496498 87.34105134498807 0
v 528.6533782702121 89.47830993755804 0
v 527.7069175156843 91.63027955759964 0
v 526.8187422405189 93.79468016466922 0
v 525.9888378221484 95.96925160434792 0
v 525.2170788076963 98.1517603022472 0
v 524.5032321996522 100.34000562896598 0
v 523.8469611429209 102.53182590595715 0
v 523.2478289737371 104.72510402667324 0
v 522.7053035895696 106.9177726718452 0
v 522.2187620982747 109.10781910223443 0
v 521.7874957044211 111.29328951662944 0
v 521.4107147908254 113.47229296717379 0
v 521.0875541539291 115.64300482826201 0
v 520.8170783526227 117.80366981918061 0
v 520.5982871314861 119.95260458436098 0
v 520.430120881093 122.08819983852331 0
v 520.3114660999867 124.20892208709638 0
v 520.2411608251286 126.31331493508397 0
v 520.2180000000001 128.4 0
v 520.2180000000001 129.9 0
v 520.2411608251286 131.98668506491603 0
v 520.3114660999867 134.09107791290367 0
v 520.430120881093 136.2118001614767 0
v 520.5982871314861 138.347395415639 0
v 520.8170783526227 140.4963301808194 0
v 521.0875541539292 142.65699517173803 0
v 521.4107147908254 144.82770703282625 0
v 521.7874957044211 147.00671048337057 0
v 522.2187620982747 149.19218089776558 0
v 522.7053035895696 151.38222732815484 0
v 523.2478289737372 153.5748959733268 0
v 523.8469611429209 155.76817409404288 0
v 524.5032321996522 157.95999437103404 0
v 525.2170788076963 160.1482396977528 0
v 525.9888378221484 162.3307483956521 0
v 526.8187422405189 164.50531983533077 0
v 527.7069175156843 166.66972044240038 0
v 528.6533782702121 168.82169006244197 0
v 529.6580254496498 170.95894865501194 0
v 530.7206439499214 173.079203282381 0
v 531.8409007510054 175.1801553546286 0
v 533.0183435855765 177.25950808893205 0
v 534.2524001673319 179.31497413745763 0
v 535.5423779993122 181.34428333524403 0
v 536.8874647777242 183.34519051693064 0
v 538.2867294016315 185.3154833491776 0
v 539.7391235934678 187.25299012420126 0
v 541.2434841297139 189.15558745904445 0
v 542.7985356753591 191.02120784504785 0
v 544.4028942099923 192.84784699249897 0
v 546.0550710276655 194.63357091662053 0
v 547.7534772870904 196.37652271290975 0
v 549.4964290833796 198.07492897233456 0
v 551.2821530075012 199.72710579000787 0
v 553.1087921549522 201.33146432464102 0
v 554.9744125409557 202.88651587028613 0
v 556.8770098757988 204.39087640653227 0
v 558.8145166508224 205.84327059836846 0
v 560.7848094830695 207.24253522227593 0
v 562.785716664756 208.58762200068787 0
v 564.8150258625424 209.87759983266812 0
v 566.870491911068 211.11165641442355 0
v 568.9498446453714 212.28909924899475 0
v 571.050796717619 213.4093560500787 0
v 573.1710513449881 214.4719745503503 0
v 575.308309937558 215.47662172978787 0
v 577.4602795575997 216.42308248431587 0
v 579.6246801646693 217.3112577594812 0
v 581.799251604348 218.14116217785164 0
v 583.9817603022472 218.91292119230383 0
v 586.170005628966 219.62676780034786 0
v 588.3618259059572 220.28303885707925 0
v 590.5551040266732 220.8821710262629 0
v 592.7477726718454 221.42469641043058 0
v 594.9378191022345 221.9112379017253 0
v 597.1232895166295 222.34250429557898 0
v 599.3022929671739 222.71928520917467 0
v 601.4730048282619 223.0424458460709 0
v 603.6336698191806 223.31292164737735 0
v 605.782604584361 223.53171286851398 0
v 607.9181998385233 223.69987911890712 0
v 610.0389220870964 223.81853390001342 0
v 612.1433149350839 223.88883917487146 0
v 614.23 223.912 0
v 614.23 223.912 0
v 616.316685064916 223.8888391748715 0
v 618.4210779129037 223.81853390001342 0
v 620.5418001614767 223.69987911890712 0
v 622.677395415639 223.53171286851398 0
v 624.8263301808194 223.31292164737735 0
v 626.986995171738 223.04244584607093 0
v 629.1577070328262 222.71928520917467 0
v 631.3367104833704 222.34250429557898 0
v 633.5221808977657 221.91123790172531 0
v 635.712227328155 221.42469641043058 0
v 637.9048959733269 220.8821710262629 0
v 640.098174094043 220.28303885707925 0
v 642.289994371034 219.62676780034784 0
v 644.4782396977529 218.91292119230383 0
v 646.6607483956521 218.14116217785164 0
v 648.8353198353308 217.3112577594812 0
v 650.9997204424005 216.42308248431587 0
v 653.1516900624418 215.4766217297879 0
v 655.288948655012 214.4719745503503 0
v 657.4092032823811 213.4093560500787 0
v 659.5101553546286 212.2890992489947 0
v 661.589508088932 211.11165641442352 0
v 663.6449741374578 209.8775998326681 0
v 665.674283335244 208.58762200068787 0
v 667.6751905169307 207.24253522227593 0
v 669.6454833491777 205.84327059836846 0
v 671.5829901242013 204.39087640653233 0
v 673.4855874590445 202.88651587028613 0
v 675.351207845048 201.33146432464102 0
v 677.1778469924991 199.72710579000787 0
v 678.9635709166205 198.07492897233456 0
v 680.7065227129099 196.37652271290972 0
v 682.4049289723346 194.6335709166205 0
v 684.0571057900079 192.84784699249897 0
v 685.6614643246411 191.02120784504785 0
v 687.2165158702862 189.15558745904445 0
v 688.7208764065323 187.25299012420126 0
v 690.1732705983685 185.3154833491776 0
v 691.572535222276 183.34519051693064 0
v 692.9176220006879 181.34428333524403 0
v 694.2075998326682 179.31497413745763 0
v 695.4416564144236 177.25950808893205 0
v 696.6190992489948 175.1801553546286 0
v 697.7393560500788 173.079203282381 0
v 698.8019745503503 170.95894865501194 0
v 699.8066217297879 168.82169006244195 0
v 700.753082484316 166.66972044240038 0
v 701.6412577594813 164.50531983533077 0
v 702.4711621778516 162.3307483956521 0
v 703.242921192304 160.14823969775284 0
v 703.956767800348 157.95999437103404 0
v 704.6130388570793 155.7681740940429 0
v 705.2121710262629 153.5748959733268 0
v 705.7546964104306 151.38222732815484 0
v 706.2412379017254 149.19218089776558 0
v 706.672504295579 147.00671048337057 0
v 707.0492852091749 144.82770703282625 0
v 707.372445846071 142.65699517173798 0
v 707.6429216473774 140.4963301808194 0
v 707.861712868514 138.347395415639 0
v 708.0298791189072 136.2118001614767 0
v 708.1485339000135 134.09107791290364 0
v 708.2188391748715 131.98668506491603 0
v 708.2420000000001 129.9 0
v 708.2420000000001 129.9 0
v 708.2188391748715 127.81331493508397 0
v 708.1485339000135 125.70892208709638 0
v 708.0298791189072 123.58819983852332 0
v 707.861712868514 121.45260458436098 0
v 707.6429216473774 119.30366981918063 0
v 707.372445846071 117.14300482826202 0
v 707.0492852091749 114.9722929671738 0
v 706.6725042955791 112.79328951662946 0
v 706.2412379017254 110.60781910223443 0
v 705.7546964104306 108.4177726718452 0
v 705.2121710262629 106.22510402667322 0
v 704.6130388570793 104.03182590595713 0
v 703.956767800348 101.84000562896598 0
v 703.242921192304 99.6517603022472 0
v 702.4711621778516 97.46925160434792 0
v 701.6412577594813 95.29468016466922 0
v 700.753082484316 93.13027955759964 0
v 699.8066217297879 90.97830993755804 0
v 698.8019745503503 88.84105134498809 0
v 697.7393560500788 86.72079671761902 0
v 696.6190992489948 84.61984464537143 0
v 695.4416564144235 82.54049191106795 0
v 694.2075998326682 80.48502586254237 0
v 692.9176220006879 78.45571666475598 0
v 691.572535222276 76.45480948306938 0
v 690.1732705983685 74.48451665082237 0
v 688.7208764065323 72.54700987579874 0
v 687.2165158702862 70.64441254095554 0
v 685.6614643246411 68.77879215495217 0
v 684.0571057900079 66.95215300750108 0
v 682.4049289723346 65.16642908337947 0
v 680.7065227129099 63.42347728709031 0
v 678.9635709166206 61.725071027665464 0
v 677.177846992499 60.07289420999219 0
v 675.351207845048 58.468535675359 0
v 673.4855874590445 56.91348412971385 0
v 671.5829901242013 55.4091235934677 0
v 669.6454833491777 53.95672940163153 0
v 667.6751905169307 52.55746477772411 0
v 665.674283335244 51.21237799931217 0
v 663.6449741374578 49.9224001673319 0
v 661.589508088932 48.68834358557647 0
v 659.5101553546286 47.51090075100531 0
v 657.4092032823811 46.390643949921284 0
v 655.288948655012 45.328025449649736 0
v 653.1516900624418 44.3233782702121 0
v 650.9997204424005 43.37691751568417 0
v 648.8353198353308 42.48874224051881 0
v 646.660748395652 41.6588378221484 0
v 644.4782396977529 40.88707880769619 0
v 642.289994371034 40.17323219965216 0
v 640.098174094043 39.5169611429208 0
v 637.9048959733268 38.91782897373709 0
v 635.7122273281549 38.375303589569455 0
v 633.5221808977657 37.88876209827471 0
v 631.3367104833706 37.457495704421014 0
v 629.1577070328262 37.08071479082535 0
v 626.9869951717379 36.757554153929085 0
v 624.8263301808195 36.487078352622675 0
v 622.677395415639 36.268287131486055 0
v 620.5418001614767 36.10012088109291 0
v 618.4210779129037 35.98146609998658 0
v 616.316685064916 35.91116082512852 0
v 614.23 35.888000000000005 0
v 614.23 35.888000000000005 0
v 612.1433149350839 35.91116082512852 0
v 610.0389220870964 35.98146609998658 0
v 607.9181998385233 36.10012088109291 0
v 605.782604584361 36.26828713148605 0
v 603.6336698191807 36.48707835262267 0
v 601.4730048282621 36.757554153929085 0
v 599.3022929671739 37.08071479082535 0
v 597.1232895166295 37.457495704421014 0
v 594.9378191022345 37.888762098274704 0
v 592.7477726718453 38.375303589569455 0
v 590.5551040266732 38.91782897373708 0
v 588.3618259059572 39.5169611429208 0
v 586.170005628966 40.17323219965216 0
v 583.9817603022472 40.887078807696184 0
v 581.799251604348 41.65883782214839 0
v 579.6246801646693 42.4887422405188 0
v 577.4602795575997 43.376917515684156 0
v 575.308309937558 44.323378270212096 0
v 573.1710513449881 45.32802544964973 0
v 571.050796717619 46.390643949921284 0
v 568.9498446453714 47.5109007510053 0
v 566.870491911068 48.68834358557647 0
v 564.8150258625424 49.9224001673319 0
v 562.7857166647559 51.21237799931216 0
v 560.7848094830694 52.5574647777241 0
v 558.8145166508224 53.95672940163152 0
v 556.8770098757988 55.4091235934677 0
v 554.9744125409555 56.91348412971385 0
v 553.1087921549522 58.468535675359 0
v 551.2821530075012 60.072894209992185 0
v 549.4964290833796 61.72507102766544 0
v 547.7534772870904 63.42347728709031 0
v 546.0550710276656 65.16642908337947 0
v 544.4028942099923 66.95215300750107 0
v 542.7985356753591 68.77879215495216 0
v 541.2434841297139 70.64441254095553 0
v 539.7391235934679 72.54700987579872 0
v 538.2867294016315 74.48451665082237 0
v 536.8874647777242 76.45480948306937 0
v 535.5423779993122 78.45571666475597 0
v 534.252400167332 80.48502586254237 0
v 533.0183435855765 82.54049191106793 0
v 531.8409007510054 84.6198446453714 0
v 530.7206439499214 86.72079671761902 0
v 529.6580254496498 88.84105134498807 0
v 528.6533782702121 90.97830993755804 0
v 527.7069175156843 93.13027955759964 0
v 526.8187422405189 95.29468016466922 0
v 525.9888378221484 97.46925160434792 0
v 525.2170788076963 99.6517603022472 0
v 524.5032321996522 101.84000562896598 0
v 523.8469611429209 104.03182590595715 0
v 523.2478289737371 106.22510402667322 0
v 522.7053035895696 108.4177726718452 0
v 522.2187620982747 110.60781910223443 0
v 521.7874957044211 112.79328951662944 0
v 521.4107147908254 114.9722929671738 0
v 521.0875541539291 117.14300482826201 0
v 520.8170783526227 119.30366981918061 0
v 520.5982871314861 121.45260458436098 0
v 520.430120881093 123.58819983852331 0
v 520.3114660999867 125.70892208709638 0
v 520.2411608251286 127.81331493508397 0
v 520.2180000000001 129.9 0
v 498.22 388.23 0
v 498.24858022115257 390.8049514476644 0
v 498.3353362885309 393.4017541487592 0
v 498.48175523159114 396.01870719113987 0
v 498.6892709028057 398.65401339589056 0
v 498.959257353472 401.30578044387863 0
v 499.2930221325852 403.97202249088383 0
v 499.69179954680675 406.6506622905824 0
v 500.1567439224953 409.3395338416348 0
v 500.68892291347424 412.03638557169705 0
v 501.2893109006282 414.7388840673323 0
v 501.9587825314936 417.44461835459987 0
v 502.6981064496852 420.1511047305355 0
v 503.50793926521436 422.85579214088204 0
v 504.3888198174727 425.5560680943047 0
v 505.341163782808 428.24926509799974 0
v 506.3652586781966 430.9326675941409 0
v 507.4612593114582 433.60351937106674 0
v 508.62918372675904 436.25903141758283 0
v 509.8689096917949 438.8963901833087 0
v 511.1801717700195 441.5127662027211 0
v 512.5625590176179 444.1053230355384 0
v 514.0155133406219 446.6712264714205 0
v 515.5383285426709 449.2076539427204 0
v 517.1301500884823 451.7118040853071 0
v 518.7899756021636 454.18090638434046 0
v 520.5166561131642 456.6122308394116 0
v 522.3088980559718 459.00309758169846 0
v 524.1652660227516 461.3508863748001 0
v 526.0841862610451 463.65304593071943 0
v 528.0639509015389 465.90710297309795 0
v 530.1027228938609 468.11067098126443 0
v 532.1985416214839 470.2614585509458 0
v 534.3493291602116 472.35727731056534 0
v 536.5528971384978 474.39604933589396 0
v 538.8069541520979 476.3758140103699 0
v 541.1091136803666 478.2947342835847 0
v 543.4569024469691 480.1511022861864 0
v 545.84776916393 481.94334426567684 0
v 548.2790935948667 483.6700248141797 0
v 550.7481958709739 485.32985036614076 0
v 553.2523459918559 486.9216719509646 0
v 555.7887734426844 488.444487192715 0
v 558.3546768593366 489.8974415560632 0
v 560.9472336741717 491.2798288446025 0
v 563.5636096768529 492.5910909643179 0
v 566.2009684271001 493.8308169713476 0
v 568.8564804593885 494.998741429098 0
v 571.5273322233336 496.09474210521734 0
v 574.2107347077352 497.11883704382507 0
v 576.9039317009234 498.07118105269365 0
v 579.6042076450614 498.9520616487531 0
v 582.308895047333 499.7618945083054 0
v 585.0153814163888 500.50121847069653 0
v 587.7211156979553 501.17069014589384 0
v 590.4236141890503 501.7710781774682 0
v 593.1204659157129 502.3032572129138 0
v 595.8093374644853 502.76820163307326 0
v 598.4879772630006 503.1669790917301 0
v 601.1542193098958 503.5007439152041 0
v 603.8059863588211 503.7707304101188 0
v 606.4412925655306 503.9782461254332 0
v 609.0582456108643 504.12466511240984 0
v 611.6550483158787 504.21142122348783 0
v 614.2299997684004 504.2400014880915 0
v 614.2299997684004 504.2400014880915 0
v 616.8049512210362 504.21142123365485 0
v 619.4017539263969 504.1246651325988 0
v 622.0187069723154 503.97824615548643 0
v 624.6540131798533 503.77073044986565 0
v 627.3057802298569 503.5007439644608 0
v 629.9720222780844 503.1669791502999 0
v 632.6506620781918 502.76820170074586 0
v 635.3395336288207 502.303257289466 0
v 638.0363853576082 501.7710782626634 0
v 640.7388838511004 501.1706902394822 0
v 643.4446181353399 500.50121857241527 0
v 646.1511045073477 499.76189461787857 0
v 648.8557919128527 498.9520617658919 0
v 651.5560678605079 498.0711811770969 0
v 654.2492648574987 497.11883717517907 0
v 656.9326673459891 496.09474224319644 0
v 659.6035191143103 494.9987415733652 0
v 662.259031151262 493.83081712155433 0
v 664.896389906459 492.5910911201051 0
v 667.5127659143759 491.2798290056006 0
v 670.1053227347304 489.8974417218932 0
v 672.6712261571839 488.44448736298887 0
v 675.2076536140925 486.9216721252855 0
v 677.7118037413304 485.3298505441044 0
v 680.1809060240647 483.67002499537466 0
v 682.6122304618958 481.9433444496851 0
v 685.0030971860124 480.15110247258497 0
v 687.3508859600272 478.29473447194533 0
v 689.6530454959576 476.37581420026066 0
v 691.9071025174624 474.3960495268799 0
v 694.1106705038889 472.35727750220923 0
v 696.2614580509849 470.2614587428093 0
v 698.3572767871952 468.1106711729083 0
v 700.3960487883155 465.9071031640839 0
v 702.3758134378091 463.65304612061027 0
v 704.2947336852948 461.3508865631607 0
v 706.1511016614487 459.00309776809695 0
v 707.9433436138023 456.61223102342 0
v 709.6700241345105 454.18090656553534 0
v 711.3298496580506 451.7118042632707 0
v 712.9216712138602 449.20765411704133 0
v 714.4444864260367 446.6712266416942 0
v 715.8974407592857 444.10532320136844 0
v 717.2798280172356 441.5127663637192 0
v 718.5910901059066 438.8963903390959 0
v 719.8308160814728 436.2590315677896 0
v 720.9987405073766 433.60351951533386 0
v 722.0947411513021 430.9326677321201 0
v 723.118836057405 428.2492652293538 0
v 724.0711800334934 425.5560682187078 0
v 724.9520605965333 422.8557922580208 0
v 725.7618934228617 420.1511048401086 0
v 726.5012173518594 417.4446184563186 0
v 727.1706889935282 414.73888416092075 0
v 727.7710769914728 412.0363856568922 0
v 728.3032559932196 409.33953391818704 0
v 728.7682003796441 406.650662358255 0
v 729.1669778045607 403.9720225494536 0
v 729.5007425943196 401.3057804931353 0
v 729.7707290555737 398.65401343563735 0
v 729.9782447373104 396.01870722119315 0
v 730.1246636908195 393.4017541689483 0
v 730.2114197685663 390.80495145783146 0
v 730.24 388.23 0
v 730.24 388.23 0
v 730.2114197788474 385.65504855233564 0
v 730.1246637114691 383.0582458512407 0
v 729.9782447684089 380.44129280886017 0
v 729.7707290971942 377.8059866041094 0
v 729.500742646528 375.15421955612146 0
v 729.1669778674147 372.4879775091161 0
v 728.7682004531933 369.8093377094176 0
v 728.3032560775048 367.1204661583652 0
v 727.7710770865257 364.42361442830304 0
v 727.1706890993717 361.72111593266783 0
v 726.5012174685062 359.01538164540017 0
v 725.7618935503149 356.30889526946464 0
v 724.9520607347855 353.60420785911805 0
v 724.0711801825273 350.90393190569546 0
v 723.1188362171921 348.21073490200035 0
v 722.0947413218034 345.5273324058591 0
v 720.998740688542 342.85648062893347 0
v 719.8308162732411 340.2009685824172 0
v 718.591090308205 337.5636098166913 0
v 717.2798282299807 334.947233797279 0
v 715.8974409823822 332.3546769644617 0
v 714.4444866593783 329.7887735285796 0
v 712.921671457329 327.25234605727957 0
v 711.3298499115181 324.748195914693 0
v 709.6700243978364 322.2790936156596 0
v 707.9433438868358 319.8477691605885 0
v 706.1511019440283 317.4569024183016 0
v 704.2947339772485 315.10911362519994 0
v 702.375813738955 312.80695406928055 0
v 700.3960490984612 310.5528970269021 0
v 698.3572771061392 308.3493290187356 0
v 696.2614583785163 306.1985414490542 0
v 694.1106708397884 304.1027226894347 0
v 691.9071028615024 302.0639506641062 0
v 689.6530458479023 300.0841859896301 0
v 687.3508863196334 298.1652657164153 0
v 685.0030975530308 296.3088977138136 0
v 682.6122308360701 294.51665573432325 0
v 680.1809064051332 292.7899751858202 0
v 677.7118041290263 291.13014963385933 0
v 675.2076540081441 289.53832804903533 0
v 672.6712265573157 288.015512807285 0
v 670.1053231406636 286.5625584439369 0
v 667.5127663258286 285.1801711553976 0
v 664.8963903231471 283.8689090356821 0
v 662.2590315729 282.62918302865245 0
v 659.6035195406117 281.46125857090215 0
v 656.9326677766666 280.36525789478276 0
v 654.249265292265 279.3411629561751 0
v 651.5560682990767 278.3888189473065 0
v 648.8557923549388 277.50793835124693 0
v 646.1511049526672 276.69810549169466 0
v 643.4446185836113 275.9587815293035 0
v 640.7388843020449 275.2893098541062 0
v 638.0363858109499 274.6889218225318 0
v 635.3395340842873 274.1567427870863 0
v 632.6506625355148 273.6917983669267 0
v 629.9720227369994 273.29302090826985 0
v 627.3057806901045 272.9592560847959 0
v 624.654013641179 272.68926958988123 0
v 622.0187074344694 272.4817538745668 0
v 619.4017543891357 272.3353348875902 0
v 616.8049516841214 272.24857877651215 0
v 614.2300002315998 272.21999851190856 0
v 614.2300002315998 272.21999851190856 0
v 611.6550487789641 272.24857876634513 0
v 609.0582460736032 272.3353348674012 0
v 606.4412930276848 272.48175384451355 0
v 603.8059868201468 272.6892695501343 0
v 601.1542197701434 272.95925603553917 0
v 598.4879777219157 273.29302084970016 0
v 595.809337921808 273.6917982992541 0
v 593.1204663711793 274.15674271053405 0
v 590.4236146423918 274.68892173733656 0
v 587.7211161488997 275.28930976051777 0
v 585.0153818646602 275.95878142758477 0
v 582.3088954926525 276.6981053821215 0
v 579.6042080871473 277.5079382341081 0
v 576.9039321394923 278.3888188229032 0
v 574.2107351425016 279.341162824821 0
v 571.5273326540109 280.3652577568035 0
v 568.85648088569 281.46125842663486 0
v 566.2009688487383 282.62918287844565 0
v 563.5636100935411 283.86890887989495 0
v 560.9472340856242 285.1801709943994 0
v 558.3546772652696 286.5625582781068 0
v 555.7887738428162 288.0155126370111 0
v 553.2523463859075 289.5383278747144 0
v 550.7481962586697 291.13014945589566 0
v 548.2790939759353 292.7899750046254 0
v 545.8477695381042 294.5166555503149 0
v 543.4569028139874 296.30889752741507 0
v 541.109114039973 298.1652655280547 0
v 538.8069545040423 300.08418579973926 0
v 536.5528974825376 302.06395047312014 0
v 534.3493294961111 304.10272249779075 0
v 532.1985419490152 306.1985412571907 0
v 530.1027232128048 308.34932882709165 0
v 528.0639512116845 310.5528968359161 0
v 526.0841865621908 312.80695387938977 0
v 524.1652663147054 315.1091134368393 0
v 522.3088983385513 317.45690223190303 0
v 520.5166563861976 319.8477689765801 0
v 518.7899758654894 322.2790934344647 0
v 517.1301503419495 324.7481957367293 0
v 515.5383287861397 327.25234588295865 0
v 514.0155135739633 329.7887733583057 0
v 512.5625592407142 332.3546767986316 0
v 511.18017198276453 334.9472336362808 0
v 509.8689098940934 337.5636096609041 0
v 508.6291839185272 340.20096843221046 0
v 507.46125949262347 342.85648048466624 0
v 506.36525884869786 345.5273322678799 0
v 505.3411639425951 348.21073477064624 0
v 504.38881996650656 350.90393178129216 0
v 503.50793940346665 353.6042077419792 0
v 502.69810657713833 356.30889515989145 0
v 501.9587826481404 359.0153815436814 0
v 501.2893110064717 361.7211158390793 0
v 500.6889230085273 364.42361434310783 0
v 500.1567440067804 367.120466081813 0
v 499.6917996203559 369.809337641745 0
v 499.2930221954393 372.4879774505464 0
v 498.95925740568043 375.1542195068648 0
v 498.68927094442626 377.8059865643626 0
v 498.48175526268955 380.4412927788068 0
v 498.3353363091805 383.05824583105175 0
v 498.2485802314338 385.6550485421686 0
v 498.22 388.23 0
v 497.17 381.43 0
v 497.1988388833314 384.028257206957 0
v 497.2863801595673 386.648563442551 0
v 497.43412431722214 389.2892023997627 0
v 497.6435181865253 391.94836063349385 0
v 497.915948255274 394.6241286973175 0
v 498.25273390705405 397.31450277322625 0
v 498.65512062020497 400.01738681383046 0
v 499.1242731688657 402.7305952134054 0
v 499.6612688701709 405.45185602072064 0
v 500.2670909241069 408.1788147027111 0
v 500.94262189462984 410.90903846380854 0
v 501.68863738233665 413.64002112115253 0
v 502.5057999402103 416.3691885309944 0
v 503.39465328467566 419.0939045564415 0
v 504.3556168543702 421.8114775613146 0
v 505.38898076859465 424.5191674093757 0
v 506.4949012363469 427.2141929425942 0
v 507.67339646512863 429.89373990653814 0
v 508.9243431163338 432.5549692854844 0
v 510.2474733509772 435.1950260045187 0
v 511.64237250582426 437.8110479508396 0
v 513.1084774356356 440.4001752617689 0
v 514.6450755523097 442.95955982269834 0
v 516.2513045862121 445.4863749144471 0
v 517.9261530889984 447.9778249463407 0
v 519.6684616908412 450.4311552088295 0
v 521.4769251182286 452.8436615776902 0
v 523.3500949715146 455.2127001008507 0
v 525.2863832542772 457.53569639869255 0
v 527.2840666393515 459.81015480931575 0
v 529.3412914493002 462.03366721173103 0
v 531.4560793221378 464.20392146224214 0
v 533.6263335264613 466.31870938239473 0
v 535.8498458838623 468.3759342407378 0
v 538.1243042506878 470.3736176752355 0
v 540.4473005059895 472.3099060083985 0
v 542.8163389879054 474.183075913008 0
v 545.2288453168528 475.9915393925865 0
v 547.6821755407921 477.7338480474316 0
v 550.173625535529 479.40869660397277 0
v 552.7004405915407 481.014925692324 0
v 555.2598251181763 482.55152386408145 0
v 557.8489523962749 484.01762884955014 0
v 560.4649743112457 485.4125280605681 0
v 563.1050310004243 486.73565835183535 0
v 565.76626035102 487.9866050600564 0
v 568.4458072881267 489.1651003461862 0
v 571.1408327960257 490.27102087155805 0
v 573.8485226202871 491.30438484361514 0
v 576.5660956028786 492.2653484712964 0
v 579.2908116075583 493.154201873845 0
v 582.0199789981405 493.97136448984213 0
v 584.7509616377225 494.7173800356577 0
v 587.481185382544 495.3929110642206 0
v 590.2081440497298 495.99873317607563 0
v 592.9294048436952 496.5357289351283 0
v 595.6426132313561 497.00488154131637 0
v 598.3454972614607 497.4072683117269 0
v 601.0358713282618 497.74405402045414 0
v 603.711639384345 498.0164841457939 0
v 606.3707976116763 498.2258780712911 0
v 609.0114365638012 498.3736222847037 0
v 611.6317427955923 498.46116361622376 0
v 614.23 498.49000255433094 0
v 614.23 498.49000255433094 0
v 616.8282572044077 498.46116361622376 0
v 619.4485634361989 498.3736222847037 0
v 622.0892023883237 498.22587807129116 0
v 624.7483606156551 498.01648414579387 0
v 627.4241286717381 497.74405402045414 0
v 630.1145027385393 497.40726831172697 0
v 632.8173867686439 497.00488154131637 0
v 635.5305951563049 496.5357289351283 0
v 638.2518559502703 495.9987331760757 0
v 640.9788146174562 495.3929110642206 0
v 643.7090383622775 494.71738003565764 0
v 646.4400210018597 493.97136448984213 0
v 649.1691883924416 493.154201873845 0
v 651.8939043971214 492.2653484712965 0
v 654.6114773797129 491.30438484361514 0
v 657.3191672039741 490.2710208715581 0
v 660.0141927118734 489.1651003461862 0
v 662.6937396489798 487.98660506005643 0
v 665.3549689995756 486.73565835183535 0
v 667.9950256887543 485.4125280605681 0
v 670.6110476037251 484.01762884955014 0
v 673.2001748818236 482.55152386408145 0
v 675.7595594084593 481.01492569232397 0
v 678.2863744644709 479.4086966039727 0
v 680.777824459208 477.7338480474316 0
v 683.231154683147 475.99153939258645 0
v 685.6436610120943 474.183075913008 0
v 688.0126994940106 472.3099060083985 0
v 690.3356957493122 470.3736176752355 0
v 692.6101541161378 468.3759342407378 0
v 694.8336664735386 466.3187093823947 0
v 697.0039206778623 464.2039214622422 0
v 699.1187085506997 462.03366721173103 0
v 701.1759333606486 459.81015480931575 0
v 703.1736167457227 457.53569639869255 0
v 705.1099050284853 455.2127001008507 0
v 706.9830748817714 452.8436615776902 0
v 708.7915383091586 450.4311552088295 0
v 710.5338469110017 447.9778249463407 0
v 712.2086954137878 445.4863749144471 0
v 713.8149244476901 442.9595598226984 0
v 715.3515225643645 440.4001752617689 0
v 716.8176274941758 437.8110479508396 0
v 718.2125266490227 435.19502600451875 0
v 719.5356568836662 432.55496928548433 0
v 720.7866035348712 429.8937399065381 0
v 721.9650987636531 427.21419294259425 0
v 723.0710192314052 424.5191674093757 0
v 724.1043831456298 421.8114775613146 0
v 725.0653467153245 419.0939045564415 0
v 725.9542000597896 416.3691885309944 0
v 726.7713626176634 413.64002112115253 0
v 727.5173781053701 410.90903846380854 0
v 728.192909075893 408.1788147027111 0
v 728.798731129829 405.4518560207207 0
v 729.3357268311343 402.7305952134054 0
v 729.8048793797951 400.0173868138304 0
v 730.2072660929459 397.3145027732262 0
v 730.544051744726 394.62412869731753 0
v 730.8164818134748 391.94836063349385 0
v 731.0258756827778 389.2892023997627 0
v 731.1736198404327 386.648563442551 0
v 731.2611611166685 384.02825720695694 0
v 731.29 381.43 0
v 731.29 381.43 0
v 731.2611610625288 378.8317428232665 0
v 731.1736197329656 376.2114366199581 0
v 731.0258755229041 373.57079769707633 0
v 730.8164816022236 370.9116394996947 0
v 730.544051483236 368.2358714742084 0
v 730.2072657824646 365.54549743858604 0
v 729.8048790216781 362.8426134401711 0
v 729.3357264268442 360.1294050846343 0
v 728.7987306809339 357.4081443231456 0
v 728.1929085840637 354.6811856887015 0
v 727.5173775723773 351.95096197679413 0
v 726.7713620453738 349.2199793702011 0
v 725.9541994501628 346.490812012581 0
v 725.0653460704069 343.7660960407295 0
v 724.1043824675501 341.04852309072214 0
v 723.0710185223679 338.3408332986872 0
v 721.9650980259331 335.64580782253984 0
v 720.7866027708054 332.9662609165909 0
v 719.5356560956474 330.30503159643774 0
v 718.2125258394908 327.6649749368642 0
v 716.8176266656101 325.048953050538 0
v 715.3515217192743 322.45982580000015 0
v 713.814923588607 319.90044129971926 0
v 712.2086945432553 317.37362626873517 0
v 710.5338460315663 314.8821762975801 0
v 708.7915374233609 312.4288460956608 0
v 706.9830739921357 310.0163397870591 0
v 705.1099041375111 307.6473013237061 0
v 703.1736158558745 305.3243050850817 0
v 701.175932474347 303.0498467329498 0
v 699.1187076703131 300.8263343881675 0
v 697.0039198056973 298.6560801943028 0
v 694.8336656118324 296.5412923296868 0
v 692.6101532670502 294.484067525653 0
v 690.3356949149182 292.48638414412545 0
v 688.0126986762939 290.5500958624889 0
v 685.6436602129409 288.6769260078642 0
v 683.2311539043391 286.868462576639 0
v 680.7778237024199 285.12615396843364 0
v 678.2863737312648 283.4513054567447 0
v 675.7595587002808 281.84507641139294 0
v 673.2001741999998 280.3084782807257 0
v 670.611046949462 278.84237333439006 0
v 667.9950250631357 277.44747416050916 0
v 665.3549684035622 276.1243439043526 0
v 662.6937390834089 274.87339722919444 0
v 660.0141921774602 273.694901974067 0
v 657.3191667013127 272.5889814776319 0
v 654.6114769092779 271.55561753245 0
v 651.8939039592706 270.5946539295932 0
v 649.169187987419 269.7058005498371 0
v 646.440020629799 268.8886379546261 0
v 643.709038023206 268.14262242762265 0
v 640.9788143112986 267.4670914159363 0
v 638.2518556768545 266.861269319066 0
v 635.5305949153657 266.32427357315584 0
v 632.817386559829 265.8551209783221 0
v 630.1145025614138 265.4527342175354 0
v 627.4241285257915 265.1159485167639 0
v 624.7483605003052 264.84351839777645 0
v 622.0892023029237 264.63412447709584 0
v 619.448563380042 264.4863802670343 0
v 616.8282571767336 264.39883893747117 0
v 614.23 264.37 0
v 614.23 264.37 0
v 611.6317428232664 264.39883893747117 0
v 609.0114366199581 264.4863802670343 0
v 606.3707976970762 264.6341244770959 0
v 603.7116394996947 264.84351839777645 0
v 601.0358714742083 265.1159485167639 0
v 598.3454974385861 265.4527342175354 0
v 595.6426134401711 265.8551209783221 0
v 592.9294050846343 266.32427357315584 0
v 590.2081443231456 266.861269319066 0
v 587.4811856887015 267.4670914159363 0
v 584.750961976794 268.1426224276227 0
v 582.0199793702011 268.8886379546261 0
v 579.290812012581 269.7058005498371 0
v 576.5660960407295 270.5946539295932 0
v 573.8485230907221 271.55561753245 0
v 571.1408332986871 272.5889814776319 0
v 568.4458078225398 273.694901974067 0
v 565.7662609165908 274.87339722919444 0
v 563.1050315964377 276.1243439043526 0
v 560.4649749368642 277.44747416050916 0
v 557.848953050538 278.84237333439006 0
v 555.2598258000002 280.30847828072564 0
v 552.7004412997193 281.84507641139294 0
v 550.1736262687352 283.45130545674465 0
v 547.6821762975801 285.12615396843364 0
v 545.2288460956607 286.868462576639 0
v 542.816339787059 288.67692600786415 0
v 540.4473013237061 290.5500958624889 0
v 538.1243050850817 292.48638414412545 0
v 535.8498467329498 294.484067525653 0
v 533.6263343881674 296.5412923296868 0
v 531.4560801943028 298.6560801943028 0
v 529.3412923296868 300.8263343881675 0
v 527.2840675256529 303.0498467329498 0
v 525.2863841441255 305.3243050850817 0
v 523.3500958624888 307.6473013237061 0
v 521.4769260078642 310.0163397870591 0
v 519.668462576639 312.4288460956608 0
v 517.9261539684336 314.8821762975801 0
v 516.2513054567447 317.3736262687352 0
v 514.6450764113929 319.90044129971926 0
v 513.1084782807256 322.45982580000015 0
v 511.6423733343901 325.048953050538 0
v 510.2474741605091 327.6649749368642 0
v 508.9243439043526 330.30503159643774 0
v 507.6733972291944 332.9662609165909 0
v 506.494901974067 335.64580782253984 0
v 505.3889814776319 338.34083329868713 0
v 504.35561753244997 341.04852309072214 0
v 503.39465392959323 343.7660960407295 0
v 502.505800549837 346.4908120125809 0
v 501.6886379546261 349.2199793702011 0
v 500.9426224276226 351.95096197679413 0
v 500.2670914159363 354.6811856887015 0
v 499.661269319066 357.4081443231456 0
v 499.12427357315573 360.1294050846343 0
v 498.6551209783221 362.84261344017114 0
v 498.2527342175353 365.54549743858604 0
v 497.9159485167639 368.2358714742084 0
v 497.6435183977764 370.9116394996947 0
v 497.43412447709585 373.5707976970763 0
v 497.2863802670342 376.2114366199581 0
v 497.1988389374712 378.8317428232665 0
v 497.16999999999996 381.43 0
v 498.08000000000004 381.43 0
v 498.10861474959245 384.00805886791045 0
v 498.1954755511365 386.6079953578666 0
v 498.34207122855537 389.2281065050793 0
v 498.5498373646142 391.8665929618184 0
v 498.82014966873516 394.5215601253263 0
v 499.1543172677836 397.1910197548969 0
v 499.553575957903 399.87289209742124 0
v 500.0190814584149 402.5650085376706 0
v 500.55190271151145 405.26511478614935 0
v 501.1530152738852 407.9708746135087 0
v 501.8232948485254 410.6798741363008 0
v 502.5635110065764 413.3896266542897 0
v 503.3743211503808 416.0975780346722 0
v 504.25626476953914 418.8011126334297 0
v 505.20975804197906 421.4975597387035 0
v 506.2350888315987 424.1842005156115 0
v 507.3324121329907 426.8582754263797 0
v 508.5017460120531 429.5169920941224 0
v 509.74296808893354 432.15753357315697 0
v 511.05581260672426 434.7770669834548 0
v 512.439868125657 437.3727524618146 0
v 513.894575878236 439.9417523776695 0
v 515.419228815849 442.48124075719807 0
v 517.0129713719537 444.9884128556844 0
v 518.6747999609908 447.46049481493316 0
v 520.4035642258382 449.8947533400734 0
v 522.1979690399234 452.28850532831956 0
v 524.0565772631819 454.6391273812706 0
v 525.977813243979 456.94406513213534 0
v 527.9599670519785 459.20084231990336 0
v 530.0011994198969 461.4070695439463 0
v 532.0995473651826 463.5604526348176 0
v 534.2529304560537 465.6588005801032 0
v 536.4591576800967 467.7000329480217 0
v 538.7159348678648 469.6821867560211 0
v 541.0208726187294 471.603422736818 0
v 543.3714946716805 473.4620309600767 0
v 545.7652466599266 475.25643577416173 0
v 548.1995051850669 476.98520003900944 0
v 550.6715871443157 478.6470286280465 0
v 553.178759242802 480.240771184151 0
v 555.7182476223306 481.7654241217642 0
v 558.2872475381855 483.22013187434305 0
v 560.8829330165453 484.6041873932758 0
v 563.5024664268431 485.91703191106654 0
v 566.1430079058777 487.15825398794686 0
v 568.8017245736204 488.32758786700947 0
v 571.4757994843885 489.4249111684013 0
v 574.1624402612965 490.45024195802097 0
v 576.8588873665703 491.40373523046094 0
v 579.5624219653278 492.2856788496192 0
v 582.2703733457105 493.09648899342375 0
v 584.9801258636993 493.83670515147475 0
v 587.6891253864914 494.50698472611487 0
v 590.3948852138507 495.1080972884887 0
v 593.0949914623294 495.64091854158517 0
v 595.7871079025789 496.1064240420972 0
v 598.4689802451031 496.5056827322165 0
v 601.1384398746737 496.839850331265 0
v 603.7934070381815 497.1101626353859 0
v 606.4318934949207 497.31792877144477 0
v 609.0520046421334 497.46452444886364 0
v 611.6519411320895 497.5513852504077 0
v 614.23 497.58000000000004 0
v 614.23 497.58000000000004 0
v 616.8080588679104 497.55138525040763 0
v 619.4079953578666 497.46452444886364 0
v 622.0281065050793 497.31792877144477 0
v 624.6665929618184 497.1101626353859 0
v 627.3215601253263 496.839850331265 0
v 629.9910197548969 496.50568273221654 0
v 632.6728920974214 496.1064240420972 0
v 635.3650085376706 495.64091854158517 0
v 638.0651147861493 495.1080972884887 0
v 640.7708746135088 494.50698472611487 0
v 643.4798741363009 493.83670515147475 0
v 646.1896266542898 493.09648899342375 0
v 648.8975780346723 492.2856788496192 0
v 651.6011126334297 491.40373523046094 0
v 654.2975597387035 490.45024195802097 0
v 656.9842005156116 489.4249111684013 0
v 659.6582754263796 488.32758786700947 0
v 662.3169920941224 487.15825398794686 0
v 664.9575335731571 485.91703191106654 0
v 667.5770669834549 484.6041873932758 0
v 670.1727524618148 483.220131874343 0
v 672.7417523776695 481.7654241217643 0
v 675.2812407571981 480.240771184151 0
v 677.7884128556843 478.64702862804637 0
v 680.2604948149332 476.98520003900944 0
v 682.6947533400734 475.25643577416173 0
v 685.0885053283196 473.4620309600767 0
v 687.4391273812707 471.603422736818 0
v 689.7440651321353 469.68218675602105 0
v 692.0008423199034 467.7000329480217 0
v 694.2070695439463 465.6588005801032 0
v 696.3604526348176 463.5604526348175 0
v 698.4588005801032 461.4070695439463 0
v 700.5000329480218 459.2008423199034 0
v 702.4821867560212 456.9440651321354 0
v 704.403422736818 454.6391273812706 0
v 706.2620309600767 452.28850532831956 0
v 708.0564357741619 449.8947533400734 0
v 709.7852000390094 447.46049481493316 0
v 711.4470286280464 444.9884128556843 0
v 713.0407711841511 442.481240757198 0
v 714.5654241217643 439.9417523776695 0
v 716.0201318743431 437.3727524618146 0
v 717.404187393276 434.7770669834548 0
v 718.7170319110667 432.15753357315697 0
v 719.958253987947 429.5169920941224 0
v 721.1275878670095 426.8582754263797 0
v 722.2249111684014 424.1842005156115 0
v 723.2502419580211 421.4975597387035 0
v 724.2037352304611 418.80111263342974 0
v 725.0856788496193 416.0975780346722 0
v 725.8964889934239 413.3896266542897 0
v 726.6367051514749 410.6798741363008 0
v 727.306984726115 407.9708746135087 0
v 727.9080972884888 405.26511478614935 0
v 728.4409185415851 402.5650085376706 0
v 728.9064240420975 399.8728920974213 0
v 729.3056827322165 397.19101975489684 0
v 729.639850331265 394.5215601253263 0
v 729.910162635386 391.8665929618184 0
v 730.1179287714448 389.2281065050793 0
v 730.2645244488635 386.60799535786657 0
v 730.3513852504077 384.00805886791045 0
v 730.3800000000001 381.43 0
v 730.3800000000001 381.43 0
v 730.3513852504077 378.8519411320895 0
v 730.2645244488635 376.2520046421334 0
v 730.1179287714448 373.6318934949207 0
v 729.9101626353861 370.9934070381816 0
v 729.639850331265 368.3384398746737 0
v 729.3056827322166 365.6689802451031 0
v 728.9064240420975 362.9871079025788 0
v 728.4409185415851 360.29499146232934 0
v 727.9080972884888 357.59488521385066 0
v 727.306984726115 354.88912538649134 0
v 726.6367051514749 352.1801258636993 0
v 725.8964889934239 349.4703733457104 0
v 725.0856788496194 346.76242196532786 0
v 724.2037352304611 344.05888736657033 0
v 723.2502419580211 341.36244026129657 0
v 722.2249111684014 338.67579948438845 0
v 721.1275878670095 336.0017245736203 0
v 719.958253987947 333.3430079058776 0
v 718.7170319110668 330.702466426843 0
v 717.404187393276 328.0829330165452 0
v 716.0201318743431 325.4872475381854 0
v 714.5654241217643 322.9182476223305 0
v 713.0407711841511 320.3787592428019 0
v 711.4470286280465 317.8715871443157 0
v 709.7852000390094 315.39950518506686 0
v 708.0564357741619 312.9652466599266 0
v 706.2620309600767 310.5714946716804 0
v 704.4034227368182 308.22087261872935 0
v 702.4821867560212 305.9159348678646 0
v 700.5000329480218 303.65915768009665 0
v 698.4588005801033 301.4529304560537 0
v 696.3604526348176 299.29954736518255 0
v 694.2070695439463 297.20119941989685 0
v 692.0008423199034 295.1599670519784 0
v 689.7440651321353 293.17781324397896 0
v 687.4391273812707 291.25657726318195 0
v 685.0885053283197 289.39796903992334 0
v 682.6947533400735 287.60356422583817 0
v 680.2604948149332 285.8747999609907 0
v 677.7884128556844 284.2129713719536 0
v 675.2812407571982 282.619228815849 0
v 672.7417523776695 281.0945758782358 0
v 670.1727524618148 279.63986812565696 0
v 667.577066983455 278.2558126067242 0
v 664.9575335731572 276.94296808893347 0
v 662.3169920941225 275.70174601205304 0
v 659.6582754263799 274.5324121329906 0
v 656.9842005156116 273.4350888315987 0
v 654.2975597387035 272.40975804197905 0
v 651.6011126334298 271.4562647695391 0
v 648.8975780346723 270.57432115038074 0
v 646.1896266542898 269.76351100657627 0
v 643.4798741363009 269.02329484852527 0
v 640.7708746135089 268.35301527388515 0
v 638.0651147861495 267.7519027115113 0
v 635.3650085376707 267.21908145841485 0
v 632.6728920974214 266.7535759579028 0
v 629.991019754897 266.3543172677835 0
v 627.3215601253264 266.0201496687351 0
v 624.6665929618185 265.7498373646141 0
v 622.0281065050794 265.54207122855524 0
v 619.4079953578668 265.3954755511364 0
v 616.8080588679105 265.3086147495923 0
v 614.2300000000001 265.28 0
v 614.2300000000001 265.28 0
v 611.6519411320896 265.30861474959227 0
v 609.0520046421335 265.3954755511364 0
v 606.4318934949208 265.5420712285553 0
v 603.7934070381816 265.7498373646141 0
v 601.1384398746738 266.0201496687351 0
v 598.4689802451031 266.3543172677835 0
v 595.7871079025789 266.7535759579028 0
v 593.0949914623295 267.2190814584149 0
v 590.3948852138508 267.7519027115113 0
v 587.6891253864915 268.35301527388515 0
v 584.9801258636994 269.02329484852527 0
v 582.2703733457105 269.76351100657627 0
v 579.562421965328 270.5743211503808 0
v 576.8588873665705 271.4562647695391 0
v 574.1624402612966 272.40975804197905 0
v 571.4757994843886 273.43508883159865 0
v 568.8017245736205 274.5324121329906 0
v 566.1430079058777 275.70174601205304 0
v 563.5024664268432 276.94296808893347 0
v 560.8829330165454 278.2558126067242 0
v 558.2872475381856 279.63986812565696 0
v 555.7182476223306 281.0945758782358 0
v 553.1787592428021 282.619228815849 0
v 550.6715871443158 284.2129713719536 0
v 548.199505185067 285.8747999609907 0
v 545.7652466599267 287.60356422583817 0
v 543.3714946716806 289.3979690399233 0
v 541.0208726187295 291.25657726318195 0
v 538.7159348678648 293.1778132439789 0
v 536.4591576800967 295.1599670519784 0
v 534.2529304560538 297.20119941989685 0
v 532.0995473651826 299.29954736518255 0
v 530.0011994198969 301.4529304560537 0
v 527.9599670519785 303.65915768009665 0
v 525.9778132439791 305.9159348678646 0
v 524.0565772631821 308.22087261872935 0
v 522.1979690399235 310.5714946716804 0
v 520.4035642258383 312.9652466599265 0
v 518.6747999609908 315.3995051850669 0
v 517.0129713719538 317.8715871443157 0
v 515.4192288158491 320.3787592428019 0
v 513.894575878236 322.9182476223305 0
v 512.4398681256571 325.4872475381854 0
v 511.0558126067244 328.0829330165452 0
v 509.74296808893365 330.702466426843 0
v 508.50174601205316 333.3430079058776 0
v 507.3324121329907 336.0017245736204 0
v 506.23508883159883 338.67579948438845 0
v 505.2097580419792 341.36244026129657 0
v 504.2562647695392 344.0588873665704 0
v 503.37432115038087 346.76242196532786 0
v 502.5635110065764 349.4703733457103 0
v 501.8232948485254 352.1801258636993 0
v 501.1530152738853 354.88912538649134 0
v 500.55190271151145 357.59488521385066 0
v 500.019081458415 360.2949914623294 0
v 499.55357595790304 362.9871079025788 0
v 499.1543172677836 365.6689802451031 0
v 498.8201496687352 368.3384398746737 0
v 498.5498373646143 370.9934070381816 0
v 498.3420712285554 373.6318934949207 0
v 498.19547555113655 376.2520046421334 0
v 498.1086147495925 378.8519411320895 0
v 498.0800000000001 381.43 0
v 520.2180000000001 379.92 0
v 520.2411608251286 382.00668506491604 0
v 520.3114660999867 384.11107791290357 0
v 520.430120881093 386.2318001614767 0
v 520.5982871314861 388.367395415639 0
v 520.8170783526227 390.5163301808194 0
v 521.0875541539292 392.67699517173804 0
v 521.4107147908254 394.8477070328263 0
v 521.7874957044211 397.0267104833706 0
v 522.2187620982747 399.2121808977656 0
v 522.7053035895696 401.4022273281548 0
v 523.2478289737372 403.5948959733268 0
v 523.8469611429209 405.7881740940429 0
v 524.5032321996522 407.979994371034 0
v 525.2170788076963 410.1682396977528 0
v 525.9888378221484 412.3507483956521 0
v 526.8187422405189 414.5253198353308 0
v 527.7069175156843 416.68972044240036 0
v 528.6533782702121 418.8416900624419 0
v 529.6580254496498 420.97894865501195 0
v 530.7206439499214 423.099203282381 0
v 531.8409007510054 425.2001553546286 0
v 533.0183435855765 427.279508088932 0
v 534.2524001673319 429.3349741374576 0
v 535.5423779993122 431.364283335244 0
v 536.8874647777242 433.3651905169307 0
v 538.2867294016315 435.33548334917754 0
v 539.7391235934678 437.2729901242013 0
v 541.2434841297139 439.1755874590445 0
v 542.7985356753591 441.04120784504784 0
v 544.4028942099923 442.8678469924989 0
v 546.0550710276655 444.65357091662054 0
v 547.7534772870904 446.39652271290976 0
v 549.4964290833796 448.09492897233457 0
v 551.2821530075012 449.7471057900078 0
v 553.1087921549522 451.35146432464114 0
v 554.9744125409557 452.90651587028617 0
v 556.8770098757988 454.41087640653234 0
v 558.8145166508224 455.8632705983685 0
v 560.7848094830695 457.262535222276 0
v 562.785716664756 458.6076220006879 0
v 564.8150258625424 459.8975998326681 0
v 566.870491911068 461.1316564144236 0
v 568.9498446453714 462.3090992489947 0
v 571.050796717619 463.4293560500788 0
v 573.1710513449881 464.4919745503502 0
v 575.308309937558 465.4966217297879 0
v 577.4602795575997 466.44308248431594 0
v 579.6246801646693 467.33125775948116 0
v 581.799251604348 468.1611621778517 0
v 583.9817603022472 468.93292119230387 0
v 586.170005628966 469.64676780034785 0
v 588.3618259059572 470.30303885707923 0
v 590.5551040266732 470.902171026263 0
v 592.7477726718454 471.4446964104306 0
v 594.9378191022345 471.93123790172535 0
v 597.1232895166295 472.3625042955791 0
v 599.3022929671739 472.7392852091747 0
v 601.4730048282619 473.06244584607094 0
v 603.6336698191806 473.33292164737736 0
v 605.782604584361 473.55171286851396 0
v 607.9181998385233 473.7198791189071 0
v 610.0389220870964 473.83853390001343 0
v 612.1433149350839 473.90883917487145 0
v 614.23 473.932 0
v 614.23 473.932 0
v 616.316685064916 473.90883917487145 0
v 618.4210779129037 473.83853390001343 0
v 620.5418001614767 473.71987911890716 0
v 622.677395415639 473.55171286851396 0
v 624.8263301808194 473.33292164737736 0
v 626.986995171738 473.062445846071 0
v 629.1577070328262 472.7392852091747 0
v 631.3367104833704 472.362504295579 0
v 633.5221808977657 471.93123790172535 0
v 635.712227328155 471.4446964104306 0
v 637.9048959733269 470.902171026263 0
v 640.098174094043 470.30303885707923 0
v 642.289994371034 469.64676780034785 0
v 644.4782396977529 468.93292119230387 0
v 646.6607483956521 468.1611621778517 0
v 648.8353198353308 467.33125775948116 0
v 650.9997204424005 466.44308248431594 0
v 653.1516900624418 465.4966217297879 0
v 655.288948655012 464.4919745503502 0
v 657.4092032823811 463.4293560500788 0
v 659.5101553546286 462.3090992489947 0
v 661.589508088932 461.13165641442356 0
v 663.6449741374578 459.8975998326681 0
v 665.674283335244 458.60762200068785 0
v 667.6751905169307 457.262535222276 0
v 669.6454833491777 455.8632705983684 0
v 671.5829901242013 454.4108764065323 0
v 673.4855874590445 452.90651587028617 0
v 675.351207845048 451.3514643246411 0
v 677.1778469924991 449.7471057900078 0
v 678.9635709166205 448.0949289723345 0
v 680.7065227129099 446.39652271290976 0
v 682.4049289723346 444.65357091662054 0
v 684.0571057900079 442.8678469924989 0
v 685.6614643246411 441.0412078450479 0
v 687.2165158702862 439.1755874590445 0
v 688.7208764065323 437.27299012420127 0
v 690.1732705983685 435.33548334917754 0
v 691.572535222276 433.3651905169307 0
v 692.9176220006879 431.364283335244 0
v 694.2075998326682 429.33497413745766 0
v 695.4416564144236 427.279508088932 0
v 696.6190992489948 425.2001553546286 0
v 697.7393560500788 423.09920328238104 0
v 698.8019745503503 420.97894865501195 0
v 699.8066217297879 418.84169006244196 0
v 700.753082484316 416.68972044240047 0
v 701.6412577594813 414.5253198353308 0
v 702.4711621778516 412.3507483956521 0
v 703.242921192304 410.1682396977528 0
v 703.956767800348 407.979994371034 0
v 704.6130388570793 405.7881740940429 0
v 705.2121710262629 403.5948959733268 0
v 705.7546964104306 401.4022273281549 0
v 706.2412379017254 399.21218089776556 0
v 706.672504295579 397.0267104833706 0
v 707.0492852091749 394.8477070328263 0
v 707.372445846071 392.676995171738 0
v 707.6429216473774 390.5163301808194 0
v 707.861712868514 388.367395415639 0
v 708.0298791189072 386.2318001614767 0
v 708.1485339000135 384.11107791290357 0
v 708.2188391748715 382.00668506491604 0
v 708.2420000000001 379.92 0
v 708.2420000000001 379.92 0
v 708.2188391748715 377.83331493508393 0
v 708.1485339000135 375.72892208709635 0
v 708.0298791189072 373.6081998385233 0
v 707.861712868514 371.47260458436097 0
v 707.6429216473774 369.3236698191806 0
v 707.372445846071 367.16300482826205 0
v 707.0492852091749 364.99229296717385 0
v 706.6725042955791 362.8132895166295 0
v 706.2412379017254 360.6278191022344 0
v 705.7546964104306 358.4377726718452 0
v 705.2121710262629 356.24510402667323 0
v 704.6130388570793 354.05182590595723 0
v 703.956767800348 351.860005628966 0
v 703.242921192304 349.67176030224726 0
v 702.4711621778516 347.48925160434794 0
v 701.6412577594813 345.31468016466926 0
v 700.753082484316 343.1502795575997 0
v 699.8066217297879 340.998309937558 0
v 698.8019745503503 338.8610513449881 0
v 697.7393560500788 336.740796717619 0
v 696.6190992489948 334.6398446453715 0
v 695.4416564144235 332.56049191106797 0
v 694.2075998326682 330.50502586254237 0
v 692.9176220006879 328.47571666475596 0
v 691.572535222276 326.47480948306935 0
v 690.1732705983685 324.5045166508223 0
v 688.7208764065323 322.56700987579876 0
v 687.2165158702862 320.66441254095554 0
v 685.6614643246411 318.7987921549522 0
v 684.0571057900079 316.9721530075011 0
v 682.4049289723346 315.18642908337944 0
v 680.7065227129099 313.4434772870903 0
v 678.9635709166206 311.74507102766546 0
v 677.177846992499 310.0928942099922 0
v 675.351207845048 308.48853567535906 0
v 673.4855874590445 306.93348412971386 0
v 671.5829901242013 305.42912359346775 0
v 669.6454833491777 303.9767294016315 0
v 667.6751905169307 302.57746477772406 0
v 665.674283335244 301.2323779993122 0
v 663.6449741374578 299.9424001673319 0
v 661.589508088932 298.70834358557653 0
v 659.5101553546286 297.5309007510053 0
v 657.4092032823811 296.41064394992134 0
v 655.288948655012 295.34802544964975 0
v 653.1516900624418 294.3433782702121 0
v 650.9997204424005 293.3969175156842 0
v 648.8353198353308 292.5087422405188 0
v 646.660748395652 291.6788378221484 0
v 644.4782396977529 290.90707880769617 0
v 642.289994371034 290.1932321996522 0
v 640.098174094043 289.53696114292086 0
v 637.9048959733268 288.9378289737371 0
v 635.7122273281549 288.39530358956944 0
v 633.5221808977657 287.90876209827474 0
v 631.3367104833706 287.477495704421 0
v 629.1577070328262 287.1007147908254 0
v 626.9869951717379 286.7775541539291 0
v 624.8263301808195 286.50707835262267 0
v 622.677395415639 286.288287131486 0
v 620.5418001614767 286.12012088109293 0
v 618.4210779129037 286.00146609998654 0
v 616.316685064916 285.93116082512853 0
v 614.23 285.908 0
v 614.23 285.908 0
v 612.1433149350839 285.9311608251285 0
v 610.0389220870964 286.00146609998654 0
v 607.9181998385233 286.12012088109293 0
v 605.782604584361 286.288287131486 0
v 603.6336698191807 286.50707835262267 0
v 601.4730048282621 286.77755415392915 0
v 599.3022929671739 287.1007147908254 0
v 597.1232895166295 287.47749570442096 0
v 594.9378191022345 287.9087620982748 0
v 592.7477726718453 288.39530358956944 0
v 590.5551040266732 288.9378289737371 0
v 588.3618259059572 289.53696114292086 0
v 586.170005628966 290.1932321996522 0
v 583.9817603022472 290.90707880769617 0
v 581.799251604348 291.6788378221484 0
v 579.6246801646693 292.5087422405188 0
v 577.4602795575997 293.39691751568415 0
v 575.308309937558 294.3433782702121 0
v 573.1710513449881 295.34802544964975 0
v 571.050796717619 296.41064394992134 0
v 568.9498446453714 297.53090075100533 0
v 566.870491911068 298.70834358557653 0
v 564.8150258625424 299.9424001673319 0
v 562.7857166647559 301.2323779993122 0
v 560.7848094830694 302.5774647777241 0
v 558.8145166508224 303.9767294016315 0
v 556.8770098757988 305.42912359346764 0
v 554.9744125409555 306.93348412971386 0
v 553.1087921549522 308.48853567535906 0
v 551.2821530075012 310.0928942099922 0
v 549.4964290833796 311.74507102766546 0
v 547.7534772870904 313.44347728709033 0
v 546.0550710276656 315.18642908337944 0
v 544.4028942099923 316.9721530075011 0
v 542.7985356753591 318.7987921549522 0
v 541.2434841297139 320.66441254095554 0
v 539.7391235934679 322.56700987579876 0
v 538.2867294016315 324.5045166508223 0
v 536.8874647777242 326.47480948306935 0
v 535.5423779993122 328.47571666475596 0
v 534.252400167332 330.50502586254237 0
v 533.0183435855765 332.56049191106797 0
v 531.8409007510054 334.63984464537145 0
v 530.7206439499214 336.740796717619 0
v 529.6580254496498 338.8610513449881 0
v 528.6533782702121 340.998309937558 0
v 527.7069175156843 343.1502795575997 0
v 526.8187422405189 345.3146801646692 0
v 525.9888378221484 347.48925160434794 0
v 525.2170788076963 349.6717603022472 0
v 524.5032321996522 351.86000562896595 0
v 523.8469611429209 354.0518259059571 0
v 523.2478289737371 356.24510402667323 0
v 522.7053035895696 358.43777267184515 0
v 522.2187620982747 360.6278191022344 0
v 521.7874957044211 362.8132895166295 0
v 521.4107147908254 364.9922929671738 0
v 521.0875541539291 367.16300482826205 0
v 520.8170783526227 369.3236698191806 0
v 520.5982871314861 371.472604584361 0
v 520.430120881093 373.6081998385233 0
v 520.3114660999867 375.72892208709635 0
v 520.2411608251286 377.83331493508393 0
v 520.2180000000001 379.92 0
v 520.2180000000001 381.41 0
v 520.2411608251286 383.49668506491605 0
v 520.3114660999867 385.60107791290363 0
v 520.430120881093 387.7218001614767 0
v 520.5982871314861 389.857395415639 0
v 520.8170783526227 392.0063301808195 0
v 521.0875541539292 394.166995171738 0
v 521.4107147908254 396.3377070328263 0
v 521.7874957044211 398.51671048337056 0
v 522.2187620982747 400.70218089776563 0
v 522.7053035895696 402.8922273281549 0
v 523.2478289737372 405.08489597332675 0
v 523.8469611429209 407.2781740940429 0
v 524.5032321996522 409.46999437103403 0
v 525.2170788076963 411.65823969775295 0
v 525.9888378221484 413.8407483956521 0
v 526.8187422405189 416.01531983533084 0
v 527.7069175156843 418.1797204424004 0
v 528.6533782702121 420.33169006244196 0
v 529.6580254496498 422.4689486550119 0
v 530.7206439499214 424.589203282381 0
v 531.8409007510054 426.69015535462864 0
v 533.0183435855765 428.769508088932 0
v 534.2524001673319 430.8249741374576 0
v 535.5423779993122 432.8542833352441 0
v 536.8874647777242 434.85519051693063 0
v 538.2867294016315 436.82548334917755 0
v 539.7391235934678 438.7629901242013 0
v 541.2434841297139 440.6655874590445 0
v 542.7985356753591 442.5312078450479 0
v 544.4028942099923 444.357846992499 0
v 546.0550710276655 446.1435709166206 0
v 547.7534772870904 447.88652271290977 0
v 549.4964290833796 449.5849289723345 0
v 551.2821530075012 451.23710579000783 0
v 553.1087921549522 452.841464324641 0
v 554.9744125409557 454.3965158702862 0
v 556.8770098757988 455.9008764065323 0
v 558.8145166508224 457.35327059836845 0
v 560.7848094830695 458.7525352222759 0
v 562.785716664756 460.09762200068786 0
v 564.8150258625424 461.3875998326681 0
v 566.870491911068 462.6216564144235 0
v 568.9498446453714 463.7990992489947 0
v 571.050796717619 464.91935605007876 0
v 573.1710513449881 465.9819745503503 0
v 575.308309937558 466.9866217297879 0
v 577.4602795575997 467.9330824843159 0
v 579.6246801646693 468.82125775948117 0
v 581.799251604348 469.65116217785163 0
v 583.9817603022472 470.4229211923039 0
v 586.170005628966 471.13676780034785 0
v 588.3618259059572 471.79303885707924 0
v 590.5551040266732 472.39217102626293 0
v 592.7477726718454 472.93469641043066 0
v 594.9378191022345 473.42123790172536 0
v 597.1232895166295 473.85250429557897 0
v 599.3022929671739 474.22928520917475 0
v 601.4730048282619 474.5524458460709 0
v 603.6336698191806 474.82292164737737 0
v 605.782604584361 475.04171286851397 0
v 607.9181998385233 475.2098791189071 0
v 610.0389220870964 475.32853390001344 0
v 612.1433149350839 475.3988391748715 0
v 614.23 475.422 0
v 614.23 475.422 0
v 616.316685064916 475.39883917487145 0
v 618.4210779129037 475.3285339000134 0
v 620.5418001614767 475.2098791189071 0
v 622.677395415639 475.04171286851397 0
v 624.8263301808194 474.82292164737737 0
v 626.986995171738 474.55244584607095 0
v 629.1577070328262 474.22928520917475 0
v 631.3367104833704 473.85250429557897 0
v 633.5221808977657 473.4212379017253 0
v 635.712227328155 472.93469641043066 0
v 637.9048959733269 472.392171026263 0
v 640.098174094043 471.79303885707924 0
v 642.289994371034 471.13676780034785 0
v 644.4782396977529 470.4229211923039 0
v 646.6607483956521 469.65116217785163 0
v 648.8353198353308 468.82125775948117 0
v 650.9997204424005 467.93308248431595 0
v 653.1516900624418 466.9866217297879 0
v 655.288948655012 465.9819745503503 0
v 657.4092032823811 464.91935605007876 0
v 659.5101553546286 463.79909924899476 0
v 661.589508088932 462.6216564144235 0
v 663.6449741374578 461.3875998326681 0
v 665.674283335244 460.09762200068786 0
v 667.6751905169307 458.7525352222759 0
v 669.6454833491777 457.35327059836845 0
v 671.5829901242013 455.9008764065323 0
v 673.4855874590445 454.3965158702862 0
v 675.351207845048 452.84146432464104 0
v 677.1778469924991 451.23710579000783 0
v 678.9635709166205 449.5849289723346 0
v 680.7065227129099 447.88652271290977 0
v 682.4049289723346 446.14357091662055 0
v 684.0571057900079 444.35784699249893 0
v 685.6614643246411 442.53120784504785 0
v 687.2165158702862 440.6655874590445 0
v 688.7208764065323 438.7629901242013 0
v 690.1732705983685 436.8254833491776 0
v 691.572535222276 434.85519051693063 0
v 692.9176220006879 432.8542833352441 0
v 694.2075998326682 430.8249741374576 0
v 695.4416564144236 428.769508088932 0
v 696.6190992489948 426.69015535462864 0
v 697.7393560500788 424.589203282381 0
v 698.8019745503503 422.4689486550119 0
v 699.8066217297879 420.33169006244196 0
v 700.753082484316 418.17972044240037 0
v 701.6412577594813 416.01531983533084 0
v 702.4711621778516 413.8407483956521 0
v 703.242921192304 411.65823969775283 0
v 703.956767800348 409.4699943710341 0
v 704.6130388570793 407.2781740940429 0
v 705.2121710262629 405.0848959733268 0
v 705.7546964104306 402.8922273281549 0
v 706.2412379017254 400.70218089776563 0
v 706.672504295579 398.51671048337056 0
v 707.0492852091749 396.3377070328263 0
v 707.372445846071 394.16699517173794 0
v 707.6429216473774 392.0063301808195 0
v 707.861712868514 389.857395415639 0
v 708.0298791189072 387.7218001614767 0
v 708.1485339000135 385.60107791290363 0
v 708.2188391748715 383.49668506491605 0
v 708.2420000000001 381.41 0
v 708.2420000000001 381.41 0
v 708.2188391748715 379.323314935084 0
v 708.1485339000135 377.21892208709636 0
v 708.0298791189072 375.0981998385233 0
v 707.861712868514 372.962604584361 0
v 707.6429216473774 370.8136698191807 0
v 707.372445846071 368.653004828262 0
v 707.0492852091749 366.48229296717386 0
v 706.6725042955791 364.3032895166295 0
v 706.2412379017254 362.1178191022344 0
v 705.7546964104306 359.9277726718452 0
v 705.2121710262629 357.7351040266733 0
v 704.6130388570793 355.5418259059571 0
v 703.956767800348 353.350005628966 0
v 703.242921192304 351.1617603022472 0
v 702.4711621778516 348.97925160434795 0
v 701.6412577594813 346.8046801646692 0
v 700.753082484316 344.6402795575997 0
v 699.8066217297879 342.4883099375581 0
v 698.8019745503503 340.35105134498815 0
v 697.7393560500788 338.23079671761906 0
v 696.6190992489948 336.1298446453714 0
v 695.4416564144235 334.0504919110679 0
v 694.2075998326682 331.99502586254243 0
v 692.9176220006879 329.96571666475603 0
v 691.572535222276 327.9648094830694 0
v 690.1732705983685 325.99451665082233 0
v 688.7208764065323 324.05700987579877 0
v 687.2165158702862 322.15441254095555 0
v 685.6614643246411 320.2887921549522 0
v 684.0571057900079 318.4621530075011 0
v 682.4049289723346 316.6764290833795 0
v 680.7065227129099 314.93347728709034 0
v 678.9635709166206 313.23507102766547 0
v 677.177846992499 311.5828942099923 0
v 675.351207845048 309.978535675359 0
v 673.4855874590445 308.42348412971387 0
v 671.5829901242013 306.9191235934677 0
v 669.6454833491777 305.4667294016316 0
v 667.6751905169307 304.0674647777241 0
v 665.674283335244 302.72237799931213 0
v 663.6449741374578 301.432400167332 0
v 661.589508088932 300.1983435855765 0
v 659.5101553546286 299.02090075100534 0
v 657.4092032823811 297.9006439499213 0
v 655.288948655012 296.83802544964976 0
v 653.1516900624418 295.8333782702121 0
v 650.9997204424005 294.8869175156842 0
v 648.8353198353308 293.9987422405188 0
v 646.660748395652 293.1688378221484 0
v 644.4782396977529 292.3970788076962 0
v 642.289994371034 291.6832321996522 0
v 640.098174094043 291.02696114292087 0
v 637.9048959733268 290.4278289737371 0
v 635.7122273281549 289.8853035895695 0
v 633.5221808977657 289.3987620982747 0
v 631.3367104833706 288.967495704421 0
v 629.1577070328262 288.59071479082536 0
v 626.9869951717379 288.2675541539291 0
v 624.8263301808195 287.9970783526227 0
v 622.677395415639 287.7782871314861 0
v 620.5418001614767 287.61012088109294 0
v 618.4210779129037 287.49146609998655 0
v 616.316685064916 287.42116082512854 0
v 614.23 287.398 0
v 614.23 287.398 0
v 612.1433149350839 287.42116082512854 0
v 610.0389220870964 287.49146609998655 0
v 607.9181998385233 287.61012088109294 0
v 605.782604584361 287.7782871314861 0
v 603.6336698191807 287.9970783526227 0
v 601.4730048282621 288.26755415392915 0
v 599.3022929671739 288.5907147908254 0
v 597.1232895166295 288.967495704421 0
v 594.9378191022345 289.3987620982747 0
v 592.7477726718453 289.8853035895695 0
v 590.5551040266732 290.4278289737371 0
v 588.3618259059572 291.02696114292087 0
v 586.170005628966 291.6832321996522 0
v 583.9817603022472 292.39707880769623 0
v 581.799251604348 293.1688378221484 0
v 579.6246801646693 293.9987422405188 0
v 577.4602795575997 294.8869175156842 0
v 575.308309937558 295.8333782702121 0
v 573.1710513449881 296.83802544964976 0
v 571.050796717619 297.9006439499213 0
v 568.9498446453714 299.02090075100534 0
v 566.870491911068 300.1983435855765 0
v 564.8150258625424 301.432400167332 0
v 562.7857166647559 302.72237799931213 0
v 560.7848094830694 304.0674647777241 0
v 558.8145166508224 305.4667294016315 0
v 556.8770098757988 306.9191235934677 0
v 554.9744125409555 308.42348412971387 0
v 553.1087921549522 309.978535675359 0
v 551.2821530075012 311.5828942099923 0
v 549.4964290833796 313.23507102766547 0
v 547.7534772870904 314.93347728709034 0
v 546.0550710276656 316.6764290833795 0
v 544.4028942099923 318.4621530075011 0
v 542.7985356753591 320.2887921549522 0
v 541.2434841297139 322.15441254095555 0
v 539.7391235934679 324.05700987579877 0
v 538.2867294016315 325.99451665082233 0
v 536.8874647777242 327.96480948306936 0
v 535.5423779993122 329.96571666475603 0
v 534.252400167332 331.99502586254243 0
v 533.0183435855765 334.0504919110679 0
v 531.8409007510054 336.12984464537146 0
v 530.7206439499214 338.23079671761906 0
v 529.6580254496498 340.35105134498804 0
v 528.6533782702121 342.48830993755803 0
v 527.7069175156843 344.6402795575997 0
v 526.8187422405189 346.8046801646692 0
v 525.9888378221484 348.97925160434795 0
v 525.2170788076963 351.1617603022472 0
v 524.5032321996522 353.350005628966 0
v 523.8469611429209 355.5418259059572 0
v 523.2478289737371 357.7351040266733 0
v 522.7053035895696 359.9277726718452 0
v 522.2187620982747 362.1178191022344 0
v 521.7874957044211 364.30328951662943 0
v 521.4107147908254 366.48229296717386 0
v 521.0875541539291 368.653004828262 0
v 520.8170783526227 370.8136698191807 0
v 520.5982871314861 372.962604584361 0
v 520.430120881093 375.0981998385233 0
v 520.3114660999867 377.21892208709636 0
v 520.2411608251286 379.323314935084 0
v 520.2180000000001 381.41 0
v 746.82 136.71 0
v 746.8485802211525 139.2849514476644 0
v 746.935336288531 141.88175414875923 0
v 747.081755231591 144.4987071911399 0
v 747.2892709028057 147.13401339589058 0
v 747.5592573534722 149.78578044387856 0
v 747.8930221325852 152.4520224908839 0
v 748.2917995468067 155.1306622905824 0
v 748.7567439224953 157.8195338416348 0
v 749.2889229134743 160.51638557169701 0
v 749.8893109006283 163.21888406733228 0
v 750.5587825314938 165.92461835459986 0
v 751.2981064496852 168.63110473053544 0
v 752.1079392652143 171.335792140882 0
v 752.9888198174729 174.03606809430462 0
v 753.9411637828081 176.72926509799976 0
v 754.9652586781966 179.4126675941409 0
v 756.0612593114582 182.08351937106661 0
v 757.2291837267592 184.73903141758282 0
v 758.468909691795 187.37639018330873 0
v 759.7801717700195 189.99276620272104 0
v 761.1625590176179 192.58532303553835 0
v 762.6155133406218 195.15122647142044 0
v 764.1383285426709 197.68765394272043 0
v 765.7301500884823 200.19180408530715 0
v 767.3899756021635 202.66090638434045 0
v 769.1166561131643 205.09223083941166 0
v 770.9088980559718 207.4830975816985 0
v 772.7652660227515 209.8308863748001 0
v 774.6841862610452 212.13304593071948 0
v 776.6639509015389 214.38710297309794 0
v 778.7027228938609 216.59067098126442 0
v 780.7985416214838 218.7414585509459 0
v 782.9493291602116 220.83727731056527 0
v 785.1528971384978 222.8760493358939 0
v 787.4069541520979 224.85581401036995 0
v 789.7091136803666 226.77473428358473 0
v 792.0569024469692 228.63110228618646 0
v 794.44776916393 230.4233442656768 0
v 796.8790935948668 232.15002481417977 0
v 799.348195870974 233.80985036614078 0
v 801.8523459918559 235.4016719509647 0
v 804.3887734426844 236.92448719271505 0
v 806.9546768593367 238.3774415560632 0
v 809.5472336741717 239.75982884460248 0
v 812.1636096768531 241.07109096431793 0
v 814.8009684271002 242.31081697134758 0
v 817.4564804593887 243.478741429098 0
v 820.1273322233336 244.57474210521733 0
v 822.8107347077352 245.59883704382506 0
v 825.5039317009234 246.55118105269364 0
v 828.2042076450614 247.43206164875306 0
v 830.908895047333 248.2418945083054 0
v 833.6153814163888 248.98121847069655 0
v 836.3211156979553 249.65069014589383 0
v 839.0236141890502 250.25107817746826 0
v 841.720465915713 250.78325721291372 0
v 844.4093374644852 251.2482016330733 0
v 847.0879772630007 251.64697909173017 0
v 849.7542193098958 251.98074391520413 0
v 852.4059863588211 252.25073041011885 0
v 855.0412925655305 252.45824612543322 0
v 857.6582456108644 252.60466511240983 0
v 860.2550483158788 252.69142122348785 0
v 862.8299997684004 252.7200014880915 0
v 862.8299997684004 252.7200014880915 0
v 865.4049512210362 252.69142123365486 0
v 868.0017539263969 252.60466513259885 0
v 870.6187069723153 252.4582461554865 0
v 873.2540131798532 252.25073044986567 0
v 875.9057802298568 251.98074396446083 0
v 878.5720222780843 251.6469791502999 0
v 881.2506620781919 251.2482017007459 0
v 883.9395336288209 250.78325728946595 0
v 886.6363853576082 250.25107826266347 0
v 889.3388838511004 249.65069023948226 0
v 892.04461813534 248.98121857241526 0
v 894.7511045073477 248.2418946178785 0
v 897.4557919128528 247.4320617658919 0
v 900.156067860508 246.55118117709685 0
v 902.8492648574986 245.59883717517906 0
v 905.5326673459891 244.5747422431965 0
v 908.2035191143103 243.47874157336517 0
v 910.8590311512619 242.31081712155438 0
v 913.4963899064591 241.07109112010508 0
v 916.1127659143758 239.7598290056006 0
v 918.7053227347304 238.37744172189326 0
v 921.2712261571837 236.92448736298888 0
v 923.8076536140925 235.4016721252856 0
v 926.3118037413304 233.8098505441044 0
v 928.7809060240647 232.15002499537465 0
v 931.2122304618957 230.42334444968512 0
v 933.6030971860124 228.63110247258493 0
v 935.9508859600272 226.77473447194532 0
v 938.2530454959577 224.85581420026068 0
v 940.5071025174623 222.8760495268799 0
v 942.710670503889 220.83727750220925 0
v 944.8614580509848 218.74145874280933 0
v 946.9572767871952 216.59067117290834 0
v 948.9960487883155 214.38710316408392 0
v 950.9758134378093 212.13304612061026 0
v 952.8947336852948 209.8308865631607 0
v 954.7511016614486 207.48309776809694 0
v 956.5433436138023 205.09223102341994 0
v 958.2700241345104 202.66090656553533 0
v 959.9298496580507 200.19180426327074 0
v 961.5216712138603 197.68765411704138 0
v 963.0444864260367 195.15122664169425 0
v 964.4974407592858 192.58532320136845 0
v 965.8798280172356 189.9927663637192 0
v 967.1910901059067 187.37639033909588 0
v 968.4308160814729 184.7390315677896 0
v 969.5987405073766 182.08351951533385 0
v 970.6947411513021 179.4126677321201 0
v 971.718836057405 176.72926522935373 0
v 972.6711800334936 174.03606821870787 0
v 973.5520605965332 171.3357922580208 0
v 974.3618934228617 168.63110484010855 0
v 975.1012173518594 165.92461845631857 0
v 975.7706889935282 163.21888416092074 0
v 976.3710769914728 160.51638565689223 0
v 976.9032559932197 157.81953391818703 0
v 977.3682003796441 155.13066235825502 0
v 977.7669778045608 152.45202254945357 0
v 978.1007425943197 149.7857804931353 0
v 978.3707290555737 147.1340134356374 0
v 978.5782447373105 144.49870722119314 0
v 978.7246636908195 141.88175416894828 0
v 978.8114197685662 139.28495145783143 0
v 978.84 136.71 0
v 978.84 136.71 0
v 978.8114197788474 134.13504855233558 0
v 978.724663711469 131.53824585124073 0
v 978.5782447684088 128.92129280886013 0
v 978.3707290971943 126.28598660410945 0
v 978.100742646528 123.63421955612145 0
v 977.7669778674148 120.96797750911612 0
v 977.3682004531933 118.28933770941765 0
v 976.9032560775049 115.60046615836518 0
v 976.3710770865258 112.90361442830303 0
v 975.7706890993718 110.20111593266773 0
v 975.1012174685063 107.49538164540017 0
v 974.3618935503148 104.78889526946459 0
v 973.5520607347855 102.08420785911804 0
v 972.6711801825275 99.38393190569539 0
v 971.7188362171921 96.6907349020003 0
v 970.6947413218032 94.0073324058591 0
v 969.598740688542 91.33648062893343 0
v 968.430816273241 88.68096858241721 0
v 967.1910903082052 86.04360981669129 0
v 965.8798282299806 83.427233797279 0
v 964.4974409823824 80.83467696446166 0
v 963.0444866593781 78.26877352857959 0
v 961.5216714573291 75.73234605727959 0
v 959.929849911518 73.22819591469295 0
v 958.2700243978363 70.75909361565955 0
v 956.5433438868358 68.32776916058842 0
v 954.7511019440282 65.93690241830156 0
v 952.8947339772485 63.58911362519996 0
v 950.9758137389549 61.28695406928056 0
v 948.9960490984612 59.0328970269021 0
v 946.9572771061391 56.829329018735606 0
v 944.8614583785163 54.678541449054165 0
v 942.7106708397885 52.58272268943473 0
v 940.5071028615024 50.54395066410612 0
v 938.2530458479022 48.564185989630104 0
v 935.9508863196335 46.645265716415324 0
v 933.6030975530309 44.78889771381361 0
v 931.21223083607 42.99665573432322 0
v 928.7809064051334 41.269975185820236 0
v 926.3118041290264 39.610149633859294 0
v 923.8076540081441 38.01832804903533 0
v 921.2712265573156 36.495512807284975 0
v 918.7053231406636 35.04255844393684 0
v 916.1127663258285 33.66017115539759 0
v 913.4963903231472 32.348909035682134 0
v 910.8590315729001 31.109183028652442 0
v 908.2035195406116 29.94125857090207 0
v 905.5326677766666 28.8452578947827 0
v 902.849265292265 27.82116295617502 0
v 900.1560682990769 26.868818947306433 0
v 897.4557923549388 25.987938351246953 0
v 894.7511049526671 25.178105491694666 0
v 892.0446185836114 24.43878152930351 0
v 889.3388843020448 23.769309854106222 0
v 886.6363858109498 23.16892182253179 0
v 883.9395340842872 22.636742787086295 0
v 881.2506625355147 22.171798366926748 0
v 878.5720227369994 21.77302090826985 0
v 875.9057806901045 21.439256084795893 0
v 873.2540136411791 21.169269589881186 0
v 870.6187074344696 20.961753874566803 0
v 868.0017543891357 20.815334887590183 0
v 865.4049516841214 20.728578776512165 0
v 862.8300002315998 20.699998511908532 0
v 862.8300002315998 20.699998511908532 0
v 860.2550487789639 20.728578766345134 0
v 857.6582460736032 20.815334867401152 0
v 855.0412930276848 20.961753844513535 0
v 852.4059868201467 21.169269550134345 0
v 849.7542197701434 21.43925603553919 0
v 847.0879777219158 21.773020849700135 0
v 844.4093379218082 22.171798299254103 0
v 841.7204663711793 22.636742710534058 0
v 839.0236146423919 23.168921737336547 0
v 836.3211161488998 23.769309760517768 0
v 833.6153818646603 24.438781427584757 0
v 830.9088954926525 25.17810538212152 0
v 828.2042080871474 25.987938234108118 0
v 825.5039321394923 26.8688188229032 0
v 822.8107351425016 27.821162824820988 0
v 820.127332654011 28.84525775680346 0
v 817.4564808856899 29.941258426634842 0
v 814.8009688487383 31.109182878445633 0
v 812.163610093541 32.34890887989492 0
v 809.5472340856243 33.66017099439938 0
v 806.9546772652698 35.042558278106725 0
v 804.3887738428162 36.49551263701113 0
v 801.8523463859077 38.01832787471438 0
v 799.3481962586698 39.61014945589563 0
v 796.8790939759353 41.26997500462533 0
v 794.4477695381044 42.99665555031485 0
v 792.0569028139877 44.788897527415074 0
v 789.7091140399729 46.645265528054665 0
v 787.4069545040423 48.56418579973927 0
v 785.1528974825377 50.543950473120105 0
v 782.9493294961111 52.582722497790726 0
v 780.7985419490153 54.678541257190695 0
v 778.7027232128048 56.829328827091594 0
v 776.6639512116845 59.032896835916084 0
v 774.6841865621909 61.286953879389735 0
v 772.7652663147054 63.58911343683929 0
v 770.9088983385514 65.93690223190302 0
v 769.1166563861976 68.32776897658005 0
v 767.3899758654894 70.75909343446465 0
v 765.7301503419494 73.22819573672928 0
v 764.1383287861398 75.73234588295861 0
v 762.6155135739633 78.26877335830574 0
v 761.1625592407144 80.83467679863156 0
v 759.7801719827646 83.4272336362808 0
v 758.4689098940934 86.04360966090408 0
v 757.2291839185273 88.6809684322104 0
v 756.0612594926237 91.33648048466618 0
v 754.9652588486979 94.00733226787987 0
v 753.9411639425952 96.69073477064626 0
v 752.9888199665066 99.38393178129218 0
v 752.1079394034667 102.0842077419792 0
v 751.2981065771382 104.78889515989144 0
v 750.5587826481404 107.49538154368142 0
v 749.8893110064716 110.20111583907929 0
v 749.2889230085274 112.90361434310779 0
v 748.7567440067804 115.60046608181294 0
v 748.291799620356 118.289337641745 0
v 747.8930221954392 120.96797745054641 0
v 747.5592574056805 123.63421950686475 0
v 747.2892709444262 126.28598656436263 0
v 747.0817552626896 128.92129277880687 0
v 746.9353363091805 131.53824583105168 0
v 746.8485802314337 134.13504854216856 0
v 746.82 136.71 0
v 745.77 129.92 0
v 745.7988389374713 132.5182571767335 0
v 745.8863802670342 135.1385633800419 0
v 746.0341244770958 137.77920230292366 0
v 746.2435183977764 140.43836050030532 0
v 746.515948516764 143.11412852579159 0
v 746.8527342175353 145.80450256141395 0
v 747.255120978322 148.50738655982892 0
v 747.7242735731558 151.2205949153656 0
v 748.2612693190661 153.9418556768544 0
v 748.8670914159363 156.66881431129858 0
v 749.5426224276226 159.39903802320586 0
v 750.2886379546261 162.13002062979893 0
v 751.1058005498371 164.85918798741906 0
v 751.9946539295933 167.58390395927054 0
v 752.95561753245 170.3014769092779 0
v 753.9889814776318 173.00916670131284 0
v 755.094901974067 175.7041921774602 0
v 756.2733972291943 178.3837390834091 0
v 757.5243439043527 181.04496840356228 0
v 758.847474160509 183.68502506313575 0
v 760.24237333439 186.301046949462 0
v 761.7084782807257 188.89017419999982 0
v 763.2450764113928 191.4495587002807 0
v 764.8513054567446 193.97637373126477 0
v 766.5261539684336 196.4678237024199 0
v 768.268462576639 198.92115390433912 0
v 770.0769260078641 201.3336602129409 0
v 771.9500958624888 203.7026986762939 0
v 773.8863841441255 206.0256949149183 0
v 775.884067525653 208.3001532670502 0
v 777.9412923296867 210.52366561183254 0
v 780.0560801943028 212.69391980569725 0
v 782.2263343881674 214.80870767031317 0
v 784.4498467329498 216.86593247434703 0
v 786.7243050850817 218.8636158558745 0
v 789.047301323706 220.7999041375111 0
v 791.416339787059 222.67307399213578 0
v 793.8288460956607 224.48153742336095 0
v 796.28217629758 226.22384603156635 0
v 798.7736262687353 227.89869454325532 0
v 801.3004412997192 229.50492358860706 0
v 803.8598258000001 231.04152171927433 0
v 806.448953050538 232.5076266656099 0
v 809.0649749368642 233.90252583949086 0
v 811.7050315964377 235.2256560956474 0
v 814.3662609165908 236.47660277080553 0
v 817.0458078225397 237.655098025933 0
v 819.7408332986871 238.76101852236806 0
v 822.448523090722 239.79438246754998 0
v 825.1660960407295 240.75534607040683 0
v 827.8908120125808 241.64419945016294 0
v 830.6199793702011 242.4613620453739 0
v 833.350961976794 243.2073775723773 0
v 836.0811856887015 243.88290858406373 0
v 838.8081443231457 244.48873068093397 0
v 841.5294050846344 245.02572642684416 0
v 844.2426134401711 245.49487902167795 0
v 846.9454974385859 245.89726578246456 0
v 849.6358714742083 246.23405148323607 0
v 852.3116394996946 246.5064816022236 0
v 854.9707976970763 246.71587552290413 0
v 857.611436619958 246.8636197329657 0
v 860.2317428232664 246.95116106252877 0
v 862.8299999999999 246.98 0
v 862.8299999999999 246.98 0
v 865.4282571767334 246.95116106252877 0
v 868.0485633800419 246.8636197329657 0
v 870.6892023029235 246.71587552290413 0
v 873.3483605003053 246.50648160222357 0
v 876.0241285257915 246.23405148323607 0
v 878.714502561414 245.8972657824646 0
v 881.417386559829 245.49487902167795 0
v 884.1305949153656 245.02572642684416 0
v 886.8518556768544 244.48873068093397 0
v 889.5788143112986 243.88290858406373 0
v 892.3090380232059 243.2073775723773 0
v 895.0400206297991 242.4613620453739 0
v 897.769187987419 241.64419945016294 0
v 900.4939039592706 240.75534607040683 0
v 903.2114769092778 239.79438246754998 0
v 905.9191667013129 238.76101852236806 0
v 908.6141921774603 237.655098025933 0
v 911.2937390834089 236.47660277080553 0
v 913.9549684035622 235.2256560956474 0
v 916.5950250631357 233.90252583949086 0
v 919.2110469494619 232.5076266656099 0
v 921.8001741999997 231.04152171927436 0
v 924.3595587002808 229.50492358860703 0
v 926.8863737312648 227.89869454325535 0
v 929.37782370242 226.22384603156635 0
v 931.8311539043391 224.48153742336098 0
v 934.2436602129408 222.67307399213578 0
v 936.6126986762938 220.79990413751113 0
v 938.9356949149184 218.8636158558745 0
v 941.2101532670503 216.86593247434703 0
v 943.4336656118325 214.80870767031317 0
v 945.6039198056973 212.69391980569725 0
v 947.718707670313 210.52366561183254 0
v 949.7759324743471 208.30015326705023 0
v 951.7736158558746 206.0256949149183 0
v 953.7099041375112 203.7026986762939 0
v 955.5830739921356 201.3336602129409 0
v 957.3915374233608 198.92115390433912 0
v 959.1338460315663 196.4678237024199 0
v 960.8086945432553 193.97637373126477 0
v 962.414923588607 191.4495587002807 0
v 963.9515217192744 188.89017419999985 0
v 965.41762666561 186.301046949462 0
v 966.812525839491 183.68502506313575 0
v 968.1356560956475 181.04496840356228 0
v 969.3866027708056 178.3837390834091 0
v 970.5650980259329 175.7041921774602 0
v 971.6710185223681 173.00916670131284 0
v 972.70438246755 170.3014769092779 0
v 973.6653460704068 167.58390395927054 0
v 974.554199450163 164.85918798741906 0
v 975.371362045374 162.13002062979893 0
v 976.1173775723773 159.39903802320586 0
v 976.7929085840638 156.66881431129858 0
v 977.3987306809339 153.9418556768544 0
v 977.9357264268442 151.22059491536564 0
v 978.404879021678 148.50738655982892 0
v 978.8072657824645 145.80450256141393 0
v 979.1440514832361 143.11412852579159 0
v 979.4164816022236 140.43836050030527 0
v 979.6258755229042 137.77920230292366 0
v 979.7736197329657 135.13856338004186 0
v 979.8611610625288 132.5182571767335 0
v 979.89 129.92 0
v 979.89 129.92 0
v 979.8611610625288 127.32174282326646 0
v 979.7736197329657 124.70143661995807 0
v 979.6258755229042 122.0607976970763 0
v 979.4164816022236 119.40163949969468 0
v 979.1440514832361 116.72587147420842 0
v 978.8072657824646 114.03549743858602 0
v 978.404879021678 111.33261344017107 0
v 977.9357264268442 108.61940508463431 0
v 977.3987306809339 105.89814432314554 0
v 976.7929085840638 103.17118568870141 0
v 976.1173775723773 100.4409619767941 0
v 975.371362045374 97.70997937020107 0
v 974.554199450163 94.98081201258091 0
v 973.6653460704069 92.25609604072942 0
v 972.7043824675501 89.53852309072211 0
v 971.6710185223682 86.83083329868715 0
v 970.565098025933 84.13580782253979 0
v 969.3866027708056 81.45626091659089 0
v 968.1356560956475 78.79503159643774 0
v 966.812525839491 76.15497493686424 0
v 965.4176266656099 73.53895305053797 0
v 963.9515217192744 70.94982580000013 0
v 962.414923588607 68.39044129971928 0
v 960.8086945432553 65.8636262687352 0
v 959.1338460315663 63.37217629758009 0
v 957.3915374233608 60.918846095660825 0
v 955.5830739921357 58.50633978705908 0
v 953.7099041375112 56.137301323706055 0
v 951.7736158558745 53.81430508508167 0
v 949.7759324743471 51.53984673294978 0
v 947.718707670313 49.31633438816746 0
v 945.6039198056974 47.14608019430273 0
v 943.4336656118325 45.031292329686806 0
v 941.2101532670503 42.97406752565293 0
v 938.9356949149184 40.97638414412545 0
v 936.6126986762938 39.04009586248885 0
v 934.2436602129409 37.16692600786418 0
v 931.831153904339 35.358462576639 0
v 929.37782370242 33.61615396843363 0
v 926.8863737312648 31.94130545674466 0
v 924.3595587002807 30.33507641139291 0
v 921.8001741999998 28.798478280725654 0
v 919.2110469494619 27.332373334390063 0
v 916.5950250631357 25.93747416050913 0
v 913.9549684035622 24.61434390435259 0
v 911.2937390834089 23.363397229194433 0
v 908.6141921774603 22.18490197406699 0
v 905.9191667013129 21.078981477631896 0
v 903.211476909278 20.04561753245 0
v 900.4939039592706 19.084653929593177 0
v 897.769187987419 18.19580054983704 0
v 895.0400206297988 17.37863795462608 0
v 892.3090380232059 16.63262242762266 0
v 889.5788143112986 15.957091415936251 0
v 886.8518556768544 15.351269319066034 0
v 884.1305949153656 14.81427357315579 0
v 881.417386559829 14.345120978322049 0
v 878.7145025614138 13.942734217535389 0
v 876.0241285257915 13.605948516763906 0
v 873.3483605003051 13.333518397776409 0
v 870.6892023029236 13.124124477095844 0
v 868.0485633800419 12.976380267034282 0
v 865.4282571767334 12.888838937471203 0
v 862.8299999999999 12.859999999999985 0
v 862.8299999999999 12.859999999999985 0
v 860.2317428232664 12.888838937471203 0
v 857.611436619958 12.976380267034282 0
v 854.9707976970763 13.124124477095842 0
v 852.3116394996945 13.333518397776405 0
v 849.6358714742083 13.605948516763906 0
v 846.945497438586 13.94273421753539 0
v 844.2426134401711 14.345120978322047 0
v 841.5294050846343 14.814273573155786 0
v 838.8081443231457 15.351269319066029 0
v 836.0811856887015 15.957091415936247 0
v 833.350961976794 16.632622427622657 0
v 830.6199793702011 17.37863795462608 0
v 827.8908120125808 18.19580054983704 0
v 825.1660960407295 19.08465392959317 0
v 822.448523090722 20.045617532449995 0
v 819.7408332986872 21.078981477631892 0
v 817.0458078225397 22.18490197406699 0
v 814.3662609165908 23.363397229194433 0
v 811.7050315964377 24.61434390435259 0
v 809.0649749368642 25.937474160509122 0
v 806.4489530505379 27.33237333439006 0
v 803.8598258000002 28.798478280725643 0
v 801.3004412997193 30.335076411392905 0
v 798.7736262687353 31.94130545674466 0
v 796.2821762975801 33.61615396843362 0
v 793.8288460956608 35.35846257663899 0
v 791.416339787059 37.16692600786417 0
v 789.0473013237059 39.04009586248885 0
v 786.7243050850817 40.97638414412545 0
v 784.4498467329498 42.97406752565293 0
v 782.2263343881674 45.0312923296868 0
v 780.0560801943028 47.14608019430273 0
v 777.9412923296867 49.31633438816746 0
v 775.884067525653 51.53984673294977 0
v 773.8863841441255 53.814305085081656 0
v 771.9500958624888 56.13730132370605 0
v 770.0769260078641 58.506339787059076 0
v 768.268462576639 60.91884609566082 0
v 766.5261539684336 63.37217629758008 0
v 764.8513054567446 65.86362626873519 0
v 763.2450764113928 68.39044129971927 0
v 761.7084782807257 70.94982580000013 0
v 760.24237333439 73.53895305053797 0
v 758.847474160509 76.15497493686424 0
v 757.5243439043527 78.79503159643772 0
v 756.2733972291943 81.45626091659088 0
v 755.094901974067 84.13580782253979 0
v 753.988981477632 86.83083329868717 0
v 752.95561753245 89.53852309072211 0
v 751.9946539295933 92.25609604072942 0
v 751.1058005498371 94.98081201258091 0
v 750.2886379546261 97.70997937020107 0
v 749.5426224276226 100.4409619767941 0
v 748.8670914159363 103.17118568870141 0
v 748.2612693190661 105.89814432314554 0
v 747.7242735731558 108.61940508463431 0
v 747.255120978322 111.33261344017106 0
v 746.8527342175354 114.03549743858602 0
v 746.515948516764 116.72587147420842 0
v 746.2435183977765 119.40163949969467 0
v 746.0341244770958 122.0607976970763 0
v 745.8863802670343 124.70143661995807 0
v 745.7988389374713 127.32174282326646 0
v 745.77 129.92 0
v 746.6800000000001 129.92 0
v 746.7086146958736 132.4980588987839 0
v 746.795475444505 135.09799542166715 0
v 746.9420710699244 137.7181066038423 0
v 747.1498371550052 140.35659309755394 0
v 747.4201494092779 143.01156030001252 0
v 747.7543169597157 145.68101997047268 0
v 748.1535756025697 148.36289235577877 0
v 748.6190810572676 151.05500884064818 0
v 749.1519022661059 153.755115135524 0
v 749.7530147858794 156.46087501098876 0
v 750.4232943196758 159.1698745835184 0
v 751.1635104387359 161.87962715279394 0
v 751.9743205454931 164.58757858592173 0
v 752.8562641296351 167.29111323878612 0
v 753.8097573691706 169.98756039942472 0
v 754.8350881280734 172.67420123284572 0
v 755.9324114010055 175.34827620115925 0
v 757.1017452539269 178.00699292735874 0
v 758.3429673070406 180.64753446563577 0
v 759.6558118034856 183.2670679358313 0
v 761.0398673035322 185.86275347461037 0
v 762.4945750397153 188.43175345126897 0
v 764.0192279634442 190.97124189184652 0
v 765.6129705081885 193.47841405148566 0
v 767.274799088392 195.95049607184922 0
v 769.0035633469265 198.3847546579239 0
v 770.7979681572036 200.7785067067822 0
v 772.656576379134 203.1291288198827 0
v 774.5778123610482 205.43406663029563 0
v 776.5599661725669 207.6908438768749 0
v 778.6011985463542 209.89707115886003 0
v 780.6995464997976 212.05045430667653 0
v 782.8529296010464 214.1488023077874 0
v 785.0591568376099 216.19003473029355 0
v 787.3159340399573 218.1721885915318 0
v 789.6208718073696 220.09342462411408 0
v 791.9714938787394 221.95203289760698 0
v 794.3652458871729 223.74643776028546 0
v 796.799504434162 225.47520207200353 0
v 799.2715864168093 227.13703070611456 0
v 801.7787585401287 228.73077330543148 0
v 804.3182469458072 230.2554262843388 0
v 806.8872468890085 231.71013407624582 0
v 809.48293239579 233.094189632502 0
v 812.1024658354628 234.40703418558113 0
v 814.7430073447034 235.6482562956935 0
v 817.4017240433618 236.8175902059186 0
v 820.0757989856346 237.91491353639915 0
v 822.7624397945185 238.94024435303692 0
v 825.4588869321234 239.89373765043564 0
v 828.1624215634538 240.77568129251202 0
v 830.8703729765422 241.58649145721944 0
v 833.5801255272636 242.3267076341903 0
v 836.289125082714 242.99698722580584 0
v 838.9948849425602 243.59809980325429 0
v 841.6949912232633 244.13092106957401 0
v 844.387107695387 244.5964265815118 0
v 847.0689800693547 244.99568528131735 0
v 849.7384397298617 245.32985288837426 0
v 852.3934069237285 245.60016519889095 0
v 855.0318934101845 245.80793133980032 0
v 857.652004586413 245.95452702059444 0
v 860.2519411046305 246.04138782411013 0
v 862.83 246.07000257434333 0
v 862.83 246.07000257434333 0
v 865.4080588953694 246.04138782411013 0
v 868.0079954135869 245.95452702059447 0
v 870.6281065898155 245.80793133980035 0
v 873.2665930762714 245.60016519889095 0
v 875.9215602701383 245.32985288837426 0
v 878.5910199306453 244.99568528131738 0
v 881.2728923046129 244.5964265815118 0
v 883.9650087767368 244.13092106957401 0
v 886.6651150574396 243.5980998032543 0
v 889.3708749172863 242.99698722580584 0
v 892.0798744727366 242.32670763419029 0
v 894.7896270234583 241.58649145721944 0
v 897.4975784365463 240.77568129251202 0
v 900.2011130678768 239.89373765043564 0
v 902.8975602054815 238.94024435303695 0
v 905.5842010143652 237.91491353639915 0
v 908.2582759566385 236.81759020591866 0
v 910.9169926552964 235.6482562956935 0
v 913.5575341645373 234.40703418558115 0
v 916.1770676042099 233.094189632502 0
v 918.7727531109916 231.71013407624588 0
v 921.3417530541927 230.25542628433885 0
v 923.8812414598714 228.7307733054315 0
v 926.3884135831908 227.1370307061146 0
v 928.860495565838 225.4752020720036 0
v 931.2947541128269 223.7464377602855 0
v 933.6885061212607 221.95203289760698 0
v 936.0391281926305 220.0934246241141 0
v 938.3440659600428 218.1721885915318 0
v 940.6008431623903 216.19003473029358 0
v 942.8070703989536 214.14880230778743 0
v 944.9604535002024 212.05045430667653 0
v 947.0588014536457 209.89707115886006 0
v 949.1000338274333 207.69084387687496 0
v 951.0821876389517 205.43406663029566 0
v 953.003423620866 203.12912881988274 0
v 954.8620318427963 200.77850670678222 0
v 956.6564366530735 198.3847546579239 0
v 958.3852009116082 195.95049607184927 0
v 960.0470294918117 193.47841405148566 0
v 961.6407720365559 190.97124189184652 0
v 963.1654249602847 188.43175345126903 0
v 964.6201326964677 185.8627534746104 0
v 966.0041881965146 183.26706793583134 0
v 967.3170326929594 180.64753446563577 0
v 968.558254746073 178.0069929273588 0
v 969.7275885989948 175.34827620115925 0
v 970.8249118719265 172.67420123284572 0
v 971.8502426308295 169.98756039942478 0
v 972.8037358703651 167.29111323878612 0
v 973.6856794545068 164.5875785859218 0
v 974.4964895612643 161.87962715279394 0
v 975.2367056803241 159.16987458351838 0
v 975.9069852141208 156.4608750109888 0
v 976.5080977338941 153.75511513552402 0
v 977.0409189427323 151.0550088406482 0
v 977.5064243974305 148.36289235577877 0
v 977.9056830402842 145.68101997047265 0
v 978.2398505907221 143.01156030001252 0
v 978.5101628449947 140.35659309755394 0
v 978.7179289300757 137.7181066038423 0
v 978.8645245554952 135.09799542166715 0
v 978.9513853041266 132.4980588987839 0
v 978.98 129.92 0
v 978.98 129.92 0
v 978.9513853041266 127.34194110121607 0
v 978.8645245554951 124.7420045783328 0
v 978.7179289300757 122.12189339615769 0
v 978.5101628449946 119.48340690244603 0
v 978.2398505907221 116.82843969998747 0
v 977.9056830402843 114.15898002952731 0
v 977.5064243974305 111.47710764422122 0
v 977.0409189427324 108.78499115935176 0
v 976.5080977338941 106.08488486447595 0
v 975.9069852141209 103.37912498901122 0
v 975.2367056803242 100.6701254164816 0
v 974.4964895612643 97.96037284720607 0
v 973.6856794545068 95.25242141407824 0
v 972.8037358703652 92.54888676121385 0
v 971.8502426308295 89.85243960057527 0
v 970.8249118719267 87.16579876715426 0
v 969.7275885989948 84.49172379884077 0
v 968.558254746073 81.83300707264118 0
v 967.3170326929594 79.19246553436423 0
v 966.0041881965146 76.57293206416864 0
v 964.6201326964679 73.97724652538962 0
v 963.1654249602849 71.40824654873097 0
v 961.6407720365559 68.86875810815346 0
v 960.0470294918117 66.36158594851433 0
v 958.3852009116082 63.889503928150724 0
v 956.6564366530735 61.45524534207605 0
v 954.8620318427963 59.061493293217744 0
v 953.0034236208661 56.71087118011725 0
v 951.0821876389521 54.40593336970433 0
v 949.1000338274333 52.14915612312506 0
v 947.0588014536457 49.94292884113991 0
v 944.9604535002026 47.78954569332345 0
v 942.8070703989537 45.69119769221259 0
v 940.6008431623904 43.649965269706456 0
v 938.3440659600428 41.66781140846816 0
v 936.0391281926306 39.7465753758859 0
v 933.6885061212607 37.88796710239298 0
v 931.294754112827 36.09356223971449 0
v 928.8604955658382 34.36479792799641 0
v 926.3884135831906 32.70296929388541 0
v 923.8812414598715 31.109226694568495 0
v 921.3417530541928 29.58457371566117 0
v 918.7727531109916 28.129865923754124 0
v 916.17706760421 26.745810367497963 0
v 913.5575341645373 25.432965814418832 0
v 910.9169926552966 24.19174370430645 0
v 908.2582759566385 23.022409794081366 0
v 905.5842010143655 21.92508646360082 0
v 902.8975602054815 20.89975564696305 0
v 900.2011130678769 19.94626234956433 0
v 897.4975784365463 19.064318707487956 0
v 894.7896270234583 18.25350854278058 0
v 892.0798744727366 17.513292365809654 0
v 889.3708749172864 16.84301277419418 0
v 886.6651150574397 16.24190019674569 0
v 883.9650087767368 15.70907893042593 0
v 881.272892304613 15.24357341848818 0
v 878.5910199306453 14.844314718682606 0
v 875.9215602701383 14.510147111625695 0
v 873.2665930762714 14.239834801109039 0
v 870.6281065898156 14.032068660199643 0
v 868.007995413587 13.885472979405524 0
v 865.4080588953694 13.798612175889836 0
v 862.83 13.76999742565664 0
v 862.83 13.76999742565664 0
v 860.2519411046306 13.798612175889836 0
v 857.6520045864131 13.885472979405524 0
v 855.0318934101847 14.032068660199641 0
v 852.3934069237285 14.239834801109037 0
v 849.7384397298617 14.510147111625693 0
v 847.0689800693549 14.844314718682606 0
v 844.387107695387 15.243573418488179 0
v 841.6949912232633 15.709078930425925 0
v 838.9948849425604 16.241900196745686 0
v 836.289125082714 16.84301277419418 0
v 833.5801255272635 17.51329236580965 0
v 830.8703729765421 18.253508542780576 0
v 828.1624215634538 19.064318707487953 0
v 825.4588869321233 19.946262349564325 0
v 822.7624397945185 20.899755646963047 0
v 820.0757989856347 21.92508646360082 0
v 817.4017240433618 23.02240979408136 0
v 814.7430073447034 24.191743704306447 0
v 812.1024658354629 25.43296581441883 0
v 809.4829323957902 26.745810367497963 0
v 806.8872468890085 28.129865923754114 0
v 804.3182469458072 29.584573715661158 0
v 801.7787585401287 31.109226694568484 0
v 799.2715864168093 32.70296929388541 0
v 796.7995044341621 34.36479792799641 0
v 794.3652458871729 36.09356223971447 0
v 791.9714938787395 37.88796710239298 0
v 789.6208718073696 39.7465753758859 0
v 787.3159340399573 41.667811408468154 0
v 785.05915683761 43.64996526970645 0
v 782.8529296010464 45.69119769221258 0
v 780.6995464997977 47.78954569332345 0
v 778.6011985463542 49.9429288411399 0
v 776.5599661725669 52.14915612312506 0
v 774.5778123610484 54.40593336970433 0
v 772.6565763791341 56.71087118011724 0
v 770.7979681572036 59.06149329321773 0
v 769.0035633469265 61.45524534207604 0
v 767.274799088392 63.88950392815072 0
v 765.6129705081885 66.36158594851432 0
v 764.0192279634443 68.86875810815346 0
v 762.4945750397153 71.40824654873097 0
v 761.0398673035322 73.9772465253896 0
v 759.6558118034856 76.57293206416864 0
v 758.3429673070406 79.19246553436423 0
v 757.101745253927 81.8330070726412 0
v 755.9324114010055 84.49172379884075 0
v 754.8350881280735 87.16579876715426 0
v 753.8097573691706 89.85243960057524 0
v 752.8562641296352 92.54888676121385 0
v 751.9743205454931 95.25242141407823 0
v 751.1635104387358 97.96037284720607 0
v 750.4232943196758 100.67012541648157 0
v 749.7530147858794 103.37912498901122 0
v 749.1519022661059 106.08488486447594 0
v 748.6190810572676 108.78499115935176 0
v 748.1535756025697 111.47710764422122 0
v 747.7543169597158 114.1589800295273 0
v 747.420149409278 116.82843969998747 0
v 747.1498371550052 119.48340690244602 0
v 746.9420710699244 122.1218933961577 0
v 746.795475444505 124.7420045783328 0
v 746.7086146958736 127.34194110121607 0
v 746.6800000000001 129.92 0
v 768.818 128.4 0
v 768.8411608251286 130.48668506491603 0
v 768.9114660999866 132.59107791290364 0
v 769.0301208810929 134.7118001614767 0
v 769.1982871314859 136.847395415639 0
v 769.4170783526228 138.99633018081943 0
v 769.687554153929 141.15699517173803 0
v 770.0107147908253 143.32770703282623 0
v 770.3874957044211 145.50671048337057 0
v 770.8187620982746 147.69218089776558 0
v 771.3053035895696 149.8822273281548 0
v 771.8478289737371 152.0748959733268 0
v 772.4469611429208 154.26817409404288 0
v 773.1032321996522 156.459994371034 0
v 773.8170788076964 158.6482396977528 0
v 774.5888378221484 160.83074839565208 0
v 775.4187422405188 163.0053198353308 0
v 776.3069175156842 165.16972044240038 0
v 777.253378270212 167.32169006244197 0
v 778.2580254496497 169.4589486550119 0
v 779.3206439499213 171.579203282381 0
v 780.4409007510052 173.6801553546286 0
v 781.6183435855766 175.75950808893202 0
v 782.8524001673319 177.81497413745765 0
v 784.1423779993122 179.84428333524403 0
v 785.4874647777242 181.84519051693061 0
v 786.8867294016314 183.8154833491776 0
v 788.3391235934677 185.7529901242013 0
v 789.8434841297138 187.65558745904445 0
v 791.398535675359 189.52120784504783 0
v 793.0028942099922 191.34784699249897 0
v 794.6550710276655 193.13357091662053 0
v 796.3534772870903 194.87652271290975 0
v 798.0964290833796 196.57492897233456 0
v 799.8821530075011 198.22710579000784 0
v 801.7087921549521 199.831464324641 0
v 803.5744125409554 201.3865158702862 0
v 805.4770098757987 202.8908764065323 0
v 807.4145166508223 204.34327059836846 0
v 809.3848094830693 205.74253522227593 0
v 811.3857166647559 207.08762200068787 0
v 813.4150258625424 208.37759983266812 0
v 815.4704919110678 209.61165641442352 0
v 817.5498446453714 210.78909924899472 0
v 819.650796717619 211.9093560500787 0
v 821.771051344988 212.9719745503503 0
v 823.908309937558 213.9766217297879 0
v 826.0602795575995 214.92308248431584 0
v 828.2246801646692 215.8112577594812 0
v 830.3992516043479 216.6411621778516 0
v 832.5817603022472 217.41292119230386 0
v 834.7700056289659 218.12676780034786 0
v 836.9618259059571 218.78303885707925 0
v 839.1551040266731 219.3821710262629 0
v 841.3477726718452 219.92469641043056 0
v 843.5378191022345 220.41123790172531 0
v 845.7232895166294 220.842504295579 0
v 847.9022929671738 221.2192852091747 0
v 850.0730048282618 221.5424458460709 0
v 852.2336698191806 221.81292164737732 0
v 854.3826045843609 222.03171286851398 0
v 856.5181998385232 222.1998791189071 0
v 858.6389220870963 222.31853390001342 0
v 860.7433149350838 222.38883917487146 0
v 862.8299999999999 222.412 0
v 862.8299999999999 222.412 0
v 864.9166850649159 222.3888391748715 0
v 867.0210779129034 222.31853390001342 0
v 869.1418001614767 222.1998791189071 0
v 871.2773954156389 222.03171286851398 0
v 873.4263301808193 221.81292164737732 0
v 875.586995171738 221.54244584607093 0
v 877.7577070328261 221.21928520917464 0
v 879.9367104833706 220.842504295579 0
v 882.1221808977656 220.41123790172531 0
v 884.3122273281549 219.92469641043056 0
v 886.5048959733267 219.3821710262629 0
v 888.6981740940429 218.78303885707925 0
v 890.8899943710338 218.12676780034786 0
v 893.0782396977529 217.41292119230386 0
v 895.2607483956522 216.6411621778516 0
v 897.4353198353307 215.8112577594812 0
v 899.5997204424004 214.92308248431587 0
v 901.7516900624419 213.9766217297879 0
v 903.8889486550119 212.9719745503503 0
v 906.009203282381 211.9093560500787 0
v 908.1101553546287 210.78909924899472 0
v 910.189508088932 209.6116564144235 0
v 912.2449741374577 208.3775998326681 0
v 914.274283335244 207.08762200068787 0
v 916.2751905169306 205.74253522227593 0
v 918.2454833491776 204.34327059836846 0
v 920.1829901242012 202.8908764065323 0
v 922.0855874590445 201.38651587028616 0
v 923.9512078450479 199.83146432464105 0
v 925.7778469924989 198.22710579000784 0
v 927.5635709166205 196.57492897233456 0
v 929.3065227129098 194.87652271290972 0
v 931.0049289723346 193.1335709166205 0
v 932.6571057900079 191.34784699249897 0
v 934.2614643246411 189.52120784504783 0
v 935.8165158702863 187.65558745904445 0
v 937.3208764065324 185.7529901242013 0
v 938.7732705983684 183.8154833491776 0
v 940.172535222276 181.84519051693061 0
v 941.5176220006879 179.84428333524403 0
v 942.8075998326681 177.81497413745765 0
v 944.0416564144235 175.75950808893205 0
v 945.2190992489948 173.68015535462857 0
v 946.3393560500787 171.579203282381 0
v 947.4019745503502 169.45894865501194 0
v 948.4066217297877 167.32169006244197 0
v 949.3530824843159 165.16972044240043 0
v 950.2412577594811 163.0053198353308 0
v 951.0711621778518 160.83074839565208 0
v 951.8429211923038 158.6482396977528 0
v 952.5567678003479 156.459994371034 0
v 953.2130388570793 154.26817409404288 0
v 953.8121710262628 152.0748959733268 0
v 954.3546964104306 149.88222732815484 0
v 954.8412379017252 147.69218089776558 0
v 955.272504295579 145.50671048337054 0
v 955.6492852091748 143.32770703282623 0
v 955.9724458460707 141.15699517173798 0
v 956.2429216473773 138.9963301808194 0
v 956.4617128685138 136.84739541563903 0
v 956.6298791189071 134.7118001614767 0
v 956.7485339000135 132.59107791290364 0
v 956.8188391748715 130.48668506491603 0
v 956.842 128.4 0
v 956.842 128.4 0
v 956.8188391748715 126.31331493508397 0
v 956.7485339000134 124.20892208709638 0
v 956.6298791189071 122.08819983852331 0
v 956.4617128685138 119.95260458436098 0
v 956.2429216473773 117.80366981918061 0
v 955.9724458460709 115.64300482826202 0
v 955.6492852091746 113.47229296717379 0
v 955.2725042955791 111.29328951662944 0
v 954.8412379017252 109.10781910223444 0
v 954.3546964104306 106.9177726718452 0
v 953.812171026263 104.72510402667324 0
v 953.2130388570793 102.53182590595715 0
v 952.5567678003478 100.34000562896598 0
v 951.8429211923038 98.1517603022472 0
v 951.0711621778518 95.96925160434793 0
v 950.2412577594811 93.79468016466922 0
v 949.353082484316 91.63027955759964 0
v 948.4066217297877 89.47830993755804 0
v 947.4019745503502 87.34105134498809 0
v 946.3393560500787 85.22079671761902 0
v 945.2190992489948 83.11984464537142 0
v 944.0416564144235 81.04049191106796 0
v 942.8075998326681 78.98502586254237 0
v 941.5176220006879 76.95571666475598 0
v 940.172535222276 74.95480948306938 0
v 938.7732705983684 72.98451665082237 0
v 937.3208764065322 71.04700987579874 0
v 935.8165158702863 69.14441254095554 0
v 934.2614643246409 67.27879215495217 0
v 932.6571057900079 65.45215300750108 0
v 931.0049289723345 63.66642908337948 0
v 929.3065227129097 61.92347728709031 0
v 927.5635709166205 60.225071027665464 0
v 925.7778469924989 58.57289420999219 0
v 923.9512078450479 56.968535675359 0
v 922.0855874590445 55.41348412971385 0
v 920.1829901242012 53.90912359346771 0
v 918.2454833491776 52.456729401631534 0
v 916.2751905169306 51.05746477772411 0
v 914.274283335244 49.71237799931216 0
v 912.2449741374576 48.4224001673319 0
v 910.189508088932 47.188343585576476 0
v 908.1101553546285 46.0109007510053 0
v 906.009203282381 44.890643949921284 0
v 903.8889486550119 43.828025449649736 0
v 901.7516900624419 42.8233782702121 0
v 899.5997204424004 41.876917515684156 0
v 897.4353198353306 40.98874224051881 0
v 895.260748395652 40.1588378221484 0
v 893.0782396977529 39.38707880769619 0
v 890.8899943710339 38.67323219965216 0
v 888.6981740940429 38.016961142920806 0
v 886.5048959733267 37.41782897373709 0
v 884.3122273281549 36.87530358956946 0
v 882.1221808977656 36.38876209827471 0
v 879.9367104833706 35.95749570442101 0
v 877.7577070328261 35.58071479082535 0
v 875.5869951717378 35.257554153929085 0
v 873.4263301808193 34.987078352622675 0
v 871.2773954156389 34.768287131486055 0
v 869.1418001614767 34.60012088109291 0
v 867.0210779129035 34.48146609998658 0
v 864.9166850649159 34.41116082512852 0
v 862.8299999999999 34.388000000000005 0
v 862.8299999999999 34.388000000000005 0
v 860.7433149350838 34.41116082512852 0
v 858.6389220870963 34.48146609998658 0
v 856.5181998385232 34.60012088109291 0
v 854.3826045843609 34.76828713148605 0
v 852.2336698191806 34.987078352622675 0
v 850.0730048282619 35.257554153929085 0
v 847.9022929671738 35.58071479082535 0
v 845.7232895166294 35.95749570442101 0
v 843.5378191022344 36.38876209827471 0
v 841.3477726718452 36.87530358956945 0
v 839.1551040266731 37.41782897373709 0
v 836.9618259059571 38.0169611429208 0
v 834.7700056289659 38.67323219965216 0
v 832.5817603022473 39.387078807696184 0
v 830.3992516043479 40.1588378221484 0
v 828.2246801646692 40.98874224051881 0
v 826.0602795575994 41.876917515684156 0
v 823.908309937558 42.823378270212096 0
v 821.771051344988 43.82802544964973 0
v 819.650796717619 44.890643949921284 0
v 817.5498446453714 46.0109007510053 0
v 815.4704919110679 47.18834358557647 0
v 813.4150258625424 48.4224001673319 0
v 811.3857166647559 49.71237799931216 0
v 809.3848094830693 51.0574647777241 0
v 807.4145166508222 52.45672940163152 0
v 805.4770098757986 53.90912359346769 0
v 803.5744125409554 55.413484129713844 0
v 801.7087921549522 56.968535675358986 0
v 799.882153007501 58.572894209992185 0
v 798.0964290833796 60.22507102766544 0
v 796.3534772870903 61.9234772870903 0
v 794.6550710276655 63.66642908337948 0
v 793.0028942099922 65.45215300750108 0
v 791.398535675359 67.27879215495216 0
v 789.8434841297138 69.14441254095554 0
v 788.3391235934675 71.04700987579872 0
v 786.8867294016314 72.98451665082237 0
v 785.4874647777242 74.95480948306938 0
v 784.1423779993122 76.95571666475597 0
v 782.8524001673319 78.98502586254237 0
v 781.6183435855766 81.04049191106795 0
v 780.4409007510053 83.11984464537142 0
v 779.3206439499213 85.22079671761902 0
v 778.2580254496498 87.34105134498807 0
v 777.2533782702121 89.47830993755804 0
v 776.3069175156842 91.63027955759964 0
v 775.4187422405188 93.79468016466922 0
v 774.5888378221484 95.96925160434792 0
v 773.8170788076964 98.1517603022472 0
v 773.1032321996521 100.34000562896598 0
v 772.4469611429208 102.53182590595715 0
v 771.847828973737 104.72510402667324 0
v 771.3053035895696 106.9177726718452 0
v 770.8187620982746 109.10781910223443 0
v 770.3874957044211 111.29328951662944 0
v 770.0107147908253 113.47229296717379 0
v 769.6875541539289 115.64300482826201 0
v 769.4170783526228 117.80366981918061 0
v 769.1982871314859 119.95260458436098 0
v 769.0301208810929 122.08819983852331 0
v 768.9114660999866 124.20892208709638 0
v 768.8411608251286 126.31331493508397 0
v 768.818 128.4 0
v 768.818 129.9 0
v 768.8411608251286 131.98668506491603 0
v 768.9114660999866 134.09107791290367 0
v 769.0301208810929 136.2118001614767 0
v 769.1982871314859 138.347395415639 0
v 769.4170783526228 140.4963301808194 0
v 769.687554153929 142.65699517173803 0
v 770.0107147908253 144.82770703282625 0
v 770.3874957044211 147.00671048337057 0
v 770.8187620982746 149.19218089776558 0
v 771.3053035895696 151.38222732815484 0
v 771.8478289737371 153.5748959733268 0
v 772.4469611429208 155.76817409404288 0
v 773.1032321996522 157.95999437103404 0
v 773.8170788076964 160.1482396977528 0
v 774.5888378221484 162.3307483956521 0
v 775.4187422405188 164.50531983533077 0
v 776.3069175156842 166.66972044240038 0
v 777.253378270212 168.82169006244197 0
v 778.2580254496497 170.95894865501194 0
v 779.3206439499213 173.079203282381 0
v 780.4409007510052 175.1801553546286 0
v 781.6183435855766 177.25950808893205 0
v 782.8524001673319 179.31497413745763 0
v 784.1423779993122 181.34428333524403 0
v 785.4874647777242 183.34519051693064 0
v 786.8867294016314 185.3154833491776 0
v 788.3391235934677 187.25299012420126 0
v 789.8434841297138 189.15558745904445 0
v 791.398535675359 191.02120784504785 0
v 793.0028942099922 192.84784699249897 0
v 794.6550710276655 194.63357091662053 0
v 796.3534772870903 196.37652271290975 0
v 798.0964290833796 198.07492897233456 0
v 799.8821530075011 199.72710579000787 0
v 801.7087921549521 201.33146432464102 0
v 803.5744125409554 202.88651587028613 0
v 805.4770098757987 204.39087640653227 0
v 807.4145166508223 205.84327059836846 0
v 809.3848094830693 207.24253522227593 0
v 811.3857166647559 208.58762200068787 0
v 813.4150258625424 209.87759983266812 0
v 815.4704919110678 211.11165641442355 0
v 817.5498446453714 212.28909924899475 0
v 819.650796717619 213.4093560500787 0
v 821.771051344988 214.4719745503503 0
v 823.908309937558 215.47662172978787 0
v 826.0602795575995 216.42308248431587 0
v 828.2246801646692 217.3112577594812 0
v 830.3992516043479 218.14116217785164 0
v 832.5817603022472 218.91292119230383 0
v 834.7700056289659 219.62676780034786 0
v 836.9618259059571 220.28303885707925 0
v 839.1551040266731 220.8821710262629 0
v 841.3477726718452 221.42469641043058 0
v 843.5378191022345 221.9112379017253 0
v 845.7232895166294 222.34250429557898 0
v 847.9022929671738 222.71928520917467 0
v 850.0730048282618 223.0424458460709 0
v 852.2336698191806 223.31292164737735 0
v 854.3826045843609 223.53171286851398 0
v 856.5181998385232 223.69987911890712 0
v 858.6389220870963 223.81853390001342 0
v 860.7433149350838 223.88883917487146 0
v 862.8299999999999 223.912 0
v 862.8299999999999 223.912 0
v 864.9166850649159 223.8888391748715 0
v 867.0210779129034 223.81853390001342 0
v 869.1418001614767 223.69987911890712 0
v 871.2773954156389 223.53171286851398 0
v 873.4263301808193 223.31292164737735 0
v 875.586995171738 223.04244584607093 0
v 877.7577070328261 222.71928520917467 0
v 879.9367104833706 222.34250429557898 0
v 882.1221808977656 221.91123790172531 0
v 884.3122273281549 221.42469641043058 0
v 886.5048959733267 220.8821710262629 0
v 888.6981740940429 220.28303885707925 0
v 890.8899943710338 219.62676780034784 0
v 893.0782396977529 218.91292119230383 0
v 895.2607483956522 218.14116217785164 0
v 897.4353198353307 217.3112577594812 0
v 899.5997204424004 216.42308248431587 0
v 901.7516900624419 215.4766217297879 0
v 903.8889486550119 214.4719745503503 0
v 906.009203282381 213.4093560500787 0
v 908.1101553546287 212.2890992489947 0
v 910.189508088932 211.11165641442352 0
v 912.2449741374577 209.8775998326681 0
v 914.274283335244 208.58762200068787 0
v 916.2751905169306 207.24253522227593 0
v 918.2454833491776 205.84327059836846 0
v 920.1829901242012 204.39087640653233 0
v 922.0855874590445 202.88651587028613 0
v 923.9512078450479 201.33146432464102 0
v 925.7778469924989 199.72710579000787 0
v 927.5635709166205 198.07492897233456 0
v 929.3065227129098 196.37652271290972 0
v 931.0049289723346 194.6335709166205 0
v 932.6571057900079 192.84784699249897 0
v 934.2614643246411 191.02120784504785 0
v 935.8165158702863 189.15558745904445 0
v 937.3208764065324 187.25299012420126 0
v 938.7732705983684 185.3154833491776 0
v 940.172535222276 183.34519051693064 0
v 941.5176220006879 181.34428333524403 0
v 942.8075998326681 179.31497413745763 0
v 944.0416564144235 177.25950808893205 0
v 945.2190992489948 175.1801553546286 0
v 946.3393560500787 173.079203282381 0
v 947.4019745503502 170.95894865501194 0
v 948.4066217297877 168.82169006244195 0
v 949.3530824843159 166.66972044240038 0
v 950.2412577594811 164.50531983533077 0
v 951.0711621778518 162.3307483956521 0
v 951.8429211923038 160.14823969775284 0
v 952.5567678003479 157.95999437103404 0
v 953.2130388570793 155.7681740940429 0
v 953.8121710262628 153.5748959733268 0
v 954.3546964104306 151.38222732815484 0
v 954.8412379017252 149.19218089776558 0
v 955.272504295579 147.00671048337057 0
v 955.6492852091748 144.82770703282625 0
v 955.9724458460707 142.65699517173798 0
v 956.2429216473773 140.4963301808194 0
v 956.4617128685138 138.347395415639 0
v 956.6298791189071 136.2118001614767 0
v 956.7485339000135 134.09107791290364 0
v 956.8188391748715 131.98668506491603 0
v 956.842 129.9 0
v 956.842 129.9 0
v 956.8188391748715 127.81331493508397 0
v 956.7485339000134 125.70892208709638 0
v 956.6298791189071 123.58819983852332 0
v 956.4617128685138 121.45260458436098 0
v 956.2429216473773 119.30366981918063 0
v 955.9724458460709 117.14300482826202 0
v 955.6492852091746 114.9722929671738 0
v 955.2725042955791 112.79328951662946 0
v 954.8412379017252 110.60781910223443 0
v 954.3546964104306 108.4177726718452 0
v 953.812171026263 106.22510402667322 0
v 953.2130388570793 104.03182590595713 0
v 952.5567678003478 101.84000562896598 0
v 951.8429211923038 99.6517603022472 0
v 951.0711621778518 97.46925160434792 0
v 950.2412577594811 95.29468016466922 0
v 949.353082484316 93.13027955759964 0
v 948.4066217297877 90.97830993755804 0
v 947.4019745503502 88.84105134498809 0
v 946.3393560500787 86.72079671761902 0
v 945.2190992489948 84.61984464537143 0
v 944.0416564144235 82.54049191106795 0
v 942.8075998326681 80.48502586254237 0
v 941.5176220006879 78.45571666475598 0
v 940.172535222276 76.45480948306938 0
v 938.7732705983684 74.48451665082237 0
v 937.3208764065322 72.54700987579874 0
v 935.8165158702863 70.64441254095554 0
v 934.2614643246409 68.77879215495217 0
v 932.6571057900079 66.95215300750108 0
v 931.0049289723345 65.16642908337947 0
v 929.3065227129097 63.42347728709031 0
v 927.5635709166205 61.725071027665464 0
v 925.7778469924989 60.07289420999219 0
v 923.9512078450479 58.468535675359 0
v 922.0855874590445 56.91348412971385 0
v 920.1829901242012 55.4091235934677 0
v 918.2454833491776 53.95672940163153 0
v 916.2751905169306 52.55746477772411 0
v 914.274283335244 51.21237799931217 0
v 912.2449741374576 49.9224001673319 0
v 910.189508088932 48.68834358557647 0
v 908.1101553546285 47.51090075100531 0
v 906.009203282381 46.390643949921284 0
v 903.8889486550119 45.328025449649736 0
v 901.7516900624419 44.3233782702121 0
v 899.5997204424004 43.37691751568417 0
v 897.4353198353306 42.48874224051881 0
v 895.260748395652 41.6588378221484 0
v 893.0782396977529 40.88707880769619 0
v 890.8899943710339 40.17323219965216 0
v 888.6981740940429 39.5169611429208 0
v 886.5048959733267 38.91782897373709 0
v 884.3122273281549 38.375303589569455 0
v 882.1221808977656 37.88876209827471 0
v 879.9367104833706 37.457495704421014 0
v 877.7577070328261 37.08071479082535 0
v 875.5869951717378 36.757554153929085 0
v 873.4263301808193 36.487078352622675 0
v 871.2773954156389 36.268287131486055 0
v 869.1418001614767 36.10012088109291 0
v 867.0210779129035 35.98146609998658 0
v 864.9166850649159 35.91116082512852 0
v 862.8299999999999 35.888000000000005 0
v 862.8299999999999 35.888000000000005 0
v 860.7433149350838 35.91116082512852 0
v 858.6389220870963 35.98146609998658 0
v 856.5181998385232 36.10012088109291 0
v 854.3826045843609 36.26828713148605 0
v 852.2336698191806 36.48707835262267 0
v 850.0730048282619 36.757554153929085 0
v 847.9022929671738 37.08071479082535 0
v 845.7232895166294 37.457495704421014 0
v 843.5378191022344 37.888762098274704 0
v 841.3477726718452 38.375303589569455 0
v 839.1551040266731 38.91782897373708 0
v 836.9618259059571 39.5169611429208 0
v 834.7700056289659 40.17323219965216 0
v 832.5817603022473 40.887078807696184 0
v 830.3992516043479 41.65883782214839 0
v 828.2246801646692 42.4887422405188 0
v 826.0602795575994 43.376917515684156 0
v 823.908309937558 44.323378270212096 0
v 821.771051344988 45.32802544964973 0
v 819.650796717619 46.390643949921284 0
v 817.5498446453714 47.5109007510053 0
v 815.4704919110679 48.68834358557647 0
v 813.4150258625424 49.9224001673319 0
v 811.3857166647559 51.21237799931216 0
v 809.3848094830693 52.5574647777241 0
v 807.4145166508222 53.95672940163152 0
v 805.4770098757986 55.4091235934677 0
v 803.5744125409554 56.91348412971385 0
v 801.7087921549522 58.468535675359 0
v 799.882153007501 60.072894209992185 0
v 798.0964290833796 61.72507102766544 0
v 796.3534772870903 63.42347728709031 0
v 794.6550710276655 65.16642908337947 0
v 793.0028942099922 66.95215300750107 0
v 791.398535675359 68.77879215495216 0
v 789.8434841297138 70.64441254095553 0
v 788.3391235934675 72.54700987579872 0
v 786.8867294016314 74.48451665082237 0
v 785.4874647777242 76.45480948306937 0
v 784.1423779993122 78.45571666475597 0
v 782.8524001673319 80.48502586254237 0
v 781.6183435855766 82.54049191106793 0
v 780.4409007510053 84.6198446453714 0
v 779.3206439499213 86.72079671761902 0
v 778.2580254496498 88.84105134498807 0
v 777.2533782702121 90.97830993755804 0
v 776.3069175156842 93.13027955759964 0
v 775.4187422405188 95.29468016466922 0
v 774.5888378221484 97.46925160434792 0
v 773.8170788076964 99.6517603022472 0
v 773.1032321996521 101.84000562896598 0
v 772.4469611429208 104.03182590595715 0
v 771.847828973737 106.22510402667322 0
v 771.3053035895696 108.4177726718452 0
v 770.8187620982746 110.60781910223443 0
v 770.3874957044211 112.79328951662944 0
v 770.0107147908253 114.9722929671738 0
v 769.6875541539289 117.14300482826201 0
v 769.4170783526228 119.30366981918061 0
v 769.1982871314859 121.45260458436098 0
v 769.0301208810929 123.58819983852331 0
v 768.9114660999866 125.70892208709638 0
v 768.8411608251286 127.81331493508397 0
v 768.818 129.9 0
v 746.82 388.23 0
v 746.8485802211525 390.8049514476644 0
v 746.935336288531 393.4017541487592 0
v 747.081755231591 396.01870719113987 0
v 747.2892709028057 398.65401339589056 0
v 747.5592573534722 401.30578044387863 0
v 747.8930221325852 403.97202249088383 0
v 748.2917995468067 406.6506622905824 0
v 748.7567439224953 409.3395338416348 0
v 749.2889229134743 412.03638557169705 0
v 749.8893109006283 414.7388840673323 0
v 750.5587825314938 417.44461835459987 0
v 751.2981064496852 420.1511047305355 0
v 752.1079392652143 422.85579214088204 0
v 752.9888198174729 425.5560680943047 0
v 753.9411637828081 428.24926509799974 0
v 754.9652586781966 430.9326675941409 0
v 756.0612593114582 433.60351937106674 0
v 757.2291837267592 436.25903141758283 0
v 758.468909691795 438.8963901833087 0
v 759.7801717700195 441.5127662027211 0
v 761.1625590176179 444.1053230355384 0
v 762.6155133406218 446.6712264714205 0
v 764.1383285426709 449.2076539427204 0
v 765.7301500884823 451.7118040853071 0
v 767.3899756021635 454.18090638434046 0
v 769.1166561131643 456.6122308394116 0
v 770.9088980559718 459.00309758169846 0
v 772.7652660227515 461.3508863748001 0
v 774.6841862610452 463.65304593071943 0
v 776.6639509015389 465.90710297309795 0
v 778.7027228938609 468.11067098126443 0
v 780.7985416214838 470.2614585509458 0
v 782.9493291602116 472.35727731056534 0
v 785.1528971384978 474.39604933589396 0
v 787.4069541520979 476.3758140103699 0
v 789.7091136803666 478.2947342835847 0
v 792.0569024469692 480.1511022861864 0
v 794.44776916393 481.94334426567684 0
v 796.8790935948668 483.6700248141797 0
v 799.348195870974 485.32985036614076 0
v 801.8523459918559 486.9216719509646 0
v 804.3887734426844 488.444487192715 0
v 806.9546768593367 489.8974415560632 0
v 809.5472336741717 491.2798288446025 0
v 812.1636096768531 492.5910909643179 0
v 814.8009684271002 493.8308169713476 0
v 817.4564804593887 494.998741429098 0
v 820.1273322233336 496.09474210521734 0
v 822.8107347077352 497.11883704382507 0
v 825.5039317009234 498.07118105269365 0
v 828.2042076450614 498.9520616487531 0
v 830.908895047333 499.7618945083054 0
v 833.6153814163888 500.50121847069653 0
v 836.3211156979553 501.17069014589384 0
v 839.0236141890502 501.7710781774682 0
v 841.720465915713 502.3032572129138 0
v 844.4093374644852 502.76820163307326 0
v 847.0879772630007 503.1669790917301 0
v 849.7542193098958 503.5007439152041 0
v 852.4059863588211 503.7707304101188 0
v 855.0412925655305 503.9782461254332 0
v 857.6582456108644 504.12466511240984 0
v 860.2550483158788 504.21142122348783 0
v 862.8299997684004 504.2400014880915 0
v 862.8299997684004 504.2400014880915 0
v 865.4049512210362 504.21142123365485 0
v 868.0017539263969 504.1246651325988 0
v 870.6187069723153 503.97824615548643 0
v 873.2540131798532 503.77073044986565 0
v 875.9057802298568 503.5007439644608 0
v 878.5720222780843 503.1669791502999 0
v 881.2506620781919 502.76820170074586 0
v 883.9395336288209 502.303257289466 0
v 886.6363853576082 501.7710782626634 0
v 889.3388838511004 501.1706902394822 0
v 892.04461813534 500.50121857241527 0
v 894.7511045073477 499.76189461787857 0
v 897.4557919128528 498.9520617658919 0
v 900.156067860508 498.0711811770969 0
v 902.8492648574986 497.11883717517907 0
v 905.5326673459891 496.09474224319644 0
v 908.2035191143103 494.9987415733652 0
v 910.8590311512619 493.83081712155433 0
v 913.4963899064591 492.5910911201051 0
v 916.1127659143758 491.2798290056006 0
v 918.7053227347304 489.8974417218932 0
v 921.2712261571837 488.44448736298887 0
v 923.8076536140925 486.9216721252855 0
v 926.3118037413304 485.3298505441044 0
v 928.7809060240647 483.67002499537466 0
v 931.2122304618957 481.9433444496851 0
v 933.6030971860124 480.15110247258497 0
v 935.9508859600272 478.29473447194533 0
v 938.2530454959577 476.37581420026066 0
v 940.5071025174623 474.3960495268799 0
v 942.710670503889 472.35727750220923 0
v 944.8614580509848 470.2614587428093 0
v 946.9572767871952 468.1106711729083 0
v 948.9960487883155 465.9071031640839 0
v 950.9758134378093 463.65304612061027 0
v 952.8947336852948 461.3508865631607 0
v 954.7511016614486 459.00309776809695 0
v 956.5433436138023 456.61223102342 0
v 958.2700241345104 454.18090656553534 0
v 959.9298496580507 451.7118042632707 0
v 961.5216712138603 449.20765411704133 0
v 963.0444864260367 446.6712266416942 0
v 964.4974407592858 444.10532320136844 0
v 965.8798280172356 441.5127663637192 0
v 967.1910901059067 438.8963903390959 0
v 968.4308160814729 436.2590315677896 0
v 969.5987405073766 433.60351951533386 0
v 970.6947411513021 430.9326677321201 0
v 971.718836057405 428.2492652293538 0
v 972.6711800334936 425.5560682187078 0
v 973.5520605965332 422.8557922580208 0
v 974.3618934228617 420.1511048401086 0
v 975.1012173518594 417.4446184563186 0
v 975.7706889935282 414.73888416092075 0
v 976.3710769914728 412.0363856568922 0
v 976.9032559932197 409.33953391818704 0
v 977.3682003796441 406.650662358255 0
v 977.7669778045608 403.9720225494536 0
v 978.1007425943197 401.3057804931353 0
v 978.3707290555737 398.65401343563735 0
v 978.5782447373105 396.01870722119315 0
v 978.7246636908195 393.4017541689483 0
v 978.8114197685662 390.80495145783146 0
v 978.84 388.23 0
v 978.84 388.23 0
v 978.8114197788474 385.65504855233564 0
v 978.724663711469 383.0582458512407 0
v 978.5782447684088 380.44129280886017 0
v 978.3707290971943 377.8059866041094 0
v 978.100742646528 375.15421955612146 0
v 977.7669778674148 372.4879775091161 0
v 977.3682004531933 369.8093377094176 0
v 976.9032560775049 367.1204661583652 0
v 976.3710770865258 364.42361442830304 0
v 975.7706890993718 361.72111593266783 0
v 975.1012174685063 359.01538164540017 0
v 974.3618935503148 356.30889526946464 0
v 973.5520607347855 353.60420785911805 0
v 972.6711801825275 350.90393190569546 0
v 971.7188362171921 348.21073490200035 0
v 970.6947413218032 345.5273324058591 0
v 969.598740688542 342.85648062893347 0
v 968.430816273241 340.2009685824172 0
v 967.1910903082052 337.5636098166913 0
v 965.8798282299806 334.947233797279 0
v 964.4974409823824 332.3546769644617 0
v 963.0444866593781 329.7887735285796 0
v 961.5216714573291 327.25234605727957 0
v 959.929849911518 324.748195914693 0
v 958.2700243978363 322.2790936156596 0
v 956.5433438868358 319.8477691605885 0
v 954.7511019440282 317.4569024183016 0
v 952.8947339772485 315.10911362519994 0
v 950.9758137389549 312.80695406928055 0
v 948.9960490984612 310.5528970269021 0
v 946.9572771061391 308.3493290187356 0
v 944.8614583785163 306.1985414490542 0
v 942.7106708397885 304.1027226894347 0
v 940.5071028615024 302.0639506641062 0
v 938.2530458479022 300.0841859896301 0
v 935.9508863196335 298.1652657164153 0
v 933.6030975530309 296.3088977138136 0
v 931.21223083607 294.51665573432325 0
v 928.7809064051334 292.7899751858202 0
v 926.3118041290264 291.13014963385933 0
v 923.8076540081441 289.53832804903533 0
v 921.2712265573156 288.015512807285 0
v 918.7053231406636 286.5625584439369 0
v 916.1127663258285 285.1801711553976 0
v 913.4963903231472 283.8689090356821 0
v 910.8590315729001 282.62918302865245 0
v 908.2035195406116 281.46125857090215 0
v 905.5326677766666 280.36525789478276 0
v 902.849265292265 279.3411629561751 0
v 900.1560682990769 278.3888189473065 0
v 897.4557923549388 277.50793835124693 0
v 894.7511049526671 276.69810549169466 0
v 892.0446185836114 275.9587815293035 0
v 889.3388843020448 275.2893098541062 0
v 886.6363858109498 274.6889218225318 0
v 883.9395340842872 274.1567427870863 0
v 881.2506625355147 273.6917983669267 0
v 878.5720227369994 273.29302090826985 0
v 875.9057806901045 272.9592560847959 0
v 873.2540136411791 272.68926958988123 0
v 870.6187074344696 272.4817538745668 0
v 868.0017543891357 272.3353348875902 0
v 865.4049516841214 272.24857877651215 0
v 862.8300002315998 272.21999851190856 0
v 862.8300002315998 272.21999851190856 0
v 860.2550487789639 272.24857876634513 0
v 857.6582460736032 272.3353348674012 0
v 855.0412930276848 272.48175384451355 0
v 852.4059868201467 272.6892695501343 0
v 849.7542197701434 272.95925603553917 0
v 847.0879777219158 273.29302084970016 0
v 844.4093379218082 273.6917982992541 0
v 841.7204663711793 274.15674271053405 0
v 839.0236146423919 274.68892173733656 0
v 836.3211161488998 275.28930976051777 0
v 833.6153818646603 275.95878142758477 0
v 830.9088954926525 276.6981053821215 0
v 828.2042080871474 277.5079382341081 0
v 825.5039321394923 278.3888188229032 0
v 822.8107351425016 279.341162824821 0
v 820.127332654011 280.3652577568035 0
v 817.4564808856899 281.46125842663486 0
v 814.8009688487383 282.62918287844565 0
v 812.163610093541 283.86890887989495 0
v 809.5472340856243 285.1801709943994 0
v 806.9546772652698 286.5625582781068 0
v 804.3887738428162 288.0155126370111 0
v 801.8523463859077 289.5383278747144 0
v 799.3481962586698 291.13014945589566 0
v 796.8790939759353 292.7899750046254 0
v 794.4477695381044 294.5166555503149 0
v 792.0569028139877 296.30889752741507 0
v 789.7091140399729 298.1652655280547 0
v 787.4069545040423 300.08418579973926 0
v 785.1528974825377 302.06395047312014 0
v 782.9493294961111 304.10272249779075 0
v 780.7985419490153 306.1985412571907 0
v 778.7027232128048 308.34932882709165 0
v 776.6639512116845 310.5528968359161 0
v 774.6841865621909 312.80695387938977 0
v 772.7652663147054 315.1091134368393 0
v 770.9088983385514 317.45690223190303 0
v 769.1166563861976 319.8477689765801 0
v 767.3899758654894 322.2790934344647 0
v 765.7301503419494 324.7481957367293 0
v 764.1383287861398 327.25234588295865 0
v 762.6155135739633 329.7887733583057 0
v 761.1625592407144 332.3546767986316 0
v 759.7801719827646 334.9472336362808 0
v 758.4689098940934 337.5636096609041 0
v 757.2291839185273 340.20096843221046 0
v 756.0612594926237 342.85648048466624 0
v 754.9652588486979 345.5273322678799 0
v 753.9411639425952 348.21073477064624 0
v 752.9888199665066 350.90393178129216 0
v 752.1079394034667 353.6042077419792 0
v 751.2981065771382 356.30889515989145 0
v 750.5587826481404 359.0153815436814 0
v 749.8893110064716 361.7211158390793 0
v 749.2889230085274 364.42361434310783 0
v 748.7567440067804 367.120466081813 0
v 748.291799620356 369.809337641745 0
v 747.8930221954392 372.4879774505464 0
v 747.5592574056805 375.1542195068648 0
v 747.2892709444262 377.8059865643626 0
v 747.0817552626896 380.4412927788068 0
v 746.9353363091805 383.05824583105175 0
v 746.8485802314337 385.6550485421686 0
v 746.82 388.23 0
v 745.77 381.43 0
v 745.7988389374713 384.0282571767335 0
v 745.8863802670342 386.6485633800419 0
v 746.0341244770958 389.2892023029236 0
v 746.2435183977764 391.9483605003053 0
v 746.515948516764 394.6241285257916 0
v 746.8527342175353 397.3145025614139 0
v 747.255120978322 400.017386559829 0
v 747.7242735731558 402.7305949153657 0
v 748.2612693190661 405.4518556768544 0
v 748.8670914159363 408.17881431129865 0
v 749.5426224276226 410.90903802320594 0
v 750.2886379546261 413.6400206297989 0
v 751.1058005498371 416.3691879874191 0
v 751.9946539295933 419.0939039592706 0
v 752.95561753245 421.811476909278 0
v 753.9889814776318 424.5191667013128 0
v 755.094901974067 427.21419217746023 0
v 756.2733972291943 429.8937390834091 0
v 757.5243439043527 432.55496840356227 0
v 758.847474160509 435.1950250631358 0
v 760.24237333439 437.8110469494621 0
v 761.7084782807257 440.40017419999987 0
v 763.2450764113928 442.9595587002807 0
v 764.8513054567446 445.48637373126485 0
v 766.5261539684336 447.9778237024199 0
v 768.268462576639 450.4311539043391 0
v 770.0769260078641 452.84366021294085 0
v 771.9500958624888 455.21269867629394 0
v 773.8863841441255 457.53569491491834 0
v 775.884067525653 459.8101532670502 0
v 777.9412923296867 462.0336656118325 0
v 780.0560801943028 464.2039198056973 0
v 782.2263343881674 466.3187076703132 0
v 784.4498467329498 468.37593247434705 0
v 786.7243050850817 470.37361585587456 0
v 789.047301323706 472.3099041375111 0
v 791.416339787059 474.1830739921358 0
v 793.8288460956607 475.99153742336097 0
v 796.28217629758 477.7338460315664 0
v 798.7736262687353 479.40869454325536 0
v 801.3004412997192 481.0149235886071 0
v 803.8598258000001 482.5515217192743 0
v 806.448953050538 484.01762666560995 0
v 809.0649749368642 485.41252583949085 0
v 811.7050315964377 486.73565609564736 0
v 814.3662609165908 487.9866027708055 0
v 817.0458078225397 489.165098025933 0
v 819.7408332986871 490.2710185223681 0
v 822.448523090722 491.30438246755 0
v 825.1660960407295 492.2653460704068 0
v 827.8908120125808 493.15419945016293 0
v 830.6199793702011 493.9713620453739 0
v 833.350961976794 494.7173775723773 0
v 836.0811856887015 495.3929085840638 0
v 838.8081443231457 495.99873068093393 0
v 841.5294050846344 496.53572642684423 0
v 844.2426134401711 497.00487902167794 0
v 846.9454974385859 497.4072657824646 0
v 849.6358714742083 497.7440514832361 0
v 852.3116394996946 498.01648160222356 0
v 854.9707976970763 498.2258755229042 0
v 857.611436619958 498.3736197329657 0
v 860.2317428232664 498.4611610625288 0
v 862.8299999999999 498.49 0
v 862.8299999999999 498.49 0
v 865.4282571767334 498.4611610625288 0
v 868.0485633800419 498.3736197329657 0
v 870.6892023029235 498.2258755229042 0
v 873.3483605003053 498.0164816022235 0
v 876.0241285257915 497.7440514832361 0
v 878.714502561414 497.40726578246466 0
v 881.417386559829 497.004879021678 0
v 884.1305949153656 496.53572642684423 0
v 886.8518556768544 495.99873068093393 0
v 889.5788143112986 495.3929085840638 0
v 892.3090380232059 494.7173775723773 0
v 895.0400206297991 493.9713620453739 0
v 897.769187987419 493.15419945016293 0
v 900.4939039592706 492.2653460704069 0
v 903.2114769092778 491.30438246755 0
v 905.9191667013129 490.2710185223681 0
v 908.6141921774603 489.165098025933 0
v 911.2937390834089 487.9866027708055 0
v 913.9549684035622 486.73565609564736 0
v 916.5950250631357 485.41252583949085 0
v 919.2110469494619 484.01762666560995 0
v 921.8001741999997 482.5515217192744 0
v 924.3595587002808 481.0149235886071 0
v 926.8863737312648 479.40869454325536 0
v 929.37782370242 477.7338460315664 0
v 931.8311539043391 475.9915374233609 0
v 934.2436602129408 474.1830739921358 0
v 936.6126986762938 472.3099041375111 0
v 938.9356949149184 470.3736158558745 0
v 941.2101532670503 468.3759324743471 0
v 943.4336656118325 466.3187076703132 0
v 945.6039198056973 464.2039198056973 0
v 947.718707670313 462.0336656118325 0
v 949.7759324743471 459.8101532670502 0
v 951.7736158558746 457.53569491491834 0
v 953.7099041375112 455.2126986762939 0
v 955.5830739921356 452.84366021294085 0
v 957.3915374233608 450.4311539043391 0
v 959.1338460315663 447.9778237024199 0
v 960.8086945432553 445.4863737312648 0
v 962.414923588607 442.95955870028075 0
v 963.9515217192744 440.40017419999987 0
v 965.41762666561 437.811046949462 0
v 966.812525839491 435.1950250631358 0
v 968.1356560956475 432.55496840356227 0
v 969.3866027708056 429.8937390834091 0
v 970.5650980259329 427.21419217746023 0
v 971.6710185223681 424.5191667013128 0
v 972.70438246755 421.811476909278 0
v 973.6653460704068 419.0939039592706 0
v 974.554199450163 416.3691879874191 0
v 975.371362045374 413.6400206297989 0
v 976.1173775723773 410.90903802320594 0
v 976.7929085840638 408.17881431129865 0
v 977.3987306809339 405.45185567685445 0
v 977.9357264268442 402.73059491536566 0
v 978.404879021678 400.017386559829 0
v 978.8072657824645 397.3145025614139 0
v 979.1440514832361 394.6241285257916 0
v 979.4164816022236 391.9483605003053 0
v 979.6258755229042 389.28920230292374 0
v 979.7736197329657 386.6485633800419 0
v 979.8611610625288 384.0282571767335 0
v 979.89 381.43 0
v 979.89 381.43 0
v 979.8611610625288 378.8317428232665 0
v 979.7736197329657 376.2114366199581 0
v 979.6258755229042 373.57079769707633 0
v 979.4164816022236 370.9116394996947 0
v 979.1440514832361 368.2358714742084 0
v 978.8072657824646 365.54549743858604 0
v 978.404879021678 362.8426134401711 0
v 977.9357264268442 360.1294050846343 0
v 977.3987306809339 357.4081443231456 0
v 976.7929085840638 354.6811856887015 0
v 976.1173775723773 351.95096197679413 0
v 975.371362045374 349.2199793702011 0
v 974.554199450163 346.490812012581 0
v 973.6653460704069 343.7660960407295 0
v 972.7043824675501 341.04852309072214 0
v 971.6710185223682 338.3408332986872 0
v 970.565098025933 335.64580782253984 0
v 969.3866027708056 332.9662609165909 0
v 968.1356560956475 330.30503159643774 0
v 966.812525839491 327.6649749368642 0
v 965.4176266656099 325.048953050538 0
v 963.9515217192744 322.45982580000015 0
v 962.414923588607 319.90044129971926 0
v 960.8086945432553 317.37362626873517 0
v 959.1338460315663 314.8821762975801 0
v 957.3915374233608 312.4288460956608 0
v 955.5830739921357 310.0163397870591 0
v 953.7099041375112 307.6473013237061 0
v 951.7736158558745 305.3243050850817 0
v 949.7759324743471 303.0498467329498 0
v 947.718707670313 300.8263343881675 0
v 945.6039198056974 298.6560801943028 0
v 943.4336656118325 296.5412923296868 0
v 941.2101532670503 294.484067525653 0
v 938.9356949149184 292.48638414412545 0
v 936.6126986762938 290.5500958624889 0
v 934.2436602129409 288.6769260078642 0
v 931.831153904339 286.868462576639 0
v 929.37782370242 285.12615396843364 0
v 926.8863737312648 283.4513054567447 0
v 924.3595587002807 281.84507641139294 0
v 921.8001741999998 280.3084782807257 0
v 919.2110469494619 278.84237333439006 0
v 916.5950250631357 277.44747416050916 0
v 913.9549684035622 276.1243439043526 0
v 911.2937390834089 274.87339722919444 0
v 908.6141921774603 273.694901974067 0
v 905.9191667013129 272.5889814776319 0
v 903.211476909278 271.55561753245 0
v 900.4939039592706 270.5946539295932 0
v 897.769187987419 269.7058005498371 0
v 895.0400206297988 268.8886379546261 0
v 892.3090380232059 268.14262242762265 0
v 889.5788143112986 267.4670914159363 0
v 886.8518556768544 266.861269319066 0
v 884.1305949153656 266.32427357315584 0
v 881.417386559829 265.8551209783221 0
v 878.7145025614138 265.4527342175354 0
v 876.0241285257915 265.1159485167639 0
v 873.3483605003051 264.84351839777645 0
v 870.6892023029236 264.63412447709584 0
v 868.0485633800419 264.4863802670343 0
v 865.4282571767334 264.39883893747117 0
v 862.8299999999999 264.37 0
v 862.8299999999999 264.37 0
v 860.2317428232664 264.39883893747117 0
v 857.611436619958 264.4863802670343 0
v 854.9707976970763 264.6341244770959 0
v 852.3116394996945 264.84351839777645 0
v 849.6358714742083 265.1159485167639 0
v 846.945497438586 265.4527342175354 0
v 844.2426134401711 265.8551209783221 0
v 841.5294050846343 266.32427357315584 0
v 838.8081443231457 266.861269319066 0
v 836.0811856887015 267.4670914159363 0
v 833.350961976794 268.1426224276227 0
v 830.6199793702011 268.8886379546261 0
v 827.8908120125808 269.7058005498371 0
v 825.1660960407295 270.5946539295932 0
v 822.448523090722 271.55561753245 0
v 819.7408332986872 272.5889814776319 0
v 817.0458078225397 273.694901974067 0
v 814.3662609165908 274.87339722919444 0
v 811.7050315964377 276.1243439043526 0
v 809.0649749368642 277.44747416050916 0
v 806.4489530505379 278.84237333439006 0
v 803.8598258000002 280.30847828072564 0
v 801.3004412997193 281.84507641139294 0
v 798.7736262687353 283.45130545674465 0
v 796.2821762975801 285.12615396843364 0
v 793.8288460956608 286.868462576639 0
v 791.416339787059 288.67692600786415 0
v 789.0473013237059 290.5500958624889 0
v 786.7243050850817 292.48638414412545 0
v 784.4498467329498 294.484067525653 0
v 782.2263343881674 296.5412923296868 0
v 780.0560801943028 298.6560801943028 0
v 777.9412923296867 300.8263343881675 0
v 775.884067525653 303.0498467329498 0
v 773.8863841441255 305.3243050850817 0
v 771.9500958624888 307.6473013237061 0
v 770.0769260078641 310.0163397870591 0
v 768.268462576639 312.4288460956608 0
v 766.5261539684336 314.8821762975801 0
v 764.8513054567446 317.3736262687352 0
v 763.2450764113928 319.90044129971926 0
v 761.7084782807257 322.45982580000015 0
v 760.24237333439 325.048953050538 0
v 758.847474160509 327.6649749368642 0
v 757.5243439043527 330.30503159643774 0
v 756.2733972291943 332.9662609165909 0
v 755.094901974067 335.64580782253984 0
v 753.988981477632 338.34083329868713 0
v 752.95561753245 341.04852309072214 0
v 751.9946539295933 343.7660960407295 0
v 751.1058005498371 346.4908120125809 0
v 750.2886379546261 349.2199793702011 0
v 749.5426224276226 351.95096197679413 0
v 748.8670914159363 354.6811856887015 0
v 748.2612693190661 357.4081443231456 0
v 747.7242735731558 360.1294050846343 0
v 747.255120978322 362.84261344017114 0
v 746.8527342175354 365.54549743858604 0
v 746.515948516764 368.2358714742084 0
v 746.2435183977765 370.9116394996947 0
v 746.0341244770958 373.5707976970763 0
v 745.8863802670343 376.2114366199581 0
v 745.7988389374713 378.8317428232665 0
v 745.77 381.43 0
v 746.6800000000001 381.43 0
v 746.7086146958736 384.0080588987839 0
v 746.795475444505 386.60799542166717 0
v 746.9420710699244 389.2281066038423 0
v 747.1498371550052 391.8665930975539 0
v 747.4201494092779 394.52156030001254 0
v 747.7543169597157 397.19101997047267 0
v 748.1535756025697 399.87289235577884 0
v 748.6190810572676 402.5650088406482 0
v 749.1519022661059 405.265115135524 0
v 749.7530147858794 407.97087501098883 0
v 750.4232943196758 410.67987458351837 0
v 751.1635104387359 413.38962715279393 0
v 751.9743205454931 416.09757858592184 0
v 752.8562641296351 418.8011132387862 0
v 753.8097573691706 421.49756039942474 0
v 754.8350881280734 424.18420123284574 0
v 755.9324114010055 426.8582762011593 0
v 757.1017452539269 429.51699292735873 0
v 758.3429673070406 432.1575344656357 0
v 759.6558118034856 434.7770679358313 0
v 761.0398673035322 437.37275347461036 0
v 762.4945750397153 439.94175345126905 0
v 764.0192279634442 442.4812418918465 0
v 765.6129705081885 444.9884140514857 0
v 767.274799088392 447.46049607184926 0
v 769.0035633469265 449.8947546579239 0
v 770.7979681572036 452.2885067067822 0
v 772.656576379134 454.6391288198828 0
v 774.5778123610482 456.9440666302957 0
v 776.5599661725669 459.20084387687496 0
v 778.6011985463542 461.40707115886005 0
v 780.6995464997976 463.56045430667655 0
v 782.8529296010464 465.65880230778737 0
v 785.0591568376099 467.70003473029357 0
v 787.3159340399573 469.6821885915318 0
v 789.6208718073696 471.6034246241141 0
v 791.9714938787394 473.46203289760695 0
v 794.3652458871729 475.2564377602854 0
v 796.799504434162 476.9852020720035 0
v 799.2715864168093 478.6470307061146 0
v 801.7787585401287 480.2407733054315 0
v 804.3182469458072 481.76542628433884 0
v 806.8872468890085 483.2201340762458 0
v 809.48293239579 484.604189632502 0
v 812.1024658354628 485.91703418558114 0
v 814.7430073447034 487.15825629569343 0
v 817.4017240433618 488.3275902059186 0
v 820.0757989856346 489.4249135363991 0
v 822.7624397945185 490.4502443530369 0
v 825.4588869321234 491.40373765043563 0
v 828.1624215634538 492.285681292512 0
v 830.8703729765422 493.0964914572195 0
v 833.5801255272636 493.8367076341903 0
v 836.289125082714 494.50698722580586 0
v 838.9948849425602 495.10809980325433 0
v 841.6949912232633 495.64092106957406 0
v 844.387107695387 496.1064265815118 0
v 847.0689800693547 496.5056852813173 0
v 849.7384397298617 496.8398528883743 0
v 852.3934069237285 497.1101651988909 0
v 855.0318934101845 497.31793133980034 0
v 857.652004586413 497.46452702059446 0
v 860.2519411046305 497.5513878241101 0
v 862.83 497.5800025743433 0
v 862.83 497.5800025743433 0
v 865.4080588953694 497.55138782411007 0
v 868.0079954135869 497.46452702059446 0
v 870.6281065898155 497.31793133980034 0
v 873.2665930762714 497.11016519889085 0
v 875.9215602701383 496.8398528883743 0
v 878.5910199306453 496.50568528131737 0
v 881.2728923046129 496.1064265815118 0
v 883.9650087767368 495.64092106957406 0
v 886.6651150574396 495.10809980325433 0
v 889.3708749172863 494.50698722580586 0
v 892.0798744727366 493.83670763419036 0
v 894.7896270234583 493.0964914572194 0
v 897.4975784365463 492.285681292512 0
v 900.2011130678768 491.4037376504357 0
v 902.8975602054815 490.4502443530369 0
v 905.5842010143652 489.4249135363991 0
v 908.2582759566385 488.3275902059186 0
v 910.9169926552964 487.1582562956935 0
v 913.5575341645373 485.91703418558114 0
v 916.1770676042099 484.604189632502 0
v 918.7727531109916 483.2201340762458 0
v 921.3417530541927 481.76542628433884 0
v 923.8812414598714 480.2407733054314 0
v 926.3884135831908 478.64703070611455 0
v 928.860495565838 476.9852020720035 0
v 931.2947541128269 475.2564377602854 0
v 933.6885061212607 473.46203289760695 0
v 936.0391281926305 471.60342462411415 0
v 938.3440659600428 469.68218859153177 0
v 940.6008431623903 467.70003473029357 0
v 942.8070703989536 465.65880230778737 0
v 944.9604535002024 463.56045430667655 0
v 947.0588014536457 461.40707115886005 0
v 949.1000338274333 459.20084387687496 0
v 951.0821876389517 456.9440666302957 0
v 953.003423620866 454.6391288198827 0
v 954.8620318427963 452.2885067067822 0
v 956.6564366530735 449.89475465792395 0
v 958.3852009116082 447.4604960718493 0
v 960.0470294918117 444.9884140514857 0
v 961.6407720365559 442.4812418918464 0
v 963.1654249602847 439.941753451269 0
v 964.6201326964677 437.37275347461036 0
v 966.0041881965146 434.7770679358313 0
v 967.3170326929594 432.1575344656357 0
v 968.558254746073 429.5169929273587 0
v 969.7275885989948 426.8582762011593 0
v 970.8249118719265 424.18420123284574 0
v 971.8502426308295 421.49756039942474 0
v 972.8037358703651 418.8011132387861 0
v 973.6856794545068 416.0975785859217 0
v 974.4964895612643 413.38962715279393 0
v 975.2367056803241 410.6798745835184 0
v 975.9069852141208 407.97087501098883 0
v 976.5080977338941 405.265115135524 0
v 977.0409189427323 402.56500884064815 0
v 977.5064243974305 399.87289235577884 0
v 977.9056830402842 397.19101997047267 0
v 978.2398505907221 394.52156030001254 0
v 978.5101628449947 391.86659309755396 0
v 978.7179289300757 389.22810660384226 0
v 978.8645245554952 386.6079954216671 0
v 978.9513853041266 384.00805889878393 0
v 978.98 381.43 0
v 978.98 381.43 0
v 978.9513853041266 378.851941101216 0
v 978.8645245554951 376.2520045783328 0
v 978.7179289300757 373.6318933961577 0
v 978.5101628449946 370.99340690244605 0
v 978.2398505907221 368.33843969998753 0
v 977.9056830402843 365.6689800295274 0
v 977.5064243974305 362.9871076442213 0
v 977.0409189427324 360.2949911593517 0
v 976.5080977338941 357.594884864476 0
v 975.9069852141209 354.8891249890113 0
v 975.2367056803242 352.18012541648164 0
v 974.4964895612643 349.4703728472061 0
v 973.6856794545068 346.76242141407823 0
v 972.8037358703652 344.05888676121384 0
v 971.8502426308295 341.36243960057527 0
v 970.8249118719267 338.6757987671542 0
v 969.7275885989948 336.00172379884077 0
v 968.558254746073 333.3430070726412 0
v 967.3170326929594 330.70246553436425 0
v 966.0041881965146 328.0829320641687 0
v 964.6201326964679 325.48724652538965 0
v 963.1654249602849 322.918246548731 0
v 961.6407720365559 320.37875810815353 0
v 960.0470294918117 317.8715859485144 0
v 958.3852009116082 315.39950392815075 0
v 956.6564366530735 312.96524534207606 0
v 954.8620318427963 310.57149329321777 0
v 953.0034236208661 308.2208711801173 0
v 951.0821876389521 305.9159333697044 0
v 949.1000338274333 303.6591561231251 0
v 947.0588014536457 301.45292884114 0
v 944.9604535002026 299.2995456933235 0
v 942.8070703989537 297.20119769221265 0
v 940.6008431623904 295.1599652697065 0
v 938.3440659600428 293.1778114084682 0
v 936.0391281926306 291.256575375886 0
v 933.6885061212607 289.397967102393 0
v 931.294754112827 287.6035622397145 0
v 928.8604955658382 285.87479792799644 0
v 926.3884135831906 284.21296929388546 0
v 923.8812414598715 282.61922669456857 0
v 921.3417530541928 281.0945737156612 0
v 918.7727531109916 279.63986592375414 0
v 916.17706760421 278.255810367498 0
v 913.5575341645373 276.94296581441887 0
v 910.9169926552966 275.70174370430647 0
v 908.2582759566385 274.5324097940814 0
v 905.5842010143655 273.43508646360084 0
v 902.8975602054815 272.4097556469631 0
v 900.2011130678769 271.4562623495644 0
v 897.4975784365463 270.57431870748803 0
v 894.7896270234583 269.76350854278064 0
v 892.0798744727366 269.0232923658097 0
v 889.3708749172864 268.3530127741942 0
v 886.6651150574397 267.75190019674574 0
v 883.9650087767368 267.21907893042595 0
v 881.272892304613 266.75357341848826 0
v 878.5910199306453 266.35431471868264 0
v 875.9215602701383 266.02014711162576 0
v 873.2665930762714 265.7498348011091 0
v 870.6281065898156 265.5420686601997 0
v 868.007995413587 265.3954729794056 0
v 865.4080588953694 265.3086121758899 0
v 862.83 265.2799974256567 0
v 862.83 265.2799974256567 0
v 860.2519411046306 265.3086121758899 0
v 857.6520045864131 265.39547297940555 0
v 855.0318934101847 265.5420686601997 0
v 852.3934069237285 265.74983480110905 0
v 849.7384397298617 266.02014711162576 0
v 847.0689800693549 266.35431471868264 0
v 844.387107695387 266.75357341848826 0
v 841.6949912232633 267.21907893042595 0
v 838.9948849425604 267.75190019674574 0
v 836.289125082714 268.3530127741942 0
v 833.5801255272635 269.0232923658097 0
v 830.8703729765421 269.76350854278064 0
v 828.1624215634538 270.57431870748803 0
v 825.4588869321233 271.4562623495644 0
v 822.7624397945185 272.4097556469631 0
v 820.0757989856347 273.43508646360084 0
v 817.4017240433618 274.5324097940814 0
v 814.7430073447034 275.70174370430647 0
v 812.1024658354629 276.94296581441887 0
v 809.4829323957902 278.255810367498 0
v 806.8872468890085 279.63986592375414 0
v 804.3182469458072 281.0945737156612 0
v 801.7787585401287 282.61922669456857 0
v 799.2715864168093 284.21296929388546 0
v 796.7995044341621 285.87479792799644 0
v 794.3652458871729 287.60356223971445 0
v 791.9714938787395 289.397967102393 0
v 789.6208718073696 291.256575375886 0
v 787.3159340399573 293.1778114084682 0
v 785.05915683761 295.1599652697065 0
v 782.8529296010464 297.20119769221265 0
v 780.6995464997977 299.2995456933235 0
v 778.6011985463542 301.4529288411399 0
v 776.5599661725669 303.6591561231251 0
v 774.5778123610484 305.9159333697044 0
v 772.6565763791341 308.2208711801173 0
v 770.7979681572036 310.57149329321777 0
v 769.0035633469265 312.96524534207606 0
v 767.274799088392 315.39950392815075 0
v 765.6129705081885 317.8715859485144 0
v 764.0192279634443 320.3787581081535 0
v 762.4945750397153 322.918246548731 0
v 761.0398673035322 325.48724652538965 0
v 759.6558118034856 328.0829320641687 0
v 758.3429673070406 330.70246553436425 0
v 757.101745253927 333.34300707264117 0
v 755.9324114010055 336.00172379884077 0
v 754.8350881280735 338.6757987671543 0
v 753.8097573691706 341.36243960057527 0
v 752.8562641296352 344.0588867612139 0
v 751.9743205454931 346.76242141407823 0
v 751.1635104387358 349.4703728472061 0
v 750.4232943196758 352.18012541648164 0
v 749.7530147858794 354.8891249890113 0
v 749.1519022661059 357.594884864476 0
v 748.6190810572676 360.2949911593518 0
v 748.1535756025697 362.9871076442213 0
v 747.7543169597158 365.6689800295273 0
v 747.420149409278 368.33843969998753 0
v 747.1498371550052 370.99340690244605 0
v 746.9420710699244 373.63189339615775 0
v 746.795475444505 376.2520045783328 0
v 746.7086146958736 378.851941101216 0
v 746.6800000000001 381.43 0
v 768.818 379.92 0
v 768.8411608251286 382.00668506491604 0
v 768.9114660999866 384.11107791290357 0
v 769.0301208810929 386.2318001614767 0
v 769.1982871314859 388.367395415639 0
v 769.4170783526228 390.5163301808194 0
v 769.687554153929 392.67699517173804 0
v 770.0107147908253 394.8477070328263 0
v 770.3874957044211 397.0267104833706 0
v 770.8187620982746 399.2121808977656 0
v 771.3053035895696 401.4022273281548 0
v 771.8478289737371 403.5948959733268 0
v 772.4469611429208 405.7881740940429 0
v 773.1032321996522 407.979994371034 0
v 773.8170788076964 410.1682396977528 0
v 774.5888378221484 412.3507483956521 0
v 775.4187422405188 414.5253198353308 0
v 776.3069175156842 416.68972044240036 0
v 777.253378270212 418.8416900624419 0
v 778.2580254496497 420.97894865501195 0
v 779.3206439499213 423.099203282381 0
v 780.4409007510052 425.2001553546286 0
v 781.6183435855766 427.279508088932 0
v 782.8524001673319 429.3349741374576 0
v 784.1423779993122 431.364283335244 0
v 785.4874647777242 433.3651905169307 0
v 786.8867294016314 435.33548334917754 0
v 788.3391235934677 437.2729901242013 0
v 789.8434841297138 439.1755874590445 0
v 791.398535675359 441.04120784504784 0
v 793.0028942099922 442.8678469924989 0
v 794.6550710276655 444.65357091662054 0
v 796.3534772870903 446.39652271290976 0
v 798.0964290833796 448.09492897233457 0
v 799.8821530075011 449.7471057900078 0
v 801.7087921549521 451.35146432464114 0
v 803.5744125409554 452.90651587028617 0
v 805.4770098757987 454.41087640653234 0
v 807.4145166508223 455.8632705983685 0
v 809.3848094830693 457.262535222276 0
v 811.3857166647559 458.6076220006879 0
v 813.4150258625424 459.8975998326681 0
v 815.4704919110678 461.1316564144236 0
v 817.5498446453714 462.3090992489947 0
v 819.650796717619 463.4293560500788 0
v 821.771051344988 464.4919745503502 0
v 823.908309937558 465.4966217297879 0
v 826.0602795575995 466.44308248431594 0
v 828.2246801646692 467.33125775948116 0
v 830.3992516043479 468.1611621778517 0
v 832.5817603022472 468.93292119230387 0
v 834.7700056289659 469.64676780034785 0
v 836.9618259059571 470.30303885707923 0
v 839.1551040266731 470.902171026263 0
v 841.3477726718452 471.4446964104306 0
v 843.5378191022345 471.93123790172535 0
v 845.7232895166294 472.3625042955791 0
v 847.9022929671738 472.7392852091747 0
v 850.0730048282618 473.06244584607094 0
v 852.2336698191806 473.33292164737736 0
v 854.3826045843609 473.55171286851396 0
v 856.5181998385232 473.7198791189071 0
v 858.6389220870963 473.83853390001343 0
v 860.7433149350838 473.90883917487145 0
v 862.8299999999999 473.932 0
v 862.8299999999999 473.932 0
v 864.9166850649159 473.90883917487145 0
v 867.0210779129034 473.83853390001343 0
v 869.1418001614767 473.71987911890716 0
v 871.2773954156389 473.55171286851396 0
v 873.4263301808193 473.33292164737736 0
v 875.586995171738 473.062445846071 0
v 877.7577070328261 472.7392852091747 0
v 879.9367104833706 472.362504295579 0
v 882.1221808977656 471.93123790172535 0
v 884.3122273281549 471.4446964104306 0
v 886.5048959733267 470.902171026263 0
v 888.6981740940429 470.30303885707923 0
v 890.8899943710338 469.64676780034785 0
v 893.0782396977529 468.93292119230387 0
v 895.2607483956522 468.1611621778517 0
v 897.4353198353307 467.33125775948116 0
v 899.5997204424004 466.44308248431594 0
v 901.7516900624419 465.4966217297879 0
v 903.8889486550119 464.4919745503502 0
v 906.009203282381 463.4293560500788 0
v 908.1101553546287 462.3090992489947 0
v 910.189508088932 461.13165641442356 0
v 912.2449741374577 459.8975998326681 0
v 914.274283335244 458.60762200068785 0
v 916.2751905169306 457.262535222276 0
v 918.2454833491776 455.8632705983684 0
v 920.1829901242012 454.4108764065323 0
v 922.0855874590445 452.90651587028617 0
v 923.9512078450479 451.3514643246411 0
v 925.7778469924989 449.7471057900078 0
v 927.5635709166205 448.0949289723345 0
v 929.3065227129098 446.39652271290976 0
v 931.0049289723346 444.65357091662054 0
v 932.6571057900079 442.8678469924989 0
v 934.2614643246411 441.0412078450479 0
v 935.8165158702863 439.1755874590445 0
v 937.3208764065324 437.27299012420127 0
v 938.7732705983684 435.33548334917754 0
v 940.172535222276 433.3651905169307 0
v 941.5176220006879 431.364283335244 0
v 942.8075998326681 429.33497413745766 0
v 944.0416564144235 427.279508088932 0
v 945.2190992489948 425.2001553546286 0
v 946.3393560500787 423.09920328238104 0
v 947.4019745503502 420.97894865501195 0
v 948.4066217297877 418.84169006244196 0
v 949.3530824843159 416.68972044240047 0
v 950.2412577594811 414.5253198353308 0
v 951.0711621778518 412.3507483956521 0
v 951.8429211923038 410.1682396977528 0
v 952.5567678003479 407.979994371034 0
v 953.2130388570793 405.7881740940429 0
v 953.8121710262628 403.5948959733268 0
v 954.3546964104306 401.4022273281549 0
v 954.8412379017252 399.21218089776556 0
v 955.272504295579 397.0267104833706 0
v 955.6492852091748 394.8477070328263 0
v 955.9724458460707 392.676995171738 0
v 956.2429216473773 390.5163301808194 0
v 956.4617128685138 388.367395415639 0
v 956.6298791189071 386.2318001614767 0
v 956.7485339000135 384.11107791290357 0
v 956.8188391748715 382.00668506491604 0
v 956.842 379.92 0
v 956.842 379.92 0
v 956.8188391748715 377.83331493508393 0
v 956.7485339000134 375.72892208709635 0
v 956.6298791189071 373.6081998385233 0
v 956.4617128685138 371.47260458436097 0
v 956.2429216473773 369.3236698191806 0
v 955.9724458460709 367.16300482826205 0
v 955.6492852091746 364.99229296717385 0
v 955.2725042955791 362.8132895166295 0
v 954.8412379017252 360.6278191022344 0
v 954.3546964104306 358.4377726718452 0
v 953.812171026263 356.24510402667323 0
v 953.2130388570793 354.05182590595723 0
v 952.5567678003478 351.860005628966 0
v 951.8429211923038 349.67176030224726 0
v 951.0711621778518 347.48925160434794 0
v 950.2412577594811 345.31468016466926 0
v 949.353082484316 343.1502795575997 0
v 948.4066217297877 340.998309937558 0
v 947.4019745503502 338.8610513449881 0
v 946.3393560500787 336.740796717619 0
v 945.2190992489948 334.6398446453715 0
v 944.0416564144235 332.56049191106797 0
v 942.8075998326681 330.50502586254237 0
v 941.5176220006879 328.47571666475596 0
v 940.172535222276 326.47480948306935 0
v 938.7732705983684 324.5045166508223 0
v 937.3208764065322 322.56700987579876 0
v 935.8165158702863 320.66441254095554 0
v 934.2614643246409 318.7987921549522 0
v 932.6571057900079 316.9721530075011 0
v 931.0049289723345 315.18642908337944 0
v 929.3065227129097 313.4434772870903 0
v 927.5635709166205 311.74507102766546 0
v 925.7778469924989 310.0928942099922 0
v 923.9512078450479 308.48853567535906 0
v 922.0855874590445 306.93348412971386 0
v 920.1829901242012 305.42912359346775 0
v 918.2454833491776 303.9767294016315 0
v 916.2751905169306 302.57746477772406 0
v 914.274283335244 301.2323779993122 0
v 912.2449741374576 299.9424001673319 0
v 910.189508088932 298.70834358557653 0
v 908.1101553546285 297.5309007510053 0
v 906.009203282381 296.41064394992134 0
v 903.8889486550119 295.34802544964975 0
v 901.7516900624419 294.3433782702121 0
v 899.5997204424004 293.3969175156842 0
v 897.4353198353306 292.5087422405188 0
v 895.260748395652 291.6788378221484 0
v 893.0782396977529 290.90707880769617 0
v 890.8899943710339 290.1932321996522 0
v 888.6981740940429 289.53696114292086 0
v 886.5048959733267 288.9378289737371 0
v 884.3122273281549 288.39530358956944 0
v 882.1221808977656 287.90876209827474 0
v 879.9367104833706 287.477495704421 0
v 877.7577070328261 287.1007147908254 0
v 875.5869951717378 286.7775541539291 0
v 873.4263301808193 286.50707835262267 0
v 871.2773954156389 286.288287131486 0
v 869.1418001614767 286.12012088109293 0
v 867.0210779129035 286.00146609998654 0
v 864.9166850649159 285.93116082512853 0
v 862.8299999999999 285.908 0
v 862.8299999999999 285.908 0
v 860.7433149350838 285.9311608251285 0
v 858.6389220870963 286.00146609998654 0
v 856.5181998385232 286.12012088109293 0
v 854.3826045843609 286.288287131486 0
v 852.2336698191806 286.50707835262267 0
v 850.0730048282619 286.77755415392915 0
v 847.9022929671738 287.1007147908254 0
v 845.7232895166294 287.47749570442096 0
v 843.5378191022344 287.9087620982748 0
v 841.3477726718452 288.39530358956944 0
v 839.1551040266731 288.9378289737371 0
v 836.9618259059571 289.53696114292086 0
v 834.7700056289659 290.1932321996522 0
v 832.5817603022473 290.90707880769617 0
v 830.3992516043479 291.6788378221484 0
v 828.2246801646692 292.5087422405188 0
v 826.0602795575994 293.39691751568415 0
v 823.908309937558 294.3433782702121 0
v 821.771051344988 295.34802544964975 0
v 819.650796717619 296.41064394992134 0
v 817.5498446453714 297.53090075100533 0
v 815.4704919110679 298.70834358557653 0
v 813.4150258625424 299.9424001673319 0
v 811.3857166647559 301.2323779993122 0
v 809.3848094830693 302.5774647777241 0
v 807.4145166508222 303.9767294016315 0
v 805.4770098757986 305.42912359346764 0
v 803.5744125409554 306.93348412971386 0
v 801.7087921549522 308.48853567535906 0
v 799.882153007501 310.0928942099922 0
v 798.0964290833796 311.74507102766546 0
v 796.3534772870903 313.44347728709033 0
v 794.6550710276655 315.18642908337944 0
v 793.0028942099922 316.9721530075011 0
v 791.398535675359 318.7987921549522 0
v 789.8434841297138 320.66441254095554 0
v 788.3391235934675 322.56700987579876 0
v 786.8867294016314 324.5045166508223 0
v 785.4874647777242 326.47480948306935 0
v 784.1423779993122 328.47571666475596 0
v 782.8524001673319 330.50502586254237 0
v 781.6183435855766 332.56049191106797 0
v 780.4409007510053 334.63984464537145 0
v 779.3206439499213 336.740796717619 0
v 778.2580254496498 338.8610513449881 0
v 777.2533782702121 340.998309937558 0
v 776.3069175156842 343.1502795575997 0
v 775.4187422405188 345.3146801646692 0
v 774.5888378221484 347.48925160434794 0
v 773.8170788076964 349.6717603022472 0
v 773.1032321996521 351.86000562896595 0
v 772.4469611429208 354.0518259059571 0
v 771.847828973737 356.24510402667323 0
v 771.3053035895696 358.43777267184515 0
v 770.8187620982746 360.6278191022344 0
v 770.3874957044211 362.8132895166295 0
v 770.0107147908253 364.9922929671738 0
v 769.6875541539289 367.16300482826205 0
v 769.4170783526228 369.3236698191806 0
v 769.1982871314859 371.472604584361 0
v 769.0301208810929 373.6081998385233 0
v 768.9114660999866 375.72892208709635 0
v 768.8411608251286 377.83331493508393 0
v 768.818 379.92 0
v 768.818 381.41 0
v 768.8411608251286 383.49668506491605 0
v 768.9114660999866 385.60107791290363 0
v 769.0301208810929 387.7218001614767 0
v 769.1982871314859 389.857395415639 0
v 769.4170783526228 392.0063301808195 0
v 769.687554153929 394.166995171738 0
v 770.0107147908253 396.3377070328263 0
v 770.3874957044211 398.51671048337056 0
v 770.8187620982746 400.70218089776563 0
v 771.3053035895696 402.8922273281549 0
v 771.8478289737371 405.08489597332675 0
v 772.4469611429208 407.2781740940429 0
v 773.1032321996522 409.46999437103403 0
v 773.8170788076964 411.65823969775295 0
v 774.5888378221484 413.8407483956521 0
v 775.4187422405188 416.01531983533084 0
v 776.3069175156842 418.1797204424004 0
v 777.253378270212 420.33169006244196 0
v 778.2580254496497 422.4689486550119 0
v 779.3206439499213 424.589203282381 0
v 780.4409007510052 426.69015535462864 0
v 781.6183435855766 428.769508088932 0
v 782.8524001673319 430.8249741374576 0
v 784.1423779993122 432.8542833352441 0
v 785.4874647777242 434.85519051693063 0
v 786.8867294016314 436.82548334917755 0
v 788.3391235934677 438.7629901242013 0
v 789.8434841297138 440.6655874590445 0
v 791.398535675359 442.5312078450479 0
v 793.0028942099922 444.357846992499 0
v 794.6550710276655 446.1435709166206 0
v 796.3534772870903 447.88652271290977 0
v 798.0964290833796 449.5849289723345 0
v 799.8821530075011 451.23710579000783 0
v 801.7087921549521 452.841464324641 0
v 803.5744125409554 454.3965158702862 0
v 805.4770098757987 455.9008764065323 0
v 807.4145166508223 457.35327059836845 0
v 809.3848094830693 458.7525352222759 0
v 811.3857166647559 460.09762200068786 0
v 813.4150258625424 461.3875998326681 0
v 815.4704919110678 462.6216564144235 0
v 817.5498446453714 463.7990992489947 0
v 819.650796717619 464.91935605007876 0
v 821.771051344988 465.9819745503503 0
v 823.908309937558 466.9866217297879 0
v 826.0602795575995 467.9330824843159 0
v 828.2246801646692 468.82125775948117 0
v 830.3992516043479 469.65116217785163 0
v 832.5817603022472 470.4229211923039 0
v 834.7700056289659 471.13676780034785 0
v 836.9618259059571 471.79303885707924 0
v 839.1551040266731 472.39217102626293 0
v 841.3477726718452 472.93469641043066 0
v 843.5378191022345 473.42123790172536 0
v 845.7232895166294 473.85250429557897 0
v 847.9022929671738 474.22928520917475 0
v 850.0730048282618 474.5524458460709 0
v 852.2336698191806 474.82292164737737 0
v 854.3826045843609 475.04171286851397 0
v 856.5181998385232 475.2098791189071 0
v 858.6389220870963 475.32853390001344 0
v 860.7433149350838 475.3988391748715 0
v 862.8299999999999 475.422 0
v 862.8299999999999 475.422 0
v 864.9166850649159 475.39883917487145 0
v 867.0210779129034 475.3285339000134 0
v 869.1418001614767 475.2098791189071 0
v 871.2773954156389 475.04171286851397 0
v 873.4263301808193 474.82292164737737 0
v 875.586995171738 474.55244584607095 0
v 877.7577070328261 474.22928520917475 0
v 879.9367104833706 473.85250429557897 0
v 882.1221808977656 473.4212379017253 0
v 884.3122273281549 472.93469641043066 0
v 886.5048959733267 472.392171026263 0
v 888.6981740940429 471.79303885707924 0
v 890.8899943710338 471.13676780034785 0
v 893.0782396977529 470.4229211923039 0
v 895.2607483956522 469.65116217785163 0
v 897.4353198353307 468.82125775948117 0
v 899.5997204424004 467.93308248431595 0
v 901.7516900624419 466.9866217297879 0
v 903.8889486550119 465.9819745503503 0
v 906.009203282381 464.91935605007876 0
v 908.1101553546287 463.79909924899476 0
v 910.189508088932 462.6216564144235 0
v 912.2449741374577 461.3875998326681 0
v 914.274283335244 460.09762200068786 0
v 916.2751905169306 458.7525352222759 0
v 918.2454833491776 457.35327059836845 0
v 920.1829901242012 455.9008764065323 0
v 922.0855874590445 454.3965158702862 0
v 923.9512078450479 452.84146432464104 0
v 925.7778469924989 451.23710579000783 0
v 927.5635709166205 449.5849289723346 0
v 929.3065227129098 447.88652271290977 0
v 931.0049289723346 446.14357091662055 0
v 932.6571057900079 444.35784699249893 0
v 934.2614643246411 442.53120784504785 0
v 935.8165158702863 440.6655874590445 0
v 937.3208764065324 438.7629901242013 0
v 938.7732705983684 436.8254833491776 0
v 940.172535222276 434.85519051693063 0
v 941.5176220006879 432.8542833352441 0
v 942.8075998326681 430.8249741374576 0
v 944.0416564144235 428.769508088932 0
v 945.2190992489948 426.69015535462864 0
v 946.3393560500787 424.589203282381 0
v 947.4019745503502 422.4689486550119 0
v 948.4066217297877 420.33169006244196 0
v 949.3530824843159 418.17972044240037 0
v 950.2412577594811 416.01531983533084 0
v 951.0711621778518 413.8407483956521 0
v 951.8429211923038 411.65823969775283 0
v 952.5567678003479 409.4699943710341 0
v 953.2130388570793 407.2781740940429 0
v 953.8121710262628 405.0848959733268 0
v 954.3546964104306 402.8922273281549 0
v 954.8412379017252 400.70218089776563 0
v 955.272504295579 398.51671048337056 0
v 955.6492852091748 396.3377070328263 0
v 955.9724458460707 394.16699517173794 0
v 956.2429216473773 392.0063301808195 0
v 956.4617128685138 389.857395415639 0
v 956.6298791189071 387.7218001614767 0
v 956.7485339000135 385.60107791290363 0
v 956.8188391748715 383.49668506491605 0
v 956.842 381.41 0
v 956.842 381.41 0
v 956.8188391748715 379.323314935084 0
v 956.7485339000134 377.21892208709636 0
v 956.6298791189071 375.0981998385233 0
v 956.4617128685138 372.962604584361 0
v 956.2429216473773 370.8136698191807 0
v 955.9724458460709 368.653004828262 0
v 955.6492852091746 366.48229296717386 0
v 955.2725042955791 364.3032895166295 0
v 954.8412379017252 362.1178191022344 0
v 954.3546964104306 359.9277726718452 0
v 953.812171026263 357.7351040266733 0
v 953.2130388570793 355.5418259059571 0
v 952.5567678003478 353.350005628966 0
v 951.8429211923038 351.1617603022472 0
v 951.0711621778518 348.97925160434795 0
v 950.2412577594811 346.8046801646692 0
v 949.353082484316 344.6402795575997 0
v 948.4066217297877 342.4883099375581 0
v 947.4019745503502 340.35105134498815 0
v 946.3393560500787 338.23079671761906 0
v 945.2190992489948 336.1298446453714 0
v 944.0416564144235 334.0504919110679 0
v 942.8075998326681 331.99502586254243 0
v 941.5176220006879 329.96571666475603 0
v 940.172535222276 327.9648094830694 0
v 938.7732705983684 325.99451665082233 0
v 937.3208764065322 324.05700987579877 0
v 935.8165158702863 322.15441254095555 0
v 934.2614643246409 320.2887921549522 0
v 932.6571057900079 318.4621530075011 0
v 931.0049289723345 316.6764290833795 0
v 929.3065227129097 314.93347728709034 0
v 927.5635709166205 313.23507102766547 0
v 925.7778469924989 311.5828942099923 0
v 923.9512078450479 309.978535675359 0
v 922.0855874590445 308.42348412971387 0
v 920.1829901242012 306.9191235934677 0
v 918.2454833491776 305.4667294016316 0
v 916.2751905169306 304.0674647777241 0
v 914.274283335244 302.72237799931213 0
v 912.2449741374576 301.432400167332 0
v 910.189508088932 300.1983435855765 0
v 908.1101553546285 299.02090075100534 0
v 906.009203282381 297.9006439499213 0
v 903.8889486550119 296.83802544964976 0
v 901.7516900624419 295.8333782702121 0
v 899.5997204424004 294.8869175156842 0
v 897.4353198353306 293.9987422405188 0
v 895.260748395652 293.1688378221484 0
v 893.0782396977529 292.3970788076962 0
v 890.8899943710339 291.6832321996522 0
v 888.6981740940429 291.02696114292087 0
v 886.5048959733267 290.4278289737371 0
v 884.3122273281549 289.8853035895695 0
v 882.1221808977656 289.3987620982747 0
v 879.9367104833706 288.967495704421 0
v 877.7577070328261 288.59071479082536 0
v 875.5869951717378 288.2675541539291 0
v 873.4263301808193 287.9970783526227 0
v 871.2773954156389 287.7782871314861 0
v 869.1418001614767 287.61012088109294 0
v 867.0210779129035 287.49146609998655 0
v 864.9166850649159 287.42116082512854 0
v 862.8299999999999 287.398 0
v 862.8299999999999 287.398 0
v 860.7433149350838 287.42116082512854 0
v 858.6389220870963 287.49146609998655 0
v 856.5181998385232 287.61012088109294 0
v 854.3826045843609 287.7782871314861 0
v 852.2336698191806 287.9970783526227 0
v 850.0730048282619 288.26755415392915 0
v 847.9022929671738 288.5907147908254 0
v 845.7232895166294 288.967495704421 0
v 843.5378191022344 289.3987620982747 0
v 841.3477726718452 289.8853035895695 0
v 839.1551040266731 290.4278289737371 0
v 836.9618259059571 291.02696114292087 0
v 834.7700056289659 291.6832321996522 0
v 832.5817603022473 292.39707880769623 0
v 830.3992516043479 293.1688378221484 0
v 828.2246801646692 293.9987422405188 0
v 826.0602795575994 294.8869175156842 0
v 823.908309937558 295.8333782702121 0
v 821.771051344988 296.83802544964976 0
v 819.650796717619 297.9006439499213 0
v 817.5498446453714 299.02090075100534 0
v 815.4704919110679 300.1983435855765 0
v 813.4150258625424 301.432400167332 0
v 811.3857166647559 302.72237799931213 0
v 809.3848094830693 304.0674647777241 0
v 807.4145166508222 305.4667294016315 0
v 805.4770098757986 306.9191235934677 0
v 803.5744125409554 308.42348412971387 0
v 801.7087921549522 309.978535675359 0
v 799.882153007501 311.5828942099923 0
v 798.0964290833796 313.23507102766547 0
v 796.3534772870903 314.93347728709034 0
v 794.6550710276655 316.6764290833795 0
v 793.0028942099922 318.4621530075011 0
v 791.398535675359 320.2887921549522 0
v 789.8434841297138 322.15441254095555 0
v 788.3391235934675 324.05700987579877 0
v 786.8867294016314 325.99451665082233 0
v 785.4874647777242 327.96480948306936 0
v 784.1423779993122 329.96571666475603 0
v 782.8524001673319 331.99502586254243 0
v 781.6183435855766 334.0504919110679 0
v 780.4409007510053 336.12984464537146 0
v 779.3206439499213 338.23079671761906 0
v 778.2580254496498 340.35105134498804 0
v 777.2533782702121 342.48830993755803 0
v 776.3069175156842 344.6402795575997 0
v 775.4187422405188 346.8046801646692 0
v 774.5888378221484 348.97925160434795 0
v 773.8170788076964 351.1617603022472 0
v 773.1032321996521 353.350005628966 0
v 772.4469611429208 355.5418259059572 0
v 771.847828973737 357.7351040266733 0
v 771.3053035895696 359.9277726718452 0
v 770.8187620982746 362.1178191022344 0
v 770.3874957044211 364.30328951662943 0
v 770.0107147908253 366.48229296717386 0
v 769.6875541539289 368.653004828262 0
v 769.4170783526228 370.8136698191807 0
v 769.1982871314859 372.962604584361 0
v 769.0301208810929 375.0981998385233 0
v 768.9114660999866 377.21892208709636 0
v 768.8411608251286 379.323314935084 0
v 768.818 381.41 0
l 1 2
l 2 3
l 3 4
l 4 5
l 5 6
l 6 7
l 7 8
l 8 9
l 9 10
l 10 11
l 11 12
l 12 13
l 13 14
l 14 15
l 15 16
l 16 17
l 17 18
l 18 19
l 19 20
l 20 21
l 21 22
l 22 23
l 23 24
l 24 25
l 25 26
l 26 27
l 27 28
l 28 29
l 29 30
l 30 31
l 31 32
l 32 33
l 33 34
l 34 35
l 35 36
l 36 37
l 37 38
l 38 39
l 39 40
l 40 41
l 41 42
l 42 43
l 43 44
l 44 45
l 45 46
l 46 47
l 47 48
l 48 49
l 49 50
l 50 51
l 51 52
l 52 53
l 53 54
l 54 55
l 55 56
l 56 57
l 57 58
l 58 59
l 59 60
l 60 61
l 61 62
l 62 63
l 63 64
l 64 65
l 66 67
l 67 68
l 68 69
l 69 70
l 70 71
l 71 72
l 72 73
l 73 74
l 74 75
l 75 76
l 76 77
l 77 78
l 78 79
l 79 80
l 80 81
l 81 82
l 82 83
l 83 84
l 84 85
l 85 86
l 86 87
l 87 88
l 88 89
l 89 90
l 90 91
l 91 92
l 92 93
l 93 94
l 94 95
l 95 96
l 96 97
l 97 98
l 98 99
l 99 100
l 100 101
l 101 102
l 102 103
l 103 104
l 104 105
l 105 106
l 106 107
l 107 108
l 108 109
l 109 110
l 110 111
l 111 112
l 112 113
l 113 114
l 114 115
l 115 116
l 116 117
l 117 118
l 118 119
l 119 120
l 120 121
l 121 122
l 122 123
l 123 124
l 124 125
l 125 126
l 126 127
l 127 128
l 128 129
l 129 130
l 131 132
l 132 133
l 133 134
l 134 135
l 135 136
l 136 137
l 137 138
l 138 139
l 139 140
l 140 141
l 141 142
l 142 143
l 143 144
l 144 145
l 145 146
l 146 147
l 147 148
l 148 149
l 149 150
l 150 151
l 151 152
l 152 153
l 153 154
l 154 155
l 155 156
l 156 157
l 157 158
l 158 159
l 159 160
l 160 161
l 161 162
l 162 163
l 163 164
l 164 165
l 165 166
l 166 167
l 167 168
l 168 169
l 169 170
l 170 171
l 171 172
l 172 173
l 173 174
l 174 175
l 175 176
l 176 177
l 177 178
l 178 179
l 179 180
l 180 181
l 181 182
l 182 183
l 183 184
l 184 185
l 185 186
l 186 187
l 187 188
l 188 189
l 189 190
l 190 191
l 191 192
l 192 193
l 193 194
l 194 195
l 196 197
l 197 198
l 198 199
l 199 200
l 200 201
l 201 202
l 202 203
l 203 204
l 204 205
l 205 206
l 206 207
l 207 208
l 208 209
l 209 210
l 210 211
l 211 212
l 212 213
l 213 214
l 214 215
l 215 216
l 216 217
l 217 218
l 218 219
l 219 220
l 220 221
l 221 222
l 222 223
l 223 224
l 224 225
l 225 226
l 226 227
l 227 228
l 228 229
l 229 230
l 230 231
l 231 232
l 232 233
l 233 234
l 234 235
l 235 236
l 236 237
l 237 238
l 238 239
l 239 240
l 240 241
l 241 242
l 242 243
l 243 244
l 244 245
l 245 246
l 246 247
l 247 248
l 248 249
l 249 250
l 250 251
l 251 252
l 252 253
l 253 254
l 254 255
l 255 256
l 256 257
l 257 258
l 258 259
l 259 260
l 261 262
l 262 263
l 263 264
l 264 265
l 265 266
l 266 267
l 267 268
l 268 269
l 269 270
l 270 271
l 271 272
l 272 273
l 273 274
l 274 275
l 275 276
l 276 277
l 277 278
l 278 279
l 279 280
l 280 281
l 281 282
l 282 283
l 283 284
l 284 285
l 285 286
l 286 287
l 287 288
l 288 289
l 289 290
l 290 291
l 291 292
l 292 293
l 293 294
l 294 295
l 295 296
l 296 297
l 297 298
l 298 299
l 299 300
l 300 301
l 301 302
l 302 303
l 303 304
l 304 305
l 305 306
l 306 307
l 307 308
l 308 309
l 309 310
l 310 311
l 311 312
l 312 313
l 313 314
l 314 315
l 315 316
l 316 317
l 317 318
l 318 319
l 319 320
l 320 321
l 321 322
l 322 323
l 323 324
l 324 325
l 326 327
l 327 328
l 328 329
l 329 330
l 330 331
l 331 332
l 332 333
l 333 334
l 334 335
l 335 336
l 336 337
l 337 338
l 338 339
l 339 340
l 340 341
l 341 342
l 342 343
l 343 344
l 344 345
l 345 346
l 346 347
l 347 348
l 348 349
l 349 350
l 350 351
l 351 352
l 352 353
l 353 354
l 354 355
l 355 356
l 356 357
l 357 358
l 358 359
l 359 360
l 360 361
l 361 362
l 362 363
l 363 364
l 364 365
l 365 366
l 366 367
l 367 368
l 368 369
l 369 370
l 370 371
l 371 372
l 372 373
l 373 374
l 374 375
l 375 376
l 376 377
l 377 378
l 378 379
l 379 380
l 380 381
l 381 382
l 382 383
l 383 384
l 384 385
l 385 386
l 386 387
l 387 388
l 388 389
l 389 390
l 391 392
l 392 393
l 393 394
l 394 395
l 395 396
l 396 397
l 397 398
l 398 399
l 399 400
l 400 401
l 401 402
l 402 403
l 403 404
l 404 405
l 405 406
l 406 407
l 407 408
l 408 409
l 409 410
l 410 411
l 411 412
l 412 413
l 413 414
l 414 415
l 415 416
l 416 417
l 417 418
l 418 419
l 419 420
l 420 421
l 421 422
l 422 423
l 423 424
l 424 425
l 425 426
l 426 427
l 427 428
l 428 429
l 429 430
l 430 431
l 431 432
l 432 433
l 433 434
l 434 435
l 435 436
l 436 437
l 437 438
l 438 439
l 439 440
l 440 441
l 441 442
l 442 443
l 443 444
l 444 445
l 445 446
l 446 447
l 447 448
l 448 449
l 449 450
l 450 451
l 451 452
l 452 453
l 453 454
l 454 455
l 456 457
l 457 458
l 458 459
l 459 460
l 460 461
l 461 462
l 462 463
l 463 464
l 464 465
l 465 466
l 466 467
l 467 468
l 468 469
l 469 470
l 470 471
l 471 472
l 472 473
l 473 474
l 474 475
l 475 476
l 476 477
l 477 478
l 478 479
l 479 480
l 480 481
l 481 482
l 482 483
l 483 484
l 484 485
l 485 486
l 486 487
l 487 488
l 488 489
l 489 490
l 490 491
l 491 492
l 492 493
l 493 494
l 494 495
l 495 496
l 496 497
l 497 498
l 498 499
l 499 500
l 500 501
l 501 502
l 502 503
l 503 504
l 504 505
l 505 506
l 506 507
l 507 508
l 508 509
l 509 510
l 510 511
l 511 512
l 512 513
l 513 514
l 514 515
l 515 516
l 516 517
l 517 518
l 518 519
l 519 520

l 521 522
l 522 523
l 523 524
l 524 525
l 525 526
l 526 527
l 527 528
l 528 529
l 529 530
l 530 531
l 531 532
l 532 533
l 533 534
l 534 535
l 535 536
l 536 537
l 538 539
l 539 540
l 540 541
l 541 542
l 542 543
l 543 544
l 544 545
l 545 546
l 546 547
l 547 548
l 548 549
l 549 550
l 550 551
l 551 552
l 552 553
l 553 554
l 555 556
l 556 557
l 557 558
l 558 559
l 559 560
l 560 561
l 561 562
l 562 563
l 563 564
l 564 565
l 565 566
l 566 567
l 567 568
l 568 569
l 569 570
l 570 571
l 572 573
l 573 574
l 574 575
l 575 576
l 576 577
l 577 578
l 578 579
l 579 580
l 580 581
l 581 582
l 582 583
l 583 584
l 584 585
l 585 586
l 586 587
l 587 588
l 589 590
l 590 591
l 591 592
l 592 593
l 593 594
l 594 595
l 595 596
l 596 597
l 597 598
l 598 599
l 599 600
l 600 601
l 601 602
l 602 603
l 603 604
l 604 605
l 606 607
l 607 608
l 608 609
l 609 610
l 610 611
l 611 612
l 612 613
l 613 614
l 614 615
l 615 616
l 616 617
l 617 618
l 618 619
l 619 620
l 620 621
l 621 622
l 623 624
l 624 625
l 625 626
l 626 627
l 627 628
l 628 629
l 629 630
l 630 631
l 631 632
l 632 633
l 633 634
l 634 635
l 635 636
l 636 637
l 637 638
l 638 639
l 640 641
l 641 642
l 642 643
l 643 644
l 644 645
l 645 646
l 646 647
l 647 648
l 648 649
l 649 650
l 650 651
l 651 652
l 652 653
l 653 654
l 654 655
l 655 656
l 657 658
l 658 659
l 659 660
l 660 661
l 661 662
l 662 663
l 663 664
l 664 665
l 665 666
l 666 667
l 667 668
l 668 669
l 669 670
l 670 671
l 671 672
l 672 673
l 674 675
l 675 676
l 676 677
l 677 678
l 678 679
l 679 680
l 680 681
l 681 682
l 682 683
l 683 684
l 684 685
l 685 686
l 686 687
l 687 688
l 688 689
l 689 690
l 691 692
l 692 693
l 693 694
l 694 695
l 695 696
l 696 697
l 697 698
l 698 699
l 699 700
l 700 701
l 701 702
l 702 703
l 703 704
l 704 705
l 705 706
l 706 707
l 708 709
l 709 710
l 710 711
l 711 712
l 712 713
l 713 714
l 714 715
l 715 716
l 716 717
l 717 718
l 718 719
l 719 720
l 720 721
l 721 722
l 722 723
l 723 724
l 725 726
l 726 727
l 727 728
l 728 729
l 729 730
l 730 731
l 731 732
l 732 733
l 733 734
l 734 735
l 735 736
l 736 737
l 737 738
l 738 739
l 739 740
l 740 741
l 742 743
l 743 744
l 744 745
l 745 746
l 746 747
l 747 748
l 748 749
l 749 750
l 750 751
l 751 752
l 752 753
l 753 754
l 754 755
l 755 756
l 756 757
l 757 758
l 759 760
l 760 761
l 761 762
l 762 763
l 763 764
l 764 765
l 765 766
l 766 767
l 767 768
l 768 769
l 769 770
l 770 771
l 771 772
l 772 773
l 773 774
l 774 775
l 776 777
l 777 778
l 778 779
l 779 780
l 780 781
l 781 782
l 782 783
l 783 784
l 784 785
l 785 786
l 786 787
l 787 788
l 788 789
l 789 790
l 790 791
l 791 792
l 793 794
l 794 795
l 795 796
l 796 797
l 797 798
l 798 799
l 799 800
l 800 801
l 802 803
l 803 804
l 804 805
l 805 806
l 806 807
l 807 808
l 808 809
l 809 810
l 810 811
l 811 812
l 812 813
l 813 814
l 814 815
l 815 816
l 816 817
l 817 818
l 818 819
l 819 820
l 820 821
l 821 822
l 822 823
l 823 824
l 824 825
l 825 826
l 826 827
l 827 828
l 828 829
l 829 830
l 830 831
l 831 832
l 832 833
l 833 834
l 834 835
l 835 836
l 836 837
l 837 838
l 838 839
l 839 840
l 840 841
l 841 842
l 842 843
l 843 844
l 844 845
l 845 846
l 846 847
l 847 848
l 848 849
l 849 850
l 850 851
l 851 852
l 852 853
l 853 854
l 854 855
l 855 856
l 856 857
l 857 858
l 858 859
l 859 860
l 860 861
l 861 862
l 862 863
l 863 864
l 864 865
l 865 866
l 867 868
l 868 869
l 869 870
l 870 871
l 871 872
l 872 873
l 873 874
l 874 875
l 875 876
l 876 877
l 877 878
l 878 879
l 879 880
l 880 881
l 881 882
l 882 883
l 883 884
l 884 885
l 885 886
l 886 887
l 887 888
l 888 889
l 889 890
l 890 891
l 891 892
l 892 893
l 893 894
l 894 895
l 895 896
l 896 897
l 897 898
l 898 899
l 899 900
l 900 901
l 901 902
l 902 903
l 903 904
l 904 905
l 905 906
l 906 907
l 907 908
l 908 909
l 909 910
l 910 911
l 911 912
l 912 913
l 913 914
l 914 915
l 915 916
l 916 917
l 917 918
l 918 919
l 919 920
l 920 921
l 921 922
l 922 923
l 923 924
l 924 925
l 925 926
l 926 927
l 927 928
l 928 929
l 929 930
l 930 931
l 932 933
l 933 934
l 934 935
l 935 936
l 936 937
l 937 938
l 938 939
l 939 940
l 940 941
l 941 942
l 942 943
l 943 944
l 944 945
l 945 946
l 946 947
l 947 948
l 948 949
l 949 950
l 950 951
l 951 952
l 952 953
l 953 954
l 954 955
l 955 956
l 956 957
l 957 958
l 958 959
l 959 960
l 960 961
l 961 962
l 962 963
l 963 964
l 964 965
l 965 966
l 966 967
l 967 968
l 968 969
l 969 970
l 970 971
l 971 972
l 972 973
l 973 974
l 974 975
l 975 976
l 976 977
l 977 978
l 978 979
l 979 980
l 980 981
l 981 982
l 982 983
l 983 984
l 984 985
l 985 986
l 986 987
l 987 988
l 988 989
l 989 990
l 990 991
l 991 992
l 992 993
l 993 994
l 994 995
l 995 996
l 997 998
l 998 999
l 999 1000
l 1000 1001
l 1001 1002
l 1002 1003
l 1003 1004
l 1004 1005
l 1005 1006
l 1006 1007
l 1007 1008
l 1008 1009
l 1009 1010
l 1010 1011
l 1011 1012
l 1012 1013
l 1013 1014
l 1014 1015
l 1015 1016
l 1016 1017
l 1017 1018
l 1018 1019
l 1019 1020
l 1020 1021
l 1021 1022
l 1022 1023
l 1023 1024
l 1024 1025
l 1025 1026
l 1026 1027
l 1027 1028
l 1028 1029
l 1029 1030
l 1030 1031
l 1031 1032
l 1032 1033
l 1033 1034
l 1034 1035
l 1035 1036
l 1036 1037
l 1037 1038
l 1038 1039
l 1039 1040
l 1040 1041
l 1041 1042
l 1042 1043
l 1043 1044
l 1044 1045
l 1045 1046
l 1046 1047
l 1047 1048
l 1048 1049
l 1049 1050
l 1050 1051
l 1051 1052
l 1052 1053
l 1053 1054
l 1054 1055
l 1055 1056
l 1056 1057
l 1057 1058
l 1058 1059
l 1059 1060
l 1060 1061
l 1062 1063
l 1063 1064
l 1064 1065
l 1065 1066
l 1066 1067
l 1067 1068
l 1068 1069
l 1069 1070
l 1070 1071
l 1071 1072
l 1072 1073
l 1073 1074
l 1074 1075
l 1075 1076
l 1076 1077
l 1077 1078
l 1078 1079
l 1079 1080
l 1080 1081
l 1081 1082
l 1082 1083
l 1083 1084
l 1084 1085
l 1085 1086
l 1086 1087
l 1087 1088
l 1088 1089
l 1089 1090
l 1090 1091
l 1091 1092
l 1092 1093
l 1093 1094
l 1094 1095
l 1095 1096
l 1096 1097
l 1097 1098
l 1098 1099
l 1099 1100
l 1100 1101
l 1101 1102
l 1102 1103
l 1103 1104
l 1104 1105
l 1105 1106
l 1106 1107
l 1107 1108
l 1108 1109
l 1109 1110
l 1110 1111
l 1111 1112
l 1112 1113
l 1113 1114
l 1114 1115
l 1115 1116
l 1116 1117
l 1117 1118
l 1118 1119
l 1119 1120
l 1120 1121
l 1121 1122
l 1122 1123
l 1123 1124
l 1124 1125
l 1125 1126
l 1127 1128
l 1128 1129
l 1129 1130
l 1130 1131
l 1131 1132
l 1132 1133
l 1133 1134
l 1134 1135
l 1135 1136
l 1136 1137
l 1137 1138
l 1138 1139
l 1139 1140
l 1140 1141
l 1141 1142
l 1142 1143
l 1143 1144
l 1144 1145
l 1145 1146
l 1146 1147
l 1147 1148
l 1148 1149
l 1149 1150
l 1150 1151
l 1151 1152
l 1152 1153
l 1153 1154
l 1154 1155
l 1155 1156
l 1156 1157
l 1157 1158
l 1158 1159
l 1159 1160
l 1160 1161
l 1161 1162
l 1162 1163
l 1163 1164
l 1164 1165
l 1165 1166
l 1166 1167
l 1167 1168
l 1168 1169
l 1169 1170
l 1170 1171
l 1171 1172
l 1172 1173
l 1173 1174
l 1174 1175
l 1175 1176
l 1176 1177
l 1177 1178
l 1178 1179
l 1179 1180
l 1180 1181
l 1181 1182
l 1182 1183
l 1183 1184
l 1184 1185
l 1185 1186
l 1186 1187
l 1187 1188
l 1188 1189
l 1189 1190
l 1190 1191
l 1192 1193
l 1193 1194
l 1194 1195
l 1195 1196
l 1196 1197
l 1197 1198
l 1198 1199
l 1199 1200
l 1200 1201
l 1201 1202
l 1202 1203
l 1203 1204
l 1204 1205
l 1205 1206
l 1206 1207
l 1207 1208
l 1208 1209
l 1209 1210
l 1210 1211
l 1211 1212
l 1212 1213
l 1213 1214
l 1214 1215
l 1215 1216
l 1216 1217
l 1217 1218
l 1218 1219
l 1219 1220
l 1220 1221
l 1221 1222
l 1222 1223
l 1223 1224
l 1224 1225
l 1225 1226
l 1226 1227
l 1227 1228
l 1228 1229
l 1229 1230
l 1230 1231
l 1231 1232
l 1232 1233
l 1233 1234
l 1234 1235
l 1235 1236
l 1236 1237
l 1237 1238
l 1238 1239
l 1239 1240
l 1240 1241
l 1241 1242
l 1242 1243
l 1243 1244
l 1244 1245
l 1245 1246
l 1246 1247
l 1247 1248
l 1248 1249
l 1249 1250
l 1250 1251
l 1251 1252
l 1252 1253
l 1253 1254
l 1254 1255
l 1255 1256
l 1257 1258
l 1258 1259
l 1259 1260
l 1260 1261
l 1261 1262
l 1262 1263
l 1263 1264
l 1264 1265
l 1265 1266
l 1266 1267
l 1267 1268
l 1268 1269
l 1269 1270
l 1270 1271
l 1271 1272
l 1272 1273
l 1273 1274
l 1274 1275
l 1275 1276
l 1276 1277
l 1277 1278
l 1278 1279
l 1279 1280
l 1280 1281
l 1281 1282
l 1282 1283
l 1283 1284
l 1284 1285
l 1285 1286
l 1286 1287
l 1287 1288
l 1288 1289
l 1289 1290
l 1290 1291
l 1291 1292
l 1292 1293
l 1293 1294
l 1294 1295
l 1295 1296
l 1296 1297
l 1297 1298
l 1298 1299
l 1299 1300
l 1300 1301
l 1301 1302
l 1302 1303
l 1303 1304
l 1304 1305
l 1305 1306
l 1306 1307
l 1307 1308
l 1308 1309
l 1309 1310
l 1310 1311
l 1311 1312
l 1312 1313
l 1313 1314
l 1314 1315
l 1315 1316
l 1316 1317
l 1317 1318
l 1318 1319
l 1319 1320
l 1320 1321
l 1322 1323
l 1323 1324
l 1324 1325
l 1325 1326
l 1326 1327
l 1327 1328
l 1328 1329
l 1329 1330
l 1331 1332
l 1332 1333
l 1333 1334
l 1334 1335
l 1335 1336
l 1336 1337
l 1337 1338
l 1338 1339
l 1340 1341
l 1341 1342
l 1342 1343
l 1343 1344
l 1344 1345
l 1345 1346
l 1346 1347
l 1347 1348
l 1348 1349
l 1349 1350
l 1350 1351
l 1351 1352
l 1352 1353
l 1353 1354
l 1354 1355
l 1355 1356
l 1356 1357
l 1357 1358
l 1358 1359
l 1359 1360
l 1360 1361
l 1361 1362
l 1362 1363
l 1363 1364
l 1364 1365
l 1365 1366
l 1366 1367
l 1367 1368
l 1368 1369
l 1369 1370
l 1370 1371
l 1371 1372
l 1372 1373
l 1373 1374
l 1374 1375
l 1375 1376
l 1376 1377
l 1377 1378
l 1378 1379
l 1379 1380
l 1380 1381
l 1381 1382
l 1382 1383
l 1383 1384
l 1384 1385
l 1385 1386
l 1386 1387
l 1387 1388
l 1388 1389
l 1389 1390
l 1390 1391
l 1391 1392
l 1392 1393
l 1393 1394
l 1394 1395
l 1395 1396
l 1396 1397
l 1397 1398
l 1398 1399
l 1399 1400
l 1400 1401
l 1401 1402
l 1402 1403
l 1403 1404
l 1405 1406
l 1406 1407
l 1407 1408
l 1408 1409
l 1409 1410
l 1410 1411
l 1411 1412
l 1412 1413
l 1413 1414
l 1414 1415
l 1415 1416
l 1416 1417
l 1417 1418
l 1418 1419
l 1419 1420
l 1420 1421
l 1421 1422
l 1422 1423
l 1423 1424
l 1424 1425
l 1425 1426
l 1426 1427
l 1427 1428
l 1428 1429
l 1429 1430
l 1430 1431
l 1431 1432
l 1432 1433
l 1433 1434
l 1434 1435
l 1435 1436
l 1436 1437
l 1437 1438
l 1438 1439
l 1439 1440
l 1440 1441
l 1441 1442
l 1442 1443
l 1443 1444
l 1444 1445
l 1445 1446
l 1446 1447
l 1447 1448
l 1448 1449
l 1449 1450
l 1450 1451
l 1451 1452
l 1452 1453
l 1453 1454
l 1454 1455
l 1455 1456
l 1456 1457
l 1457 1458
l 1458 1459
l 1459 1460
l 1460 1461
l 1461 1462
l 1462 1463
l 1463 1464
l 1464 1465
l 1465 1466
l 1466 1467
l 1467 1468
l 1468 1469
l 1470 1471
l 1471 1472
l 1472 1473
l 1473 1474
l 1474 1475
l 1475 1476
l 1476 1477
l 1477 1478
l 1478 1479
l 1479 1480
l 1480 1481
l 1481 1482
l 1482 1483
l 1483 1484
l 1484 1485
l 1485 1486
l 1486 1487
l 1487 1488
l 1488 1489
l 1489 1490
l 1490 1491
l 1491 1492
l 1492 1493
l 1493 1494
l 1494 1495
l 1495 1496
l 1496 1497
l 1497 1498
l 1498 1499
l 1499 1500
l 1500 1501
l 1501 1502
l 1502 1503
l 1503 1504
l 1504 1505
l 1505 1506
l 1506 1507
l 1507 1508
l 1508 1509
l 1509 1510
l 1510 1511
l 1511 1512
l 1512 1513
l 1513 1514
l 1514 1515
l 1515 1516
l 1516 1517
l 1517 1518
l 1518 1519
l 1519 1520
l 1520 1521
l 1521 1522
l 1522 1523
l 1523 1524
l 1524 1525
l 1525 1526
l 1526 1527
l 1527 1528
l 1528 1529
l 1529 1530
l 1530 1531
l 1531 1532
l 1532 1533
l 1533 1534
l 1535 1536
l 1536 1537
l 1537 1538
l 1538 1539
l 1539 1540
l 1540 1541
l 1541 1542
l 1542 1543
l 1543 1544
l 1544 1545
l 1545 1546
l 1546 1547
l 1547 1548
l 1548 1549
l 1549 1550
l 1550 1551
l 1551 1552
l 1552 1553
l 1553 1554
l 1554 1555
l 1555 1556
l 1556 1557
l 1557 1558
l 1558 1559
l 1559 1560
l 1560 1561
l 1561 1562
l 1562 1563
l 1563 1564
l 1564 1565
l 1565 1566
l 1566 1567
l 1567 1568
l 1568 1569
l 1569 1570
l 1570 1571
l 1571 1572
l 1572 1573
l 1573 1574
l 1574 1575
l 1575 1576
l 1576 1577
l 1577 1578
l 1578 1579
l 1579 1580
l 1580 1581
l 1581 1582
l 1582 1583
l 1583 1584
l 1584 1585
l 1585 1586
l 1586 1587
l 1587 1588
l 1588 1589
l 1589 1590
l 1590 1591
l 1591 1592
l 1592 1593
l 1593 1594
l 1594 1595
l 1595 1596
l 1596 1597
l 1597 1598
l 1598 1599

l 1600 1601
l 1601 1602
l 1602 1603
l 1603 1604
l 1604 1605
l 1605 1606
l 1606 1607
l 1607 1608
l 1608 1609
l 1609 1610
l 1610 1611
l 1611 1612
l 1612 1613
l 1613 1614
l 1614 1615
l 1615 1616
l 1616 1617
l 1617 1618
l 1618 1619
l 1619 1620
l 1620 1621
l 1621 1622
l 1622 1623
l 1623 1624
l 1624 1625
l 1625 1626
l 1626 1627
l 1627 1628
l 1628 1629
l 1629 1630
l 1630 1631
l 1631 1632
l 1632 1633
l 1633 1634
l 1634 1635
l 1635 1636
l 1636 1637
l 1637 1638
l 1638 1639
l 1639 1640
l 1640 1641
l 1641 1642
l 1642 1643
l 1643 1644
l 1644 1645
l 1645 1646
l 1646 1647
l 1647 1648
l 1648 1649
l 1649 1650
l 1650 1651
l 1651 1652
l 1652 1653
l 1653 1654
l 1654 1655
l 1655 1656
l 1656 1657
l 1657 1658
l 1658 1659
l 1659 1660
l 1660 1661
l 1661 1662
l 1662 1663
l 1663 1664
l 1665 1666
l 1666 1667
l 1667 1668
l 1668 1669
l 1669 1670
l 1670 1671
l 1671 1672
l 1672 1673
l 1673 1674
l 1674 1675
l 1675 1676
l 1676 1677
l 1677 1678
l 1678 1679
l 1679 1680
l 1680 1681
l 1681 1682
l 1682 1683
l 1683 1684
l 1684 1685
l 1685 1686
l 1686 1687
l 1687 1688
l 1688 1689
l 1689 1690
l 1690 1691
l 1691 1692
l 1692 1693
l 1693 1694
l 1694 1695
l 1695 1696
l 1696 1697
l 1697 1698
l 1698 1699
l 1699 1700
l 1700 1701
l 1701 1702
l 1702 1703
l 1703 1704
l 1704 1705
l 1705 1706
l 1706 1707
l 1707 1708
l 1708 1709
l 1709 1710
l 1710 1711
l 1711 1712
l 1712 1713
l 1713 1714
l 1714 1715
l 1715 1716
l 1716 1717
l 1717 1718
l 1718 1719
l 1719 1720
l 1720 1721
l 1721 1722
l 1722 1723
l 1723 1724
l 1724 1725
l 1725 1726
l 1726 1727
l 1727 1728
l 1728 1729
l 1730 1731
l 1731 1732
l 1732 1733
l 1733 1734
l 1734 1735
l 1735 1736
l 1736 1737
l 1737 1738
l 1738 1739
l 1739 1740
l 1740 1741
l 1741 1742
l 1742 1743
l 1743 1744
l 1744 1745
l 1745 1746
l 1746 1747
l 1747 1748
l 1748 1749
l 1749 1750
l 1750 1751
l 1751 1752
l 1752 1753
l 1753 1754
l 1754 1755
l 1755 1756
l 1756 1757
l 1757 1758
l 1758 1759
l 1759 1760
l 1760 1761
l 1761 1762
l 1762 1763
l 1763 1764
l 1764 1765
l 1765 1766
l 1766 1767
l 1767 1768
l 1768 1769
l 1769 1770
l 1770 1771
l 1771 1772
l 1772 1773
l 1773 1774
l 1774 1775
l 1775 1776
l 1776 1777
l 1777 1778
l 1778 1779
l 1779 1780
l 1780 1781
l 1781 1782
l 1782 1783
l 1783 1784
l 1784 1785
l 1785 1786
l 1786 1787
l 1787 1788
l 1788 1789
l 1789 1790
l 1790 1791
l 1791 1792
l 1792 1793
l 1793 1794
l 1795 1796
l 1796 1797
l 1797 1798
l 1798 1799
l 1799 1800
l 1800 1801
l 1801 1802
l 1802 1803
l 1803 1804
l 1804 1805
l 1805 1806
l 1806 1807
l 1807 1808
l 1808 1809
l 1809 1810
l 1810 1811
l 1811 1812
l 1812 1813
l 1813 1814
l 1814 1815
l 1815 1816
l 1816 1817
l 1817 1818
l 1818 1819
l 1819 1820
l 1820 1821
l 1821 1822
l 1822 1823
l 1823 1824
l 1824 1825
l 1825 1826
l 1826 1827
l 1827 1828
l 1828 1829
l 1829 1830
l 1830 1831
l 1831 1832
l 1832 1833
l 1833 1834
l 1834 1835
l 1835 1836
l 1836 1837
l 1837 1838
l 1838 1839
l 1839 1840
l 1840 1841
l 1841 1842
l 1842 1843
l 1843 1844
l 1844 1845
l 1845 1846
l 1846 1847
l 1847 1848
l 1848 1849
l 1849 1850
l 1850 1851
l 1851 1852
l 1852 1853
l 1853 1854
l 1854 1855
l 1855 1856
l 1856 1857
l 1857 1858
l 1858 1859
l 1860 1861
l 1861 1862
l 1862 1863
l 1863 1864
l 1864 1865
l 1865 1866
l 1866 1867
l 1867 1868
l 1868 1869
l 1869 1870
l 1870 1871
l 1871 1872
l 1872 1873
l 1873 1874
l 1874 1875
l 1875 1876
l 1876 1877
l 1877 1878
l 1878 1879
l 1879 1880
l 1880 1881
l 1881 1882
l 1882 1883
l 1883 1884
l 1884 1885
l 1885 1886
l 1886 1887
l 1887 1888
l 1888 1889
l 1889 1890
l 1890 1891
l 1891 1892
l 1892 1893
l 1893 1894
l 1894 1895
l 1895 1896
l 1896 1897
l 1897 1898
l 1898 1899
l 1899 1900
l 1900 1901
l 1901 1902
l 1902 1903
l 1903 1904
l 1904 1905
l 1905 1906
l 1906 1907
l 1907 1908
l 1908 1909
l 1909 1910
l 1910 1911
l 1911 1912
l 1912 1913
l 1913 1914
l 1914 1915
l 1915 1916
l 1916 1917
l 1917 1918
l 1918 1919
l 1919 1920
l 1920 1921
l 1921 1922
l 1922 1923
l 1923 1924
l 1925 1926
l 1926 1927
l 1927 1928
l 1928 1929
l 1929 1930
l 1930 1931
l 1931 1932
l 1932 1933
l 1933 1934
l 1934 1935
l 1935 1936
l 1936 1937
l 1937 1938
l 1938 1939
l 1939 1940
l 1940 1941
l 1941 1942
l 1942 1943
l 1943 1944
l 1944 1945
l 1945 1946
l 1946 1947
l 1947 1948
l 1948 1949
l 1949 1950
l 1950 1951
l 1951 1952
l 1952 1953
l 1953 1954
l 1954 1955
l 1955 1956
l 1956 1957
l 1957 1958
l 1958 1959
l 1959 1960
l 1960 1961
l 1961 1962
l 1962 1963
l 1963 1964
l 1964 1965
l 1965 1966
l 1966 1967
l 1967 1968
l 1968 1969
l 1969 1970
l 1970 1971
l 1971 1972
l 1972 1973
l 1973 1974
l 1974 1975
l 1975 1976
l 1976 1977
l 1977 1978
l 1978 1979
l 1979 1980
l 1980 1981
l 1981 1982
l 1982 1983
l 1983 1984
l 1984 1985
l 1985 1986
l 1986 1987
l 1987 1988
l 1988 1989
l 1990 1991
l 1991 1992
l 1992 1993
l 1993 1994
l 1994 1995
l 1995 1996
l 1996 1997
l 1997 1998
l 1998 1999
l 1999 2000
l 2000 2001
l 2001 2002
l 2002 2003
l 2003 2004
l 2004 2005
l 2005 2006
l 2006 2007
l 2007 2008
l 2008 2009
l 2009 2010
l 2010 2011
l 2011 2012
l 2012 2013
l 2013 2014
l 2014 2015
l 2015 2016
l 2016 2017
l 2017 2018
l 2018 2019
l 2019 2020
l 2020 2021
l 2021 2022
l 2022 2023
l 2023 2024
l 2024 2025
l 2025 2026
l 2026 2027
l 2027 2028
l 2028 2029
l 2029 2030
l 2030 2031
l 2031 2032
l 2032 2033
l 2033 2034
l 2034 2035
l 2035 2036
l 2036 2037
l 2037 2038
l 2038 2039
l 2039 2040
l 2040 2041
l 2041 2042
l 2042 2043
l 2043 2044
l 2044 2045
l 2045 2046
l 2046 2047
l 2047 2048
l 2048 2049
l 2049 2050
l 2050 2051
l 2051 2052
l 2052 2053
l 2053 2054
l 2055 2056
l 2056 2057
l 2057 2058
l 2058 2059
l 2059 2060
l 2060 2061
l 2061 2062
l 2062 2063
l 2063 2064
l 2064 2065
l 2065 2066
l 2066 2067
l 2067 2068
l 2068 2069
l 2069 2070
l 2070 2071
l 2071 2072
l 2072 2073
l 2073 2074
l 2074 2075
l 2075 2076
l 2076 2077
l 2077 2078
l 2078 2079
l 2079 2080
l 2080 2081
l 2081 2082
l 2082 2083
l 2083 2084
l 2084 2085
l 2085 2086
l 2086 2087
l 2087 2088
l 2088 2089
l 2089 2090
l 2090 2091
l 2091 2092
l 2092 2093
l 2093 2094
l 2094 2095
l 2095 2096
l 2096 2097
l 2097 2098
l 2098 2099
l 2099 2100
l 2100 2101
l 2101 2102
l 2102 2103
l 2103 2104
l 2104 2105
l 2105 2106
l 2106 2107
l 2107 2108
l 2108 2109
l 2109 2110
l 2110 2111
l 2111 2112
l 2112 2113
l 2113 2114
l 2114 2115
l 2115 2116
l 2116 2117
l 2117 2118
l 2118 2119
l 2120 2121
l 2121 2122
l 2122 2123
l 2123 2124
l 2124 2125
l 2125 2126
l 2126 2127
l 2127 2128

l 2129 2130
l 2130 2131
l 2131 2132
l 2132 2133
l 2133 2134
l 2134 2135
l 2135 2136
l 2136 2137
l 2137 2138
l 2138 2139
l 2139 2140
l 2140 2141
l 2141 2142
l 2142 2143
l 2143 2144
l 2144 2145
l 2145 2146
l 2146 2147
l 2147 2148
l 2148 2149
l 2149 2150
l 2150 2151
l 2151 2152
l 2152 2153
l 2153 2154
l 2154 2155
l 2155 2156
l 2156 2157
l 2157 2158
l 2158 2159
l 2159 2160
l 2160 2161
l 2161 2162
l 2162 2163
l 2163 2164
l 2164 2165
l 2165 2166
l 2166 2167
l 2167 2168
l 2168 2169
l 2169 2170
l 2170 2171
l 2171 2172
l 2172 2173
l 2173 2174
l 2174 2175
l 2175 2176
l 2176 2177
l 2177 2178
l 2178 2179
l 2179 2180
l 2180 2181
l 2181 2182
l 2182 2183
l 2183 2184
l 2184 2185
l 2185 2186
l 2186 2187
l 2187 2188
l 2188 2189
l 2189 2190
l 2190 2191
l 2191 2192
l 2192 2193
l 2194 2195
l 2195 2196
l 2196 2197
l 2197 2198
l 2198 2199
l 2199 2200
l 2200 2201
l 2201 2202
l 2202 2203
l 2203 2204
l 2204 2205
l 2205 2206
l 2206 2207
l 2207 2208
l 2208 2209
l 2209 2210
l 2210 2211
l 2211 2212
l 2212 2213
l 2213 2214
l 2214 2215
l 2215 2216
l 2216 2217
l 2217 2218
l 2218 2219
l 2219 2220
l 2220 2221
l 2221 2222
l 2222 2223
l 2223 2224
l 2224 2225
l 2225 2226
l 2226 2227
l 2227 2228
l 2228 2229
l 2229 2230
l 2230 2231
l 2231 2232
l 2232 2233
l 2233 2234
l 2234 2235
l 2235 2236
l 2236 2237
l 2237 2238
l 2238 2239
l 2239 2240
l 2240 2241
l 2241 2242
l 2242 2243
l 2243 2244
l 2244 2245
l 2245 2246
l 2246 2247
l 2247 2248
l 2248 2249
l 2249 2250
l 2250 2251
l 2251 2252
l 2252 2253
l 2253 2254
l 2254 2255
l 2255 2256
l 2256 2257
l 2257 2258
l 2259 2260
l 2260 2261
l 2261 2262
l 2262 2263
l 2263 2264
l 2264 2265
l 2265 2266
l 2266 2267
l 2267 2268
l 2268 2269
l 2269 2270
l 2270 2271
l 2271 2272
l 2272 2273
l 2273 2274
l 2274 2275
l 2275 2276
l 2276 2277
l 2277 2278
l 2278 2279
l 2279 2280
l 2280 2281
l 2281 2282
l 2282 2283
l 2283 2284
l 2284 2285
l 2285 2286
l 2286 2287
l 2287 2288
l 2288 2289
l 2289 2290
l 2290 2291
l 2291 2292
l 2292 2293
l 2293 2294
l 2294 2295
l 2295 2296
l 2296 2297
l 2297 2298
l 2298 2299
l 2299 2300
l 2300 2301
l 2301 2302
l 2302 2303
l 2303 2304
l 2304 2305
l 2305 2306
l 2306 2307
l 2307 2308
l 2308 2309
l 2309 2310
l 2310 2311
l 2311 2312
l 2312 2313
l 2313 2314
l 2314 2315
l 2315 2316
l 2316 2317
l 2317 2318
l 2318 2319
l 2319 2320
l 2320 2321
l 2321 2322
l 2322 2323
l 2324 2325
l 2325 2326
l 2326 2327
l 2327 2328
l 2328 2329
l 2329 2330
l 2330 2331
l 2331 2332
l 2332 2333
l 2333 2334
l 2334 2335
l 2335 2336
l 2336 2337
l 2337 2338
l 2338 2339
l 2339 2340
l 2340 2341
l 2341 2342
l 2342 2343
l 2343 2344
l 2344 2345
l 2345 2346
l 2346 2347
l 2347 2348
l 2348 2349
l 2349 2350
l 2350 2351
l 2351 2352
l 2352 2353
l 2353 2354
l 2354 2355
l 2355 2356
l 2356 2357
l 2357 2358
l 2358 2359
l 2359 2360
l 2360 2361
l 2361 2362
l 2362 2363
l 2363 2364
l 2364 2365
l 2365 2366
l 2366 2367
l 2367 2368
l 2368 2369
l 2369 2370
l 2370 2371
l 2371 2372
l 2372 2373
l 2373 2374
l 2374 2375
l 2375 2376
l 2376 2377
l 2377 2378
l 2378 2379
l 2379 2380
l 2380 2381
l 2381 2382
l 2382 2383
l 2383 2384
l 2384 2385
l 2385 2386
l 2386 2387
l 2387 2388
l 2389 2390
l 2390 2391
l 2391 2392
l 2392 2393
l 2393 2394
l 2394 2395
l 2395 2396
l 2396 2397
l 2398 2399
l 2399 2400
l 2400 2401
l 2401 2402
l 2402 2403
l 2403 2404
l 2404 2405
l 2405 2406
l 2407 2408
l 2408 2409
l 2409 2410
l 2410 2411
l 2411 2412
l 2412 2413
l 2413 2414
l 2414 2415
l 2415 2416
l 2416 2417
l 2417 2418
l 2418 2419
l 2419 2420
l 2420 2421
l 2421 2422
l 2422 2423
l 2423 2424
l 2424 2425
l 2425 2426
l 2426 2427
l 2427 2428
l 2428 2429
l 2429 2430
l 2430 2431
l 2431 2432
l 2432 2433
l 2433 2434
l 2434 2435
l 2435 2436
l 2436 2437
l 2437 2438
l 2438 2439
l 2439 2440
l 2440 2441
l 2441 2442
l 2442 2443
l 2443 2444
l 2444 2445
l 2445 2446
l 2446 2447
l 2447 2448
l 2448 2449
l 2449 2450
l 2450 2451
l 2451 2452
l 2452 2453
l 2453 2454
l 2454 2455
l 2455 2456
l 2456 2457
l 2457 2458
l 2458 2459
l 2459 2460
l 2460 2461
l 2461 2462
l 2462 2463
l 2463 2464
l 2464 2465
l 2465 2466
l 2466 2467
l 2467 2468
l 2468 2469
l 2469 2470
l 2470 2471
l 2472 2473
l 2473 2474
l 2474 2475
l 2475 2476
l 2476 2477
l 2477 2478
l 2478 2479
l 2479 2480
l 2480 2481
l 2481 2482
l 2482 2483
l 2483 2484
l 2484 2485
l 2485 2486
l 2486 2487
l 2487 2488
l 2488 2489
l 2489 2490
l 2490 2491
l 2491 2492
l 2492 2493
l 2493 2494
l 2494 2495
l 2495 2496
l 2496 2497
l 2497 2498
l 2498 2499
l 2499 2500
l 2500 2501
l 2501 2502
l 2502 2503
l 2503 2504
l 2504 2505
l 2505 2506
l 2506 2507
l 2507 2508
l 2508 2509
l 2509 2510
l 2510 2511
l 2511 2512
l 2512 2513
l 2513 2514
l 2514 2515
l 2515 2516
l 2516 2517
l 2517 2518
l 2518 2519
l 2519 2520
l 2520 2521
l 2521 2522
l 2522 2523
l 2523 2524
l 2524 2525
l 2525 2526
l 2526 2527
l 2527 2528
l 2528 2529
l 2529 2530
l 2530 2531
l 2531 2532
l 2532 2533
l 2533 2534
l 2534 2535
l 2535 2536
l 2537 2538
l 2538 2539
l 2539 2540
l 2540 2541
l 2541 2542
l 2542 2543
l 2543 2544
l 2544 2545
l 2545 2546
l 2546 2547
l 2547 2548
l 2548 2549
l 2549 2550
l 2550 2551
l 2551 2552
l 2552 2553
l 2553 2554
l 2554 2555
l 2555 2556
l 2556 2557
l 2557 2558
l 2558 2559
l 2559 2560
l 2560 2561
l 2561 2562
l 2562 2563
l 2563 2564
l 2564 2565
l 2565 2566
l 2566 2567
l 2567 2568
l 2568 2569
l 2569 2570
l 2570 2571
l 2571 2572
l 2572 2573
l 2573 2574
l 2574 2575
l 2575 2576
l 2576 2577
l 2577 2578
l 2578 2579
l 2579 2580
l 2580 2581
l 2581 2582
l 2582 2583
l 2583 2584
l 2584 2585
l 2585 2586
l 2586 2587
l 2587 2588
l 2588 2589
l 2589 2590
l 2590 2591
l 2591 2592
l 2592 2593
l 2593 2594
l 2594 2595
l 2595 2596
l 2596 2597
l 2597 2598
l 2598 2599
l 2599 2600
l 2600 2601
l 2602 2603
l 2603 2604
l 2604 2605
l 2605 2606
l 2606 2607
l 2607 2608
l 2608 2609
l 2609 2610
l 2610 2611
l 2611 2612
l 2612 2613
l 2613 2614
l 2614 2615
l 2615 2616
l 2616 2617
l 2617 2618
l 2618 2619
l 2619 2620
l 2620 2621
l 2621 2622
l 2622 2623
l 2623 2624
l 2624 2625
l 2625 2626
l 2626 2627
l 2627 2628
l 2628 2629
l 2629 2630
l 2630 2631
l 2631 2632
l 2632 2633
l 2633 2634
l 2634 2635
l 2635 2636
l 2636 2637
l 2637 2638
l 2638 2639
l 2639 2640
l 2640 2641
l 2641 2642
l 2642 2643
l 2643 2644
l 2644 2645
l 2645 2646
l 2646 2647
l 2647 2648
l 2648 2649
l 2649 2650
l 2650 2651
l 2651 2652
l 2652 2653
l 2653 2654
l 2654 2655
l 2655 2656
l 2656 2657
l 2657 2658
l 2658 2659
l 2659 2660
l 2660 2661
l 2661 2662
l 2662 2663
l 2663 2664
l 2664 2665
l 2665 2666
l 2667 2668
l 2668 2669
l 2669 2670
l 2670 2671
l 2671 2672
l 2672 2673
l 2673 2674
l 2674 2675
l 2676 2677
l 2677 2678
l 2678 2679
l 2679 2680
l 2680 2681
l 2681 2682
l 2682 2683
l 2683 2684
l 2684 2685
l 2685 2686
l 2686 2687
l 2687 2688
l 2688 2689
l 2689 2690
l 2690 2691
l 2691 2692
l 2692 2693
l 2693 2694
l 2694 2695
l 2695 2696
l 2696 2697
l 2697 2698
l 2698 2699
l 2699 2700
l 2700 2701
l 2701 2702
l 2702 2703
l 2703 2704
l 2704 2705
l 2705 2706
l 2706 2707
l 2707 2708
l 2708 2709
l 2709 2710
l 2710 2711
l 2711 2712
l 2712 2713
l 2713 2714
l 2714 2715
l 2715 2716
l 2716 2717
l 2717 2718
l 2718 2719
l 2719 2720
l 2720 2721
l 2721 2722
l 2722 2723
l 2723 2724
l 2724 2725
l 2725 2726
l 2726 2727
l 2727 2728
l 2728 2729
l 2729 2730
l 2730 2731
l 2731 2732
l 2732 2733
l 2733 2734
l 2734 2735
l 2735 2736
l 2736 2737
l 2737 2738
l 2738 2739
l 2739 2740
l 2741 2742
l 2742 2743
l 2743 2744
l 2744 2745
l 2745 2746
l 2746 2747
l 2747 2748
l 2748 2749
l 2749 2750
l 2750 2751
l 2751 2752
l 2752 2753
l 2753 2754
l 2754 2755
l 2755 2756
l 2756 2757
l 2757 2758
l 2758 2759
l 2759 2760
l 2760 2761
l 2761 2762
l 2762 2763
l 2763 2764
l 2764 2765
l 2765 2766
l 2766 2767
l 2767 2768
l 2768 2769
l 2769 2770
l 2770 2771
l 2771 2772
l 2772 2773
l 2773 2774
l 2774 2775
l 2775 2776
l 2776 2777
l 2777 2778
l 2778 2779
l 2779 2780
l 2780 2781
l 2781 2782
l 2782 2783
l 2783 2784
l 2784 2785
l 2785 2786
l 2786 2787
l 2787 2788
l 2788 2789
l 2789 2790
l 2790 2791
l 2791 2792
l 2792 2793
l 2793 2794
l 2794 2795
l 2795 2796
l 2796 2797
l 2797 2798
l 2798 2799
l 2799 2800
l 2800 2801
l 2801 2802
l 2802 2803
l 2803 2804
l 2804 2805
l 2806 2807
l 2807 2808
l 2808 2809
l 2809 2810
l 2810 2811
l 2811 2812
l 2812 2813
l 2813 2814
l 2814 2815
l 2815 2816
l 2816 2817
l 2817 2818
l 2818 2819
l 2819 2820
l 2820 2821
l 2821 2822
l 2822 2823
l 2823 2824
l 2824 2825
l 2825 2826
l 2826 2827
l 2827 2828
l 2828 2829
l 2829 2830
l 2830 2831
l 2831 2832
l 2832 2833
l 2833 2834
l 2834 2835
l 2835 2836
l 2836 2837
l 2837 2838
l 2838 2839
l 2839 2840
l 2840 2841
l 2841 2842
l 2842 2843
l 2843 2844
l 2844 2845
l 2845 2846
l 2846 2847
l 2847 2848
l 2848 2849
l 2849 2850
l 2850 2851
l 2851 2852
l 2852 2853
l 2853 2854
l 2854 2855
l 2855 2856
l 2856 2857
l 2857 2858
l 2858 2859
l 2859 2860
l 2860 2861
l 2861 2862
l 2862 2863
l 2863 2864
l 2864 2865
l 2865 2866
l 2866 2867
l 2867 2868
l 2868 2869
l 2869 2870
l 2871 2872
l 2872 2873
l 2873 2874
l 2874 2875
l 2875 2876
l 2876 2877
l 2877 2878
l 2878 2879
l 2879 2880
l 2880 2881
l 2881 2882
l 2882 2883
l 2883 2884
l 2884 2885
l 2885 2886
l 2886 2887
l 2887 2888
l 2888 2889
l 2889 2890
l 2890 2891
l 2891 2892
l 2892 2893
l 2893 2894
l 2894 2895
l 2895 2896
l 2896 2897
l 2897 2898
l 2898 2899
l 2899 2900
l 2900 2901
l 2901 2902
l 2902 2903
l 2903 2904
l 2904 2905
l 2905 2906
l 2906 2907
l 2907 2908
l 2908 2909
l 2909 2910
l 2910 2911
l 2911 2912
l 2912 2913
l 2913 2914
l 2914 2915
l 2915 2916
l 2916 2917
l 2917 2918
l 2918 2919
l 2919 2920
l 2920 2921
l 2921 2922
l 2922 2923
l 2923 2924
l 2924 2925
l 2925 2926
l 2926 2927
l 2927 2928
l 2928 2929
l 2929 2930
l 2930 2931
l 2931 2932
l 2932 2933
l 2933 2934
l 2934 2935
l 2936 2937
l 2937 2938
l 2938 2939
l 2939 2940
l 2940 2941
l 2941 2942
l 2942 2943
l 2943 2944
l 2945 2946
l 2946 2947
l 2947 2948
l 2948 2949
l 2949 2950
l 2950 2951
l 2951 2952
l 2952 2953
l 2954 2955
l 2955 2956
l 2956 2957
l 2957 2958
l 2958 2959
l 2959 2960
l 2960 2961
l 2961 2962
l 2962 2963
l 2963 2964
l 2964 2965
l 2965 2966
l 2966 2967
l 2967 2968
l 2968 2969
l 2969 2970
l 2970 2971
l 2971 2972
l 2972 2973
l 2973 2974
l 2974 2975
l 2975 2976
l 2976 2977
l 2977 2978
l 2978 2979
l 2979 2980
l 2980 2981
l 2981 2982
l 2982 2983
l 2983 2984
l 2984 2985
l 2985 2986
l 2986 2987
l 2987 2988
l 2988 2989
l 2989 2990
l 2990 2991
l 2991 2992
l 2992 2993
l 2993 2994
l 2994 2995
l 2995 2996
l 2996 2997
l 2997 2998
l 2998 2999
l 2999 3000
l 3000 3001
l 3001 3002
l 3002 3003
l 3003 3004
l 3004 3005
l 3005 3006
l 3006 3007
l 3007 3008
l 3008 3009
l 3009 3010
l 3010 3011
l 3011 3012
l 3012 3013
l 3013 3014
l 3014 3015
l 3015 3016
l 3016 3017
l 3017 3018
l 3019 3020
l 3020 3021
l 3021 3022
l 3022 3023
l 3023 3024
l 3024 3025
l 3025 3026
l 3026 3027
l 3027 3028
l 3028 3029
l 3029 3030
l 3030 3031
l 3031 3032
l 3032 3033
l 3033 3034
l 3034 3035
l 3035 3036
l 3036 3037
l 3037 3038
l 3038 3039
l 3039 3040
l 3040 3041
l 3041 3042
l 3042 3043
l 3043 3044
l 3044 3045
l 3045 3046
l 3046 3047
l 3047 3048
l 3048 3049
l 3049 3050
l 3050 3051
l 3051 3052
l 3052 3053
l 3053 3054
l 3054 3055
l 3055 3056
l 3056 3057
l 3057 3058
l 3058 3059
l 3059 3060
l 3060 3061
l 3061 3062
l 3062 3063
l 3063 3064
l 3064 3065
l 3065 3066
l 3066 3067
l 3067 3068
l 3068 3069
l 3069 3070
l 3070 3071
l 3071 3072
l 3072 3073
l 3073 3074
l 3074 3075
l 3075 3076
l 3076 3077
l 3077 3078
l 3078 3079
l 3079 3080
l 3080 3081
l 3081 3082
l 3082 3083
l 3084 3085
l 3085 3086
l 3086 3087
l 3087 3088
l 3088 3089
l 3089 3090
l 3090 3091
l 3091 3092
l 3092 3093
l 3093 3094
l 3094 3095
l 3095 3096
l 3096 3097
l 3097 3098
l 3098 3099
l 3099 3100
l 3100 3101
l 3101 3102
l 3102 3103
l 3103 3104
l 3104 3105
l 3105 3106
l 3106 3107
l 3107 3108
l 3108 3109
l 3109 3110
l 3110 3111
l 3111 3112
l 3112 3113
l 3113 3114
l 3114 3115
l 3115 3116
l 3116 3117
l 3117 3118
l 3118 3119
l 3119 3120
l 3120 3121
l 3121 3122
l 3122 3123
l 3123 3124
l 3124 3125
l 3125 3126
l 3126 3127
l 3127 3128
l 3128 3129
l 3129 3130
l 3130 3131
l 3131 3132
l 3132 3133
l 3133 3134
l 3134 3135
l 3135 3136
l 3136 3137
l 3137 3138
l 3138 3139
l 3139 3140
l 3140 3141
l 3141 3142
l 3142 3143
l 3143 3144
l 3144 3145
l 3145 3146
l 3146 3147
l 3147 3148
l 3149 3150
l 3150 3151
l 3151 3152
l 3152 3153
l 3153 3154
l 3154 3155
l 3155 3156
l 3156 3157
l 3157 3158
l 3158 3159
l 3159 3160
l 3160 3161
l 3161 3162
l 3162 3163
l 3163 3164
l 3164 3165
l 3165 3166
l 3166 3167
l 3167 3168
l 3168 3169
l 3169 3170
l 3170 3171
l 3171 3172
l 3172 3173
l 3173 3174
l 3174 3175
l 3175 3176
l 3176 3177
l 3177 3178
l 3178 3179
l 3179 3180
l 3180 3181
l 3181 3182
l 3182 3183
l 3183 3184
l 3184 3185
l 3185 3186
l 3186 3187
l 3187 3188
l 3188 3189
l 3189 3190
l 3190 3191
l 3191 3192
l 3192 3193
l 3193 3194
l 3194 3195
l 3195 3196
l 3196 3197
l 3197 3198
l 3198 3199
l 3199 3200
l 3200 3201
l 3201 3202
l 3202 3203
l 3203 3204
l 3204 3205
l 3205 3206
l 3206 3207
l 3207 3208
l 3208 3209
l 3209 3210
l 3210 3211
l 3211 3212
l 3212 3213
l 3214 3215
l 3215 3216
l 3216 3217
l 3217 3218
l 3218 3219
l 3219 3220
l 3220 3221
l 3221 3222

l 3223 3224
l 3224 3225
l 3225 3226
l 3226 3227
l 3227 3228
l 3228 3229
l 3229 3230
l 3230 3231
l 3231 3232
l 3232 3233
l 3233 3234
l 3234 3235
l 3235 3236
l 3236 3237
l 3237 3238
l 3238 3239
l 3239 3240
l 3240 3241
l 3241 3242
l 3242 3243
l 3243 3244
l 3244 3245
l 3245 3246
l 3246 3247
l 3247 3248
l 3248 3249
l 3249 3250
l 3250 3251
l 3251 3252
l 3252 3253
l 3253 3254
l 3254 3255
l 3255 3256
l 3256 3257
l 3257 3258
l 3258 3259
l 3259 3260
l 3260 3261
l 3261 3262
l 3262 3263
l 3263 3264
l 3264 3265
l 3265 3266
l 3266 3267
l 3267 3268
l 3268 3269
l 3269 3270
l 3270 3271
l 3271 3272
l 3272 3273
l 3273 3274
l 3274 3275
l 3275 3276
l 3276 3277
l 3277 3278
l 3278 3279
l 3279 3280
l 3280 3281
l 3281 3282
l 3282 3283
l 3283 3284
l 3284 3285
l 3285 3286
l 3286 3287
l 3288 3289
l 3289 3290
l 3290 3291
l 3291 3292
l 3292 3293
l 3293 3294
l 3294 3295
l 3295 3296
l 3296 3297
l 3297 3298
l 3298 3299
l 3299 3300
l 3300 3301
l 3301 3302
l 3302 3303
l 3303 3304
l 3304 3305
l 3305 3306
l 3306 3307
l 3307 3308
l 3308 3309
l 3309 3310
l 3310 3311
l 3311 3312
l 3312 3313
l 3313 3314
l 3314 3315
l 3315 3316
l 3316 3317
l 3317 3318
l 3318 3319
l 3319 3320
l 3320 3321
l 3321 3322
l 3322 3323
l 3323 3324
l 3324 3325
l 3325 3326
l 3326 3327
l 3327 3328
l 3328 3329
l 3329 3330
l 3330 3331
l 3331 3332
l 3332 3333
l 3333 3334
l 3334 3335
l 3335 3336
l 3336 3337
l 3337 3338
l 3338 3339
l 3339 3340
l 3340 3341
l 3341 3342
l 3342 3343
l 3343 3344
l 3344 3345
l 3345 3346
l 3346 3347
l 3347 3348
l 3348 3349
l 3349 3350
l 3350 3351
l 3351 3352
l 3353 3354
l 3354 3355
l 3355 3356
l 3356 3357
l 3357 3358
l 3358 3359
l 3359 3360
l 3360 3361
l 3361 3362
l 3362 3363
l 3363 3364
l 3364 3365
l 3365 3366
l 3366 3367
l 3367 3368
l 3368 3369
l 3369 3370
l 3370 3371
l 3371 3372
l 3372 3373
l 3373 3374
l 3374 3375
l 3375 3376
l 3376 3377
l 3377 3378
l 3378 3379
l 3379 3380
l 3380 3381
l 3381 3382
l 3382 3383
l 3383 3384
l 3384 3385
l 3385 3386
l 3386 3387
l 3387 3388
l 3388 3389
l 3389 3390
l 3390 3391
l 3391 3392
l 3392 3393
l 3393 3394
l 3394 3395
l 3395 3396
l 3396 3397
l 3397 3398
l 3398 3399
l 3399 3400
l 3400 3401
l 3401 3402
l 3402 3403
l 3403 3404
l 3404 3405
l 3405 3406
l 3406 3407
l 3407 3408
l 3408 3409
l 3409 3410
l 3410 3411
l 3411 3412
l 3412 3413
l 3413 3414
l 3414 3415
l 3415 3416
l 3416 3417
l 3418 3419
l 3419 3420
l 3420 3421
l 3421 3422
l 3422 3423
l 3423 3424
l 3424 3425
l 3425 3426
l 3426 3427
l 3427 3428
l 3428 3429
l 3429 3430
l 3430 3431
l 3431 3432
l 3432 3433
l 3433 3434
l 3434 3435
l 3435 3436
l 3436 3437
l 3437 3438
l 3438 3439
l 3439 3440
l 3440 3441
l 3441 3442
l 3442 3443
l 3443 3444
l 3444 3445
l 3445 3446
l 3446 3447
l 3447 3448
l 3448 3449
l 3449 3450
l 3450 3451
l 3451 3452
l 3452 3453
l 3453 3454
l 3454 3455
l 3455 3456
l 3456 3457
l 3457 3458
l 3458 3459
l 3459 3460
l 3460 3461
l 3461 3462
l 3462 3463
l 3463 3464
l 3464 3465
l 3465 3466
l 3466 3467
l 3467 3468
l 3468 3469
l 3469 3470
l 3470 3471
l 3471 3472
l 3472 3473
l 3473 3474
l 3474 3475
l 3475 3476
l 3476 3477
l 3477 3478
l 3478 3479
l 3479 3480
l 3480 3481
l 3481 3482
l 3483 3484
l 3484 3485
l 3485 3486
l 3486 3487
l 3487 3488
l 3488 3489
l 3489 3490
l 3490 3491
l 3491 3492
l 3492 3493
l 3493 3494
l 3494 3495
l 3495 3496
l 3496 3497
l 3497 3498
l 3498 3499
l 3499 3500
l 3500 3501
l 3501 3502
l 3502 3503
l 3503 3504
l 3504 3505
l 3505 3506
l 3506 3507
l 3507 3508
l 3508 3509
l 3509 3510
l 3510 3511
l 3511 3512
l 3512 3513
l 3513 3514
l 3514 3515
l 3515 3516
l 3516 3517
l 3517 3518
l 3518 3519
l 3519 3520
l 3520 3521
l 3521 3522
l 3522 3523
l 3523 3524
l 3524 3525
l 3525 3526
l 3526 3527
l 3527 3528
l 3528 3529
l 3529 3530
l 3530 3531
l 3531 3532
l 3532 3533
l 3533 3534
l 3534 3535
l 3535 3536
l 3536 3537
l 3537 3538
l 3538 3539
l 3539 3540
l 3540 3541
l 3541 3542
l 3542 3543
l 3543 3544
l 3544 3545
l 3545 3546
l 3546 3547
l 3548 3549
l 3549 3550
l 3550 3551
l 3551 3552
l 3552 3553
l 3553 3554
l 3554 3555
l 3555 3556
l 3556 3557
l 3557 3558
l 3558 3559
l 3559 3560
l 3560 3561
l 3561 3562
l 3562 3563
l 3563 3564
l 3564 3565
l 3565 3566
l 3566 3567
l 3567 3568
l 3568 3569
l 3569 3570
l 3570 3571
l 3571 3572
l 3572 3573
l 3573 3574
l 3574 3575
l 3575 3576
l 3576 3577
l 3577 3578
l 3578 3579
l 3579 3580
l 3580 3581
l 3581 3582
l 3582 3583
l 3583 3584
l 3584 3585
l 3585 3586
l 3586 3587
l 3587 3588
l 3588 3589
l 3589 3590
l 3590 3591
l 3591 3592
l 3592 3593
l 3593 3594
l 3594 3595
l 3595 3596
l 3596 3597
l 3597 3598
l 3598 3599
l 3599 3600
l 3600 3601
l 3601 3602
l 3602 3603
l 3603 3604
l 3604 3605
l 3605 3606
l 3606 3607
l 3607 3608
l 3608 3609
l 3609 3610
l 3610 3611
l 3611 3612
l 3613 3614
l 3614 3615
l 3615 3616
l 3616 3617
l 3617 3618
l 3618 3619
l 3619 3620
l 3620 3621
l 3621 3622
l 3622 3623
l 3623 3624
l 3624 3625
l 3625 3626
l 3626 3627
l 3627 3628
l 3628 3629
l 3629 3630
l 3630 3631
l 3631 3632
l 3632 3633
l 3633 3634
l 3634 3635
l 3635 3636
l 3636 3637
l 3637 3638
l 3638 3639
l 3639 3640
l 3640 3641
l 3641 3642
l 3642 3643
l 3643 3644
l 3644 3645
l 3645 3646
l 3646 3647
l 3647 3648
l 3648 3649
l 3649 3650
l 3650 3651
l 3651 3652
l 3652 3653
l 3653 3654
l 3654 3655
l 3655 3656
l 3656 3657
l 3657 3658
l 3658 3659
l 3659 3660
l 3660 3661
l 3661 3662
l 3662 3663
l 3663 3664
l 3664 3665
l 3665 3666
l 3666 3667
l 3667 3668
l 3668 3669
l 3669 3670
l 3670 3671
l 3671 3672
l 3672 3673
l 3673 3674
l 3674 3675
l 3675 3676
l 3676 3677
l 3678 3679
l 3679 3680
l 3680 3681
l 3681 3682
l 3682 3683
l 3683 3684
l 3684 3685
l 3685 3686
l 3686 3687
l 3687 3688
l 3688 3689
l 3689 3690
l 3690 3691
l 3691 3692
l 3692 3693
l 3693 3694
l 3694 3695
l 3695 3696
l 3696 3697
l 3697 3698
l 3698 3699
l 3699 3700
l 3700 3701
l 3701 3702
l 3702 3703
l 3703 3704
l 3704 3705
l 3705 3706
l 3706 3707
l 3707 3708
l 3708 3709
l 3709 3710
l 3710 3711
l 3711 3712
l 3712 3713
l 3713 3714
l 3714 3715
l 3715 3716
l 3716 3717
l 3717 3718
l 3718 3719
l 3719 3720
l 3720 3721
l 3721 3722
l 3722 3723
l 3723 3724
l 3724 3725
l 3725 3726
l 3726 3727
l 3727 3728
l 3728 3729
l 3729 3730
l 3730 3731
l 3731 3732
l 3732 3733
l 3733 3734
l 3734 3735
l 3735 3736
l 3736 3737
l 3737 3738
l 3738 3739
l 3739 3740
l 3740 3741
l 3741 3742
l 3743 3744
l 3744 3745
l 3745 3746
l 3746 3747
l 3747 3748
l 3748 3749
l 3749 3750
l 3750 3751

l 3752 3753
l 3753 3754
l 3754 3755
l 3755 3756
l 3756 3757
l 3757 3758
l 3758 3759
l 3759 3760
l 3760 3761
l 3761 3762
l 3762 3763
l 3763 3764
l 3764 3765
l 3765 3766
l 3766 3767
l 3767 3768
l 3768 3769
l 3769 3770
l 3770 3771
l 3771 3772
l 3772 3773
l 3773 3774
l 3774 3775
l 3775 3776
l 3776 3777
l 3777 3778
l 3778 3779
l 3779 3780
l 3780 3781
l 3781 3782
l 3782 3783
l 3783 3784
l 3784 3785
l 3785 3786
l 3786 3787
l 3787 3788
l 3788 3789
l 3789 3790
l 3790 3791
l 3791 3792
l 3792 3793
l 3793 3794
l 3794 3795
l 3795 3796
l 3796 3797
l 3797 3798
l 3798 3799
l 3799 3800
l 3800 3801
l 3801 3802
l 3802 3803
l 3803 3804
l 3804 3805
l 3805 3806
l 3806 3807
l 3807 3808
l 3808 3809
l 3809 3810
l 3810 3811
l 3811 3812
l 3812 3813
l 3813 3814
l 3814 3815
l 3815 3816
l 3817 3818
l 3818 3819
l 3819 3820
l 3820 3821
l 3821 3822
l 3822 3823
l 3823 3824
l 3824 3825
l 3825 3826
l 3826 3827
l 3827 3828
l 3828 3829
l 3829 3830
l 3830 3831
l 3831 3832
l 3832 3833
l 3833 3834
l 3834 3835
l 3835 3836
l 3836 3837
l 3837 3838
l 3838 3839
l 3839 3840
l 3840 3841
l 3841 3842
l 3842 3843
l 3843 3844
l 3844 3845
l 3845 3846
l 3846 3847
l 3847 3848
l 3848 3849
l 3849 3850
l 3850 3851
l 3851 3852
l 3852 3853
l 3853 3854
l 3854 3855
l 3855 3856
l 3856 3857
l 3857 3858
l 3858 3859
l 3859 3860
l 3860 3861
l 3861 3862
l 3862 3863
l 3863 3864
l 3864 3865
l 3865 3866
l 3866 3867
l 3867 3868
l 3868 3869
l 3869 3870
l 3870 3871
l 3871 3872
l 3872 3873
l 3873 3874
l 3874 3875
l 3875 3876
l 3876 3877
l 3877 3878
l 3878 3879
l 3879 3880
l 3880 3881
l 3882 3883
l 3883 3884
l 3884 3885
l 3885 3886
l 3886 3887
l 3887 3888
l 3888 3889
l 3889 3890
l 3890 3891
l 3891 3892
l 3892 3893
l 3893 3894
l 3894 3895
l 3895 3896
l 3896 3897
l 3897 3898
l 3898 3899
l 3899 3900
l 3900 3901
l 3901 3902
l 3902 3903
l 3903 3904
l 3904 3905
l 3905 3906
l 3906 3907
l 3907 3908
l 3908 3909
l 3909 3910
l 3910 3911
l 3911 3912
l 3912 3913
l 3913 3914
l 3914 3915
l 3915 3916
l 3916 3917
l 3917 3918
l 3918 3919
l 3919 3920
l 3920 3921
l 3921 3922
l 3922 3923
l 3923 3924
l 3924 3925
l 3925 3926
l 3926 3927
l 3927 3928
l 3928 3929
l 3929 3930
l 3930 3931
l 3931 3932
l 3932 3933
l 3933 3934
l 3934 3935
l 3935 3936
l 3936 3937
l 3937 3938
l 3938 3939
l 3939 3940
l 3940 3941
l 3941 3942
l 3942 3943
l 3943 3944
l 3944 3945
l 3945 3946
l 3947 3948
l 3948 3949
l 3949 3950
l 3950 3951
l 3951 3952
l 3952 3953
l 3953 3954
l 3954 3955
l 3955 3956
l 3956 3957
l 3957 3958
l 3958 3959
l 3959 3960
l 3960 3961
l 3961 3962
l 3962 3963
l 3963 3964
l 3964 3965
l 3965 3966
l 3966 3967
l 3967 3968
l 3968 3969
l 3969 3970
l 3970 3971
l 3971 3972
l 3972 3973
l 3973 3974
l 3974 3975
l 3975 3976
l 3976 3977
l 3977 3978
l 3978 3979
l 3979 3980
l 3980 3981
l 3981 3982
l 3982 3983
l 3983 3984
l 3984 3985
l 3985 3986
l 3986 3987
l 3987 3988
l 3988 3989
l 3989 3990
l 3990 3991
l 3991 3992
l 3992 3993
l 3993 3994
l 3994 3995
l 3995 3996
l 3996 3997
l 3997 3998
l 3998 3999
l 3999 4000
l 4000 4001
l 4001 4002
l 4002 4003
l 4003 4004
l 4004 4005
l 4005 4006
l 4006 4007
l 4007 4008
l 4008 4009
l 4009 4010
l 4010 4011
l 4012 4013
l 4013 4014
l 4014 4015
l 4015 4016
l 4016 4017
l 4017 4018
l 4018 4019
l 4019 4020
l 4020 4021
l 4021 4022
l 4022 4023
l 4023 4024
l 4024 4025
l 4025 4026
l 4026 4027
l 4027 4028
l 4028 4029
l 4029 4030
l 4030 4031
l 4031 4032
l 4032 4033
l 4033 4034
l 4034 4035
l 4035 4036
l 4036 4037
l 4037 4038
l 4038 4039
l 4039 4040
l 4040 4041
l 4041 4042
l 4042 4043
l 4043 4044
l 4044 4045
l 4045 4046
l 4046 4047
l 4047 4048
l 4048 4049
l 4049 4050
l 4050 4051
l 4051 4052
l 4052 4053
l 4053 4054
l 4054 4055
l 4055 4056
l 4056 4057
l 4057 4058
l 4058 4059
l 4059 4060
l 4060 4061
l 4061 4062
l 4062 4063
l 4063 4064
l 4064 4065
l 4065 4066
l 4066 4067
l 4067 4068
l 4068 4069
l 4069 4070
l 4070 4071
l 4071 4072
l 4072 4073
l 4073 4074
l 4074 4075
l 4075 4076
l 4077 4078
l 4078 4079
l 4079 4080
l 4080 4081
l 4081 4082
l 4082 4083
l 4083 4084
l 4084 4085
l 4085 4086
l 4086 4087
l 4087 4088
l 4088 4089
l 4089 4090
l 4090 4091
l 4091 4092
l 4092 4093
l 4093 4094
l 4094 4095
l 4095 4096
l 4096 4097
l 4097 4098
l 4098 4099
l 4099 4100
l 4100 4101
l 4101 4102
l 4102 4103
l 4103 4104
l 4104 4105
l 4105 4106
l 4106 4107
l 4107 4108
l 4108 4109
l 4109 4110
l 4110 4111
l 4111 4112
l 4112 4113
l 4113 4114
l 4114 4115
l 4115 4116
l 4116 4117
l 4117 4118
l 4118 4119
l 4119 4120
l 4120 4121
l 4121 4122
l 4122 4123
l 4123 4124
l 4124 4125
l 4125 4126
l 4126 4127
l 4127 4128
l 4128 4129
l 4129 4130
l 4130 4131
l 4131 4132
l 4132 4133
l 4133 4134
l 4134 4135
l 4135 4136
l 4136 4137
l 4137 4138
l 4138 4139
l 4139 4140
l 4140 4141
l 4142 4143
l 4143 4144
l 4144 4145
l 4145 4146
l 4146 4147
l 4147 4148
l 4148 4149
l 4149 4150
l 4150 4151
l 4151 4152
l 4152 4153
l 4153 4154
l 4154 4155
l 4155 4156
l 4156 4157
l 4157 4158
l 4158 4159
l 4159 4160
l 4160 4161
l 4161 4162
l 4162 4163
l 4163 4164
l 4164 4165
l 4165 4166
l 4166 4167
l 4167 4168
l 4168 4169
l 4169 4170
l 4170 4171
l 4171 4172
l 4172 4173
l 4173 4174
l 4174 4175
l 4175 4176
l 4176 4177
l 4177 4178
l 4178 4179
l 4179 4180
l 4180 4181
l 4181 4182
l 4182 4183
l 4183 4184
l 4184 4185
l 4185 4186
l 4186 4187
l 4187 4188
l 4188 4189
l 4189 4190
l 4190 4191
l 4191 4192
l 4192 4193
l 4193 4194
l 4194 4195
l 4195 4196
l 4196 4197
l 4197 4198
l 4198 4199
l 4199 4200
l 4200 4201
l 4201 4202
l 4202 4203
l 4203 4204
l 4204 4205
l 4205 4206
l 4207 4208
l 4208 4209
l 4209 4210
l 4210 4211
l 4211 4212
l 4212 4213
l 4213 4214
l 4214 4215
l 4215 4216
l 4216 4217
l 4217 4218
l 4218 4219
l 4219 4220
l 4220 4221
l 4221 4222
l 4222 4223
l 4223 4224
l 4224 4225
l 4225 4226
l 4226 4227
l 4227 4228
l 4228 4229
l 4229 4230
l 4230 4231
l 4231 4232
l 4232 4233
l 4233 4234
l 4234 4235
l 4235 4236
l 4236 4237
l 4237 4238
l 4238 4239
l 4239 4240
l 4240 4241
l 4241 4242
l 4242 4243
l 4243 4244
l 4244 4245
l 4245 4246
l 4246 4247
l 4247 4248
l 4248 4249
l 4249 4250
l 4250 4251
l 4251 4252
l 4252 4253
l 4253 4254
l 4254 4255
l 4255 4256
l 4256 4257
l 4257 4258
l 4258 4259
l 4259 4260
l 4260 4261
l 4261 4262
l 4262 4263
l 4263 4264
l 4264 4265
l 4265 4266
l 4266 4267
l 4267 4268
l 4268 4269
l 4269 4270
l 4270 4271
l 4272 4273
l 4273 4274
l 4274 4275
l 4275 4276
l 4276 4277
l 4277 4278
l 4278 4279
l 4279 4280
l 4281 4282
l 4282 4283
l 4283 4284
l 4284 4285
l 4285 4286
l 4286 4287
l 4287 4288
l 4288 4289
l 4289 4290
l 4290 4291
l 4291 4292
l 4292 4293
l 4293 4294
l 4294 4295
l 4295 4296
l 4296 4297
l 4297 4298
l 4298 4299
l 4299 4300
l 4300 4301
l 4301 4302
l 4302 4303
l 4303 4304
l 4304 4305
l 4305 4306
l 4306 4307
l 4307 4308
l 4308 4309
l 4309 4310
l 4310 4311
l 4311 4312
l 4312 4313
l 4313 4314
l 4314 4315
l 4315 4316
l 4316 4317
l 4317 4318
l 4318 4319
l 4319 4320
l 4320 4321
l 4321 4322
l 4322 4323
l 4323 4324
l 4324 4325
l 4325 4326
l 4326 4327
l 4327 4328
l 4328 4329
l 4329 4330
l 4330 4331
l 4331 4332
l 4332 4333
l 4333 4334
l 4334 4335
l 4335 4336
l 4336 4337
l 4337 4338
l 4338 4339
l 4339 4340
l 4340 4341
l 4341 4342
l 4342 4343
l 4343 4344
l 4344 4345
l 4346 4347
l 4347 4348
l 4348 4349
l 4349 4350
l 4350 4351
l 4351 4352
l 4352 4353
l 4353 4354
l 4354 4355
l 4355 4356
l 4356 4357
l 4357 4358
l 4358 4359
l 4359 4360
l 4360 4361
l 4361 4362
l 4362 4363
l 4363 4364
l 4364 4365
l 4365 4366
l 4366 4367
l 4367 4368
l 4368 4369
l 4369 4370
l 4370 4371
l 4371 4372
l 4372 4373
l 4373 4374
l 4374 4375
l 4375 4376
l 4376 4377
l 4377 4378
l 4378 4379
l 4379 4380
l 4380 4381
l 4381 4382
l 4382 4383
l 4383 4384
l 4384 4385
l 4385 4386
l 4386 4387
l 4387 4388
l 4388 4389
l 4389 4390
l 4390 4391
l 4391 4392
l 4392 4393
l 4393 4394
l 4394 4395
l 4395 4396
l 4396 4397
l 4397 4398
l 4398 4399
l 4399 4400
l 4400 4401
l 4401 4402
l 4402 4403
l 4403 4404
l 4404 4405
l 4405 4406
l 4406 4407
l 4407 4408
l 4408 4409
l 4409 4410
l 4411 4412
l 4412 4413
l 4413 4414
l 4414 4415
l 4415 4416
l 4416 4417
l 4417 4418
l 4418 4419
l 4419 4420
l 4420 4421
l 4421 4422
l 4422 4423
l 4423 4424
l 4424 4425
l 4425 4426
l 4426 4427
l 4427 4428
l 4428 4429
l 4429 4430
l 4430 4431
l 4431 4432
l 4432 4433
l 4433 4434
l 4434 4435
l 4435 4436
l 4436 4437
l 4437 4438
l 4438 4439
l 4439 4440
l 4440 4441
l 4441 4442
l 4442 4443
l 4443 4444
l 4444 4445
l 4445 4446
l 4446 4447
l 4447 4448
l 4448 4449
l 4449 4450
l 4450 4451
l 4451 4452
l 4452 4453
l 4453 4454
l 4454 4455
l 4455 4456
l 4456 4457
l 4457 4458
l 4458 4459
l 4459 4460
l 4460 4461
l 4461 4462
l 4462 4463
l 4463 4464
l 4464 4465
l 4465 4466
l 4466 4467
l 4467 4468
l 4468 4469
l 4469 4470
l 4470 4471
l 4471 4472
l 4472 4473
l 4473 4474
l 4474 4475
l 4476 4477
l 4477 4478
l 4478 4479
l 4479 4480
l 4480 4481
l 4481 4482
l 4482 4483
l 4483 4484
l 4484 4485
l 4485 4486
l 4486 4487
l 4487 4488
l 4488 4489
l 4489 4490
l 4490 4491
l 4491 4492
l 4492 4493
l 4493 4494
l 4494 4495
l 4495 4496
l 4496 4497
l 4497 4498
l 4498 4499
l 4499 4500
l 4500 4501
l 4501 4502
l 4502 4503
l 4503 4504
l 4504 4505
l 4505 4506
l 4506 4507
l 4507 4508
l 4508 4509
l 4509 4510
l 4510 4511
l 4511 4512
l 4512 4513
l 4513 4514
l 4514 4515
l 4515 4516
l 4516 4517
l 4517 4518
l 4518 4519
l 4519 4520
l 4520 4521
l 4521 4522
l 4522 4523
l 4523 4524
l 4524 4525
l 4525 4526
l 4526 4527
l 4527 4528
l 4528 4529
l 4529 4530
l 4530 4531
l 4531 4532
l 4532 4533
l 4533 4534
l 4534 4535
l 4535 4536
l 4536 4537
l 4537 4538
l 4538 4539
l 4539 4540
l 4541 4542
l 4542 4543
l 4543 4544
l 4544 4545
l 4545 4546
l 4546 4547
l 4547 4548
l 4548 4549
l 4549 4550
l 4550 4551
l 4551 4552
l 4552 4553
l 4553 4554
l 4554 4555
l 4555 4556
l 4556 4557
l 4557 4558
l 4558 4559
l 4559 4560
l 4560 4561
l 4561 4562
l 4562 4563
l 4563 4564
l 4564 4565
l 4565 4566
l 4566 4567
l 4567 4568
l 4568 4569
l 4569 4570
l 4570 4571
l 4571 4572
l 4572 4573
l 4573 4574
l 4574 4575
l 4575 4576
l 4576 4577
l 4577 4578
l 4578 4579
l 4579 4580
l 4580 4581
l 4581 4582
l 4582 4583
l 4583 4584
l 4584 4585
l 4585 4586
l 4586 4587
l 4587 4588
l 4588 4589
l 4589 4590
l 4590 4591
l 4591 4592
l 4592 4593
l 4593 4594
l 4594 4595
l 4595 4596
l 4596 4597
l 4597 4598
l 4598 4599
l 4599 4600
l 4600 4601
l 4601 4602
l 4602 4603
l 4603 4604
l 4604 4605
l 4606 4607
l 4607 4608
l 4608 4609
l 4609 4610
l 4610 4611
l 4611 4612
l 4612 4613
l 4613 4614
l 4614 4615
l 4615 4616
l 4616 4617
l 4617 4618
l 4618 4619
l 4619 4620
l 4620 4621
l 4621 4622
l 4622 4623
l 4623 4624
l 4624 4625
l 4625 4626
l 4626 4627
l 4627 4628
l 4628 4629
l 4629 4630
l 4630 4631
l 4631 4632
l 4632 4633
l 4633 4634
l 4634 4635
l 4635 4636
l 4636 4637
l 4637 4638
l 4638 4639
l 4639 4640
l 4640 4641
l 4641 4642
l 4642 4643
l 4643 4644
l 4644 4645
l 4645 4646
l 4646 4647
l 4647 4648
l 4648 4649
l 4649 4650
l 4650 4651
l 4651 4652
l 4652 4653
l 4653 4654
l 4654 4655
l 4655 4656
l 4656 4657
l 4657 4658
l 4658 4659
l 4659 4660
l 4660 4661
l 4661 4662
l 4662 4663
l 4663 4664
l 4664 4665
l 4665 4666
l 4666 4667
l 4667 4668
l 4668 4669
l 4669 4670
l 4671 4672
l 4672 4673
l 4673 4674
l 4674 4675
l 4675 4676
l 4676 4677
l 4677 4678
l 4678 4679
l 4679 4680
l 4680 4681
l 4681 4682
l 4682 4683
l 4683 4684
l 4684 4685
l 4685 4686
l 4686 4687
l 4687 4688
l 4688 4689
l 4689 4690
l 4690 4691
l 4691 4692
l 4692 4693
l 4693 4694
l 4694 4695
l 4695 4696
l 4696 4697
l 4697 4698
l 4698 4699
l 4699 4700
l 4700 4701
l 4701 4702
l 4702 4703
l 4703 4704
l 4704 4705
l 4705 4706
l 4706 4707
l 4707 4708
l 4708 4709
l 4709 4710
l 4710 4711
l 4711 4712
l 4712 4713
l 4713 4714
l 4714 4715
l 4715 4716
l 4716 4717
l 4717 4718
l 4718 4719
l 4719 4720
l 4720 4721
l 4721 4722
l 4722 4723
l 4723 4724
l 4724 4725
l 4725 4726
l 4726 4727
l 4727 4728
l 4728 4729
l 4729 4730
l 4730 4731
l 4731 4732
l 4732 4733
l 4733 4734
l 4734 4735
l 4736 4737
l 4737 4738
l 4738 4739
l 4739 4740
l 4740 4741
l 4741 4742
l 4742 4743
l 4743 4744
l 4744 4745
l 4745 4746
l 4746 4747
l 4747 4748
l 4748 4749
l 4749 4750
l 4750 4751
l 4751 4752
l 4752 4753
l 4753 4754
l 4754 4755
l 4755 4756
l 4756 4757
l 4757 4758
l 4758 4759
l 4759 4760
l 4760 4761
l 4761 4762
l 4762 4763
l 4763 4764
l 4764 4765
l 4765 4766
l 4766 4767
l 4767 4768
l 4768 4769
l 4769 4770
l 4770 4771
l 4771 4772
l 4772 4773
l 4773 4774
l 4774 4775
l 4775 4776
l 4776 4777
l 4777 4778
l 4778 4779
l 4779 4780
l 4780 4781
l 4781 4782
l 4782 4783
l 4783 4784
l 4784 4785
l 4785 4786
l 4786 4787
l 4787 4788
l 4788 4789
l 4789 4790
l 4790 4791
l 4791 4792
l 4792 4793
l 4793 4794
l 4794 4795
l 4795 4796
l 4796 4797
l 4797 4798
l 4798 4799
l 4799 4800
l 4801 4802
l 4802 4803
l 4803 4804
l 4804 4805
l 4805 4806
l 4806 4807
l 4807 4808
l 4808 4809

l 4810 4811
l 4811 4812
l 4812 4813
l 4813 4814
l 4814 4815
l 4815 4816
l 4816 4817
l 4817 4818
l 4818 4819
l 4819 4820
l 4820 4821
l 4821 4822
l 4822 4823
l 4823 4824
l 4824 4825
l 4825 4826
l 4826 4827
l 4827 4828
l 4828 4829
l 4829 4830
l 4830 4831
l 4831 4832
l 4832 4833
l 4833 4834
l 4834 4835
l 4835 4836
l 4836 4837
l 4837 4838
l 4838 4839
l 4839 4840
l 4840 4841
l 4841 4842
l 4842 4843
l 4843 4844
l 4844 4845
l 4845 4846
l 4846 4847
l 4847 4848
l 4848 4849
l 4849 4850
l 4850 4851
l 4851 4852
l 4852 4853
l 4853 4854
l 4854 4855
l 4855 4856
l 4856 4857
l 4857 4858
l 4858 4859
l 4859 4860
l 4860 4861
l 4861 4862
l 4862 4863
l 4863 4864
l 4864 4865
l 4865 4866
l 4866 4867
l 4867 4868
l 4868 4869
l 4869 4870
l 4870 4871
l 4871 4872
l 4872 4873
l 4873 4874
l 4875 4876
l 4876 4877
l 4877 4878
l 4878 4879
l 4879 4880
l 4880 4881
l 4881 4882
l 4882 4883
l 4883 4884
l 4884 4885
l 4885 4886
l 4886 4887
l 4887 4888
l 4888 4889
l 4889 4890
l 4890 4891
l 4891 4892
l 4892 4893
l 4893 4894
l 4894 4895
l 4895 4896
l 4896 4897
l 4897 4898
l 4898 4899
l 4899 4900
l 4900 4901
l 4901 4902
l 4902 4903
l 4903 4904
l 4904 4905
l 4905 4906
l 4906 4907
l 4907 4908
l 4908 4909
l 4909 4910
l 4910 4911
l 4911 4912
l 4912 4913
l 4913 4914
l 4914 4915
l 4915 4916
l 4916 4917
l 4917 4918
l 4918 4919
l 4919 4920
l 4920 4921
l 4921 4922
l 4922 4923
l 4923 4924
l 4924 4925
l 4925 4926
l 4926 4927
l 4927 4928
l 4928 4929
l 4929 4930
l 4930 4931
l 4931 4932
l 4932 4933
l 4933 4934
l 4934 4935
l 4935 4936
l 4936 4937
l 4937 4938
l 4938 4939
l 4940 4941
l 4941 4942
l 4942 4943
l 4943 4944
l 4944 4945
l 4945 4946
l 4946 4947
l 4947 4948
l 4948 4949
l 4949 4950
l 4950 4951
l 4951 4952
l 4952 4953
l 4953 4954
l 4954 4955
l 4955 4956
l 4956 4957
l 4957 4958
l 4958 4959
l 4959 4960
l 4960 4961
l 4961 4962
l 4962 4963
l 4963 4964
l 4964 4965
l 4965 4966
l 4966 4967
l 4967 4968
l 4968 4969
l 4969 4970
l 4970 4971
l 4971 4972
l 4972 4973
l 4973 4974
l 4974 4975
l 4975 4976
l 4976 4977
l 4977 4978
l 4978 4979
l 4979 4980
l 4980 4981
l 4981 4982
l 4982 4983
l 4983 4984
l 4984 4985
l 4985 4986
l 4986 4987
l 4987 4988
l 4988 4989
l 4989 4990
l 4990 4991
l 4991 4992
l 4992 4993
l 4993 4994
l 4994 4995
l 4995 4996
l 4996 4997
l 4997 4998
l 4998 4999
l 4999 5000
l 5000 5001
l 5001 5002
l 5002 5003
l 5003 5004
l 5005 5006
l 5006 5007
l 5007 5008
l 5008 5009
l 5009 5010
l 5010 5011
l 5011 5012
l 5012 5013
l 5013 5014
l 5014 5015
l 5015 5016
l 5016 5017
l 5017 5018
l 5018 5019
l 5019 5020
l 5020 5021
l 5021 5022
l 5022 5023
l 5023 5024
l 5024 5025
l 5025 5026
l 5026 5027
l 5027 5028
l 5028 5029
l 5029 5030
l 5030 5031
l 5031 5032
l 5032 5033
l 5033 5034
l 5034 5035
l 5035 5036
l 5036 5037
l 5037 5038
l 5038 5039
l 5039 5040
l 5040 5041
l 5041 5042
l 5042 5043
l 5043 5044
l 5044 5045
l 5045 5046
l 5046 5047
l 5047 5048
l 5048 5049
l 5049 5050
l 5050 5051
l 5051 5052
l 5052 5053
l 5053 5054
l 5054 5055
l 5055 5056
l 5056 5057
l 5057 5058
l 5058 5059
l 5059 5060
l 5060 5061
l 5061 5062
l 5062 5063
l 5063 5064
l 5064 5065
l 5065 5066
l 5066 5067
l 5067 5068
l 5068 5069
l 5070 5071
l 5071 5072
l 5072 5073
l 5073 5074
l 5074 5075
l 5075 5076
l 5076 5077
l 5077 5078
l 5078 5079
l 5079 5080
l 5080 5081
l 5081 5082
l 5082 5083
l 5083 5084
l 5084 5085
l 5085 5086
l 5086 5087
l 5087 5088
l 5088 5089
l 5089 5090
l 5090 5091
l 5091 5092
l 5092 5093
l 5093 5094
l 5094 5095
l 5095 5096
l 5096 5097
l 5097 5098
l 5098 5099
l 5099 5100
l 5100 5101
l 5101 5102
l 5102 5103
l 5103 5104
l 5104 5105
l 5105 5106
l 5106 5107
l 5107 5108
l 5108 5109
l 5109 5110
l 5110 5111
l 5111 5112
l 5112 5113
l 5113 5114
l 5114 5115
l 5115 5116
l 5116 5117
l 5117 5118
l 5118 5119
l 5119 5120
l 5120 5121
l 5121 5122
l 5122 5123
l 5123 5124
l 5124 5125
l 5125 5126
l 5126 5127
l 5127 5128
l 5128 5129
l 5129 5130
l 5130 5131
l 5131 5132
l 5132 5133
l 5133 5134
l 5135 5136
l 5136 5137
l 5137 5138
l 5138 5139
l 5139 5140
l 5140 5141
l 5141 5142
l 5142 5143
l 5143 5144
l 5144 5145
l 5145 5146
l 5146 5147
l 5147 5148
l 5148 5149
l 5149 5150
l 5150 5151
l 5151 5152
l 5152 5153
l 5153 5154
l 5154 5155
l 5155 5156
l 5156 5157
l 5157 5158
l 5158 5159
l 5159 5160
l 5160 5161
l 5161 5162
l 5162 5163
l 5163 5164
l 5164 5165
l 5165 5166
l 5166 5167
l 5167 5168
l 5168 5169
l 5169 5170
l 5170 5171
l 5171 5172
l 5172 5173
l 5173 5174
l 5174 5175
l 5175 5176
l 5176 5177
l 5177 5178
l 5178 5179
l 5179 5180
l 5180 5181
l 5181 5182
l 5182 5183
l 5183 5184
l 5184 5185
l 5185 5186
l 5186 5187
l 5187 5188
l 5188 5189
l 5189 5190
l 5190 5191
l 5191 5192
l 5192 5193
l 5193 5194
l 5194 5195
l 5195 5196
l 5196 5197
l 5197 5198
l 5198 5199
l 5200 5201
l 5201 5202
l 5202 5203
l 5203 5204
l 5204 5205
l 5205 5206
l 5206 5207
l 5207 5208
l 5208 5209
l 5209 5210
l 5210 5211
l 5211 5212
l 5212 5213
l 5213 5214
l 5214 5215
l 5215 5216
l 5216 5217
l 5217 5218
l 5218 5219
l 5219 5220
l 5220 5221
l 5221 5222
l 5222 5223
l 5223 5224
l 5224 5225
l 5225 5226
l 5226 5227
l 5227 5228
l 5228 5229
l 5229 5230
l 5230 5231
l 5231 5232
l 5232 5233
l 5233 5234
l 5234 5235
l 5235 5236
l 5236 5237
l 5237 5238
l 5238 5239
l 5239 5240
l 5240 5241
l 5241 5242
l 5242 5243
l 5243 5244
l 5244 5245
l 5245 5246
l 5246 5247
l 5247 5248
l 5248 5249
l 5249 5250
l 5250 5251
l 5251 5252
l 5252 5253
l 5253 5254
l 5254 5255
l 5255 5256
l 5256 5257
l 5257 5258
l 5258 5259
l 5259 5260
l 5260 5261
l 5261 5262
l 5262 5263
l 5263 5264
l 5265 5266
l 5266 5267
l 5267 5268
l 5268 5269
l 5269 5270
l 5270 5271
l 5271 5272
l 5272 5273
l 5273 5274
l 5274 5275
l 5275 5276
l 5276 5277
l 5277 5278
l 5278 5279
l 5279 5280
l 5280 5281
l 5281 5282
l 5282 5283
l 5283 5284
l 5284 5285
l 5285 5286
l 5286 5287
l 5287 5288
l 5288 5289
l 5289 5290
l 5290 5291
l 5291 5292
l 5292 5293
l 5293 5294
l 5294 5295
l 5295 5296
l 5296 5297
l 5297 5298
l 5298 5299
l 5299 5300
l 5300 5301
l 5301 5302
l 5302 5303
l 5303 5304
l 5304 5305
l 5305 5306
l 5306 5307
l 5307 5308
l 5308 5309
l 5309 5310
l 5310 5311
l 5311 5312
l 5312 5313
l 5313 5314
l 5314 5315
l 5315 5316
l 5316 5317
l 5317 5318
l 5318 5319
l 5319 5320
l 5320 5321
l 5321 5322
l 5322 5323
l 5323 5324
l 5324 5325
l 5325 5326
l 5326 5327
l 5327 5328
l 5328 5329
l 5330 5331
l 5331 5332
l 5332 5333
l 5333 5334
l 5334 5335
l 5335 5336
l 5336 5337
l 5337 5338

l 5339 5340
l 5340 5341
l 5341 5342
l 5342 5343
l 5343 5344
l 5344 5345
l 5345 5346
l 5346 5347
l 5347 5348
l 5348 5349
l 5349 5350
l 5350 5351
l 5351 5352
l 5352 5353
l 5353 5354
l 5354 5355
l 5355 5356
l 5356 5357
l 5357 5358
l 5358 5359
l 5359 5360
l 5360 5361
l 5361 5362
l 5362 5363
l 5363 5364
l 5364 5365
l 5365 5366
l 5366 5367
l 5367 5368
l 5368 5369
l 5369 5370
l 5370 5371
l 5371 5372
l 5372 5373
l 5373 5374
l 5374 5375
l 5375 5376
l 5376 5377
l 5377 5378
l 5378 5379
l 5379 5380
l 5380 5381
l 5381 5382
l 5382 5383
l 5383 5384
l 5384 5385
l 5385 5386
l 5386 5387
l 5387 5388
l 5388 5389
l 5389 5390
l 5390 5391
l 5391 5392
l 5392 5393
l 5393 5394
l 5394 5395
l 5395 5396
l 5396 5397
l 5397 5398
l 5398 5399
l 5399 5400
l 5400 5401
l 5401 5402
l 5402 5403
l 5404 5405
l 5405 5406
l 5406 5407
l 5407 5408
l 5408 5409
l 5409 5410
l 5410 5411
l 5411 5412
l 5412 5413
l 5413 5414
l 5414 5415
l 5415 5416
l 5416 5417
l 5417 5418
l 5418 5419
l 5419 5420
l 5420 5421
l 5421 5422
l 5422 5423
l 5423 5424
l 5424 5425
l 5425 5426
l 5426 5427
l 5427 5428
l 5428 5429
l 5429 5430
l 5430 5431
l 5431 5432
l 5432 5433
l 5433 5434
l 5434 5435
l 5435 5436
l 5436 5437
l 5437 5438
l 5438 5439
l 5439 5440
l 5440 5441
l 5441 5442
l 5442 5443
l 5443 5444
l 5444 5445
l 5445 5446
l 5446 5447
l 5447 5448
l 5448 5449
l 5449 5450
l 5450 5451
l 5451 5452
l 5452 5453
l 5453 5454
l 5454 5455
l 5455 5456
l 5456 5457
l 5457 5458
l 5458 5459
l 5459 5460
l 5460 5461
l 5461 5462
l 5462 5463
l 5463 5464
l 5464 5465
l 5465 5466
l 5466 5467
l 5467 5468
l 5469 5470
l 5470 5471
l 5471 5472
l 5472 5473
l 5473 5474
l 5474 5475
l 5475 5476
l 5476 5477
l 5477 5478
l 5478 5479
l 5479 5480
l 5480 5481
l 5481 5482
l 5482 5483
l 5483 5484
l 5484 5485
l 5485 5486
l 5486 5487
l 5487 5488
l 5488 5489
l 5489 5490
l 5490 5491
l 5491 5492
l 5492 5493
l 5493 5494
l 5494 5495
l 5495 5496
l 5496 5497
l 5497 5498
l 5498 5499
l 5499 5500
l 5500 5501
l 5501 5502
l 5502 5503
l 5503 5504
l 5504 5505
l 5505 5506
l 5506 5507
l 5507 5508
l 5508 5509
l 5509 5510
l 5510 5511
l 5511 5512
l 5512 5513
l 5513 5514
l 5514 5515
l 5515 5516
l 5516 5517
l 5517 5518
l 5518 5519
l 5519 5520
l 5520 5521
l 5521 5522
l 5522 5523
l 5523 5524
l 5524 5525
l 5525 5526
l 5526 5527
l 5527 5528
l 5528 5529
l 5529 5530
l 5530 5531
l 5531 5532
l 5532 5533
l 5534 5535
l 5535 5536
l 5536 5537
l 5537 5538
l 5538 5539
l 5539 5540
l 5540 5541
l 5541 5542
l 5542 5543
l 5543 5544
l 5544 5545
l 5545 5546
l 5546 5547
l 5547 5548
l 5548 5549
l 5549 5550
l 5550 5551
l 5551 5552
l 5552 5553
l 5553 5554
l 5554 5555
l 5555 5556
l 5556 5557
l 5557 5558
l 5558 5559
l 5559 5560
l 5560 5561
l 5561 5562
l 5562 5563
l 5563 5564
l 5564 5565
l 5565 5566
l 5566 5567
l 5567 5568
l 5568 5569
l 5569 5570
l 5570 5571
l 5571 5572
l 5572 5573
l 5573 5574
l 5574 5575
l 5575 5576
l 5576 5577
l 5577 5578
l 5578 5579
l 5579 5580
l 5580 5581
l 5581 5582
l 5582 5583
l 5583 5584
l 5584 5585
l 5585 5586
l 5586 5587
l 5587 5588
l 5588 5589
l 5589 5590
l 5590 5591
l 5591 5592
l 5592 5593
l 5593 5594
l 5594 5595
l 5595 5596
l 5596 5597
l 5597 5598
l 5599 5600
l 5600 5601
l 5601 5602
l 5602 5603
l 5603 5604
l 5604 5605
l 5605 5606
l 5606 5607
l 5608 5609
l 5609 5610
l 5610 5611
l 5611 5612
l 5612 5613
l 5613 5614
l 5614 5615
l 5615 5616
l 5617 5618
l 5618 5619
l 5619 5620
l 5620 5621
l 5621 5622
l 5622 5623
l 5623 5624
l 5624 5625
l 5625 5626
l 5626 5627
l 5627 5628
l 5628 5629
l 5629 5630
l 5630 5631
l 5631 5632
l 5632 5633
l 5633 5634
l 5634 5635
l 5635 5636
l 5636 5637
l 5637 5638
l 5638 5639
l 5639 5640
l 5640 5641
l 5641 5642
l 5642 5643
l 5643 5644
l 5644 5645
l 5645 5646
l 5646 5647
l 5647 5648
l 5648 5649
l 5649 5650
l 5650 5651
l 5651 5652
l 5652 5653
l 5653 5654
l 5654 5655
l 5655 5656
l 5656 5657
l 5657 5658
l 5658 5659
l 5659 5660
l 5660 5661
l 5661 5662
l 5662 5663
l 5663 5664
l 5664 5665
l 5665 5666
l 5666 5667
l 5667 5668
l 5668 5669
l 5669 5670
l 5670 5671
l 5671 5672
l 5672 5673
l 5673 5674
l 5674 5675
l 5675 5676
l 5676 5677
l 5677 5678
l 5678 5679
l 5679 5680
l 5680 5681
l 5682 5683
l 5683 5684
l 5684 5685
l 5685 5686
l 5686 5687
l 5687 5688
l 5688 5689
l 5689 5690
l 5690 5691
l 5691 5692
l 5692 5693
l 5693 5694
l 5694 5695
l 5695 5696
l 5696 5697
l 5697 5698
l 5698 5699
l 5699 5700
l 5700 5701
l 5701 5702
l 5702 5703
l 5703 5704
l 5704 5705
l 5705 5706
l 5706 5707
l 5707 5708
l 5708 5709
l 5709 5710
l 5710 5711
l 5711 5712
l 5712 5713
l 5713 5714
l 5714 5715
l 5715 5716
l 5716 5717
l 5717 5718
l 5718 5719
l 5719 5720
l 5720 5721
l 5721 5722
l 5722 5723
l 5723 5724
l 5724 5725
l 5725 5726
l 5726 5727
l 5727 5728
l 5728 5729
l 5729 5730
l 5730 5731
l 5731 5732
l 5732 5733
l 5733 5734
l 5734 5735
l 5735 5736
l 5736 5737
l 5737 5738
l 5738 5739
l 5739 5740
l 5740 5741
l 5741 5742
l 5742 5743
l 5743 5744
l 5744 5745
l 5745 5746
l 5747 5748
l 5748 5749
l 5749 5750
l 5750 5751
l 5751 5752
l 5752 5753
l 5753 5754
l 5754 5755
l 5755 5756
l 5756 5757
l 5757 5758
l 5758 5759
l 5759 5760
l 5760 5761
l 5761 5762
l 5762 5763
l 5763 5764
l 5764 5765
l 5765 5766
l 5766 5767
l 5767 5768
l 5768 5769
l 5769 5770
l 5770 5771
l 5771 5772
l 5772 5773
l 5773 5774
l 5774 5775
l 5775 5776
l 5776 5777
l 5777 5778
l 5778 5779
l 5779 5780
l 5780 5781
l 5781 5782
l 5782 5783
l 5783 5784
l 5784 5785
l 5785 5786
l 5786 5787
l 5787 5788
l 5788 5789
l 5789 5790
l 5790 5791
l 5791 5792
l 5792 5793
l 5793 5794
l 5794 5795
l 5795 5796
l 5796 5797
l 5797 5798
l 5798 5799
l 5799 5800
l 5800 5801
l 5801 5802
l 5802 5803
l 5803 5804
l 5804 5805
l 5805 5806
l 5806 5807
l 5807 5808
l 5808 5809
l 5809 5810
l 5810 5811
l 5812 5813
l 5813 5814
l 5814 5815
l 5815 5816
l 5816 5817
l 5817 5818
l 5818 5819
l 5819 5820
l 5820 5821
l 5821 5822
l 5822 5823
l 5823 5824
l 5824 5825
l 5825 5826
l 5826 5827
l 5827 5828
l 5828 5829
l 5829 5830
l 5830 5831
l 5831 5832
l 5832 5833
l 5833 5834
l 5834 5835
l 5835 5836
l 5836 5837
l 5837 5838
l 5838 5839
l 5839 5840
l 5840 5841
l 5841 5842
l 5842 5843
l 5843 5844
l 5844 5845
l 5845 5846
l 5846 5847
l 5847 5848
l 5848 5849
l 5849 5850
l 5850 5851
l 5851 5852
l 5852 5853
l 5853 5854
l 5854 5855
l 5855 5856
l 5856 5857
l 5857 5858
l 5858 5859
l 5859 5860
l 5860 5861
l 5861 5862
l 5862 5863
l 5863 5864
l 5864 5865
l 5865 5866
l 5866 5867
l 5867 5868
l 5868 5869
l 5869 5870
l 5870 5871
l 5871 5872
l 5872 5873
l 5873 5874
l 5874 5875
l 5875 5876
l 5877 5878
l 5878 5879
l 5879 5880
l 5880 5881
l 5881 5882
l 5882 5883
l 5883 5884
l 5884 5885
l 5886 5887
l 5887 5888
l 5888 5889
l 5889 5890
l 5890 5891
l 5891 5892
l 5892 5893
l 5893 5894
l 5894 5895
l 5895 5896
l 5896 5897
l 5897 5898
l 5898 5899
l 5899 5900
l 5900 5901
l 5901 5902
l 5902 5903
l 5903 5904
l 5904 5905
l 5905 5906
l 5906 5907
l 5907 5908
l 5908 5909
l 5909 5910
l 5910 5911
l 5911 5912
l 5912 5913
l 5913 5914
l 5914 5915
l 5915 5916
l 5916 5917
l 5917 5918
l 5918 5919
l 5919 5920
l 5920 5921
l 5921 5922
l 5922 5923
l 5923 5924
l 5924 5925
l 5925 5926
l 5926 5927
l 5927 5928
l 5928 5929
l 5929 5930
l 5930 5931
l 5931 5932
l 5932 5933
l 5933 5934
l 5934 5935
l 5935 5936
l 5936 5937
l 5937 5938
l 5938 5939
l 5939 5940
l 5940 5941
l 5941 5942
l 5942 5943
l 5943 5944
l 5944 5945
l 5945 5946
l 5946 5947
l 5947 5948
l 5948 5949
l 5949 5950
l 5951 5952
l 5952 5953
l 5953 5954
l 5954 5955
l 5955 5956
l 5956 5957
l 5957 5958
l 5958 5959
l 5959 5960
l 5960 5961
l 5961 5962
l 5962 5963
l 5963 5964
l 5964 5965
l 5965 5966
l 5966 5967
l 5967 5968
l 5968 5969
l 5969 5970
l 5970 5971
l 5971 5972
l 5972 5973
l 5973 5974
l 5974 5975
l 5975 5976
l 5976 5977
l 5977 5978
l 5978 5979
l 5979 5980
l 5980 5981
l 5981 5982
l 5982 5983
l 5983 5984
l 5984 5985
l 5985 5986
l 5986 5987
l 5987 5988
l 5988 5989
l 5989 5990
l 5990 5991
l 5991 5992
l 5992 5993
l 5993 5994
l 5994 5995
l 5995 5996
l 5996 5997
l 5997 5998
l 5998 5999
l 5999 6000
l 6000 6001
l 6001 6002
l 6002 6003
l 6003 6004
l 6004 6005
l 6005 6006
l 6006 6007
l 6007 6008
l 6008 6009
l 6009 6010
l 6010 6011
l 6011 6012
l 6012 6013
l 6013 6014
l 6014 6015
l 6016 6017
l 6017 6018
l 6018 6019
l 6019 6020
l 6020 6021
l 6021 6022
l 6022 6023
l 6023 6024
l 6024 6025
l 6025 6026
l 6026 6027
l 6027 6028
l 6028 6029
l 6029 6030
l 6030 6031
l 6031 6032
l 6032 6033
l 6033 6034
l 6034 6035
l 6035 6036
l 6036 6037
l 6037 6038
l 6038 6039
l 6039 6040
l 6040 6041
l 6041 6042
l 6042 6043
l 6043 6044
l 6044 6045
l 6045 6046
l 6046 6047
l 6047 6048
l 6048 6049
l 6049 6050
l 6050 6051
l 6051 6052
l 6052 6053
l 6053 6054
l 6054 6055
l 6055 6056
l 6056 6057
l 6057 6058
l 6058 6059
l 6059 6060
l 6060 6061
l 6061 6062
l 6062 6063
l 6063 6064
l 6064 6065
l 6065 6066
l 6066 6067
l 6067 6068
l 6068 6069
l 6069 6070
l 6070 6071
l 6071 6072
l 6072 6073
l 6073 6074
l 6074 6075
l 6075 6076
l 6076 6077
l 6077 6078
l 6078 6079
l 6079 6080
l 6081 6082
l 6082 6083
l 6083 6084
l 6084 6085
l 6085 6086
l 6086 6087
l 6087 6088
l 6088 6089
l 6089 6090
l 6090 6091
l 6091 6092
l 6092 6093
l 6093 6094
l 6094 6095
l 6095 6096
l 6096 6097
l 6097 6098
l 6098 6099
l 6099 6100
l 6100 6101
l 6101 6102
l 6102 6103
l 6103 6104
l 6104 6105
l 6105 6106
l 6106 6107
l 6107 6108
l 6108 6109
l 6109 6110
l 6110 6111
l 6111 6112
l 6112 6113
l 6113 6114
l 6114 6115
l 6115 6116
l 6116 6117
l 6117 6118
l 6118 6119
l 6119 6120
l 6120 6121
l 6121 6122
l 6122 6123
l 6123 6124
l 6124 6125
l 6125 6126
l 6126 6127
l 6127 6128
l 6128 6129
l 6129 6130
l 6130 6131
l 6131 6132
l 6132 6133
l 6133 6134
l 6134 6135
l 6135 6136
l 6136 6137
l 6137 6138
l 6138 6139
l 6139 6140
l 6140 6141
l 6141 6142
l 6142 6143
l 6143 6144
l 6144 6145
l 6146 6147
l 6147 6148
l 6148 6149
l 6149 6150
l 6150 6151
l 6151 6152
l 6152 6153
l 6153 6154
l 6155 6156
l 6156 6157
l 6157 6158
l 6158 6159
l 6159 6160
l 6160 6161
l 6161 6162
l 6162 6163
l 6164 6165
l 6165 6166
l 6166 6167
l 6167 6168
l 6168 6169
l 6169 6170
l 6170 6171
l 6171 6172
l 6172 6173
l 6173 6174
l 6174 6175
l 6175 6176
l 6176 6177
l 6177 6178
l 6178 6179
l 6179 6180
l 6180 6181
l 6181 6182
l 6182 6183
l 6183 6184
l 6184 6185
l 6185 6186
l 6186 6187
l 6187 6188
l 6188 6189
l 6189 6190
l 6190 6191
l 6191 6192
l 6192 6193
l 6193 6194
l 6194 6195
l 6195 6196
l 6196 6197
l 6197 6198
l 6198 6199
l 6199 6200
l 6200 6201
l 6201 6202
l 6202 6203
l 6203 6204
l 6204 6205
l 6205 6206
l 6206 6207
l 6207 6208
l 6208 6209
l 6209 6210
l 6210 6211
l 6211 6212
l 6212 6213
l 6213 6214
l 6214 6215
l 6215 6216
l 6216 6217
l 6217 6218
l 6218 6219
l 6219 6220
l 6220 6221
l 6221 6222
l 6222 6223
l 6223 6224
l 6224 6225
l 6225 6226
l 6226 6227
l 6227 6228
l 6229 6230
l 6230 6231
l 6231 6232
l 6232 6233
l 6233 6234
l 6234 6235
l 6235 6236
l 6236 6237
l 6237 6238
l 6238 6239
l 6239 6240
l 6240 6241
l 6241 6242
l 6242 6243
l 6243 6244
l 6244 6245
l 6245 6246
l 6246 6247
l 6247 6248
l 6248 6249
l 6249 6250
l 6250 6251
l 6251 6252
l 6252 6253
l 6253 6254
l 6254 6255
l 6255 6256
l 6256 6257
l 6257 6258
l 6258 6259
l 6259 6260
l 6260 6261
l 6261 6262
l 6262 6263
l 6263 6264
l 6264 6265
l 6265 6266
l 6266 6267
l 6267 6268
l 6268 6269
l 6269 6270
l 6270 6271
l 6271 6272
l 6272 6273
l 6273 6274
l 6274 6275
l 6275 6276
l 6276 6277
l 6277 6278
l 6278 6279
l 6279 6280
l 6280 6281
l 6281 6282
l 6282 6283
l 6283 6284
l 6284 6285
l 6285 6286
l 6286 6287
l 6287 6288
l 6288 6289
l 6289 6290
l 6290 6291
l 6291 6292
l 6292 6293
l 6294 6295
l 6295 6296
l 6296 6297
l 6297 6298
l 6298 6299
l 6299 6300
l 6300 6301
l 6301 6302
l 6302 6303
l 6303 6304
l 6304 6305
l 6305 6306
l 6306 6307
l 6307 6308
l 6308 6309
l 6309 6310
l 6310 6311
l 6311 6312
l 6312 6313
l 6313 6314
l 6314 6315
l 6315 6316
l 6316 6317
l 6317 6318
l 6318 6319
l 6319 6320
l 6320 6321
l 6321 6322
l 6322 6323
l 6323 6324
l 6324 6325
l 6325 6326
l 6326 6327
l 6327 6328
l 6328 6329
l 6329 6330
l 6330 6331
l 6331 6332
l 6332 6333
l 6333 6334
l 6334 6335
l 6335 6336
l 6336 6337
l 6337 6338
l 6338 6339
l 6339 6340
l 6340 6341
l 6341 6342
l 6342 6343
l 6343 6344
l 6344 6345
l 6345 6346
l 6346 6347
l 6347 6348
l 6348 6349
l 6349 6350
l 6350 6351
l 6351 6352
l 6352 6353
l 6353 6354
l 6354 6355
l 6355 6356
l 6356 6357
l 6357 6358
l 6359 6360
l 6360 6361
l 6361 6362
l 6362 6363
l 6363 6364
l 6364 6365
l 6365 6366
l 6366 6367
l 6367 6368
l 6368 6369
l 6369 6370
l 6370 6371
l 6371 6372
l 6372 6373
l 6373 6374
l 6374 6375
l 6375 6376
l 6376 6377
l 6377 6378
l 6378 6379
l 6379 6380
l 6380 6381
l 6381 6382
l 6382 6383
l 6383 6384
l 6384 6385
l 6385 6386
l 6386 6387
l 6387 6388
l 6388 6389
l 6389 6390
l 6390 6391
l 6391 6392
l 6392 6393
l 6393 6394
l 6394 6395
l 6395 6396
l 6396 6397
l 6397 6398
l 6398 6399
l 6399 6400
l 6400 6401
l 6401 6402
l 6402 6403
l 6403 6404
l 6404 6405
l 6405 6406
l 6406 6407
l 6407 6408
l 6408 6409
l 6409 6410
l 6410 6411
l 6411 6412
l 6412 6413
l 6413 6414
l 6414 6415
l 6415 6416
l 6416 6417
l 6417 6418
l 6418 6419
l 6419 6420
l 6420 6421
l 6421 6422
l 6422 6423
l 6424 6425
l 6425 6426
l 6426 6427
l 6427 6428
l 6428 6429
l 6429 6430
l 6430 6431
l 6431 6432

l 6433 6434
l 6434 6435
l 6435 6436
l 6436 6437
l 6437 6438
l 6438 6439
l 6439 6440
l 6440 6441
l 6441 6442
l 6442 6443
l 6443 6444
l 6444 6445
l 6445 6446
l 6446 6447
l 6447 6448
l 6448 6449
l 6449 6450
l 6450 6451
l 6451 6452
l 6452 6453
l 6453 6454
l 6454 6455
l 6455 6456
l 6456 6457
l 6457 6458
l 6458 6459
l 6459 6460
l 6460 6461
l 6461 6462
l 6462 6463
l 6463 6464
l 6464 6465
l 6465 6466
l 6466 6467
l 6467 6468
l 6468 6469
l 6469 6470
l 6470 6471
l 6471 6472
l 6472 6473
l 6473 6474
l 6474 6475
l 6475 6476
l 6476 6477
l 6477 6478
l 6478 6479
l 6479 6480
l 6480 6481
l 6481 6482
l 6482 6483
l 6483 6484
l 6484 6485
l 6485 6486
l 6486 6487
l 6487 6488
l 6488 6489
l 6489 6490
l 6490 6491
l 6491 6492
l 6492 6493
l 6493 6494
l 6494 6495
l 6495 6496
l 6496 6497
l 6498 6499
l 6499 6500
l 6500 6501
l 6501 6502
l 6502 6503
l 6503 6504
l 6504 6505
l 6505 6506
l 6506 6507
l 6507 6508
l 6508 6509
l 6509 6510
l 6510 6511
l 6511 6512
l 6512 6513
l 6513 6514
l 6514 6515
l 6515 6516
l 6516 6517
l 6517 6518
l 6518 6519
l 6519 6520
l 6520 6521
l 6521 6522
l 6522 6523
l 6523 6524
l 6524 6525
l 6525 6526
l 6526 6527
l 6527 6528
l 6528 6529
l 6529 6530
l 6530 6531
l 6531 6532
l 6532 6533
l 6533 6534
l 6534 6535
l 6535 6536
l 6536 6537
l 6537 6538
l 6538 6539
l 6539 6540
l 6540 6541
l 6541 6542
l 6542 6543
l 6543 6544
l 6544 6545
l 6545 6546
l 6546 6547
l 6547 6548
l 6548 6549
l 6549 6550
l 6550 6551
l 6551 6552
l 6552 6553
l 6553 6554
l 6554 6555
l 6555 6556
l 6556 6557
l 6557 6558
l 6558 6559
l 6559 6560
l 6560 6561
l 6561 6562
l 6563 6564
l 6564 6565
l 6565 6566
l 6566 6567
l 6567 6568
l 6568 6569
l 6569 6570
l 6570 6571
l 6571 6572
l 6572 6573
l 6573 6574
l 6574 6575
l 6575 6576
l 6576 6577
l 6577 6578
l 6578 6579
l 6579 6580
l 6580 6581
l 6581 6582
l 6582 6583
l 6583 6584
l 6584 6585
l 6585 6586
l 6586 6587
l 6587 6588
l 6588 6589
l 6589 6590
l 6590 6591
l 6591 6592
l 6592 6593
l 6593 6594
l 6594 6595
l 6595 6596
l 6596 6597
l 6597 6598
l 6598 6599
l 6599 6600
l 6600 6601
l 6601 6602
l 6602 6603
l 6603 6604
l 6604 6605
l 6605 6606
l 6606 6607
l 6607 6608
l 6608 6609
l 6609 6610
l 6610 6611
l 6611 6612
l 6612 6613
l 6613 6614
l 6614 6615
l 6615 6616
l 6616 6617
l 6617 6618
l 6618 6619
l 6619 6620
l 6620 6621
l 6621 6622
l 6622 6623
l 6623 6624
l 6624 6625
l 6625 6626
l 6626 6627
l 6628 6629
l 6629 6630
l 6630 6631
l 6631 6632
l 6632 6633
l 6633 6634
l 6634 6635
l 6635 6636
l 6636 6637
l 6637 6638
l 6638 6639
l 6639 6640
l 6640 6641
l 6641 6642
l 6642 6643
l 6643 6644
l 6644 6645
l 6645 6646
l 6646 6647
l 6647 6648
l 6648 6649
l 6649 6650
l 6650 6651
l 6651 6652
l 6652 6653
l 6653 6654
l 6654 6655
l 6655 6656
l 6656 6657
l 6657 6658
l 6658 6659
l 6659 6660
l 6660 6661
l 6661 6662
l 6662 6663
l 6663 6664
l 6664 6665
l 6665 6666
l 6666 6667
l 6667 6668
l 6668 6669
l 6669 6670
l 6670 6671
l 6671 6672
l 6672 6673
l 6673 6674
l 6674 6675
l 6675 6676
l 6676 6677
l 6677 6678
l 6678 6679
l 6679 6680
l 6680 6681
l 6681 6682
l 6682 6683
l 6683 6684
l 6684 6685
l 6685 6686
l 6686 6687
l 6687 6688
l 6688 6689
l 6689 6690
l 6690 6691
l 6691 6692
l 6693 6694
l 6694 6695
l 6695 6696
l 6696 6697
l 6697 6698
l 6698 6699
l 6699 6700
l 6700 6701
l 6701 6702
l 6702 6703
l 6703 6704
l 6704 6705
l 6705 6706
l 6706 6707
l 6707 6708
l 6708 6709
l 6709 6710
l 6710 6711
l 6711 6712
l 6712 6713
l 6713 6714
l 6714 6715
l 6715 6716
l 6716 6717
l 6717 6718
l 6718 6719
l 6719 6720
l 6720 6721
l 6721 6722
l 6722 6723
l 6723 6724
l 6724 6725
l 6725 6726
l 6726 6727
l 6727 6728
l 6728 6729
l 6729 6730
l 6730 6731
l 6731 6732
l 6732 6733
l 6733 6734
l 6734 6735
l 6735 6736
l 6736 6737
l 6737 6738
l 6738 6739
l 6739 6740
l 6740 6741
l 6741 6742
l 6742 6743
l 6743 6744
l 6744 6745
l 6745 6746
l 6746 6747
l 6747 6748
l 6748 6749
l 6749 6750
l 6750 6751
l 6751 6752
l 6752 6753
l 6753 6754
l 6754 6755
l 6755 6756
l 6756 6757
l 6758 6759
l 6759 6760
l 6760 6761
l 6761 6762
l 6762 6763
l 6763 6764
l 6764 6765
l 6765 6766
l 6766 6767
l 6767 6768
l 6768 6769
l 6769 6770
l 6770 6771
l 6771 6772
l 6772 6773
l 6773 6774
l 6774 6775
l 6775 6776
l 6776 6777
l 6777 6778
l 6778 6779
l 6779 6780
l 6780 6781
l 6781 6782
l 6782 6783
l 6783 6784
l 6784 6785
l 6785 6786
l 6786 6787
l 6787 6788
l 6788 6789
l 6789 6790
l 6790 6791
l 6791 6792
l 6792 6793
l 6793 6794
l 6794 6795
l 6795 6796
l 6796 6797
l 6797 6798
l 6798 6799
l 6799 6800
l 6800 6801
l 6801 6802
l 6802 6803
l 6803 6804
l 6804 6805
l 6805 6806
l 6806 6807
l 6807 6808
l 6808 6809
l 6809 6810
l 6810 6811
l 6811 6812
l 6812 6813
l 6813 6814
l 6814 6815
l 6815 6816
l 6816 6817
l 6817 6818
l 6818 6819
l 6819 6820
l 6820 6821
l 6821 6822
l 6823 6824
l 6824 6825
l 6825 6826
l 6826 6827
l 6827 6828
l 6828 6829
l 6829 6830
l 6830 6831
l 6831 6832
l 6832 6833
l 6833 6834
l 6834 6835
l 6835 6836
l 6836 6837
l 6837 6838
l 6838 6839
l 6839 6840
l 6840 6841
l 6841 6842
l 6842 6843
l 6843 6844
l 6844 6845
l 6845 6846
l 6846 6847
l 6847 6848
l 6848 6849
l 6849 6850
l 6850 6851
l 6851 6852
l 6852 6853
l 6853 6854
l 6854 6855
l 6855 6856
l 6856 6857
l 6857 6858
l 6858 6859
l 6859 6860
l 6860 6861
l 6861 6862
l 6862 6863
l 6863 6864
l 6864 6865
l 6865 6866
l 6866 6867
l 6867 6868
l 6868 6869
l 6869 6870
l 6870 6871
l 6871 6872
l 6872 6873
l 6873 6874
l 6874 6875
l 6875 6876
l 6876 6877
l 6877 6878
l 6878 6879
l 6879 6880
l 6880 6881
l 6881 6882
l 6882 6883
l 6883 6884
l 6884 6885
l 6885 6886
l 6886 6887
l 6888 6889
l 6889 6890
l 6890 6891
l 6891 6892
l 6892 6893
l 6893 6894
l 6894 6895
l 6895 6896
l 6896 6897
l 6897 6898
l 6898 6899
l 6899 6900
l 6900 6901
l 6901 6902
l 6902 6903
l 6903 6904
l 6904 6905
l 6905 6906
l 6906 6907
l 6907 6908
l 6908 6909
l 6909 6910
l 6910 6911
l 6911 6912
l 6912 6913
l 6913 6914
l 6914 6915
l 6915 6916
l 6916 6917
l 6917 6918
l 6918 6919
l 6919 6920
l 6920 6921
l 6921 6922
l 6922 6923
l 6923 6924
l 6924 6925
l 6925 6926
l 6926 6927
l 6927 6928
l 6928 6929
l 6929 6930
l 6930 6931
l 6931 6932
l 6932 6933
l 6933 6934
l 6934 6935
l 6935 6936
l 6936 6937
l 6937 6938
l 6938 6939
l 6939 6940
l 6940 6941
l 6941 6942
l 6942 6943
l 6943 6944
l 6944 6945
l 6945 6946
l 6946 6947
l 6947 6948
l 6948 6949
l 6949 6950
l 6950 6951
l 6951 6952
l 6953 6954
l 6954 6955
l 6955 6956
l 6956 6957
l 6957 6958
l 6958 6959
l 6959 6960
l 6960 6961

l 6962 6963
l 6963 6964
l 6964 6965
l 6965 6966
l 6966 6967
l 6967 6968
l 6968 6969
l 6969 6970
l 6970 6971
l 6971 6972
l 6972 6973
l 6973 6974
l 6974 6975
l 6975 6976
l 6976 6977
l 6977 6978
l 6978 6979
l 6979 6980
l 6980 6981
l 6981 6982
l 6982 6983
l 6983 6984
l 6984 6985
l 6985 6986
l 6986 6987
l 6987 6988
l 6988 6989
l 6989 6990
l 6990 6991
l 6991 6992
l 6992 6993
l 6993 6994
l 6994 6995
l 6995 6996
l 6996 6997
l 6997 6998
l 6998 6999
l 6999 7000
l 7000 7001
l 7001 7002
l 7002 7003
l 7003 7004
l 7004 7005
l 7005 7006
l 7006 7007
l 7007 7008
l 7008 7009
l 7009 7010
l 7010 7011
l 7011 7012
l 7012 7013
l 7013 7014
l 7014 7015
l 7015 7016
l 7016 7017
l 7017 7018
l 7018 7019
l 7019 7020
l 7020 7021
l 7021 7022
l 7022 7023
l 7023 7024
l 7024 7025
l 7025 7026
l 7027 7028
l 7028 7029
l 7029 7030
l 7030 7031
l 7031 7032
l 7032 7033
l 7033 7034
l 7034 7035
l 7035 7036
l 7036 7037
l 7037 7038
l 7038 7039
l 7039 7040
l 7040 7041
l 7041 7042
l 7042 7043
l 7043 7044
l 7044 7045
l 7045 7046
l 7046 7047
l 7047 7048
l 7048 7049
l 7049 7050
l 7050 7051
l 7051 7052
l 7052 7053
l 7053 7054
l 7054 7055
l 7055 7056
l 7056 7057
l 7057 7058
l 7058 7059
l 7059 7060
l 7060 7061
l 7061 7062
l 7062 7063
l 7063 7064
l 7064 7065
l 7065 7066
l 7066 7067
l 7067 7068
l 7068 7069
l 7069 7070
l 7070 7071
l 7071 7072
l 7072 7073
l 7073 7074
l 7074 7075
l 7075 7076
l 7076 7077
l 7077 7078
l 7078 7079
l 7079 7080
l 7080 7081
l 7081 7082
l 7082 7083
l 7083 7084
l 7084 7085
l 7085 7086
l 7086 7087
l 7087 7088
l 7088 7089
l 7089 7090
l 7090 7091
l 7092 7093
l 7093 7094
l 7094 7095
l 7095 7096
l 7096 7097
l 7097 7098
l 7098 7099
l 7099 7100
l 7100 7101
l 7101 7102
l 7102 7103
l 7103 7104
l 7104 7105
l 7105 7106
l 7106 7107
l 7107 7108
l 7108 7109
l 7109 7110
l 7110 7111
l 7111 7112
l 7112 7113
l 7113 7114
l 7114 7115
l 7115 7116
l 7116 7117
l 7117 7118
l 7118 7119
l 7119 7120
l 7120 7121
l 7121 7122
l 7122 7123
l 7123 7124
l 7124 7125
l 7125 7126
l 7126 7127
l 7127 7128
l 7128 7129
l 7129 7130
l 7130 7131
l 7131 7132
l 7132 7133
l 7133 7134
l 7134 7135
l 7135 7136
l 7136 7137
l 7137 7138
l 7138 7139
l 7139 7140
l 7140 7141
l 7141 7142
l 7142 7143
l 7143 7144
l 7144 7145
l 7145 7146
l 7146 7147
l 7147 7148
l 7148 7149
l 7149 7150
l 7150 7151
l 7151 7152
l 7152 7153
l 7153 7154
l 7154 7155
l 7155 7156
l 7157 7158
l 7158 7159
l 7159 7160
l 7160 7161
l 7161 7162
l 7162 7163
l 7163 7164
l 7164 7165
l 7165 7166
l 7166 7167
l 7167 7168
l 7168 7169
l 7169 7170
l 7170 7171
l 7171 7172
l 7172 7173
l 7173 7174
l 7174 7175
l 7175 7176
l 7176 7177
l 7177 7178
l 7178 7179
l 7179 7180
l 7180 7181
l 7181 7182
l 7182 7183
l 7183 7184
l 7184 7185
l 7185 7186
l 7186 7187
l 7187 7188
l 7188 7189
l 7189 7190
l 7190 7191
l 7191 7192
l 7192 7193
l 7193 7194
l 7194 7195
l 7195 7196
l 7196 7197
l 7197 7198
l 7198 7199
l 7199 7200
l 7200 7201
l 7201 7202
l 7202 7203
l 7203 7204
l 7204 7205
l 7205 7206
l 7206 7207
l 7207 7208
l 7208 7209
l 7209 7210
l 7210 7211
l 7211 7212
l 7212 7213
l 7213 7214
l 7214 7215
l 7215 7216
l 7216 7217
l 7217 7218
l 7218 7219
l 7219 7220
l 7220 7221
l 7222 7223
l 7223 7224
l 7224 7225
l 7225 7226
l 7226 7227
l 7227 7228
l 7228 7229
l 7229 7230
l 7230 7231
l 7231 7232
l 7232 7233
l 7233 7234
l 7234 7235
l 7235 7236
l 7236 7237
l 7237 7238
l 7238 7239
l 7239 7240
l 7240 7241
l 7241 7242
l 7242 7243
l 7243 7244
l 7244 7245
l 7245 7246
l 7246 7247
l 7247 7248
l 7248 7249
l 7249 7250
l 7250 7251
l 7251 7252
l 7252 7253
l 7253 7254
l 7254 7255
l 7255 7256
l 7256 7257
l 7257 7258
l 7258 7259
l 7259 7260
l 7260 7261
l 7261 7262
l 7262 7263
l 7263 7264
l 7264 7265
l 7265 7266
l 7266 7267
l 7267 7268
l 7268 7269
l 7269 7270
l 7270 7271
l 7271 7272
l 7272 7273
l 7273 7274
l 7274 7275
l 7275 7276
l 7276 7277
l 7277 7278
l 7278 7279
l 7279 7280
l 7280 7281
l 7281 7282
l 7282 7283
l 7283 7284
l 7284 7285
l 7285 7286
l 7287 7288
l 7288 7289
l 7289 7290
l 7290 7291
l 7291 7292
l 7292 7293
l 7293 7294
l 7294 7295
l 7295 7296
l 7296 7297
l 7297 7298
l 7298 7299
l 7299 7300
l 7300 7301
l 7301 7302
l 7302 7303
l 7303 7304
l 7304 7305
l 7305 7306
l 7306 7307
l 7307 7308
l 7308 7309
l 7309 7310
l 7310 7311
l 7311 7312
l 7312 7313
l 7313 7314
l 7314 7315
l 7315 7316
l 7316 7317
l 7317 7318
l 7318 7319
l 7319 7320
l 7320 7321
l 7321 7322
l 7322 7323
l 7323 7324
l 7324 7325
l 7325 7326
l 7326 7327
l 7327 7328
l 7328 7329
l 7329 7330
l 7330 7331
l 7331 7332
l 7332 7333
l 7333 7334
l 7334 7335
l 7335 7336
l 7336 7337
l 7337 7338
l 7338 7339
l 7339 7340
l 7340 7341
l 7341 7342
l 7342 7343
l 7343 7344
l 7344 7345
l 7345 7346
l 7346 7347
l 7347 7348
l 7348 7349
l 7349 7350
l 7350 7351
l 7352 7353
l 7353 7354
l 7354 7355
l 7355 7356
l 7356 7357
l 7357 7358
l 7358 7359
l 7359 7360
l 7360 7361
l 7361 7362
l 7362 7363
l 7363 7364
l 7364 7365
l 7365 7366
l 7366 7367
l 7367 7368
l 7368 7369
l 7369 7370
l 7370 7371
l 7371 7372
l 7372 7373
l 7373 7374
l 7374 7375
l 7375 7376
l 7376 7377
l 7377 7378
l 7378 7379
l 7379 7380
l 7380 7381
l 7381 7382
l 7382 7383
l 7383 7384
l 7384 7385
l 7385 7386
l 7386 7387
l 7387 7388
l 7388 7389
l 7389 7390
l 7390 7391
l 7391 7392
l 7392 7393
l 7393 7394
l 7394 7395
l 7395 7396
l 7396 7397
l 7397 7398
l 7398 7399
l 7399 7400
l 7400 7401
l 7401 7402
l 7402 7403
l 7403 7404
l 7404 7405
l 7405 7406
l 7406 7407
l 7407 7408
l 7408 7409
l 7409 7410
l 7410 7411
l 7411 7412
l 7412 7413
l 7413 7414
l 7414 7415
l 7415 7416
l 7417 7418
l 7418 7419
l 7419 7420
l 7420 7421
l 7421 7422
l 7422 7423
l 7423 7424
l 7424 7425
l 7425 7426
l 7426 7427
l 7427 7428
l 7428 7429
l 7429 7430
l 7430 7431
l 7431 7432
l 7432 7433
l 7433 7434
l 7434 7435
l 7435 7436
l 7436 7437
l 7437 7438
l 7438 7439
l 7439 7440
l 7440 7441
l 7441 7442
l 7442 7443
l 7443 7444
l 7444 7445
l 7445 7446
l 7446 7447
l 7447 7448
l 7448 7449
l 7449 7450
l 7450 7451
l 7451 7452
l 7452 7453
l 7453 7454
l 7454 7455
l 7455 7456
l 7456 7457
l 7457 7458
l 7458 7459
l 7459 7460
l 7460 7461
l 7461 7462
l 7462 7463
l 7463 7464
l 7464 7465
l 7465 7466
l 7466 7467
l 7467 7468
l 7468 7469
l 7469 7470
l 7470 7471
l 7471 7472
l 7472 7473
l 7473 7474
l 7474 7475
l 7475 7476
l 7476 7477
l 7477 7478
l 7478 7479
l 7479 7480
l 7480 7481
l 7482 7483
l 7483 7484
l 7484 7485
l 7485 7486
l 7486 7487
l 7487 7488
l 7488 7489
l 7489 7490
l 7491 7492
l 7492 7493
l 7493 7494
l 7494 7495
l 7495 7496
l 7496 7497
l 7497 7498
l 7498 7499
l 7499 7500
l 7500 7501
l 7501 7502
l 7502 7503
l 7503 7504
l 7504 7505
l 7505 7506
l 7506 7507
l 7507 7508
l 7508 7509
l 7509 7510
l 7510 7511
l 7511 7512
l 7512 7513
l 7513 7514
l 7514 7515
l 7515 7516
l 7516 7517
l 7517 7518
l 7518 7519
l 7519 7520
l 7520 7521
l 7521 7522
l 7522 7523
l 7523 7524
l 7524 7525
l 7525 7526
l 7526 7527
l 7527 7528
l 7528 7529
l 7529 7530
l 7530 7531
l 7531 7532
l 7532 7533
l 7533 7534
l 7534 7535
l 7535 7536
l 7536 7537
l 7537 7538
l 7538 7539
l 7539 7540
l 7540 7541
l 7541 7542
l 7542 7543
l 7543 7544
l 7544 7545
l 7545 7546
l 7546 7547
l 7547 7548
l 7548 7549
l 7549 7550
l 7550 7551
l 7551 7552
l 7552 7553
l 7553 7554
l 7554 7555
l 7556 7557
l 7557 7558
l 7558 7559
l 7559 7560
l 7560 7561
l 7561 7562
l 7562 7563
l 7563 7564
l 7564 7565
l 7565 7566
l 7566 7567
l 7567 7568
l 7568 7569
l 7569 7570
l 7570 7571
l 7571 7572
l 7572 7573
l 7573 7574
l 7574 7575
l 7575 7576
l 7576 7577
l 7577 7578
l 7578 7579
l 7579 7580
l 7580 7581
l 7581 7582
l 7582 7583
l 7583 7584
l 7584 7585
l 7585 7586
l 7586 7587
l 7587 7588
l 7588 7589
l 7589 7590
l 7590 7591
l 7591 7592
l 7592 7593
l 7593 7594
l 7594 7595
l 7595 7596
l 7596 7597
l 7597 7598
l 7598 7599
l 7599 7600
l 7600 7601
l 7601 7602
l 7602 7603
l 7603 7604
l 7604 7605
l 7605 7606
l 7606 7607
l 7607 7608
l 7608 7609
l 7609 7610
l 7610 7611
l 7611 7612
l 7612 7613
l 7613 7614
l 7614 7615
l 7615 7616
l 7616 7617
l 7617 7618
l 7618 7619
l 7619 7620
l 7621 7622
l 7622 7623
l 7623 7624
l 7624 7625
l 7625 7626
l 7626 7627
l 7627 7628
l 7628 7629
l 7629 7630
l 7630 7631
l 7631 7632
l 7632 7633
l 7633 7634
l 7634 7635
l 7635 7636
l 7636 7637
l 7637 7638
l 7638 7639
l 7639 7640
l 7640 7641
l 7641 7642
l 7642 7643
l 7643 7644
l 7644 7645
l 7645 7646
l 7646 7647
l 7647 7648
l 7648 7649
l 7649 7650
l 7650 7651
l 7651 7652
l 7652 7653
l 7653 7654
l 7654 7655
l 7655 7656
l 7656 7657
l 7657 7658
l 7658 7659
l 7659 7660
l 7660 7661
l 7661 7662
l 7662 7663
l 7663 7664
l 7664 7665
l 7665 7666
l 7666 7667
l 7667 7668
l 7668 7669
l 7669 7670
l 7670 7671
l 7671 7672
l 7672 7673
l 7673 7674
l 7674 7675
l 7675 7676
l 7676 7677
l 7677 7678
l 7678 7679
l 7679 7680
l 7680 7681
l 7681 7682
l 7682 7683
l 7683 7684
l 7684 7685
l 7686 7687
l 7687 7688
l 7688 7689
l 7689 7690
l 7690 7691
l 7691 7692
l 7692 7693
l 7693 7694
l 7694 7695
l 7695 7696
l 7696 7697
l 7697 7698
l 7698 7699
l 7699 7700
l 7700 7701
l 7701 7702
l 7702 7703
l 7703 7704
l 7704 7705
l 7705 7706
l 7706 7707
l 7707 7708
l 7708 7709
l 7709 7710
l 7710 7711
l 7711 7712
l 7712 7713
l 7713 7714
l 7714 7715
l 7715 7716
l 7716 7717
l 7717 7718
l 7718 7719
l 7719 7720
l 7720 7721
l 7721 7722
l 7722 7723
l 7723 7724
l 7724 7725
l 7725 7726
l 7726 7727
l 7727 7728
l 7728 7729
l 7729 7730
l 7730 7731
l 7731 7732
l 7732 7733
l 7733 7734
l 7734 7735
l 7735 7736
l 7736 7737
l 7737 7738
l 7738 7739
l 7739 7740
l 7740 7741
l 7741 7742
l 7742 7743
l 7743 7744
l 7744 7745
l 7745 7746
l 7746 7747
l 7747 7748
l 7748 7749
l 7749 7750
l 7751 7752
l 7752 7753
l 7753 7754
l 7754 7755
l 7755 7756
l 7756 7757
l 7757 7758
l 7758 7759
l 7759 7760
l 7760 7761
l 7761 7762
l 7762 7763
l 7763 7764
l 7764 7765
l 7765 7766
l 7766 7767
l 7767 7768
l 7768 7769
l 7769 7770
l 7770 7771
l 7771 7772
l 7772 7773
l 7773 7774
l 7774 7775
l 7775 7776
l 7776 7777
l 7777 7778
l 7778 7779
l 7779 7780
l 7780 7781
l 7781 7782
l 7782 7783
l 7783 7784
l 7784 7785
l 7785 7786
l 7786 7787
l 7787 7788
l 7788 7789
l 7789 7790
l 7790 7791
l 7791 7792
l 7792 7793
l 7793 7794
l 7794 7795
l 7795 7796
l 7796 7797
l 7797 7798
l 7798 7799
l 7799 7800
l 7800 7801
l 7801 7802
l 7802 7803
l 7803 7804
l 7804 7805
l 7805 7806
l 7806 7807
l 7807 7808
l 7808 7809
l 7809 7810
l 7810 7811
l 7811 7812
l 7812 7813
l 7813 7814
l 7814 7815
l 7816 7817
l 7817 7818
l 7818 7819
l 7819 7820
l 7820 7821
l 7821 7822
l 7822 7823
l 7823 7824
l 7824 7825
l 7825 7826
l 7826 7827
l 7827 7828
l 7828 7829
l 7829 7830
l 7830 7831
l 7831 7832
l 7832 7833
l 7833 7834
l 7834 7835
l 7835 7836
l 7836 7837
l 7837 7838
l 7838 7839
l 7839 7840
l 7840 7841
l 7841 7842
l 7842 7843
l 7843 7844
l 7844 7845
l 7845 7846
l 7846 7847
l 7847 7848
l 7848 7849
l 7849 7850
l 7850 7851
l 7851 7852
l 7852 7853
l 7853 7854
l 7854 7855
l 7855 7856
l 7856 7857
l 7857 7858
l 7858 7859
l 7859 7860
l 7860 7861
l 7861 7862
l 7862 7863
l 7863 7864
l 7864 7865
l 7865 7866
l 7866 7867
l 7867 7868
l 7868 7869
l 7869 7870
l 7870 7871
l 7871 7872
l 7872 7873
l 7873 7874
l 7874 7875
l 7875 7876
l 7876 7877
l 7877 7878
l 7878 7879
l 7879 7880
l 7881 7882
l 7882 7883
l 7883 7884
l 7884 7885
l 7885 7886
l 7886 7887
l 7887 7888
l 7888 7889
l 7889 7890
l 7890 7891
l 7891 7892
l 7892 7893
l 7893 7894
l 7894 7895
l 7895 7896
l 7896 7897
l 7897 7898
l 7898 7899
l 7899 7900
l 7900 7901
l 7901 7902
l 7902 7903
l 7903 7904
l 7904 7905
l 7905 7906
l 7906 7907
l 7907 7908
l 7908 7909
l 7909 7910
l 7910 7911
l 7911 7912
l 7912 7913
l 7913 7914
l 7914 7915
l 7915 7916
l 7916 7917
l 7917 7918
l 7918 7919
l 7919 7920
l 7920 7921
l 7921 7922
l 7922 7923
l 7923 7924
l 7924 7925
l 7925 7926
l 7926 7927
l 7927 7928
l 7928 7929
l 7929 7930
l 7930 7931
l 7931 7932
l 7932 7933
l 7933 7934
l 7934 7935
l 7935 7936
l 7936 7937
l 7937 7938
l 7938 7939
l 7939 7940
l 7940 7941
l 7941 7942
l 7942 7943
l 7943 7944
l 7944 7945
l 7946 7947
l 7947 7948
l 7948 7949
l 7949 7950
l 7950 7951
l 7951 7952
l 7952 7953
l 7953 7954
l 7954 7955
l 7955 7956
l 7956 7957
l 7957 7958
l 7958 7959
l 7959 7960
l 7960 7961
l 7961 7962
l 7962 7963
l 7963 7964
l 7964 7965
l 7965 7966
l 7966 7967
l 7967 7968
l 7968 7969
l 7969 7970
l 7970 7971
l 7971 7972
l 7972 7973
l 7973 7974
l 7974 7975
l 7975 7976
l 7976 7977
l 7977 7978
l 7978 7979
l 7979 7980
l 7980 7981
l 7981 7982
l 7982 7983
l 7983 7984
l 7984 7985
l 7985 7986
l 7986 7987
l 7987 7988
l 7988 7989
l 7989 7990
l 7990 7991
l 7991 7992
l 7992 7993
l 7993 7994
l 7994 7995
l 7995 7996
l 7996 7997
l 7997 7998
l 7998 7999
l 7999 8000
l 8000 8001
l 8001 8002
l 8002 8003
l 8003 8004
l 8004 8005
l 8005 8006
l 8006 8007
l 8007 8008
l 8008 8009
l 8009 8010
l 8011 8012
l 8012 8013
l 8013 8014
l 8014 8015
l 8015 8016
l 8016 8017
l 8017 8018
l 8018 8019

l 8020 8021
l 8021 8022
l 8022 8023
l 8023 8024
l 8024 8025
l 8025 8026
l 8026 8027
l 8027 8028
l 8028 8029
l 8029 8030
l 8030 8031
l 8031 8032
l 8032 8033
l 8033 8034
l 8034 8035
l 8035 8036
l 8036 8037
l 8037 8038
l 8038 8039
l 8039 8040
l 8040 8041
l 8041 8042
l 8042 8043
l 8043 8044
l 8044 8045
l 8045 8046
l 8046 8047
l 8047 8048
l 8048 8049
l 8049 8050
l 8050 8051
l 8051 8052
l 8052 8053
l 8053 8054
l 8054 8055
l 8055 8056
l 8056 8057
l 8057 8058
l 8058 8059
l 8059 8060
l 8060 8061
l 8061 8062
l 8062 8063
l 8063 8064
l 8064 8065
l 8065 8066
l 8066 8067
l 8067 8068
l 8068 8069
l 8069 8070
l 8070 8071
l 8071 8072
l 8072 8073
l 8073 8074
l 8074 8075
l 8075 8076
l 8076 8077
l 8077 8078
l 8078 8079
l 8079 8080
l 8080 8081
l 8081 8082
l 8082 8083
l 8083 8084
l 8084 8085
l 8085 8086
l 8086 8087
l 8087 8088
l 8088 8089
l 8089 8090
l 8090 8091
l 8091 8092
l 8092 8093
l 8093 8094
l 8094 8095
l 8095 8096
l 8096 8097
l 8097 8098
l 8098 8099
l 8099 8100
l 8101 8102
l 8102 8103
l 8103 8104
l 8104 8105
l 8105 8106
l 8106 8107
l 8107 8108
l 8108 8109
l 8109 8110
l 8110 8111
l 8111 8112
l 8112 8113
l 8113 8114
l 8114 8115
l 8115 8116
l 8116 8117
l 8117 8118
l 8118 8119
l 8119 8120
l 8120 8121
l 8121 8122
l 8122 8123
l 8123 8124
l 8124 8125
l 8125 8126
l 8126 8127
l 8127 8128
l 8128 8129
l 8129 8130
l 8130 8131
l 8131 8132
l 8132 8133
l 8133 8134
l 8134 8135
l 8135 8136
l 8136 8137
l 8137 8138
l 8138 8139
l 8139 8140
l 8140 8141
l 8141 8142
l 8142 8143
l 8143 8144
l 8144 8145
l 8145 8146
l 8146 8147
l 8147 8148
l 8148 8149
l 8149 8150
l 8150 8151
l 8151 8152
l 8152 8153
l 8153 8154
l 8154 8155
l 8155 8156
l 8156 8157
l 8157 8158
l 8158 8159
l 8159 8160
l 8160 8161
l 8161 8162
l 8162 8163
l 8163 8164
l 8164 8165
l 8165 8166
l 8166 8167
l 8167 8168
l 8168 8169
l 8169 8170
l 8170 8171
l 8171 8172
l 8172 8173
l 8173 8174
l 8174 8175
l 8175 8176
l 8176 8177
l 8177 8178
l 8178 8179
l 8179 8180
l 8180 8181
l 8182 8183
l 8183 8184
l 8184 8185
l 8185 8186
l 8186 8187
l 8187 8188
l 8188 8189
l 8189 8190
l 8190 8191
l 8191 8192
l 8192 8193
l 8193 8194
l 8194 8195
l 8195 8196
l 8196 8197
l 8197 8198
l 8198 8199
l 8199 8200
l 8200 8201
l 8201 8202
l 8202 8203
l 8203 8204
l 8204 8205
l 8205 8206
l 8206 8207
l 8207 8208
l 8208 8209
l 8209 8210
l 8210 8211
l 8211 8212
l 8212 8213
l 8213 8214
l 8214 8215
l 8215 8216
l 8216 8217
l 8217 8218
l 8218 8219
l 8219 8220
l 8220 8221
l 8221 8222
l 8222 8223
l 8223 8224
l 8224 8225
l 8225 8226
l 8226 8227
l 8227 8228
l 8228 8229
l 8229 8230
l 8230 8231
l 8231 8232
l 8232 8233
l 8233 8234
l 8234 8235
l 8235 8236
l 8236 8237
l 8237 8238
l 8238 8239
l 8239 8240
l 8240 8241
l 8241 8242
l 8242 8243
l 8243 8244
l 8244 8245
l 8245 8246
l 8246 8247
l 8247 8248
l 8248 8249
l 8249 8250
l 8250 8251
l 8251 8252
l 8252 8253
l 8253 8254
l 8254 8255
l 8255 8256
l 8256 8257
l 8257 8258
l 8258 8259
l 8259 8260
l 8260 8261
l 8261 8262
l 8263 8264
l 8264 8265
l 8265 8266
l 8266 8267
l 8267 8268
l 8268 8269
l 8269 8270
l 8270 8271
l 8271 8272
l 8272 8273
l 8273 8274
l 8274 8275
l 8275 8276
l 8276 8277
l 8277 8278
l 8278 8279
l 8279 8280
l 8280 8281
l 8281 8282
l 8282 8283
l 8283 8284
l 8284 8285
l 8285 8286
l 8286 8287
l 8287 8288
l 8288 8289
l 8289 8290
l 8290 8291
l 8291 8292
l 8292 8293
l 8293 8294
l 8294 8295
l 8295 8296
l 8296 8297
l 8297 8298
l 8298 8299
l 8299 8300
l 8300 8301
l 8301 8302
l 8302 8303
l 8303 8304
l 8304 8305
l 8305 8306
l 8306 8307
l 8307 8308
l 8308 8309
l 8309 8310
l 8310 8311
l 8311 8312
l 8312 8313
l 8313 8314
l 8314 8315
l 8315 8316
l 8316 8317
l 8317 8318
l 8318 8319
l 8319 8320
l 8320 8321
l 8321 8322
l 8322 8323
l 8323 8324
l 8324 8325
l 8325 8326
l 8326 8327
l 8327 8328
l 8328 8329
l 8329 8330
l 8330 8331
l 8331 8332
l 8332 8333
l 8333 8334
l 8334 8335
l 8335 8336
l 8336 8337
l 8337 8338
l 8338 8339
l 8339 8340
l 8340 8341
l 8341 8342
l 8342 8343

l 8344 8345
l 8345 8346
l 8346 8347
l 8347 8348
l 8348 8349
l 8349 8350
l 8350 8351
l 8351 8352
l 8352 8353
l 8353 8354
l 8354 8355
l 8355 8356
l 8356 8357
l 8357 8358
l 8358 8359
l 8359 8360
l 8360 8361
l 8361 8362
l 8362 8363
l 8363 8364
l 8364 8365
l 8365 8366
l 8366 8367
l 8367 8368
l 8368 8369
l 8369 8370
l 8370 8371
l 8371 8372
l 8372 8373
l 8373 8374
l 8374 8375
l 8375 8376
l 8376 8377
l 8377 8378
l 8378 8379
l 8379 8380
l 8380 8381
l 8381 8382
l 8382 8383
l 8383 8384
l 8384 8385
l 8385 8386
l 8386 8387
l 8387 8388
l 8388 8389
l 8389 8390
l 8390 8391
l 8391 8392
l 8392 8393
l 8393 8394
l 8394 8395
l 8395 8396
l 8396 8397
l 8397 8398
l 8398 8399
l 8399 8400
l 8400 8401
l 8401 8402
l 8402 8403
l 8403 8404
l 8404 8405
l 8405 8406
l 8406 8407
l 8407 8408
l 8408 8409
l 8409 8410
l 8410 8411
l 8411 8412
l 8412 8413
l 8413 8414
l 8414 8415
l 8415 8416
l 8416 8417
l 8417 8418
l 8418 8419
l 8419 8420
l 8420 8421
l 8421 8422
l 8422 8423
l 8423 8424
l 8425 8426
l 8426 8427
l 8427 8428
l 8428 8429
l 8429 8430
l 8430 8431
l 8431 8432
l 8432 8433
l 8433 8434
l 8434 8435
l 8435 8436
l 8436 8437
l 8437 8438
l 8438 8439
l 8439 8440
l 8440 8441
l 8441 8442
l 8442 8443
l 8443 8444
l 8444 8445
l 8445 8446
l 8446 8447
l 8447 8448
l 8448 8449
l 8449 8450
l 8450 8451
l 8451 8452
l 8452 8453
l 8453 8454
l 8454 8455
l 8455 8456
l 8456 8457
l 8457 8458
l 8458 8459
l 8459 8460
l 8460 8461
l 8461 8462
l 8462 8463
l 8463 8464
l 8464 8465
l 8465 8466
l 8466 8467
l 8467 8468
l 8468 8469
l 8469 8470
l 8470 8471
l 8471 8472
l 8472 8473
l 8473 8474
l 8474 8475
l 8475 8476
l 8476 8477
l 8477 8478
l 8478 8479
l 8479 8480
l 8480 8481
l 8481 8482
l 8482 8483
l 8483 8484
l 8484 8485
l 8485 8486
l 8486 8487
l 8487 8488
l 8488 8489
l 8489 8490
l 8490 8491
l 8491 8492
l 8492 8493
l 8493 8494
l 8494 8495
l 8495 8496
l 8496 8497
l 8497 8498
l 8498 8499
l 8499 8500
l 8500 8501
l 8501 8502
l 8502 8503
l 8503 8504
l 8504 8505
l 8506 8507
l 8507 8508
l 8508 8509
l 8509 8510
l 8510 8511
l 8511 8512
l 8512 8513
l 8513 8514
l 8514 8515
l 8515 8516
l 8516 8517
l 8517 8518
l 8518 8519
l 8519 8520
l 8520 8521
l 8521 8522
l 8522 8523
l 8523 8524
l 8524 8525
l 8525 8526
l 8526 8527
l 8527 8528
l 8528 8529
l 8529 8530
l 8530 8531
l 8531 8532
l 8532 8533
l 8533 8534
l 8534 8535
l 8535 8536
l 8536 8537
l 8537 8538
l 8538 8539
l 8539 8540
l 8540 8541
l 8541 8542
l 8542 8543
l 8543 8544
l 8544 8545
l 8545 8546
l 8546 8547
l 8547 8548
l 8548 8549
l 8549 8550
l 8550 8551
l 8551 8552
l 8552 8553
l 8553 8554
l 8554 8555
l 8555 8556
l 8556 8557
l 8557 8558
l 8558 8559
l 8559 8560
l 8560 8561
l 8561 8562
l 8562 8563
l 8563 8564
l 8564 8565
l 8565 8566
l 8566 8567
l 8567 8568
l 8568 8569
l 8569 8570
l 8570 8571
l 8571 8572
l 8572 8573
l 8573 8574
l 8574 8575
l 8575 8576
l 8576 8577
l 8577 8578
l 8578 8579
l 8579 8580
l 8580 8581
l 8581 8582
l 8582 8583
l 8583 8584
l 8584 8585
l 8585 8586
l 8587 8588
l 8588 8589
l 8589 8590
l 8590 8591
l 8591 8592
l 8592 8593
l 8593 8594
l 8594 8595
l 8595 8596
l 8596 8597
l 8597 8598
l 8598 8599
l 8599 8600
l 8600 8601
l 8601 8602
l 8602 8603
l 8603 8604
l 8604 8605
l 8605 8606
l 8606 8607
l 8607 8608
l 8608 8609
l 8609 8610
l 8610 8611
l 8611 8612
l 8612 8613
l 8613 8614
l 8614 8615
l 8615 8616
l 8616 8617
l 8617 8618
l 8618 8619
l 8619 8620
l 8620 8621
l 8621 8622
l 8622 8623
l 8623 8624
l 8624 8625
l 8625 8626
l 8626 8627
l 8627 8628
l 8628 8629
l 8629 8630
l 8630 8631
l 8631 8632
l 8632 8633
l 8633 8634
l 8634 8635
l 8635 8636
l 8636 8637
l 8637 8638
l 8638 8639
l 8639 8640
l 8640 8641
l 8641 8642
l 8642 8643
l 8643 8644
l 8644 8645
l 8645 8646
l 8646 8647
l 8647 8648
l 8648 8649
l 8649 8650
l 8650 8651
l 8651 8652
l 8652 8653
l 8653 8654
l 8654 8655
l 8655 8656
l 8656 8657
l 8657 8658
l 8658 8659
l 8659 8660
l 8660 8661
l 8661 8662
l 8662 8663
l 8663 8664
l 8664 8665
l 8665 8666
l 8666 8667

l 8668 8669
l 8669 8670
l 8670 8671
l 8671 8672
l 8672 8673
l 8673 8674
l 8674 8675
l 8675 8676
l 8676 8677
l 8677 8678
l 8678 8679
l 8679 8680
l 8680 8681
l 8681 8682
l 8682 8683
l 8683 8684
l 8684 8685
l 8685 8686
l 8686 8687
l 8687 8688
l 8688 8689
l 8689 8690
l 8690 8691
l 8691 8692
l 8692 8693
l 8693 8694
l 8694 8695
l 8695 8696
l 8696 8697
l 8697 8698
l 8698 8699
l 8699 8700
l 8700 8701
l 8701 8702
l 8702 8703
l 8703 8704
l 8704 8705
l 8705 8706
l 8706 8707
l 8707 8708
l 8708 8709
l 8709 8710
l 8710 8711
l 8711 8712
l 8712 8713
l 8713 8714
l 8714 8715
l 8715 8716
l 8716 8717
l 8717 8718
l 8718 8719
l 8719 8720
l 8720 8721
l 8721 8722
l 8722 8723
l 8723 8724
l 8724 8725
l 8725 8726
l 8726 8727
l 8727 8728
l 8728 8729
l 8729 8730
l 8730 8731
l 8731 8732
l 8732 8733
l 8733 8734
l 8734 8735
l 8735 8736
l 8736 8737
l 8737 8738
l 8738 8739
l 8739 8740
l 8740 8741
l 8741 8742
l 8742 8743
l 8743 8744
l 8744 8745
l 8745 8746
l 8746 8747
l 8747 8748
l 8749 8750
l 8750 8751
l 8751 8752
l 8752 8753
l 8753 8754
l 8754 8755
l 8755 8756
l 8756 8757
l 8757 8758
l 8758 8759
l 8759 8760
l 8760 8761
l 8761 8762
l 8762 8763
l 8763 8764
l 8764 8765
l 8765 8766
l 8766 8767
l 8767 8768
l 8768 8769
l 8769 8770
l 8770 8771
l 8771 8772
l 8772 8773
l 8773 8774
l 8774 8775
l 8775 8776
l 8776 8777
l 8777 8778
l 8778 8779
l 8779 8780
l 8780 8781
l 8781 8782
l 8782 8783
l 8783 8784
l 8784 8785
l 8785 8786
l 8786 8787
l 8787 8788
l 8788 8789
l 8789 8790
l 8790 8791
l 8791 8792
l 8792 8793
l 8793 8794
l 8794 8795
l 8795 8796
l 8796 8797
l 8797 8798
l 8798 8799
l 8799 8800
l 8800 8801
l 8801 8802
l 8802 8803
l 8803 8804
l 8804 8805
l 8805 8806
l 8806 8807
l 8807 8808
l 8808 8809
l 8809 8810
l 8810 8811
l 8811 8812
l 8812 8813
l 8813 8814
l 8814 8815
l 8815 8816
l 8816 8817
l 8817 8818
l 8818 8819
l 8819 8820
l 8820 8821
l 8821 8822
l 8822 8823
l 8823 8824
l 8824 8825
l 8825 8826
l 8826 8827
l 8827 8828
l 8828 8829
l 8830 8831
l 8831 8832
l 8832 8833
l 8833 8834
l 8834 8835
l 8835 8836
l 8836 8837
l 8837 8838
l 8838 8839
l 8839 8840
l 8840 8841
l 8841 8842
l 8842 8843
l 8843 8844
l 8844 8845
l 8845 8846
l 8846 8847
l 8847 8848
l 8848 8849
l 8849 8850
l 8850 8851
l 8851 8852
l 8852 8853
l 8853 8854
l 8854 8855
l 8855 8856
l 8856 8857
l 8857 8858
l 8858 8859
l 8859 8860
l 8860 8861
l 8861 8862
l 8862 8863
l 8863 8864
l 8864 8865
l 8865 8866
l 8866 8867
l 8867 8868
l 8868 8869
l 8869 8870
l 8870 8871
l 8871 8872
l 8872 8873
l 8873 8874
l 8874 8875
l 8875 8876
l 8876 8877
l 8877 8878
l 8878 8879
l 8879 8880
l 8880 8881
l 8881 8882
l 8882 8883
l 8883 8884
l 8884 8885
l 8885 8886
l 8886 8887
l 8887 8888
l 8888 8889
l 8889 8890
l 8890 8891
l 8891 8892
l 8892 8893
l 8893 8894
l 8894 8895
l 8895 8896
l 8896 8897
l 8897 8898
l 8898 8899
l 8899 8900
l 8900 8901
l 8901 8902
l 8902 8903
l 8903 8904
l 8904 8905
l 8905 8906
l 8906 8907
l 8907 8908
l 8908 8909
l 8909 8910
l 8911 8912
l 8912 8913
l 8913 8914
l 8914 8915
l 8915 8916
l 8916 8917
l 8917 8918
l 8918 8919
l 8919 8920
l 8920 8921
l 8921 8922
l 8922 8923
l 8923 8924
l 8924 8925
l 8925 8926
l 8926 8927
l 8927 8928
l 8928 8929
l 8929 8930
l 8930 8931
l 8931 8932
l 8932 8933
l 8933 8934
l 8934 8935
l 8935 8936
l 8936 8937
l 8937 8938
l 8938 8939
l 8939 8940
l 8940 8941
l 8941 8942
l 8942 8943
l 8943 8944
l 8944 8945
l 8945 8946
l 8946 8947
l 8947 8948
l 8948 8949
l 8949 8950
l 8950 8951
l 8951 8952
l 8952 8953
l 8953 8954
l 8954 8955
l 8955 8956
l 8956 8957
l 8957 8958
l 8958 8959
l 8959 8960
l 8960 8961
l 8961 8962
l 8962 8963
l 8963 8964
l 8964 8965
l 8965 8966
l 8966 8967
l 8967 8968
l 8968 8969
l 8969 8970
l 8970 8971
l 8971 8972
l 8972 8973
l 8973 8974
l 8974 8975
l 8975 8976
l 8976 8977
l 8977 8978
l 8978 8979
l 8979 8980
l 8980 8981
l 8981 8982
l 8982 8983
l 8983 8984
l 8984 8985
l 8985 8986
l 8986 8987
l 8987 8988
l 8988 8989
l 8989 8990
l 8990 8991

l 8992 8993
l 8993 8994
l 8994 8995
l 8995 8996
l 8996 8997
l 8997 8998
l 8998 8999
l 8999 9000
l 9000 9001
l 9001 9002
l 9002 9003
l 9003 9004
l 9004 9005
l 9005 9006
l 9006 9007
l 9007 9008
l 9008 9009
l 9009 9010
l 9010 9011
l 9011 9012
l 9012 9013
l 9013 9014
l 9014 9015
l 9015 9016
l 9016 9017
l 9017 9018
l 9018 9019
l 9019 9020
l 9020 9021
l 9021 9022
l 9022 9023
l 9023 9024
l 9024 9025
l 9025 9026
l 9026 9027
l 9027 9028
l 9028 9029
l 9029 9030
l 9030 9031
l 9031 9032
l 9032 9033
l 9033 9034
l 9034 9035
l 9035 9036
l 9036 9037
l 9037 9038
l 9038 9039
l 9039 9040
l 9040 9041
l 9041 9042
l 9042 9043
l 9043 9044
l 9044 9045
l 9045 9046
l 9046 9047
l 9047 9048
l 9048 9049
l 9049 9050
l 9050 9051
l 9051 9052
l 9052 9053
l 9053 9054
l 9054 9055
l 9055 9056
l 9057 9058
l 9058 9059
l 9059 9060
l 9060 9061
l 9061 9062
l 9062 9063
l 9063 9064
l 9064 9065
l 9065 9066
l 9066 9067
l 9067 9068
l 9068 9069
l 9069 9070
l 9070 9071
l 9071 9072
l 9072 9073
l 9073 9074
l 9074 9075
l 9075 9076
l 9076 9077
l 9077 9078
l 9078 9079
l 9079 9080
l 9080 9081
l 9081 9082
l 9082 9083
l 9083 9084
l 9084 9085
l 9085 9086
l 9086 9087
l 9087 9088
l 9088 9089
l 9089 9090
l 9090 9091
l 9091 9092
l 9092 9093
l 9093 9094
l 9094 9095
l 9095 9096
l 9096 9097
l 9097 9098
l 9098 9099
l 9099 9100
l 9100 9101
l 9101 9102
l 9102 9103
l 9103 9104
l 9104 9105
l 9105 9106
l 9106 9107
l 9107 9108
l 9108 9109
l 9109 9110
l 9110 9111
l 9111 9112
l 9112 9113
l 9113 9114
l 9114 9115
l 9115 9116
l 9116 9117
l 9117 9118
l 9118 9119
l 9119 9120
l 9120 9121
l 9122 9123
l 9123 9124
l 9124 9125
l 9125 9126
l 9126 9127
l 9127 9128
l 9128 9129
l 9129 9130
l 9130 9131
l 9131 9132
l 9132 9133
l 9133 9134
l 9134 9135
l 9135 9136
l 9136 9137
l 9137 9138
l 9138 9139
l 9139 9140
l 9140 9141
l 9141 9142
l 9142 9143
l 9143 9144
l 9144 9145
l 9145 9146
l 9146 9147
l 9147 9148
l 9148 9149
l 9149 9150
l 9150 9151
l 9151 9152
l 9152 9153
l 9153 9154
l 9154 9155
l 9155 9156
l 9156 9157
l 9157 9158
l 9158 9159
l 9159 9160
l 9160 9161
l 9161 9162
l 9162 9163
l 9163 9164
l 9164 9165
l 9165 9166
l 9166 9167
l 9167 9168
l 9168 9169
l 9169 9170
l 9170 9171
l 9171 9172
l 9172 9173
l 9173 9174
l 9174 9175
l 9175 9176
l 9176 9177
l 9177 9178
l 9178 9179
l 9179 9180
l 9180 9181
l 9181 9182
l 9182 9183
l 9183 9184
l 9184 9185
l 9185 9186
l 9187 9188
l 9188 9189
l 9189 9190
l 9190 9191
l 9191 9192
l 9192 9193
l 9193 9194
l 9194 9195
l 9195 9196
l 9196 9197
l 9197 9198
l 9198 9199
l 9199 9200
l 9200 9201
l 9201 9202
l 9202 9203
l 9203 9204
l 9204 9205
l 9205 9206
l 9206 9207
l 9207 9208
l 9208 9209
l 9209 9210
l 9210 9211
l 9211 9212
l 9212 9213
l 9213 9214
l 9214 9215
l 9215 9216
l 9216 9217
l 9217 9218
l 9218 9219
l 9219 9220
l 9220 9221
l 9221 9222
l 9222 9223
l 9223 9224
l 9224 9225
l 9225 9226
l 9226 9227
l 9227 9228
l 9228 9229
l 9229 9230
l 9230 9231
l 9231 9232
l 9232 9233
l 9233 9234
l 9234 9235
l 9235 9236
l 9236 9237
l 9237 9238
l 9238 9239
l 9239 9240
l 9240 9241
l 9241 9242
l 9242 9243
l 9243 9244
l 9244 9245
l 9245 9246
l 9246 9247
l 9247 9248
l 9248 9249
l 9249 9250
l 9250 9251

l 9252 9253
l 9253 9254
l 9254 9255
l 9255 9256
l 9256 9257
l 9257 9258
l 9258 9259
l 9259 9260
l 9260 9261
l 9261 9262
l 9262 9263
l 9263 9264
l 9264 9265
l 9265 9266
l 9266 9267
l 9267 9268
l 9268 9269
l 9269 9270
l 9270 9271
l 9271 9272
l 9272 9273
l 9273 9274
l 9274 9275
l 9275 9276
l 9276 9277
l 9277 9278
l 9278 9279
l 9279 9280
l 9280 9281
l 9281 9282
l 9282 9283
l 9283 9284
l 9284 9285
l 9285 9286
l 9286 9287
l 9287 9288
l 9288 9289
l 9289 9290
l 9290 9291
l 9291 9292
l 9292 9293
l 9293 9294
l 9294 9295
l 9295 9296
l 9296 9297
l 9297 9298
l 9298 9299
l 9299 9300
l 9300 9301
l 9301 9302
l 9302 9303
l 9303 9304
l 9304 9305
l 9305 9306
l 9306 9307
l 9307 9308
l 9308 9309
l 9309 9310
l 9310 9311
l 9311 9312
l 9312 9313
l 9313 9314
l 9314 9315
l 9315 9316
l 9317 9318
l 9318 9319
l 9319 9320
l 9320 9321
l 9321 9322
l 9322 9323
l 9323 9324
l 9324 9325
l 9325 9326
l 9326 9327
l 9327 9328
l 9328 9329
l 9329 9330
l 9330 9331
l 9331 9332
l 9332 9333
l 9333 9334
l 9334 9335
l 9335 9336
l 9336 9337
l 9337 9338
l 9338 9339
l 9339 9340
l 9340 9341
l 9341 9342
l 9342 9343
l 9343 9344
l 9344 9345
l 9345 9346
l 9346 9347
l 9347 9348
l 9348 9349
l 9349 9350
l 9350 9351
l 9351 9352
l 9352 9353
l 9353 9354
l 9354 9355
l 9355 9356
l 9356 9357
l 9357 9358
l 9358 9359
l 9359 9360
l 9360 9361
l 9361 9362
l 9362 9363
l 9363 9364
l 9364 9365
l 9365 9366
l 9366 9367
l 9367 9368
l 9368 9369
l 9369 9370
l 9370 9371
l 9371 9372
l 9372 9373
l 9373 9374
l 9374 9375
l 9375 9376
l 9376 9377
l 9377 9378
l 9378 9379
l 9379 9380
l 9380 9381
l 9382 9383
l 9383 9384
l 9384 9385
l 9385 9386
l 9386 9387
l 9387 9388
l 9388 9389
l 9389 9390
l 9390 9391
l 9391 9392
l 9392 9393
l 9393 9394
l 9394 9395
l 9395 9396
l 9396 9397
l 9397 9398
l 9398 9399
l 9399 9400
l 9400 9401
l 9401 9402
l 9402 9403
l 9403 9404
l 9404 9405
l 9405 9406
l 9406 9407
l 9407 9408
l 9408 9409
l 9409 9410
l 9410 9411
l 9411 9412
l 9412 9413
l 9413 9414
l 9414 9415
l 9415 9416
l 9416 9417
l 9417 9418
l 9418 9419
l 9419 9420
l 9420 9421
l 9421 9422
l 9422 9423
l 9423 9424
l 9424 9425
l 9425 9426
l 9426 9427
l 9427 9428
l 9428 9429
l 9429 9430
l 9430 9431
l 9431 9432
l 9432 9433
l 9433 9434
l 9434 9435
l 9435 9436
l 9436 9437
l 9437 9438
l 9438 9439
l 9439 9440
l 9440 9441
l 9441 9442
l 9442 9443
l 9443 9444
l 9444 9445
l 9445 9446
l 9447 9448
l 9448 9449
l 9449 9450
l 9450 9451
l 9451 9452
l 9452 9453
l 9453 9454
l 9454 9455
l 9455 9456
l 9456 9457
l 9457 9458
l 9458 9459
l 9459 9460
l 9460 9461
l 9461 9462
l 9462 9463
l 9463 9464
l 9464 9465
l 9465 9466
l 9466 9467
l 9467 9468
l 9468 9469
l 9469 9470
l 9470 9471
l 9471 9472
l 9472 9473
l 9473 9474
l 9474 9475
l 9475 9476
l 9476 9477
l 9477 9478
l 9478 9479
l 9479 9480
l 9480 9481
l 9481 9482
l 9482 9483
l 9483 9484
l 9484 9485
l 9485 9486
l 9486 9487
l 9487 9488
l 9488 9489
l 9489 9490
l 9490 9491
l 9491 9492
l 9492 9493
l 9493 9494
l 9494 9495
l 9495 9496
l 9496 9497
l 9497 9498
l 9498 9499
l 9499 9500
l 9500 9501
l 9501 9502
l 9502 9503
l 9503 9504
l 9504 9505
l 9505 9506
l 9506 9507
l 9507 9508
l 9508 9509
l 9509 9510
l 9510 9511

l 9512 9513
l 9513 9514
l 9514 9515
l 9515 9516
l 9516 9517
l 9517 9518
l 9518 9519
l 9519 9520
l 9520 9521
l 9521 9522
l 9522 9523
l 9523 9524
l 9524 9525
l 9525 9526
l 9526 9527
l 9527 9528
l 9528 9529
l 9529 9530
l 9530 9531
l 9531 9532
l 9532 9533
l 9533 9534
l 9534 9535
l 9535 9536
l 9536 9537
l 9537 9538
l 9538 9539
l 9539 9540
l 9540 9541
l 9541 9542
l 9542 9543
l 9543 9544
l 9544 9545
l 9545 9546
l 9546 9547
l 9547 9548
l 9548 9549
l 9549 9550
l 9550 9551
l 9551 9552
l 9552 9553
l 9553 9554
l 9554 9555
l 9555 9556
l 9556 9557
l 9557 9558
l 9558 9559
l 9559 9560
l 9560 9561
l 9561 9562
l 9562 9563
l 9563 9564
l 9564 9565
l 9565 9566
l 9566 9567
l 9567 9568
l 9568 9569
l 9569 9570
l 9570 9571
l 9571 9572
l 9572 9573
l 9573 9574
l 9574 9575
l 9575 9576
l 9577 9578
l 9578 9579
l 9579 9580
l 9580 9581
l 9581 9582
l 9582 9583
l 9583 9584
l 9584 9585
l 9585 9586
l 9586 9587
l 9587 9588
l 9588 9589
l 9589 9590
l 9590 9591
l 9591 9592
l 9592 9593
l 9593 9594
l 9594 9595
l 9595 9596
l 9596 9597
l 9597 9598
l 9598 9599
l 9599 9600
l 9600 9601
l 9601 9602
l 9602 9603
l 9603 9604
l 9604 9605
l 9605 9606
l 9606 9607
l 9607 9608
l 9608 9609
l 9609 9610
l 9610 9611
l 9611 9612
l 9612 9613
l 9613 9614
l 9614 9615
l 9615 9616
l 9616 9617
l 9617 9618
l 9618 9619
l 9619 9620
l 9620 9621
l 9621 9622
l 9622 9623
l 9623 9624
l 9624 9625
l 9625 9626
l 9626 9627
l 9627 9628
l 9628 9629
l 9629 9630
l 9630 9631
l 9631 9632
l 9632 9633
l 9633 9634
l 9634 9635
l 9635 9636
l 9636 9637
l 9637 9638
l 9638 9639
l 9639 9640
l 9640 9641
l 9642 9643
l 9643 9644
l 9644 9645
l 9645 9646
l 9646 9647
l 9647 9648
l 9648 9649
l 9649 9650
l 9650 9651
l 9651 9652
l 9652 9653
l 9653 9654
l 9654 9655
l 9655 9656
l 9656 9657
l 9657 9658
l 9658 9659
l 9659 9660
l 9660 9661
l 9661 9662
l 9662 9663
l 9663 9664
l 9664 9665
l 9665 9666
l 9666 9667
l 9667 9668
l 9668 9669
l 9669 9670
l 9670 9671
l 9671 9672
l 9672 9673
l 9673 9674
l 9674 9675
l 9675 9676
l 9676 9677
l 9677 9678
l 9678 9679
l 9679 9680
l 9680 9681
l 9681 9682
l 9682 9683
l 9683 9684
l 9684 9685
l 9685 9686
l 9686 9687
l 9687 9688
l 9688 9689
l 9689 9690
l 9690 9691
l 9691 9692
l 9692 9693
l 9693 9694
l 9694 9695
l 9695 9696
l 9696 9697
l 9697 9698
l 9698 9699
l 9699 9700
l 9700 9701
l 9701 9702
l 9702 9703
l 9703 9704
l 9704 9705
l 9705 9706
l 9707 9708
l 9708 9709
l 9709 9710
l 9710 9711
l 9711 9712
l 9712 9713
l 9713 9714
l 9714 9715
l 9715 9716
l 9716 9717
l 9717 9718
l 9718 9719
l 9719 9720
l 9720 9721
l 9721 9722
l 9722 9723
l 9723 9724
l 9724 9725
l 9725 9726
l 9726 9727
l 9727 9728
l 9728 9729
l 9729 9730
l 9730 9731
l 9731 9732
l 9732 9733
l 9733 9734
l 9734 9735
l 9735 9736
l 9736 9737
l 9737 9738
l 9738 9739
l 9739 9740
l 9740 9741
l 9741 9742
l 9742 9743
l 9743 9744
l 9744 9745
l 9745 9746
l 9746 9747
l 9747 9748
l 9748 9749
l 9749 9750
l 9750 9751
l 9751 9752
l 9752 9753
l 9753 9754
l 9754 9755
l 9755 9756
l 9756 9757
l 9757 9758
l 9758 9759
l 9759 9760
l 9760 9761
l 9761 9762
l 9762 9763
l 9763 9764
l 9764 9765
l 9765 9766
l 9766 9767
l 9767 9768
l 9768 9769
l 9769 9770
l 9770 9771

l 9772 9773
l 9773 9774
l 9774 9775
l 9775 9776
l 9776 9777
l 9777 9778
l 9778 9779
l 9779 9780
l 9780 9781
l 9781 9782
l 9782 9783
l 9783 9784
l 9784 9785
l 9785 9786
l 9786 9787
l 9787 9788
l 9788 9789
l 9789 9790
l 9790 9791
l 9791 9792
l 9792 9793
l 9793 9794
l 9794 9795
l 9795 9796
l 9796 9797
l 9797 9798
l 9798 9799
l 9799 9800
l 9800 9801
l 9801 9802
l 9802 9803
l 9803 9804
l 9804 9805
l 9805 9806
l 9806 9807
l 9807 9808
l 9808 9809
l 9809 9810
l 9810 9811
l 9811 9812
l 9812 9813
l 9813 9814
l 9814 9815
l 9815 9816
l 9816 9817
l 9817 9818
l 9818 9819
l 9819 9820
l 9820 9821
l 9821 9822
l 9822 9823
l 9823 9824
l 9824 9825
l 9825 9826
l 9826 9827
l 9827 9828
l 9828 9829
l 9829 9830
l 9830 9831
l 9831 9832
l 9832 9833
l 9833 9834
l 9834 9835
l 9835 9836
l 9837 9838
l 9838 9839
l 9839 9840
l 9840 9841
l 9841 9842
l 9842 9843
l 9843 9844
l 9844 9845
l 9845 9846
l 9846 9847
l 9847 9848
l 9848 9849
l 9849 9850
l 9850 9851
l 9851 9852
l 9852 9853
l 9853 9854
l 9854 9855
l 9855 9856
l 9856 9857
l 9857 9858
l 9858 9859
l 9859 9860
l 9860 9861
l 9861 9862
l 9862 9863
l 9863 9864
l 9864 9865
l 9865 9866
l 9866 9867
l 9867 9868
l 9868 9869
l 9869 9870
l 9870 9871
l 9871 9872
l 9872 9873
l 9873 9874
l 9874 9875
l 9875 9876
l 9876 9877
l 9877 9878
l 9878 9879
l 9879 9880
l 9880 9881
l 9881 9882
l 9882 9883
l 9883 9884
l 9884 9885
l 9885 9886
l 9886 9887
l 9887 9888
l 9888 9889
l 9889 9890
l 9890 9891
l 9891 9892
l 9892 9893
l 9893 9894
l 9894 9895
l 9895 9896
l 9896 9897
l 9897 9898
l 9898 9899
l 9899 9900
l 9900 9901
l 9902 9903
l 9903 9904
l 9904 9905
l 9905 9906
l 9906 9907
l 9907 9908
l 9908 9909
l 9909 9910
l 9910 9911
l 9911 9912
l 9912 9913
l 9913 9914
l 9914 9915
l 9915 9916
l 9916 9917
l 9917 9918
l 9918 9919
l 9919 9920
l 9920 9921
l 9921 9922
l 9922 9923
l 9923 9924
l 9924 9925
l 9925 9926
l 9926 9927
l 9927 9928
l 9928 9929
l 9929 9930
l 9930 9931
l 9931 9932
l 9932 9933
l 9933 9934
l 9934 9935
l 9935 9936
l 9936 9937
l 9937 9938
l 9938 9939
l 9939 9940
l 9940 9941
l 9941 9942
l 9942 9943
l 9943 9944
l 9944 9945
l 9945 9946
l 9946 9947
l 9947 9948
l 9948 9949
l 9949 9950
l 9950 9951
l 9951 9952
l 9952 9953
l 9953 9954
l 9954 9955
l 9955 9956
l 9956 9957
l 9957 9958
l 9958 9959
l 9959 9960
l 9960 9961
l 9961 9962
l 9962 9963
l 9963 9964
l 9964 9965
l 9965 9966
l 9967 9968
l 9968 9969
l 9969 9970
l 9970 9971
l 9971 9972
l 9972 9973
l 9973 9974
l 9974 9975
l 9975 9976
l 9976 9977
l 9977 9978
l 9978 9979
l 9979 9980
l 9980 9981
l 9981 9982
l 9982 9983
l 9983 9984
l 9984 9985
l 9985 9986
l 9986 9987
l 9987 9988
l 9988 9989
l 9989 9990
l 9990 9991
l 9991 9992
l 9992 9993
l 9993 9994
l 9994 9995
l 9995 9996
l 9996 9997
l 9997 9998
l 9998 9999
l 9999 10000
l 10000 10001
l 10001 10002
l 10002 10003
l 10003 10004
l 10004 10005
l 10005 10006
l 10006 10007
l 10007 10008
l 10008 10009
l 10009 10010
l 10010 10011
l 10011 10012
l 10012 10013
l 10013 10014
l 10014 10015
l 10015 10016
l 10016 10017
l 10017 10018
l 10018 10019
l 10019 10020
l 10020 10021
l 10021 10022
l 10022 10023
l 10023 10024
l 10024 10025
l 10025 10026
l 10026 10027
l 10027 10028
l 10028 10029
l 10029 10030
l 10030 10031

l 10032 10033
l 10033 10034
l 10034 10035
l 10035 10036
l 10036 10037
l 10037 10038
l 10038 10039
l 10039 10040
l 10040 10041
l 10041 10042
l 10042 10043
l 10043 10044
l 10044 10045
l 10045 10046
l 10046 10047
l 10047 10048
l 10048 10049
l 10049 10050
l 10050 10051
l 10051 10052
l 10052 10053
l 10053 10054
l 10054 10055
l 10055 10056
l 10056 10057
l 10057 10058
l 10058 10059
l 10059 10060
l 10060 10061
l 10061 10062
l 10062 10063
l 10063 10064
l 10064 10065
l 10065 10066
l 10066 10067
l 10067 10068
l 10068 10069
l 10069 10070
l 10070 10071
l 10071 10072
l 10072 10073
l 10073 10074
l 10074 10075
l 10075 10076
l 10076 10077
l 10077 10078
l 10078 10079
l 10079 10080
l 10080 10081
l 10081 10082
l 10082 10083
l 10083 10084
l 10084 10085
l 10085 10086
l 10086 10087
l 10087 10088
l 10088 10089
l 10089 10090
l 10090 10091
l 10091 10092
l 10092 10093
l 10093 10094
l 10094 10095
l 10095 10096
l 10097 10098
l 10098 10099
l 10099 10100
l 10100 10101
l 10101 10102
l 10102 10103
l 10103 10104
l 10104 10105
l 10105 10106
l 10106 10107
l 10107 10108
l 10108 10109
l 10109 10110
l 10110 10111
l 10111 10112
l 10112 10113
l 10113 10114
l 10114 10115
l 10115 10116
l 10116 10117
l 10117 10118
l 10118 10119
l 10119 10120
l 10120 10121
l 10121 10122
l 10122 10123
l 10123 10124
l 10124 10125
l 10125 10126
l 10126 10127
l 10127 10128
l 10128 10129
l 10129 10130
l 10130 10131
l 10131 10132
l 10132 10133
l 10133 10134
l 10134 10135
l 10135 10136
l 10136 10137
l 10137 10138
l 10138 10139
l 10139 10140
l 10140 10141
l 10141 10142
l 10142 10143
l 10143 10144
l 10144 10145
l 10145 10146
l 10146 10147
l 10147 10148
l 10148 10149
l 10149 10150
l 10150 10151
l 10151 10152
l 10152 10153
l 10153 10154
l 10154 10155
l 10155 10156
l 10156 10157
l 10157 10158
l 10158 10159
l 10159 10160
l 10160 10161
l 10162 10163
l 10163 10164
l 10164 10165
l 10165 10166
l 10166 10167
l 10167 10168
l 10168 10169
l 10169 10170
l 10170 10171
l 10171 10172
l 10172 10173
l 10173 10174
l 10174 10175
l 10175 10176
l 10176 10177
l 10177 10178
l 10178 10179
l 10179 10180
l 10180 10181
l 10181 10182
l 10182 10183
l 10183 10184
l 10184 10185
l 10185 10186
l 10186 10187
l 10187 10188
l 10188 10189
l 10189 10190
l 10190 10191
l 10191 10192
l 10192 10193
l 10193 10194
l 10194 10195
l 10195 10196
l 10196 10197
l 10197 10198
l 10198 10199
l 10199 10200
l 10200 10201
l 10201 10202
l 10202 10203
l 10203 10204
l 10204 10205
l 10205 10206
l 10206 10207
l 10207 10208
l 10208 10209
l 10209 10210
l 10210 10211
l 10211 10212
l 10212 10213
l 10213 10214
l 10214 10215
l 10215 10216
l 10216 10217
l 10217 10218
l 10218 10219
l 10219 10220
l 10220 10221
l 10221 10222
l 10222 10223
l 10223 10224
l 10224 10225
l 10225 10226
l 10227 10228
l 10228 10229
l 10229 10230
l 10230 10231
l 10231 10232
l 10232 10233
l 10233 10234
l 10234 10235
l 10235 10236
l 10236 10237
l 10237 10238
l 10238 10239
l 10239 10240
l 10240 10241
l 10241 10242
l 10242 10243
l 10243 10244
l 10244 10245
l 10245 10246
l 10246 10247
l 10247 10248
l 10248 10249
l 10249 10250
l 10250 10251
l 10251 10252
l 10252 10253
l 10253 10254
l 10254 10255
l 10255 10256
l 10256 10257
l 10257 10258
l 10258 10259
l 10259 10260
l 10260 10261
l 10261 10262
l 10262 10263
l 10263 10264
l 10264 10265
l 10265 10266
l 10266 10267
l 10267 10268
l 10268 10269
l 10269 10270
l 10270 10271
l 10271 10272
l 10272 10273
l 10273 10274
l 10274 10275
l 10275 10276
l 10276 10277
l 10277 10278
l 10278 10279
l 10279 10280
l 10280 10281
l 10281 10282
l 10282 10283
l 10283 10284
l 10284 10285
l 10285 10286
l 10286 10287
l 10287 10288
l 10288 10289
l 10289 10290
l 10290 10291

l 10292 10293
l 10293 10294
l 10294 10295
l 10295 10296
l 10296 10297
l 10297 10298
l 10298 10299
l 10299 10300
l 10300 10301
l 10301 10302
l 10302 10303
l 10303 10304
l 10304 10305
l 10305 10306
l 10306 10307
l 10307 10308
l 10308 10309
l 10309 10310
l 10310 10311
l 10311 10312
l 10312 10313
l 10313 10314
l 10314 10315
l 10315 10316
l 10316 10317
l 10317 10318
l 10318 10319
l 10319 10320
l 10320 10321
l 10321 10322
l 10322 10323
l 10323 10324
l 10324 10325
l 10325 10326
l 10326 10327
l 10327 10328
l 10328 10329
l 10329 10330
l 10330 10331
l 10331 10332
l 10332 10333
l 10333 10334
l 10334 10335
l 10335 10336
l 10336 10337
l 10337 10338
l 10338 10339
l 10339 10340
l 10340 10341
l 10341 10342
l 10342 10343
l 10343 10344
l 10344 10345
l 10345 10346
l 10346 10347
l 10347 10348
l 10348 10349
l 10349 10350
l 10350 10351
l 10351 10352
l 10352 10353
l 10353 10354
l 10354 10355
l 10355 10356
l 10357 10358
l 10358 10359
l 10359 10360
l 10360 10361
l 10361 10362
l 10362 10363
l 10363 10364
l 10364 10365
l 10365 10366
l 10366 10367
l 10367 10368
l 10368 10369
l 10369 10370
l 10370 10371
l 10371 10372
l 10372 10373
l 10373 10374
l 10374 10375
l 10375 10376
l 10376 10377
l 10377 10378
l 10378 10379
l 10379 10380
l 10380 10381
l 10381 10382
l 10382 10383
l 10383 10384
l 10384 10385
l 10385 10386
l 10386 10387
l 10387 10388
l 10388 10389
l 10389 10390
l 10390 10391
l 10391 10392
l 10392 10393
l 10393 10394
l 10394 10395
l 10395 10396
l 10396 10397
l 10397 10398
l 10398 10399
l 10399 10400
l 10400 10401
l 10401 10402
l 10402 10403
l 10403 10404
l 10404 10405
l 10405 10406
l 10406 10407
l 10407 10408
l 10408 10409
l 10409 10410
l 10410 10411
l 10411 10412
l 10412 10413
l 10413 10414
l 10414 10415
l 10415 10416
l 10416 10417
l 10417 10418
l 10418 10419
l 10419 10420
l 10420 10421
l 10422 10423
l 10423 10424
l 10424 10425
l 10425 10426
l 10426 10427
l 10427 10428
l 10428 10429
l 10429 10430
l 10430 10431
l 10431 10432
l 10432 10433
l 10433 10434
l 10434 10435
l 10435 10436
l 10436 10437
l 10437 10438
l 10438 10439
l 10439 10440
l 10440 10441
l 10441 10442
l 10442 10443
l 10443 10444
l 10444 10445
l 10445 10446
l 10446 10447
l 10447 10448
l 10448 10449
l 10449 10450
l 10450 10451
l 10451 10452
l 10452 10453
l 10453 10454
l 10454 10455
l 10455 10456
l 10456 10457
l 10457 10458
l 10458 10459
l 10459 10460
l 10460 10461
l 10461 10462
l 10462 10463
l 10463 10464
l 10464 10465
l 10465 10466
l 10466 10467
l 10467 10468
l 10468 10469
l 10469 10470
l 10470 10471
l 10471 10472
l 10472 10473
l 10473 10474
l 10474 10475
l 10475 10476
l 10476 10477
l 10477 10478
l 10478 10479
l 10479 10480
l 10480 10481
l 10481 10482
l 10482 10483
l 10483 10484
l 10484 10485
l 10485 10486
l 10487 10488
l 10488 10489
l 10489 10490
l 10490 10491
l 10491 10492
l 10492 10493
l 10493 10494
l 10494 10495
l 10495 10496
l 10496 10497
l 10497 10498
l 10498 10499
l 10499 10500
l 10500 10501
l 10501 10502
l 10502 10503
l 10503 10504
l 10504 10505
l 10505 10506
l 10506 10507
l 10507 10508
l 10508 10509
l 10509 10510
l 10510 10511
l 10511 10512
l 10512 10513
l 10513 10514
l 10514 10515
l 10515 10516
l 10516 10517
l 10517 10518
l 10518 10519
l 10519 10520
l 10520 10521
l 10521 10522
l 10522 10523
l 10523 10524
l 10524 10525
l 10525 10526
l 10526 10527
l 10527 10528
l 10528 10529
l 10529 10530
l 10530 10531
l 10531 10532
l 10532 10533
l 10533 10534
l 10534 10535
l 10535 10536
l 10536 10537
l 10537 10538
l 10538 10539
l 10539 10540
l 10540 10541
l 10541 10542
l 10542 10543
l 10543 10544
l 10544 10545
l 10545 10546
l 10546 10547
l 10547 10548
l 10548 10549
l 10549 10550
l 10550 10551

l 10552 10553
l 10553 10554
l 10554 10555
l 10555 10556
l 10556 10557
l 10557 10558
l 10558 10559
l 10559 10560
l 10560 10561
l 10561 10562
l 10562 10563
l 10563 10564
l 10564 10565
l 10565 10566
l 10566 10567
l 10567 10568
l 10568 10569
l 10569 10570
l 10570 10571
l 10571 10572
l 10572 10573
l 10573 10574
l 10574 10575
l 10575 10576
l 10576 10577
l 10577 10578
l 10578 10579
l 10579 10580
l 10580 10581
l 10581 10582
l 10582 10583
l 10583 10584
l 10584 10585
l 10585 10586
l 10586 10587
l 10587 10588
l 10588 10589
l 10589 10590
l 10590 10591
l 10591 10592
l 10592 10593
l 10593 10594
l 10594 10595
l 10595 10596
l 10596 10597
l 10597 10598
l 10598 10599
l 10599 10600
l 10600 10601
l 10601 10602
l 10602 10603
l 10603 10604
l 10604 10605
l 10605 10606
l 10606 10607
l 10607 10608
l 10608 10609
l 10609 10610
l 10610 10611
l 10611 10612
l 10612 10613
l 10613 10614
l 10614 10615
l 10615 10616
l 10617 10618
l 10618 10619
l 10619 10620
l 10620 10621
l 10621 10622
l 10622 10623
l 10623 10624
l 10624 10625
l 10625 10626
l 10626 10627
l 10627 10628
l 10628 10629
l 10629 10630
l 10630 10631
l 10631 10632
l 10632 10633
l 10633 10634
l 10634 10635
l 10635 10636
l 10636 10637
l 10637 10638
l 10638 10639
l 10639 10640
l 10640 10641
l 10641 10642
l 10642 10643
l 10643 10644
l 10644 10645
l 10645 10646
l 10646 10647
l 10647 10648
l 10648 10649
l 10649 10650
l 10650 10651
l 10651 10652
l 10652 10653
l 10653 10654
l 10654 10655
l 10655 10656
l 10656 10657
l 10657 10658
l 10658 10659
l 10659 10660
l 10660 10661
l 10661 10662
l 10662 10663
l 10663 10664
l 10664 10665
l 10665 10666
l 10666 10667
l 10667 10668
l 10668 10669
l 10669 10670
l 10670 10671
l 10671 10672
l 10672 10673
l 10673 10674
l 10674 10675
l 10675 10676
l 10676 10677
l 10677 10678
l 10678 10679
l 10679 10680
l 10680 10681
l 10682 10683
l 10683 10684
l 10684 10685
l 10685 10686
l 10686 10687
l 10687 10688
l 10688 10689
l 10689 10690
l 10690 10691
l 10691 10692
l 10692 10693
l 10693 10694
l 10694 10695
l 10695 10696
l 10696 10697
l 10697 10698
l 10698 10699
l 10699 10700
l 10700 10701
l 10701 10702
l 10702 10703
l 10703 10704
l 10704 10705
l 10705 10706
l 10706 10707
l 10707 10708
l 10708 10709
l 10709 10710
l 10710 10711
l 10711 10712
l 10712 10713
l 10713 10714
l 10714 10715
l 10715 10716
l 10716 10717
l 10717 10718
l 10718 10719
l 10719 10720
l 10720 10721
l 10721 10722
l 10722 10723
l 10723 10724
l 10724 10725
l 10725 10726
l 10726 10727
l 10727 10728
l 10728 10729
l 10729 10730
l 10730 10731
l 10731 10732
l 10732 10733
l 10733 10734
l 10734 10735
l 10735 10736
l 10736 10737
l 10737 10738
l 10738 10739
l 10739 10740
l 10740 10741
l 10741 10742
l 10742 10743
l 10743 10744
l 10744 10745
l 10745 10746
l 10747 10748
l 10748 10749
l 10749 10750
l 10750 10751
l 10751 10752
l 10752 10753
l 10753 10754
l 10754 10755
l 10755 10756
l 10756 10757
l 10757 10758
l 10758 10759
l 10759 10760
l 10760 10761
l 10761 10762
l 10762 10763
l 10763 10764
l 10764 10765
l 10765 10766
l 10766 10767
l 10767 10768
l 10768 10769
l 10769 10770
l 10770 10771
l 10771 10772
l 10772 10773
l 10773 10774
l 10774 10775
l 10775 10776
l 10776 10777
l 10777 10778
l 10778 10779
l 10779 10780
l 10780 10781
l 10781 10782
l 10782 10783
l 10783 10784
l 10784 10785
l 10785 10786
l 10786 10787
l 10787 10788
l 10788 10789
l 10789 10790
l 10790 10791
l 10791 10792
l 10792 10793
l 10793 10794
l 10794 10795
l 10795 10796
l 10796 10797
l 10797 10798
l 10798 10799
l 10799 10800
l 10800 10801
l 10801 10802
l 10802 10803
l 10803 10804
l 10804 10805
l 10805 10806
l 10806 10807
l 10807 10808
l 10808 10809
l 10809 10810
l 10810 10811

l 10812 10813
l 10813 10814
l 10814 10815
l 10815 10816
l 10816 10817
l 10817 10818
l 10818 10819
l 10819 10820
l 10820 10821
l 10821 10822
l 10822 10823
l 10823 10824
l 10824 10825
l 10825 10826
l 10826 10827
l 10827 10828
l 10828 10829
l 10829 10830
l 10830 10831
l 10831 10832
l 10832 10833
l 10833 10834
l 10834 10835
l 10835 10836
l 10836 10837
l 10837 10838
l 10838 10839
l 10839 10840
l 10840 10841
l 10841 10842
l 10842 10843
l 10843 10844
l 10844 10845
l 10845 10846
l 10846 10847
l 10847 10848
l 10848 10849
l 10849 10850
l 10850 10851
l 10851 10852
l 10852 10853
l 10853 10854
l 10854 10855
l 10855 10856
l 10856 10857
l 10857 10858
l 10858 10859
l 10859 10860
l 10860 10861
l 10861 10862
l 10862 10863
l 10863 10864
l 10864 10865
l 10865 10866
l 10866 10867
l 10867 10868
l 10868 10869
l 10869 10870
l 10870 10871
l 10871 10872
l 10872 10873
l 10873 10874
l 10874 10875
l 10875 10876
l 10877 10878
l 10878 10879
l 10879 10880
l 10880 10881
l 10881 10882
l 10882 10883
l 10883 10884
l 10884 10885
l 10885 10886
l 10886 10887
l 10887 10888
l 10888 10889
l 10889 10890
l 10890 10891
l 10891 10892
l 10892 10893
l 10893 10894
l 10894 10895
l 10895 10896
l 10896 10897
l 10897 10898
l 10898 10899
l 10899 10900
l 10900 10901
l 10901 10902
l 10902 10903
l 10903 10904
l 10904 10905
l 10905 10906
l 10906 10907
l 10907 10908
l 10908 10909
l 10909 10910
l 10910 10911
l 10911 10912
l 10912 10913
l 10913 10914
l 10914 10915
l 10915 10916
l 10916 10917
l 10917 10918
l 10918 10919
l 10919 10920
l 10920 10921
l 10921 10922
l 10922 10923
l 10923 10924
l 10924 10925
l 10925 10926
l 10926 10927
l 10927 10928
l 10928 10929
l 10929 10930
l 10930 10931
l 10931 10932
l 10932 10933
l 10933 10934
l 10934 10935
l 10935 10936
l 10936 10937
l 10937 10938
l 10938 10939
l 10939 10940
l 10940 10941
l 10942 10943
l 10943 10944
l 10944 10945
l 10945 10946
l 10946 10947
l 10947 10948
l 10948 10949
l 10949 10950
l 10950 10951
l 10951 10952
l 10952 10953
l 10953 10954
l 10954 10955
l 10955 10956
l 10956 10957
l 10957 10958
l 10958 10959
l 10959 10960
l 10960 10961
l 10961 10962
l 10962 10963
l 10963 10964
l 10964 10965
l 10965 10966
l 10966 10967
l 10967 10968
l 10968 10969
l 10969 10970
l 10970 10971
l 10971 10972
l 10972 10973
l 10973 10974
l 10974 10975
l 10975 10976
l 10976 10977
l 10977 10978
l 10978 10979
l 10979 10980
l 10980 10981
l 10981 10982
l 10982 10983
l 10983 10984
l 10984 10985
l 10985 10986
l 10986 10987
l 10987 10988
l 10988 10989
l 10989 10990
l 10990 10991
l 10991 10992
l 10992 10993
l 10993 10994
l 10994 10995
l 10995 10996
l 10996 10997
l 10997 10998
l 10998 10999
l 10999 11000
l 11000 11001
l 11001 11002
l 11002 11003
l 11003 11004
l 11004 11005
l 11005 11006
l 11007 11008
l 11008 11009
l 11009 11010
l 11010 11011
l 11011 11012
l 11012 11013
l 11013 11014
l 11014 11015
l 11015 11016
l 11016 11017
l 11017 11018
l 11018 11019
l 11019 11020
l 11020 11021
l 11021 11022
l 11022 11023
l 11023 11024
l 11024 11025
l 11025 11026
l 11026 11027
l 11027 11028
l 11028 11029
l 11029 11030
l 11030 11031
l 11031 11032
l 11032 11033
l 11033 11034
l 11034 11035
l 11035 11036
l 11036 11037
l 11037 11038
l 11038 11039
l 11039 11040
l 11040 11041
l 11041 11042
l 11042 11043
l 11043 11044
l 11044 11045
l 11045 11046
l 11046 11047
l 11047 11048
l 11048 11049
l 11049 11050
l 11050 11051
l 11051 11052
l 11052 11053
l 11053 11054
l 11054 11055
l 11055 11056
l 11056 11057
l 11057 11058
l 11058 11059
l 11059 11060
l 11060 11061
l 11061 11062
l 11062 11063
l 11063 11064
l 11064 11065
l 11065 11066
l 11066 11067
l 11067 11068
l 11068 11069
l 11069 11070
l 11070 11071

l 11072 11073
l 11073 11074
l 11074 11075
l 11075 11076
l 11076 11077
l 11077 11078
l 11078 11079
l 11079 11080
l 11080 11081
l 11081 11082
l 11082 11083
l 11083 11084
l 11084 11085
l 11085 11086
l 11086 11087
l 11087 11088
l 11088 11089
l 11089 11090
l 11090 11091
l 11091 11092
l 11092 11093
l 11093 11094
l 11094 11095
l 11095 11096
l 11096 11097
l 11097 11098
l 11098 11099
l 11099 11100
l 11100 11101
l 11101 11102
l 11102 11103
l 11103 11104
l 11104 11105
l 11105 11106
l 11106 11107
l 11107 11108
l 11108 11109
l 11109 11110
l 11110 11111
l 11111 11112
l 11112 11113
l 11113 11114
l 11114 11115
l 11115 11116
l 11116 11117
l 11117 11118
l 11118 11119
l 11119 11120
l 11120 11121
l 11121 11122
l 11122 11123
l 11123 11124
l 11124 11125
l 11125 11126
l 11126 11127
l 11127 11128
l 11128 11129
l 11129 11130
l 11130 11131
l 11131 11132
l 11132 11133
l 11133 11134
l 11134 11135
l 11135 11136
l 11137 11138
l 11138 11139
l 11139 11140
l 11140 11141
l 11141 11142
l 11142 11143
l 11143 11144
l 11144 11145
l 11145 11146
l 11146 11147
l 11147 11148
l 11148 11149
l 11149 11150
l 11150 11151
l 11151 11152
l 11152 11153
l 11153 11154
l 11154 11155
l 11155 11156
l 11156 11157
l 11157 11158
l 11158 11159
l 11159 11160
l 11160 11161
l 11161 11162
l 11162 11163
l 11163 11164
l 11164 11165
l 11165 11166
l 11166 11167
l 11167 11168
l 11168 11169
l 11169 11170
l 11170 11171
l 11171 11172
l 11172 11173
l 11173 11174
l 11174 11175
l 11175 11176
l 11176 11177
l 11177 11178
l 11178 11179
l 11179 11180
l 11180 11181
l 11181 11182
l 11182 11183
l 11183 11184
l 11184 11185
l 11185 11186
l 11186 11187
l 11187 11188
l 11188 11189
l 11189 11190
l 11190 11191
l 11191 11192
l 11192 11193
l 11193 11194
l 11194 11195
l 11195 11196
l 11196 11197
l 11197 11198
l 11198 11199
l 11199 11200
l 11200 11201
l 11202 11203
l 11203 11204
l 11204 11205
l 11205 11206
l 11206 11207
l 11207 11208
l 11208 11209
l 11209 11210
l 11210 11211
l 11211 11212
l 11212 11213
l 11213 11214
l 11214 11215
l 11215 11216
l 11216 11217
l 11217 11218
l 11218 11219
l 11219 11220
l 11220 11221
l 11221 11222
l 11222 11223
l 11223 11224
l 11224 11225
l 11225 11226
l 11226 11227
l 11227 11228
l 11228 11229
l 11229 11230
l 11230 11231
l 11231 11232
l 11232 11233
l 11233 11234
l 11234 11235
l 11235 11236
l 11236 11237
l 11237 11238
l 11238 11239
l 11239 11240
l 11240 11241
l 11241 11242
l 11242 11243
l 11243 11244
l 11244 11245
l 11245 11246
l 11246 11247
l 11247 11248
l 11248 11249
l 11249 11250
l 11250 11251
l 11251 11252
l 11252 11253
l 11253 11254
l 11254 11255
l 11255 11256
l 11256 11257
l 11257 11258
l 11258 11259
l 11259 11260
l 11260 11261
l 11261 11262
l 11262 11263
l 11263 11264
l 11264 11265
l 11265 11266
l 11267 11268
l 11268 11269
l 11269 11270
l 11270 11271
l 11271 11272
l 11272 11273
l 11273 11274
l 11274 11275
l 11275 11276
l 11276 11277
l 11277 11278
l 11278 11279
l 11279 11280
l 11280 11281
l 11281 11282
l 11282 11283
l 11283 11284
l 11284 11285
l 11285 11286
l 11286 11287
l 11287 11288
l 11288 11289
l 11289 11290
l 11290 11291
l 11291 11292
l 11292 11293
l 11293 11294
l 11294 11295
l 11295 11296
l 11296 11297
l 11297 11298
l 11298 11299
l 11299 11300
l 11300 11301
l 11301 11302
l 11302 11303
l 11303 11304
l 11304 11305
l 11305 11306
l 11306 11307
l 11307 11308
l 11308 11309
l 11309 11310
l 11310 11311
l 11311 11312
l 11312 11313
l 11313 11314
l 11314 11315
l 11315 11316
l 11316 11317
l 11317 11318
l 11318 11319
l 11319 11320
l 11320 11321
l 11321 11322
l 11322 11323
l 11323 11324
l 11324 11325
l 11325 11326
l 11326 11327
l 11327 11328
l 11328 11329
l 11329 11330
l 11330 11331

l 11332 11333
l 11333 11334
l 11334 11335
l 11335 11336
l 11336 11337
l 11337 11338
l 11338 11339
l 11339 11340
l 11340 11341
l 11341 11342
l 11342 11343
l 11343 11344
l 11344 11345
l 11345 11346
l 11346 11347
l 11347 11348
l 11348 11349
l 11349 11350
l 11350 11351
l 11351 11352
l 11352 11353
l 11353 11354
l 11354 11355
l 11355 11356
l 11356 11357
l 11357 11358
l 11358 11359
l 11359 11360
l 11360 11361
l 11361 11362
l 11362 11363
l 11363 11364
l 11364 11365
l 11365 11366
l 11366 11367
l 11367 11368
l 11368 11369
l 11369 11370
l 11370 11371
l 11371 11372
l 11372 11373
l 11373 11374
l 11374 11375
l 11375 11376
l 11376 11377
l 11377 11378
l 11378 11379
l 11379 11380
l 11380 11381
l 11381 11382
l 11382 11383
l 11383 11384
l 11384 11385
l 11385 11386
l 11386 11387
l 11387 11388
l 11388 11389
l 11389 11390
l 11390 11391
l 11391 11392
l 11392 11393
l 11393 11394
l 11394 11395
l 11395 11396
l 11397 11398
l 11398 11399
l 11399 11400
l 11400 11401
l 11401 11402
l 11402 11403
l 11403 11404
l 11404 11405
l 11405 11406
l 11406 11407
l 11407 11408
l 11408 11409
l 11409 11410
l 11410 11411
l 11411 11412
l 11412 11413
l 11413 11414
l 11414 11415
l 11415 11416
l 11416 11417
l 11417 11418
l 11418 11419
l 11419 11420
l 11420 11421
l 11421 11422
l 11422 11423
l 11423 11424
l 11424 11425
l 11425 11426
l 11426 11427
l 11427 11428
l 11428 11429
l 11429 11430
l 11430 11431
l 11431 11432
l 11432 11433
l 11433 11434
l 11434 11435
l 11435 11436
l 11436 11437
l 11437 11438
l 11438 11439
l 11439 11440
l 11440 11441
l 11441 11442
l 11442 11443
l 11443 11444
l 11444 11445
l 11445 11446
l 11446 11447
l 11447 11448
l 11448 11449
l 11449 11450
l 11450 11451
l 11451 11452
l 11452 11453
l 11453 11454
l 11454 11455
l 11455 11456
l 11456 11457
l 11457 11458
l 11458 11459
l 11459 11460
l 11460 11461
l 11462 11463
l 11463 11464
l 11464 11465
l 11465 11466
l 11466 11467
l 11467 11468
l 11468 11469
l 11469 11470
l 11470 11471
l 11471 11472
l 11472 11473
l 11473 11474
l 11474 11475
l 11475 11476
l 11476 11477
l 11477 11478
l 11478 11479
l 11479 11480
l 11480 11481
l 11481 11482
l 11482 11483
l 11483 11484
l 11484 11485
l 11485 11486
l 11486 11487
l 11487 11488
l 11488 11489
l 11489 11490
l 11490 11491
l 11491 11492
l 11492 11493
l 11493 11494
l 11494 11495
l 11495 11496
l 11496 11497
l 11497 11498
l 11498 11499
l 11499 11500
l 11500 11501
l 11501 11502
l 11502 11503
l 11503 11504
l 11504 11505
l 11505 11506
l 11506 11507
l 11507 11508
l 11508 11509
l 11509 11510
l 11510 11511
l 11511 11512
l 11512 11513
l 11513 11514
l 11514 11515
l 11515 11516
l 11516 11517
l 11517 11518
l 11518 11519
l 11519 11520
l 11520 11521
l 11521 11522
l 11522 11523
l 11523 11524
l 11524 11525
l 11525 11526
l 11527 11528
l 11528 11529
l 11529 11530
l 11530 11531
l 11531 11532
l 11532 11533
l 11533 11534
l 11534 11535
l 11535 11536
l 11536 11537
l 11537 11538
l 11538 11539
l 11539 11540
l 11540 11541
l 11541 11542
l 11542 11543
l 11543 11544
l 11544 11545
l 11545 11546
l 11546 11547
l 11547 11548
l 11548 11549
l 11549 11550
l 11550 11551
l 11551 11552
l 11552 11553
l 11553 11554
l 11554 11555
l 11555 11556
l 11556 11557
l 11557 11558
l 11558 11559
l 11559 11560
l 11560 11561
l 11561 11562
l 11562 11563
l 11563 11564
l 11564 11565
l 11565 11566
l 11566 11567
l 11567 11568
l 11568 11569
l 11569 11570
l 11570 11571
l 11571 11572
l 11572 11573
l 11573 11574
l 11574 11575
l 11575 11576
l 11576 11577
l 11577 11578
l 11578 11579
l 11579 11580
l 11580 11581
l 11581 11582
l 11582 11583
l 11583 11584
l 11584 11585
l 11585 11586
l 11586 11587
l 11587 11588
l 11588 11589
l 11589 11590
l 11590 11591

l 11592 11593
l 11593 11594
l 11594 11595
l 11595 11596
l 11596 11597
l 11597 11598
l 11598 11599
l 11599 11600
l 11600 11601
l 11601 11602
l 11602 11603
l 11603 11604
l 11604 11605
l 11605 11606
l 11606 11607
l 11607 11608
l 11608 11609
l 11609 11610
l 11610 11611
l 11611 11612
l 11612 11613
l 11613 11614
l 11614 11615
l 11615 11616
l 11616 11617
l 11617 11618
l 11618 11619
l 11619 11620
l 11620 11621
l 11621 11622
l 11622 11623
l 11623 11624
l 11624 11625
l 11625 11626
l 11626 11627
l 11627 11628
l 11628 11629
l 11629 11630
l 11630 11631
l 11631 11632
l 11632 11633
l 11633 11634
l 11634 11635
l 11635 11636
l 11636 11637
l 11637 11638
l 11638 11639
l 11639 11640
l 11640 11641
l 11641 11642
l 11642 11643
l 11643 11644
l 11644 11645
l 11645 11646
l 11646 11647
l 11647 11648
l 11648 11649
l 11649 11650
l 11650 11651
l 11651 11652
l 11652 11653
l 11653 11654
l 11654 11655
l 11655 11656
l 11657 11658
l 11658 11659
l 11659 11660
l 11660 11661
l 11661 11662
l 11662 11663
l 11663 11664
l 11664 11665
l 11665 11666
l 11666 11667
l 11667 11668
l 11668 11669
l 11669 11670
l 11670 11671
l 11671 11672
l 11672 11673
l 11673 11674
l 11674 11675
l 11675 11676
l 11676 11677
l 11677 11678
l 11678 11679
l 11679 11680
l 11680 11681
l 11681 11682
l 11682 11683
l 11683 11684
l 11684 11685
l 11685 11686
l 11686 11687
l 11687 11688
l 11688 11689
l 11689 11690
l 11690 11691
l 11691 11692
l 11692 11693
l 11693 11694
l 11694 11695
l 11695 11696
l 11696 11697
l 11697 11698
l 11698 11699
l 11699 11700
l 11700 11701
l 11701 11702
l 11702 11703
l 11703 11704
l 11704 11705
l 11705 11706
l 11706 11707
l 11707 11708
l 11708 11709
l 11709 11710
l 11710 11711
l 11711 11712
l 11712 11713
l 11713 11714
l 11714 11715
l 11715 11716
l 11716 11717
l 11717 11718
l 11718 11719
l 11719 11720
l 11720 11721
l 11722 11723
l 11723 11724
l 11724 11725
l 11725 11726
l 11726 11727
l 11727 11728
l 11728 11729
l 11729 11730
l 11730 11731
l 11731 11732
l 11732 11733
l 11733 11734
l 11734 11735
l 11735 11736
l 11736 11737
l 11737 11738
l 11738 11739
l 11739 11740
l 11740 11741
l 11741 11742
l 11742 11743
l 11743 11744
l 11744 11745
l 11745 11746
l 11746 11747
l 11747 11748
l 11748 11749
l 11749 11750
l 11750 11751
l 11751 11752
l 11752 11753
l 11753 11754
l 11754 11755
l 11755 11756
l 11756 11757
l 11757 11758
l 11758 11759
l 11759 11760
l 11760 11761
l 11761 11762
l 11762 11763
l 11763 11764
l 11764 11765
l 11765 11766
l 11766 11767
l 11767 11768
l 11768 11769
l 11769 11770
l 11770 11771
l 11771 11772
l 11772 11773
l 11773 11774
l 11774 11775
l 11775 11776
l 11776 11777
l 11777 11778
l 11778 11779
l 11779 11780
l 11780 11781
l 11781 11782
l 11782 11783
l 11783 11784
l 11784 11785
l 11785 11786
l 11787 11788
l 11788 11789
l 11789 11790
l 11790 11791
l 11791 11792
l 11792 11793
l 11793 11794
l 11794 11795
l 11795 11796
l 11796 11797
l 11797 11798
l 11798 11799
l 11799 11800
l 11800 11801
l 11801 11802
l 11802 11803
l 11803 11804
l 11804 11805
l 11805 11806
l 11806 11807
l 11807 11808
l 11808 11809
l 11809 11810
l 11810 11811
l 11811 11812
l 11812 11813
l 11813 11814
l 11814 11815
l 11815 11816
l 11816 11817
l 11817 11818
l 11818 11819
l 11819 11820
l 11820 11821
l 11821 11822
l 11822 11823
l 11823 11824
l 11824 11825
l 11825 11826
l 11826 11827
l 11827 11828
l 11828 11829
l 11829 11830
l 11830 11831
l 11831 11832
l 11832 11833
l 11833 11834
l 11834 11835
l 11835 11836
l 11836 11837
l 11837 11838
l 11838 11839
l 11839 11840
l 11840 11841
l 11841 11842
l 11842 11843
l 11843 11844
l 11844 11845
l 11845 11846
l 11846 11847
l 11847 11848
l 11848 11849
l 11849 11850
l 11850 11851

l 11852 11853
l 11853 11854
l 11854 11855
l 11855 11856
l 11856 11857
l 11857 11858
l 11858 11859
l 11859 11860
l 11860 11861
l 11861 11862
l 11862 11863
l 11863 11864
l 11864 11865
l 11865 11866
l 11866 11867
l 11867 11868
l 11868 11869
l 11869 11870
l 11870 11871
l 11871 11872
l 11872 11873
l 11873 11874
l 11874 11875
l 11875 11876
l 11876 11877
l 11877 11878
l 11878 11879
l 11879 11880
l 11880 11881
l 11881 11882
l 11882 11883
l 11883 11884
l 11884 11885
l 11885 11886
l 11886 11887
l 11887 11888
l 11888 11889
l 11889 11890
l 11890 11891
l 11891 11892
l 11892 11893
l 11893 11894
l 11894 11895
l 11895 11896
l 11896 11897
l 11897 11898
l 11898 11899
l 11899 11900
l 11900 11901
l 11901 11902
l 11902 11903
l 11903 11904
l 11904 11905
l 11905 11906
l 11906 11907
l 11907 11908
l 11908 11909
l 11909 11910
l 11910 11911
l 11911 11912
l 11912 11913
l 11913 11914
l 11914 11915
l 11915 11916
l 11917 11918
l 11918 11919
l 11919 11920
l 11920 11921
l 11921 11922
l 11922 11923
l 11923 11924
l 11924 11925
l 11925 11926
l 11926 11927
l 11927 11928
l 11928 11929
l 11929 11930
l 11930 11931
l 11931 11932
l 11932 11933
l 11933 11934
l 11934 11935
l 11935 11936
l 11936 11937
l 11937 11938
l 11938 11939
l 11939 11940
l 11940 11941
l 11941 11942
l 11942 11943
l 11943 11944
l 11944 11945
l 11945 11946
l 11946 11947
l 11947 11948
l 11948 11949
l 11949 11950
l 11950 11951
l 11951 11952
l 11952 11953
l 11953 11954
l 11954 11955
l 11955 11956
l 11956 11957
l 11957 11958
l 11958 11959
l 11959 11960
l 11960 11961
l 11961 11962
l 11962 11963
l 11963 11964
l 11964 11965
l 11965 11966
l 11966 11967
l 11967 11968
l 11968 11969
l 11969 11970
l 11970 11971
l 11971 11972
l 11972 11973
l 11973 11974
l 11974 11975
l 11975 11976
l 11976 11977
l 11977 11978
l 11978 11979
l 11979 11980
l 11980 11981
l 11982 11983
l 11983 11984
l 11984 11985
l 11985 11986
l 11986 11987
l 11987 11988
l 11988 11989
l 11989 11990
l 11990 11991
l 11991 11992
l 11992 11993
l 11993 11994
l 11994 11995
l 11995 11996
l 11996 11997
l 11997 11998
l 11998 11999
l 11999 12000
l 12000 12001
l 12001 12002
l 12002 12003
l 12003 12004
l 12004 12005
l 12005 12006
l 12006 12007
l 12007 12008
l 12008 12009
l 12009 12010
l 12010 12011
l 12011 12012
l 12012 12013
l 12013 12014
l 12014 12015
l 12015 12016
l 12016 12017
l 12017 12018
l 12018 12019
l 12019 12020
l 12020 12021
l 12021 12022
l 12022 12023
l 12023 12024
l 12024 12025
l 12025 12026
l 12026 12027
l 12027 12028
l 12028 12029
l 12029 12030
l 12030 12031
l 12031 12032
l 12032 12033
l 12033 12034
l 12034 12035
l 12035 12036
l 12036 12037
l 12037 12038
l 12038 12039
l 12039 12040
l 12040 12041
l 12041 12042
l 12042 12043
l 12043 12044
l 12044 12045
l 12045 12046
l 12047 12048
l 12048 12049
l 12049 12050
l 12050 12051
l 12051 12052
l 12052 12053
l 12053 12054
l 12054 12055
l 12055 12056
l 12056 12057
l 12057 12058
l 12058 12059
l 12059 12060
l 12060 12061
l 12061 12062
l 12062 12063
l 12063 12064
l 12064 12065
l 12065 12066
l 12066 12067
l 12067 12068
l 12068 12069
l 12069 12070
l 12070 12071
l 12071 12072
l 12072 12073
l 12073 12074
l 12074 12075
l 12075 12076
l 12076 12077
l 12077 12078
l 12078 12079
l 12079 12080
l 12080 12081
l 12081 12082
l 12082 12083
l 12083 12084
l 12084 12085
l 12085 12086
l 12086 12087
l 12087 12088
l 12088 12089
l 12089 12090
l 12090 12091
l 12091 12092
l 12092 12093
l 12093 12094
l 12094 12095
l 12095 12096
l 12096 12097
l 12097 12098
l 12098 12099
l 12099 12100
l 12100 12101
l 12101 12102
l 12102 12103
l 12103 12104
l 12104 12105
l 12105 12106
l 12106 12107
l 12107 12108
l 12108 12109
l 12109 12110
l 12110 12111

l 12112 12113
l 12113 12114
l 12114 12115
l 12115 12116
l 12116 12117
l 12117 12118
l 12118 12119
l 12119 12120
l 12120 12121
l 12121 12122
l 12122 12123
l 12123 12124
l 12124 12125
l 12125 12126
l 12126 12127
l 12127 12128
l 12128 12129
l 12129 12130
l 12130 12131
l 12131 12132
l 12132 12133
l 12133 12134
l 12134 12135
l 12135 12136
l 12136 12137
l 12137 12138
l 12138 12139
l 12139 12140
l 12140 12141
l 12141 12142
l 12142 12143
l 12143 12144
l 12144 12145
l 12145 12146
l 12146 12147
l 12147 12148
l 12148 12149
l 12149 12150
l 12150 12151
l 12151 12152
l 12152 12153
l 12153 12154
l 12154 12155
l 12155 12156
l 12156 12157
l 12157 12158
l 12158 12159
l 12159 12160
l 12160 12161
l 12161 12162
l 12162 12163
l 12163 12164
l 12164 12165
l 12165 12166
l 12166 12167
l 12167 12168
l 12168 12169
l 12169 12170
l 12170 12171
l 12171 12172
l 12172 12173
l 12173 12174
l 12174 12175
l 12175 12176
l 12177 12178
l 12178 12179
l 12179 12180
l 12180 12181
l 12181 12182
l 12182 12183
l 12183 12184
l 12184 12185
l 12185 12186
l 12186 12187
l 12187 12188
l 12188 12189
l 12189 12190
l 12190 12191
l 12191 12192
l 12192 12193
l 12193 12194
l 12194 12195
l 12195 12196
l 12196 12197
l 12197 12198
l 12198 12199
l 12199 12200
l 12200 12201
l 12201 12202
l 12202 12203
l 12203 12204
l 12204 12205
l 12205 12206
l 12206 12207
l 12207 12208
l 12208 12209
l 12209 12210
l 12210 12211
l 12211 12212
l 12212 12213
l 12213 12214
l 12214 12215
l 12215 12216
l 12216 12217
l 12217 12218
l 12218 12219
l 12219 12220
l 12220 12221
l 12221 12222
l 12222 12223
l 12223 12224
l 12224 12225
l 12225 12226
l 12226 12227
l 12227 12228
l 12228 12229
l 12229 12230
l 12230 12231
l 12231 12232
l 12232 12233
l 12233 12234
l 12234 12235
l 12235 12236
l 12236 12237
l 12237 12238
l 12238 12239
l 12239 12240
l 12240 12241
l 12242 12243
l 12243 12244
l 12244 12245
l 12245 12246
l 12246 12247
l 12247 12248
l 12248 12249
l 12249 12250
l 12250 12251
l 12251 12252
l 12252 12253
l 12253 12254
l 12254 12255
l 12255 12256
l 12256 12257
l 12257 12258
l 12258 12259
l 12259 12260
l 12260 12261
l 12261 12262
l 12262 12263
l 12263 12264
l 12264 12265
l 12265 12266
l 12266 12267
l 12267 12268
l 12268 12269
l 12269 12270
l 12270 12271
l 12271 12272
l 12272 12273
l 12273 12274
l 12274 12275
l 12275 12276
l 12276 12277
l 12277 12278
l 12278 12279
l 12279 12280
l 12280 12281
l 12281 12282
l 12282 12283
l 12283 12284
l 12284 12285
l 12285 12286
l 12286 12287
l 12287 12288
l 12288 12289
l 12289 12290
l 12290 12291
l 12291 12292
l 12292 12293
l 12293 12294
l 12294 12295
l 12295 12296
l 12296 12297
l 12297 12298
l 12298 12299
l 12299 12300
l 12300 12301
l 12301 12302
l 12302 12303
l 12303 12304
l 12304 12305
l 12305 12306
l 12307 12308
l 12308 12309
l 12309 12310
l 12310 12311
l 12311 12312
l 12312 12313
l 12313 12314
l 12314 12315
l 12315 12316
l 12316 12317
l 12317 12318
l 12318 12319
l 12319 12320
l 12320 12321
l 12321 12322
l 12322 12323
l 12323 12324
l 12324 12325
l 12325 12326
l 12326 12327
l 12327 12328
l 12328 12329
l 12329 12330
l 12330 12331
l 12331 12332
l 12332 12333
l 12333 12334
l 12334 12335
l 12335 12336
l 12336 12337
l 12337 12338
l 12338 12339
l 12339 12340
l 12340 12341
l 12341 12342
l 12342 12343
l 12343 12344
l 12344 12345
l 12345 12346
l 12346 12347
l 12347 12348
l 12348 12349
l 12349 12350
l 12350 12351
l 12351 12352
l 12352 12353
l 12353 12354
l 12354 12355
l 12355 12356
l 12356 12357
l 12357 12358
l 12358 12359
l 12359 12360
l 12360 12361
l 12361 12362
l 12362 12363
l 12363 12364
l 12364 12365
l 12365 12366
l 12366 12367
l 12367 12368
l 12368 12369
l 12369 12370
l 12370 12371

l 12372 12373
l 12373 12374
l 12374 12375
l 12375 12376
l 12376 12377
l 12377 12378
l 12378 12379
l 12379 12380
l 12380 12381
l 12381 12382
l 12382 12383
l 12383 12384
l 12384 12385
l 12385 12386
l 12386 12387
l 12387 12388
l 12388 12389
l 12389 12390
l 12390 12391
l 12391 12392
l 12392 12393
l 12393 12394
l 12394 12395
l 12395 12396
l 12396 12397
l 12397 12398
l 12398 12399
l 12399 12400
l 12400 12401
l 12401 12402
l 12402 12403
l 12403 12404
l 12404 12405
l 12405 12406
l 12406 12407
l 12407 12408
l 12408 12409
l 12409 12410
l 12410 12411
l 12411 12412
l 12412 12413
l 12413 12414
l 12414 12415
l 12415 12416
l 12416 12417
l 12417 12418
l 12418 12419
l 12419 12420
l 12420 12421
l 12421 12422
l 12422 12423
l 12423 12424
l 12424 12425
l 12425 12426
l 12426 12427
l 12427 12428
l 12428 12429
l 12429 12430
l 12430 12431
l 12431 12432
l 12432 12433
l 12433 12434
l 12434 12435
l 12435 12436
l 12437 12438
l 12438 12439
l 12439 12440
l 12440 12441
l 12441 12442
l 12442 12443
l 12443 12444
l 12444 12445
l 12445 12446
l 12446 12447
l 12447 12448
l 12448 12449
l 12449 12450
l 12450 12451
l 12451 12452
l 12452 12453
l 12453 12454
l 12454 12455
l 12455 12456
l 12456 12457
l 12457 12458
l 12458 12459
l 12459 12460
l 12460 12461
l 12461 12462
l 12462 12463
l 12463 12464
l 12464 12465
l 12465 12466
l 12466 12467
l 12467 12468
l 12468 12469
l 12469 12470
l 12470 12471
l 12471 12472
l 12472 12473
l 12473 12474
l 12474 12475
l 12475 12476
l 12476 12477
l 12477 12478
l 12478 12479
l 12479 12480
l 12480 12481
l 12481 12482
l 12482 12483
l 12483 12484
l 12484 12485
l 12485 12486
l 12486 12487
l 12487 12488
l 12488 12489
l 12489 12490
l 12490 12491
l 12491 12492
l 12492 12493
l 12493 12494
l 12494 12495
l 12495 12496
l 12496 12497
l 12497 12498
l 12498 12499
l 12499 12500
l 12500 12501
l 12502 12503
l 12503 12504
l 12504 12505
l 12505 12506
l 12506 12507
l 12507 12508
l 12508 12509
l 12509 12510
l 12510 12511
l 12511 12512
l 12512 12513
l 12513 12514
l 12514 12515
l 12515 12516
l 12516 12517
l 12517 12518
l 12518 12519
l 12519 12520
l 12520 12521
l 12521 12522
l 12522 12523
l 12523 12524
l 12524 12525
l 12525 12526
l 12526 12527
l 12527 12528
l 12528 12529
l 12529 12530
l 12530 12531
l 12531 12532
l 12532 12533
l 12533 12534
l 12534 12535
l 12535 12536
l 12536 12537
l 12537 12538
l 12538 12539
l 12539 12540
l 12540 12541
l 12541 12542
l 12542 12543
l 12543 12544
l 12544 12545
l 12545 12546
l 12546 12547
l 12547 12548
l 12548 12549
l 12549 12550
l 12550 12551
l 12551 12552
l 12552 12553
l 12553 12554
l 12554 12555
l 12555 12556
l 12556 12557
l 12557 12558
l 12558 12559
l 12559 12560
l 12560 12561
l 12561 12562
l 12562 12563
l 12563 12564
l 12564 12565
l 12565 12566
l 12567 12568
l 12568 12569
l 12569 12570
l 12570 12571
l 12571 12572
l 12572 12573
l 12573 12574
l 12574 12575
l 12575 12576
l 12576 12577
l 12577 12578
l 12578 12579
l 12579 12580
l 12580 12581
l 12581 12582
l 12582 12583
l 12583 12584
l 12584 12585
l 12585 12586
l 12586 12587
l 12587 12588
l 12588 12589
l 12589 12590
l 12590 12591
l 12591 12592
l 12592 12593
l 12593 12594
l 12594 12595
l 12595 12596
l 12596 12597
l 12597 12598
l 12598 12599
l 12599 12600
l 12600 12601
l 12601 12602
l 12602 12603
l 12603 12604
l 12604 12605
l 12605 12606
l 12606 12607
l 12607 12608
l 12608 12609
l 12609 12610
l 12610 12611
l 12611 12612
l 12612 12613
l 12613 12614
l 12614 12615
l 12615 12616
l 12616 12617
l 12617 12618
l 12618 12619
l 12619 12620
l 12620 12621
l 12621 12622
l 12622 12623
l 12623 12624
l 12624 12625
l 12625 12626
l 12626 12627
l 12627 12628
l 12628 12629
l 12629 12630
l 12630 12631

l 12632 12633
l 12633 12634
l 12634 12635
l 12635 12636
l 12636 12637
l 12637 12638
l 12638 12639
l 12639 12640
l 12640 12641
l 12641 12642
l 12642 12643
l 12643 12644
l 12644 12645
l 12645 12646
l 12646 12647
l 12647 12648
l 12648 12649
l 12649 12650
l 12650 12651
l 12651 12652
l 12652 12653
l 12653 12654
l 12654 12655
l 12655 12656
l 12656 12657
l 12657 12658
l 12658 12659
l 12659 12660
l 12660 12661
l 12661 12662
l 12662 12663
l 12663 12664
l 12664 12665
l 12665 12666
l 12666 12667
l 12667 12668
l 12668 12669
l 12669 12670
l 12670 12671
l 12671 12672
l 12672 12673
l 12673 12674
l 12674 12675
l 12675 12676
l 12676 12677
l 12677 12678
l 12678 12679
l 12679 12680
l 12680 12681
l 12681 12682
l 12682 12683
l 12683 12684
l 12684 12685
l 12685 12686
l 12686 12687
l 12687 12688
l 12688 12689
l 12689 12690
l 12690 12691
l 12691 12692
l 12692 12693
l 12693 12694
l 12694 12695
l 12695 12696
l 12697 12698
l 12698 12699
l 12699 12700
l 12700 12701
l 12701 12702
l 12702 12703
l 12703 12704
l 12704 12705
l 12705 12706
l 12706 12707
l 12707 12708
l 12708 12709
l 12709 12710
l 12710 12711
l 12711 12712
l 12712 12713
l 12713 12714
l 12714 12715
l 12715 12716
l 12716 12717
l 12717 12718
l 12718 12719
l 12719 12720
l 12720 12721
l 12721 12722
l 12722 12723
l 12723 12724
l 12724 12725
l 12725 12726
l 12726 12727
l 12727 12728
l 12728 12729
l 12729 12730
l 12730 12731
l 12731 12732
l 12732 12733
l 12733 12734
l 12734 12735
l 12735 12736
l 12736 12737
l 12737 12738
l 12738 12739
l 12739 12740
l 12740 12741
l 12741 12742
l 12742 12743
l 12743 12744
l 12744 12745
l 12745 12746
l 12746 12747
l 12747 12748
l 12748 12749
l 12749 12750
l 12750 12751
l 12751 12752
l 12752 12753
l 12753 12754
l 12754 12755
l 12755 12756
l 12756 12757
l 12757 12758
l 12758 12759
l 12759 12760
l 12760 12761
l 12762 12763
l 12763 12764
l 12764 12765
l 12765 12766
l 12766 12767
l 12767 12768
l 12768 12769
l 12769 12770
l 12770 12771
l 12771 12772
l 12772 12773
l 12773 12774
l 12774 12775
l 12775 12776
l 12776 12777
l 12777 12778
l 12778 12779
l 12779 12780
l 12780 12781
l 12781 12782
l 12782 12783
l 12783 12784
l 12784 12785
l 12785 12786
l 12786 12787
l 12787 12788
l 12788 12789
l 12789 12790
l 12790 12791
l 12791 12792
l 12792 12793
l 12793 12794
l 12794 12795
l 12795 12796
l 12796 12797
l 12797 12798
l 12798 12799
l 12799 12800
l 12800 12801
l 12801 12802
l 12802 12803
l 12803 12804
l 12804 12805
l 12805 12806
l 12806 12807
l 12807 12808
l 12808 12809
l 12809 12810
l 12810 12811
l 12811 12812
l 12812 12813
l 12813 12814
l 12814 12815
l 12815 12816
l 12816 12817
l 12817 12818
l 12818 12819
l 12819 12820
l 12820 12821
l 12821 12822
l 12822 12823
l 12823 12824
l 12824 12825
l 12825 12826
l 12827 12828
l 12828 12829
l 12829 12830
l 12830 12831
l 12831 12832
l 12832 12833
l 12833 12834
l 12834 12835
l 12835 12836
l 12836 12837
l 12837 12838
l 12838 12839
l 12839 12840
l 12840 12841
l 12841 12842
l 12842 12843
l 12843 12844
l 12844 12845
l 12845 12846
l 12846 12847
l 12847 12848
l 12848 12849
l 12849 12850
l 12850 12851
l 12851 12852
l 12852 12853
l 12853 12854
l 12854 12855
l 12855 12856
l 12856 12857
l 12857 12858
l 12858 12859
l 12859 12860
l 12860 12861
l 12861 12862
l 12862 12863
l 12863 12864
l 12864 12865
l 12865 12866
l 12866 12867
l 12867 12868
l 12868 12869
l 12869 12870
l 12870 12871
l 12871 12872
l 12872 12873
l 12873 12874
l 12874 12875
l 12875 12876
l 12876 12877
l 12877 12878
l 12878 12879
l 12879 12880
l 12880 12881
l 12881 12882
l 12882 12883
l 12883 12884
l 12884 12885
l 12885 12886
l 12886 12887
l 12887 12888
l 12888 12889
l 12889 12890
l 12890 12891

l 12892 12893
l 12893 12894
l 12894 12895
l 12895 12896
l 12896 12897
l 12897 12898
l 12898 12899
l 12899 12900
l 12900 12901
l 12901 12902
l 12902 12903
l 12903 12904
l 12904 12905
l 12905 12906
l 12906 12907
l 12907 12908
l 12908 12909
l 12909 12910
l 12910 12911
l 12911 12912
l 12912 12913
l 12913 12914
l 12914 12915
l 12915 12916
l 12916 12917
l 12917 12918
l 12918 12919
l 12919 12920
l 12920 12921
l 12921 12922
l 12922 12923
l 12923 12924
l 12924 12925
l 12925 12926
l 12926 12927
l 12927 12928
l 12928 12929
l 12929 12930
l 12930 12931
l 12931 12932
l 12932 12933
l 12933 12934
l 12934 12935
l 12935 12936
l 12936 12937
l 12937 12938
l 12938 12939
l 12939 12940
l 12940 12941
l 12941 12942
l 12942 12943
l 12943 12944
l 12944 12945
l 12945 12946
l 12946 12947
l 12947 12948
l 12948 12949
l 12949 12950
l 12950 12951
l 12951 12952
l 12952 12953
l 12953 12954
l 12954 12955
l 12955 12956
l 12957 12958
l 12958 12959
l 12959 12960
l 12960 12961
l 12961 12962
l 12962 12963
l 12963 12964
l 12964 12965
l 12965 12966
l 12966 12967
l 12967 12968
l 12968 12969
l 12969 12970
l 12970 12971
l 12971 12972
l 12972 12973
l 12973 12974
l 12974 12975
l 12975 12976
l 12976 12977
l 12977 12978
l 12978 12979
l 12979 12980
l 12980 12981
l 12981 12982
l 12982 12983
l 12983 12984
l 12984 12985
l 12985 12986
l 12986 12987
l 12987 12988
l 12988 12989
l 12989 12990
l 12990 12991
l 12991 12992
l 12992 12993
l 12993 12994
l 12994 12995
l 12995 12996
l 12996 12997
l 12997 12998
l 12998 12999
l 12999 13000
l 13000 13001
l 13001 13002
l 13002 13003
l 13003 13004
l 13004 13005
l 13005 13006
l 13006 13007
l 13007 13008
l 13008 13009
l 13009 13010
l 13010 13011
l 13011 13012
l 13012 13013
l 13013 13014
l 13014 13015
l 13015 13016
l 13016 13017
l 13017 13018
l 13018 13019
l 13019 13020
l 13020 13021
l 13022 13023
l 13023 13024
l 13024 13025
l 13025 13026
l 13026 13027
l 13027 13028
l 13028 13029
l 13029 13030
l 13030 13031
l 13031 13032
l 13032 13033
l 13033 13034
l 13034 13035
l 13035 13036
l 13036 13037
l 13037 13038
l 13038 13039
l 13039 13040
l 13040 13041
l 13041 13042
l 13042 13043
l 13043 13044
l 13044 13045
l 13045 13046
l 13046 13047
l 13047 13048
l 13048 13049
l 13049 13050
l 13050 13051
l 13051 13052
l 13052 13053
l 13053 13054
l 13054 13055
l 13055 13056
l 13056 13057
l 13057 13058
l 13058 13059
l 13059 13060
l 13060 13061
l 13061 13062
l 13062 13063
l 13063 13064
l 13064 13065
l 13065 13066
l 13066 13067
l 13067 13068
l 13068 13069
l 13069 13070
l 13070 13071
l 13071 13072
l 13072 13073
l 13073 13074
l 13074 13075
l 13075 13076
l 13076 13077
l 13077 13078
l 13078 13079
l 13079 13080
l 13080 13081
l 13081 13082
l 13082 13083
l 13083 13084
l 13084 13085
l 13085 13086
l 13087 13088
l 13088 13089
l 13089 13090
l 13090 13091
l 13091 13092
l 13092 13093
l 13093 13094
l 13094 13095
l 13095 13096
l 13096 13097
l 13097 13098
l 13098 13099
l 13099 13100
l 13100 13101
l 13101 13102
l 13102 13103
l 13103 13104
l 13104 13105
l 13105 13106
l 13106 13107
l 13107 13108
l 13108 13109
l 13109 13110
l 13110 13111
l 13111 13112
l 13112 13113
l 13113 13114
l 13114 13115
l 13115 13116
l 13116 13117
l 13117 13118
l 13118 13119
l 13119 13120
l 13120 13121
l 13121 13122
l 13122 13123
l 13123 13124
l 13124 13125
l 13125 13126
l 13126 13127
l 13127 13128
l 13128 13129
l 13129 13130
l 13130 13131
l 13131 13132
l 13132 13133
l 13133 13134
l 13134 13135
l 13135 13136
l 13136 13137
l 13137 13138
l 13138 13139
l 13139 13140
l 13140 13141
l 13141 13142
l 13142 13143
l 13143 13144
l 13144 13145
l 13145 13146
l 13146 13147
l 13147 13148
l 13148 13149
l 13149 13150
l 13150 13151

l 13152 13153
l 13153 13154
l 13154 13155
l 13155 13156
l 13156 13157
l 13157 13158
l 13158 13159
l 13159 13160
l 13160 13161
l 13161 13162
l 13162 13163
l 13163 13164
l 13164 13165
l 13165 13166
l 13166 13167
l 13167 13168
l 13168 13169
l 13169 13170
l 13170 13171
l 13171 13172
l 13172 13173
l 13173 13174
l 13174 13175
l 13175 13176
l 13176 13177
l 13177 13178
l 13178 13179
l 13179 13180
l 13180 13181
l 13181 13182
l 13182 13183
l 13183 13184
l 13184 13185
l 13185 13186
l 13186 13187
l 13187 13188
l 13188 13189
l 13189 13190
l 13190 13191
l 13191 13192
l 13192 13193
l 13193 13194
l 13194 13195
l 13195 13196
l 13196 13197
l 13197 13198
l 13198 13199
l 13199 13200
l 13200 13201
l 13201 13202
l 13202 13203
l 13203 13204
l 13204 13205
l 13205 13206
l 13206 13207
l 13207 13208
l 13208 13209
l 13209 13210
l 13210 13211
l 13211 13212
l 13212 13213
l 13213 13214
l 13214 13215
l 13215 13216
l 13217 13218
l 13218 13219
l 13219 13220
l 13220 13221
l 13221 13222
l 13222 13223
l 13223 13224
l 13224 13225
l 13225 13226
l 13226 13227
l 13227 13228
l 13228 13229
l 13229 13230
l 13230 13231
l 13231 13232
l 13232 13233
l 13233 13234
l 13234 13235
l 13235 13236
l 13236 13237
l 13237 13238
l 13238 13239
l 13239 13240
l 13240 13241
l 13241 13242
l 13242 13243
l 13243 13244
l 13244 13245
l 13245 13246
l 13246 13247
l 13247 13248
l 13248 13249
l 13249 13250
l 13250 13251
l 13251 13252
l 13252 13253
l 13253 13254
l 13254 13255
l 13255 13256
l 13256 13257
l 13257 13258
l 13258 13259
l 13259 13260
l 13260 13261
l 13261 13262
l 13262 13263
l 13263 13264
l 13264 13265
l 13265 13266
l 13266 13267
l 13267 13268
l 13268 13269
l 13269 13270
l 13270 13271
l 13271 13272
l 13272 13273
l 13273 13274
l 13274 13275
l 13275 13276
l 13276 13277
l 13277 13278
l 13278 13279
l 13279 13280
l 13280 13281
l 13282 13283
l 13283 13284
l 13284 13285
l 13285 13286
l 13286 13287
l 13287 13288
l 13288 13289
l 13289 13290
l 13290 13291
l 13291 13292
l 13292 13293
l 13293 13294
l 13294 13295
l 13295 13296
l 13296 13297
l 13297 13298
l 13298 13299
l 13299 13300
l 13300 13301
l 13301 13302
l 13302 13303
l 13303 13304
l 13304 13305
l 13305 13306
l 13306 13307
l 13307 13308
l 13308 13309
l 13309 13310
l 13310 13311
l 13311 13312
l 13312 13313
l 13313 13314
l 13314 13315
l 13315 13316
l 13316 13317
l 13317 13318
l 13318 13319
l 13319 13320
l 13320 13321
l 13321 13322
l 13322 13323
l 13323 13324
l 13324 13325
l 13325 13326
l 13326 13327
l 13327 13328
l 13328 13329
l 13329 13330
l 13330 13331
l 13331 13332
l 13332 13333
l 13333 13334
l 13334 13335
l 13335 13336
l 13336 13337
l 13337 13338
l 13338 13339
l 13339 13340
l 13340 13341
l 13341 13342
l 13342 13343
l 13343 13344
l 13344 13345
l 13345 13346
l 13347 13348
l 13348 13349
l 13349 13350
l 13350 13351
l 13351 13352
l 13352 13353
l 13353 13354
l 13354 13355
l 13355 13356
l 13356 13357
l 13357 13358
l 13358 13359
l 13359 13360
l 13360 13361
l 13361 13362
l 13362 13363
l 13363 13364
l 13364 13365
l 13365 13366
l 13366 13367
l 13367 13368
l 13368 13369
l 13369 13370
l 13370 13371
l 13371 13372
l 13372 13373
l 13373 13374
l 13374 13375
l 13375 13376
l 13376 13377
l 13377 13378
l 13378 13379
l 13379 13380
l 13380 13381
l 13381 13382
l 13382 13383
l 13383 13384
l 13384 13385
l 13385 13386
l 13386 13387
l 13387 13388
l 13388 13389
l 13389 13390
l 13390 13391
l 13391 13392
l 13392 13393
l 13393 13394
l 13394 13395
l 13395 13396
l 13396 13397
l 13397 13398
l 13398 13399
l 13399 13400
l 13400 13401
l 13401 13402
l 13402 13403
l 13403 13404
l 13404 13405
l 13405 13406
l 13406 13407
l 13407 13408
l 13408 13409
l 13409 13410
l 13410 13411

l 13412 13413
l 13413 13414
l 13414 13415
l 13415 13416
l 13416 13417
l 13417 13418
l 13418 13419
l 13419 13420
l 13420 13421
l 13421 13422
l 13422 13423
l 13423 13424
l 13424 13425
l 13425 13426
l 13426 13427
l 13427 13428
l 13428 13429
l 13429 13430
l 13430 13431
l 13431 13432
l 13432 13433
l 13433 13434
l 13434 13435
l 13435 13436
l 13436 13437
l 13437 13438
l 13438 13439
l 13439 13440
l 13440 13441
l 13441 13442
l 13442 13443
l 13443 13444
l 13444 13445
l 13445 13446
l 13446 13447
l 13447 13448
l 13448 13449
l 13449 13450
l 13450 13451
l 13451 13452
l 13452 13453
l 13453 13454
l 13454 13455
l 13455 13456
l 13456 13457
l 13457 13458
l 13458 13459
l 13459 13460
l 13460 13461
l 13461 13462
l 13462 13463
l 13463 13464
l 13464 13465
l 13465 13466
l 13466 13467
l 13467 13468
l 13468 13469
l 13469 13470
l 13470 13471
l 13471 13472
l 13472 13473
l 13473 13474
l 13474 13475
l 13475 13476
l 13477 13478
l 13478 13479
l 13479 13480
l 13480 13481
l 13481 13482
l 13482 13483
l 13483 13484
l 13484 13485
l 13485 13486
l 13486 13487
l 13487 13488
l 13488 13489
l 13489 13490
l 13490 13491
l 13491 13492
l 13492 13493
l 13493 13494
l 13494 13495
l 13495 13496
l 13496 13497
l 13497 13498
l 13498 13499
l 13499 13500
l 13500 13501
l 13501 13502
l 13502 13503
l 13503 13504
l 13504 13505
l 13505 13506
l 13506 13507
l 13507 13508
l 13508 13509
l 13509 13510
l 13510 13511
l 13511 13512
l 13512 13513
l 13513 13514
l 13514 13515
l 13515 13516
l 13516 13517
l 13517 13518
l 13518 13519
l 13519 13520
l 13520 13521
l 13521 13522
l 13522 13523
l 13523 13524
l 13524 13525
l 13525 13526
l 13526 13527
l 13527 13528
l 13528 13529
l 13529 13530
l 13530 13531
l 13531 13532
l 13532 13533
l 13533 13534
l 13534 13535
l 13535 13536
l 13536 13537
l 13537 13538
l 13538 13539
l 13539 13540
l 13540 13541
l 13542 13543
l 13543 13544
l 13544 13545
l 13545 13546
l 13546 13547
l 13547 13548
l 13548 13549
l 13549 13550
l 13550 13551
l 13551 13552
l 13552 13553
l 13553 13554
l 13554 13555
l 13555 13556
l 13556 13557
l 13557 13558
l 13558 13559
l 13559 13560
l 13560 13561
l 13561 13562
l 13562 13563
l 13563 13564
l 13564 13565
l 13565 13566
l 13566 13567
l 13567 13568
l 13568 13569
l 13569 13570
l 13570 13571
l 13571 13572
l 13572 13573
l 13573 13574
l 13574 13575
l 13575 13576
l 13576 13577
l 13577 13578
l 13578 13579
l 13579 13580
l 13580 13581
l 13581 13582
l 13582 13583
l 13583 13584
l 13584 13585
l 13585 13586
l 13586 13587
l 13587 13588
l 13588 13589
l 13589 13590
l 13590 13591
l 13591 13592
l 13592 13593
l 13593 13594
l 13594 13595
l 13595 13596
l 13596 13597
l 13597 13598
l 13598 13599
l 13599 13600
l 13600 13601
l 13601 13602
l 13602 13603
l 13603 13604
l 13604 13605
l 13605 13606
l 13607 13608
l 13608 13609
l 13609 13610
l 13610 13611
l 13611 13612
l 13612 13613
l 13613 13614
l 13614 13615
l 13615 13616
l 13616 13617
l 13617 13618
l 13618 13619
l 13619 13620
l 13620 13621
l 13621 13622
l 13622 13623
l 13623 13624
l 13624 13625
l 13625 13626
l 13626 13627
l 13627 13628
l 13628 13629
l 13629 13630
l 13630 13631
l 13631 13632
l 13632 13633
l 13633 13634
l 13634 13635
l 13635 13636
l 13636 13637
l 13637 13638
l 13638 13639
l 13639 13640
l 13640 13641
l 13641 13642
l 13642 13643
l 13643 13644
l 13644 13645
l 13645 13646
l 13646 13647
l 13647 13648
l 13648 13649
l 13649 13650
l 13650 13651
l 13651 13652
l 13652 13653
l 13653 13654
l 13654 13655
l 13655 13656
l 13656 13657
l 13657 13658
l 13658 13659
l 13659 13660
l 13660 13661
l 13661 13662
l 13662 13663
l 13663 13664
l 13664 13665
l 13665 13666
l 13666 13667
l 13667 13668
l 13668 13669
l 13669 13670
l 13670 13671

l 13672 13673
l 13673 13674
l 13674 13675
l 13675 13676
l 13676 13677
l 13677 13678
l 13678 13679
l 13679 13680
l 13680 13681
l 13681 13682
l 13682 13683
l 13683 13684
l 13684 13685
l 13685 13686
l 13686 13687
l 13687 13688
l 13688 13689
l 13689 13690
l 13690 13691
l 13691 13692
l 13692 13693
l 13693 13694
l 13694 13695
l 13695 13696
l 13696 13697
l 13697 13698
l 13698 13699
l 13699 13700
l 13700 13701
l 13701 13702
l 13702 13703
l 13703 13704
l 13704 13705
l 13705 13706
l 13706 13707
l 13707 13708
l 13708 13709
l 13709 13710
l 13710 13711
l 13711 13712
l 13712 13713
l 13713 13714
l 13714 13715
l 13715 13716
l 13716 13717
l 13717 13718
l 13718 13719
l 13719 13720
l 13720 13721
l 13721 13722
l 13722 13723
l 13723 13724
l 13724 13725
l 13725 13726
l 13726 13727
l 13727 13728
l 13728 13729
l 13729 13730
l 13730 13731
l 13731 13732
l 13732 13733
l 13733 13734
l 13734 13735
l 13735 13736
l 13737 13738
l 13738 13739
l 13739 13740
l 13740 13741
l 13741 13742
l 13742 13743
l 13743 13744
l 13744 13745
l 13745 13746
l 13746 13747
l 13747 13748
l 13748 13749
l 13749 13750
l 13750 13751
l 13751 13752
l 13752 13753
l 13753 13754
l 13754 13755
l 13755 13756
l 13756 13757
l 13757 13758
l 13758 13759
l 13759 13760
l 13760 13761
l 13761 13762
l 13762 13763
l 13763 13764
l 13764 13765
l 13765 13766
l 13766 13767
l 13767 13768
l 13768 13769
l 13769 13770
l 13770 13771
l 13771 13772
l 13772 13773
l 13773 13774
l 13774 13775
l 13775 13776
l 13776 13777
l 13777 13778
l 13778 13779
l 13779 13780
l 13780 13781
l 13781 13782
l 13782 13783
l 13783 13784
l 13784 13785
l 13785 13786
l 13786 13787
l 13787 13788
l 13788 13789
l 13789 13790
l 13790 13791
l 13791 13792
l 13792 13793
l 13793 13794
l 13794 13795
l 13795 13796
l 13796 13797
l 13797 13798
l 13798 13799
l 13799 13800
l 13800 13801
l 13802 13803
l 13803 13804
l 13804 13805
l 13805 13806
l 13806 13807
l 13807 13808
l 13808 13809
l 13809 13810
l 13810 13811
l 13811 13812
l 13812 13813
l 13813 13814
l 13814 13815
l 13815 13816
l 13816 13817
l 13817 13818
l 13818 13819
l 13819 13820
l 13820 13821
l 13821 13822
l 13822 13823
l 13823 13824
l 13824 13825
l 13825 13826
l 13826 13827
l 13827 13828
l 13828 13829
l 13829 13830
l 13830 13831
l 13831 13832
l 13832 13833
l 13833 13834
l 13834 13835
l 13835 13836
l 13836 13837
l 13837 13838
l 13838 13839
l 13839 13840
l 13840 13841
l 13841 13842
l 13842 13843
l 13843 13844
l 13844 13845
l 13845 13846
l 13846 13847
l 13847 13848
l 13848 13849
l 13849 13850
l 13850 13851
l 13851 13852
l 13852 13853
l 13853 13854
l 13854 13855
l 13855 13856
l 13856 13857
l 13857 13858
l 13858 13859
l 13859 13860
l 13860 13861
l 13861 13862
l 13862 13863
l 13863 13864
l 13864 13865
l 13865 13866
l 13867 13868
l 13868 13869
l 13869 13870
l 13870 13871
l 13871 13872
l 13872 13873
l 13873 13874
l 13874 13875
l 13875 13876
l 13876 13877
l 13877 13878
l 13878 13879
l 13879 13880
l 13880 13881
l 13881 13882
l 13882 13883
l 13883 13884
l 13884 13885
l 13885 13886
l 13886 13887
l 13887 13888
l 13888 13889
l 13889 13890
l 13890 13891
l 13891 13892
l 13892 13893
l 13893 13894
l 13894 13895
l 13895 13896
l 13896 13897
l 13897 13898
l 13898 13899
l 13899 13900
l 13900 13901
l 13901 13902
l 13902 13903
l 13903 13904
l 13904 13905
l 13905 13906
l 13906 13907
l 13907 13908
l 13908 13909
l 13909 13910
l 13910 13911
l 13911 13912
l 13912 13913
l 13913 13914
l 13914 13915
l 13915 13916
l 13916 13917
l 13917 13918
l 13918 13919
l 13919 13920
l 13920 13921
l 13921 13922
l 13922 13923
l 13923 13924
l 13924 13925
l 13925 13926
l 13926 13927
l 13927 13928
l 13928 13929
l 13929 13930
l 13930 13931

l 13932 13933
l 13933 13934
l 13934 13935
l 13935 13936
l 13936 13937
l 13937 13938
l 13938 13939
l 13939 13940
l 13940 13941
l 13941 13942
l 13942 13943
l 13943 13944
l 13944 13945
l 13945 13946
l 13946 13947
l 13947 13948
l 13948 13949
l 13949 13950
l 13950 13951
l 13951 13952
l 13952 13953
l 13953 13954
l 13954 13955
l 13955 13956
l 13956 13957
l 13957 13958
l 13958 13959
l 13959 13960
l 13960 13961
l 13961 13962
l 13962 13963
l 13963 13964
l 13964 13965
l 13965 13966
l 13966 13967
l 13967 13968
l 13968 13969
l 13969 13970
l 13970 13971
l 13971 13972
l 13972 13973
l 13973 13974
l 13974 13975
l 13975 13976
l 13976 13977
l 13977 13978
l 13978 13979
l 13979 13980
l 13980 13981
l 13981 13982
l 13982 13983
l 13983 13984
l 13984 13985
l 13985 13986
l 13986 13987
l 13987 13988
l 13988 13989
l 13989 13990
l 13990 13991
l 13991 13992
l 13992 13993
l 13993 13994
l 13994 13995
l 13995 13996
l 13997 13998
l 13998 13999
l 13999 14000
l 14000 14001
l 14001 14002
l 14002 14003
l 14003 14004
l 14004 14005
l 14005 14006
l 14006 14007
l 14007 14008
l 14008 14009
l 14009 14010
l 14010 14011
l 14011 14012
l 14012 14013
l 14013 14014
l 14014 14015
l 14015 14016
l 14016 14017
l 14017 14018
l 14018 14019
l 14019 14020
l 14020 14021
l 14021 14022
l 14022 14023
l 14023 14024
l 14024 14025
l 14025 14026
l 14026 14027
l 14027 14028
l 14028 14029
l 14029 14030
l 14030 14031
l 14031 14032
l 14032 14033
l 14033 14034
l 14034 14035
l 14035 14036
l 14036 14037
l 14037 14038
l 14038 14039
l 14039 14040
l 14040 14041
l 14041 14042
l 14042 14043
l 14043 14044
l 14044 14045
l 14045 14046
l 14046 14047
l 14047 14048
l 14048 14049
l 14049 14050
l 14050 14051
l 14051 14052
l 14052 14053
l 14053 14054
l 14054 14055
l 14055 14056
l 14056 14057
l 14057 14058
l 14058 14059
l 14059 14060
l 14060 14061
l 14062 14063
l 14063 14064
l 14064 14065
l 14065 14066
l 14066 14067
l 14067 14068
l 14068 14069
l 14069 14070
l 14070 14071
l 14071 14072
l 14072 14073
l 14073 14074
l 14074 14075
l 14075 14076
l 14076 14077
l 14077 14078
l 14078 14079
l 14079 14080
l 14080 14081
l 14081 14082
l 14082 14083
l 14083 14084
l 14084 14085
l 14085 14086
l 14086 14087
l 14087 14088
l 14088 14089
l 14089 14090
l 14090 14091
l 14091 14092
l 14092 14093
l 14093 14094
l 14094 14095
l 14095 14096
l 14096 14097
l 14097 14098
l 14098 14099
l 14099 14100
l 14100 14101
l 14101 14102
l 14102 14103
l 14103 14104
l 14104 14105
l 14105 14106
l 14106 14107
l 14107 14108
l 14108 14109
l 14109 14110
l 14110 14111
l 14111 14112
l 14112 14113
l 14113 14114
l 14114 14115
l 14115 14116
l 14116 14117
l 14117 14118
l 14118 14119
l 14119 14120
l 14120 14121
l 14121 14122
l 14122 14123
l 14123 14124
l 14124 14125
l 14125 14126
l 14127 14128
l 14128 14129
l 14129 14130
l 14130 14131
l 14131 14132
l 14132 14133
l 14133 14134
l 14134 14135
l 14135 14136
l 14136 14137
l 14137 14138
l 14138 14139
l 14139 14140
l 14140 14141
l 14141 14142
l 14142 14143
l 14143 14144
l 14144 14145
l 14145 14146
l 14146 14147
l 14147 14148
l 14148 14149
l 14149 14150
l 14150 14151
l 14151 14152
l 14152 14153
l 14153 14154
l 14154 14155
l 14155 14156
l 14156 14157
l 14157 14158
l 14158 14159
l 14159 14160
l 14160 14161
l 14161 14162
l 14162 14163
l 14163 14164
l 14164 14165
l 14165 14166
l 14166 14167
l 14167 14168
l 14168 14169
l 14169 14170
l 14170 14171
l 14171 14172
l 14172 14173
l 14173 14174
l 14174 14175
l 14175 14176
l 14176 14177
l 14177 14178
l 14178 14179
l 14179 14180
l 14180 14181
l 14181 14182
l 14182 14183
l 14183 14184
l 14184 14185
l 14185 14186
l 14186 14187
l 14187 14188
l 14188 14189
l 14189 14190
l 14190 14191

l 14192 14193
l 14193 14194
l 14194 14195
l 14195 14196
l 14196 14197
l 14197 14198
l 14198 14199
l 14199 14200
l 14200 14201
l 14201 14202
l 14202 14203
l 14203 14204
l 14204 14205
l 14205 14206
l 14206 14207
l 14207 14208
l 14208 14209
l 14209 14210
l 14210 14211
l 14211 14212
l 14212 14213
l 14213 14214
l 14214 14215
l 14215 14216
l 14216 14217
l 14217 14218
l 14218 14219
l 14219 14220
l 14220 14221
l 14221 14222
l 14222 14223
l 14223 14224
l 14224 14225
l 14225 14226
l 14226 14227
l 14227 14228
l 14228 14229
l 14229 14230
l 14230 14231
l 14231 14232
l 14232 14233
l 14233 14234
l 14234 14235
l 14235 14236
l 14236 14237
l 14237 14238
l 14238 14239
l 14239 14240
l 14240 14241
l 14241 14242
l 14242 14243
l 14243 14244
l 14244 14245
l 14245 14246
l 14246 14247
l 14247 14248
l 14248 14249
l 14249 14250
l 14250 14251
l 14251 14252
l 14252 14253
l 14253 14254
l 14254 14255
l 14255 14256
l 14257 14258
l 14258 14259
l 14259 14260
l 14260 14261
l 14261 14262
l 14262 14263
l 14263 14264
l 14264 14265
l 14265 14266
l 14266 14267
l 14267 14268
l 14268 14269
l 14269 14270
l 14270 14271
l 14271 14272
l 14272 14273
l 14273 14274
l 14274 14275
l 14275 14276
l 14276 14277
l 14277 14278
l 14278 14279
l 14279 14280
l 14280 14281
l 14281 14282
l 14282 14283
l 14283 14284
l 14284 14285
l 14285 14286
l 14286 14287
l 14287 14288
l 14288 14289
l 14289 14290
l 14290 14291
l 14291 14292
l 14292 14293
l 14293 14294
l 14294 14295
l 14295 14296
l 14296 14297
l 14297 14298
l 14298 14299
l 14299 14300
l 14300 14301
l 14301 14302
l 14302 14303
l 14303 14304
l 14304 14305
l 14305 14306
l 14306 14307
l 14307 14308
l 14308 14309
l 14309 14310
l 14310 14311
l 14311 14312
l 14312 14313
l 14313 14314
l 14314 14315
l 14315 14316
l 14316 14317
l 14317 14318
l 14318 14319
l 14319 14320
l 14320 14321
l 14322 14323
l 14323 14324
l 14324 14325
l 14325 14326
l 14326 14327
l 14327 14328
l 14328 14329
l 14329 14330
l 14330 14331
l 14331 14332
l 14332 14333
l 14333 14334
l 14334 14335
l 14335 14336
l 14336 14337
l 14337 14338
l 14338 14339
l 14339 14340
l 14340 14341
l 14341 14342
l 14342 14343
l 14343 14344
l 14344 14345
l 14345 14346
l 14346 14347
l 14347 14348
l 14348 14349
l 14349 14350
l 14350 14351
l 14351 14352
l 14352 14353
l 14353 14354
l 14354 14355
l 14355 14356
l 14356 14357
l 14357 14358
l 14358 14359
l 14359 14360
l 14360 14361
l 14361 14362
l 14362 14363
l 14363 14364
l 14364 14365
l 14365 14366
l 14366 14367
l 14367 14368
l 14368 14369
l 14369 14370
l 14370 14371
l 14371 14372
l 14372 14373
l 14373 14374
l 14374 14375
l 14375 14376
l 14376 14377
l 14377 14378
l 14378 14379
l 14379 14380
l 14380 14381
l 14381 14382
l 14382 14383
l 14383 14384
l 14384 14385
l 14385 14386
l 14387 14388
l 14388 14389
l 14389 14390
l 14390 14391
l 14391 14392
l 14392 14393
l 14393 14394
l 14394 14395
l 14395 14396
l 14396 14397
l 14397 14398
l 14398 14399
l 14399 14400
l 14400 14401
l 14401 14402
l 14402 14403
l 14403 14404
l 14404 14405
l 14405 14406
l 14406 14407
l 14407 14408
l 14408 14409
l 14409 14410
l 14410 14411
l 14411 14412
l 14412 14413
l 14413 14414
l 14414 14415
l 14415 14416
l 14416 14417
l 14417 14418
l 14418 14419
l 14419 14420
l 14420 14421
l 14421 14422
l 14422 14423
l 14423 14424
l 14424 14425
l 14425 14426
l 14426 14427
l 14427 14428
l 14428 14429
l 14429 14430
l 14430 14431
l 14431 14432
l 14432 14433
l 14433 14434
l 14434 14435
l 14435 14436
l 14436 14437
l 14437 14438
l 14438 14439
l 14439 14440
l 14440 14441
l 14441 14442
l 14442 14443
l 14443 14444
l 14444 14445
l 14445 14446
l 14446 14447
l 14447 14448
l 14448 14449
l 14449 14450
l 14450 14451

l 14452 14453
l 14453 14454
l 14454 14455
l 14455 14456
l 14456 14457
l 14457 14458
l 14458 14459
l 14459 14460
l 14460 14461
l 14461 14462
l 14462 14463
l 14463 14464
l 14464 14465
l 14465 14466
l 14466 14467
l 14467 14468
l 14468 14469
l 14469 14470
l 14470 14471
l 14471 14472
l 14472 14473
l 14473 14474
l 14474 14475
l 14475 14476
l 14476 14477
l 14477 14478
l 14478 14479
l 14479 14480
l 14480 14481
l 14481 14482
l 14482 14483
l 14483 14484
l 14484 14485
l 14485 14486
l 14486 14487
l 14487 14488
l 14488 14489
l 14489 14490
l 14490 14491
l 14491 14492
l 14492 14493
l 14493 14494
l 14494 14495
l 14495 14496
l 14496 14497
l 14497 14498
l 14498 14499
l 14499 14500
l 14500 14501
l 14501 14502
l 14502 14503
l 14503 14504
l 14504 14505
l 14505 14506
l 14506 14507
l 14507 14508
l 14508 14509
l 14509 14510
l 14510 14511
l 14511 14512
l 14512 14513
l 14513 14514
l 14514 14515
l 14515 14516
l 14517 14518
l 14518 14519
l 14519 14520
l 14520 14521
l 14521 14522
l 14522 14523
l 14523 14524
l 14524 14525
l 14525 14526
l 14526 14527
l 14527 14528
l 14528 14529
l 14529 14530
l 14530 14531
l 14531 14532
l 14532 14533
l 14533 14534
l 14534 14535
l 14535 14536
l 14536 14537
l 14537 14538
l 14538 14539
l 14539 14540
l 14540 14541
l 14541 14542
l 14542 14543
l 14543 14544
l 14544 14545
l 14545 14546
l 14546 14547
l 14547 14548
l 14548 14549
l 14549 14550
l 14550 14551
l 14551 14552
l 14552 14553
l 14553 14554
l 14554 14555
l 14555 14556
l 14556 14557
l 14557 14558
l 14558 14559
l 14559 14560
l 14560 14561
l 14561 14562
l 14562 14563
l 14563 14564
l 14564 14565
l 14565 14566
l 14566 14567
l 14567 14568
l 14568 14569
l 14569 14570
l 14570 14571
l 14571 14572
l 14572 14573
l 14573 14574
l 14574 14575
l 14575 14576
l 14576 14577
l 14577 14578
l 14578 14579
l 14579 14580
l 14580 14581
l 14582 14583
l 14583 14584
l 14584 14585
l 14585 14586
l 14586 14587
l 14587 14588
l 14588 14589
l 14589 14590
l 14590 14591
l 14591 14592
l 14592 14593
l 14593 14594
l 14594 14595
l 14595 14596
l 14596 14597
l 14597 14598
l 14598 14599
l 14599 14600
l 14600 14601
l 14601 14602
l 14602 14603
l 14603 14604
l 14604 14605
l 14605 14606
l 14606 14607
l 14607 14608
l 14608 14609
l 14609 14610
l 14610 14611
l 14611 14612
l 14612 14613
l 14613 14614
l 14614 14615
l 14615 14616
l 14616 14617
l 14617 14618
l 14618 14619
l 14619 14620
l 14620 14621
l 14621 14622
l 14622 14623
l 14623 14624
l 14624 14625
l 14625 14626
l 14626 14627
l 14627 14628
l 14628 14629
l 14629 14630
l 14630 14631
l 14631 14632
l 14632 14633
l 14633 14634
l 14634 14635
l 14635 14636
l 14636 14637
l 14637 14638
l 14638 14639
l 14639 14640
l 14640 14641
l 14641 14642
l 14642 14643
l 14643 14644
l 14644 14645
l 14645 14646
l 14647 14648
l 14648 14649
l 14649 14650
l 14650 14651
l 14651 14652
l 14652 14653
l 14653 14654
l 14654 14655
l 14655 14656
l 14656 14657
l 14657 14658
l 14658 14659
l 14659 14660
l 14660 14661
l 14661 14662
l 14662 14663
l 14663 14664
l 14664 14665
l 14665 14666
l 14666 14667
l 14667 14668
l 14668 14669
l 14669 14670
l 14670 14671
l 14671 14672
l 14672 14673
l 14673 14674
l 14674 14675
l 14675 14676
l 14676 14677
l 14677 14678
l 14678 14679
l 14679 14680
l 14680 14681
l 14681 14682
l 14682 14683
l 14683 14684
l 14684 14685
l 14685 14686
l 14686 14687
l 14687 14688
l 14688 14689
l 14689 14690
l 14690 14691
l 14691 14692
l 14692 14693
l 14693 14694
l 14694 14695
l 14695 14696
l 14696 14697
l 14697 14698
l 14698 14699
l 14699 14700
l 14700 14701
l 14701 14702
l 14702 14703
l 14703 14704
l 14704 14705
l 14705 14706
l 14706 14707
l 14707 14708
l 14708 14709
l 14709 14710
l 14710 14711

