$MeshFormat
4.1 0 8
$EndMeshFormat
$PhysicalNames
8
2 1 "ambient"
2 2 "tag_0"
2 3 "tag_1"
2 4 "tag_2"
2 5 "tag_3"
2 6 "tag_4"
2 7 "tag_5"
2 8 "tag_6"
$EndPhysicalNames
$Entities
0 0 8 0
1 -0.02916330500526509 -0.03410564437923547 0 1.036767066462047 0.9445100648146008 0 1 1 0 
2 0.1577646752796324 0.09390444810543658 0 0.451010144801873 0.2965403624382207 0 1 2 0 
3 0.2494102985793352 0.7518814682663204 0 0.3354331940071557 0.8379043636941409 0 1 3 0 
4 0.8765937045040048 0.6937271476671019 0 0.9883156859408059 0.8960586842933593 0 1 4 0 
5 0.01928807551597639 0.01434573614200602 0 0.9395257630342708 0.09932806945931194 0 1 5 0 
6 0.1762767710049423 0.7331136738056013 0 0.8846787479406919 0.85667215815486 0 1 6 0 
7 0.161 0.07199999999999999 0 0.3 0.113 0 1 7 0 
8 0.302 0.07199999999999999 0 0.432 0.113 0 1 8 0 
$EndEntities
$Nodes
8 9834 1 9834
2 1 0 9834
1
2
3
4
5
6
7
8
9
10
11
12
13
14
15
16
17
18
19
20
21
22
23
24
25
26
27
28
29
30
31
32
33
34
35
36
37
38
39
40
41
42
43
44
45
46
47
48
49
50
51
52
53
54
55
56
57
58
59
60
61
62
63
64
65
66
67
68
69
70
71
72
73
74
75
76
77
78
79
80
81
82
83
84
85
86
87
88
89
90
91
92
93
94
95
96
97
98
99
100
101
102
103
104
105
106
107
108
109
110
111
112
113
114
115
116
117
118
119
120
121
122
123
124
125
126
127
128
129
130
131
132
133
134
135
136
137
138
139
140
141
142
143
144
145
146
147
148
149
150
151
152
153
154
155
156
157
158
159
160
161
162
163
164
165
166
167
168
169
170
171
172
173
174
175
176
177
178
179
180
181
182
183
184
185
186
187
188
189
190
191
192
193
194
195
196
197
198
199
200
201
202
203
204
205
206
207
208
209
210
211
212
213
214
215
216
217
218
219
220
221
222
223
224
225
226
227
228
229
230
231
232
233
234
235
236
237
238
239
240
241
242
243
244
245
246
247
248
249
250
251
252
253
254
255
256
257
258
259
260
261
262
263
264
265
266
267
268
269
270
271
272
273
274
275
276
277
278
279
280
281
282
283
284
285
286
287
288
289
290
291
292
293
294
295
296
297
298
299
300
301
302
303
304
305
306
307
308
309
310
311
312
313
314
315
316
317
318
319
320
321
322
323
324
325
326
327
328
329
330
331
332
333
334
335
336
337
338
339
340
341
342
343
344
345
346
347
348
349
350
351
352
353
354
355
356
357
358
359
360
361
362
363
364
365
366
367
368
369
370
371
372
373
374
375
376
377
378
379
380
381
382
383
384
385
386
387
388
389
390
391
392
393
394
395
396
397
398
399
400
401
402
403
404
405
406
407
408
409
410
411
412
413
414
415
416
417
418
419
420
421
422
423
424
425
426
427
428
429
430
431
432
433
434
435
436
437
438
439
440
441
442
443
444
445
446
447
448
449
450
451
452
453
454
455
456
457
458
459
460
461
462
463
464
465
466
467
468
469
470
471
472
473
474
475
476
477
478
479
480
481
482
483
484
485
486
487
488
489
490
491
492
493
494
495
496
497
498
499
500
501
502
503
504
505
506
507
508
509
510
511
512
513
514
515
516
517
518
519
520
521
522
523
524
525
526
527
528
529
530
531
532
533
534
535
536
537
538
539
540
541
542
543
544
545
546
547
548
549
550
551
552
553
554
555
556
557
558
559
560
561
562
563
564
565
566
567
568
569
570
571
572
573
574
575
576
577
578
579
580
581
582
583
584
585
586
587
588
589
590
591
592
593
594
595
596
597
598
599
600
601
602
603
604
605
606
607
608
609
610
611
612
613
614
615
616
617
618
619
620
621
622
623
624
625
626
627
628
629
630
631
632
633
634
635
636
637
638
639
640
641
642
643
644
645
646
647
648
649
650
651
652
653
654
655
656
657
658
659
660
661
662
663
664
665
666
667
668
669
670
671
672
673
674
675
676
677
678
679
680
681
682
683
684
685
686
687
688
689
690
691
692
693
694
695
696
697
698
699
700
701
702
703
704
705
706
707
708
709
710
711
712
713
714
715
716
717
718
719
720
721
722
723
724
725
726
727
728
729
730
731
732
733
734
735
736
737
738
739
740
741
742
743
744
745
746
747
748
749
750
751
752
753
754
755
756
757
758
759
760
761
762
763
764
765
766
767
768
769
770
771
772
773
774
775
776
777
778
779
780
781
782
783
784
785
786
787
788
789
790
791
792
793
794
795
796
797
798
799
800
801
802
803
804
805
806
807
808
809
810
811
812
813
814
815
816
817
818
819
820
821
822
823
824
825
826
827
828
829
830
831
832
833
834
835
836
837
838
839
840
841
842
843
844
845
846
847
848
849
850
851
852
853
854
855
856
857
858
859
860
861
862
863
864
865
866
867
868
869
870
871
872
873
874
875
876
877
878
879
880
881
882
883
884
885
886
887
888
889
890
891
892
893
894
895
896
897
898
899
900
901
902
903
904
905
906
907
908
909
910
911
912
913
914
915
916
917
918
919
920
921
922
923
924
925
926
927
928
929
930
931
932
933
934
935
936
937
938
939
940
941
942
943
944
945
946
947
948
949
950
951
952
953
954
955
956
957
958
959
960
961
962
963
964
965
966
967
968
969
970
971
972
973
974
975
976
977
978
979
980
981
982
983
984
985
986
987
988
989
990
991
992
993
994
995
996
997
998
999
1000
1001
1002
1003
1004
1005
1006
1007
1008
1009
1010
1011
1012
1013
1014
1015
1016
1017
1018
1019
1020
1021
1022
1023
1024
1025
1026
1027
1028
1029
1030
1031
1032
1033
1034
1035
1036
1037
1038
1039
1040
1041
1042
1043
1044
1045
1046
1047
1048
1049
1050
1051
1052
1053
1054
1055
1056
1057
1058
1059
1060
1061
1062
1063
1064
1065
1066
1067
1068
1069
1070
1071
1072
1073
1074
1075
1076
1077
1078
1079
1080
1081
1082
1083
1084
1085
1086
1087
1088
1089
1090
1091
1092
1093
1094
1095
1096
1097
1098
1099
1100
1101
1102
1103
1104
1105
1106
1107
1108
1109
1110
1111
1112
1113
1114
1115
1116
1117
1118
1119
1120
1121
1122
1123
1124
1125
1126
1127
1128
1129
1130
1131
1132
1133
1134
1135
1136
1137
1138
1139
1140
1141
1142
1143
1144
1145
1146
1147
1148
1149
1150
1151
1152
1153
1154
1155
1156
1157
1158
1159
1160
1161
1162
1163
1164
1165
1166
1167
1168
1169
1170
1171
1172
1173
1174
1175
1176
1177
1178
1179
1180
1181
1182
1183
1184
1185
1186
1187
1188
1189
1190
1191
1192
1193
1194
1195
1196
1197
1198
1199
1200
1201
1202
1203
1204
1205
1206
1207
1208
1209
1210
1211
1212
1213
1214
1215
1216
1217
1218
1219
1220
1221
1222
1223
1224
1225
1226
1227
1228
1229
1230
1231
1232
1233
1234
1235
1236
1237
1238
1239
1240
1241
1242
1243
1244
1245
1246
1247
1248
1249
1250
1251
1252
1253
1254
1255
1256
1257
1258
1259
1260
1261
1262
1263
1264
1265
1266
1267
1268
1269
1270
1271
1272
1273
1274
1275
1276
1277
1278
1279
1280
1281
1282
1283
1284
1285
1286
1287
1288
1289
1290
1291
1292
1293
1294
1295
1296
1297
1298
1299
1300
1301
1302
1303
1304
1305
1306
1307
1308
1309
1310
1311
1312
1313
1314
1315
1316
1317
1318
1319
1320
1321
1322
1323
1324
1325
1326
1327
1328
1329
1330
1331
1332
1333
1334
1335
1336
1337
1338
1339
1340
1341
1342
1343
1344
1345
1346
1347
1348
1349
1350
1351
1352
1353
1354
1355
1356
1357
1358
1359
1360
1361
1362
1363
1364
1365
1366
1367
1368
1369
1370
1371
1372
1373
1374
1375
1376
1377
1378
1379
1380
1381
1382
1383
1384
1385
1386
1387
1388
1389
1390
1391
1392
1393
1394
1395
1396
1397
1398
1399
1400
1401
1402
1403
1404
1405
1406
1407
1408
1409
1410
1411
1412
1413
1414
1415
1416
1417
1418
1419
1420
1421
1422
1423
1424
1425
1426
1427
1428
1429
1430
1431
1432
1433
1434
1435
1436
1437
1438
1439
1440
1441
1442
1443
1444
1445
1446
1447
1448
1449
1450
1451
1452
1453
1454
1455
1456
1457
1458
1459
1460
1461
1462
1463
1464
1465
1466
1467
1468
1469
1470
1471
1472
1473
1474
1475
1476
1477
1478
1479
1480
1481
1482
1483
1484
1485
1486
1487
1488
1489
1490
1491
1492
1493
1494
1495
1496
1497
1498
1499
1500
1501
1502
1503
1504
1505
1506
1507
1508
1509
1510
1511
1512
1513
1514
1515
1516
1517
1518
1519
1520
1521
1522
1523
1524
1525
1526
1527
1528
1529
1530
1531
1532
1533
1534
1535
1536
1537
1538
1539
1540
1541
1542
1543
1544
1545
1546
1547
1548
1549
1550
1551
1552
1553
1554
1555
1556
1557
1558
1559
1560
1561
1562
1563
1564
1565
1566
1567
1568
1569
1570
1571
1572
1573
1574
1575
1576
1577
1578
1579
1580
1581
1582
1583
1584
1585
1586
1587
1588
1589
1590
1591
1592
1593
1594
1595
1596
1597
1598
1599
1600
1601
1602
1603
1604
1605
1606
1607
1608
1609
1610
1611
1612
1613
1614
1615
1616
1617
1618
1619
1620
1621
1622
1623
1624
1625
1626
1627
1628
1629
1630
1631
1632
1633
1634
1635
1636
1637
1638
1639
1640
1641
1642
1643
1644
1645
1646
1647
1648
1649
1650
1651
1652
1653
1654
1655
1656
1657
1658
1659
1660
1661
1662
1663
1664
1665
1666
1667
1668
1669
1670
1671
1672
1673
1674
1675
1676
1677
1678
1679
1680
1681
1682
1683
1684
1685
1686
1687
1688
1689
1690
1691
1692
1693
1694
1695
1696
1697
1698
1699
1700
1701
1702
1703
1704
1705
1706
1707
1708
1709
1710
1711
1712
1713
1714
1715
1716
1717
1718
1719
1720
1721
1722
1723
1724
1725
1726
1727
1728
1729
1730
1731
1732
1733
1734
1735
1736
1737
1738
1739
1740
1741
1742
1743
1744
1745
1746
1747
1748
1749
1750
1751
1752
1753
1754
1755
1756
1757
1758
1759
1760
1761
1762
1763
1764
1765
1766
1767
1768
1769
1770
1771
1772
1773
1774
1775
1776
1777
1778
1779
1780
1781
1782
1783
1784
1785
1786
1787
1788
1789
1790
1791
1792
1793
1794
1795
1796
1797
1798
1799
1800
1801
1802
1803
1804
1805
1806
1807
1808
1809
1810
1811
1812
1813
1814
1815
1816
1817
1818
1819
1820
1821
1822
1823
1824
1825
1826
1827
1828
1829
1830
1831
1832
1833
1834
1835
1836
1837
1838
1839
1840
1841
1842
1843
1844
1845
1846
1847
1848
1849
1850
1851
1852
1853
1854
1855
1856
1857
1858
1859
1860
1861
1862
1863
1864
1865
1866
1867
1868
1869
1870
1871
1872
1873
1874
1875
1876
1877
1878
1879
1880
1881
1882
1883
1884
1885
1886
1887
1888
1889
1890
1891
1892
1893
1894
1895
1896
1897
1898
1899
1900
1901
1902
1903
1904
1905
1906
1907
1908
1909
1910
1911
1912
1913
1914
1915
1916
1917
1918
1919
1920
1921
1922
1923
1924
1925
1926
1927
1928
1929
1930
1931
1932
1933
1934
1935
1936
1937
1938
1939
1940
1941
1942
1943
1944
1945
1946
1947
1948
1949
1950
1951
1952
1953
1954
1955
1956
1957
1958
1959
1960
1961
1962
1963
1964
1965
1966
1967
1968
1969
1970
1971
1972
1973
1974
1975
1976
1977
1978
1979
1980
1981
1982
1983
1984
1985
1986
1987
1988
1989
1990
1991
1992
1993
1994
1995
1996
1997
1998
1999
2000
2001
2002
2003
2004
2005
2006
2007
2008
2009
2010
2011
2012
2013
2014
2015
2016
2017
2018
2019
2020
2021
2022
2023
2024
2025
2026
2027
2028
2029
2030
2031
2032
2033
2034
2035
2036
2037
2038
2039
2040
2041
2042
2043
2044
2045
2046
2047
2048
2049
2050
2051
2052
2053
2054
2055
2056
2057
2058
2059
2060
2061
2062
2063
2064
2065
2066
2067
2068
2069
2070
2071
2072
2073
2074
2075
2076
2077
2078
2079
2080
2081
2082
2083
2084
2085
2086
2087
2088
2089
2090
2091
2092
2093
2094
2095
2096
2097
2098
2099
2100
2101
2102
2103
2104
2105
2106
2107
2108
2109
2110
2111
2112
2113
2114
2115
2116
2117
2118
2119
2120
2121
2122
2123
2124
2125
2126
2127
2128
2129
2130
2131
2132
2133
2134
2135
2136
2137
2138
2139
2140
2141
2142
2143
2144
2145
2146
2147
2148
2149
2150
2151
2152
2153
2154
2155
2156
2157
2158
2159
2160
2161
2162
2163
2164
2165
2166
2167
2168
2169
2170
2171
2172
2173
2174
2175
2176
2177
2178
2179
2180
2181
2182
2183
2184
2185
2186
2187
2188
2189
2190
2191
2192
2193
2194
2195
2196
2197
2198
2199
2200
2201
2202
2203
2204
2205
2206
2207
2208
2209
2210
2211
2212
2213
2214
2215
2216
2217
2218
2219
2220
2221
2222
2223
2224
2225
2226
2227
2228
2229
2230
2231
2232
2233
2234
2235
2236
2237
2238
2239
2240
2241
2242
2243
2244
2245
2246
2247
2248
2249
2250
2251
2252
2253
2254
2255
2256
2257
2258
2259
2260
2261
2262
2263
2264
2265
2266
2267
2268
2269
2270
2271
2272
2273
2274
2275
2276
2277
2278
2279
2280
2281
2282
2283
2284
2285
2286
2287
2288
2289
2290
2291
2292
2293
2294
2295
2296
2297
2298
2299
2300
2301
2302
2303
2304
2305
2306
2307
2308
2309
2310
2311
2312
2313
2314
2315
2316
2317
2318
2319
2320
2321
2322
2323
2324
2325
2326
2327
2328
2329
2330
2331
2332
2333
2334
2335
2336
2337
2338
2339
2340
2341
2342
2343
2344
2345
2346
2347
2348
2349
2350
2351
2352
2353
2354
2355
2356
2357
2358
2359
2360
2361
2362
2363
2364
2365
2366
2367
2368
2369
2370
2371
2372
2373
2374
2375
2376
2377
2378
2379
2380
2381
2382
2383
2384
2385
2386
2387
2388
2389
2390
2391
2392
2393
2394
2395
2396
2397
2398
2399
2400
2401
2402
2403
2404
2405
2406
2407
2408
2409
2410
2411
2412
2413
2414
2415
2416
2417
2418
2419
2420
2421
2422
2423
2424
2425
2426
2427
2428
2429
2430
2431
2432
2433
2434
2435
2436
2437
2438
2439
2440
2441
2442
2443
2444
2445
2446
2447
2448
2449
2450
2451
2452
2453
2454
2455
2456
2457
2458
2459
2460
2461
2462
2463
2464
2465
2466
2467
2468
2469
2470
2471
2472
2473
2474
2475
2476
2477
2478
2479
2480
2481
2482
2483
2484
2485
2486
2487
2488
2489
2490
2491
2492
2493
2494
2495
2496
2497
2498
2499
2500
2501
2502
2503
2504
2505
2506
2507
2508
2509
2510
2511
2512
2513
2514
2515
2516
2517
2518
2519
2520
2521
2522
2523
2524
2525
2526
2527
2528
2529
2530
2531
2532
2533
2534
2535
2536
2537
2538
2539
2540
2541
2542
2543
2544
2545
2546
2547
2548
2549
2550
2551
2552
2553
2554
2555
2556
2557
2558
2559
2560
2561
2562
2563
2564
2565
2566
2567
2568
2569
2570
2571
2572
2573
2574
2575
2576
2577
2578
2579
2580
2581
2582
2583
2584
2585
2586
2587
2588
2589
2590
2591
2592
2593
2594
2595
2596
2597
2598
2599
2600
2601
2602
2603
2604
2605
2606
2607
2608
2609
2610
2611
2612
2613
2614
2615
2616
2617
2618
2619
2620
2621
2622
2623
2624
2625
2626
2627
2628
2629
2630
2631
2632
2633
2634
2635
2636
2637
2638
2639
2640
2641
2642
2643
2644
2645
2646
2647
2648
2649
2650
2651
2652
2653
2654
2655
2656
2657
2658
2659
2660
2661
2662
2663
2664
2665
2666
2667
2668
2669
2670
2671
2672
2673
2674
2675
2676
2677
2678
2679
2680
2681
2682
2683
2684
2685
2686
2687
2688
2689
2690
2691
2692
2693
2694
2695
2696
2697
2698
2699
2700
2701
2702
2703
2704
2705
2706
2707
2708
2709
2710
2711
2712
2713
2714
2715
2716
2717
2718
2719
2720
2721
2722
2723
2724
2725
2726
2727
2728
2729
2730
2731
2732
2733
2734
2735
2736
2737
2738
2739
2740
2741
2742
2743
2744
2745
2746
2747
2748
2749
2750
2751
2752
2753
2754
2755
2756
2757
2758
2759
2760
2761
2762
2763
2764
2765
2766
2767
2768
2769
2770
2771
2772
2773
2774
2775
2776
2777
2778
2779
2780
2781
2782
2783
2784
2785
2786
2787
2788
2789
2790
2791
2792
2793
2794
2795
2796
2797
2798
2799
2800
2801
2802
2803
2804
2805
2806
2807
2808
2809
2810
2811
2812
2813
2814
2815
2816
2817
2818
2819
2820
2821
2822
2823
2824
2825
2826
2827
2828
2829
2830
2831
2832
2833
2834
2835
2836
2837
2838
2839
2840
2841
2842
2843
2844
2845
2846
2847
2848
2849
2850
2851
2852
2853
2854
2855
2856
2857
2858
2859
2860
2861
2862
2863
2864
2865
2866
2867
2868
2869
2870
2871
2872
2873
2874
2875
2876
2877
2878
2879
2880
2881
2882
2883
2884
2885
2886
2887
2888
2889
2890
2891
2892
2893
2894
2895
2896
2897
2898
2899
2900
2901
2902
2903
2904
2905
2906
2907
2908
2909
2910
2911
2912
2913
2914
2915
2916
2917
2918
2919
2920
2921
2922
2923
2924
2925
2926
2927
2928
2929
2930
2931
2932
2933
2934
2935
2936
2937
2938
2939
2940
2941
2942
2943
2944
2945
2946
2947
2948
2949
2950
2951
2952
2953
2954
2955
2956
2957
2958
2959
2960
2961
2962
2963
2964
2965
2966
2967
2968
2969
2970
2971
2972
2973
2974
2975
2976
2977
2978
2979
2980
2981
2982
2983
2984
2985
2986
2987
2988
2989
2990
2991
2992
2993
2994
2995
2996
2997
2998
2999
3000
3001
3002
3003
3004
3005
3006
3007
3008
3009
3010
3011
3012
3013
3014
3015
3016
3017
3018
3019
3020
3021
3022
3023
3024
3025
3026
3027
3028
3029
3030
3031
3032
3033
3034
3035
3036
3037
3038
3039
3040
3041
3042
3043
3044
3045
3046
3047
3048
3049
3050
3051
3052
3053
3054
3055
3056
3057
3058
3059
3060
3061
3062
3063
3064
3065
3066
3067
3068
3069
3070
3071
3072
3073
3074
3075
3076
3077
3078
3079
3080
3081
3082
3083
3084
3085
3086
3087
3088
3089
3090
3091
3092
3093
3094
3095
3096
3097
3098
3099
3100
3101
3102
3103
3104
3105
3106
3107
3108
3109
3110
3111
3112
3113
3114
3115
3116
3117
3118
3119
3120
3121
3122
3123
3124
3125
3126
3127
3128
3129
3130
3131
3132
3133
3134
3135
3136
3137
3138
3139
3140
3141
3142
3143
3144
3145
3146
3147
3148
3149
3150
3151
3152
3153
3154
3155
3156
3157
3158
3159
3160
3161
3162
3163
3164
3165
3166
3167
3168
3169
3170
3171
3172
3173
3174
3175
3176
3177
3178
3179
3180
3181
3182
3183
3184
3185
3186
3187
3188
3189
3190
3191
3192
3193
3194
3195
3196
3197
3198
3199
3200
3201
3202
3203
3204
3205
3206
3207
3208
3209
3210
3211
3212
3213
3214
3215
3216
3217
3218
3219
3220
3221
3222
3223
3224
3225
3226
3227
3228
3229
3230
3231
3232
3233
3234
3235
3236
3237
3238
3239
3240
3241
3242
3243
3244
3245
3246
3247
3248
3249
3250
3251
3252
3253
3254
3255
3256
3257
3258
3259
3260
3261
3262
3263
3264
3265
3266
3267
3268
3269
3270
3271
3272
3273
3274
3275
3276
3277
3278
3279
3280
3281
3282
3283
3284
3285
3286
3287
3288
3289
3290
3291
3292
3293
3294
3295
3296
3297
3298
3299
3300
3301
3302
3303
3304
3305
3306
3307
3308
3309
3310
3311
3312
3313
3314
3315
3316
3317
3318
3319
3320
3321
3322
3323
3324
3325
3326
3327
3328
3329
3330
3331
3332
3333
3334
3335
3336
3337
3338
3339
3340
3341
3342
3343
3344
3345
3346
3347
3348
3349
3350
3351
3352
3353
3354
3355
3356
3357
3358
3359
3360
3361
3362
3363
3364
3365
3366
3367
3368
3369
3370
3371
3372
3373
3374
3375
3376
3377
3378
3379
3380
3381
3382
3383
3384
3385
3386
3387
3388
3389
3390
3391
3392
3393
3394
3395
3396
3397
3398
3399
3400
3401
3402
3403
3404
3405
3406
3407
3408
3409
3410
3411
3412
3413
3414
3415
3416
3417
3418
3419
3420
3421
3422
3423
3424
3425
3426
3427
3428
3429
3430
3431
3432
3433
3434
3435
3436
3437
3438
3439
3440
3441
3442
3443
3444
3445
3446
3447
3448
3449
3450
3451
3452
3453
3454
3455
3456
3457
3458
3459
3460
3461
3462
3463
3464
3465
3466
3467
3468
3469
3470
3471
3472
3473
3474
3475
3476
3477
3478
3479
3480
3481
3482
3483
3484
3485
3486
3487
3488
3489
3490
3491
3492
3493
3494
3495
3496
3497
3498
3499
3500
3501
3502
3503
3504
3505
3506
3507
3508
3509
3510
3511
3512
3513
3514
3515
3516
3517
3518
3519
3520
3521
3522
3523
3524
3525
3526
3527
3528
3529
3530
3531
3532
3533
3534
3535
3536
3537
3538
3539
3540
3541
3542
3543
3544
3545
3546
3547
3548
3549
3550
3551
3552
3553
3554
3555
3556
3557
3558
3559
3560
3561
3562
3563
3564
3565
3566
3567
3568
3569
3570
3571
3572
3573
3574
3575
3576
3577
3578
3579
3580
3581
3582
3583
3584
3585
3586
3587
3588
3589
3590
3591
3592
3593
3594
3595
3596
3597
3598
3599
3600
3601
3602
3603
3604
3605
3606
3607
3608
3609
3610
3611
3612
3613
3614
3615
3616
3617
3618
3619
3620
3621
3622
3623
3624
3625
3626
3627
3628
3629
3630
3631
3632
3633
3634
3635
3636
3637
3638
3639
3640
3641
3642
3643
3644
3645
3646
3647
3648
3649
3650
3651
3652
3653
3654
3655
3656
3657
3658
3659
3660
3661
3662
3663
3664
3665
3666
3667
3668
3669
3670
3671
3672
3673
3674
3675
3676
3677
3678
3679
3680
3681
3682
3683
3684
3685
3686
3687
3688
3689
3690
3691
3692
3693
3694
3695
3696
3697
3698
3699
3700
3701
3702
3703
3704
3705
3706
3707
3708
3709
3710
3711
3712
3713
3714
3715
3716
3717
3718
3719
3720
3721
3722
3723
3724
3725
3726
3727
3728
3729
3730
3731
3732
3733
3734
3735
3736
3737
3738
3739
3740
3741
3742
3743
3744
3745
3746
3747
3748
3749
3750
3751
3752
3753
3754
3755
3756
3757
3758
3759
3760
3761
3762
3763
3764
3765
3766
3767
3768
3769
3770
3771
3772
3773
3774
3775
3776
3777
3778
3779
3780
3781
3782
3783
3784
3785
3786
3787
3788
3789
3790
3791
3792
3793
3794
3795
3796
3797
3798
3799
3800
3801
3802
3803
3804
3805
3806
3807
3808
3809
3810
3811
3812
3813
3814
3815
3816
3817
3818
3819
3820
3821
3822
3823
3824
3825
3826
3827
3828
3829
3830
3831
3832
3833
3834
3835
3836
3837
3838
3839
3840
3841
3842
3843
3844
3845
3846
3847
3848
3849
3850
3851
3852
3853
3854
3855
3856
3857
3858
3859
3860
3861
3862
3863
3864
3865
3866
3867
3868
3869
3870
3871
3872
3873
3874
3875
3876
3877
3878
3879
3880
3881
3882
3883
3884
3885
3886
3887
3888
3889
3890
3891
3892
3893
3894
3895
3896
3897
3898
3899
3900
3901
3902
3903
3904
3905
3906
3907
3908
3909
3910
3911
3912
3913
3914
3915
3916
3917
3918
3919
3920
3921
3922
3923
3924
3925
3926
3927
3928
3929
3930
3931
3932
3933
3934
3935
3936
3937
3938
3939
3940
3941
3942
3943
3944
3945
3946
3947
3948
3949
3950
3951
3952
3953
3954
3955
3956
3957
3958
3959
3960
3961
3962
3963
3964
3965
3966
3967
3968
3969
3970
3971
3972
3973
3974
3975
3976
3977
3978
3979
3980
3981
3982
3983
3984
3985
3986
3987
3988
3989
3990
3991
3992
3993
3994
3995
3996
3997
3998
3999
4000
4001
4002
4003
4004
4005
4006
4007
4008
4009
4010
4011
4012
4013
4014
4015
4016
4017
4018
4019
4020
4021
4022
4023
4024
4025
4026
4027
4028
4029
4030
4031
4032
4033
4034
4035
4036
4037
4038
4039
4040
4041
4042
4043
4044
4045
4046
4047
4048
4049
4050
4051
4052
4053
4054
4055
4056
4057
4058
4059
4060
4061
4062
4063
4064
4065
4066
4067
4068
4069
4070
4071
4072
4073
4074
4075
4076
4077
4078
4079
4080
4081
4082
4083
4084
4085
4086
4087
4088
4089
4090
4091
4092
4093
4094
4095
4096
4097
4098
4099
4100
4101
4102
4103
4104
4105
4106
4107
4108
4109
4110
4111
4112
4113
4114
4115
4116
4117
4118
4119
4120
4121
4122
4123
4124
4125
4126
4127
4128
4129
4130
4131
4132
4133
4134
4135
4136
4137
4138
4139
4140
4141
4142
4143
4144
4145
4146
4147
4148
4149
4150
4151
4152
4153
4154
4155
4156
4157
4158
4159
4160
4161
4162
4163
4164
4165
4166
4167
4168
4169
4170
4171
4172
4173
4174
4175
4176
4177
4178
4179
4180
4181
4182
4183
4184
4185
4186
4187
4188
4189
4190
4191
4192
4193
4194
4195
4196
4197
4198
4199
4200
4201
4202
4203
4204
4205
4206
4207
4208
4209
4210
4211
4212
4213
4214
4215
4216
4217
4218
4219
4220
4221
4222
4223
4224
4225
4226
4227
4228
4229
4230
4231
4232
4233
4234
4235
4236
4237
4238
4239
4240
4241
4242
4243
4244
4245
4246
4247
4248
4249
4250
4251
4252
4253
4254
4255
4256
4257
4258
4259
4260
4261
4262
4263
4264
4265
4266
4267
4268
4269
4270
4271
4272
4273
4274
4275
4276
4277
4278
4279
4280
4281
4282
4283
4284
4285
4286
4287
4288
4289
4290
4291
4292
4293
4294
4295
4296
4297
4298
4299
4300
4301
4302
4303
4304
4305
4306
4307
4308
4309
4310
4311
4312
4313
4314
4315
4316
4317
4318
4319
4320
4321
4322
4323
4324
4325
4326
4327
4328
4329
4330
4331
4332
4333
4334
4335
4336
4337
4338
4339
4340
4341
4342
4343
4344
4345
4346
4347
4348
4349
4350
4351
4352
4353
4354
4355
4356
4357
4358
4359
4360
4361
4362
4363
4364
4365
4366
4367
4368
4369
4370
4371
4372
4373
4374
4375
4376
4377
4378
4379
4380
4381
4382
4383
4384
4385
4386
4387
4388
4389
4390
4391
4392
4393
4394
4395
4396
4397
4398
4399
4400
4401
4402
4403
4404
4405
4406
4407
4408
4409
4410
4411
4412
4413
4414
4415
4416
4417
4418
4419
4420
4421
4422
4423
4424
4425
4426
4427
4428
4429
4430
4431
4432
4433
4434
4435
4436
4437
4438
4439
4440
4441
4442
4443
4444
4445
4446
4447
4448
4449
4450
4451
4452
4453
4454
4455
4456
4457
4458
4459
4460
4461
4462
4463
4464
4465
4466
4467
4468
4469
4470
4471
4472
4473
4474
4475
4476
4477
4478
4479
4480
4481
4482
4483
4484
4485
4486
4487
4488
4489
4490
4491
4492
4493
4494
4495
4496
4497
4498
4499
4500
4501
4502
4503
4504
4505
4506
4507
4508
4509
4510
4511
4512
4513
4514
4515
4516
4517
4518
4519
4520
4521
4522
4523
4524
4525
4526
4527
4528
4529
4530
4531
4532
4533
4534
4535
4536
4537
4538
4539
4540
4541
4542
4543
4544
4545
4546
4547
4548
4549
4550
4551
4552
4553
4554
4555
4556
4557
4558
4559
4560
4561
4562
4563
4564
4565
4566
4567
4568
4569
4570
4571
4572
4573
4574
4575
4576
4577
4578
4579
4580
4581
4582
4583
4584
4585
4586
4587
4588
4589
4590
4591
4592
4593
4594
4595
4596
4597
4598
4599
4600
4601
4602
4603
4604
4605
4606
4607
4608
4609
4610
4611
4612
4613
4614
4615
4616
4617
4618
4619
4620
4621
4622
4623
4624
4625
4626
4627
4628
4629
4630
4631
4632
4633
4634
4635
4636
4637
4638
4639
4640
4641
4642
4643
4644
4645
4646
4647
4648
4649
4650
4651
4652
4653
4654
4655
4656
4657
4658
4659
4660
4661
4662
4663
4664
4665
4666
4667
4668
4669
4670
4671
4672
4673
4674
4675
4676
4677
4678
4679
4680
4681
4682
4683
4684
4685
4686
4687
4688
4689
4690
4691
4692
4693
4694
4695
4696
4697
4698
4699
4700
4701
4702
4703
4704
4705
4706
4707
4708
4709
4710
4711
4712
4713
4714
4715
4716
4717
4718
4719
4720
4721
4722
4723
4724
4725
4726
4727
4728
4729
4730
4731
4732
4733
4734
4735
4736
4737
4738
4739
4740
4741
4742
4743
4744
4745
4746
4747
4748
4749
4750
4751
4752
4753
4754
4755
4756
4757
4758
4759
4760
4761
4762
4763
4764
4765
4766
4767
4768
4769
4770
4771
4772
4773
4774
4775
4776
4777
4778
4779
4780
4781
4782
4783
4784
4785
4786
4787
4788
4789
4790
4791
4792
4793
4794
4795
4796
4797
4798
4799
4800
4801
4802
4803
4804
4805
4806
4807
4808
4809
4810
4811
4812
4813
4814
4815
4816
4817
4818
4819
4820
4821
4822
4823
4824
4825
4826
4827
4828
4829
4830
4831
4832
4833
4834
4835
4836
4837
4838
4839
4840
4841
4842
4843
4844
4845
4846
4847
4848
4849
4850
4851
4852
4853
4854
4855
4856
4857
4858
4859
4860
4861
4862
4863
4864
4865
4866
4867
4868
4869
4870
4871
4872
4873
4874
4875
4876
4877
4878
4879
4880
4881
4882
4883
4884
4885
4886
4887
4888
4889
4890
4891
4892
4893
4894
4895
4896
4897
4898
4899
4900
4901
4902
4903
4904
4905
4906
4907
4908
4909
4910
4911
4912
4913
4914
4915
4916
4917
4918
4919
4920
4921
4922
4923
4924
4925
4926
4927
4928
4929
4930
4931
4932
4933
4934
4935
4936
4937
4938
4939
4940
4941
4942
4943
4944
4945
4946
4947
4948
4949
4950
4951
4952
4953
4954
4955
4956
4957
4958
4959
4960
4961
4962
4963
4964
4965
4966
4967
4968
4969
4970
4971
4972
4973
4974
4975
4976
4977
4978
4979
4980
4981
4982
4983
4984
4985
4986
4987
4988
4989
4990
4991
4992
4993
4994
4995
4996
4997
4998
4999
5000
5001
5002
5003
5004
5005
5006
5007
5008
5009
5010
5011
5012
5013
5014
5015
5016
5017
5018
5019
5020
5021
5022
5023
5024
5025
5026
5027
5028
5029
5030
5031
5032
5033
5034
5035
5036
5037
5038
5039
5040
5041
5042
5043
5044
5045
5046
5047
5048
5049
5050
5051
5052
5053
5054
5055
5056
5057
5058
5059
5060
5061
5062
5063
5064
5065
5066
5067
5068
5069
5070
5071
5072
5073
5074
5075
5076
5077
5078
5079
5080
5081
5082
5083
5084
5085
5086
5087
5088
5089
5090
5091
5092
5093
5094
5095
5096
5097
5098
5099
5100
5101
5102
5103
5104
5105
5106
5107
5108
5109
5110
5111
5112
5113
5114
5115
5116
5117
5118
5119
5120
5121
5122
5123
5124
5125
5126
5127
5128
5129
5130
5131
5132
5133
5134
5135
5136
5137
5138
5139
5140
5141
5142
5143
5144
5145
5146
5147
5148
5149
5150
5151
5152
5153
5154
5155
5156
5157
5158
5159
5160
5161
5162
5163
5164
5165
5166
5167
5168
5169
5170
5171
5172
5173
5174
5175
5176
5177
5178
5179
5180
5181
5182
5183
5184
5185
5186
5187
5188
5189
5190
5191
5192
5193
5194
5195
5196
5197
5198
5199
5200
5201
5202
5203
5204
5205
5206
5207
5208
5209
5210
5211
5212
5213
5214
5215
5216
5217
5218
5219
5220
5221
5222
5223
5224
5225
5226
5227
5228
5229
5230
5231
5232
5233
5234
5235
5236
5237
5238
5239
5240
5241
5242
5243
5244
5245
5246
5247
5248
5249
5250
5251
5252
5253
5254
5255
5256
5257
5258
5259
5260
5261
5262
5263
5264
5265
5266
5267
5268
5269
5270
5271
5272
5273
5274
5275
5276
5277
5278
5279
5280
5281
5282
5283
5284
5285
5286
5287
5288
5289
5290
5291
5292
5293
5294
5295
5296
5297
5298
5299
5300
5301
5302
5303
5304
5305
5306
5307
5308
5309
5310
5311
5312
5313
5314
5315
5316
5317
5318
5319
5320
5321
5322
5323
5324
5325
5326
5327
5328
5329
5330
5331
5332
5333
5334
5335
5336
5337
5338
5339
5340
5341
5342
5343
5344
5345
5346
5347
5348
5349
5350
5351
5352
5353
5354
5355
5356
5357
5358
5359
5360
5361
5362
5363
5364
5365
5366
5367
5368
5369
5370
5371
5372
5373
5374
5375
5376
5377
5378
5379
5380
5381
5382
5383
5384
5385
5386
5387
5388
5389
5390
5391
5392
5393
5394
5395
5396
5397
5398
5399
5400
5401
5402
5403
5404
5405
5406
5407
5408
5409
5410
5411
5412
5413
5414
5415
5416
5417
5418
5419
5420
5421
5422
5423
5424
5425
5426
5427
5428
5429
5430
5431
5432
5433
5434
5435
5436
5437
5438
5439
5440
5441
5442
5443
5444
5445
5446
5447
5448
5449
5450
5451
5452
5453
5454
5455
5456
5457
5458
5459
5460
5461
5462
5463
5464
5465
5466
5467
5468
5469
5470
5471
5472
5473
5474
5475
5476
5477
5478
5479
5480
5481
5482
5483
5484
5485
5486
5487
5488
5489
5490
5491
5492
5493
5494
5495
5496
5497
5498
5499
5500
5501
5502
5503
5504
5505
5506
5507
5508
5509
5510
5511
5512
5513
5514
5515
5516
5517
5518
5519
5520
5521
5522
5523
5524
5525
5526
5527
5528
5529
5530
5531
5532
5533
5534
5535
5536
5537
5538
5539
5540
5541
5542
5543
5544
5545
5546
5547
5548
5549
5550
5551
5552
5553
5554
5555
5556
5557
5558
5559
5560
5561
5562
5563
5564
5565
5566
5567
5568
5569
5570
5571
5572
5573
5574
5575
5576
5577
5578
5579
5580
5581
5582
5583
5584
5585
5586
5587
5588
5589
5590
5591
5592
5593
5594
5595
5596
5597
5598
5599
5600
5601
5602
5603
5604
5605
5606
5607
5608
5609
5610
5611
5612
5613
5614
5615
5616
5617
5618
5619
5620
5621
5622
5623
5624
5625
5626
5627
5628
5629
5630
5631
5632
5633
5634
5635
5636
5637
5638
5639
5640
5641
5642
5643
5644
5645
5646
5647
5648
5649
5650
5651
5652
5653
5654
5655
5656
5657
5658
5659
5660
5661
5662
5663
5664
5665
5666
5667
5668
5669
5670
5671
5672
5673
5674
5675
5676
5677
5678
5679
5680
5681
5682
5683
5684
5685
5686
5687
5688
5689
5690
5691
5692
5693
5694
5695
5696
5697
5698
5699
5700
5701
5702
5703
5704
5705
5706
5707
5708
5709
5710
5711
5712
5713
5714
5715
5716
5717
5718
5719
5720
5721
5722
5723
5724
5725
5726
5727
5728
5729
5730
5731
5732
5733
5734
5735
5736
5737
5738
5739
5740
5741
5742
5743
5744
5745
5746
5747
5748
5749
5750
5751
5752
5753
5754
5755
5756
5757
5758
5759
5760
5761
5762
5763
5764
5765
5766
5767
5768
5769
5770
5771
5772
5773
5774
5775
5776
5777
5778
5779
5780
5781
5782
5783
5784
5785
5786
5787
5788
5789
5790
5791
5792
5793
5794
5795
5796
5797
5798
5799
5800
5801
5802
5803
5804
5805
5806
5807
5808
5809
5810
5811
5812
5813
5814
5815
5816
5817
5818
5819
5820
5821
5822
5823
5824
5825
5826
5827
5828
5829
5830
5831
5832
5833
5834
5835
5836
5837
5838
5839
5840
5841
5842
5843
5844
5845
5846
5847
5848
5849
5850
5851
5852
5853
5854
5855
5856
5857
5858
5859
5860
5861
5862
5863
5864
5865
5866
5867
5868
5869
5870
5871
5872
5873
5874
5875
5876
5877
5878
5879
5880
5881
5882
5883
5884
5885
5886
5887
5888
5889
5890
5891
5892
5893
5894
5895
5896
5897
5898
5899
5900
5901
5902
5903
5904
5905
5906
5907
5908
5909
5910
5911
5912
5913
5914
5915
5916
5917
5918
5919
5920
5921
5922
5923
5924
5925
5926
5927
5928
5929
5930
5931
5932
5933
5934
5935
5936
5937
5938
5939
5940
5941
5942
5943
5944
5945
5946
5947
5948
5949
5950
5951
5952
5953
5954
5955
5956
5957
5958
5959
5960
5961
5962
5963
5964
5965
5966
5967
5968
5969
5970
5971
5972
5973
5974
5975
5976
5977
5978
5979
5980
5981
5982
5983
5984
5985
5986
5987
5988
5989
5990
5991
5992
5993
5994
5995
5996
5997
5998
5999
6000
6001
6002
6003
6004
6005
6006
6007
6008
6009
6010
6011
6012
6013
6014
6015
6016
6017
6018
6019
6020
6021
6022
6023
6024
6025
6026
6027
6028
6029
6030
6031
6032
6033
6034
6035
6036
6037
6038
6039
6040
6041
6042
6043
6044
6045
6046
6047
6048
6049
6050
6051
6052
6053
6054
6055
6056
6057
6058
6059
6060
6061
6062
6063
6064
6065
6066
6067
6068
6069
6070
6071
6072
6073
6074
6075
6076
6077
6078
6079
6080
6081
6082
6083
6084
6085
6086
6087
6088
6089
6090
6091
6092
6093
6094
6095
6096
6097
6098
6099
6100
6101
6102
6103
6104
6105
6106
6107
6108
6109
6110
6111
6112
6113
6114
6115
6116
6117
6118
6119
6120
6121
6122
6123
6124
6125
6126
6127
6128
6129
6130
6131
6132
6133
6134
6135
6136
6137
6138
6139
6140
6141
6142
6143
6144
6145
6146
6147
6148
6149
6150
6151
6152
6153
6154
6155
6156
6157
6158
6159
6160
6161
6162
6163
6164
6165
6166
6167
6168
6169
6170
6171
6172
6173
6174
6175
6176
6177
6178
6179
6180
6181
6182
6183
6184
6185
6186
6187
6188
6189
6190
6191
6192
6193
6194
6195
6196
6197
6198
6199
6200
6201
6202
6203
6204
6205
6206
6207
6208
6209
6210
6211
6212
6213
6214
6215
6216
6217
6218
6219
6220
6221
6222
6223
6224
6225
6226
6227
6228
6229
6230
6231
6232
6233
6234
6235
6236
6237
6238
6239
6240
6241
6242
6243
6244
6245
6246
6247
6248
6249
6250
6251
6252
6253
6254
6255
6256
6257
6258
6259
6260
6261
6262
6263
6264
6265
6266
6267
6268
6269
6270
6271
6272
6273
6274
6275
6276
6277
6278
6279
6280
6281
6282
6283
6284
6285
6286
6287
6288
6289
6290
6291
6292
6293
6294
6295
6296
6297
6298
6299
6300
6301
6302
6303
6304
6305
6306
6307
6308
6309
6310
6311
6312
6313
6314
6315
6316
6317
6318
6319
6320
6321
6322
6323
6324
6325
6326
6327
6328
6329
6330
6331
6332
6333
6334
6335
6336
6337
6338
6339
6340
6341
6342
6343
6344
6345
6346
6347
6348
6349
6350
6351
6352
6353
6354
6355
6356
6357
6358
6359
6360
6361
6362
6363
6364
6365
6366
6367
6368
6369
6370
6371
6372
6373
6374
6375
6376
6377
6378
6379
6380
6381
6382
6383
6384
6385
6386
6387
6388
6389
6390
6391
6392
6393
6394
6395
6396
6397
6398
6399
6400
6401
6402
6403
6404
6405
6406
6407
6408
6409
6410
6411
6412
6413
6414
6415
6416
6417
6418
6419
6420
6421
6422
6423
6424
6425
6426
6427
6428
6429
6430
6431
6432
6433
6434
6435
6436
6437
6438
6439
6440
6441
6442
6443
6444
6445
6446
6447
6448
6449
6450
6451
6452
6453
6454
6455
6456
6457
6458
6459
6460
6461
6462
6463
6464
6465
6466
6467
6468
6469
6470
6471
6472
6473
6474
6475
6476
6477
6478
6479
6480
6481
6482
6483
6484
6485
6486
6487
6488
6489
6490
6491
6492
6493
6494
6495
6496
6497
6498
6499
6500
6501
6502
6503
6504
6505
6506
6507
6508
6509
6510
6511
6512
6513
6514
6515
6516
6517
6518
6519
6520
6521
6522
6523
6524
6525
6526
6527
6528
6529
6530
6531
6532
6533
6534
6535
6536
6537
6538
6539
6540
6541
6542
6543
6544
6545
6546
6547
6548
6549
6550
6551
6552
6553
6554
6555
6556
6557
6558
6559
6560
6561
6562
6563
6564
6565
6566
6567
6568
6569
6570
6571
6572
6573
6574
6575
6576
6577
6578
6579
6580
6581
6582
6583
6584
6585
6586
6587
6588
6589
6590
6591
6592
6593
6594
6595
6596
6597
6598
6599
6600
6601
6602
6603
6604
6605
6606
6607
6608
6609
6610
6611
6612
6613
6614
6615
6616
6617
6618
6619
6620
6621
6622
6623
6624
6625
6626
6627
6628
6629
6630
6631
6632
6633
6634
6635
6636
6637
6638
6639
6640
6641
6642
6643
6644
6645
6646
6647
6648
6649
6650
6651
6652
6653
6654
6655
6656
6657
6658
6659
6660
6661
6662
6663
6664
6665
6666
6667
6668
6669
6670
6671
6672
6673
6674
6675
6676
6677
6678
6679
6680
6681
6682
6683
6684
6685
6686
6687
6688
6689
6690
6691
6692
6693
6694
6695
6696
6697
6698
6699
6700
6701
6702
6703
6704
6705
6706
6707
6708
6709
6710
6711
6712
6713
6714
6715
6716
6717
6718
6719
6720
6721
6722
6723
6724
6725
6726
6727
6728
6729
6730
6731
6732
6733
6734
6735
6736
6737
6738
6739
6740
6741
6742
6743
6744
6745
6746
6747
6748
6749
6750
6751
6752
6753
6754
6755
6756
6757
6758
6759
6760
6761
6762
6763
6764
6765
6766
6767
6768
6769
6770
6771
6772
6773
6774
6775
6776
6777
6778
6779
6780
6781
6782
6783
6784
6785
6786
6787
6788
6789
6790
6791
6792
6793
6794
6795
6796
6797
6798
6799
6800
6801
6802
6803
6804
6805
6806
6807
6808
6809
6810
6811
6812
6813
6814
6815
6816
6817
6818
6819
6820
6821
6822
6823
6824
6825
6826
6827
6828
6829
6830
6831
6832
6833
6834
6835
6836
6837
6838
6839
6840
6841
6842
6843
6844
6845
6846
6847
6848
6849
6850
6851
6852
6853
6854
6855
6856
6857
6858
6859
6860
6861
6862
6863
6864
6865
6866
6867
6868
6869
6870
6871
6872
6873
6874
6875
6876
6877
6878
6879
6880
6881
6882
6883
6884
6885
6886
6887
6888
6889
6890
6891
6892
6893
6894
6895
6896
6897
6898
6899
6900
6901
6902
6903
6904
6905
6906
6907
6908
6909
6910
6911
6912
6913
6914
6915
6916
6917
6918
6919
6920
6921
6922
6923
6924
6925
6926
6927
6928
6929
6930
6931
6932
6933
6934
6935
6936
6937
6938
6939
6940
6941
6942
6943
6944
6945
6946
6947
6948
6949
6950
6951
6952
6953
6954
6955
6956
6957
6958
6959
6960
6961
6962
6963
6964
6965
6966
6967
6968
6969
6970
6971
6972
6973
6974
6975
6976
6977
6978
6979
6980
6981
6982
6983
6984
6985
6986
6987
6988
6989
6990
6991
6992
6993
6994
6995
6996
6997
6998
6999
7000
7001
7002
7003
7004
7005
7006
7007
7008
7009
7010
7011
7012
7013
7014
7015
7016
7017
7018
7019
7020
7021
7022
7023
7024
7025
7026
7027
7028
7029
7030
7031
7032
7033
7034
7035
7036
7037
7038
7039
7040
7041
7042
7043
7044
7045
7046
7047
7048
7049
7050
7051
7052
7053
7054
7055
7056
7057
7058
7059
7060
7061
7062
7063
7064
7065
7066
7067
7068
7069
7070
7071
7072
7073
7074
7075
7076
7077
7078
7079
7080
7081
7082
7083
7084
7085
7086
7087
7088
7089
7090
7091
7092
7093
7094
7095
7096
7097
7098
7099
7100
7101
7102
7103
7104
7105
7106
7107
7108
7109
7110
7111
7112
7113
7114
7115
7116
7117
7118
7119
7120
7121
7122
7123
7124
7125
7126
7127
7128
7129
7130
7131
7132
7133
7134
7135
7136
7137
7138
7139
7140
7141
7142
7143
7144
7145
7146
7147
7148
7149
7150
7151
7152
7153
7154
7155
7156
7157
7158
7159
7160
7161
7162
7163
7164
7165
7166
7167
7168
7169
7170
7171
7172
7173
7174
7175
7176
7177
7178
7179
7180
7181
7182
7183
7184
7185
7186
7187
7188
7189
7190
7191
7192
7193
7194
7195
7196
7197
7198
7199
7200
7201
7202
7203
7204
7205
7206
7207
7208
7209
7210
7211
7212
7213
7214
7215
7216
7217
7218
7219
7220
7221
7222
7223
7224
7225
7226
7227
7228
7229
7230
7231
7232
7233
7234
7235
7236
7237
7238
7239
7240
7241
7242
7243
7244
7245
7246
7247
7248
7249
7250
7251
7252
7253
7254
7255
7256
7257
7258
7259
7260
7261
7262
7263
7264
7265
7266
7267
7268
7269
7270
7271
7272
7273
7274
7275
7276
7277
7278
7279
7280
7281
7282
7283
7284
7285
7286
7287
7288
7289
7290
7291
7292
7293
7294
7295
7296
7297
7298
7299
7300
7301
7302
7303
7304
7305
7306
7307
7308
7309
7310
7311
7312
7313
7314
7315
7316
7317
7318
7319
7320
7321
7322
7323
7324
7325
7326
7327
7328
7329
7330
7331
7332
7333
7334
7335
7336
7337
7338
7339
7340
7341
7342
7343
7344
7345
7346
7347
7348
7349
7350
7351
7352
7353
7354
7355
7356
7357
7358
7359
7360
7361
7362
7363
7364
7365
7366
7367
7368
7369
7370
7371
7372
7373
7374
7375
7376
7377
7378
7379
7380
7381
7382
7383
7384
7385
7386
7387
7388
7389
7390
7391
7392
7393
7394
7395
7396
7397
7398
7399
7400
7401
7402
7403
7404
7405
7406
7407
7408
7409
7410
7411
7412
7413
7414
7415
7416
7417
7418
7419
7420
7421
7422
7423
7424
7425
7426
7427
7428
7429
7430
7431
7432
7433
7434
7435
7436
7437
7438
7439
7440
7441
7442
7443
7444
7445
7446
7447
7448
7449
7450
7451
7452
7453
7454
7455
7456
7457
7458
7459
7460
7461
7462
7463
7464
7465
7466
7467
7468
7469
7470
7471
7472
7473
7474
7475
7476
7477
7478
7479
7480
7481
7482
7483
7484
7485
7486
7487
7488
7489
7490
7491
7492
7493
7494
7495
7496
7497
7498
7499
7500
7501
7502
7503
7504
7505
7506
7507
7508
7509
7510
7511
7512
7513
7514
7515
7516
7517
7518
7519
7520
7521
7522
7523
7524
7525
7526
7527
7528
7529
7530
7531
7532
7533
7534
7535
7536
7537
7538
7539
7540
7541
7542
7543
7544
7545
7546
7547
7548
7549
7550
7551
7552
7553
7554
7555
7556
7557
7558
7559
7560
7561
7562
7563
7564
7565
7566
7567
7568
7569
7570
7571
7572
7573
7574
7575
7576
7577
7578
7579
7580
7581
7582
7583
7584
7585
7586
7587
7588
7589
7590
7591
7592
7593
7594
7595
7596
7597
7598
7599
7600
7601
7602
7603
7604
7605
7606
7607
7608
7609
7610
7611
7612
7613
7614
7615
7616
7617
7618
7619
7620
7621
7622
7623
7624
7625
7626
7627
7628
7629
7630
7631
7632
7633
7634
7635
7636
7637
7638
7639
7640
7641
7642
7643
7644
7645
7646
7647
7648
7649
7650
7651
7652
7653
7654
7655
7656
7657
7658
7659
7660
7661
7662
7663
7664
7665
7666
7667
7668
7669
7670
7671
7672
7673
7674
7675
7676
7677
7678
7679
7680
7681
7682
7683
7684
7685
7686
7687
7688
7689
7690
7691
7692
7693
7694
7695
7696
7697
7698
7699
7700
7701
7702
7703
7704
7705
7706
7707
7708
7709
7710
7711
7712
7713
7714
7715
7716
7717
7718
7719
7720
7721
7722
7723
7724
7725
7726
7727
7728
7729
7730
7731
7732
7733
7734
7735
7736
7737
7738
7739
7740
7741
7742
7743
7744
7745
7746
7747
7748
7749
7750
7751
7752
7753
7754
7755
7756
7757
7758
7759
7760
7761
7762
7763
7764
7765
7766
7767
7768
7769
7770
7771
7772
7773
7774
7775
7776
7777
7778
7779
7780
7781
7782
7783
7784
7785
7786
7787
7788
7789
7790
7791
7792
7793
7794
7795
7796
7797
7798
7799
7800
7801
7802
7803
7804
7805
7806
7807
7808
7809
7810
7811
7812
7813
7814
7815
7816
7817
7818
7819
7820
7821
7822
7823
7824
7825
7826
7827
7828
7829
7830
7831
7832
7833
7834
7835
7836
7837
7838
7839
7840
7841
7842
7843
7844
7845
7846
7847
7848
7849
7850
7851
7852
7853
7854
7855
7856
7857
7858
7859
7860
7861
7862
7863
7864
7865
7866
7867
7868
7869
7870
7871
7872
7873
7874
7875
7876
7877
7878
7879
7880
7881
7882
7883
7884
7885
7886
7887
7888
7889
7890
7891
7892
7893
7894
7895
7896
7897
7898
7899
7900
7901
7902
7903
7904
7905
7906
7907
7908
7909
7910
7911
7912
7913
7914
7915
7916
7917
7918
7919
7920
7921
7922
7923
7924
7925
7926
7927
7928
7929
7930
7931
7932
7933
7934
7935
7936
7937
7938
7939
7940
7941
7942
7943
7944
7945
7946
7947
7948
7949
7950
7951
7952
7953
7954
7955
7956
7957
7958
7959
7960
7961
7962
7963
7964
7965
7966
7967
7968
7969
7970
7971
7972
7973
7974
7975
7976
7977
7978
7979
7980
7981
7982
7983
7984
7985
7986
7987
7988
7989
7990
7991
7992
7993
7994
7995
7996
7997
7998
7999
8000
8001
8002
8003
8004
8005
8006
8007
8008
8009
8010
8011
8012
8013
8014
8015
8016
8017
8018
8019
8020
8021
8022
8023
8024
8025
8026
8027
8028
8029
8030
8031
8032
8033
8034
8035
8036
8037
8038
8039
8040
8041
8042
8043
8044
8045
8046
8047
8048
8049
8050
8051
8052
8053
8054
8055
8056
8057
8058
8059
8060
8061
8062
8063
8064
8065
8066
8067
8068
8069
8070
8071
8072
8073
8074
8075
8076
8077
8078
8079
8080
8081
8082
8083
8084
8085
8086
8087
8088
8089
8090
8091
8092
8093
8094
8095
8096
8097
8098
8099
8100
8101
8102
8103
8104
8105
8106
8107
8108
8109
8110
8111
8112
8113
8114
8115
8116
8117
8118
8119
8120
8121
8122
8123
8124
8125
8126
8127
8128
8129
8130
8131
8132
8133
8134
8135
8136
8137
8138
8139
8140
8141
8142
8143
8144
8145
8146
8147
8148
8149
8150
8151
8152
8153
8154
8155
8156
8157
8158
8159
8160
8161
8162
8163
8164
8165
8166
8167
8168
8169
8170
8171
8172
8173
8174
8175
8176
8177
8178
8179
8180
8181
8182
8183
8184
8185
8186
8187
8188
8189
8190
8191
8192
8193
8194
8195
8196
8197
8198
8199
8200
8201
8202
8203
8204
8205
8206
8207
8208
8209
8210
8211
8212
8213
8214
8215
8216
8217
8218
8219
8220
8221
8222
8223
8224
8225
8226
8227
8228
8229
8230
8231
8232
8233
8234
8235
8236
8237
8238
8239
8240
8241
8242
8243
8244
8245
8246
8247
8248
8249
8250
8251
8252
8253
8254
8255
8256
8257
8258
8259
8260
8261
8262
8263
8264
8265
8266
8267
8268
8269
8270
8271
8272
8273
8274
8275
8276
8277
8278
8279
8280
8281
8282
8283
8284
8285
8286
8287
8288
8289
8290
8291
8292
8293
8294
8295
8296
8297
8298
8299
8300
8301
8302
8303
8304
8305
8306
8307
8308
8309
8310
8311
8312
8313
8314
8315
8316
8317
8318
8319
8320
8321
8322
8323
8324
8325
8326
8327
8328
8329
8330
8331
8332
8333
8334
8335
8336
8337
8338
8339
8340
8341
8342
8343
8344
8345
8346
8347
8348
8349
8350
8351
8352
8353
8354
8355
8356
8357
8358
8359
8360
8361
8362
8363
8364
8365
8366
8367
8368
8369
8370
8371
8372
8373
8374
8375
8376
8377
8378
8379
8380
8381
8382
8383
8384
8385
8386
8387
8388
8389
8390
8391
8392
8393
8394
8395
8396
8397
8398
8399
8400
8401
8402
8403
8404
8405
8406
8407
8408
8409
8410
8411
8412
8413
8414
8415
8416
8417
8418
8419
8420
8421
8422
8423
8424
8425
8426
8427
8428
8429
8430
8431
8432
8433
8434
8435
8436
8437
8438
8439
8440
8441
8442
8443
8444
8445
8446
8447
8448
8449
8450
8451
8452
8453
8454
8455
8456
8457
8458
8459
8460
8461
8462
8463
8464
8465
8466
8467
8468
8469
8470
8471
8472
8473
8474
8475
8476
8477
8478
8479
8480
8481
8482
8483
8484
8485
8486
8487
8488
8489
8490
8491
8492
8493
8494
8495
8496
8497
8498
8499
8500
8501
8502
8503
8504
8505
8506
8507
8508
8509
8510
8511
8512
8513
8514
8515
8516
8517
8518
8519
8520
8521
8522
8523
8524
8525
8526
8527
8528
8529
8530
8531
8532
8533
8534
8535
8536
8537
8538
8539
8540
8541
8542
8543
8544
8545
8546
8547
8548
8549
8550
8551
8552
8553
8554
8555
8556
8557
8558
8559
8560
8561
8562
8563
8564
8565
8566
8567
8568
8569
8570
8571
8572
8573
8574
8575
8576
8577
8578
8579
8580
8581
8582
8583
8584
8585
8586
8587
8588
8589
8590
8591
8592
8593
8594
8595
8596
8597
8598
8599
8600
8601
8602
8603
8604
8605
8606
8607
8608
8609
8610
8611
8612
8613
8614
8615
8616
8617
8618
8619
8620
8621
8622
8623
8624
8625
8626
8627
8628
8629
8630
8631
8632
8633
8634
8635
8636
8637
8638
8639
8640
8641
8642
8643
8644
8645
8646
8647
8648
8649
8650
8651
8652
8653
8654
8655
8656
8657
8658
8659
8660
8661
8662
8663
8664
8665
8666
8667
8668
8669
8670
8671
8672
8673
8674
8675
8676
8677
8678
8679
8680
8681
8682
8683
8684
8685
8686
8687
8688
8689
8690
8691
8692
8693
8694
8695
8696
8697
8698
8699
8700
8701
8702
8703
8704
8705
8706
8707
8708
8709
8710
8711
8712
8713
8714
8715
8716
8717
8718
8719
8720
8721
8722
8723
8724
8725
8726
8727
8728
8729
8730
8731
8732
8733
8734
8735
8736
8737
8738
8739
8740
8741
8742
8743
8744
8745
8746
8747
8748
8749
8750
8751
8752
8753
8754
8755
8756
8757
8758
8759
8760
8761
8762
8763
8764
8765
8766
8767
8768
8769
8770
8771
8772
8773
8774
8775
8776
8777
8778
8779
8780
8781
8782
8783
8784
8785
8786
8787
8788
8789
8790
8791
8792
8793
8794
8795
8796
8797
8798
8799
8800
8801
8802
8803
8804
8805
8806
8807
8808
8809
8810
8811
8812
8813
8814
8815
8816
8817
8818
8819
8820
8821
8822
8823
8824
8825
8826
8827
8828
8829
8830
8831
8832
8833
8834
8835
8836
8837
8838
8839
8840
8841
8842
8843
8844
8845
8846
8847
8848
8849
8850
8851
8852
8853
8854
8855
8856
8857
8858
8859
8860
8861
8862
8863
8864
8865
8866
8867
8868
8869
8870
8871
8872
8873
8874
8875
8876
8877
8878
8879
8880
8881
8882
8883
8884
8885
8886
8887
8888
8889
8890
8891
8892
8893
8894
8895
8896
8897
8898
8899
8900
8901
8902
8903
8904
8905
8906
8907
8908
8909
8910
8911
8912
8913
8914
8915
8916
8917
8918
8919
8920
8921
8922
8923
8924
8925
8926
8927
8928
8929
8930
8931
8932
8933
8934
8935
8936
8937
8938
8939
8940
8941
8942
8943
8944
8945
8946
8947
8948
8949
8950
8951
8952
8953
8954
8955
8956
8957
8958
8959
8960
8961
8962
8963
8964
8965
8966
8967
8968
8969
8970
8971
8972
8973
8974
8975
8976
8977
8978
8979
8980
8981
8982
8983
8984
8985
8986
8987
8988
8989
8990
8991
8992
8993
8994
8995
8996
8997
8998
8999
9000
9001
9002
9003
9004
9005
9006
9007
9008
9009
9010
9011
9012
9013
9014
9015
9016
9017
9018
9019
9020
9021
9022
9023
9024
9025
9026
9027
9028
9029
9030
9031
9032
9033
9034
9035
9036
9037
9038
9039
9040
9041
9042
9043
9044
9045
9046
9047
9048
9049
9050
9051
9052
9053
9054
9055
9056
9057
9058
9059
9060
9061
9062
9063
9064
9065
9066
9067
9068
9069
9070
9071
9072
9073
9074
9075
9076
9077
9078
9079
9080
9081
9082
9083
9084
9085
9086
9087
9088
9089
9090
9091
9092
9093
9094
9095
9096
9097
9098
9099
9100
9101
9102
9103
9104
9105
9106
9107
9108
9109
9110
9111
9112
9113
9114
9115
9116
9117
9118
9119
9120
9121
9122
9123
9124
9125
9126
9127
9128
9129
9130
9131
9132
9133
9134
9135
9136
9137
9138
9139
9140
9141
9142
9143
9144
9145
9146
9147
9148
9149
9150
9151
9152
9153
9154
9155
9156
9157
9158
9159
9160
9161
9162
9163
9164
9165
9166
9167
9168
9169
9170
9171
9172
9173
9174
9175
9176
9177
9178
9179
9180
9181
9182
9183
9184
9185
9186
9187
9188
9189
9190
9191
9192
9193
9194
9195
9196
9197
9198
9199
9200
9201
9202
9203
9204
9205
9206
9207
9208
9209
9210
9211
9212
9213
9214
9215
9216
9217
9218
9219
9220
9221
9222
9223
9224
9225
9226
9227
9228
9229
9230
9231
9232
9233
9234
9235
9236
9237
9238
9239
9240
9241
9242
9243
9244
9245
9246
9247
9248
9249
9250
9251
9252
9253
9254
9255
9256
9257
9258
9259
9260
9261
9262
9263
9264
9265
9266
9267
9268
9269
9270
9271
9272
9273
9274
9275
9276
9277
9278
9279
9280
9281
9282
9283
9284
9285
9286
9287
9288
9289
9290
9291
9292
9293
9294
9295
9296
9297
9298
9299
9300
9301
9302
9303
9304
9305
9306
9307
9308
9309
9310
9311
9312
9313
9314
9315
9316
9317
9318
9319
9320
9321
9322
9323
9324
9325
9326
9327
9328
9329
9330
9331
9332
9333
9334
9335
9336
9337
9338
9339
9340
9341
9342
9343
9344
9345
9346
9347
9348
9349
9350
9351
9352
9353
9354
9355
9356
9357
9358
9359
9360
9361
9362
9363
9364
9365
9366
9367
9368
9369
9370
9371
9372
9373
9374
9375
9376
9377
9378
9379
9380
9381
9382
9383
9384
9385
9386
9387
9388
9389
9390
9391
9392
9393
9394
9395
9396
9397
9398
9399
9400
9401
9402
9403
9404
9405
9406
9407
9408
9409
9410
9411
9412
9413
9414
9415
9416
9417
9418
9419
9420
9421
9422
9423
9424
9425
9426
9427
9428
9429
9430
9431
9432
9433
9434
9435
9436
9437
9438
9439
9440
9441
9442
9443
9444
9445
9446
9447
9448
9449
9450
9451
9452
9453
9454
9455
9456
9457
9458
9459
9460
9461
9462
9463
9464
9465
9466
9467
9468
9469
9470
9471
9472
9473
9474
9475
9476
9477
9478
9479
9480
9481
9482
9483
9484
9485
9486
9487
9488
9489
9490
9491
9492
9493
9494
9495
9496
9497
9498
9499
9500
9501
9502
9503
9504
9505
9506
9507
9508
9509
9510
9511
9512
9513
9514
9515
9516
9517
9518
9519
9520
9521
9522
9523
9524
9525
9526
9527
9528
9529
9530
9531
9532
9533
9534
9535
9536
9537
9538
9539
9540
9541
9542
9543
9544
9545
9546
9547
9548
9549
9550
9551
9552
9553
9554
9555
9556
9557
9558
9559
9560
9561
9562
9563
9564
9565
9566
9567
9568
9569
9570
9571
9572
9573
9574
9575
9576
9577
9578
9579
9580
9581
9582
9583
9584
9585
9586
9587
9588
9589
9590
9591
9592
9593
9594
9595
9596
9597
9598
9599
9600
9601
9602
9603
9604
9605
9606
9607
9608
9609
9610
9611
9612
9613
9614
9615
9616
9617
9618
9619
9620
9621
9622
9623
9624
9625
9626
9627
9628
9629
9630
9631
9632
9633
9634
9635
9636
9637
9638
9639
9640
9641
9642
9643
9644
9645
9646
9647
9648
9649
9650
9651
9652
9653
9654
9655
9656
9657
9658
9659
9660
9661
9662
9663
9664
9665
9666
9667
9668
9669
9670
9671
9672
9673
9674
9675
9676
9677
9678
9679
9680
9681
9682
9683
9684
9685
9686
9687
9688
9689
9690
9691
9692
9693
9694
9695
9696
9697
9698
9699
9700
9701
9702
9703
9704
9705
9706
9707
9708
9709
9710
9711
9712
9713
9714
9715
9716
9717
9718
9719
9720
9721
9722
9723
9724
9725
9726
9727
9728
9729
9730
9731
9732
9733
9734
9735
9736
9737
9738
9739
9740
9741
9742
9743
9744
9745
9746
9747
9748
9749
9750
9751
9752
9753
9754
9755
9756
9757
9758
9759
9760
9761
9762
9763
9764
9765
9766
9767
9768
9769
9770
9771
9772
9773
9774
9775
9776
9777
9778
9779
9780
9781
9782
9783
9784
9785
9786
9787
9788
9789
9790
9791
9792
9793
9794
9795
9796
9797
9798
9799
9800
9801
9802
9803
9804
9805
9806
9807
9808
9809
9810
9811
9812
9813
9814
9815
9816
9817
9818
9819
9820
9821
9822
9823
9824
9825
9826
9827
9828
9829
9830
9831
9832
9833
9834
0.437830573137952 0.2668863261943987 0
0.4394780195959421 0.2635914332784184 0
0.437830573137952 0.257001647446458 0
0.4312407873059916 0.2504118616144975 0
0.4246510014740311 0.2471169686985173 0
0.4213561085580509 0.2438220757825371 0
0.4213561085580509 0.2421746293245469 0
0.4180612156420707 0.2421746293245469 0
0.4164137691840806 0.2438220757825371 0
0.4114714298101102 0.2405271828665568 0
0.4065290904361398 0.2405271828665568 0
0.4048816439781497 0.2388797364085667 0
0.3818173935662881 0.2388797364085667 0
0.380169947108298 0.2372322899505766 0
0.3818173935662881 0.2355848434925865 0
0.3867597329402584 0.2355848434925865 0
0.3884071793982486 0.2339373970345964 0
0.3917020723142288 0.2339373970345964 0
0.3933495187722189 0.2322899505766063 0
0.3999393046041794 0.2322899505766063 0
0.4015867510621695 0.2306425041186161 0
0.40817653689413 0.2306425041186161 0
0.4098239833521201 0.2339373970345964 0
0.4131188762681003 0.2306425041186161 0
0.4164137691840806 0.2306425041186161 0
0.4180612156420707 0.2322899505766063 0
0.423003555016041 0.2322899505766063 0
0.4345356802219718 0.2388797364085667 0
0.437830573137952 0.2388797364085667 0
0.4394780195959421 0.2405271828665568 0
0.4460678054279026 0.2405271828665568 0
0.4477152518858927 0.2421746293245469 0
0.451010144801873 0.2405271828665568 0
0.4427729125119224 0.2372322899505766 0
0.437830573137952 0.2322899505766063 0
0.4444203589699125 0.2257001647446458 0
0.4460678054279026 0.2224052718286656 0
0.4444203589699125 0.2174629324546952 0
0.4427729125119224 0.2174629324546952 0
0.437830573137952 0.2125205930807249 0
0.4328882337639817 0.2125205930807249 0
0.4312407873059916 0.214168039538715 0
0.4131188762681003 0.214168039538715 0
0.4114714298101102 0.2158154859967051 0
0.4048816439781497 0.2158154859967051 0
0.4032341975201597 0.214168039538715 0
0.3834648400242783 0.214168039538715 0
0.380169947108298 0.2174629324546952 0
0.3735801612763375 0.2174629324546952 0
0.3719327148183474 0.2158154859967051 0
0.3785225006503079 0.2075782537067545 0
0.3785225006503079 0.2059308072487644 0
0.4032341975201597 0.1828665568369028 0
0.4032341975201597 0.1812191103789127 0
0.4098239833521201 0.1746293245469522 0
0.4098239833521201 0.171334431630972 0
0.4147663227260904 0.1663920922570017 0
0.4147663227260904 0.1614497528830313 0
0.4180612156420707 0.1565074135090609 0
0.4180612156420707 0.1499176276771005 0
0.4213561085580509 0.14332784184514 0
0.4197086621000607 0.1416803953871499 0
0.4197086621000607 0.1383855024711697 0
0.4213561085580509 0.1367380560131796 0
0.4213561085580509 0.1317957166392092 0
0.4197086621000607 0.1301482701812191 0
0.4197086621000607 0.1202635914332784 0
0.4164137691840806 0.1153212520593081 0
0.4164137691840806 0.1120263591433278 0
0.423003555016041 0.1037891268533773 0
0.4246510014740311 0.09719934102141681 0
0.4180612156420707 0.09719934102141681 0
0.4164137691840806 0.09884678747940692 0
0.4114714298101102 0.09719934102141681 0
0.4098239833521201 0.09884678747940692 0
0.4065290904361398 0.09884678747940692 0
0.3999393046041794 0.09390444810543658 0
0.3126246423307033 0.09390444810543658 0
0.309329749414723 0.100494233937397 0
0.309329749414723 0.1054365733113674 0
0.3043874100407527 0.1120263591433278 0
0.3027399635827626 0.1169686985172982 0
0.2994450706667823 0.1202635914332784 0
0.2961501777508021 0.1268533772652389 0
0.2961501777508021 0.1301482701812191 0
0.2879129454608516 0.1449752883031301 0
0.2879129454608516 0.1482701812191104 0
0.2862654990028614 0.1499176276771005 0
0.2846180525448713 0.1581548599670511 0
0.2813231596288911 0.1630971993410214 0
0.2813231596288911 0.1663920922570017 0
0.2780282667129109 0.171334431630972 0
0.2780282667129109 0.1746293245469522 0
0.26649614150698 0.1894563426688633 0
0.2582589092170295 0.1927512355848435 0
0.251669123385069 0.1878088962108732 0
0.251669123385069 0.1795716639209226 0
0.2566114627590393 0.1729818780889621 0
0.2582589092170295 0.1680395387149918 0
0.2615538021330097 0.1647446457990115 0
0.2632012485909998 0.1598023064250412 0
0.2681435879649702 0.1548599670510708 0
0.2747333737969306 0.1416803953871499 0
0.2747333737969306 0.1383855024711697 0
0.2763808202549207 0.1367380560131796 0
0.2763808202549207 0.128500823723229 0
0.2780282667129109 0.1268533772652389 0
0.2780282667129109 0.1153212520593081 0
0.2763808202549207 0.113673805601318 0
0.2763808202549207 0.1103789126853377 0
0.2862654990028614 0.1054365733113674 0
0.2862654990028614 0.1037891268533773 0
0.2895603919188416 0.100494233937397 0
0.2912078383768318 0.09390444810543658 0
0.2862654990028614 0.09390444810543658 0
0.279675713170901 0.09719934102141681 0
0.2714384808809504 0.09719934102141681 0
0.26649614150698 0.09390444810543658 0
0.1907136044394347 0.09390444810543658 0
0.1890661579814446 0.09719934102141681 0
0.1890661579814446 0.1054365733113674 0
0.1808289256914941 0.1186161449752883 0
0.1808289256914941 0.1219110378912685 0
0.1775340327755138 0.128500823723229 0
0.1775340327755138 0.1334431630971993 0
0.1758865863175237 0.1350906095551895 0
0.1758865863175237 0.1598023064250412 0
0.1775340327755138 0.1614497528830313 0
0.1775340327755138 0.1663920922570017 0
0.1791814792335039 0.1680395387149918 0
0.1808289256914941 0.1762767710049424 0
0.1857712650654644 0.1845140032948929 0
0.1857712650654644 0.1911037891268534 0
0.1824763721494841 0.1943986820428336 0
0.1791814792335039 0.1927512355848435 0
0.1742391398595336 0.1927512355848435 0
0.1742391398595336 0.1960461285008237 0
0.1709442469435534 0.199341021416804 0
0.1627070146536028 0.199341021416804 0
0.1610595681956127 0.2009884678747941 0
0.1643544611115929 0.2042833607907743 0
0.1643544611115929 0.2059308072487644 0
0.1577646752796324 0.2092257001647446 0
0.1577646752796324 0.2108731466227348 0
0.1643544611115929 0.2125205930807249 0
0.1676493540275731 0.2158154859967051 0
0.1610595681956127 0.2240527182866557 0
0.1610595681956127 0.2273476112026359 0
0.1676493540275731 0.2257001647446458 0
0.1725916934015435 0.2224052718286656 0
0.1742391398595336 0.2224052718286656 0
0.1775340327755138 0.2257001647446458 0
0.1775340327755138 0.228995057660626 0
0.1791814792335039 0.2306425041186161 0
0.1824763721494841 0.228995057660626 0
0.1857712650654644 0.2224052718286656 0
0.1923610508974248 0.2257001647446458 0
0.1923610508974248 0.2158154859967051 0
0.1956559438134051 0.214168039538715 0
0.1989508367293853 0.2092257001647446 0
0.2005982831873754 0.2092257001647446 0
0.2055406225613458 0.2158154859967051 0
0.2055406225613458 0.2191103789126853 0
0.208835515477326 0.2207578253706755 0
0.208835515477326 0.2240527182866557 0
0.2137778548512964 0.2273476112026359 0
0.2137778548512964 0.2306425041186161 0
0.2187201942252667 0.2322899505766063 0
0.222015087141247 0.2355848434925865 0
0.222015087141247 0.2372322899505766 0
0.2269574265152173 0.2388797364085667 0
0.2302523194311975 0.2421746293245469 0
0.236842105263158 0.2421746293245469 0
0.2401369981791382 0.2454695222405272 0
0.2434318910951184 0.2438220757825371 0
0.2500216769270789 0.2438220757825371 0
0.251669123385069 0.2454695222405272 0
0.2566114627590393 0.2454695222405272 0
0.2582589092170295 0.2438220757825371 0
0.2615538021330097 0.2454695222405272 0
0.26649614150698 0.2454695222405272 0
0.2697910344229603 0.2438220757825371 0
0.2730859273389405 0.2454695222405272 0
0.279675713170901 0.2405271828665568 0
0.2829706060868812 0.2421746293245469 0
0.2895603919188416 0.2355848434925865 0
0.2928552848348219 0.2372322899505766 0
0.2977976242087922 0.2322899505766063 0
0.2994450706667823 0.2322899505766063 0
0.3043874100407527 0.2273476112026359 0
0.3060348564987428 0.2224052718286656 0
0.3076823029567329 0.2207578253706755 0
0.3109771958727132 0.2207578253706755 0
0.3126246423307033 0.214168039538715 0
0.3159195352466835 0.2108731466227348 0
0.3175669817046736 0.2108731466227348 0
0.3192144281626638 0.2042833607907743 0
0.322509321078644 0.2026359143327842 0
0.322509321078644 0.1976935749588138 0
0.3274516604526143 0.1911037891268534 0
0.3274516604526143 0.1878088962108732 0
0.3323939998265847 0.1812191103789127 0
0.3323939998265847 0.1779242174629325 0
0.3340414462845748 0.1762767710049424 0
0.3340414462845748 0.1729818780889621 0
0.3356888927425649 0.171334431630972 0
0.337336339200555 0.1647446457990115 0
0.3472210179484957 0.1532125205930807 0
0.3521633573224661 0.1532125205930807 0
0.3554582502384463 0.1565074135090609 0
0.3554582502384463 0.1614497528830313 0
0.3521633573224661 0.1680395387149918 0
0.3472210179484957 0.1729818780889621 0
0.3472210179484957 0.1779242174629325 0
0.3439261250325155 0.1795716639209226 0
0.3389837856585451 0.186161449752883 0
0.337336339200555 0.186161449752883 0
0.3356888927425649 0.1911037891268534 0
0.3323939998265847 0.1943986820428336 0
0.3274516604526143 0.2042833607907743 0
0.3274516604526143 0.2075782537067545 0
0.3258042139946242 0.2092257001647446 0
0.3258042139946242 0.2240527182866557 0
0.322509321078644 0.2273476112026359 0
0.3159195352466835 0.2273476112026359 0
0.3142720887886934 0.228995057660626 0
0.3142720887886934 0.2306425041186161 0
0.322509321078644 0.2372322899505766 0
0.322509321078644 0.2405271828665568 0
0.3208618746206539 0.2421746293245469 0
0.3175669817046736 0.2421746293245469 0
0.3159195352466835 0.2438220757825371 0
0.309329749414723 0.2454695222405272 0
0.309329749414723 0.2487644151565074 0
0.3126246423307033 0.2504118616144975 0
0.3175669817046736 0.2504118616144975 0
0.3241567675366341 0.2537067545304778 0
0.322509321078644 0.257001647446458 0
0.3192144281626638 0.257001647446458 0
0.3126246423307033 0.2602965403624382 0
0.3109771958727132 0.2635914332784184 0
0.322509321078644 0.2635914332784184 0
0.3258042139946242 0.2619439868204284 0
0.3290991069106045 0.2652388797364086 0
0.337336339200555 0.2652388797364086 0
0.3389837856585451 0.2635914332784184 0
0.3422786785745254 0.2668863261943987 0
0.3406312321165352 0.2685337726523888 0
0.337336339200555 0.2685337726523888 0
0.3258042139946242 0.2751235584843493 0
0.322509321078644 0.2751235584843493 0
0.3126246423307033 0.2800658978583196 0
0.2994450706667823 0.2915980230642504 0
0.3043874100407527 0.2915980230642504 0
0.3159195352466835 0.28500823723229 0
0.3208618746206539 0.28500823723229 0
0.3274516604526143 0.2817133443163097 0
0.3340414462845748 0.2817133443163097 0
0.3356888927425649 0.2800658978583196 0
0.3455735714905056 0.2800658978583196 0
0.3488684644064858 0.2833607907742998 0
0.3488684644064858 0.28665568369028 0
0.3439261250325155 0.2932454695222405 0
0.3439261250325155 0.2965403624382207 0
0.3455735714905056 0.2965403624382207 0
0.3538108037804562 0.2899505766062603 0
0.3538108037804562 0.2883031301482702 0
0.3571056966964364 0.28500823723229 0
0.3571056966964364 0.2817133443163097 0
0.3604005896124166 0.2751235584843493 0
0.3636954825283968 0.271828665568369 0
0.365342928986387 0.2734761120263591 0
0.3686378219023672 0.271828665568369 0
0.3768750541923178 0.271828665568369 0
0.3785225006503079 0.2734761120263591 0
0.3818173935662881 0.271828665568369 0
0.3900546258562387 0.271828665568369 0
0.3917020723142288 0.2701812191103789 0
0.3966444116881992 0.2701812191103789 0
0.4015867510621695 0.2635914332784184 0
0.4065290904361398 0.2635914332784184 0
0.4147663227260904 0.2734761120263591 0
0.423003555016041 0.2734761120263591 0
0.4246510014740311 0.271828665568369 0
0.4295933408480015 0.271828665568369 0
0.4312407873059916 0.2701812191103789 0
0.4345356802219718 0.2701812191103789 0
0.2055406225613458 0.1680395387149918 0
0.2022457296453655 0.1614497528830313 0
0.2022457296453655 0.1466227347611203 0
0.2038931761033557 0.1449752883031301 0
0.2038931761033557 0.1400329489291598 0
0.2071880690193359 0.1367380560131796 0
0.2071880690193359 0.1350906095551895 0
0.2187201942252667 0.1268533772652389 0
0.223662533599237 0.1268533772652389 0
0.2269574265152173 0.1301482701812191 0
0.2269574265152173 0.1367380560131796 0
0.223662533599237 0.1400329489291598 0
0.2187201942252667 0.1499176276771005 0
0.2154253013092865 0.1515650741350906 0
0.2154253013092865 0.1532125205930807 0
0.2104829619353161 0.1581548599670511 0
0.208835515477326 0.1647446457990115 0
0.277768368652846 0.8367506118057152 0
0.2676290091797215 0.8318356508468133 0
0.2554790114266628 0.8196856530937545 0
0.2505640504677609 0.8095462936206301 0
0.2510577450373254 0.8077807058228272 0
0.2494102985793352 0.8061332593648372 0
0.2494102985793352 0.7836525725956242 0
0.2514797943747588 0.7811133812059647 0
0.2529224779355749 0.7732805217042642 0
0.2659396651478816 0.758654155211157 0
0.2686663879082007 0.7582232164428886 0
0.2752561737401611 0.7532808770689183 0
0.2778865099926587 0.7535289147243106 0
0.2795339564506488 0.7518814682663204 0
0.3053095361358422 0.7518814682663204 0
0.3069569825938323 0.7535289147243106 0
0.3095873188463298 0.7532808770689183 0
0.3161771046782902 0.7582232164428886 0
0.3184891077997629 0.7584712540982809 0
0.3288434081751953 0.7688255544737131 0
0.3290914458305875 0.7711375575951858 0
0.3340337852045578 0.7777273434271462 0
0.3337857475491656 0.780357679679644 0
0.3354331940071557 0.7820051261376341 0
0.3354331940071557 0.8061332593648372 0
0.3337857475491656 0.8077807058228272 0
0.33427944211873 0.8095462936206301 0
0.3293644811598281 0.8196856530937545 0
0.3172144834067694 0.8318356508468133 0
0.3070751239336449 0.8367506118057152 0
0.303662089677852 0.8362569172361507 0
0.3020146432198619 0.8379043636941409 0
0.282828849366629 0.8379043636941409 0
0.2811814029086389 0.8362569172361507 0
0.8955607903991391 0.8960586842933593 0
0.8887163238419948 0.8927911697924474 0
0.8787348455315593 0.8819157964323824 0
0.8787348455315593 0.8786209035164022 0
0.8770873990735693 0.8769734570584121 0
0.8765937045040048 0.7143416800202265 0
0.8798612190049165 0.7074972134630823 0
0.8923840388229718 0.6958682886946566 0
0.895678931738952 0.6958682886946566 0
0.8973263781969421 0.6942208422366664 0
0.9660537071296912 0.6937271476671019 0
0.9761930666028157 0.698642108626004 0
0.9834007249819039 0.7058497670050923 0
0.9883156859408059 0.7159891264782167 0
0.9883156859408059 0.8754441519402348 0
0.9830649640097638 0.8860231840170981 0
0.9703611402545527 0.8957624775902863 0
0.01928807551597637 0.09932806945931194 0
0.01928807551597637 0.01434573614200603 0
0.9395257630342708 0.01434573614200603 0
0.9395257630342708 0.09932806945931194 0
0.1762767710049424 0.8121911037891268 0
0.1762767710049424 0.7792421746293245 0
0.2306425041186161 0.7792421746293245 0
0.2339373970345964 0.7759472817133444 0
0.2339373970345964 0.7726523887973641 0
0.2421746293245469 0.7578253706754531 0
0.2553542009884679 0.7446457990115322 0
0.2668863261943987 0.7380560131795717 0
0.2701812191103789 0.7380560131795717 0
0.2767710049423394 0.7347611202635914 0
0.2833607907742998 0.7347611202635914 0
0.28500823723229 0.7331136738056013 0
0.299835255354201 0.7331136738056013 0
0.3014827018121911 0.7347611202635914 0
0.3080724876441516 0.7347611202635914 0
0.3097199341021417 0.7364085667215815 0
0.314662273476112 0.7364085667215815 0
0.3245469522240527 0.7413509060955519 0
0.327841845140033 0.7446457990115322 0
0.3294892915980231 0.7446457990115322 0
0.3443163097199341 0.7594728171334432 0
0.3509060955518946 0.7726523887973641 0
0.3509060955518946 0.7759472817133444 0
0.3542009884678748 0.7792421746293245 0
0.8846787479406919 0.7792421746293245 0
0.8846787479406919 0.8121911037891268 0
0.3542009884678748 0.8121911037891268 0
0.3509060955518946 0.8154859967051071 0
0.3509060955518946 0.8187808896210873 0
0.342668863261944 0.8336079077429983 0
0.3311367380560132 0.8451400329489291 0
0.3163097199341022 0.8533772652388798 0
0.3130148270181219 0.8533772652388798 0
0.3064250411861614 0.85667215815486 0
0.2784184514003295 0.85667215815486 0
0.2767710049423394 0.8550247116968699 0
0.2685337726523888 0.8533772652388798 0
0.2586490939044481 0.8484349258649094 0
0.2438220757825371 0.8352553542009885 0
0.2438220757825371 0.8336079077429983 0
0.2372322899505766 0.8253706754530478 0
0.2355848434925865 0.8187808896210873 0
0.2339373970345964 0.8171334431630972 0
0.2339373970345964 0.8138385502471169 0
0.2322899505766063 0.8121911037891268 0
0.2800658978583196 0.828665568369028 0
0.28500823723229 0.828665568369028 0
0.28665568369028 0.8303130148270181 0
0.2981878088962109 0.8303130148270181 0
0.299835255354201 0.828665568369028 0
0.3047775947281713 0.828665568369028 0
0.3113673805601318 0.8253706754530478 0
0.3228995057660626 0.8138385502471169 0
0.3261943986820429 0.8072487644151565 0
0.3261943986820429 0.8039538714991763 0
0.327841845140033 0.8023064250411862 0
0.327841845140033 0.785831960461285 0
0.3261943986820429 0.7841845140032949 0
0.3261943986820429 0.7808896210873146 0
0.3212520593080725 0.7742998352553542 0
0.3212520593080725 0.7726523887973641 0
0.314662273476112 0.7660626029654036 0
0.3130148270181219 0.7660626029654036 0
0.3064250411861614 0.7611202635914333 0
0.3031301482701812 0.7611202635914333 0
0.3014827018121911 0.7594728171334432 0
0.2833607907742998 0.7594728171334432 0
0.2817133443163097 0.7611202635914333 0
0.2784184514003295 0.7611202635914333 0
0.271828665568369 0.7660626029654036 0
0.2701812191103789 0.7660626029654036 0
0.2602965403624382 0.7775947281713345 0
0.2602965403624382 0.7808896210873146 0
0.257001647446458 0.7874794069192751 0
0.257001647446458 0.8023064250411862 0
0.2586490939044481 0.8039538714991763 0
0.2586490939044481 0.8072487644151565 0
0.2619439868204284 0.8138385502471169 0
0.2734761120263591 0.8253706754530478 0
0.161 0.07199999999999999 0
0.3 0.07199999999999999 0
0.3 0.113 0
0.161 0.113 0
0.302 0.07199999999999999 0
0.432 0.07199999999999999 0
0.432 0.113 0
0.302 0.113 0
-0.02916330500526511 -0.03410564437923545 0
1.036767066462047 -0.03410564437923545 0
1.036767066462047 0.9445100648146008 0
-0.02916330500526511 0.9445100648146008 0
0.4241188193645574 0.09932806945931194 0
0.3099128316537656 0.09932806945931194 0
0.2898519330383629 0.09932806945931194 0
0.1890661579814446 0.09932806945931194 0
0.8767907202553793 0.7792421746293245 0
0.8768907419589812 0.8121911037891268 0
0.3 0.09932806945931194 0
0.1843390163010492 0.113 0
0.2763808202549207 0.113 0
0.161 0.09932806945931194 0
0.432 0.09932806945931194 0
0.4164137691840806 0.113 0
0.3040628630885286 0.113 0
0.302 0.09932806945931194 0
0.3933495187722189 0.2388797364085667 0
0.4468915286568977 0.2388797364085667 0
0.3053245760941798 0.2864534558152776 0
0.4794069192751236 0.01434573614200603 0
0.3670158255091615 0.09932806945931194 0
0.2394590455099038 0.09932806945931194 0
0.2305 0.07199999999999999 0
0.230359918277985 0.113 0
0.367 0.07199999999999999 0
0.3602383161363046 0.113 0
0.5038018807283912 -0.03410564437923545 0
1.036767066462047 0.4552022102176826 0
0.5038018807283912 0.9445100648146008 0
-0.02916330500526511 0.4552022102176826 0
0.3955673224368594 0.09932806945931194 0
0.2646554892741333 0.09932806945931194 0
0.24934749739555 0.01434573614200603 0
1.036767066462047 0.2105482829192236 0
0.7702844735952192 0.9445100648146008 0
0.1343177864557632 0.01434573614200603 0
0.3562819734674413 0.09390444810543658 0
0.2286048729732074 0.09390444810543658 0
0.237319287861563 -0.03410564437923545 0
0.7702844735952192 -0.03410564437923545 0
1.036767066462047 0.6998561375161417 0
0.237319287861563 0.9445100648146008 0
-0.02916330500526511 0.2105482829192236 0
0.4084938193645574 0.09932806945931194 0
0.3851637691840806 0.113 0
0.3643772083353368 0.01434573614200603 0
0.2772537111562481 0.09932806945931194 0
0.9035257700286333 0.9445100648146008 0
0.2475505072400937 0.09390444810543658 0
0.3781106390358103 0.09390444810543658 0
0.3384643285814635 0.09932806945931194 0
0.2142626017456742 0.09932806945931194 0
0.104077991428149 -0.03410564437923545 0
0.9035257700286333 -0.03410564437923545 0
0.6895257630342708 0.01434573614200603 0
0.4163063193645574 0.09932806945931194 0
1.036767066462047 0.8221831011653713 0
0.4020305709007084 0.09932806945931194 0
-0.02916330500526511 0.08822131926999409 0
0.4078708583521201 0.09884678747940692 0
0.2835528220973055 0.09932806945931194 0
0.3705605842949771 -0.03410564437923545 0
0.2709546002151907 0.09932806945931194 0
0.3353128630885286 0.113 0
0.3671963062516258 0.09390444810543658 0
0.2520572673920186 0.09932806945931194 0
0.226860823627789 0.09932806945931194 0
0.3527400770453125 0.09932806945931194 0
0.3812915739730104 0.09932806945931194 0
0.3344533078990723 0.09390444810543658 0
0.2096592387063211 0.09390444810543658 0
0.8145257630342708 0.01434573614200603 0
0.6819999999999999 0.09932806945931194 0
0.6370431771618053 -0.03410564437923545 0
0.4124000693645574 0.09932806945931194 0
0.4052621951326328 0.09932806945931194 0
0.4088474208521201 0.09884678747940692 0
0.5844663411546972 0.01434573614200603 0
0.4104469443645574 0.09932806945931194 0
0.4068780072485951 0.09932806945931194 0
0.4094703818645574 0.09932806945931194 0
0.4143531943645574 0.09932806945931194 0
0.4145608721175756 0.09822915512390529 0
0.4202125693645574 0.09932806945931194 0
0.4153297568645574 0.09932806945931194 0
0.4154873206508281 0.0985379713016561 0
0.4182594443645574 0.09932806945931194 0
0.4158563466512902 0.09897497418902385 0
0.4172828818645574 0.09932806945931194 0
0.4167946006145574 0.09932806945931194 0
0.4171043031500831 0.09815625351340443 0
0.4170387412395574 0.100193657415169 0
0.4170387412395574 0.09876576002197154 0
0.4165504599895574 0.09986415388456948 0
0.2607558202549207 0.113 0
0.2881904101274604 0.113 0
0.406070101190614 0.09932806945931194 0
0.40719997439413 0.09884678747940692 0
0.4076859133065762 0.09932806945931194 0
0.4178789787281745 0.09854786128400417 0
0.4162104817537588 0.1008944936057263 0
0.4158180381145574 0.09987407462873971 0
0.2685683202549207 0.113 0
0.2841933202549207 0.113 0
0.4032341975201596 0.09637561779242175 0
0.2724745702549207 0.113 0
0.2802870702549207 0.113 0
0.4049665904361398 0.09767491247940691 0
0.2744276952549207 0.113 0
0.2783339452549207 0.113 0
0.4057478404361398 0.09826084997940691 0
0.2754042577549207 0.113 0
0.2773573827549207 0.113 0
0.4075354163731251 0.09765749529623592 0
0.4068645324151349 0.09811022337616999 0
0.4106477065811152 0.09802306425041186 0
0.4064740542196045 0.1000475189597644 0
0.4148414756145574 0.1002560619391346 0
0.4063974124008746 0.09669456715303186 0
0.4007887691840806 0.113 0
0.4072819602775857 0.10021507024985 0
0.4080898663355668 0.1000475189597644 0
0.4242262691840806 0.113 0
0.4213561085580509 0.09719934102141681 0
0.4056661481616234 0.1000280086016422 0
0.4036463830166706 0.09932806945931194 0
0.4060355147079157 0.1014699583473642 0
0.4089821006145574 0.1000753568036838 0
0.4203200191840806 0.113 0
0.4197086621000607 0.09719934102141681 0
0.4086012691840806 0.113 0
0.4067182487263626 0.1009016251576774 0
0.4099586631145574 0.1001802812102239 0
0.4183668941840806 0.113 0
0.4125075191840806 0.113 0
0.4079334036469712 0.1013246542333409 0
0.4173903316840806 0.113 0
0.4144606441840806 0.113 0
0.4070281652844072 0.1019681733819914 0
0.4154372066840806 0.113 0
0.3196878630885286 0.113 0
0.302 0.1071405694593119 0
0.3 0.106164034729656 0
0.4130161509638429 0.09771424807266105 0
0.4155715422753454 0.09674122553935016 0
0.4178670007253559 0.1020123510898019 0
0.2749159765049207 0.1147311759117141 0
0.2749159765049207 0.111325609510451 0
0.2772045434839158 0.114497528830313 0
0.2763808202549207 0.1120234375 0
0.4093357021021201 0.09753478300041189 0
0.4133766318645574 0.1004343623349329 0
0.4114235068645574 0.1004535865399245 0
0.4093302166761978 0.1014323778914979 0
0.4197086621000608 0.1079077429983526 0
0.4178786129340806 0.1145714708203273 0
0.405648642180558 0.1034787614978515 0
0.4149489254340806 0.1115336866612433 0
0.4164137691840806 0.1139765625 0
0.3118753630885286 0.113 0
0.302 0.110070284729656 0
0.2813231596288911 0.1079077429983525 0
0.4085005221931094 0.1030808788310466 0
0.4180612156420707 0.1099670510708402 0
0.4149489254340806 0.11446484375 0
0.3079691130885286 0.113 0
0.4178786129340806 0.1115336866612433 0
0.3060159880885286 0.113 0
0.3060065816537656 0.09932806945931194 0
0.3241885801176145 0.09932806945931194 0
0.3235389751148878 0.09390444810543658 0
0.2937581830383629 0.09932806945931194 0
0.2859456830383629 0.09932806945931194 0
0.4117800105998745 0.09833164504017615 0
0.3068585797277379 0.1087314662273476 0
0.2783437512578482 0.1141820442853756 0
0.2780282667129109 0.1210873146622735 0
0.2760791332893948 0.1147992157958389 0
0.4103268249850492 0.09687845942535092 0
0.302 0.111535142364828 0
0.3079597066537656 0.09932806945931194 0
0.3177253316537656 0.09932806945931194 0
0.2918050580383629 0.09932806945931194 0
0.2878988080383629 0.09932806945931194 0
0.2802055100994089 0.1153109152389286 0
0.4086677829026266 0.09544963375895447 0
0.3031188776256384 0.1121444265919965 0
0.3138190816537656 0.09932806945931194 0
0.2908284955383629 0.1001917349632947 0
0.4114679619469523 0.09500983162656877 0
0.303124175247205 0.110802713547242 0
0.3116885784482872 0.100944795655376 0
0.2927816205383629 0.1014162280319048 0
0.3037550777160374 0.108605427094484 0
0.2907180190748582 0.1025378606268666 0
0.4044542890746518 0.1002608684500727 0
0.4028384769586895 0.1008440716102285 0
0.4144245402848944 0.1029371216618386 0
0.4162188754622333 0.1101818115464102 0
0.4198766345697436 0.1109726109042956 0
0.3 0.10909375 0
0.4126951734538348 0.09610264534646411 0
0.3 0.111046875 0
0.2042676009244509 0.1359143327841845 0
0.2129541316223013 0.1309719934102141 0
0.1599838412556398 0.2100494233937397 0
0.1672749292064779 0.2051070840197693 0
0.1615542944208251 0.2118205514080329 0
0.1548442071847474 0.2100494233937397 0
0.1734154166305385 0.2194848037337805 0
0.1997745599583804 0.2063052320698596 0
0.2030694528743606 0.2125205930807249 0
0.1734154166305385 0.2253257399235506 0
0.2129541316223013 0.1556836902800659 0
0.2178964709962717 0.1523887973640856 0
0.2190946190463619 0.2364085667215816 0
0.224935555236132 0.2364085667215816 0
0.2405271828665568 0.829489291598023 0
0.2512355848434926 0.841845140032949 0
0.249026467880503 0.8081645365216595 0
0.2530215309472119 0.8146159733571923 0
0.2956174206988318 0.2344701540865667 0
0.3019162403537675 0.2298187808896211 0
0.271004942339374 0.7631421348705185 0
0.2652388797364086 0.771828665568369 0
0.3415823750325155 0.1826966639209226 0
0.3847004248677708 0.200164744645799 0
0.4070618474881101 0.1773914604109622 0
0.3381600624295501 0.1890819178477681 0
0.3185143864899718 0.2070835274815421 0
0.3163313968611811 0.2322899505766063 0
0.3167432584756786 0.2137936147176198 0
0.3908783490852338 0.1943986820428336 0
0.3743729298478569 0.2127652172098183 0
0.4194029835580509 0.2421746293245469 0
0.4187320996000607 0.2444929597405271 0
0.4187320996000607 0.239796044958205 0
0.4435966357409175 0.2203834005495802 0
0.4403017428249372 0.21499176276771 0
0.3447498482615106 0.2994608305331058 0
0.328665568369028 0.7417253309166471 0
0.3369028006589786 0.7520593080724877 0
0.3439261250325155 0.2945872374382207 0
0.3496921876354809 0.2932454695222405 0
0.3415475406661735 0.2939163534802306 0
0.3463972947195006 0.2899505766062603 0
0.3138385502471169 0.7631421348705185 0
0.3179571663920922 0.7693574958813838 0
0.3241725274029575 0.7734761120263591 0
0.335817024705988 0.8081645365216595 0
0.3318219616392791 0.8146159733571923 0
0.4242765766529359 0.242998352553542 0
0.3517514957079685 0.2915980230642504 0
0.3567312718753411 0.2891268533772652 0
0.3113516206938083 0.2298187808896211 0
0.4448322205844101 0.2380560131795717 0
0.2788519899419059 0.1091433278418451 0
0.419179306404815 0.09839663171208882 0
0.2739701660708444 0.1082554972303233 0
0.4180612156420707 0.1177924217462932 0
0.3056229948842453 0.1103789126853377 0
0.3069831441537656 0.10186322707876 0
0.2888990633545984 0.1046128500823723 0
0.404231681060883 0.10217408619395 0
0.3987989466687839 0.09932806945931194 0
0.411475542371002 0.1035451695504704 0
0.4168144143269204 0.1072809773992801 0
0.414018824955176 0.09338073103124001 0
0.1619288674109425 0.2051070840197693 0
0.3167432584756786 0.2086539806467274 0
0.3183315912131875 0.7734761120263591 0
0.2833450309079764 0.1046128500823723 0
0.2778456640049207 0.11153515625 0
0.4141631716309587 0.1174898117722252 0
0.4017679768479263 0.1033601367859883 0
0.4131873988064855 0.1086064780404605 0
0.4188849388710657 0.09427887292653182 0
0.4036847591369689 0.1041898715203526 0
0.4205323853290558 0.09539060806766486 0
0.1734411579814446 0.09932806945931194 0
0.2046911579814446 0.09932806945931194 0
0.267805044744662 0.09749278527797729 0
0.301 0.1152397822753551 0
0.3060625 0.06894041461328163 0
0.302 0.08370306945931194 0
0.3 0.08566403472965597 0
0.3 0.07883201736482798 0
0.302 0.09151556945931194 0
0.302 0.07785153472965597 0
0.3 0.09249605209448396 0
0.4280250693645574 0.09932806945931194 0
0.2753447308809504 0.09719934102141681 0
0.2741041556857194 0.09932806945931194 0
0.302 0.1032343194593119 0
0.3 0.102746052094484 0
0.3069925505885286 0.1164623518234282 0
0.2780282667129109 0.1182042833607908 0
0.276903039832863 0.1156227557103609 0
0.2780282667129109 0.1167627677100494 0
0.2754080995371745 0.1162944549083806 0
0.2800815815781861 0.1174835255354201 0
0.2765475075434353 0.1174835255354201 0
0.2723907756161145 0.1163852137860217 0
0.2764108170185599 0.1196457990115321 0
0.2743683485704234 0.1184312248349652 0
0.3089362691537656 0.09586571763588378 0
0.290325635431012 0.0974332598887156 0
0.2879129454608516 0.1021416803953871 0
0.2869222455383629 0.09666441464267779 0
0.4222731441840806 0.1115106786792528 0
0.2921875 0.113 0
0.2473457850180203 0.8115811248309727 0
0.2456174891919994 0.8064684720002137 0
0.3392260033944915 0.8064684720002137 0
0.3374977075684706 0.8115811248309728 0
0.4421615554279026 0.2405271828665568 0
0.4452628005956088 0.2339935664464678 0
0.3078402602163723 0.1107547941391282 0
0.4059273025572926 0.1073157393760307 0
0.4012554772043578 0.1071729303758042 0
0.423003555016041 0.09535713577102455 0
0.432 0.08566403472965597 0
0.1812536579814446 0.09932806945931194 0
0.1968786579814446 0.09932806945931194 0
0.3034014133356456 0.1149843492586491 0
0.302 0.08077730209448396 0
0.3 0.07541600868241399 0
0.3 0.08908004341206996 0
0.302 0.08760931945931194 0
0.302 0.09542181945931194 0
0.302 0.1051874444593119 0
0.2964331198066943 0.1018514808885649 0
0.2796874280196723 0.1196457990115321 0
0.2836131947627372 0.1165951336811509 0
0.274664132282711 0.123233848944955 0
0.3069831441537656 0.09718373175828178 0
0.2927816205383629 0.09704063858117402 0
0.29609375 0.113 0
0.4467662410975299 0.2362069586018792 0
0.3099544378344881 0.1084792247168007 0
0.3099222380885286 0.1117616093363355 0
0.1851599079814446 0.09932806945931194 0
0.1929724079814446 0.09932806945931194 0
0.3048488393145163 0.1165692408397444 0
0.302 0.09737494445931194 0
0.3 0.09591206077689796 0
0.3049488947010265 0.1042108819593119 0
0.281413256949316 0.1233077921269262 0
0.2823438657762908 0.119012970913251 0
0.3123172163486324 0.1101437534994719 0
0.1871130329814446 0.09932806945931194 0
0.1910192829814446 0.09932806945931194 0
0.3061101796903625 0.120316005042488 0
0.3044577681170466 0.09639838195931194 0
0.3041467014012461 0.1063523870965588 0
0.298046875 0.113 0
0.2970703125 0.1100703125 0
0.1861364704814446 0.09647169776880687 0
0.1890661579814446 0.1032343194593119 0
0.1954500130061563 0.09390444810543658 0
0.3041934298266569 0.1188755789890126 0
0.303953125 0.09932806945931194 0
0.3067589238697634 0.1061099072627626 0
0.2990234375 0.1147791349026841 0
0.1851621694296029 0.1043354463853397 0
0.1890661579814446 0.1012811944593119 0
0.1919958454814446 0.1022577569593119 0
0.3049798533268828 0.1011792417815556 0
0.3010925171247725 0.1186161449752883 0
0.2970703125 0.1146936163587359 0
0.1861364704814446 0.1018313173945953 0
0.1958442417952831 0.113 0
0.302 0.1012811944593119 0
0.294140625 0.1152545566217573 0
0.2073494672895171 0.113 0
0.1910608044567872 0.1043354463853397 0
0.1952114951567508 0.1049541714626376 0
0.1920154754950368 0.1084219677931839 0
0.1737898414516337 0.1313464182313093 0
0.1758865863175237 0.1412685337726524 0
0.1812782240993939 0.1642953473911117 0
0.1737898414516337 0.1635464977489214 0
0.1754372879096238 0.1701362835808817 0
0.2001489847794756 0.1428785434372401 0
0.1624406361276177 0.2023695358067991 0
0.1602947814851086 0.2031343225173032 0
0.1610595681956127 0.2075782537067545 0
0.1568731665283974 0.2007056393372851 0
0.2801250115788008 0.130597568589119 0
0.2780282667129109 0.1400329489291598 0
0.2846180525448714 0.1466227347611203 0
0.2900096903267415 0.1520143725429905 0
0.3039381116328528 0.2186610805047854 0
0.309329749414723 0.2240527182866557 0
0.2726366289310406 0.1346413111472896 0
0.1754372879096238 0.2327392489845061 0
0.180005202462499 0.228171334431631 0
0.2545147178931494 0.241725330916647 0
0.2590826324460245 0.2462932454695223 0
0.2479249320611889 0.2475662671064172 0
0.26653909097343 0.7536049585841819 0
0.2042833607907743 0.8121911037891268 0
0.2372322899505766 0.8154859967051071 0
0.2318406521687064 0.8208776344869773 0
0.257001647446458 0.7948929159802307 0
0.2494102985793352 0.8005130876725339 0
0.2812640459084099 0.7310169289397113 0
0.2977385104883111 0.7368578651294815 0
0.2768159517255145 0.7508109099991764 0
0.303579446678081 0.7310169289397113 0
0.3059757427782616 0.7385053115874715 0
0.3118166789680316 0.7326643753977015 0
0.2859778513719471 0.7518814682663204 0
0.2761887435294382 0.7574621922546633 0
0.2798675330602014 0.8392182335425782 0
0.2876252978299372 0.8379043636941409 0
0.2746742600764495 0.85876890302075 0
0.2993859569463012 0.7632170084573232 0
0.3047775947281713 0.7578253706754531 0
0.28875242855617 0.8265688235031381 0
0.2924217462932455 0.8379043636941409 0
0.3049759595262895 0.8392182335425782 0
0.3080275408609764 0.7508109099991764 0
0.3356888927425649 0.1795716639209226 0
0.3319447014186848 0.169237686765082 0
0.3307465533685945 0.1746293245469522 0
0.3373363392005549 0.1746293245469522 0
0.3258042139946242 0.2166392092257002 0
0.3241567675366341 0.2059308072487644 0
0.3138227903807935 0.240077884458657 0
0.324606065944534 0.244271374190437 0
0.3183907049336687 0.2339373970345964 0
0.3192144281626638 0.2454695222405271 0
0.3756020325554228 0.2067545304777595 0
0.3978425597382894 0.2285457592527261 0
0.378073202242408 0.2334880986266964 0
0.3900546258562387 0.2306425041186162 0
0.3949969652302091 0.2355848434925865 0
0.3846629880743685 0.2318406521687063 0
0.4036834959280595 0.2343866954424963 0
0.378073202242408 0.2409764812744568 0
0.4176119172341708 0.1338924615050993 0
0.4230035550160409 0.1400329489291598 0
0.4197086621000607 0.1252059308072488 0
0.4176119172341708 0.1454245867110301 0
0.4093746849442202 0.2120712946728251 0
0.4176493540275731 0.214168039538715 0
0.4147663227260904 0.2339373970345963 0
0.4201579605079607 0.2285457592527262 0
0.40817653689413 0.2372322899505766 0
0.4221798317870459 0.214168039538715 0
0.436183126679962 0.2421746293245469 0
0.4403017428249372 0.2347611202635914 0
0.4349849786298717 0.2162647844046049 0
0.4149310673718895 0.2406919275123559 0
0.335239594334665 0.2614946884125284 0
0.3315702765975896 0.271828665568369 0
0.3408976106425204 0.2655052582623937 0
0.3440363970617226 0.2637475397751965 0
0.3443754234404154 0.2706305175182788 0
0.3177728085767809 0.7542486915402027 0
0.3240976538161529 0.8002096801752963 0
0.329489291598023 0.8056013179571664 0
0.3294892915980231 0.7825370675453047 0
0.3330659707332734 0.7695418536966951 0
0.3365037522742999 0.7792871214124997 0
0.366166652215382 0.2710049423393739 0
0.3747783093264279 0.2755728568922491 0
0.3937988171801189 0.2739254104342589 0
0.3879578809903487 0.268084474244489 0
0.3793462238793029 0.271004942339374 0
0.3623144145963919 0.273209733500374 0
0.3605566961091947 0.2700709470811719 0
0.4209068101501511 0.2697319207024791 0
0.4267477463399211 0.2755728568922491 0
0.4328882337639817 0.273476112026359 0
0.4274965959821114 0.268084474244489 0
0.8754399526155792 0.8802683499743923 0
0.8770382347949223 0.8607778687410907 0
0.8940314852809619 0.6925733957786765 0
0.9145082104301293 0.6940974185942752 0
0.3991155813751843 0.2388797364085667 0
0.3875834561692535 0.2388797364085667 0
0.2847492525678342 0.1016558348991488 0
0.3995 0.07199999999999999 0
0.3156198395962048 0.1039132270063974 0
0.309329749414723 0.1029654036243822 0
0.2059899209692456 0.1487194796270103 0
0.2226890347530967 0.1526134465680356 0
0.267809883515534 0.761645773668242 0
0.318603071078644 0.2273476112026359 0
0.4209138291320166 0.2475592481245516 0
0.3406312321165352 0.2800658978583196 0
0.3476328795629933 0.2948929159802306 0
0.3169818694791574 0.7616211756080281 0
0.3236662579874791 0.763648404285997 0
0.2887711034442453 0.1088255513828309 0
0.3148448422562202 0.2047290326895105 0
0.432 0.1071405694593119 0
0.2360341419004863 0.8100943589232369 0
0.4441146804279026 0.244127754324547 0
0.3985442116710653 0.1048676526748269 0
0.4216794618149132 0.09191427240221335 0
0.2743153921625065 0.1208449067202424 0
0.2754261691284471 0.1258987261387652 0
0.4499382545375775 0.2324350772629935 0
0.4498719393545814 0.2374007030745716 0
0.2964458613217386 0.09682845600756208 0
0.3041989453814282 0.09346869445931194 0
0.2933983519643525 0.1067222179954651 0
0.3027580335559283 0.1227811416664457 0
0.2979205107069884 0.1176223609199084 0
0.1829499455184985 0.1020331151652783 0
0.2872646886819629 0.1200542224249464 0
0.1758865863175237 0.1474464579901153 0
0.1668256307985781 0.199341021416804 0
0.1591941394313267 0.197475592652518 0
0.3126246423307033 0.2257001647446458 0
0.1840243369580427 0.225899128043509 0
0.2524111556418441 0.2430800435257619 0
0.2617784513369597 0.2502620859973523 0
0.2559088335977786 0.8050466853478558 0
0.2924217462932455 0.7331136738056013 0
0.2806205304676303 0.7583800032847637 0
0.2924217462932455 0.85667215815486 0
0.2839154233836105 0.8314058286756976 0
0.2924217462932455 0.7594728171334432 0
0.2924217462932455 0.7518814682663204 0
0.3086179964372512 0.7570724459958328 0
0.2924217462932455 0.8303130148270181 0
0.3009280692028804 0.8314058286756976 0
0.3742375297423682 0.2151581175306745 0
0.393349518772219 0.214168039538715 0
0.3698359699524574 0.2195596773205852 0
0.4189666298432856 0.1359960237564044 0
0.406209133330985 0.2128405501858798 0
0.3766504049883679 0.267036101811544 0
0.327841845140033 0.7940691927512356 0
0.3354331940071557 0.8001012260580364 0
0.3302422162776435 0.7786966658362249 0
0.3354331940071557 0.7940691927512356 0
0.3688624711063173 0.2670361018115439 0
0.382042042770238 0.267036101811544 0
0.3635622932654043 0.2763714371533617 0
0.3637868515033353 0.2679841563482094 0
0.3904664874707362 0.2388797364085667 0
0.2804032666267768 0.09932806945931194 0
0.3123600216480725 0.1042009884678748 0
0.2181211202002216 0.1571813611209107 0
0.3172613031626638 0.2225904424699521 0
0.3192144281626638 0.2388797364085667 0
0.3166196999913293 0.2298187808896211 0
0.4163836422088997 0.248267278039588 0
0.3415475406661736 0.2893643375912289 0
0.3458474308626455 0.2939163534802306 0
0.345161709876008 0.2915980230642504 0
0.3476297421388009 0.2927782034256903 0
0.3429118111995759 0.2911976666022311 0
0.3491498191278313 0.2908541040069861 0
0.3404029680317529 0.2916403455357298 0
0.3440618530974475 0.2889175887090628 0
0.1593429508850336 0.2055859038973255 0
0.3124337530771535 0.2083168130275377 0
0.4408197875119224 0.2435850437184295 0
0.432 0.09151556945931194 0
0.2702548266870961 0.122657597860038 0
0.3066269996402681 0.09454982674909918 0
0.2928990478151656 0.1040914163715386 0
0.1651378858614304 0.2015861110569616 0
0.24990099779497 0.2392151730697731 0
0.2541402930720542 0.2454695222405272 0
0.2563868135550894 0.2502620859973523 0
0.3780343188440119 0.2141726745092388 0
0.4151017593872968 0.1385061816032784 0
0.4213561085580509 0.1342668863261944 0
0.3149401461431986 0.2361398047483842 0
0.3187922700078038 0.2313246499176277 0
0.351583001694122 0.2977197778698418 0
0.3514631925778202 0.2891268533772652 0
0.3369405201374921 0.288473330031789 0
0.3420625944337513 0.2849643944223476 0
0.3462038573955362 0.2872313635226774 0
0.1574929399237596 0.203457068418724 0
0.2713120796509809 0.1195715918839186 0
0.307329521812563 0.0897049902218813 0
0.2958809770003983 0.1048882538354852 0
0.2522126999098379 0.2404613521799074 0
0.2529047082285616 0.248971515814947 0
0.2553758779155468 0.2478131518159367 0
0.3768750541923178 0.2174629324546952 0
0.4163479384974312 0.1361944794884107 0
0.4257368107003784 0.1330313014827018 0
0.4403017428249372 0.2380560131795716 0
0.3136708774038156 0.2335048091240133 0
0.3223508358404754 0.2332088149496877 0
0.3484119584805014 0.2979775554014156 0
0.3557016178390974 0.2944248849538617 0
0.3525305746254766 0.2946826624854354 0
0.3517604721790537 0.2862168926625269 0
0.3369405201374921 0.2948073610396704 0
0.3093416372435978 0.09247010826400166 0
0.2532659806357213 0.2357402524961309 0
0.4116268388136549 0.1351411987625271 0
0.4240692079886788 0.135502471169687 0
0.2547593822226397 0.2385514751460039 0
0.4144380614635279 0.133647797175609 0
0.2459437606207806 0.7787143317598734 0
0.2494102985793352 0.7948929159802307 0
0.2831695693857444 0.09545241291399509 0
0.2819780443620412 0.09760114914631367 0
0.2819780443620412 0.1016088323243224 0
0.2846571570735053 0.09726208723679952 0
0.2101085371142209 0.1415033786718796 0
0.2100711003208186 0.1330313014827018 0
0.1668601918779638 0.2092257001647446 0
0.1643544611115929 0.2199341021416804 0
0.2467425438774223 0.8288425850842981 0
0.1790044625182337 0.2194848037337805 0
0.1941855140706852 0.2063052320698596 0
0.2053636058460755 0.2063052320698596 0
0.1997745599583804 0.2121461682596297 0
0.1701205237145583 0.2240527182866557 0
0.2125048332144015 0.1523887973640857 0
0.219094619046362 0.2419976126092766 0
0.224935555236132 0.2308195208338865 0
0.2409016076876519 0.8344316309719935 0
0.2475288303130149 0.8385502471169688 0
0.2986213474377873 0.2352104186714913 0
0.2986213474377873 0.2293694824817213 0
0.2751235584843493 0.7635914332784184 0
0.2677100494233937 0.7689456342668863 0
0.3347109077843063 0.1838445417951614 0
0.3381600624295501 0.183240981657998 0
0.3970562733026967 0.1886326194398682 0
0.4061546656150447 0.1820428336079077 0
0.3295484053185043 0.2113224450306346 0
0.4435966357409175 0.2145424643598102 0
0.3342546142567233 0.7417253309166472 0
0.3331960461285008 0.7483525535420099 0
0.3097199341021417 0.7635914332784184 0
0.3237232289950577 0.7775947281713345 0
0.4287696176190064 0.2355848434925865 0
0.4205476315091312 0.1160358098919723 0
0.4004147587847461 0.1011624413666453 0
0.3975616035839372 0.1020468193880543 0
0.4188352192928844 0.1049452435450219 0
0.3138385502471169 0.7689830710602887 0
0.415847318165284 0.1210530870603069 0
0.3 0.08224802604724198 0
0.2756789334209838 0.10381642431379 0
0.4094790133612858 0.1065746477745735 0
0.3157816130885286 0.113 0
0.2001864215728779 0.09390444810543658 0
0.1919958454814446 0.09655260502334895 0
0.2901889550637302 0.116704617311988 0
0.2042676009244508 0.1303252868964895 0
0.2716574924991209 0.7492808374563609 0
0.2800727585646677 0.7465279165612771 0
0.2744435382510025 0.8417056620794497 0
0.3103999543354884 0.8417056620794497 0
0.3011661725843479 0.8438108955019727 0
0.3047707340218233 0.7465279165612771 0
0.3212912416197346 0.2062901527095124 0
0.3764477152490824 0.2101717354582864 0
0.4383524395481014 0.2202861350787876 0
0.31318600008737 0.7492808374563609 0
0.3380338248171155 0.7741286621861058 0
0.3407867457121994 0.7825439282516533 0
0.4053256741793511 0.09204735987533472 0
0.163640195043922 0.2094273031335269 0
0.2780282667129109 0.1239703459637562 0
0.2712906935057351 0.1288921080220608 0
0.2940006176134462 0.121645600410433 0
0.1814071304438963 0.1057295356299611 0
0.2836773200021431 0.8438108955019727 0
0.2988656412145438 0.7518814682663204 0
0.40817653689413 0.2158154859967051 0
0.3354331940071557 0.7880371594444349 0
0.3892914705117285 0.2364691346060665 0
0.3142661570785591 0.1071862548986972 0
0.2721390843398283 0.1253972938081151 0
0.1682040220193846 0.2021341517777325 0
0.1562489666228523 0.2064063826476604 0
0.2653128158987525 0.1192403770275846 0
0.31825 0.07199999999999999 0
0.3100399412018887 0.2368770182731408 0
0.3504544485386312 0.3034700514690873 0
0.3395189014474594 0.2993598280514287 0
0.4292837114868562 0.1372230858984732 0
0.2589962036655198 0.2344984747867878 0
0.2577290997353304 0.2403767611407512 0
0.4162633474582751 0.1306780796629184 0
0.2788284888915125 0.1020994347307309 0
0.2099534255738193 0.1359143327841845 0
0.1548442071847475 0.2156384692814348 0
0.1706643771955178 0.2275455990023288 0
0.340508697597515 0.1944735556296383 0
0.2125048332144014 0.1467997514763906 0
0.2303271930180022 0.2340599315536166 0
0.240901607687652 0.8400206768596888 0
0.2467425438774223 0.8344316309719935 0
0.2963495073253868 0.2379643765771316 0
0.2930323015500923 0.2293694824817213 0
0.271004942339374 0.7689830710602887 0
0.3437491083172453 0.1890819178477681 0
0.3756020325554228 0.2011654845900644 0
0.4064282313247092 0.2068442726884291 0
0.3810221969336803 0.2108517516754444 0
0.3816114627590393 0.2030477759472817 0
0.4001452354114282 0.1857495881383855 0
0.3217703435318375 0.2136351126639481 0
0.4491856816286124 0.2145424643598102 0
0.328665568369028 0.7475662671064173 0
0.3890249718199948 0.09390444810543658 0
0.3929762691840806 0.113 0
0.3183318904485325 0.7790640969906187 0
0.3082505652828572 0.7689827718249437 0
0.2725293779504551 0.1024010332668246 0
0.2786518367205598 0.1056540592904215 0
0.3207511165199944 0.2096559451578064 0
0.1785882693390094 0.1028838679266792 0
0.3040719819249322 0.7547664689352204 0
0.3325481933382558 0.8048957051539273 0
0.3325481933382558 0.7832426803485439 0
0.3919080031214776 0.2439905555746155 0
0.1730096643459333 0.2052676431505404 0
0.1525743505195725 0.2031194876041816 0
0.3071865784169158 0.08224018577689796 0
0.3042103933254823 0.2352104186714913 0
0.4103850611043124 0.1294109757327287 0
0.2133757994657155 0.1346101043382757 0
0.2092866295986176 0.1387295135555307 0
0.2765929273036337 0.7689827718249437 0
0.4030340892182008 0.2097223956839092 0
0.381442968745193 0.2067545304777595 0
0.4061546656150447 0.1876318794956029 0
0.4003137294252746 0.1820428336079077 0
0.3230765224813328 0.7475662671064173 0
0.3944821382120871 0.09390444810543658 0
0.1949255329814446 0.09708131496018621 0
0.302087588675193 0.7518814682663204 0
0.3890249718199948 0.2420450190776327 0
0.2069633728837029 0.1409266037971201 0
0.212730286230355 0.1380586104784864 0
0.1691307528792959 0.2198527070391321 0
0.1619401839245031 0.2162273476112026 0
0.4003137294252747 0.1764537877202126 0
0.3971831345528217 0.09618439489172637 0
0.1980604999952069 0.09632837069016054 0
0.3004766149448684 0.755114510189358 0
0.3004766149448684 0.7477249063614528 0
0.207877068045063 0.1448079141755726 0
0.1673010009236679 0.2225005345945541 0
0.2007849079814446 0.09932806945931194 0
0.1643544611115929 0.2265238879736409 0
0.1726695081505246 0.113 0
0.1866698618812641 0.1202635914332784 0
0.1692968004855633 0.1943986820428336 0
0.1923610508974248 0.2207578253706755 0
0.2084236538628285 0.2174629324546952 0
0.2059524841758433 0.2224052718286656 0
0.2135032804416314 0.2224052718286656 0
0.178828454992506 0.1975759002118145 0
0.2871640958186611 0.1647446457990115 0
0.2838692029026809 0.1729818780889621 0
0.275482223439121 0.1647446457990115 0
0.2722622041099454 0.1820428336079077 0
0.309329749414723 0.2168451400329489 0
0.209110089886991 0.228995057660626 0
0.2170727477672766 0.228995057660626 0
0.2034596375617793 0.7792421746293245 0
0.2558435174364343 0.7792421746293245 0
0.2739096505679355 0.2397034596375618 0
0.2837943293158762 0.2364085667215815 0
0.2788519899419059 0.2462932454695222 0
0.2887366686898466 0.2413509060955519 0
0.2685337726523888 0.7322150769898016 0
0.3126246423307033 0.2446457990115321 0
0.3059599829119382 0.2590235187255432 0
0.3148834458727132 0.2635914332784184 0
0.2789262157401556 0.8327106710597223 0
0.3059172768463354 0.8327106710597223 0
0.2697910344229603 0.2479406919275123 0
0.3192144281626638 0.200164744645799 0
0.3315702765975896 0.1894563426688633 0
0.3216107242628443 0.1894563426688633 0
0.3439261250325155 0.1754530477759473 0
0.4156649195418902 0.1729818780889621 0
0.4522831664387679 0.247191842285322 0
0.3273339857056151 0.2573546716874558 0
0.3208618746206539 0.2520593080724877 0
0.3208618746206539 0.2602965403624382 0
0.3241567675366341 0.2790362438220758 0
0.3241567675366341 0.2693574958813839 0
0.3332177230555797 0.2652388797364086 0
0.3389837856585451 0.2743747088421589 0
0.432813360177177 0.2623184116415236 0
0.615545865213428 0.8121911037891268 0
0.4195372076542631 0.8121911037891268 0
0.3241388848434515 0.8587382958483609 0
0.2539407978516895 0.8095386839998204 0
0.3309026947348014 0.8095386839998204 0
0.26525 0.07199999999999999 0
0.3345 0.07199999999999999 0
0.2535392655835836 0.784904832266709 0
0.3450651593621246 0.8171334431630972 0
0.284375 0.07199999999999999 0
0.2952175140802878 0.09078804775327697 0
0.290309241561032 0.128500823723229 0
0.2820316823375268 0.1359719330443641 0
0.2796008395840963 0.1511906493139953 0
0.2937538816506216 0.1466227347611203 0
0.2688924376071606 0.1400329489291598 0
0.2435723006252474 0.2482215109877703 0
0.2182866556836903 0.8121911037891268 0
0.2422495029113515 0.8200539112579822 0
0.2644900300942181 0.8056013179571664 0
0.3265530636368146 0.1795716639209226 0
0.328350257268414 0.2388797364085667 0
0.3677455372406357 0.2099645235292885 0
0.3934899283023479 0.2278905153713729 0
0.4027848991122597 0.2426239277324468 0
0.4147663227260904 0.224801567928846 0
0.417900599640649 0.2360873347187382 0
0.4302636519320004 0.2430750586260401 0
0.4133564150597175 0.2373510593463852 0
0.3463150556685127 0.2670851410620755 0
0.3694039448711827 0.2774795276509754 0
0.383090415203183 0.2784933249871341 0
0.4395528931827467 0.2747491336632539 0
0.8741669309786843 0.8869330093931573 0
0.8769890705162753 0.8445822804237695 0
0.8837255846867771 0.8873534831124149 0
0.9316900426633166 0.6939739949518842 0
0.8873668258621971 0.6913003741417816 0
0.8861226289139441 0.7016827510788695 0
0.4235664547153475 0.2539630840136282 0
0.325693486665448 0.7703327927943188 0
0.3930523483831906 0.1051991291013584 0
0.4172488704863532 0.0895117346363633 0
0.4502470690190156 0.2265542116967097 0
0.4559834282586772 0.2369462187051609 0
0.3017241826559135 0.128500823723229 0
0.1892651212803078 0.2241521999360873 0
0.3203534624922729 0.8056013179571664 0
0.3629466328862064 0.2833607907742999 0
0.3587531431544265 0.2784184514003295 0
0.4415051577808898 0.2496973352112583 0
0.4361831266799619 0.2355848434925865 0
0.4411254660539323 0.228995057660626 0
0.2685572363070745 0.1168632084722578 0
0.3785225006503079 0.2233038686444653 0
0.3539239161000738 0.2833607907742999 0
0.3132373710135867 0.08752062365876676 0
0.2397783332243665 0.7742998352553543 0
0.1816948659064807 0.2225507323834509 0
0.1919122434775014 0.210799255011883 0
0.200925485584752 0.2167027036385409 0
0.2145700274987865 0.1597707558435363 0
0.2022457296453655 0.1540362438220758 0
0.1837493937863791 0.2356597170793912 0
0.3007360651956864 0.2261674360445548 0
0.2661374765522082 0.7792421746293245 0
0.2594310715417283 0.7659673384577106 0
0.3299228301395995 0.1845140032948929 0
0.3393616464033632 0.1797649665115513 0
0.4054144010301201 0.1729818780889621 0
0.3332925966423844 0.2059308072487644 0
0.4414819179830184 0.2113404179226437 0
0.2685337726523888 0.7438969493693418 0
0.314662273476112 0.8475363290491096 0
0.3726863934747288 0.2092893330750597 0
0.3450651593621244 0.7742998352553543 0
0.2809841415027721 0.7549790997764337 0
0.4065290904361398 0.2216564221864752 0
0.3197271746260208 0.1075284151393764 0
0.2679820569566384 0.126238529590544 0
0.428020767976816 0.1446008634820348 0
0.2652231198700851 0.2388048628217621 0
0.2614448781130693 0.2415687541354327 0
0.4234528534239408 0.1280515253153291 0
0.2087935423181376 0.1281949443316667 0
0.1552186320058426 0.2257001647446458 0
0.1739792113100765 0.2288390339080918 0
0.1658854197659874 0.2319676862066515 0
0.303488813224953 0.2471169686985173 0
0.2626853683448049 0.7623107468344338 0
0.2693136790968064 0.7728207623606893 0
0.3484055082360399 0.1844118141829961 0
0.388429448204935 0.09932806945931194 0
0.3216687130960822 0.7825370675453047 0
0.3047775947281713 0.7656459491773939 0
0.267805044744662 0.1028820864455035 0
0.3052122026316003 0.07931441841206996 0
0.3058833142361522 0.2313146850850206 0
0.3014158703816348 0.2398297631117155 0
0.2181913030104091 0.1322084814590017 0
0.2800658978583196 0.7656459491773939 0
0.3864395872370961 0.2051244496790665 0
0.3953171109333714 0.1836729144066007 0
0.3870175879697443 0.2481286064921729 0
0.3847004248677708 0.2421035955967531 0
0.2878912685337727 0.7594728171334432 0
0.2099026063069722 0.2115283900596513 0
0.2014746863903178 0.22129180874296 0
0.2121990519957225 0.2186641954969797 0
0.2053977088317251 0.2267225042986649 0
0.2171708100564426 0.2246803169373186 0
0.2212190332447841 0.2289812229943599 0
0.2936497338276616 0.2421453550883916 0
0.3086579068879927 0.2542267163549435 0
0.3411803809358652 0.1706479956068096 0
0.3179200059456715 0.2538244292774771 0
0.3244545629927251 0.2489925474733205 0
0.3186963834756786 0.2635914332784184 0
0.4328882337639817 0.2664220486265218 0
0.2525079300894486 0.8046830743127139 0
0.2939443589681139 0.08054002170603497 0
0.2819734196202151 0.08919020136154029 0
0.2921875 0.07199999999999999 0
0.2966937688273534 0.08737203907086297 0
0.2839399757701096 0.1411479650666215 0
0.2787620814338344 0.1456191945159821 0
0.2523579359833772 0.2557896130542058 0
0.2252883031301482 0.8121911037891268 0
0.3584724695121796 0.2633013772922348 0
0.4444952325567171 0.2681593478312935 0
0.321077682893621 0.7610598291921389 0
0.3262548330813372 0.7662369793798551 0
0.3968109321628282 0.1096531993449266 0
0.1882921755771653 0.2299680033637685 0
0.3543119540179276 0.2782571649045676 0
0.3537359301936515 0.2738505368474544 0
0.4241511374083149 0.2378540450183262 0
0.2646620702549207 0.113 0
0.3752276077343276 0.2210803983621992 0
0.2958268244939398 0.2252245727043892 0
0.4463911586847649 0.2103975545824781 0
0.4375641205758851 0.2054576783747566 0
0.370612851335883 0.2039600075339119 0
0.4098239833521201 0.2194329519042091 0
0.1707278982984119 0.2322771765908944 0
0.2639756746446323 0.7682453299731117 0
0.310125 0.07199999999999999 0
0.3052716474485537 0.07492576736482798 0
0.2176737240019582 0.1371992857918508 0
0.2969522240527183 0.7594728171334432 0
0.3150958120176885 0.2475288303130148 0
0.3100982943265056 0.2415420544411993 0
0.3159195352466835 0.2586490939044481 0
0.3206028522771613 0.267254519445752 0
0.2962495609831697 0.07712401302362099 0
0.29609375 0.07199999999999999 0
0.2899000004219345 0.08646305099461229 0
0.2970233477291955 0.08395603038844898 0
0.2306425041186162 0.8154859967051071 0
0.3195547995120061 0.7651712876676118 0
0.3242222709754293 0.7553266660164724 0
0.3319879962570036 0.7630923912980466 0
0.4324763721494841 0.2316721581548599 0
0.4316526489204892 0.2372322899505766 0
0.209302786777235 0.1545035151219848 0
0.2594393414333813 0.7718588094846728 0
0.2664488551102071 0.7653640221961342 0
0.301 0.06845455173280955 0
0.3107348388125472 0.07771667622805407 0
0.3125445745969275 0.2560177887499114 0
0.3167899146741959 0.2669113210767576 0
0.2935078547194203 0.08534075651171387 0
0.3226600119260801 0.7672432254412541 0
0.3251574908829014 0.7595685962967167 0
0.1956559438134051 0.2182866556836903 0
0.4284163617987487 0.23954941679583 0
0.2055448514375035 0.1577345406002381 0
0.3182548055555244 0.271988855744948 0
0.3129303208727132 0.2669203744027898 0
0.2906970154479455 0.08266497059119392 0
0.327255388663682 0.7626478487036522 0
0.3060524641022224 0.2687182556640323 0
0.2843874349611414 0.08332359103356249 0
0.2893337118608471 0.0770378051547176 0
0.3300320115309893 0.7585018565905194 0
0.2151749064767875 0.2346885815320934 0
0.3150749199429715 0.2182814326650111 0
0.2733916058809504 0.09027463737456048 0
0.3130893110709607 0.119886171778187 0
0.1867025871412469 0.1092182866556837 0
0.1682007955639385 0.1369354641190044 0
0.1758865863175237 0.1536243822075783 0
0.1868672699870889 0.1698843932788068 0
0.180005202462499 0.172158154859967 0
0.1990254131435889 0.1375140912938949 0
0.2854417757738664 0.1540362438220758 0
0.260745838770338 0.8002096801752961 0
0.2868530917961051 0.7254278830520163 0
0.2871049820981799 0.7368578651294815 0
0.3272700122131129 0.7342369482688867 0
0.3080133651936338 0.7302641403158188 0
0.2972181947565537 0.8379043636941409 0
0.2842790344187523 0.8348067321840276 0
0.3005644581677386 0.8348067321840276 0
0.2726523887973641 0.8542009884678748 0
0.2802633059641447 0.864357948908445 0
0.2960910640303209 0.8265688235031381 0
0.3757785430795968 0.2372322899505766 0
0.4267103095465188 0.214168039538715 0
0.3408286402223601 0.2559056425248333 0
0.3240976538161529 0.787928705327175 0
0.3935469268780437 0.2624954283567938 0
0.4211587004522261 0.2811619027799441 0
0.8704227396548042 0.8757004354215172 0
0.8985993998338365 0.6875561828179014 0
0.3377856376084549 0.2838100891821997 0
0.425889862532047 0.1087929875161982 0
0.2854200988467875 0.85667215815486 0
0.31288221176231 0.7557520467559035 0
0.3982918581461893 0.214168039538715 0
0.3315626155175727 0.7744324505111659 0
0.4113852200838484 0.2460106984444175 0
0.4098716442843357 0.1484675893249353 0
0.4133394203265145 0.1809068973853566 0
0.4264134099884385 0.1193969608362368 0
0.3109420265448726 0.7429822810520704 0
0.2538096611093256 0.8352168083525029 0
0.4149637308319152 0.20648224878513 0
0.174987989501724 0.1202635914332784 0
0.1523076712691362 0.1949761713164584 0
0.4086885408002953 0.1222569766221754 0
0.399629042177912 0.2022664565611099 0
0.3798671732533245 0.1980825775535969 0
0.4018895249171431 0.1907147865320704 0
0.2149789408239724 0.1424900861260109 0
0.2956436937538947 0.7482422600263868 0
0.30116238542878 0.741884136877876 0
0.2027380329814446 0.1062527731061683 0
0.1988317829814446 0.1029668952747365 0
0.1647663227260904 0.1952224052718287 0
0.3072791528754277 0.2022487268825422 0
0.3076421044211102 0.2114018618453975 0
0.2726986889162837 0.8342931313262643 0
0.2754990690582547 0.8295619936792071 0
0.3121448036702072 0.8342931313262643 0
0.2659412426367316 0.2496415675216711 0
0.2751452354114282 0.2516474464579901 0
0.3172405406008683 0.1941007144425924 0
0.4478215200617114 0.2466659098138164 0
0.3175669817046737 0.2775947281713344 0
0.3319447014186848 0.2779691529924296 0
0.2494102985793352 0.7892727442879275 0
0.2369761325345724 0.2529353601665653 0
0.3262722223683345 0.2350692098688248 0
0.3665370491783118 0.2152531001046844 0
0.378595429490187 0.2779977462676044 0
0.3891433414748754 0.2778473649012321 0
0.4192851447104348 0.2519851982495369 0
0.3082411807033016 0.1267255150855145 0
0.3609425106777951 0.2874333709386401 0
0.3868937602116727 0.2231766661925781 0
0.1835798136080505 0.2181832582341122 0
0.2209358563657064 0.1647711662146914 0
0.1792544080733831 0.2351641383598615 0
0.325596795997436 0.1838436127788798 0
0.4022121605541045 0.2251342962137405 0
0.2649861434525594 0.1333634993468879 0
0.2737991234802478 0.7725059752583516 0
0.3857673625111731 0.2099143750634878 0
0.2961749382860094 0.7552400853861787 0
0.2854575356401898 0.7632170084573232 0
0.2184038167364643 0.2185989472437775 0
0.279695070340857 0.0928707350927746 0
0.2466052367087358 0.2535842172404987 0
0.3510923727146865 0.2613769073141547 0
0.2032252891697267 0.2344398084694171 0
0.3494473211132891 0.2711020280916497 0
0.2627089452549207 0.1163577899480547 0
0.2589008488937641 0.1224150278189003 0
0.2455578692664528 0.113 0
0.2627089452549207 0.1068461765477014 0
0.3729334547626128 0.2280330696931024 0
0.1945599388917804 0.1484675893249352 0
0.4104093093700942 0.223853364598951 0
0.3053840914128457 0.2426584876902354 0
0.2304450960127913 0.8045053130355418 0
0.3494239735241434 0.2766551477087837 0
0.4293959327421767 0.2218538302923 0
0.3135175508538309 0.0632685155139103 0
0.1967885632532733 0.2232289950576606 0
0.3300656222770118 0.7529444909448668 0
0.2155311470653824 0.2392030896654291 0
0.2098789669748403 0.2342529628401474 0
0.3177347380885286 0.1177330112265793 0
0.1882452663010492 0.113 0
0.1682007955639385 0.1579574518612263 0
0.1796307776414038 0.1371873544210795 0
0.1796307776414038 0.1577055615591512 0
0.1759684682658662 0.1751071820946808 0
0.1842418315577247 0.173452509436309 0
0.289478509970499 0.1569852710567894 0
0.2811982356759938 0.1553292161978884 0
0.2979904007903858 0.7254278830520163 0
0.2824158776849221 0.7408398709259357 0
0.314169976736788 0.7247220317412501 0
0.2697033615626504 0.8582377226645076 0
0.2718100650440726 0.8477042052573966 0
0.283163382668475 0.8209797776154431 0
0.3016801099180159 0.8209797776154431 0
0.3702884543403622 0.2431721832888076 0
0.4152156211339903 0.217912230862595 0
0.4291440424401016 0.210423848214835 0
0.8770628169342457 0.8688756628997514 0
0.9059172943135356 0.6941591304154708 0
0.432 0.1032343194593119 0
0.2805151962662194 0.8529279668309798 0
0.4011374526542696 0.217912230862595 0
0.4067164956734181 0.2452532394678632 0
0.1760683386011232 0.1081990479210494 0
0.2649598550640274 0.2573313073597376 0
0.2699293942426838 0.253461139055933 0
0.4491200100653605 0.2548381442577448 0
0.3260961507804981 0.2303773426014269 0
0.3737969548937 0.2813344373373599 0
0.3605839926372329 0.2926246869076177 0
0.1730471880745122 0.2407183947073127 0
0.31850194297914 0.1800124396273985 0
0.3965451450923501 0.222379803610548 0
0.2719390341646953 0.7781155568838845 0
0.2946869851729819 0.7636082891933897 0
0.2263360891853228 0.2233120036870234 0
0.277593000130135 0.08902405056917884 0
0.2666151952549207 0.1089932523851886 0
0.37310613011669 0.2330192329245673 0
0.4065646458424458 0.2261186987819623 0
0.2123589647914282 0.2469174039174256 0
0.185219823529099 0.1315983085333844 0
0.1655713275583844 0.1867792563963973 0
0.1918798363962821 0.1763226294225601 0
0.1858474207714456 0.1788669919141378 0
0.2746571894022942 0.1554763532886203 0
0.3047180866158997 0.7242892431141973 0
0.2755292673061632 0.850524997900815 0
0.4199145929073095 0.2090643937246127 0
0.4199145929073095 0.2183035115986615 0
0.4331692471242475 0.2076273789355339 0
0.8808315903974493 0.8748767121925222 0
0.8994231230628322 0.6979650335605464 0
0.428193291591989 0.1051874444593119 0
0.5569999999999999 0.09932806945931194 0
0.3093444235282362 0.8295619936792071 0
0.3340662521770799 0.2332906905208717 0
0.3691641329253279 0.2889498366619949 0
0.380071816278919 0.2852396026064801 0
0.1806666297327398 0.2429879836511455 0
0.2814416931459086 0.7756970170038945 0
0.2900664480126736 0.7635497503776001 0
0.2732753575944869 0.08220143099159198 0
0.2799418666060831 0.08492428081352803 0
0.4244831819947735 0.2100573399288189 0
0.4244450706667824 0.2180969804473167 0
0.9016218362552388 0.6941899863260685 0
0.4945 0.09932806945931194 0
0.2922729434213253 0.771769957519747 0
0.4224154192389958 0.2233681042589988 0
0.9037969347063173 0.6979846615796225 0
0.9037339908577032 0.6892222346567971 0
0.46325 0.09932806945931194 0
0.2873798064425076 0.7686771486638625 0
0.9102481786640878 0.6990599763926365 0
0.901575233821464 0.7057284090262902 0
0.447625 0.09932806945931194 0
0.4398125 0.09932806945931194 0
0.43590625 0.09932806945931194 0
0.437859375 0.1051874444593119 0
0.4270929999514423 0.09335777030133569 0
0.437859375 0.09346869445931194 0
0.432 0.09542181945931194 0
0.1767103095465188 0.1841845140032949 0
0.2311509162469972 0.1226598875334589 0
0.3496921876354809 0.1444511163084256 0
0.2540654194852495 0.1605511560672316 0
0.3091363856988362 0.2888843226882027 0
0.3089746092124416 0.2832596768367986 0
0.3422786785745253 0.1589785831960461 0
0.3546345270094512 0.1754530477759473 0
0.4073528136651349 0.1639209225700165 0
0.4235277270107455 0.1639209225700165 0
0.4040579207491547 0.2705930807248764 0
0.218854692783751 0.113 0
0.3741536997410859 0.09932806945931194 0
0.3726534726437181 0.09390444810543658 0
0.3617391398595335 0.09390444810543658 0
0.359877951277237 0.09932806945931194 0
0.331326454349539 0.09932806945931194 0
0.3289961415069801 0.09390444810543658 0
0.3470815792048573 0.8083665874420898 0
0.19575 0.07199999999999999 0
0.2211913639122519 0.1449752883031301 0
0.2311509162469972 0.1442264386609398 0
0.2417165312220917 0.8106356084745997 0
0.2381308867663762 0.7834356643611046 0
0.1899647547972443 0.1985921717746136 0
0.2246352233438725 0.2444968324958917 0
0.2324323431358911 0.832587898143676 0
0.3478417703236441 0.7823064998575751 0
0.4100838009186262 0.0900308631048875 0
0.3584228948468398 0.3020480627621397 0
0.341955325317663 0.3086833549510887 0
0.2454234136521237 0.2315125264920185 0
0.2454093058554176 0.8446672080131497 0
0.3210107376637422 0.2188654722356598 0
0.3393223917583488 0.7459329624426397 0
0.3642196545231015 0.1589785831960461 0
0.2685180127860654 0.1643203052533799 0
0.2649093193622944 0.1713950559442765 0
0.2170510708401977 0.7792421746293245 0
0.6154958543616271 0.7792421746293245 0
0.4848484214147509 0.7792421746293245 0
0.4848734268406514 0.8121911037891268 0
0.3974556714895121 0.2441765190066338 0
0.41575 0.07199999999999999 0
0.4372229285076065 0.2470829299199884 0
0.3275003630885286 0.113 0
0.2027540619438078 0.121236870078252 0
0.2135028571412753 0.1256446572422143 0
0.3910132679310933 0.2007358715099495 0
0.3907434302393742 0.1880614925757177 0
0.3793462238793028 0.257478215396019 0
0.2897848623562367 0.2504576397317018 0
0.3019955084708555 0.2536366167787362 0
0.332899652286082 0.2469005337708612 0
0.2920315616058268 0.1375617792421746 0
0.2217874794069193 0.821646336097381 0
0.365128246883094 0.2611048599129858 0
0.2991711155353939 0.2210637237678432 0
0.2870817814281647 0.2223431093286111 0
0.4430154552148855 0.2060731494171583 0
0.2487644151565074 0.7512355848434926 0
0.2222331013565885 0.135308623770531 0
0.4357393102850293 0.2269037948077032 0
0.3304375 0.06026909580026317 0
0.3364618991506147 0.7584741213902909 0
0.2900235220615913 0.8437800553325866 0
0.3138436830547499 0.7867158483048001 0
0.4102625389004702 0.2551616373766592 0
0.4087909368093425 0.141546469307871 0
0.4349411384902835 0.1288395170669305 0
0.1723655321069664 0.1255862598421225 0
0.3845654088566978 0.1938274510730972 0
0.4094872389712703 0.196734250862186 0
0.3971912893137698 0.1949699130125701 0
0.2891997988325963 0.7457830713067716 0
0.2347294849373318 0.2475821425663534 0
0.3577661058819031 0.2104664958637431 0
0.4179195538853921 0.2605637227006938 0
0.3848134953491322 0.2188115877795492 0
0.179085800634672 0.2110780452266855 0
0.1870965142216771 0.2137583164593926 0
0.213029005209106 0.1722330284467717 0
0.3916578965050429 0.2082989275534222 0
0.3884071793982486 0.214168039538715 0
0.3545410843222982 0.2678741231340305 0
0.2531568447606868 0.113 0
0.1932128127288804 0.14153141727434 0
0.1977401751831815 0.2301358644276864 0
0.3192289842530849 0.1270446520872811 0
0.2985561319096842 0.1554414580366928 0
0.3187022556018301 0.7303847454512967 0
0.2605023169287971 0.8578808524392998 0
0.2712471745827472 0.867315344603693 0
0.2590826324460245 0.2557257851036129 0
0.2757524914663522 0.2618005402737942 0
0.1679580200983915 0.2375774524220052 0
0.3217877409781145 0.169809519692002 0
0.3703497759271365 0.2377217415349601 0
0.170304768934105 0.1891853550985083 0
0.1668908463266809 0.1735633690745838 0
0.4315204033033014 0.1987516304233305 0
0.2814618140476554 0.7705745691512205 0
0.2748125 0.07199999999999999 0
0.45513620175054 0.2075160912067001 0
0.2974913686316334 0.7688756084180769 0
0.4252034165246483 0.2276646254485619 0
0.9101782381282266 0.6893235391089479 0
0.3596517399702263 0.1490190308613007 0
0.2496796743456753 0.1679255378545239 0
0.3183907049336687 0.293769641516945 0
0.3014879035807919 0.2783860645288738 0
0.3722694591991972 0.1920631132234813 0
0.400054543832775 0.2757263528638633 0
0.2211913639122519 0.1199500276223374 0
0.3699248894476719 0.08423039754112989 0
0.326267558310934 0.08423039754112989 0
0.1978182172895171 0.0855081023326421 0
0.178375 0.07199999999999999 0
0.1867469001585065 0.2053644310061992 0
0.3972107214081332 0.08423039754112989 0
0.3019162403537675 0.3003594273489056 0
0.2289950576606261 0.7742998352553543 0
0.4195247049413129 0.7792421746293245 0
0.4016346001247726 0.2485980681102425 0
0.3235941130885286 0.1173814476253658 0
0.2086178588659324 0.1222473183097143 0
0.3298287418860129 0.2519742336847092 0
0.2972953898872808 0.2114118331095947 0
0.2928865926744827 0.2194369402951837 0
0.2603349645167523 0.7554286022261827 0
0.3223125 0.06414990041023835 0
0.2948199705248996 0.8423104995001102 0
0.4144814565763035 0.2527429039698634 0
0.4040579207491547 0.2574553377588646 0
0.4082973721100682 0.2502762038381582 0
0.4291980493506251 0.1284301635621456 0
0.360552136201566 0.2232544651837814 0
0.3908783490852338 0.2192146258027342 0
0.248924264885245 0.1225475025560159 0
0.2573612601321283 0.117221444986004 0
0.3606569854979489 0.2403382561550988 0
0.1705337606398422 0.1828758433930425 0
0.4277013608940752 0.2040521189638267 0
0.4413808482657796 0.1961017014210978 0
0.4493347111003465 0.2046199999540133 0
0.3028490572553748 0.7711289222678347 0
0.9041201456484009 0.6792869953131994 0
0.3301594426533357 0.3016543533193395 0
0.3106992980505684 0.297131623192581 0
0.3072931729473496 0.2776554126913046 0
0.3644677230555797 0.08791302019613319 0
0.3753820558397642 0.08791302019613319 0
0.3317247247030262 0.08791302019613319 0
0.1930818087227955 0.08870434086339968 0
0.1841879156359827 0.2000465712760136 0
0.4048845711685671 0.08438464555664335 0
0.391753555016041 0.08791302019613319 0
0.2238467874794069 0.7792421746293245 0
0.228545759252726 0.7647147077417041 0
0.386869098061069 0.8121911037891268 0
0.3868628467045938 0.7792421746293245 0
0.294438549430467 0.8496278733916371 0
0.3647478640505011 0.230812615689801 0
0.423092919475496 0.2054473862237747 0
0.3590105566634874 0.08904477958842141 0
0.3705350432644718 0.8121911037891268 0
0.3562977333337649 0.7647147077417042 0
0.3705319175862343 0.7792421746293245 0
0.4229250574066972 0.1965846870241235 0
0.355848434925865 0.8171334431630972 0
0.3558484349258648 0.7742998352553543 0
0.3623680158661733 0.8121911037891268 0
0.3562977333337647 0.8267185706767475 0
0.3623664530270545 0.7792421746293245 0
0.2570233243735369 0.09390444810543658 0
0.3453676406832569 0.09390444810543658 0
0.2191320558397643 0.09390444810543658 0
0.2331599345688464 0.09932806945931194 0
0.3278452976980086 0.2916403455357297 0
0.3367148249441423 0.2203459637561779 0
0.3835678054279026 0.09390444810543658 0
0.3808392222318565 0.0890447795884214 0
0.3862963886239487 0.08917656628514235 0
0.38325 0.07199999999999999 0
0.3837693154298259 0.08076632834413423 0
0.3110441675170664 0.77627049475641 0
0.3440229549154226 0.7910531760978352 0
0.1449363706558593 0.2128439463375873 0
0.2838692029026809 0.1841599698643522 0
0.2721873305231408 0.1729818780889621 0
0.2776164050984133 0.2343492586490939 0
0.2745095885791456 0.7274794866879808 0
0.2573556808769986 0.7322150769898017 0
0.3082539236321841 0.8653531718532271 0
0.3467874794069193 0.8261943986820428 0
0.3375590949368472 0.8205274561555516 0
0.2714384808809504 0.1482701812191104 0
0.2488612868186703 0.81976307367924 0
0.4335349402777066 0.2854098747079743 0
0.8845757817213293 0.8802683499743923 0
0.8940314852809619 0.7017092248844266 0
0.4522857001909384 0.2203213061952278 0
0.4565839306267353 0.2298355122995138 0
0.2380560131795716 0.7652388797364086 0
0.2653193503327015 0.7875196422174215 0
0.2749118898410758 0.7425431079859766 0
0.2611202635914333 0.7413509060955519 0
0.3071346051501421 0.8485659374862715 0
0.3237232289950577 0.8492586490939045 0
0.3476112026359143 0.7660626029654036 0
0.1552186320058426 0.236878256520036 0
0.3804230626740803 0.2472067144040414 0
0.3862076881437454 0.2607452355101908 0
0.4110829407484961 0.1554246975723232 0
0.3178502042431835 0.743048207448252 0
0.267024675670529 0.8395403748407981 0
0.3127605879024871 0.2741598647844242 0
0.2246022826063728 0.1590946089741868 0
0.245572027962968 0.2648848639848248 0
0.2394472845854407 0.7977030018263823 0
0.1690807642860244 0.1443574958813839 0
0.1833499082323209 0.1443574958813839 0
0.2652076033843387 0.8476737553400543 0
0.2866665005009655 0.849954553334047 0
0.1676746937153065 0.1058603490553588 0
0.3178188169159619 0.8395403748407981 0
0.3140431695725249 0.186713828227021 0
0.1596030459189609 0.1904701663585337 0
0.3318694747624819 0.2269418032759791 0
0.3867585502570512 0.2841830892223052 0
0.2871309029108973 0.7744880629390016 0
0.9211754405206248 0.7041305586149998 0
0.3496921876354809 0.1589785831960461 0
0.3972718131542418 0.1665021117632688 0
0.2394261603885749 0.8045820774103596 0
0.243714467818002 0.7864626584417758 0
0.2025690829022279 0.1963973955409713 0
0.2191839713403411 0.2491907101049743 0
0.2358579288859144 0.8372261539158412 0
0.2539544456391558 0.2250751585684569 0
0.2512480185340781 0.849296143893808 0
0.284520994979412 0.247843634362053 0
0.3014913585032892 0.1379664073922383 0
0.2857416596006294 0.2294467979899773 0
0.3388469651780427 0.7652607896554133 0
0.3140320899076585 0.7972155929630445 0
0.4012696168838961 0.1343860158351376 0
0.1668585234624366 0.1300041461298072 0
0.1665495844321959 0.1194133944008818 0
0.3516867893729053 0.1975220910243297 0
0.9208059956536927 0.6840346324542299 0
0.3704835603161335 0.1978782180722949 0
0.4078852804803555 0.2777057210454666 0
0.3953096264519761 0.2804428563957559 0
0.180715066173473 0.09280573854330122 0
0.394219533597696 0.2516811705948089 0
0.3314066130885286 0.1204146099687657 0
0.2145167851979761 0.1189760271041476 0
0.3359466371106439 0.2522109538971242 0
0.2848323510694598 0.2105996958245845 0
0.2569047434797968 0.760442527812236 0
0.4325094682655838 0.1224635542627552 0
0.1642330658371529 0.1799718235688684 0
0.4573694272821753 0.1957836030939316 0
0.2978129968357139 0.7756070016409042 0
0.1870625 0.07199999999999999 0
0.1805628803530615 0.2050655878512946 0
0.35075 0.07199999999999999 0
0.3508248070753491 0.08764453457728472 0
0.2380776901066505 0.09390444810543658 0
0.2363094900393751 0.1070957869941285 0
0.3371751143436725 0.2126228837331407 0
0.3413165394751699 0.797085209404636 0
0.2701955709687541 0.2331719659294984 0
0.8922615724749143 0.8709351127628172 0
0.4562366548186834 0.2144809323506221 0
0.2637444647925857 0.7941212204587681 0
0.2700339950809664 0.7838064623976052 0
0.2616511908067506 0.7484412742364911 0
0.1616154844861636 0.2367330262972143 0
0.2591750957045694 0.2669472406051205 0
0.1703806919593467 0.1505354200988468 0
0.1825019263205598 0.1513133830951556 0
0.2864294400756465 0.7851779394229292 0
0.3852505321538099 0.1777593293455519 0
0.2444828140909411 0.7920828301340791 0
0.1969800370145328 0.2001690135432561 0
0.2275126498857803 0.2537589636202264 0
0.2334258500223389 0.8475644665217078 0
0.2833378219510107 0.2568331827749449 0
0.3611033789420425 0.2011198976719142 0
0.1859899829763011 0.09084662896775152 0
0.3438370546157191 0.2441542803007935 0
0.2520880679763053 0.765985059045808 0
0.2540214914090833 0.7547896467525186 0
0.2921815473126088 0.7778198981256288 0
0.3597750293519729 0.07900826688914024 0
0.2300103790983177 0.105127490864807 0
0.2672992025469537 0.7996546198030391 0
0.1649345798950576 0.248169614455848 0
0.1587789727668666 0.149750871148542 0
0.2783217019637332 0.7834164745113532 0
0.2381369044962462 0.7900877866458318 0
0.2265753815230903 0.8404976713883522 0
0.3633797787491557 0.1925147592889215 0
0.2989201270777806 0.7866964563599982 0
0.273051234985858 0.7924871634609227 0
0.1585761945284575 0.2438150042213338 0
0.8768433100102737 0.7965661757825649 0
0.8846787479406919 0.7957166392092256 0
0.8785059311893246 0.8971532176493264 0
0.4262190623061264 0.1532125205930807 0
0.3848605110889727 0.1057015782160052 0
0.8769381739076887 0.8278160317956887 0
0.8688528465725277 0.8824640519887428 0
0.8918357832666114 0.6859862897356257 0
0.25868859483399 0.8409254955564072 0
0.1936997929161471 0.1577429983525536 0
0.2217874794069193 0.8042693464862597 0
0.2924217462932455 0.8173104598783677 0
0.2889209225700164 0.8645939154577268 0
0.4461721867980448 0.2612781396084952 0
0.2067513409434821 0.2414404678913771 0
0.196455958223646 0.1684632547388664 0
0.2993357492058956 0.7129322320569719 0
0.8903608128018956 0.716711848554293 0
0.2551161962975701 0.1436230060588073 0
0.3620480360704068 0.1688632619439868 0
0.3727010426601926 0.113 0
0.3634468883931992 0.1060747139054055 0
0.3348953914655012 0.1057045886571254 0
0.241584747165432 0.2372073566083666 0
0.3447557706605266 0.7516198471318952 0
0.3442474729589391 0.734845375198821 0
0.8660941107070257 0.7051270449290157 0
0.2966861737732135 0.2489896880700747 0
0.3725622312259572 0.2605656585182998 0
0.4417310041065136 0.1431508251298697 0
0.1923384337642075 0.134052554098677 0
0.1938442705079794 0.2407481506612457 0
0.3264745454247494 0.7195189084720297 0
0.3266755981558349 0.1574332798665217 0
0.279839661452562 0.07766678281034939 0
0.2386392988947574 0.1334431630971993 0
0.3583350912499108 0.2517028395915068 0
0.3331217185558825 0.07995814184631675 0
0.4234988242398443 0.08327257057465211 0
0.2204489291598023 0.7705501784733662 0
0.3399104742911646 0.0878021432135124 0
0.3763650195289475 0.08057168054038817 0
0.3909268719705943 0.0808032680682538 0
0.3559812069162078 0.7910671824249964 0
0.26312678540091 0.7192538087276066 0
0.8369051218119263 0.9445100648146008 0
0.8920149088797981 0.8847546025995888 0
0.468889000294907 0.234455390542475 0
0.2318792272667169 0.1534234672579393 0
0.2328320395020169 0.1684324498753151 0
0.3276075536331157 0.8348965151716288 0
0.3398576258262352 0.2277323213768654 0
0.3852880900415783 0.2965650806123588 0
0.3986031397408432 0.1540135425403928 0
0.1960426196201372 0.1878088962108732 0
0.2168923242986084 0.2008704154053241 0
0.30654685309924 0.1333551017483995 0
0.2769838894857766 0.224116378787836 0
0.4033218294667065 0.12730781271996 0
0.3502569094642565 0.1909142027658287 0
0.4024193361771373 0.2828503945036123 0
0.4450281265158007 0.1213408551725729 0
0.3043318714701722 0.7778673226341419 0
0.3436012120381793 0.204422386643182 0
0.3480572805193806 0.2171467085953934 0
0.8849018757576029 0.8681365398501044 0
0.4611352454963332 0.2220513576763489 0
0.2117415233241657 0.2601529108324034 0
0.2416604444665443 0.855392638731428 0
0.2944282546049809 0.2633579872708682 0
0.2460849502772982 0.7703671072286182 0
0.2220541272772524 0.105693437373644 0
0.2764364716536135 0.807607856682498 0
0.1552423448361151 0.1358492832725898 0
0.1542015341408519 0.1720560847061414 0
0.2305683293877437 0.7953104899174945 0
0.2313464889141645 0.7867678656161109 0
0.1540358645566335 0.2572639725286616 0
0.8846787479406919 0.8039538714991763 0
0.8768670259846275 0.8043786397858459 0
0.3777226368570482 0.1055125396855383 0
0.8769144579333349 0.8200035677924078 0
0.7518907419589812 0.8121911037891268 0
0.8967148595837174 0.6803205123445114 0
0.1866606961547537 0.1594489056540428 0
0.4575321935622294 0.2676915209744308 0
0.2626887407396158 0.1480139272934183 0
0.3477755896124166 0.113 0
0.3277575172335768 0.1055126296438251 0
0.2374525297825542 0.2302808234541642 0
0.8801808988896497 0.6807211032958893 0
0.3682252358138228 0.2522872576167352 0
0.1909359670238652 0.1265694592305051 0
0.3354736071189013 0.1481444880580412 0
0.3345605038851477 0.1573641816383353 0
0.3499947071566175 0.797355710535579 0
0.887514949924464 0.9041100026005684 0
0.4017519393882357 0.1461905171669975 0
0.3135973926312045 0.1316257090266866 0
0.3897480216905371 0.127208907504733 0
0.3575996290427052 0.1853087715497956 0
0.3954567241624362 0.2917100857481343 0
0.4123194237605501 0.2878927400442078 0
0.4680331702670991 0.2090477120668744 0
0.2945746674430585 0.256019434487425 0
0.1612919581941533 0.141517768816296 0
0.2204489291598023 0.7901035365628364 0
0.1446004732083981 0.2462986624845791 0
0.3705847626251237 0.105509650548337 0
0.4538716319042652 0.2609077980931565 0
0.8883888459122401 0.6780842708424408 0
0.3245341386360026 0.1393184389356438 0
0.4569527654508972 0.2536010081934005 0
0.3563090141612748 0.1055333132930495 0
0.3415442263504727 0.1089837669781098 0
0.8985853620321707 0.6666762245058147 0
0.3121936786034815 0.1446227518478211 0
0.4629037836131852 0.2604134612220257 0
0.3488943044695698 0.1056689165116242 0
0.2596317812653546 0.1836902800658979 0
0.2615540103031921 0.8257606519702839 0
0.3232894822832988 0.8257606519702839 0
0.3108255845195677 0.8130583804192925 0
0.8661080991053051 0.8648599832934591 0
0.3569594653912413 0.3168849141934327 0
0.2951550625681669 0.1629032863375896 0
0.1661076055866161 0.1656396877262439 0
0.3189849179879953 0.3056080953011716 0
0.3539972448970473 0.2318369121155322 0
0.4285510429001286 0.1810668563189126 0
0.3643215830442714 0.8215393623578598 0
0.3664491853066444 0.7690053394411047 0
0.1380051575836084 0.1995205782034974 0
0.3511559285244169 0.833472129429179 0
0.2336875640620738 0.7579611489892722 0
0.3084519621575651 0.1935193749570388 0
0.2462026120163942 0.2019619382773985 0
0.2682184615517748 0.2057061296012785 0
0.2851491026906822 0.3003594273489056 0
0.1743478745320516 0.2502764946701406 0
0.876814436229733 0.7870546386326055 0
0.2112850082372323 0.8043624700826731 0
0.3705605842949771 0.9445100648146008 0
0.2841738106704475 0.8798234980797295 0
0.2013875157632181 0.1765965657681958 0
0.8900536578712602 0.7086863361829712 0
0.876692212379692 0.7467919273247755 0
0.352965161239929 0.7560180351270953 0
0.3479509293058328 0.7431280907322064 0
0.8747940087454171 0.6957619076937354 0
0.4355955079488085 0.1506799307332611 0
0.326375 0.07199999999999999 0
0.342625 0.07750560398045447 0
0.3664491853066444 0.78908321161235 0
0.2432335752078814 0.147896966805217 0
0.2370667829106438 0.1836902800658979 0
0.3326740545973339 0.8277748225167109 0
0.3421133332155176 0.2358788444493586 0
0.2296446328040984 0.2087118829709345 0
0.3968825191840806 0.1210696972067833 0
0.8935428218582505 0.8564891143197414 0
0.2009239318652082 0.2530161106493495 0
0.2847053144039889 0.2671966047240342 0
0.0985 0.09932806945931194 0
0.1501080197155454 0.1832561291379184 0
0.8992810884151172 0.799835255354201 0
0.7517907202553793 0.7792421746293245 0
0.8576477667945608 0.8762992563510142 0
0.8886218160041389 0.8238742962474179 0
0.4513924798740064 0.2784805535004798 0
0.2431742643491004 0.2196603732785943 0
0.3603929419709585 0.8012607813565729 0
0.3863094736873938 0.1445200767269064 0
0.3673725444367548 0.1833908222576627 0
0.3415442263504726 0.1210191511108678 0
0.4620989966769012 0.2449458854628601 0
0.8796104958744697 0.664852261294948 0
0.3089096077467184 0.164666538486231 0
0.2930116107195053 0.1718612464875205 0
0.1586002480111395 0.15946786189979 0
0.4291409274546951 0.1900594839536421 0
0.314662273476112 0.85921820142865 0
0.3656990275171794 0.8392103515287301 0
0.2377538608255512 0.7468148163444968 0
0.2191444650693107 0.7522229268897215 0
0.2934542785949127 0.1959478611738685 0
0.8846787479406919 0.7874794069192751 0
0.3471530933869068 0.848585244000272 0
0.8767432883066718 0.7636172466227626 0
0.3607821708501223 0.7324215265216588 0
0.3043925508538309 0.05972306724671975 0
0.2430678048374217 0.1590019277073323 0
0.8937224127094517 0.8080724876441516 0
0.8143907419589812 0.8121911037891268 0
0.8142907202553793 0.7792421746293245 0
0.4731199807565438 0.2735748384173375 0
0.3064865782289131 0.1768520268596714 0
0.4200183646446257 0.1875925864523826 0
0.4393107161824532 0.1848767208093056 0
0.899281088415117 0.7833607907742999 0
0.3385768818228435 0.8495033570328112 0
0.336541089558946 0.8684362337840699 0
0.8767670042810256 0.7714297106260436 0
0.3068623528654434 0.01434573614200603 0
0.8496388681898184 0.7951530806051654 0
0.8456407419589812 0.8121911037891268 0
0.8937224127094516 0.7915980230642503 0
0.8884724295885887 0.7674879089513784 0
0.8455407202553793 0.7792421746293245 0
0.342625 0.0626319041596955 0
0.3194774777036225 0.04811818935691776 0
0.8612657419589812 0.8121911037891268 0
0.8611657202553793 0.7792421746293245 0
0.8690782419589812 0.8121911037891268 0
0.8651719919589811 0.8239454819098956 0
0.8689782202553793 0.7792421746293245 0
0.8651719919589812 0.8005078739192407 0
0.8650719702553793 0.7675589447594384 0
0.8650719702553793 0.7895164942181245 0
0.9670197058370401 0.7150231277708676 0
0.9902197868082155 0.6918230467996925 0
0.4487651961572598 0.07917930912419949 0
0.3685695275931982 0.2994155335228835 0
0.2112850082372323 0.8201591920812108 0
0.361870058845561 0.131040864891053 0
0.2540426784736902 0.1322806348198494 0
0.247875 0.07199999999999999 0
0.2617597329402584 0.08334577540467042 0
0.213125 0.07199999999999999 0
0.2238684644064858 0.08246045867900442 0
0.2765634507768356 0.1913373598915644 0
0.9117921424750783 0.7100422716352276 0
0.1798795637499526 0.08247521143644593 0
0.2332320060984917 0.2646951914793741 0
0.222643227048492 0.8314626799087375 0
0.2174731374926419 0.8561750597900819 0
0.309884461150866 0.7148868749673211 0
0.3761529988531028 0.1667811707199447 0
0.294140625 0.06507529635314367 0
0.413105559450975 0.08203140191322147 0
0.2102553542009885 0.7715754660514357 0
0.2240079197139758 0.175946552014699 0
0.3005177338210259 0.8103977302050932 0
0.3092728571136439 0.3068137155763888 0
0.378697382145414 0.7700529913736782 0
0.1668766768688831 0.2615747425026588 0
0.1940160077000263 0.7959630264961319 0
0.2070842338284495 0.1861922962305811 0
0.3659515283815344 0.7560285070547814 0
0.4332651590767049 0.1606758179544764 0
0.378697382145414 0.7883971815430322 0
0.1872794415338017 0.2551042127148186 0
0.2718292189866983 0.2784348187791892 0
0.3733195096044928 0.148777660496302 0
0.3357608983468413 0.1326987637218726 0
0.1414640663783441 0.1542925368364176 0
0.2460909027666824 0.7419722866217071 0
0.9883156859408059 0.7957166392092258 0
0.2994233937397034 0.8645007918613138 0
0.365974386670572 0.3102835006660158 0
0.1936589621000086 0.8285871373384303 0
0.3529706022058428 0.1234674853709731 0
0.2428140986733721 0.08287965531892395 0
0.2522869158068153 0.0854381250835253 0
0.2143956472730427 0.0852420147119253 0
0.161 0.08370306945931194 0
0.2109679279852656 0.8419170931299632 0
0.3080751478381176 0.6952095972689532 0
0.1932665365601188 0.7633618894489793 0
0.2144173961384852 0.7617694308737925 0
0.2889371166509102 0.8050321060401873 0
0.2941528762276667 0.3166278235344911 0
0.4520102832351799 0.1577919200419099 0
0.4312823078490126 0.1709578484061744 0
0.2333379124888754 0.7296142760312632 0
0.27003125 0.05504832547249568 0
0.2333412815399289 0.08533980848022246 0
0.306204798879481 0.7053033961397192 0
0.2038809669830935 0.7630836622881879 0
0.3162661197086489 0.3234277101376889 0
0.4439983540305654 0.1680778825320188 0
0.27959375 0.0615013226157563 0
0.2892464525009364 0.6969408839671163 0
0.3228255650724478 0.7031629871647505 0
0.1980805317690496 0.7444063188934091 0
0.2079248660721723 0.7526109895425855 0
1.036767066462047 0.883346582989986 0
0.9111040910367099 0.8138078700734389 0
0.2780458587189218 0.7105972721512297 0
0.2653815438919778 0.2224910889175448 0
0.8635876601327913 0.8941189363657058 0
0.4237572379781195 0.2937439457287039 0
0.1407720827937757 0.2312892106323409 0
0.3031514134058816 0.1472292768214224 0
0.3101676438115602 0.1545817288557738 0
0.8677970252284977 0.8527080531177036 0
0.3787020706627704 0.8243585050337827 0
0.8538422549348088 0.6850219570989013 0
0.155144519104023 0.1236745724494331 0
0.8862636190500723 0.8361709244933775 0
0.2536029647513909 0.2123365045298695 0
0.4838318084509893 0.2515698393086303 0
0.4626431815055735 0.2777415097834411 0
0.8860320671284317 0.7551763118869452 0
0.358875 0.05674566766047089 0
0.8676514900171325 0.8362274245648822 0
0.8674103988678628 0.7552328409162893 0
0.9671669712659936 0.7043465485222283 0
0.9488718748965039 0.693850571309493 0
0.9520649526371184 0.7094775468740699 0
0.9776962850856794 0.7148758623419144 0
0.9883156859408059 0.7558528828437212 0
0.9883156859408059 0.735921004660969 0
0.9724781418321869 0.723659972856175 0
0.9883156859408059 0.7259550655695928 0
0.9544381801137659 0.7290178515338029 0
0.9795085121064865 0.7309380351152809 0
1.005255945040515 0.7209720960239048 0
0.976863871646636 0.7458869437523451 0
1.036767066462047 0.7610196193407566 0
0.9666086598038859 0.7363642857496525 0
0.9996918268990858 0.7042137263786574 0
0.9392382095271934 0.6427737998163937 0
0.447067295755379 0.08918986820034699 0
0.4601682081995541 0.08626265557725551 0
0.3664696793982486 0.121530617268141 0
0.3782906924402388 0.1236242954028541 0
0.9024718159148015 0.7178606960087306 0
0.2222664904437666 0.2634662149323226 0
0.2255706118865485 0.2835195374442956 0
0.2267465888349702 0.273026909518684 0
0.2392288968212912 0.2760531634437261 0
0.2107059553035869 0.276541345203883 0
0.2296945911582821 0.8597345892351996 0
0.3866120984931304 0.1590505009557763 0
0.3990700013503172 0.7601724669154269 0
0.3961168562676458 0.7957148840513389 0
0.373193084221892 0.7998059483772337 0
0.1359144744164144 0.1717204239871736 0
0.3178690326040998 0.03571172939783459 0
0.8553729625052019 0.8037262361566081 0
0.3785577513786512 0.3075444301456572 0
0.3516693755916805 0.1340121058456428 0
0.291620692875641 0.7946077083728094 0
0.3026464835271692 0.7974577262094421 0
0.3290402817246239 0.3162594912976323 0
0.4640872038277862 0.1754621623684139 0
0.439052049158874 0.1757510900466233 0
0.4516019820004289 0.1784101828955783 0
0.2781049251304967 0.01434573614200603 0
0.1980248864529816 0.7544812583754251 0
0.1865092101752165 0.7332433325313955 0
0.2129852097030923 0.7365311870496913 0
1.004444030448018 0.8900417494646223 0
0.2795632345829969 0.7197265861820764 0
0.2884948640331679 0.7135513093915739 0
0.8773347536665087 0.9079816101448762 0
0.8892881439250901 0.9240924859639353 0
0.4083885135235076 0.3096816035521173 0
0.443420097957457 0.3069100790559265 0
0.8454105422745756 0.8557900181071384 0
0.8628035207408309 0.6933466721403017 0
0.12975 0.09932806945931194 0
0.8877313481486278 0.8471081152468164 0
0.9063861056017056 0.8390376410755078 0
0.8986785172655237 0.8468169948283538 0
0.9163229595750593 0.8565907458072974 0
0.9049337918320444 0.8563379500161484 0
0.4739127424358305 0.2451496947261959 0
0.8942518263177749 0.736625546311757 0
0.3518811349264294 0.06281148452351802 0
0.3474839873568378 0.05081935910252218 0
0.845806371317289 0.7575191323797844 0
0.9669366195025514 0.8714255864927106 0
0.9269636278396984 0.7237204140231708 0
0.9989844228449316 0.7309380351152809 0
0.3811764043902154 0.1345033991090811 0
0.1990787593673138 0.2675796994427133 0
0.2433745982573251 0.8787757709219304 0
0.3879068085172688 0.1685486849784799 0
0.3772890816613208 0.1573776378995679 0
0.3902771015106995 0.7679857959149002 0
0.3886629284935066 0.7890666331390118 0
0.4031937758229533 0.7792421746293245 0
0.3852184789279032 0.8004312490368941 0
0.3787020706627704 0.807466065395762 0
0.1450001325893017 0.1750411494557794 0
0.1366878176442683 0.1859050311677768 0
0.1436694100888536 0.1645923148254579 0
0.1335557777188699 0.1613718135437556 0
0.1265969956048404 0.1456413008953357 0
0.1163898945854196 0.170727437325033 0
0.3731694111068006 0.3295651759440547 0
0.4557770043630555 0.1681796862134911 0
0.4598252134481271 0.1853243390288015 0
0.4794391272136054 0.1879485839017801 0
0.4687878955235456 0.1929466703317207 0
0.2800771720498614 0.05047326682053767 0
0.2713216534432812 0.04456483946827339 0
0.2927344544206075 0.05235621689380855 0
0.2669438941399911 0.03495214768451098 0
0.2520921230777481 0.04751905314440552 0
0.2861295841088076 0.03201789956109847 0
0.9943212190006783 0.8850174648529331 0
0.9329609653268458 0.8959105809418229 0
0.8855834994089968 0.9143513105456684 0
0.865639970712661 0.9058313123150336 0
0.8702154459202798 0.9445100648146008 0
0.9039799880398394 0.9125179961475607 0
0.8705029196248331 0.9256616121495529 0
0.3934373069075514 0.3091130713903028 0
0.4136569099684603 0.2993830526190097 0
0.4354454336480355 0.2975540400489732 0
0.4581742069688883 0.2957149218990723 0
0.8570384206094419 0.8574061093118297 0
0.8461279699704732 0.8341813730935459 0
0.8435654645786266 0.7050701667814985 0
0.8665893450775043 0.6802857613081038 0
0.1452607048414419 0.1298417388985912 0
0.8971400320119838 0.8318823215874445 0
0.9102447518827949 0.873747689635722 0
0.4900949481766361 0.2310208379204016 0
0.4735908563679034 0.2565195122990067 0
0.8871252567567448 0.7445642476038155 0
0.8766429584418484 0.730566803672501 0
0.9028930594262982 0.7515508886868207 0
0.8955871087876559 0.7260276514864772 0
0.9118549608954879 0.7327560119506474 0
0.8854645923072805 0.725582610969408 0
0.3361186744258011 0.05041738644707255 0
0.3608673917253931 0.03486908630855513 0
0.8569531529362772 0.7596338276157355 0
0.9770594309498914 0.8764498711043999 0
0.9213068573714974 0.7147417705916042 0
0.9361966384246523 0.7092509451076527 0
1.036767066462047 0.7304378784284491 0
0.9994684529803466 0.7458869437523451 0
0.3718114279407666 0.1311652113333428 0
0.3667235609302956 0.1404716544827619 0
0.2392198943161687 0.8673259448919121 0
0.175542824445244 0.8430000363449742 0
0.3818710722596204 0.7543645097600138 0
0.3668526834573865 0.3209390230351456 0
0.3783320541196948 0.319158823087352 0
0.3547192578403878 0.3364499150390648 0
0.3585985332876574 0.32698334188158 0
0.3422926816661063 0.3258295455722188 0
0.4728419253275842 0.1570892331448343 0
0.470652180735424 0.1830713171936671 0
0.4774592959632514 0.1705616974079514 0
0.4793034890883036 0.2015077910282675 0
0.287694626415212 0.04275127670550383 0
0.3054006374011938 0.03468876047422902 0
0.2985730195077146 0.04316795197184418 0
0.3092335234071391 0.04476354276664197 0
0.3613662141570825 0.04594353455095952 0
0.9883156859408059 0.8355803955747303 0
0.8325897902436075 0.8672198457983115 0
0.8438510039156127 0.9036133048349374 0
0.8971076761638263 0.9056503599497585 0
0.9142608778629924 0.8959846326175911 0
0.9068094569484089 0.9028142873899861 0
0.9225967211940558 0.9126820095882519 0
0.8699465139666055 0.9152866424692596 0
0.8518327576581447 0.9214604810478152 0
0.859511742191931 0.9143308857244735 0
0.8547726990639464 0.9044549894074854 0
0.8502637216695978 0.8916826840389148 0
0.4025877121334969 0.300217262571954 0
0.4454926445427715 0.2897510749609921 0
0.4263095231033878 0.313417717831629 0
0.4735873853093015 0.2900050135048848 0
0.8497652836357076 0.8670970841291981 0
0.8578317272985334 0.8445550966436405 0
0.8571994540438614 0.8319462443332211 0
0.8515311763852133 0.6964953554542646 0
0.144586959387336 0.1422572856048568 0
0.145375 0.09932806945931194 0
0.9003513738849207 0.8199319172634488 0
0.484024515997475 0.240399601397222 0
0.4841734320609229 0.2653458467928052 0
0.860879201482018 0.7387272936437387 0
0.8958111569649664 0.7596355929686801 0
0.913684058589065 0.7681475002327206 0
0.9002158636048948 0.7711077286163424 0
0.9059480070809358 0.7613710047288171 0
0.9218288899559695 0.7510453672735726 0
0.3356197806003901 0.01434573614200603 0
0.3516056274174552 0.04068775923324851 0
0.3499984944678635 0.01434573614200603 0
0.8495108751796303 0.7684275802018612 0
0.9670968922950915 0.88381241711234 0
1.017944919053905 0.7359135026600705 0
0.2501942939904841 0.8633541648114103 0
0.2206798253549905 0.8679256867482408 0
0.2302549656723763 0.8770576792042581 0
0.3941983254650321 0.3335139413777976 0
0.465873505868184 0.1650410553588187 0
0.4623409508408726 0.1549161435877017 0
0.4541210230294803 0.1453809969231499 0
0.4710984157855171 0.139055994546943 0
0.9895136066017014 0.8947037301798438 0
0.9701464182453403 0.9445100648146008 0
0.9048748269892998 0.8869288635475741 0
0.4180613047174787 0.3081330383630921 0
0.4269546976797968 0.3033315786562994 0
0.4152555587590128 0.3215913526539892 0
0.8445988853144185 0.8794996780149869 0
0.8496527564219833 0.8231027437721317 0
0.832347545501107 0.6866617515570806 0
0.1360659589829967 0.1464690542591698 0
0.1324205226980182 0.133597202171627 0
0.1517847675182437 0.1148883153491393 0
0.143516958188308 0.120181045024052 0
0.1425629221428108 0.1095867731027455 0
0.1266249337697371 0.1163621142581499 0
0.9114572765530667 0.8269299348668828 0
0.5034541904658698 0.246321580948457 0
0.8672624290598048 0.7457464305343411 0
0.8568599750078413 0.7487944253825938 0
0.8410233408553789 0.7366358797440083 0
0.8506563276605553 0.7404817771254172 0
0.8423405837039624 0.7473235538217395 0
0.8525780947909914 0.721681213572122 0
0.8259995293448136 0.7585652284448214 0
0.8278037183148603 0.7436901934946997 0
0.835755423701666 0.7552489028801262 0
0.8385975063377009 0.7660505074254782 0
0.3787559222028101 0.01434573614200603 0
0.3212410667329167 0.01434573614200603 0
0.3289989205021617 0.04057628050495328 0
0.9516610527906992 0.8958365292660546 0
0.9883156859408059 0.8555122737574825 0
1.008289295309541 0.8695846550062444 0
1.009248020657235 0.7304405822631713 0
1.036767066462047 0.7151470079722955 0
1.008720362055654 0.740925558981449 0
1.0212704714804 0.7530288985374665 0
1.009220503449502 0.7529653111172633 0
0.1755996498337542 0.8275881815612192 0
0.3842407464485855 0.3285739372819833 0
0.449911845035678 0.1332333575987749 0
0.4637814730268935 0.1453636837091425 0
0.4589360811535441 0.1369095075896214 0
0.4596290645086129 0.1222939169067674 0
0.8300157419589812 0.8121911037891268 0
0.8433261536920749 0.6888731648723605 0
0.9345424847368264 0.8197428019816787 0
0.9253771423180893 0.8398759610125223 0
0.4928924078150831 0.2461393703959789 0
0.4979355587019501 0.2600110323132543 0
0.3750514060894587 0.05478797821424207 0
0.3701518818100257 0.03999934658711839 0
0.4443285965081251 0.06637491863664217 0
0.3285211260323722 0.02650482136017098 0
0.3403059230972113 0.03989201340309352 0
0.9500423193009305 0.8778386334773969 0
0.961011096522626 0.8957995034281705 0
0.9562985724943309 0.8863476875745444 0
0.9657517549849732 0.9123560386829855 0
0.9563767253575072 0.906083437802806 0
0.9817521965989636 0.8654782128488587 0
1.003481682910564 0.879270920333155 0
1.020102874110111 0.8814843439481461 0
1.036767066462047 0.7916013602530639 0
0.2060909447124929 0.8655940618831013 0
0.3890962977234498 0.3189650821084971 0
0.4005803555363708 0.318142829904454 0
0.3804622714760997 0.3486959799645267 0
0.8417570753499413 0.6683054145213059 0
0.9219863088278489 0.8200807563769424 0
0.9160358301763927 0.8359634618186764 0
0.9172121112382084 0.8462627285211008 0
0.928630746463878 0.8524480555401798 0
0.312473930995686 0.02497297388901598 0
0.9453987594406068 0.8687665034498572 0
0.9423524120388933 0.9063289477941304 0
0.9673670805286622 0.8488599873462919 0
1.015193609724045 0.7628280606585246 0
0.104077991428149 0.9445100648146008 0
0.3795137799692626 0.3381020958245714 0
0.3666288106889121 0.344595114973564 0
0.8454421998350555 0.6783680090259722 0
0.8570041771499757 0.6684276997974499 0
0.927665296869799 0.7976531431197993 0
0.9285130678550471 0.8291507705230274 0
0.9277914333962834 0.8703088318075428 0
0.9559467442541212 0.9168683479277597 0
0.9672534258138253 0.9285281314427878 0
0.9769032386180503 0.8551404262901725 0
0.947101064812964 0.8409609597017065 0
1.026051932762401 0.7627779149905266 0
1.020707584512514 0.78116808121489 0
1.036767066462047 0.7763104897969102 0
0.9883156859408059 0.7757847610264734 0
0.9279886769858814 0.8096678340955638 0
0.9247304922742073 0.861214883532248 0
0.9379274201215341 0.8618350331734819 0
0.918314199896383 0.8684366665351532 0
0.9207662075481435 0.8809479710100053 0
0.9667772266685436 0.8601356406102304 0
0.9782017767734034 0.8427887136082203 0
0.9360694187326203 0.8438159023958549 0
0.9407801765921486 0.8303765019287793 0
0.9176331202868557 0.8039348605232255 0
0.9491257195782665 0.8030872248715775 0
0.9343833082540358 0.8823005867610103 0
0.9139433109112637 0.886921707975054 0
0.9236109215949191 0.895947606779707 0
0.9283204025498323 0.9046309628002759 0
0.9189679676457668 0.9040641518218819 0
0.9368360941369869 0.9445100648146008 0
0.9132978287972486 0.9115246136450682 0
0.8868706079744566 0.9445100648146008 0
0.9095769820268874 0.9208203530769914 0
0.9038103427956857 0.9319650495953887 0
0.8993110981326481 0.921703277570932 0
0.9551919717219793 0.8659453007586331 0
0.9634031969374874 0.8290827571308026 0
0.9883156859408059 0.8455463346661064 0
1.005982546682028 0.8405633651204183 0
0.9992572994677477 0.8505293042117945 0
0.9440968788289197 0.8520935264057786 0
0.9078582090204452 0.8045660347012981 0
0.9094176095099895 0.7915980230642503 0
0.9394852345595855 0.8093583997430506 0
0.9342000166297498 0.9148709950571785 0
0.9564213078398408 0.8539406451528925 0
0.9685849578529278 0.8383300432776304 0
0.958188036185231 0.842462952076388 0
0.9883156859408059 0.8156485173919781 0
0.9521509336644205 0.8307656482385808 0
1.036767066462047 0.8527648420776787 0
0.9981950093341525 0.862701017761661 0
0.9106621220314468 0.779711074653345 0
0.92018093208281 0.9445100648146008 0
0.9449705775435587 0.9169889662665294 0
0.9505949878679973 0.9293342958738111 0
0.9370359506585038 0.92889422251442 0
0.8951981890015449 0.9380454256241646 0
0.8853695376447863 0.9339804179766128 0
0.9468384079387226 0.8196764099553673 0
1.00636152792537 0.8572815406158634 0
0.9298551170843318 0.778550173786451 0
0.9118533510557216 0.9384232334999338 0
0.9235166670762116 0.9312063177803619 0
0.920720861763121 0.7867728033337633 0
0.9200688199984155 0.775992697365069 0
0.9268701451934382 0.7639367878459182 0
0.9268934686480631 0.9217536235098871 0
0.3360511510200486 0.7263818373086457 0
0.3424243169444136 0.7073755379532894 0
0.3504498225879794 0.7206383096229773 0
0.3363161005670436 0.715899009568604 0
0.4758093496621048 0.2215040330075718 0
0.1298796991350168 0.2685076634595527 0
0.9168703927297849 0.6661710211834092 0
0.3213340997016157 0.1488807315284349 0
0.2424930589811722 0.1923969284128216 0
0.2359291678733627 0.2004444058317625 0
0.2203714463833788 0.2095024927787553 0
0.2338562737872604 0.2173412219504014 0
0.2406031228474068 0.2101121247526486 0
0.3918763550998032 0.1366287491460421 0
0.8888595485907884 0.6682441369282414 0
0.8909429791208799 0.650218996510645 0
0.3310342482411944 0.853687017509603 0
0.30393993607827 0.9445100648146008 0
0.3200210303671228 0.8712301898658298 0
0.3389808282638788 0.8591226816363809 0
0.2942536402479181 0.8737368970851523 0
0.3542713175731181 0.8681044413921262 0
0.2995581362123989 0.1861185677023121 0
0.4389941308853301 0.07883201736482798 0
0.4218920638052301 0.01434573614200603 0
0.2044375 0.07199999999999999 0
0.3751458433812769 0.1768744089127961 0
0.2247205944030296 0.1896276748655492 0
0.2866658726929055 0.2828581929131013 0
0.3410829284781225 0.140523287726087 0
0.1707858140846102 0.088409736998669 0
0.1696875 0.07785153472965597 0
0.1402536863323366 0.07785153472965597 0
0.1514520610636914 0.07785153472965596 0
0.1509910846431423 0.08931915410245424 0
0.145852873698014 0.05799990558634037 0
0.1394107743628003 0.08940142015349288 0
0.1514520610636914 0.06713608977225931 0
0.1601942474178186 0.06177836729356099 0
0.1918326419256566 0.01434573614200603 0
0.1648484015762022 0.05264218310764202 0
0.1222263507167131 0.08234159831676208 0
0.1720089884513329 0.06204348015222814 0
0.13197641626585 0.08305315922438537 0
0.1281860397653415 0.06783502523615842 0
0.1850946011718028 0.04464908646568575 0
0.1760987349478109 0.05150087311900099 0
0.187431174936258 -0.00653915333110467 0
0.1888653392780633 0.05893110592312643 0
0.1750066439385355 0.04073571023707883 0
0.1630752141907099 0.01434573614200603 0
0.2465670525307374 0.7196459086217392 0
0.1205966405854544 0.2170416032762438 0
0.1457624826827764 0.2227231597511379 0
0.1329307750951315 0.2209843546760935 0
0.1205121009777924 0.2385699208484467 0
0.1299789326819538 0.208954770467914 0
0.1239487302683562 0.227819091381662 0
0.1109520629500282 0.1963659712441747 0
0.1051839542928754 0.2277454039328629 0
0.1246694808434333 0.1963064179494372 0
0.1145779605452593 0.2248236144461364 0
0.1052969837249393 0.2115463229721049 0
0.3701343545329736 0.8299754399523632 0
0.38428764164812 0.8424555069818318 0
0.2629162619164068 0.2134421970114277 0
0.2730456052048318 0.2146996537786487 0
0.9401364548161171 0.6737958547477402 0
0.9883156859408059 0.7458869437523451 0
0.4554375 0.09427467103960657 0
0.2384911890224851 0.2909294502081383 0
0.2456355757351773 0.3039987217713491 0
0.3198556196328701 0.3148581566604623 0
0.310619150990786 0.316025845827497 0
0.3028069462320365 0.32784086940923 0
0.4492413813230133 0.188837848283506 0
0.1890058316178936 0.2926723331655697 0
0.1435253569714818 0.1921149828454053 0
0.1257369389895592 0.1793886869867571 0
0.113275344099661 0.1834627917363733 0
0.121529867735439 0.1876157755800897 0
0.08923992581125387 0.1857958449271931 0
0.1015866558598674 0.1880189346055321 0
0.09886061117899171 0.2005050968209355 0
0.09840172428999565 0.1703100471176744 0
0.0825057493893048 0.2174356228415312 0
0.10728603822036 0.1752495272670324 0
0.1075393075554427 0.1643344366641477 0
0.09237740705878851 0.1511238275135173 0
0.1193467711066485 0.1573109257914972 0
0.09809531938425527 0.1598673526118849 0
0.07973650526695021 0.1656318712358376 0
0.1073926070899072 0.1475458974771102 0
0.09670078856630011 0.1797568069200962 0
0.08649009546144043 0.1747703582003716 0
0.09307082279712339 0.2112768187832698 0
0.0683198642310769 0.1851577921881892 0
0.08972206871403152 0.165317055322022 0
0.09329432047337899 0.2238015054589194 0
0.07958066150592322 0.2002765138679612 0
0.07517679003263424 0.176066411518518 0
0.09224769337791816 0.2468504955073223 0
0.08919855089946206 0.2022536136769083 0
0.05895908626771316 0.1627660241389841 0
0.07957535653710626 0.2347268017672607 0
0.09602151127818676 0.2354736020015447 0
0.06894363712773538 0.1671291017093312 0
0.05920152901919003 0.1758171716328673 0
0.07168589460342652 0.1472477086514874 0
0.0731185570309783 0.1575751344835933 0
0.08166818743545373 0.1511260097639197 0
0.08355219899879807 0.1314910077957544 0
0.0798411495746241 0.1410428143709271 0
0.05053807551597637 0.09932806945931194 0
0.09107354846246879 0.1399099961098891 0
0.08434619463921519 0.2266414302502582 0
0.07138751786061334 0.2244452807587125 0
0.1078628378935168 0.2402169815464783 0
0.03594422350993406 0.1697213820024839 0
0.102237417495556 0.1223672242413692 0
0.1163881875586699 0.2562947484876124 0
0.04843254042703111 0.1694893945917129 0
0.04720235314395874 0.1966517747988512 0
0.09418149794997382 0.1295642156009857 0
0.07451903775798818 0.09932806945931194 0
0.1060210812030208 0.1347096251355747 0
0.06476395625146904 0.1296882442081429 0
0.1151337419222716 0.2466607302035951 0
0.1286334464045866 0.2498016133536119 0
0.1037428479044788 0.2530426184830707 0
0.04177713228671864 0.1474670475101751 0
0.04243398699889972 0.1828267671904133 0
0.05614015955154717 0.1879266676819683 0
0.1158084762388441 0.1249580623835977 0
0.1163505358971392 0.1400973552406807 0
0.1043003883869342 0.2770853822678347 0
0.04821055747052538 0.1575396361896302 0
0.06512767304284252 0.1992884358104532 0
0.1074122703246221 0.2649853727322835 0
0.03644775526758045 0.1579617825622577 0
0.05671435284086947 0.1450173803467661 0
0.1185298477272529 0.2674873143672811 0
0.0874212554500949 0.2662942429300006 0
0.03055032340536184 0.1483664474774312 0
0.1223959759705731 0.2881176444166797 0
0.09388457916741914 0.2575777093297312 0
0.08019133124841366 0.2541786932000375 0
0.09763153476668761 0.2689201238180033 0
0.08852571162995083 0.2831631425032923 0
0.1257290216428415 0.3229486625356563 0
0.1233723225206624 0.2772572552127 0
0.1421366232877495 0.2844182429067856 0
0.1137940095199964 0.2818702482950898 0
0.1317445882359747 0.2834840012897826 0
0.1070200828684132 0.3002428598791986 0
0.135284453100792 0.3023733334317328 0
0.1043390161847433 0.2888192896669216 0
-0.02916330500526511 0.1493848010946089 0
0.1276050832573952 0.3113134347508057 0
0.1135314660080716 0.2926882610738133 0
0.123124842245856 0.3004127204042373 0
0.09225047639284524 0.2976828250492324 0
0.02050817367463512 0.1432668997773624 0
0.1124406487254002 0.3148371863798864 0
0.1472931015442006 0.3204567883434619 0
0.01743354989428423 0.1630381974235236 0
0.03456933981833051 0.1280147124465608 0
0.1361596428159219 0.3186616318631963 0
0.02159662929998033 0.1535608802835412 0
0.00280401381324585 0.1503434215858487 0
0.02773607960120979 0.1634793392258359 0
0.02188097305514181 0.1796964532346756 0
0.03542995317294825 0.1387573653315868 0
0.04890002384246635 0.132272454515927 0
0.1385440549639145 0.339295761081335 0
0.134441902437013 0.3293149603193591 0
0.1187997723171036 0.3415773454844739 0
0.1248915235863889 0.3332402075684784 0
0.1108160952859888 0.3293497409043871 0
0.8731866070323379 0.6867011497700652 0
0.8736250725234673 0.6730120789139111 0
0.8676267809300322 0.6623370519991221 0
0.8763425283980846 0.6506166824862977 0
0.8515184406986797 0.64655142981576 0
0.8573464293848535 0.6567159339371235 0
0.845340865565659 0.6568464855128685 0
0.8643635629104509 0.6459395033736272 0
0.823235450459389 0.656222878611942 0
0.8786443939444463 0.62704269171453 0
0.8346577060048664 0.6434350647228904 0
0.834200213293841 0.6596521179182367 0
0.8741689181240686 0.638505064461344 0
0.8278915586600729 0.6727877460099002 0
0.8569772060012111 0.6260141544158525 0
0.8875971257293694 0.6371431895425015 0
0.8676761455425888 0.6293650560693129 0
0.8575076689061386 0.6371492523188884 0
0.8690433584047925 0.6087601952466815 0
0.8448112416273926 0.6356702436217442 0
0.8712655708250484 0.6192554380697387 0
0.8609613726417105 0.6159543178976613 0
0.8887596348552961 0.6100684470708474 0
0.8411359743456408 0.6139214078008787 0
0.8813082064291328 0.6171290585330527 0
0.8507619805364557 0.6177337573035107 0
0.8527273234543468 0.5985672893926977 0
0.8947849168511007 0.6238894833885631 0
0.8423557839919734 0.6249002298427201 0
0.8222834563767877 0.6215732048202455 0
0.8327888168517333 0.6204059994500607 0
0.8331987937858389 0.6319630944691234 0
0.825467003485672 0.6023664960890998 0
0.8176798972081233 0.6397654134296988 0
0.9300228834292238 0.70276897805236 0
0.9394243745495567 0.6999956025028476 0
0.3287228042975372 0.3306599696434949 0
0.3383483419725717 0.3173307375136305 0
0.4990335731836447 0.1556401409167917 0
0.8581837556493003 0.8860204156298186 0
0.4489459925490731 0.2988728549426 0
0.4583346138952041 0.31124612857039 0
0.4875256004760373 0.281386764175012 0
0.2337690793132031 0.9011742143703352 0
0.900455131555444 0.8774438849791898 0
0.9020932266145203 0.8669701597564881 0
0.83520381230098 0.8912767020301851 0
0.8644551768611284 0.717583710156529 0
0.8613820339746943 0.7279381459658781 0
0.8005322903856837 0.7479293816409924 0
0.823292631581971 0.7193227282479233 0
0.8299157202553793 0.7792421746293245 0
0.4530265391358734 0.1111248661262063 0
0.4438637837542954 0.1121901589715846 0
0.8412036219935669 0.8708080053641785 0
0.8326750505022941 0.8791485448804938 0
0.8124395545263439 0.8896954205239835 0
0.8240446850466056 0.8872757115470803 0
0.8225315962861081 0.9090582609823222 0
0.814688258829892 0.8714409459404381 0
0.8202162372293758 0.8979536015744635 0
0.8245613355909458 0.8732418833380398 0
0.8216853648113362 0.8610449963837848 0
0.8166711270053962 0.8809509507388867 0
0.8017122137403034 0.8791082150040582 0
0.8016884190300755 0.9076104241562004 0
0.8326554733719325 0.8543881375078066 0
0.7997576611498964 0.8538390325234819 0
0.8095904661232903 0.9001691108000618 0
0.7957182760974048 0.8933543255491593 0
0.840163901743283 0.8447995924701154 0
0.8164415393262372 0.8400360095007957 0
0.8097052855084816 0.8605343883946606 0
0.8345921287133071 0.8346859588219041 0
0.8223222699478535 0.8497271047360501 0
0.7983570199823424 0.8666575539221826 0
0.8100461838549283 0.8492903797931755 0
0.8237870976017466 0.831492677979632 0
0.830250516928154 0.8436694358535355 0
0.7798910731596354 0.8783111498095686 0
0.8064782202553793 0.7939733648455216 0
0.7800944214239579 0.8581762722477608 0
0.7909248093231608 0.8753377877961459 0
0.8056936917182401 0.8394455495045432 0
0.8116842668841352 0.828516183582553 0
0.8222032419589812 0.8203257824837064 0
0.8378282419589812 0.8212570129220624 0
0.7906590112452991 0.8593306331105974 0
0.7869118904824509 0.8447036995229463 0
0.7878286768224547 0.8858074845279728 0
0.778395009249266 0.9035669880776652 0
0.7856163928432908 0.8960176276753977 0
0.7897602794489833 0.9072099939150802 0
0.7723283597041511 0.8905353920216698 0
0.7831040734338066 0.8682751332595066 0
0.7652606091196682 0.8680949266758488 0
0.8035947977035728 0.9445100648146008 0
0.7778751082182024 0.9247388577532547 0
0.7812438372716228 0.9142292627565776 0
0.7952175344404498 0.9225073646557342 0
0.7325939413288561 0.874236590222904 0
0.7715254948958359 0.9111141605739767 0
0.7634057775335548 0.9004923302014269 0
0.5249624953939641 0.2629493183431812 0
0.3039399360782701 -0.03410564437923545 0
0.3381571812540876 0.02397880093668289 0
0.4057057113156495 0.3292813128232261 0
0.4074553011775739 0.3517970477124934 0
0.4034052046778894 0.3407859177365904 0
0.4208291853020588 0.3382877746333883 0
0.3939270725243959 0.3505225644381123 0
0.4127021459817324 0.3436167464650897 0
0.4262124626152018 0.3553592592870589 0
0.4149406134096211 0.3309749977145922 0
0.4275835932752776 0.3267022290166974 0
0.2094726985620002 0.8512122798720249 0
0.1842397107505535 0.8481883794217756 0
0.1985202083383563 0.8401776382993824 0
0.2053923081378582 0.8304806732211373 0
0.1866334851933604 0.8383484312914734 0
0.2008092171403491 0.8215801547526475 0
0.1902800658978583 0.8121911037891268 0
0.3647227844034619 0.3348275559329376 0
0.3662758387444106 0.3711684572576359 0
1.030315228400852 0.783955925024987 0
1.02090301893559 0.7984437200374217 0
0.9981043045273477 0.7555837767869378 0
1.009360097040233 0.7745808270849416 0
1.008023658560408 0.7899504957455209 0
0.9883156859408059 0.7658188219350973 0
0.9985872578342497 0.7708017914807854 0
0.9706488251995835 0.7708017914807854 0
0.9773740724138641 0.7608358523894092 0
0.9981258088962822 0.7829286529500723 0
0.9577678006678725 0.7548572308202074 0
0.9666539230427345 0.7608537926293207 0
0.95243696707459 0.7723391488263528 0
0.9422877736728906 0.8900059802821708 0
0.9269873665686453 0.887537685499115 0
0.8945049248993064 0.9141852929015941 0
0.9369076080176425 0.8731053214245214 0
0.9680679326168508 0.8096021909477082 0
0.9776677875829296 0.8313399648786816 0
0.9883156859408059 0.8256144564833542 0
0.9787729927759475 0.8206314869376662 0
1.005982546682028 0.8206314869376661 0
0.9992572994677476 0.8305974260290423 0
0.9790914917259664 0.8096125250698184 0
0.9735925127691273 0.7959527733154275 0
0.9534912561911636 0.9445100648146008 0
0.9314018125045145 0.9366313150843195 0
0.9141934213315096 0.9291719923872137 0
0.369948305183415 0.6997799162494797 0
0.3519453365873983 0.729748609466893 0
0.4788111611581192 0.2314325700447772 0
0.1403721303169423 0.2594791732483415 0
0.9078305186937985 0.6701385619048585 0
0.907468369982442 0.6570311653170321 0
0.8977985820706738 0.6570384950389958 0
0.9026246046652232 0.6453312235446544 0
0.9257872564653853 0.6425945347555381 0
0.9197623549427316 0.653790323427911 0
0.914157769686793 0.6435552574783218 0
0.9374914824844758 0.6561120612799897 0
0.9064414508748095 0.6317816075351881 0
0.9276817933895076 0.662168306637042 0
0.9290684872608438 0.6515793107759191 0
0.9342994261030841 0.6158046564003458 0
0.9190520054395918 0.6319322103717427 0
0.9257593496290715 0.673577999662483 0
0.9639798875598187 0.6648307858698405 0
0.9130134828439342 0.6095205133753926 0
0.9128694771894701 0.6215786605179152 0
0.9028938395551807 0.6154295919736801 0
0.9326712831001047 0.6307875378246177 0
0.9006651278186372 0.5999930122538079 0
0.3107426645082854 0.8750888560332932 0
0.3000035899338344 0.8946489547369498 0
0.3222221980762539 0.8896075060278484 0
0.3116859854515112 0.8946539516608556 0
0.2941794735330487 0.8850038176872936 0
0.305335590371612 0.8848482965409834 0
0.2799933645136826 0.9001509379126621 0
0.3494507363501636 0.8588048728854525 0
0.3600440544090303 0.8510551148018636 0
0.3549870212863617 0.8425734759890867 0
0.3733678443806413 0.8501439193065832 0
0.2922500675184537 0.1808425664827663 0
0.2333932388977849 0.191856529506698 0
0.227092598690681 0.1983854141477275 0
0.2152292808493769 0.1913656806145355 0
0.2157050300038615 0.18161812582845 0
0.2898271367397771 0.2919485122312771 0
0.2780994349445225 0.290932113854162 0
0.2658752925862888 0.3074227259170465 0
0.2744551776625387 0.3010067581950099 0
0.2805788649458424 0.3135146092980998 0
0.2604324719121509 0.291199403847771 0
0.2807381702817374 0.2756467301135317 0
0.292144867937036 0.2742188100732849 0
0.2119077320561746 0.04520866968669478 0
0.2044375 0.05907558865710906 0
0.1907318139510915 0.08011446606761929 0
0.2549398333432741 0.7233739537672816 0
0.2468203430578508 0.7303432424652588 0
0.2546865428161607 0.7126766199237621 0
0.265947237554844 0.7069303288153498 0
0.2382721714045526 0.7017676478912888 0
0.2449409096122751 0.7095369852570017 0
0.2338331530143753 0.7165090567013486 0
0.2538226144578573 0.6951667635262708 0
0.2755283462194982 0.6971110741890272 0
0.219579399569806 0.7225323806990792 0
0.2572402651511034 0.7037743793090848 0
0.2647032498801731 0.6958289075871316 0
0.2604367309256198 0.6762094705547109 0
0.2598031418193225 0.6866208787069026 0
0.241663381876371 0.6802919959312906 0
0.2740710527040744 0.6822641736518017 0
0.1178515754431294 0.2057348231689373 0
0.3978221200383201 0.8283676579613115 0
0.478875 0.09932806945931194 0
0.4709169083112941 0.07699540436209705 0
0.1975810065147139 0.2815465599124963 0
0.1246850091149103 0.1655215147066306 0
0.132030556860659 0.2387932375949428 0
0.1258685007175133 0.2593803618501818 0
0.114125 0.09932806945931194 0
0.1256771758073548 0.1262727900618605 0
0.0727774692028571 0.1935906787132327 0
0.07808436238793116 0.1853908835594036 0
0.07162408018040099 0.2104617326834486 0
0.05391240034642832 0.2132844759879153 0
0.06222308520596546 0.2084524561236635 0
0.06268507192986475 0.2188099001903588 0
0.05386201435550716 0.2036349520200264 0
0.05704631975972487 0.2370546263972812 0
0.04174535794865335 0.208523113930826 0
0.0522880528900153 0.2255903015580721 0
0.02949955638572432 0.1957040862479547 0
0.04967074270133254 0.2457013398689935 0
0.03816312740713793 0.1996865405365954 0
0.02880794384095612 0.2086233900676495 0
0.04531402697711648 0.2352044918228159 0
0.006251388442918514 0.2009376999085943 0
0.0009327038076588296 0.2105538555267041 0
0.0341247216500038 0.2237372744610026 0
0.01861354744267135 0.2015994866707892 0
0.0479003951578671 0.2569276776681834 0
-0.02916330500526511 0.1799665420069163 0
0.01305843403337028 0.1895755634767639 0
0.004993748470322361 0.2303828361685935 0
0.01189254979429016 0.2113542498485068 0
-0.02916330500526511 0.2717117647438384 0
0.005759625796741448 0.2198956334067081 0
-0.003921808490550941 0.2015898733537911 0
0.0004252088848772269 0.1897271254169946 0
-0.01485457856544247 0.2108251785467883 0
-0.02916330500526511 0.3328752465684531 0
0.01972121630524789 0.2234479125360564 0
-0.02916330500526511 0.241130023831531 0
0.06463704418346534 0.250998463985267 0
0.02888436898108364 0.2481761709534362 0
0.03892854058306078 0.2440073385417874 0
0.02952361206778978 0.2355319576678064 0
0.01553620736386871 0.2411630734439992 0
0.06314423115241254 0.1532204425772274 0
0.06516205841670357 0.1396753581638664 0
0.08248487656128443 0.2443703658633327 0
0.07159655124273574 0.2423947459691539 0
0.1555272433011459 0.274101819409065 0
0.09529768692633328 0.2891635155591132 0
0.09735167017278315 0.3121376683070021 0
0.1150171038201513 0.3055764442263102 0
0.03240547642842811 0.179633315553223 0
0.04843903252839418 0.1413231759864974 0
0.04605037465505166 0.1156178491347895 0
0.1167792032382883 0.3226700541094188 0
0.8838055953752834 0.6563963278855025 0
0.8359430597667109 0.6778543823972459 0
0.8232423615199369 0.631494429119777 0
0.8089246359165453 0.627871312301423 0
0.3400572138016166 0.3410253665576194 0
0.3145087053596032 0.340798331364759 0
0.4861421087778577 0.1600583875000087 0
0.503408041856495 0.1949686364431819 0
0.469771183976921 0.3033615795349859 0
0.4821328209856159 0.2741430059829487 0
0.4926450604206905 0.2719461991441164 0
0.4785452488999579 0.2824431224775215 0
0.4841670575562249 0.2915352217749578 0
0.5068208479134075 0.285741871854425 0
0.4957775900887309 0.2897476566114734 0
0.5071411401902954 0.27123173032378 0
0.4985219748888901 0.2800883811187806 0
0.5084003703138769 0.3073214138922677 0
0.4922730540283487 0.3055850638786021 0
0.5045673349757088 0.2967543964268372 0
0.5252162595258836 0.2952429909106586 0
0.5151049445600047 0.2989107266465325 0
0.5266624856975772 0.3150014308409916 0
0.5186145092369207 0.3085859912776053 0
0.5112656929256125 0.3260605531577105 0
0.2260628336150031 0.8899828261148334 0
0.8147658396346734 0.7496557649836705 0
0.8294124255042422 0.7307910820151846 0
0.8162645765405743 0.7357012239919314 0
0.8380721880079178 0.7188030083457236 0
0.8055247676174693 0.6876239841955742 0
0.8284329992265215 0.7688136661425196 0
0.8157465525415604 0.7664129061177823 0
0.7830407202553793 0.7792421746293245 0
0.7986657202553793 0.7792421746293245 0
0.8064782202553793 0.771858395987235 0
0.7908532202553793 0.7631511142587679 0
0.8054051388157975 0.759421801921608 0
0.8377282202553793 0.7792421746293245 0
0.8416344702553793 0.788731531384399 0
0.8338219702553793 0.7863988377371767 0
0.8341285203431663 0.79962105636275 0
0.8221032202553793 0.788150779815161 0
0.7831407419589812 0.8121911037891268 0
0.8322274361531248 0.902561829942814 0
0.8367350864078216 0.9175041603984323 0
0.8033470098336353 0.8881800485054363 0
0.7987657419589812 0.8121911037891268 0
0.8024579501880851 0.8305655313329465 0
0.7952264796943205 0.8382301037554888 0
0.7812715158730036 0.8288829223970788 0
0.8050595315053931 0.8204845873638473 0
0.7920058211073068 0.8279477277586252 0
0.7681706423287699 0.8795116419162902 0
0.7603339193681133 0.888763277550656 0
0.7554440443441204 0.8766763239965771 0
0.7231593444769764 0.8543744868666847 0
0.7451398766014697 0.8549835640495986 0
0.7415820841309484 0.8663793788334039 0
0.7533512012672136 0.86437678958871 0
0.6370431771618053 0.9445100648146008 0
0.7634697213087869 0.8472457495720928 0
0.7619143507192859 0.8578808564472542 0
0.5118634014526153 0.2576686775068955 0
0.3931346360702834 0.01434573614200603 0
0.3356895409317546 -0.01472307000492773 0
0.3887700542216749 0.3419338459895737 0
0.4382174530071298 0.3189790220291278 0
0.439915724905657 0.3416535917832485 0
0.1899124018137945 0.8565773788490672 0
0.3701998539825628 0.3579315642984842 0
0.1722046745406978 0.8624389954856586 0
0.3848141727956463 0.3671572962041 0
0.1762767710049424 0.7957166392092256 0
1.01733319423972 0.7898451795975461 0
0.2038305083771577 0.7977367033402547 0
0.1972817133443163 0.8052589129030508 0
1.005049074363703 0.762980050891389 0
0.9659164747601585 0.7473931074206687 0
0.9537089204616651 0.7422460371495951 0
0.9393720054810337 0.7689946746133396 0
0.9684076219228103 0.8199823137742723 0
0.9576209237051377 0.8199768137444247 0
1.007141467349327 0.8053001963209347 0
0.9883156859408059 0.8056825783006019 0
0.99763124789517 0.8006996087549139 0
0.9982828174848487 0.8114826379897713 0
0.961168702556616 0.7988669971699243 0
0.9504880606010148 0.7876816033544788 0
0.9644740536127079 0.7850187726533255 0
0.9807923694241906 0.7857507001178496 0
0.9786344739390993 0.7762990421685526 0
0.9587560359464503 0.925456160304584 0
0.9597532732402102 0.9359860139670806 0
0.9451636751640753 0.9382351104576787 0
0.3572574903805186 0.7074593220598709 0
0.1419301150667926 0.2719008981378163 0
0.8976309309733155 0.6366121359397997 0
0.8915613833547644 0.6013073981152696 0
0.9328130371187425 0.6825872004388046 0
0.9436709445228777 0.6841861465863981 0
1.036767066462047 0.5775291738669122 0
0.9557042647689169 0.6839420482731564 0
0.9502629488579655 0.67527460045879 0
0.9467726586087551 0.6637635734521687 0
0.9666741157588536 0.6818592562923499 0
0.9495740180006009 0.6509108402831425 0
0.9243994152079603 0.6217163579809383 0
0.8937832120492313 0.5845117776673476 0
0.8975033851194852 0.6083286792294509 0
0.883254877161154 0.5807822933157959 0
0.8793775686006058 0.6022395812436024 0
0.8847107184213805 0.5918563808750035 0
0.8762270098774135 0.5721010508651956 0
0.8669383121998906 0.5939746024202956 0
0.8715894285353551 0.5830407004893065 0
0.8951303915210541 0.5639832021489048 0
0.8554208088465474 0.5826190226761734 0
0.8915617411367595 0.574057502723108 0
0.9112050220858885 0.5753465850966093 0
0.9012015876213467 0.5774722551030254 0
0.9088620471141017 0.588921500470045 0
0.8637545317386807 0.573266482650848 0
0.8430081968793045 0.5631693609699311 0
0.8519574087298976 0.5711436921637977 0
0.8679247817555621 0.5505735037557513 0
0.834057960804554 0.5828062865663209 0
0.8690399543096464 0.562508106426594 0
0.8558939758585302 0.5577170679161492 0
0.8412025649479036 0.574204538203869 0
0.8825385075631736 0.5552273955497585 0
0.822381735962997 0.5658400001951948 0
0.8330445116198907 0.5672043639812367 0
0.8308734070323267 0.5475239971566741 0
0.8347344005878928 0.5570579986105758 0
0.8244519041042798 0.5556733150771159 0
0.8456347797763265 0.5470948659491623 0
0.8053940919661567 0.5570868206115034 0
0.813755578704066 0.5406401518989824 0
0.2849502829012369 0.8905767691391995 0
0.2654994636636289 0.8865766046720513 0
0.2757890000395719 0.8858336177967618 0
0.3259000477263905 0.910808527240924 0
0.3058364554973877 0.9141314378226119 0
0.3210712299998702 0.9007266886573532 0
0.3058409961849142 0.9035156852902813 0
0.2920079860291053 0.9088176457188688 0
0.3413579574312376 0.8972074462286037 0
0.3153996351872133 0.9096404965659634 0
0.3851003274546514 0.8552086201509753 0
0.3317108980138448 0.9018280212494549 0
0.3372502601866235 0.9445100648146008 0
0.3361322107931737 0.9110590513469181 0
0.3968374255411222 0.8547591089671335 0
0.3924571770914983 0.865657501294234 0
0.3675609930579005 0.8631022370986468 0
0.282979223406363 0.3341975578096967 0
0.2692130501374804 0.2875690305551182 0
0.2610640709462209 0.2802932864349958 0
0.2495352507885421 0.2850969726160756 0
0.251004980088714 0.2952533480094545 0
0.2559883380055515 0.3043340000810021 0
0.2554563564643051 0.323405205992057 0
0.2505024290673112 0.3137239960872396 0
0.2358172783251373 0.327346547692378 0
0.2373203976775104 0.3142403211072578 0
0.2450809861706706 0.3226062583540692 0
0.248852357558148 0.3413984014875759 0
0.1966125025748567 0.06319777773487285 0
0.1966990115797305 0.05387394996212357 0
0.2195731689377858 0.05828370798878603 0
0.2203165024991596 0.7043997887543362 0
0.2230399911047857 0.7327150172527072 0
0.1942773530478728 0.7191662694763258 0
0.2822872400929055 0.6889526863904671 0
0.2900360343481812 0.6710433963508129 0
0.295828969454571 0.6841807961483566 0
0.389073136094408 0.8224951474604691 0
0.403203152857666 0.8121911037891268 0
0.388436920401959 0.8328964555017245 0
0.399222146276314 0.8432580377643724 0
0.4588956885794387 0.06849837469307796 0
0.4710625 0.09058913935139123 0
0.4866875 0.08448218071911347 0
0.2106239015351777 0.2960372672906418 0
0.179187079549974 0.2762370041698665 0
0.1101240540310544 0.1178949383525478 0
0.1013452070411407 0.1116038854877646 0
0.02256597013097903 0.1891872290350032 0
0.09313176406636689 0.3496164001423174 0
0.06464870235006867 0.2970259641634103 0
-0.02916330500526511 0.1952574124630699 0
0.006564817057189323 0.174897399897819 0
0.02100378430615946 0.2140369385104667 0
-0.006883781215515545 0.2151789486289082 0
-0.007675660883069281 0.2351332199336585 0
0.06905008030529418 0.2690422015389071 0
0.01455351284692965 0.2315790115695867 0
0.06661448325383081 0.2334768156715402 0
0.1584630147272109 0.2653568179125435 0
0.1669943524362011 0.2730861430612221 0
0.1488927246760567 0.2653348489659919 0
0.1680885899190342 0.2940180466896185 0
0.1621676998407162 0.2838330144766856 0
0.1726847476675796 0.2845326319122283 0
0.152506760048051 0.296262751581873 0
0.09885221500436046 0.3034805764573426 0
0.105770076611481 0.3090109377579977 0
0.09037961920690667 0.3064706021678371 0
0.08381949977826682 0.3216636582452847 0
0.07840262793614698 0.2993277484079074 0
0.1035188914344054 0.3211856782807321 0
0.09655429950679355 0.3347539963390944 0
0.04336745705874003 0.1246479979106311 0
0.03555586063595047 0.1174134895995413 0
0.05386197107784123 0.1228523574458793 0
0.01626955664060804 0.1209652717613621 0
0.03491307551597637 0.09932806945931194 0
0.06252855663698229 0.09932806945931194 0
0.02641360188141143 0.1219092488807323 0
0.02455585478922798 0.1328908346421901 0
0.02233312641671462 0.1107820240875983 0
0.01089683925760645 0.13354001000379 0
0.007206371399472016 0.1086717514698536 0
0.8083810454157193 0.6094016610262107 0
0.3459503618344979 0.3341299705767615 0
0.3519334121568406 0.3533026679502624 0
0.3115329947807185 0.3317230629610847 0
0.3027960210518961 0.3396133398092395 0
0.2937585333345689 0.3337187124996985 0
0.2891133061869954 0.3507159857298202 0
0.3067986215086709 0.358528574837573 0
0.3078201795639599 0.348431298660488 0
0.3231050758634495 0.3550780112283423 0
0.4820539666045312 0.1470976811107354 0
0.4904335753722646 0.1948388477103824 0
0.4936267476917909 0.1775268864161625 0
0.496739880122213 0.2129904481184264 0
0.4885986730565081 0.1855499327683892 0
0.4985753374834725 0.1862152672886729 0
0.511503145042198 0.1730985923014408 0
0.5106973003399203 0.1852335182960036 0
0.496841982332942 0.2027836937839348 0
0.5110193825871463 0.2080294037919106 0
0.4876617051163085 0.2077957476825235 0
0.4871073043727118 0.2192943961106868 0
0.5326120988610127 0.1805945956503796 0
0.5156832343534139 0.196563290305651 0
0.521000491402232 0.1798235029910772 0
0.5336775645659141 0.2105640696303541 0
0.5281732296980058 0.1596248725487139 0
0.5261121738386303 0.1906615726144882 0
0.5227059270841584 0.206101346414728 0
0.5274353904002484 0.1707357295771968 0
0.5441675355019588 0.1951874567979754 0
0.5202805686791403 0.2277823945715071 0
0.5475007944484448 0.1664882865928049 0
0.5359092019089134 0.1898553149488389 0
0.546871939432966 0.1807349455910713 0
0.5350560023646451 0.2002379929122234 0
0.5446330531037731 0.2067714853660968 0
0.518435658752876 0.216599832163654 0
0.538067091854644 0.171441749564221 0
0.5458785144887859 0.2280888364246139 0
0.5649355813098311 0.2001542367946867 0
0.5059904504417642 0.2243965233412635 0
0.5422494853747529 0.2176058031965755 0
0.5538511138326835 0.20059967895559 0
0.496175358341277 0.2232278664679805 0
0.5000464639533947 0.2325168528666268 0
0.5111622055541371 0.2344178169035667 0
0.533094996985914 0.2266445825089474 0
0.5537045867588581 0.189492778529525 0
0.5600736241129196 0.2173050887602604 0
0.5257950969808401 0.2449433458450893 0
0.5640758461237558 0.1743571265793007 0
0.5273763807900222 0.2349687140725186 0
0.5384598048745733 0.2364565545324498 0
0.5570028155145622 0.2454240210517813 0
0.5489959551482562 0.2383252431993647 0
0.5584195420816662 0.2298624393139539 0
0.5414027567630028 0.2549547126123199 0
0.5815073014778406 0.2265159951728562 0
0.5694914865138992 0.2249332454090635 0
0.5725183719086512 0.2115683857350638 0
0.5734361034936259 0.2413885726471505 0
0.5669978261106985 0.2342314764177203 0
0.5214971132522622 0.278807225315183 0
0.4780300292936384 0.3275777378421004 0
0.2382525347660049 0.8898380598805594 0
0.252030818826011 0.8895007300599571 0
0.8084822560222489 0.7419231457576601 0
0.7938598739015175 0.7308331677541345 0
0.805677237524097 0.7304366682258299 0
0.7990656714300224 0.7096859923007652 0
0.8147970350844301 0.7253743719400947 0
0.8053552036623972 0.7191106501496357 0
0.8144776772940499 0.7062117959387089 0
0.8439872936379238 0.7269847486071057 0
0.8302836246666042 0.7077223995535906 0
0.846520553544317 0.7142173365676867 0
0.8539791915129019 0.7067568243763269 0
0.8188004568443328 0.6833601617328117 0
0.7922173064448176 0.6493390258530732 0
0.8458732454096121 0.9134173214530218 0
0.8412712126785845 0.9309790874001568 0
0.7425823020162476 0.8889122421621231 0
0.7434495010537229 0.8775851166624314 0
0.7514287031335388 0.8853333588908237 0
0.7519626321309004 0.8972225201123253 0
0.6837183035862047 0.8121911037891268 0
0.7553010776963341 0.907197502894092 0
0.7178045227725929 0.8121911037891268 0
0.7805454172682446 0.9354781137235179 0
0.7375454340390992 0.90759384439868 0
0.6836432873085032 0.7792421746293245 0
0.7503618855387599 0.8384169123784447 0
0.7665735931619913 0.921713856156585 0
0.7922700620652078 0.9339569745448532 0
0.775335257100776 0.8473068185359008 0
0.7694644013964049 0.8352469113602498 0
0.5158522334582472 0.2666610765692856 0
0.4281925807678015 0.04733225875500996 0
0.3956798687291468 0.03974776753468595 0
0.3716917500660304 0.02624613504382425 0
0.3284304236666534 0.002614875066063975 0
0.4487582555961901 0.3163670786143316 0
0.4611068124834153 0.3279447782417959 0
0.446483127651478 0.3297608256164974 0
0.4309930228522001 0.3364516296239783 0
0.1953779210601105 0.8948551809836227 0
0.2109520483882173 0.8819851613742078 0
0.1988457037749475 0.8508073621566167 0
0.1832784184514004 0.8202124448544564 0
0.1560924388521575 0.7929392248542563 0
0.1832784184514004 0.8039538714991763 0
0.3861796173125628 0.3570918220753965 0
0.3986147406855635 0.3639040769411159 0
0.3749793282094989 0.3665484916582117 0
0.3788175079914338 0.3842873602791775 0
0.939074353523412 0.7348050502133714 0
0.9417511896900672 0.7530533689107919 0
0.9575321720083763 0.8094401813678361 0
1.012033899324424 0.79788117707068 0
1.020057883577929 0.8139860199471151 0
0.9398802535624223 0.7945065875259001 0
0.931807586957538 0.7884509870923619 0
0.9408781765056755 0.781519316726845 0
0.9563932533418896 0.7806367132988079 0
0.9616661554696231 0.7730306261044315 0
0.9576736189083732 0.7643822471622633 0
0.9477291108322504 0.7635391396970738 0
0.3499894297702149 0.6811223054785934 0
0.3723406955931325 0.7180595089774802 0
0.9911352600645694 0.700938998983725 0
0.9787634030844188 0.6860933367459102 0
0.9770942618378216 0.6714832165025496 0
1.036767066462047 0.6386926556915269 0
0.9560849309690803 0.6257519226036595 0
0.9557061105093211 0.65897903681033 0
0.9669427509532954 0.6440744301670895 0
0.9651456212251364 0.6544075437425351 0
0.9902838395842672 0.6773767720200417 0
0.9743147475507888 0.6607098260984944 0
0.9744861816383489 0.6506827021266919 0
0.9824291094799698 0.6340061445213937 0
0.9921757892499343 0.6560001694569317 0
0.9846762334937008 0.663781832289724 0
0.9959088798072803 0.6671025943661515 0
1.021906899514642 0.6577209628835409 0
1.036767066462047 0.6692743966038344 0
1.003100238136437 0.6585057432601459 0
1.001478538508023 0.6768288673169995 0
1.001934775328112 0.6385188233635233 0
1.015572230927689 0.6827084323455664 0
1.001457383701406 0.6885370289797457 0
1.0055921044588 0.6483329995943155 0
1.019355863867029 0.6376152733697666 0
1.014450250068889 0.6979380945183716 0
0.8617662825602178 0.6022535973972443 0
0.8539960589266683 0.6083813841769353 0
0.8447390094724637 0.6045890501030321 0
0.834799080023644 0.6061131522282519 0
0.8418766636599742 0.5924825082219144 0
0.8311156929558094 0.5931807293538243 0
0.8120075178435417 0.5877600445745642 0
0.8230329152708122 0.5852839487544587 0
0.8265729954541413 0.5754325128996132 0
0.8153751002010415 0.576970362934471 0
0.7945641799850892 0.5763954092375083 0
0.8048885567358094 0.5796177646468386 0
0.7944356802848076 0.5959401936146131 0
0.8027562857491425 0.5682987786247388 0
0.7971736739314563 0.586185380298759 0
0.7785140089907949 0.5859163076633292 0
0.7845869452784021 0.558107854685992 0
0.812261999270254 0.5646188877624392 0
0.7951373737137439 0.5605900246768228 0
0.794172691223623 0.5410270855466051 0
0.797475608764886 0.5506694675979776 0
0.8582244088346933 0.5912941028891217 0
0.9000742405816401 0.5909854452205666 0
0.9340981146939973 0.5862874910602232 0
0.9111422759033464 0.5991797906779259 0
0.9218773842674566 0.5914110024887905 0
0.9217906556924818 0.6025925752119705 0
0.9252307140756171 0.6118631292599392 0
0.9343910232813433 0.6031904452890463 0
0.9502900998922099 0.6096133333984465 0
0.9410702527016332 0.6095463841473847 0
0.9457648028695621 0.5979255974386422 0
0.94560155948068 0.6204064926913091 0
0.9687465829839198 0.5957473621748099 0
0.9459862123103705 0.6326047427698414 0
0.957562880495093 0.600077505818448 0
0.9568161839444268 0.6376969828081035 0
0.9554785816004953 0.5780868146917367 0
0.9692401002682606 0.6136294532831479 0
0.9680980369960566 0.6310114170306629 0
0.9596219878522175 0.5887882201468858 0
0.9601889124868004 0.6096216409692663 0
0.9648548903231383 0.6220698286648172 0
0.9766636096336575 0.6228457078929762 0
0.9765209244400864 0.576092401161594 0
0.9892897319191599 0.6050777463800528 0
0.9698618953273944 0.5848234982393263 0
0.9851647231914105 0.5895897507996029 0
0.9804709281771797 0.6121811169944424 0
0.9737788272497016 0.6045563359340804 0
0.9955145243224296 0.6218317376557424 0
0.9862307489642298 0.6249727596883214 0
0.9938046358658208 0.6320682248573929 0
0.9910400121497135 0.6439014633827744 0
0.9841394482548903 0.6506519242250226 0
0.8846437233705916 0.5656320580123545 0
0.8834817109577452 0.5269943452318586 0
0.8571910465476156 0.546198924846347 0
0.8498246567467304 0.5261608223980261 0
0.8684277140020775 0.5339837132549839 0
0.8506819604003942 0.5372187253054919 0
0.8379526761253354 0.5369411974818757 0
0.8254652942504641 0.5362470818545341 0
0.8118227351888972 0.5176855215301233 0
0.8326756983837889 0.5192026325978683 0
0.816026354141161 0.5288902557361396 0
0.8321300435124048 0.5290191537687726 0
0.803801886239116 0.5326221371426151 0
0.8221205191107963 0.5202130496517661 0
0.8214522372494236 0.5006941555100454 0
0.826496788762482 0.510292329000089 0
0.8409894267901871 0.4965506440447043 0
0.8385731330835522 0.5085154621643525 0
0.7840876338539938 0.5197547049535509 0
0.8317042766017891 0.5009019031671152 0
0.826946536210992 0.4826239917600741 0
0.8607698715362395 0.5067716968754191 0
0.8431459007441373 0.5180095816100181 0
0.849775562224827 0.5089681790688015 0
0.7921301189603854 0.5289686410512286 0
0.8531532540566076 0.4972611427219217 0
0.8572053064771256 0.5175433547933203 0
0.7717751095214322 0.5386187804445702 0
0.7977483518348248 0.5159477512279894 0
0.848330858575388 0.4753427832312458 0
0.8723856185841118 0.5165912117587353 0
0.8601817786944005 0.5275620368480437 0
0.78059169473707 0.5309231274104808 0
0.8738211516681926 0.4885142581761637 0
0.847651000144976 0.4869820455948871 0
0.7625411322719456 0.5191415805398655 0
0.8647207400467812 0.4958024091197129 0
0.8369178167892339 0.4866128619212632 0
0.8360513391398717 0.4743214442945627 0
0.8610769063552874 0.4819267765781545 0
0.7732279166463872 0.5224867573249322 0
0.8777871872429931 0.5027922108378725 0
0.8167808114130001 0.4623324141436649 0
0.7738146000771968 0.5018694483612981 0
0.8440016510392685 0.453063913310613 0
0.8247253116201383 0.4710445725570806 0
0.776428832723323 0.5122608403965352 0
0.7889056054272304 0.5035974383619851 0
0.8430243573317958 0.4648138786199663 0
0.8053088080414027 0.4807719005969189 0
0.8304435623022536 0.4578518558782403 0
0.8641071515013043 0.4606517972422363 0
0.8136452547293035 0.4731700068644954 0
0.8541708274507759 0.4657978020873425 0
0.7960009709048598 0.4621927334986355 0
0.8063711925715437 0.4651930693385206 0
0.8065048494904566 0.4453093591993155 0
0.8092421389648605 0.4552700633549631 0
0.8210473892203493 0.4466694085819781 0
0.2908038150922099 0.8987977492444953 0
0.2767429342721089 0.9211109444018252 0
0.3305985694519232 0.9279881962029596 0
0.3141706843156044 0.9197845041029523 0
0.3054613960346201 0.9296254939270537 0
0.3797626268265569 0.8667811355363157 0
0.4184180123920497 0.8532360253649124 0
0.3881017954972998 0.888723254035074 0
0.4074129247448911 0.8509541456823936 0
0.3679702621534249 0.8838185819079429 0
0.3870266179682285 0.876576156095762 0
0.4154217139789889 0.8342239121288738 0
0.4095911482105437 0.8681276735634549 0
0.371113281503213 0.8733942737397038 0
0.3787277145809436 0.8834318505494604 0
0.3740345563795845 0.9026952117629663 0
0.3736645028062282 0.8924016743404208 0
0.3580041348964142 0.8981180863810933 0
0.4145732748065316 0.8440997897630409 0
0.4326916689409401 0.841852248458788 0
0.4016961811129032 0.8813988399311407 0
0.2854487289666119 0.3234301984858479 0
0.270450676511182 0.3256572504126639 0
0.2511032339489839 0.2742949080775285 0
0.2060392878208089 0.08116076510942104 0
0.1986133279873229 0.03955452539642601 0
0.2122424237101782 0.06321127083673508 0
0.2117645359491006 0.0540771282437516 0
0.232246855118785 0.04206906209842207 0
0.2218125 0.07199999999999999 0
0.22615625 0.06424989309894187 0
0.2300108911149212 0.05338171280479387 0
0.2384056248084069 0.06247674835664454 0
0.2224430973685197 0.04600862960033203 0
0.2205900696606033 0.01434573614200603 0
0.2183329929922433 0.03036349816974654 0
0.2408374918463861 0.04964431189910692 0
0.2442908838358793 0.03706933905592436 0
0.2266474976640462 0.02336719787296895 0
0.2556820095746901 0.03670215503823295 0
0.2496464054364582 0.02633666902908349 0
0.2637262112630233 0.01434573614200603 0
0.2299107749078467 0.707288871623639 0
0.2281976770090299 0.6956026358656989 0
0.2086621645214806 0.6860300640552951 0
0.2381000242606255 0.6907348859791437 0
0.2272702824334923 0.6812101301323327 0
0.2170799402988939 0.6935713630103744 0
0.2027439016259998 0.7037542421251954 0
0.2063930247656621 0.7248734017609568 0
0.2736871534988121 0.6647500407569791 0
0.2868480543607985 0.6802950327746183 0
0.2799906740525112 0.6727569946964721 0
0.298433409347192 0.693602240322497 0
0.4617430401923867 0.07722212664089562 0
0.4799691880035111 0.05143658319367644 0
0.4773851426060802 0.08372377539975519 0
0.4830380440256246 0.07181616711911105 0
0.2001232578748229 0.2923735356920242 0
0.2081392571756089 0.2862786762887309 0
0.1988787942811155 0.3128201459263276 0
0.1948276512958451 0.302312400273094 0
0.1782258884793128 0.3147478320383446 0
0.182512938327559 0.3031715020920587 0
0.1883789043049518 0.3119258132370192 0
0.1883050572267012 0.3313353188205662 0
0.1928388730574011 0.3216476752928855 0
0.211507608017376 0.327941024727899 0
0.2030607657472826 0.322161575033426 0
0.2146591074406163 0.311362421669075 0
0.2006530937267226 0.3347428450838797 0
0.1709394567812437 0.3054674813471271 0
0.1785550215131057 0.2934665970700522 0
0.2181381019694755 0.3505839943473848 0
0.1630477656801225 0.3191642445774407 0
0.2116296100335396 0.3401975808533706 0
0.1884384714338765 0.3549287442583255 0
0.2238165935700862 0.3339473860961663 0
0.1916990481685686 0.3431132166820399 0
0.2032749678770955 0.3526653251283186 0
0.1691230889155811 0.343240877403155 0
0.1803930650751654 0.3399932522793364 0
0.1713725252800465 0.3298684529590009 0
0.2254982128613201 0.2986154638204577 0
0.187337121660597 0.2825186382572534 0
0.1890918735839446 0.2718140416921061 0
0.179825976892436 0.2643658601921366 0
-0.01420141061238701 0.2005096313377672 0
-0.02916330500526511 0.2258391533753773 0
0.009778000966240662 0.268332230436684 0
0.0776716168389405 0.2638973210316585 0
0.080050683399485 0.2752474216081762 0
0.07688873175926549 0.2871275776999019 0
0.07964927214596298 0.3108502148919334 0
0.06256513396236421 0.3236495997349797 0
0.0729122477027475 0.3196592131185497 0
0.07481254548987668 0.3399969846673966 0
0.0633671745769311 0.3103190195926562 0
0.07099424424770037 0.3300960900810994 0
0.05535184009147741 0.3418153321355905 0
0.1069276732743866 0.3406087418764636 0
0.1111466558039378 0.3621390001699258 0
0.1120734883931447 0.3507788852538924 0
0.1306177616123492 0.3572754536062417 0
0.1022651508150849 0.3556965228197603 0
0.09528516823073249 0.3746622197312288 0
0.09121432373230715 0.3623967420693073 0
0.1014498138236042 0.3661637295368949 0
0.1134329696937865 0.3813411906516069 0
0.1202468515020845 0.357163587750816 0
0.125276866318709 0.3716301443218944 0
0.07150643772015856 0.37574596518674 0
0.07911947463758545 0.3540481383542545 0
0.08324296680723231 0.3718506758077499 0
0.08427997575316834 0.3946039488545427 0
0.07430278516169775 0.3645426167708065 0
0.08055267068122507 0.383373557441466 0
0.05304416532692707 0.3651871383832395 0
0.06431521790532378 0.3536059801025396 0
0.06250793732951521 0.39559623680231 0
0.06376436947881547 0.3678628933754057 0
0.06980658976111606 0.3869401225275587 0
0.05447593778677189 0.3814187329102164 0
0.09374970545470107 0.3247427885875755 0
0.08595629402064335 0.3323245281197018 0
0.09098688940451362 0.1178811709232745 0
0.03175466012832589 0.1084944575392138 0
0.0415503181897188 0.1067423637152457 0
0.01039436183241705 0.1436485388173107 0
-0.001336684394481313 0.1379986558200163 0
-0.0131485581839388 0.1488274328819733 0
-0.02916330500526511 0.1188030601823015 0
0.04272557551597637 0.08781178452689382 0
0.8126790014407244 0.6185179905038594 0
0.8000749375667308 0.6188889476644259 0
0.818669218910772 0.6101225462603079 0
0.8142516337993986 0.5993937751997717 0
0.7966968527024082 0.6075518015461469 0
0.7941324382865965 0.6335943564391335 0
0.8039261333882634 0.6000626507934405 0
0.7774422682472611 0.6052753524443164 0
0.7874341769640781 0.603329590193053 0
0.7869685749753569 0.6166223486134343 0
0.3490850829435858 0.3441751909805461 0
0.3414421659386108 0.3515684116453078 0
0.343613431042093 0.3710336251603306 0
0.331169686814431 0.347555334417217 0
0.3452728975650097 0.3609948138075393 0
0.3567037673844605 0.364162940676573 0
0.3325829256239716 0.3640536617693912 0
0.3549115975930099 0.3766539086821611 0
0.325724628778303 0.3870976866253176 0
0.3177842444640933 0.3701884491116945 0
0.3656284709645373 0.3843417091894284 0
0.3324035813329837 0.3765428716190649 0
0.3436151739357419 0.3851963244845023 0
0.3617153683530584 0.3530570922175342 0
0.4906945551331113 0.1238427564731357 0
0.487334900656375 0.1698850200768298 0
0.4984849672279561 0.1671158296420896 0
0.508785468268861 0.1618572969880428 0
0.5149308233360876 0.1414612991865659 0
0.5189225931245937 0.1645904923954801 0
0.5165878720490124 0.1530843740967582 0
0.506961177431667 0.1485271515987225 0
0.4947875751458318 0.1429336189305747 0
0.5045350957272752 0.1377633016399463 0
0.4956397940593799 0.1327667094681145 0
0.5257499999999999 0.09932806945931194 0
0.4858200699417827 0.1370627650285253 0
0.512749967581108 0.1311309551770744 0
0.5033091985074784 0.1226844959002152 0
0.5321532455925641 0.1324300715530776 0
0.4959777808449783 0.1121101726272841 0
0.5280394138444555 0.1455221236875709 0
0.4820604048774845 0.1128989468972694 0
0.5186846054585595 0.114998403207212 0
0.5125201336198358 0.121888551277863 0
0.5101249999999999 0.09932806945931194 0
0.5233126225149094 0.1253416798429528 0
0.5070485253007901 0.1122632554609644 0
0.5413749999999999 0.09932806945931194 0
0.5226438839972385 0.1352329252422094 0
0.5055450409068664 0.2153035174331698 0
0.5210584660868224 0.2537465587301611 0
0.5148474494366141 0.2447287820333958 0
0.5312770387551722 0.2535688386534365 0
0.5665694262808513 0.187186904746846 0
0.5880662935885842 0.1763515859395361 0
0.5836776587518908 0.1959290865681922 0
0.5757897994483218 0.1787376304827142 0
0.5735424854101036 0.1946520851053004 0
0.577698247772928 0.1557817707727417 0
0.5834951459912541 0.1856075287253525 0
0.6018836770558735 0.1904447628713025 0
0.5799813941742298 0.167528841252662 0
0.568873016988682 0.1635924419726414 0
0.4891744197288033 0.3319552879601039 0
0.5582216830794249 0.1652970318851626 0
0.5507494727944384 0.1468874812292588 0
0.5518893546573163 0.1571460316685463 0
0.5399095146491962 0.1572203547014446 0
0.5640901089455074 0.1505977368765615 0
0.591221872382715 0.1653441555121209 0
0.6065838578283965 0.1736336280795774 0
0.5124260328617499 0.2786069931543889 0
0.5167612584075792 0.2877819265925001 0
0.4704855013393978 0.3166343697059263 0
0.2623348060685812 0.9044806940654856 0
0.8524806194780509 0.7311842372382191 0
0.8351618371253409 0.6975690041153916 0
0.8232295586808699 0.6980846945089594 0
0.812761885046575 0.6955882035411192 0
0.8016077366621137 0.6984537138261258 0
0.7804249729188125 0.6995634726773439 0
0.7904551600579276 0.6882966665838486 0
0.7911728595209774 0.7019959113772489 0
0.7840485094719585 0.7172035624143621 0
0.8063500810476136 0.667394378164588 0
0.8535602838661031 0.9445100648146008 0
0.7036638253785122 0.9445100648146008 0
0.7369741494868658 0.9445100648146008 0
0.7601194338859442 0.8380750237691281 0
0.7547946874958456 0.825517859135727 0
0.4335750805658454 0.05912918468881323 0
0.423875 0.06447391015741688 0
0.4517965259719117 0.04368903443084776 0
0.407625 0.05507959985558586 0
0.4448632642123718 0.05397880512903223 0
0.4395995373596635 0.04295139263826377 0
0.4579840059496827 0.05533887305773826 0
0.4506494915401769 0.01434573614200603 0
0.4281733505886391 0.03024096239160744 0
0.4465519864751371 0.02919997632765413 0
0.3829561785204547 0.04396316965391477 0
0.3715665652690734 -0.009357008695230887 0
0.3859452791365467 0.02666027006157913 0
0.3140517097991801 0.001871218753624455 0
0.3499984944678635 -0.002534839146649225 0
0.4554889722750759 0.3424937205164432 0
0.170698639644856 0.9445100648146008 0
0.2019316801331768 0.8757439515937847 0
0.220689279674656 0.8775016662665077 0
0.2124479872817889 0.8726251333984036 0
0.2465904842640809 0.9154534570770434 0
0.1947710054696276 0.8668824748146498 0
0.236456240478456 0.9170232524582335 0
0.2437404689704248 0.9305514933102772 0
0.2013499787447347 0.8862238159997649 0
0.2122225435591769 0.8978586769808119 0
0.1847119587622131 0.8810936601159808 0
0.1832179115292274 0.8660315742751066 0
0.1801033329902662 0.8569023620809809 0
0.1709267950067843 0.8522134509678277 0
0.15343866522783 0.859591551116339 0
0.1569019672712627 0.8394237968694577 0
0.1743578061678551 0.8745155731551602 0
0.1613671193249932 0.8706014515720898 0
0.1678737489566993 0.8961596728225163 0
0.1741681559974177 0.8862520429327363 0
0.1838815774761577 0.8927513773987068 0
0.1603963284262491 0.8844559379498155 0
0.1859002858808095 0.9141831249105405 0
0.1879133629617381 0.9031825610036867 0
0.2017160302822153 0.908045839637226 0
0.1754689245657352 0.9065897344357591 0
0.1699348839704077 0.9251537759326864 0
0.1759802222020981 0.916849039388974 0
0.2040089637532095 0.9445100648146008 0
0.1612008018405642 0.9124432147052878 0
0.163376518046536 0.8193372139625635 0
0.4144408137945124 0.3661790795757605 0
0.39522334866731 0.3804158502638055 0
0.9356209517164927 0.7602866476188542 0
0.931903679263987 0.750921899387661 0
0.9267189519643018 0.7389615163856108 0
0.9167417260847857 0.7419553323865997 0
0.9062634275975034 0.7416238947570665 0
1.011132905601656 0.8133113643234978 0
1.015001506622629 0.8215051997248994 0
1.025837927994684 0.8233325965271162 0
1.009595596669587 0.8303218030746131 0
1.036767066462047 0.8374739716215249 0
1.021501394028054 0.8402800596586273 0
1.022461274531284 0.8610614688128414 0
1.036767066462047 0.8068922307092177 0
0.3573376612985238 0.6932658290476157 0
0.3162214875751708 0.6673428203821365 0
0.361219092070922 0.7178534661137852 0
0.3671281448476474 0.7094453638476397 0
0.3795357851070764 0.7078214808648194 0
0.3940874398658444 0.725695403745896 0
0.3889975208107239 0.6868047415161154 0
0.3842909265909022 0.7188106023796463 0
0.3813027485715209 0.695978761484789 0
0.4013365800991522 0.7049682437254948 0
0.3792961719170838 0.7363299548126508 0
0.3706380236848199 0.6829811497234127 0
0.3947751178000627 0.7143046717640975 0
0.3900357042097713 0.7033349177740038 0
0.3848415913963514 0.7284392732005301 0
0.3934072773910038 0.7403530207500553 0
0.3750826655683787 0.7274748355252059 0
0.4145288436966081 0.7212133620532367 0
0.4036730681292853 0.7205579803509543 0
0.4082201387331333 0.73547557138789 0
0.9681303819651539 0.6729014729475782 0
0.9589859545902195 0.6725015810713358 0
0.9237002836291133 0.5786226736291005 0
0.9232602540628425 0.5548339776695961 0
0.9394179578009475 0.5681856915434423 0
0.9201254468084312 0.5667903812108893 0
0.9334604278217188 0.5762674744227676 0
0.9443940320175641 0.5780905357468326 0
0.9078991446813471 0.5629718061612734 0
0.9300951982316985 0.5630151613598653 0
0.9439225016562326 0.5490737455715403 0
0.9389749505238751 0.5579944612478628 0
0.9326754311439664 0.5486683138340702 0
0.9554403817024042 0.5612940673049949 0
0.8999426992929871 0.5436303238137037 0
0.9390176850256382 0.528933076373464 0
0.9008100693420774 0.554580766756831 0
0.8914939778807724 0.5498091089079542 0
0.9121088250344344 0.5481762342305985 0
0.8802950449933841 0.5414093001308464 0
0.9386297375269107 0.5396951171068129 0
0.9226992429587614 0.5355863212554326 0
0.9579018406110169 0.5350018206337006 0
0.9489276653846535 0.5400663343743808 0
0.9595570911250454 0.5484181270842389 0
0.9214156019633879 0.5452557396145115 0
0.9098902552086573 0.5355608164568892 0
0.8971095758788559 0.5299717375403392 0
0.9163399620556096 0.5128667671446259 0
0.9163155571511929 0.5251233674539462 0
0.9045476504496585 0.5189716111670258 0
0.9290104498765588 0.5190203206188079 0
0.9304843193061051 0.5948041289392789 0
0.9817366786573533 0.5987960786897081 0
0.8040083588595126 0.5231111361300433 0
0.8064407378718609 0.5034110442133191 0
0.8739098202388679 0.5260846537019581 0
0.885468704396095 0.5137558254045919 0
0.8699571428209206 0.5076838811141837 0
0.789441855892445 0.5125543182632429 0
0.7836734115302474 0.482530690375972 0
0.8738231890239496 0.4728889673529649 0
0.8161871117189302 0.4202094727476989 0
0.2961818663888597 0.9186059661958301 0
0.2706296119699165 0.9445100648146008 0
0.3205950981324468 0.9445100648146008 0
0.3240526595219466 0.9205461164813785 0
0.3185523724926295 0.9319839309585541 0
0.3122675171053584 0.9394384747966459 0
0.4053319168350047 0.8351725770336274 0
0.4093001444662549 0.8232470026005736 0
0.3491130928116065 0.9080447511834417 0
0.4003439900721388 0.8716105002107774 0
0.3827999011934799 0.9084140261133967 0
0.267200245678524 0.3438853816437324 0
0.2639967357185387 0.3175853780750428 0
0.2031078776674227 0.04744305843625851 0
0.1893981840147205 0.03558524324319489 0
0.194648177550397 0.02542772243597151 0
0.2062113557931299 0.01434573614200603 0
0.2505615752798971 0.05985909604967853 0
0.2596203777391762 0.05471772919507746 0
0.2565625 0.07199999999999999 0
0.26090625 0.06385690958206822 0
0.2084439915537992 0.03489642882777929 0
0.2096040143338804 0.02437377989321758 0
0.2269617323067065 0.03422907903460363 0
0.2349687835280767 0.01434573614200603 0
0.2367965817637916 0.02850907046792216 0
0.27091556819676 0.02377754666247989 0
0.2807375040135047 0.02380834148801259 0
0.29248363899797 0.01434573614200603 0
0.2604360712518287 0.02634603257142963 0
0.2872847740240933 -0.03410564437923545 0
0.2025158237021333 0.7347586118278726 0
0.1091690486519963 0.8328457496581254 0
0.2039116782312734 0.7144273060614447 0
0.269758220107306 0.6735974344684307 0
0.2623221269318106 0.6649991552688453 0
0.2489319838858804 0.6685108514370032 0
0.2675630289080972 0.6447275411386379 0
0.267801400359672 0.6556024510732978 0
0.2519255142717255 0.6526409789775089 0
0.2869604299257304 0.6497424292810011 0
0.2782073299357932 0.6553743593876702 0
0.2876990235461775 0.660508308960514 0
0.3043487215863344 0.6539577802755252 0
0.2985406611401806 0.6636300503868499 0
0.4718385926355237 0.06293938797094453 0
0.2251412319885187 0.3194828317150875 0
0.2354029921350434 0.3408027221527098 0
0.1558281917050961 0.3341290760621082 0
0.2191512260559927 0.2910368873095666 0
0.235658209092451 0.3009655079854822 0
0.2285409648948601 0.3085981554877882 0
0.2171626717133276 0.3025093937844183 0
-0.01807663788142679 0.1876119772349931 0
-0.02344434041370705 0.2029028476911468 0
0.004094464744904464 0.2418073657202679 0
0.01053684855302611 0.2542982868962559 0
0.03933471313652558 0.3155625129102517 0
0.1151816194354586 0.371395781682568 0
0.1533942206274619 0.3739207329461092 0
0.08392937264386356 0.3448881667179989 0
0.06532772181981646 0.3435339114500258 0
0.05244424036763412 0.3533280730717872 0
0.0317213515677872 0.3603211071811981 0
0.03756868356128527 0.3434476427293001 0
0.04306899483205801 0.3597470539784711 0
0.04156023624531311 0.3743790689587831 0
0.05767638900139252 0.1108990547090559 0
0.05653331607647933 0.07807225420268693 0
0.05653331607647933 0.08954564597132421 0
0.08325181265403397 0.122491309916548 0
0.07130668965130195 0.08380895008700556 0
0.07534933951503284 0.1181743998919497 0
0.007738559784288329 0.1177670032260897 0
-0.008650906697523919 0.1141628005413546 0
0.001652626270264098 0.1271883086885267 0
-0.01371566173628372 0.1287571023853156 0
0.01928807551597637 0.05683690280065898 0
0.827802769841566 0.6124169273800202 0
0.8050675263920015 0.6398799644176211 0
0.8114754675801343 0.6510262730588097 0
0.8141609846037342 0.6608537110961915 0
0.8166907058636066 0.6718089665872204 0
0.8019419466184635 0.6490919365575116 0
0.7973505925236845 0.6598798313785078 0
0.8081067601387029 0.6775976842370648 0
0.7976457589227879 0.6802493564715648 0
0.7797847986437875 0.6715260633849665 0
0.7874850686054488 0.6784065677613196 0
0.777445164659174 0.6868126700019662 0
0.7899922468661905 0.6678515714332812 0
0.7804333421308312 0.6573126777575763 0
0.7563314131636408 0.6984704493550026 0
0.7685323376288739 0.6956191452902841 0
0.770070428282002 0.710882659002381 0
0.7574610183738467 0.6757741612623348 0
0.7659225290657083 0.6840643500615305 0
0.754739722250909 0.6870149755856948 0
0.7684945991126174 0.6729758456636024 0
0.735228172894656 0.6955643413645726 0
0.7580171671479431 0.6548155086073784 0
0.7461896294971239 0.6940412921030747 0
0.7606948054205476 0.6653732663111148 0
0.7406399944061811 0.6648411014461307 0
0.7690501696385631 0.6576357672579154 0
0.7507424489374763 0.6622789362914342 0
0.7411492096678416 0.6456511539126075 0
0.7434088473784015 0.7142344553923751 0
0.7437826002503126 0.6784125513789083 0
0.7685332089660408 0.6366671681515087 0
0.7419514795977639 0.7037457114724415 0
0.7240865140101163 0.7115735944686687 0
0.774444808491864 0.6470120954804039 0
0.7639634104070333 0.6461401282870267 0
0.7525816276945846 0.644714388783503 0
0.7814545479626086 0.6361448332798949 0
0.745204792529339 0.6249162480066989 0
0.7744775918119302 0.6236342804696806 0
0.7861992627774217 0.6269450071237169 0
0.7837084587807192 0.645293066145 0
0.7461011596736553 0.6358556431452194 0
0.7262604463325077 0.6319749572452504 0
0.7575650522833421 0.6294098775598767 0
0.7367280801888582 0.6311172459231202 0
0.7299737777002849 0.612989874425395 0
0.4866875 0.104653575054646 0
0.4766817221473909 0.1260203479238756 0
0.4710625 0.108321130924798 0
0.462558044174426 0.1130264166588387 0
0.4709229108020739 0.1181070639794994 0
0.5023124999999999 0.08573825047650589 0
0.5023124999999999 0.1043034063536028 0
0.5396485855760776 0.1419776418403771 0
0.5499234350562834 0.1261954485148456 0
0.5486595946361053 0.1366084060505057 0
0.5656377556158825 0.1333859015504998 0
0.4805315334140084 0.3094380938654411 0
0.4788875854931252 0.2997836907104737 0
0.4905193721426468 0.3200577467766692 0
0.2602505579655102 0.8948805594167294 0
0.270625922944576 0.8956279111105659 0
0.2495731904040066 0.9022250002376394 0
0.8452327028390147 0.9445100648146008 0
0.8493964933525588 0.9359456286589035 0
0.8618878648931914 0.9351670490597365 0
0.8607385881824816 0.9254686699029475 0
0.8202499597577495 0.9445100648146008 0
0.7697673991630897 0.9329688319652204 0
0.7869396356493961 0.9445100648146008 0
0.8053902998934438 0.9312303278071115 0
0.742174264539306 0.898822040975242 0
0.724309861665321 0.8950023031489228 0
0.7560139701034944 0.9307909814959384 0
0.7536293115410425 0.9445100648146008 0
0.7340637148869652 0.8577788495802282 0
0.7675157419589812 0.8121911037891268 0
0.4671347065207277 0.04301066788514806 0
0.437564820028058 0.03328945925360395 0
0.4362707776727035 0.01434573614200603 0
0.393312252635021 0.05391157406447347 0
0.3715665652690734 0.003584677386965206 0
0.3599150058077268 0.003582484249862251 0
0.3882636615131855 -0.002886165654132769 0
0.3501510182702748 0.0280919552793094 0
0.3815897396155146 0.004670392241364918 0
0.3601258204041617 0.02418047383019995 0
0.3998197124312829 0.02650443418570703 0
0.3873139270949227 0.03580634144741085 0
0.3786449127194106 0.03242816087295847 0
0.3400547370304607 0.003559276282489985 0
0.3372502601866236 -0.03410564437923545 0
0.3408552662123285 -0.006294165141610822 0
0.3539054222408003 -0.03410564437923545 0
0.4466239370812972 0.3620638892334134 0
0.4543986105035253 0.33371360435754 0
0.4631338509459069 0.3370865770493238 0
0.4688967853284657 0.3533424097010728 0
0.2861091335476664 0.9171170625817715 0
0.2872847740240932 0.9445100648146008 0
0.2777691222701819 0.9105380453904318 0
0.2671726996069763 0.9148458237819292 0
0.2639186287544594 0.9302585814122739 0
0.2568288225732178 0.913362196608812 0
0.2537862786200539 0.9245745141954794 0
0.2539744499157398 0.9445100648146008 0
0.2529212423026125 0.9345513426396325 0
0.222853438376401 0.9004416791634677 0
0.2276701931805331 0.9103605833398204 0
0.2147827637985033 0.9104899014494221 0
0.1873538016990327 0.9445100648146008 0
0.2214003529309834 0.9277530133667166 0
0.2213013932607967 0.9178910090029995 0
0.2080909321197183 0.9229550672389117 0
0.1673635303147155 0.8352638461368659 0
0.1419782277457129 0.8762041171839114 0
0.2032991649917045 0.8991670841564555 0
0.1373883155365025 0.9445100648146008 0
0.1509482837321854 0.8987327153260344 0
0.1556181431724532 0.8279232098510686 0
0.1374935855600274 0.8356518993662392 0
0.06655550457902638 0.4870671678766389 0
0.119927156576801 0.8515350915246143 0
0.1057633334635439 0.8651067072983661 0
0.0968984816307249 0.8424740274738046 0
0.1165782285821388 0.8627537390980698 0
0.1245101007088262 0.8389480973260601 0
0.1315728318776277 0.850330260051524 0
0.1085757861804951 0.8544021042934562 0
0.1489084093433742 0.8195915747037926 0
0.1463878518098413 0.8091952550663171 0
-0.0196032708067113 0.01941240221730247 0
0.4071314950991076 0.3608418103859461 0
0.4158142902250632 0.356624480353632 0
0.4057580186685568 0.3703964096080747 0
0.4175755789591539 0.383679945058762 0
0.3930918807054846 0.371373893379113 0
0.385953148008224 0.3778289175254368 0
0.3882422536147228 0.3875291899569587 0
0.4043151683104437 0.3963209675324662 0
0.3777830110962704 0.4026157491374683 0
0.9212108096328311 0.7312505752407253 0
0.9150777754355491 0.7229602117025892 0
1.019387862682016 0.8307106972158839 0
1.030281687022452 0.8451194068496017 0
1.021485606147679 0.850693661613158 0
1.026764151895371 0.8065565554324865 0
0.3498809891214687 0.7003206835004526 0
0.3353781704496768 0.6924599545235228 0
0.3663822281460093 0.6912199589876625 0
0.3598685833590641 0.6834393041320735 0
0.3590364059951713 0.6647677908188867 0
0.3648556416594094 0.673862732682537 0
0.3780688467626288 0.658999362249639 0
0.3777879343260087 0.6720544450182182 0
0.3693661241561245 0.6645676434467015 0
0.3638464589986995 0.6463559764556357 0
0.401032608069493 0.6660240480914741 0
0.380497326644175 0.6816299725661371 0
0.3905940044764293 0.6736020463500235 0
0.3898359501746613 0.6615793094029366 0
0.4046612168810402 0.6820009401594151 0
0.3885259330506961 0.6394295076252671 0
0.4009901573827416 0.6498059699892488 0
0.3860572460869756 0.6506891548459111 0
0.3750363148241379 0.6480896331522725 0
0.3722726453954602 0.6289484980727348 0
0.3707243205006611 0.6389421331317114 0
0.355177740726125 0.6314167250208487 0
0.384514395335078 0.744786012483073 0
0.3932250302823317 0.7511237788105146 0
0.3730306075392404 0.746770877296281 0
0.4034464006240334 0.7459098090884106 0
0.3608337985916622 0.7447796936716468 0
0.3693834611555337 0.7374818024797952 0
0.4243302946659654 0.7491552109916149 0
0.414346033339251 0.7445873402803533 0
0.4218043221049363 0.7329579683429583 0
0.4136879096428676 0.7592213660076264 0
0.3663235745647315 0.7252971405486095 0
0.3992882042266458 0.7332813260239549 0
1.010312918399419 0.689977134450013 0
1.013106796724521 0.6687867130118111 0
1.036767066462047 0.684565267059988 0
0.9439414448420409 0.5880867101430715 0
0.8714325136210903 0.5423773247034375 0
1.036767066462047 0.5163656920422974 0
0.9723589461946045 0.5596072194100461 0
0.8905789955101171 0.538449461476503 0
0.9011150407173341 0.4886225475288721 0
0.9293862011358631 0.528648673434418 0
0.9515866488078123 0.5062366312368005 0
0.8150783103932947 0.5083062081627513 0
0.7977064711024507 0.506636905704441 0
0.7975594033975256 0.4928014301670145 0
0.8120874321297833 0.4917808469519783 0
0.8218169819012748 0.4909346947883178 0
0.816204031053015 0.4827548084506896 0
0.8940455128100616 0.5198850719326281 0
0.8980592826805828 0.5052030082285093 0
0.7823554108981983 0.4940411473703373 0
0.7676050389414328 0.4865214743854198 0
0.8148857144493374 0.4341248656287839 0
0.3628734558971228 0.9114244679601802 0
0.3458887521221104 0.9236171438128096 0
0.4120958734571025 0.9037405733340327 0
0.4371812325116841 0.9445100648146008 0
0.2616088044114004 0.3334844455807975 0
0.2729158100800007 0.3355007049210648 0
0.2792590356222592 0.344977194766931 0
0.2740128776670555 0.3653154934974604 0
0.2723593681094429 0.3540432204509867 0
0.2532034924182904 0.3626105732721337 0
0.260664611537454 0.3535938693756633 0
0.2636478672210945 0.3636577520199155 0
0.2658916541195693 0.3828609269212095 0
0.2573232680527471 0.3741294217700161 0
0.2461289111820266 0.3936845591122295 0
0.2363817514460338 0.3751231095391795 0
0.2544838702798741 0.3854856845902256 0
0.246700958485 0.3714323918659796 0
0.2360621930825155 0.3579580728303675 0
0.2648407334644256 0.4043961594791827 0
0.2438729762737406 0.3830292324416222 0
0.2261119889875573 0.3923560460326643 0
0.233677160436083 0.3851878801844526 0
0.2171873941190822 0.3753610011069716 0
0.2569954353063682 0.3964015078907148 0
0.2467457725748345 0.4143063830649871 0
0.2493455529703243 0.4039084776612163 0
0.2340158061964466 0.4055995559728484 0
0.170698639644856 -0.03410564437923545 0
0.2266672688163602 -0.0136452253105841 0
0.2996729959317067 0.02405318318168072 0
0.2706296119699165 -0.03410564437923545 0
0.2996729959317067 0.001893384930231266 0
0.2565368543292866 0.002614875066063999 0
0.2336014686113417 0.6671852209980472 0
0.2541927333383782 0.6612859146909721 0
0.2439468362839111 0.6593532334900947 0
0.2360371997125242 0.6418531112106184 0
0.2319403270275901 0.6542423440284579 0
0.2112126905241019 0.6634806507059743 0
0.2137780783812648 0.6413644563878308 0
0.2229631067556342 0.661972554393659 0
0.2248327521940932 0.6450200169742313 0
0.2184181219942285 0.6730911117439563 0
0.2158148532073606 0.6528075983115208 0
0.2252687694804262 0.6251586317460092 0
0.1957362810857033 0.6504785662742225 0
0.2280945384951384 0.63515614445647 0
0.2429907009669968 0.6255476815724218 0
0.2061251367408862 0.6486294447819326 0
0.1978507333762668 0.6322498849448197 0
0.4820637872465442 0.06154202187101976 0
0.5319366302149104 0.01434573614200603 0
0.4948392585776598 0.06551383927184201 0
0.2257519118114674 0.3438953686633118 0
0.1625441074110814 0.3281451687448068 0
-0.01310300779956193 0.168538581066521 0
-0.009203831633914951 0.1919770573262156 0
-0.008752009875715351 0.1798583256494192 0
0.01934125581569486 0.2501303059453509 0
0.02757695465885916 0.2660705454673085 0
0.01885229024588662 0.2604805869857761 0
-0.01054542116350171 0.2601958081981746 0
-0.01659752042975189 0.223489397720955 0
-0.004144649172341674 0.225280498730589 0
0.0490133579373218 0.302226927200061 0
0.05209041217250081 0.3163299655330796 0
0.05071162658913779 0.3294577822320329 0
0.1365699241973903 0.3974816288695577 0
0.1396585757741645 0.3688101636969859 0
0.03553870483693633 0.4007948767593567 0
0.07551960122134459 0.127254252877645 0
0.08308155094772222 0.1134114569308528 0
0.07487934077677035 0.108753651075708 0
0.08650951887899409 0.09932806945931194 0
0.06678335786690892 0.1138796560495078 0
0.09137389461642101 0.107970969307464 0
0.09250475943949704 0.07824896362337454 0
0.09250475943949704 0.08964108850663555 0
0.08118749244045022 0.08933557706986515 0
0.1068629886691184 0.08394502606500505 0
0.08108909525761554 0.07791546642733327 0
0.08705250496528483 0.06933375093146817 0
0.07161217806183857 0.07325052715753694 0
0.07680293098586977 0.01434573614200603 0
0.09277425827810429 0.05045502753811464 0
0.1065389178277758 0.06387120605206285 0
-0.01152813370852362 0.138738469232266 0
0.09749984530436599 0.06908641303929824 0
-0.006531549349285608 0.1230742731254222 0
0.06885778594428207 0.06305312837209937 0
-0.02916330500526511 0.1340939306384551 0
-0.0213918040205948 0.1423288428295348 0
-0.01834332090419716 0.1189751575843679 0
-0.02916330500526511 0.1035121897261478 0
-0.01810390677806082 0.1072905848580414 0
-0.004967307688493391 0.09915827420791719 0
0.7982739433558036 0.6713003000782466 0
0.7793506581674454 0.7089763618852561 0
0.765854250852437 0.7388223925751608 0
0.7495070469115779 0.6713140039319531 0
0.7193289264791476 0.676925469719915 0
0.777695546220205 0.6147350910140952 0
0.7617445840600695 0.6139986118929265 0
0.4669714831492246 0.1295748672025928 0
0.5023124999999999 0.09477878061698532 0
0.494449513240466 0.0902585155467456 0
0.5101754867595339 0.0902585155467456 0
0.5142571763600283 0.07405947662086015 0
0.6194999999999999 0.09932806945931194 0
0.5594331110262619 0.1415034928803651 0
0.4812402909064997 0.3187781373215257 0
0.4995447764895559 0.3138087819002335 0
0.495350568430824 0.3422127520920206 0
0.2412981327401315 0.9073096626928947 0
0.8250848784219865 0.9289269951275373 0
0.8119223787306611 0.9388747550537007 0
0.8071801323923956 0.9188497679114883 0
0.8147921417992903 0.9262698768924216 0
0.7453017305139542 0.9359957671410967 0
0.7264474985211554 0.9258846325993038 0
0.7446008399305968 0.9209271267551445 0
0.7344095596819454 0.9336720875370667 0
0.720318987432689 0.9445100648146008 0
0.736243177497149 0.8430728708920933 0
0.7707658705905481 0.8235266587699226 0
0.7597032419589812 0.8174685008402999 0
0.4698291973200108 0.05289417448839883 0
0.4590028674317596 0.032886886981084 0
0.4650282054076502 0.01434573614200603 0
0.474144546004083 0.02905227018389068 0
0.4549998946994036 0.0235380473540799 0
0.4290814207389668 0.02069342672012305 0
0.4192564930303239 0.02457592499949135 0
0.4164778039199595 0.03879978057240938 0
0.4075133499377568 0.01434573614200603 0
0.4434601346064402 0.02035483334654374 0
0.4371812325116841 -0.03410564437923545 0
0.4010054244400372 0.04791777337733222 0
0.4060574215190975 0.0388039535246638 0
0.3998750518861855 0.06176912573161362 0
0.3895943583873498 0.06368631344189972 0
0.3218904010819735 -0.01031193669377911 0
0.4472449548670467 0.3505522443911888 0
0.4574359180052369 0.3568745888860121 0
0.4373770469532194 0.3557924745699358 0
0.4694279309521759 0.375425455389363 0
0.4323319584053524 0.3731839555677943 0
0.4571770786984332 0.3701934015434201 0
0.2960214212859525 0.9281579804553498 0
0.1845975249009053 0.9294745923616974 0
0.1540434775906792 0.9445100648146008 0
0.2327465797213968 0.927745907443878 0
0.2206641258073863 0.9445100648146008 0
0.2113625647051317 0.9347386405353215 0
0.1979434540769645 0.9322926619038315 0
0.1506728982963155 0.8699429074093579 0
0.1397195864321076 0.8639000790187772 0
0.1190372416929002 0.8740560460671077 0
0.1277652727297197 0.8656929450352807 0
0.1303234042533052 0.8770986955212816 0
0.1454659190430083 0.8292315227268534 0
0.1372622819757559 0.8911319042920555 0
-0.02916330500526511 0.8221831011653713 0
0.1206230018807306 0.8906272758515962 0
0.1588400986438721 0.8936906992956813 0
0.1611713048778105 0.9029220790383644 0
0.1492132841428636 0.8873198936670601 0
0.07114706379497776 0.4968419405573893 0
0.1661722203329879 0.8089653139971519 0
0.4064537899872752 0.3816758768624498 0
0.3722592359272889 0.3931105852852458 0
0.3581710901571681 0.4076552967619645 0
0.3600914553566028 0.3954200690632967 0
0.367385439101791 0.4028332054962298 0
0.3713265021906462 0.4215787498785978 0
0.346149584511683 0.3995001579110558 0
0.4389865299101359 0.7141882490402032 0
0.4060413973156842 0.7545088291708451 0
0.44033274899164 0.7559646636134053 0
0.4069484348933116 0.7684495078295535 0
1.012553704725825 0.6593148215688487 0
1.015713102575081 0.6496145540506584 0
1.036767066462047 0.6539835261476806 0
1.027179272297958 0.6472731184060769 0
1.024934252657328 0.6691605250351604 0
0.9696751476984177 0.5403595391813679 0
0.973286251125178 0.5168098543014713 0
0.9772714742229855 0.5491112938121742 0
0.9748018146989429 0.5290939558187805 0
0.8936588219657291 0.4815702986645046 0
0.9636215848504033 0.5242377852369908 0
0.8523354472144986 0.4568360675591688 0
0.9898897961703977 0.5087642397958886 0
0.9508985215621526 0.5243787452103249 0
0.9620872268888995 0.5122399591249266 0
0.9821043033388976 0.5027248663257324 0
0.9869530801709019 0.5631826984036605 0
0.9674791820775221 0.4906236669998194 0
0.8838187941447813 0.4556829590615317 0
0.9722677086192173 0.5032987433701631 0
0.9635342627701708 0.5567857821571276 0
0.9646903646472282 0.5683811276681963 0
0.8874528245903386 0.4924175478677927 0
0.9316784895190863 0.4974053130715868 0
0.7945479594765131 0.4823506204508167 0
0.7889347319707743 0.4718146992744814 0
0.7720782059766392 0.4701881016437475 0
0.7816582619296654 0.459065302966327 0
0.8879406586199743 0.5038510961584054 0
0.9070565285146645 0.5093762153410196 0
0.9067580187236201 0.4982343578022198 0
0.9187822119790443 0.4847127314755741 0
0.7908682602953755 0.4248601508410394 0
0.8387188346536673 0.4293352387778646 0
0.3887048226516416 0.9245349397919195 0
0.3541574197448986 0.9172092080862018 0
0.3666150826588562 0.9265208084157883 0
0.3558506826238504 0.9279329860924267 0
0.3624955477701579 0.9368516298791539 0
0.3539054222408003 0.9445100648146008 0
0.3467568303210486 0.9352685293376247 0
0.3932568919598498 0.9079810695414098 0
0.4260454939117367 0.8678189714028421 0
0.2417712336952335 0.3491483603854235 0
0.2508238014272577 0.3530461267987233 0
0.1985112836279963 0.3711974482598205 0
0.2122666136457556 0.3627654449792724 0
0.2359585393058935 0.3954598385570813 0
0.22777942659434 -0.001440666796028309 0
0.2134007127268666 0.002614875066063976 0
0.2852942820642334 0.002614875066063975 0
0.2421581404618133 0.001871218753624497 0
-0.01905623244132271 0.1771713688605045 0
-0.02916330500526511 0.1646756715507626 0
0.0009951593903792279 0.2608198339168322 0
-0.005695692400025047 0.2775324628042978 0
-0.004218363782034423 0.2502111050289317 0
-0.02916330500526511 0.2564208942876847 0
-0.01934056454888792 0.2348312181897607 0
0.05798372477578173 0.3030917226791671 0
0.05447403156789944 0.2925407416970649 0
0.06428746438599418 0.2840622603277861 0
0.0345727599489693 0.287703566517951 0
0.0481443229130326 0.2752958815296929 0
0.04384122882007045 0.2929287486646894 0
0.03632435810558807 0.3031976144829079 0
0.05456221868410177 0.2827242860091945 0
0.05873567004752026 0.272631934995916 0
0.0606550774058761 0.2615338776720881 0
0.01590998176945095 0.3147165927106125 0
0.02774164410264852 0.3118360592037354 0
0.02865699038580856 0.3288847563776338 0
0.01760345826054228 0.2959331932866695 0
0.02361048407537499 0.3206067827096774 0
0.01145917353213973 0.3336918330705018 0
0.01459283488873967 0.3244172525527469 0
-0.003415268502356388 0.3234994256982649 0
0.005877472995064735 0.3182941381112309 0
-0.004417596225473846 0.3108124409691329 0
0.006579630418189764 0.3044073454562108 0
-0.02916330500526511 0.3022935056561458 0
0.02614751023105429 0.3016693160727563 0
-0.02916330500526511 0.3175843761122994 0
-0.006708382668563865 0.294235885836806 0
-0.01061926484724898 0.3176854866487613 0
-0.01431802659761934 0.329638758061284 0
-0.01614914647924761 0.3064613187471518 0
-0.002426434686670111 0.338006179624642 0
0.04605854208055251 0.3382549642702032 0
0.03968218091351168 0.3292531554350249 0
0.1272776666224223 0.3861485001423948 0
0.2065868079075295 0.4129890885164795 0
0.1469878110376747 0.353755153090524 0
0.1419880265469436 0.3835632012940797 0
0.04227478336616653 0.3884361646896347 0
0.01928807551597637 0.07808248612998546 0
0.1135692477726629 0.07379723462273266 0
-0.001956939155397512 0.1078517406807451 0
-0.017222630331652 0.09403784706329464 0
0.007181985642663768 0.09615734812190885 0
-0.003590781260766557 0.0786374023848255 0
0.01928807551597637 0.09151556945931194 0
0.02710057551597637 0.09932806945931194 0
0.03100682551597637 0.08827002718963525 0
-0.001002115807213192 0.08911765249098071 0
0.007921259575771892 0.081353710951625 0
0.03617973644660243 0.07048579485037659 0
-0.02916330500526511 0.02705783744537932 0
0.03656120543121233 0.08024119308556843 0
0.04609403044295921 0.07498326998517048 0
0.04910966615647434 0.0551592241828737 0
0.05439775597178082 0.06610504119880634 0
0.04431067790220199 0.06422797462765258 0
0.03268509095601232 0.0575338377064332 0
0.7719025653817284 0.7254471159663489 0
0.7317762590294284 0.6740431645712303 0
0.7347301381346637 0.6846067989809613 0
0.7220892812328056 0.6906714319672781 0
0.720728892398706 0.6546530035435978 0
0.729185091345436 0.6626773101384204 0
0.7316039696660485 0.6516604186800026 0
0.7234552817812577 0.6433043731053181 0
0.7019740960287901 0.6441455520684306 0
0.7128333169175798 0.6467543659420515 0
0.7027789991593593 0.6647003619468396 0
0.7107792440156958 0.6313992411049825 0
0.7052753079664404 0.6543094448266765 0
0.6856069240137991 0.6550796365195389 0
0.6953324990205831 0.6519207893065101 0
0.6848699468283149 0.6362594513854081 0
0.7539335906895552 0.6201526491222317 0
0.7434971947377162 0.6114081475453711 0
0.5077023752450398 0.06261958849683542 0
0.4997168972222159 0.3271222674086879 0
0.4805832696755782 0.3441162285443823 0
0.5064715003134947 0.3372535917966286 0
0.5287107663430275 0.3401558534217747 0
0.5180004273591462 0.3355684103076889 0
0.5097022575101678 0.3594475162808036 0
0.5223992110582683 0.3253134563003419 0
0.5049569609421408 0.3488061744501843 0
0.5185280083833685 0.3491331400664853 0
0.5400468212549182 0.3265721730466031 0
0.4897901261680264 0.361948231999388 0
0.4951456710265417 0.3528060856953068 0
0.833674727094522 0.9260353551045242 0
0.8327849975381235 0.9357107088673132 0
0.826409723845 0.9186583174272103 0
0.7340426146108745 0.9179807389737503 0
0.7187651395080907 0.9109012490180223 0
0.746512246246972 0.9113823403080631 0
0.7550838243909065 0.91806263432747 0
0.4722175623413869 0.002614875066063976 0
0.7449782273334116 0.8458262642281809 0
0.7541986950444307 0.8468653175155815 0
0.4818602644758456 -0.01087304687990701 0
0.4722175623413869 0.02006797348091247 0
0.4653745493246203 0.02623448854160524 0
0.4913026333159479 0.05435724734247945 0
0.489747493706896 0.03694218742588464 0
0.478355716312207 0.03990645195489802 0
0.4254498676543301 0.03878968570368794 0
0.4173966878803133 0.04984640357031445 0
0.409389916483884 0.02404666139224236 0
0.4003239930040201 0.003009112167411784 0
0.4434601346064402 -0.009753412403257816 0
0.330670087439779 -0.006636023973952167 0
0.3068419063610017 -0.01138089831077538 0
0.3205950981324468 -0.03410564437923545 0
0.4668773662857313 0.3644388916048019 0
0.4780674026796848 0.3607433410935763 0
0.48269501020522 0.3733493293468121 0
0.4540275167043319 0.3945268099137106 0
0.4451413989701204 0.3749028289944756 0
0.4549663534368312 0.3822777931377635 0
0.4365102754505857 0.3906350618577313 0
0.4671832771732214 0.389374657444981 0
0.4377893570526054 0.3811030512371515 0
0.4460107583015715 0.3870580887887837 0
0.4279687375690407 0.384637065806244 0
0.421965029114641 0.4022675902835896 0
0.1790262206719444 0.9382662883879187 0
0.1529884996428429 0.9274424108180593 0
0.1956813827261211 0.9445100648146008 0
0.1930422575188836 0.9224928155184441 0
0.3538840764488098 0.3870354817034949 0
0.3377035258805996 0.4248885405164126 0
0.3355055255307204 0.394009669743532 0
0.3341909337450354 0.409620907914243 0
0.3233414492309582 0.4008463253913174 0
0.4277484096236771 0.7211499725307455 0
0.4231350435890409 0.7585504165674064 0
0.4521865631780319 0.7792421746293245 0
0.4194373436249096 0.7685660831296076 0
0.4375128841506989 0.738803790916117 0
0.4358556340596724 0.7792421746293245 0
0.4318402550716611 0.7674547206881703 0
1.026183329347917 0.6922107022880649 0
1.009758798433932 0.5776520053657412 0
0.9783142503414763 0.5668716703362825 0
0.9861121185324678 0.5731730218748998 0
0.999105330729443 0.5692362027254306 0
0.9612794353807702 0.500207942611026 0
0.9474311923807445 0.4887493205042814 0
0.9573449567063494 0.4908655182228737 0
0.9619833338920878 0.4727794067205757 0
0.9543817298138935 0.4804677303907238 0
0.9362254864384718 0.4722871399983024 0
0.9491960457218959 0.4677384444956411 0
0.9441499330792041 0.4789379355892642 0
0.9362367007269008 0.4870387629675561 0
0.9858101951041101 0.5215002427797261 0
0.9940434989108247 0.4953716936021246 0
0.9645401016872145 0.577462861269136 0
0.8834325336645664 0.4807028658438993 0
0.8924797477766007 0.4597611994459768 0
0.8850028235629597 0.4689561412159533 0
0.875990183773271 0.4611926797529031 0
0.8997481850503164 0.4733089991698232 0
0.8710075031173863 0.4398569004087636 0
0.8704899461584071 0.4512274770586683 0
0.8570265083906772 0.4489827083157286 0
0.8850936500429661 0.4461951297584346 0
0.8958693353435819 0.4962275871611049 0
0.9266511198215343 0.5077569297092741 0
0.9192159088130474 0.4977493372056484 0
0.9391451874537777 0.5074281975266255 0
0.9419928413919986 0.4975141385899522 0
0.9461591610127009 0.5151148748237959 0
0.7991813034430634 0.4725284010623708 0
0.7916342168208435 0.4477668404911325 0
0.7807952240172575 0.4680090151232559 0
0.8041835520278727 0.4261054253692245 0
0.7571505803045681 0.4476439059159152 0
0.8275937483281232 0.4356684153042323 0
0.8279947072762455 0.4234348020299079 0
0.8384735185220141 0.4418422598376758 0
0.827808528554951 0.4008905277846189 0
0.8514339416538438 0.435840552742817 0
0.8412425580698436 0.4120524906274547 0
0.8247222915587714 0.4121889209272732 0
0.8367477989687622 0.4202217789682738 0
0.8499132294036624 0.4221442686547193 0
0.8062364758620312 0.4010686775508242 0
0.8170476259379577 0.404021820614116 0
0.816877158878251 0.3833800624309555 0
0.8198734147425973 0.3936769012535965 0
0.8366287414910604 0.3832169467611236 0
0.829726202516368 0.3908098588869233 0
0.8439742674261624 0.3968285172321044 0
0.3745373050656907 0.914837857720017 0
0.3833450545648258 0.898001638637939 0
0.3938176089145394 0.8975120841712667 0
0.3371876962543852 0.934935336082927 0
0.3289226791595352 0.9445100648146008 0
0.1969427630517536 0.3609159455359 0
0.1856687587646783 0.3678962758590145 0
0.2243060137857863 0.3610627036066424 0
0.2320611311376682 0.3666180528065477 0
0.2267772630693942 0.3746522687756796 0
0.222599653662595 0.3833596706981279 0
0.2084077296546626 0.3940842599612359 0
0.2123079791432229 0.3844930565988038 0
0.1988798400037972 0.3846211397129854 0
0.208222741780919 0.3716042816210814 0
0.22777942659434 0.008089603399903781 0
0.1990219988593933 0.001871218753624454 0
0.27091556819676 0.001871218753624455 0
0.2386984604624024 -0.01597729971646019 0
-0.01923059760949927 0.1586971145569097 0
-0.01764321248824173 0.2482866643279714 0
0.00567521040843841 0.2918234095064704 0
-0.001857296434220291 0.2861475860190285 0
-0.01205673737166675 0.2855292172833636 0
0.005009851685978709 0.2779253415225498 0
-0.02916330500526511 0.2870026351999921 0
-0.01745124796971581 0.2747098014309027 0
0.02024212904454172 0.2795148423899104 0
-0.01807071492783508 0.2952195336533812 0
0.01403063755016768 0.2869377763053083 0
0.002811540903203869 0.330362061660724 0
-0.02916330500526511 0.3940387283930679 0
0.1118332846061234 0.408287673764705 0
0.2192591916427725 0.4054261233285008 0
0.1396594713772032 0.3594990475155905 0
0.1373253363655513 0.3494954802041704 0
0.1492177810012005 0.364147130306827 0
0.1272022371223135 0.3475492431770998 0
0.1616407880007489 0.3560460818764296 0
0.164784559935078 0.3989620026391 0
0.1334114582540826 0.3779061466395576 0
0.05241461889264096 0.3919504760283301 0
0.05140363071906805 0.4105440026250855 0
0.01699815695540085 0.3826743117499367 0
0.1151992573091321 0.08941529204830075 0
0.01928807551597637 0.06745969446532221 0
0.01928807551597637 0.0355913194713325 0
0.7828067765684675 0.7284436238148976 0
0.7852162336833645 0.7440568443220954 0
0.755244058900344 0.7259692868283316 0
0.7257733704958855 0.7008659122826864 0
0.7059481756270423 0.7032294221734428 0
0.7154764669612624 0.6988240956426113 0
0.7035008931202456 0.6854291435903224 0
0.7328654175158595 0.6402316400396365 0
0.7189289812811865 0.6206852904609415 0
0.6974011735029488 0.6315721261449314 0
0.733931520806026 0.5882257232344558 0
0.5748190384586276 0.1428869583220358 0
0.4706640680824112 0.3435664423974852 0
0.5323996765848706 0.3699359497436664 0
0.7348476323657871 0.8121911037891268 0
0.7421178569954298 0.8311371043156054 0
0.5312595415656221 0.05671967843139081 0
0.505671774745017 0.01434573614200603 0
0.4147027068714935 0.001838502809628618 0
0.4434601346064402 0.003368541107661044 0
0.4291230261924173 0.001821537728236688 0
0.4576767762895678 -0.003192435647798386 0
0.4528605784214196 0.005054735622017493 0
0.4624417246334422 0.005120079000214974 0
0.2960972767852704 -0.008610681007072424 0
0.3289226791595352 -0.02502207284077337 0
0.3164516141863384 -0.02194796645964303 0
0.3122675171053584 -0.03410564437923545 0
0.3081037265918143 -0.02587384182736359 0
0.5018380081933966 0.3773541144639782 0
0.4697387419600558 0.415272267758344 0
0.1608835647687043 0.9220173044048904 0
0.1623051323254845 0.9325434177306812 0
0.1515669320860628 0.9169162974922686 0
0.1336178207388653 0.9246994012706041 0
0.2007337135239005 0.9172833667006904 0
0.3464555310209724 0.4119871931417348 0
0.3568471075091155 0.4220828415533614 0
0.3151799019050676 0.4220326196878112 0
0.3001604952600601 0.3897472861100488 0
0.4210487559552753 0.7024395840388686 0
0.4316548853298807 0.7305165835977108 0
0.4455180195331105 0.7269311482378527 0
0.4449576058236148 0.7682664737687155 0
0.9970549318797903 0.5827827314291401 0
0.9381966611247063 0.5197542401343241 0
0.9645259251996754 0.4475905912655725 0
0.92833659023073 0.4796689529403809 0
0.9159715519958482 0.4678172570081872 0
0.9802143952690587 0.4930544900130481 0
0.9764719888584025 0.4780855128021765 0
0.9085268736227409 0.4802432071120827 0
0.7997252331419621 0.4531915297316744 0
0.7974376184508946 0.4366631094624421 0
0.7837259812514753 0.4365651260861898 0
0.7677937084244362 0.4568108220725969 0
0.8308010990598094 0.4480125897139091 0
0.8608636710176417 0.4395888067376555 0
0.8600287303146777 0.4279536995281567 0
0.8652694981709655 0.4071169915030767 0
0.85971059893322 0.4167962615604529 0
0.8525733580359925 0.4062613744079852 0
0.8791933161818906 0.421549476110787 0
0.8599877560678496 0.3908663933652405 0
0.8687323877207466 0.4221222782348298 0
0.8593687741387153 0.4000512043728608 0
0.871124998555746 0.3962302160652035 0
0.879212487275418 0.4075981988174542 0
0.8750649552603481 0.373805046175226 0
0.8699324473490206 0.3844619952164192 0
0.853786256704036 0.3703135492481172 0
0.8913905320605018 0.3882320413361012 0
0.8639411007660074 0.3750120829093637 0
0.8801298155925523 0.3893731637865549 0
0.8673632848644359 0.3546890392215755 0
0.886777671503595 0.3988433767514281 0
0.8685182681541086 0.365333177626272 0
0.8868098975406051 0.3579636416724218 0
0.8787033782196865 0.3642280029769055 0
0.8917243882346674 0.372700715143038 0
0.9078950721624719 0.4017150382779028 0
0.8977413504577463 0.3973011072763546 0
0.9106428933205775 0.3815083252653523 0
0.8960017564750623 0.415188513949322 0
0.906419313039735 0.3912241678451751 0
0.9257546117996202 0.39385348924929 0
0.8889683573862827 0.4083823945139585 0
0.8054960280688427 0.4136105035959048 0
0.788232973706361 0.406298552216854 0
0.7981646735058009 0.4068849026551931 0
0.7940232075832946 0.3926281765527911 0
0.8370428101639663 0.4034418416057237 0
0.4180845598455809 0.8821642986316726 0
0.4038709084033306 0.9445100648146008 0
0.1911227142649881 0.4019594696463448 0
-0.02916330500526511 0.3481661170246068 0
0.2364660101991262 -0.006285007190717886 0
0.2040089637532095 -0.03410564437923545 0
0.2484972018451683 -0.008617081596593992 0
0.2505215748356701 -0.0215148486979686 0
0.2539744499157398 -0.03410564437923545 0
0.2206641258073863 -0.03410564437923545 0
0.2415357922403352 -0.02530979377658553 0
0.2623020309428282 -0.02505305223223832 0
0.2310160195420124 -0.02341053051293963 0
0.279547010803798 -0.01754581553937808 0
0.219547044627007 -0.02266701086353448 0
0.2722233315190135 -0.02428295023738639 0
0.2956123550511817 -0.02472444691469672 0
0.2671571520016439 -0.01142648989190596 0
0.2136696632345281 -0.01070780655053277 0
0.2860294176943293 -0.02460453135964549 0
0.2890399170444393 -0.01533389099669857 0
0.2821868282950962 -0.007398814966940373 0
0.2572506678632698 -0.01385093024590574 0
-0.02102183584676331 0.2640663295157616 0
0.01905114854781982 0.2701420928704148 0
0.03128795180561814 0.2768181443210317 0
0.03900120388342525 0.268140387717512 0
0.03500792081814427 0.2576185241896451 0
-0.02916330500526511 0.3634569874807605 0
0.01058490671886943 0.3553804302371287 0
0.1164332789336463 0.3950400292225683 0
0.2263441155428703 0.4304755300558322 0
0.2096630482001661 0.4037452831046908 0
0.2001183388795892 0.405702677945347 0
0.1904357775268293 0.4208126943841562 0
0.1988623905865334 0.3960402725915677 0
0.1883501999906325 0.3903146292887268 0
0.1781312451995115 0.3989001286287783 0
0.1889667769180581 0.3788713417890287 0
0.1741712727050265 0.3838123984065608 0
0.2175506179224342 0.396198757437066 0
0.1557236840750219 0.3458860730090031 0
0.1481508715547517 0.3399397955257064 0
0.1439079111016097 0.3312577912305661 0
0.1750310491434233 0.3552816207454894 0
0.1508449851322931 0.3950247788952931 0
0.03044904060399367 0.3819905794649711 0
-0.02916330500526511 0.04234870790153301 0
0.01928807551597637 0.04621411113599574 0
0.04804550325092307 0.01434573614200603 0
0.03947921799059025 0.04653748849382827 0
0.03333352603903853 0.03377851471371306 0
0.05894644183113015 0.03448212460946863 0
0.05098627658649769 0.04337360093687535 0
0.04622321598061629 0.03110049392111534 0
0.06538337043882872 0.04825377533175546 0
0.05945514518041629 0.05691145334325728 0
-0.02916330500526511 0.0576395783576867 0
0.7637013743537069 0.7297936940111839 0
0.7555742325355893 0.736502619963449 0
0.7633712007184617 0.7192603608760665 0
0.7566019248007785 0.7558861428333816 0
0.7377375765185555 0.7317898793154652 0
0.7592249990872669 0.7090774827008619 0
0.7135910733801912 0.6852278370813105 0
0.7083493246768499 0.6754712807269809 0
0.6954166951668742 0.6753337202521339 0
0.7148828399312577 0.665266541664906 0
0.6914758686362197 0.6647397503952631 0
0.6815623935530928 0.6947124847339305 0
0.6912224518827258 0.6869769177188796 0
0.6714166793242351 0.6703137132282999 0
0.6984940178896626 0.6951858893629752 0
0.6895816377273786 0.7109209816850769 0
0.680660200906673 0.6646978667712714 0
0.6821828181403634 0.6776192593260035 0
0.6660830935705144 0.6511195762111898 0
0.6752865377597354 0.6558529719445435 0
0.6756260997872239 0.643878619192734 0
0.668842573350433 0.6856929272029546 0
0.658018377421927 0.6305819802745519 0
0.6721227794718585 0.6302111986998165 0
0.6649470682571148 0.6397134444643444 0
0.6452951558952152 0.6474303698272055 0
0.6540328258029914 0.6408004786999338 0
0.63791102284468 0.6286259459466662 0
0.6476888486498695 0.6324396207005563 0
0.6495605290211783 0.613199395544662 0
0.7039123043136785 0.6177192049345093 0
0.7354450357336051 0.6011659430767849 0
0.7138581482006282 0.5983549132807452 0
0.7561049186833488 0.5921908985131311 0
0.7251660699809566 0.5958095703690766 0
0.7472816285120282 0.6001466196831845 0
0.7215391087492459 0.6060873756642327 0
0.710835371906167 0.6090386885257699 0
0.7161047265524521 0.5764789205823235 0
0.7452334861331124 0.5890045337530616 0
0.7581247913006415 0.6033016318726268 0
0.6919856771800812 0.6011062577304243 0
0.7233615203717197 0.5848663614472743 0
0.7409631196713995 0.5685798618013763 0
0.7686665337299607 0.5956462310356703 0
0.7030914264516337 0.6010781757106534 0
0.7122609645432695 0.5871375350786417 0
0.7402178953469272 0.5793944300113247 0
0.7288843798276078 0.5731804848428372 0
0.756772207636804 0.5751022155339425 0
0.69750397267655 0.5874170162076249 0
0.7267681142543316 0.5494678996975991 0
0.7651180275974263 0.5839854778606782 0
0.7047142217197206 0.5783936061118327 0
0.7311703354831386 0.5610257440326766 0
0.7721520118208141 0.5690149758949344 0
0.6851130803539978 0.5701235286716683 0
0.7070217821020884 0.5572828115711346 0
0.7494580944538636 0.5474428980514067 0
0.6937473559992618 0.5770228358126314 0
0.719120257080726 0.5589981559220105 0
0.7088508979665278 0.5681642606511115 0
0.6966253092758126 0.5646248624557545 0
0.7422297479219735 0.5568133685407683 0
0.6794106922329508 0.588080266346397 0
0.7145770200527034 0.5475185296826528 0
0.7565282750960441 0.5603700046733002 0
0.6934900229264576 0.539007317976784 0
0.7241282624243197 0.5268817677839669 0
0.7028332202773711 0.5462367363827578 0
0.6840798030263278 0.5531596516287141 0
0.7222629589675359 0.538547121196567 0
0.7077399950942738 0.5302430737405948 0
0.6932077535626745 0.5490243356563081 0
0.6880311638453911 0.5614323796895838 0
0.6758408623331911 0.5621748963995389 0
0.7384267278386885 0.535149917677593 0
0.6721311526097761 0.575884755483468 0
0.6639787907042501 0.5430619050121434 0
0.6726052531540867 0.5509455414881912 0
0.6543165092875869 0.5622960614225455 0
0.6780826228841317 0.5362906149332216 0
0.6618601640365822 0.5540416150608377 0
0.6434554803872179 0.5447960194126374 0
0.6539616905737317 0.5468232803310545 0
0.6523023598356472 0.5271850375215892 0
0.6559015258897226 0.5367701503309292 0
0.6667906419236311 0.5272130454186992 0
0.6124081441255463 0.1297703263889344 0
0.5954258009322942 0.1450546389193546 0
0.5225301077192254 0.3614908092694258 0
0.5373085998331601 0.3542093493310439 0
0.5179053490585535 0.376885315506087 0
0.5275487160880947 0.3530386196925428 0
0.5149781127395562 0.3676139971023666 0
0.5051936995505981 0.36814765644468 0
0.7238202224783385 0.8295447854012873 0
0.5203129984776742 0.06299180382809502 0
0.5146675219619751 0.04045054001829786 0
0.5368116608219997 0.07909800875419623 0
0.5206691620273046 0.05092501356884357 0
0.5262389728913812 0.07342487592639142 0
0.5087812730950597 0.05077986934730919 0
0.5355025957266755 0.03546914659541042 0
0.5363099670960153 0.06734456777151791 0
0.5260967201301021 0.08637840255143069 0
0.5007477150475624 0.05601682604929684 0
0.4978153479362522 0.04499870555162991 0
0.5305068077941022 0.04552051419582627 0
0.5526197520808406 0.05307911187880082 0
0.5191973716272917 0.09267315140529667 0
0.5168639068548064 0.08333005072698335 0
0.5032177035169569 0.03152088626123613 0
0.5424530609641567 0.05791173786968085 0
0.5428930296264339 0.04540958339146663 0
0.5368841975502457 0.1174724444761801 0
0.5335624999999999 0.09305776972897638 0
0.543950074422253 0.08811749270444078 0
0.5582014856848039 0.01434573614200603 0
0.5544702114811577 0.07245682852836186 0
0.5595347120970194 0.03430673290400429 0
0.5467037964780942 0.0786035086254617 0
0.5585764554453292 0.08562495059733322 0
0.5461892931248858 0.06706169253753855 0
0.5530212937181895 0.04256724238707556 0
0.54734980467994 0.03139709615396997 0
0.5689639111073451 0.04843983647583001 0
0.5450690579498572 0.01434573614200603 0
0.5554231635348266 0.02455632718119605 0
0.5713339134197506 0.01434573614200603 0
0.5382338687371021 0.02414536365358479 0
0.5704225289450982 -0.03410564437923545 0
0.5236214797577258 0.02661216584255392 0
0.5278860770595765 0.004494201023734056 0
0.5516352718173305 -7.236812582135828e-05 0
0.5385028440823838 0.003631656512325009 0
0.5188042024799637 -0.001071702242665507 0
0.5371122048367447 -0.03410564437923545 0
0.5318729164141593 -0.01220350877546469 0
0.5188042024799637 0.01434573614200603 0
0.5122379886124904 0.00663701694967026 0
0.4952894491273914 -0.001148709243379467 0
0.5070576857845475 -0.004426394780411325 0
0.4968462472121264 -0.01832440817014749 0
0.516878116712214 -0.01657014480828735 0
0.4925393470100703 0.01434573614200603 0
0.4991055608775437 0.02217042274694674 0
0.4875500620386235 0.02519999254431758 0
0.4859731331425969 0.005189021922229132 0
0.4991055608775437 0.007519890592979243 0
0.4704915566200376 -0.03410564437923545 0
0.4038709084033306 -0.03410564437923545 0
0.4205260704575073 -0.03410564437923545 0
0.4929984370089196 0.3718530841066227 0
0.4898934215842665 0.3866951548515952 0
0.4648087760038167 0.4026838492995143 0
0.3638647416587769 0.4154523119020125 0
0.3732344163732907 0.4116477009988511 0
0.391519872772924 0.4151951287075297 0
0.3814173821546976 0.4183685752457484 0
0.3920942727287853 0.4346907809049883 0
0.3798869709363656 0.4310228226177233 0
0.3645900789321203 0.4362867060881321 0
0.3794883436557202 0.4544969802548584 0
0.3829981212865014 0.4428161182036224 0
0.4019501785305333 0.4548784167388789 0
0.371592981661717 0.445756914401462 0
0.3907730535130515 0.4515199982256963 0
0.3600469369911913 0.4641232460784 0
0.3904080664727607 0.4730131667449885 0
0.3568744537547773 0.4493164636817747 0
0.3684100876110635 0.4565683714742684 0
0.3875594667573637 0.462215109862872 0
0.3743532969643562 0.4715538173230341 0
0.3470274440417344 0.4217944296304991 0
0.3515781023340944 0.4341675416832065 0
0.3226814198139834 0.41275723796199 0
0.3264406839534724 0.4234687028647099 0
0.3057878748351386 0.4067656256167614 0
0.3295551244460754 0.4441445333876476 0
0.3154332803933277 0.406381847047638 0
0.3101847754014786 0.3958721616221442 0
0.3192319365001292 0.4351270528593971 0
0.3309137316163339 0.4333674013815115 0
0.341000207686571 0.4401131434333536 0
0.3115822068802189 0.3823194958326832 0
0.3410067758052256 0.458393734289856 0
0.3377876260313247 0.4492545943049795 0
0.3473369077750736 0.4474752755357096 0
0.3264093390428002 0.4583989790709171 0
0.4287608526796733 0.7102327745089312 0
0.4408856564563117 0.6940832069657711 0
0.4371007617160459 0.7038679019901596 0
0.4297641930975574 0.6954056063103325 0
0.4563387740957812 0.7056851287271519 0
0.4171912229161674 0.6887435028060416 0
0.4329806755445799 0.6750291201410932 0
0.4342460464335063 0.6856709705278963 0
0.4524784259958386 0.678106891821746 0
0.4444289671519348 0.68446016874315 0
0.4565890181422725 0.6915907995793407 0
0.4371511676086675 0.7231743177815931 0
0.4583187459260546 0.7441970991850884 0
1.036767066462047 0.6081109147792195 0
0.9961336553207856 0.5949616474309062 0
0.9597023544093212 0.4598264277891002 0
0.9049006010497518 0.461821042117599 0
0.9010973983902328 0.4462755579057722 0
0.9182968123895348 0.4503056901941436 0
0.9137947010210797 0.4586180430740018 0
0.9269428328795151 0.4603639079978001 0
0.9672115275627776 0.4809376394026299 0
1.036767066462047 0.5622383034107585 0
1.013926179429108 0.5088787229558125 0
0.9887474528527687 0.5375344158451606 0
0.9790449877018422 0.5378242073612746 0
0.7800253160070294 0.4475701406558629 0
0.7685556409533563 0.437588503502559 0
0.7462217308629088 0.4710946940692922 0
0.8821725269506886 0.4338653496460191 0
0.8732092506841529 0.4305612010117348 0
0.8902552605847714 0.4253918633231998 0
0.908711305432105 0.4290663733062591 0
0.8937612768632156 0.436827943908558 0
0.900084784609375 0.4242079425460383 0
0.909046309097855 0.4147172346621279 0
0.9209311765132466 0.4071128635184678 0
0.848841178096205 0.3854142708116255 0
0.8720304200197471 0.4134589423802729 0
0.8995386389744274 0.3806379389804451 0
0.9062558139666572 0.366209631245582 0
0.8057426297390153 0.3887268136722981 0
0.801831579346775 0.3663149895302846 0
0.8069477520059272 0.3769693422359449 0
0.7918442409383029 0.3776664228995129 0
0.8232768938455105 0.3625726031385956 0
0.8171426358808643 0.3720738044604332 0
0.8293966110690153 0.3732545047581157 0
0.8401691522871704 0.3599888998468051 0
0.8414986990156569 0.3720753864402132 0
0.4100945063073361 0.8774110457490604 0
0.4179001038356243 0.872332482267106 0
0.4096336533702907 0.8872778517140558 0
0.417522378784817 0.8627669866510117 0
0.4195966631970417 0.8942032401861235 0
0.4401823337578288 0.8855032273052733 0
0.4327533289685083 0.9122687377530918 0
0.4286625714113488 0.886950121218111 0
0.4236272931964932 0.9050914194793712 0
0.4332112350016395 0.876583300561896 0
0.4359960267276956 0.8987550289685028 0
0.4154669057641823 0.924858022473336 0
0.4451651022717152 0.8594982538172036 0
0.4167594966859484 0.9138238950698205 0
0.4466520556150222 0.8732630230277532 0
0.4367787347009467 0.8663549724098416 0
0.4299656583870249 0.8564823473490627 0
0.4032839812129531 0.9178380820406359 0
0.3776556410783949 0.9254799144299262 0
0.3872157463491538 0.9445100648146008 0
0.3729423919394687 0.9345603711495805 0
0.3836795738524808 0.9343701062225076 0
0.3962182922834449 0.934575325691547 0
0.4077908361250583 0.9335758582705415 0
0.4205260704575073 0.9445100648146008 0
0.1774539280581832 0.01434573614200603 0
0.2067370071152633 -0.02153870721934981 0
0.2123365447802979 -0.03410564437923545 0
0.2012276931832025 -0.01037811700408245 0
0.1956813827261211 -0.02571831293285515 0
0.1873538016990328 -0.03410564437923545 0
0.1807169808482604 -0.01918830964958752 0
0.02102637544298142 0.3347524653754878 0
0.007167234598084788 0.3443807445387177 0
0.0223792704862127 0.3442827312842225 0
-0.004441096299669305 0.3540183156365827 0
0.1265016015655183 0.396260829046063 0
0.1293716215720564 0.4147195874721526 0
0.1003288440492093 0.3968705212523417 0
0.2188141096652269 0.4190786556097463 0
0.2340375486343093 0.4192272138147962 0
0.182121189989947 0.4110706167956105 0
0.169008467705816 0.4306811255774046 0
0.1783304183169579 0.4227251045268268 0
0.1877732735351379 0.4432283618726697 0
0.1638725582965886 0.4152242520785482 0
0.1801603557955078 0.4343084202681458 0
0.1717631342655368 0.4077271066758514 0
0.1681542189127233 0.452263994074525 0
0.1716250865640857 0.4415930310229356 0
0.1509729790081491 0.4407756216986452 0
0.1614143086641854 0.4382718444967831 0
0.1528803964183453 0.4257067255397888 0
0.1714285328786537 0.3925958048585509 0
0.1604227750383676 0.387759867765856 0
0.1815738609931648 0.3489918684124825 0
0.1691190880586354 0.369381807030921 0
0.02430371155539286 0.3937448501706458 0
0.02313173467541297 0.3706888602779904 0
-0.01058620981824937 0.08671891949319806 0
0.01928807551597637 0.02496852780666926 0
0.03366678938344972 0.01434573614200603 0
0.0004567963658737434 0.03027992363900088 0
0.01062148026932258 0.03027992363900088 0
0.006816943805323765 0.04621411113599574 0
0.005539138317598159 0.01719166904055519 0
0.06242421711839642 0.01434573614200603 0
0.07842367446389668 0.03376853192750237 0
0.0787928149904259 0.05291318338162565 0
0.6781605215456927 0.6860311362901975 0
0.6592132961422513 0.7127514382166896 0
0.6854215826824506 0.6186398812097943 0
0.6452450163791643 0.6738382423869017 0
0.6647073203702289 0.6165783786852927 0
0.752787189221431 0.6109207868148195 0
0.7049782231478111 0.5923332482669521 0
0.7727550362507027 0.578436042485052 0
0.7832496636200815 0.5730344689711857 0
0.7208065303775452 0.5682895279243131 0
0.6886053582922734 0.5917867452058859 0
0.6798561780934824 0.6002329974761306 0
0.6853487515254403 0.608617097542241 0
0.6956694892821758 0.6110492118248221 0
0.675453426169745 0.6137006589655605 0
0.6596464957185371 0.5948892984059682 0
0.6705636240775604 0.594489106361099 0
0.6654816590809357 0.6049627239894529 0
0.6647363137022586 0.5846299080948181 0
0.6550396891601394 0.6042846113795735 0
0.6364966560554139 0.5990289640519484 0
0.6476955800778814 0.5948564873347617 0
0.6600885622934235 0.573200714606214 0
0.6448779713584291 0.6044092176040196 0
0.6357747534032241 0.6149008289071288 0
0.6346994678932267 0.5770901228084278 0
0.6522081567800831 0.5830649446954475 0
0.6386920066027814 0.5878060933687644 0
0.6176992776207993 0.5895257778133367 0
0.62795312208118 0.5857054172870255 0
0.6160537545469633 0.5694383600131326 0
0.6242975145560562 0.5758937697441661 0
0.6311427307132116 0.5586607402717417 0
0.7505193520357715 0.5678376239514539 0
0.7627967443268404 0.5485446222233546 0
0.7627115715811658 0.5676357479995453 0
0.7665478015450811 0.5581071099929132 0
0.7740092681438127 0.5496632623887769 0
0.7826408583162568 0.5421689892205394 0
0.6811750618502607 0.5787567627241453 0
0.6885221692265463 0.5117423358668972 0
0.669174423857178 0.5358098323470951 0
0.5779798258568837 0.1306458883954965 0
0.5852059273663965 0.1431769442392758 0
0.5899421106670609 0.1339281540071948 0
0.5882499999999999 0.09932806945931194 0
0.559993759951861 0.124953931360049 0
0.5885533095598735 0.1537089832991961 0
0.5533761814263229 0.1127392297415464 0
0.5882461254314422 0.1166696773962386 0
0.6017614887397672 0.1350175325782392 0
0.6014307136261717 0.1568791184343624 0
0.5857892856912912 0.125623680570114 0
0.5753278195389689 0.117939155378376 0
0.597482201619931 0.1240179745677418 0
0.6081162035363553 0.1460469774344266 0
0.5726249999999999 0.09932806945931194 0
0.6038749999999999 0.09932806945931194 0
0.6194342457911894 0.1605115402839577 0
0.5999191696389891 0.1114763873833705 0
0.6111034345674249 0.1553698462845486 0
0.6222278782516824 0.1466653368576336 0
0.5808723576740826 0.1079972255024531 0
0.5913805902321572 0.107999573316313 0
0.6077897085509161 0.119513277870507 0
0.61110022244357 0.1083990261226741 0
0.7326597106002408 0.8338955038333427 0
0.619268230982602 0.1205131443888409 0
0.6507499999999999 0.09932806945931194 0
0.6279897583274295 0.13276969600436 0
0.7242853621050955 0.8424537156471302 0
0.7325693901669444 0.8229239218028549 0
0.7433691871623842 0.8196081726942114 0
0.7025901144590644 0.846417982632687 0
0.7119756757070255 0.8364344179155822 0
0.5055847133729299 0.04029129308155092 0
0.5798667812490368 0.07176165178913108 0
0.5136363090488756 0.02996734198665353 0
0.5122379886124904 0.02083913722613497 0
0.5424953143390328 -0.007345430631937885 0
0.5424345387759144 -0.02125474749543262 0
0.5555386206589629 -0.01435721344505155 0
0.5229391689322194 -0.009454484167753933 0
0.5101283734682527 -0.02518008547490827 0
0.5066315485272908 -0.01481368168794333 0
0.5204570427825679 -0.03410564437923545 0
0.4801782386772863 -0.001884738809553607 0
0.4713648205042939 -0.008185573479936401 0
0.4736148842028072 -0.0212361254362759 0
0.4019318469668587 -0.01556409222196247 0
0.4219023005063556 -0.007151101576734513 0
0.4107870777155604 -0.008675253130081429 0
0.4321416881692204 -0.01292177880973636 0
0.4408005393612046 -0.02205325288616049 0
0.4210571496638857 -0.02062035513056225 0
0.4538363945658609 -0.03410564437923545 0
0.4306218874348043 -0.02556625665598394 0
0.4558359876721235 -0.01886690631496401 0
0.4455088135387725 -0.03410564437923545 0
0.4496726040523167 -0.02580872100772048 0
0.4781135696439408 0.3844346823067147 0
0.4811183720875725 0.4005999731074917 0
0.5105631426378748 0.4008185474763848 0
0.4449579657761734 0.417717528157357 0
0.3642753280665624 0.427245886259271 0
0.2939931015035783 0.4357629757904325 0
0.2972779080426766 0.3728192553511076 0
0.3205044038084834 0.3792300689636371 0
0.3514399533917361 0.4582241105411806 0
0.3464894538733722 0.4746754788705311 0
0.3164520469237396 0.4487271825634968 0
0.450737113872479 0.7162107166682181 0
0.4464910703059401 0.7071976151421573 0
0.4721969077475369 0.7208781209637333 0
0.4595945784941906 0.727153489082515 0
0.4621252356582884 0.7155180322693651 0
0.4766630302896299 0.7003437804382809 0
0.4715340953549516 0.7099811117912954 0
0.4911828926952333 0.7142546328531321 0
0.4807558169106942 0.7148888614693566 0
0.4870936671771617 0.733056076047323 0
0.4104647358177058 0.6980293156746616 0
0.4119266956173483 0.7094260286517198 0
0.3994319545446642 0.6929892042115567 0
0.417501099753103 0.6731538278874785 0
0.4488684976137479 0.7378252644396598 0
0.4484159570344941 0.7486903228105892 0
0.4598858911974432 0.7608101721581557 0
1.007061679803897 0.5892668239681217 0
1.012269524909972 0.6013349710439513 0
0.977909176997186 0.4599351765712045 0
0.893073366786525 0.4506442721323535 0
0.9255837600931637 0.4701648630405955 0
0.9404502680760238 0.440007789913825 0
1.011298089771837 0.5647524817787916 0
0.999866006425061 0.5524847525963066 0
1.001856560989755 0.5196188293499808 0
1.003004830729322 0.5610202812060772 0
1.036767066462047 0.5469474329546048 0
1.006978624284375 0.53589398714419 0
1.011592842109678 0.5530172628460481 0
1.023087943576426 0.5727009600649907 0
1.001925442873653 0.5051566904463599 0
1.014028765018316 0.4873403015787007 0
1.036767066462047 0.4857839511299901 0
1.010693541756769 0.4980938711979335 0
1.036767066462047 0.5010748215861438 0
0.7701997110951925 0.4472799309979181 0
0.7752141170779896 0.423339689587278 0
0.7549933238719335 0.4609105507200216 0
0.9222112303189309 0.4222030707931061 0
0.8961265900517883 0.3630447032640488 0
0.9004755643039576 0.3439882468083751 0
0.9042393539182945 0.3548716804337327 0
0.8947516302277357 0.3520602676909965 0
0.8803157103576595 0.3409334534846707 0
0.8903347366089381 0.3428627593849009 0
0.8887453506137245 0.3241371368040202 0
0.8965729975460516 0.3329030078090016 0
1.013377999563319 0.4538153054028563 0
0.8868558103843925 0.3337022934460199 0
0.8707669084566204 0.325724080311829 0
0.9112366988724178 0.3463592791709837 0
0.9080797648391357 0.3350816119833444 0
0.9172215256069673 0.3584110845098329 0
0.9055402255090216 0.3170176987663224 0
0.9037486990389169 0.3264800317746183 0
1.036767066462047 0.3328752465684531 0
0.7668942857898307 0.3891988770520218 0
0.8261925962962022 0.3820954292579883 0
0.4615809688647863 0.8995502956398446 0
0.4703097175162784 0.8637446803452681 0
0.4390312800752623 0.850602518115859 0
0.4578678765373469 0.8441768113276971 0
0.4522053172474572 0.8121911037891268 0
0.4493557693298241 0.8500461125166026 0
0.4436679313710551 0.8405715689195917 0
0.4600884153573567 0.8565043090901874 0
0.4358712624508602 0.8121911037891268 0
0.4740531363771787 0.8476251185105821 0
0.4587643632011612 0.8692084275379519 0
0.4372011139978412 0.8328239273247124 0
0.4262782867334605 0.8330085628921786 0
0.4498709374965979 0.8262654864037349 0
0.4724692074719672 0.8832378857857683 0
0.4571473096770667 0.8844966653689309 0
0.4680326892132098 0.873863152033184 0
0.4838610134032987 0.8721096637621957 0
0.4031464995211219 0.9079493793568568 0
0.4038853329225714 0.8979012625330876 0
0.3941280505117069 0.9171234362172965 0
0.3980799961662105 0.9255012257266748 0
0.0303326994521027 0.3503899838219488 0
0.02142246561584114 0.3566985348024509 0
0.001511498307626407 0.3719128135752622 0
0.1088202265671507 0.3998189934347827 0
0.1015021400243097 0.4071930292577517 0
0.1075782459693779 0.3896942920790964 0
0.09126044626961891 0.4031292049041261 0
0.104727209580033 0.4260546208390709 0
0.09675081978289997 0.3860062385241919 0
0.07407663281832619 0.4100788640277173 0
0.09101185244634512 0.4186932391670354 0
0.205294559869893 0.4309042494564409 0
0.2483247567301294 0.4372543069991343 0
0.2264907968250451 0.4124953997803521 0
0.1551081598261169 0.4065760390377368 0
0.1621180073495822 0.424388942896384 0
0.1359805458168131 0.4312227146453099 0
0.1517008584330663 0.3834851316515043 0
0.1770136311011519 0.3644023666245937 0
0.1779871195386594 0.3744580518878045 0
0.1652968156292655 0.3788196804425301 0
0.1596107552448107 0.3659491400995308 0
0.01742345591986872 0.4171864071959735 0
0.03285320964314319 0.3700009421101184 0
0.04085614631718639 0.02204028163431851 0
0.03745734321144192 -0.03410564437923545 0
0.008540553516946887 0.05682253256358499 0
-0.004094211252258588 0.06407686662320601 0
-0.002001776842284248 0.05309117110782564 0
-0.01543876397840952 0.05622396134037413 0
-0.004083655809261229 0.04132867329312023 0
-0.01455965353446674 0.03056627412419441 0
0.05503248108002357 0.02358213349028123 0
0.06687402738241191 0.0254827864259846 0
0.06883616659827689 0.03824977422018341 0
0.08707583058316273 0.05903438579511339 0
0.08429737726670787 0.04323116177495109 0
0.1055603587208165 0.01434573614200603 0
0.100455081852898 0.03285637526468556 0
0.09394818200094193 0.04049192908122674 0
0.08929976246172117 0.02994030227959381 0
0.1095301609038091 0.04718033224869227 0
0.09118164485334312 0.01434573614200603 0
0.0810172065962701 0.02377309382446169 0
0.66784388536451 0.7005801601054157 0
0.6887592133668621 0.627562796628892 0
0.6588754061970099 0.6761196377763664 0
0.6557889857084673 0.6209177749102176 0
0.6458862799061217 0.6225366442631028 0
0.6125120419115452 0.6255504038216284 0
0.7572422254615881 0.534496726815332 0
0.7882515579183682 0.5495721782559568 0
0.6798390564083141 0.5225436350984255 0
0.6595961511547773 0.5015153141584398 0
0.545963169811188 0.1180081981519607 0
0.5419338870374245 0.1090943290747463 0
0.5313122294254783 0.1084032450178075 0
0.600625511250071 0.166296497492743 0
0.6099845752495066 0.164784072815523 0
0.6196508049924276 0.1735768163191611 0
0.6131648565853384 0.1845362150989597 0
0.6427036555314969 0.1666602785791723 0
0.6179984920511383 0.2074889081924338 0
0.6302018193662521 0.1668674986674936 0
0.6123447503295458 0.1966942293928375 0
0.635835821495526 0.190554312979561 0
0.6362215603198884 0.1528166954957303 0
0.59761145642462 0.2112887517766921 0
0.6249630156838426 0.1969632998938384 0
0.625349046654684 0.1843480710185661 0
0.636636498728931 0.1778504267837683 0
0.6024267620403799 0.2014158899054979 0
0.5919556644431218 0.2024195249118872 0
0.5850828733203018 0.2130401418402273 0
0.6417607843645199 0.2130332916989651 0
0.6587566457619572 0.1856217497365421 0
0.5796712870698836 0.2048713306130147 0
0.6303804301072937 0.2081147903534368 0
0.6466006145036982 0.18485560169908 0
0.6400025411039234 0.2014763917240012 0
0.6273514611995682 0.2307482696668489 0
0.6533941692816977 0.1738856266530577 0
0.6519623104272344 0.1966041094281738 0
0.6236369763376229 0.2187317531328137 0
0.6608574613107996 0.1513216208906025 0
0.6748281721637748 0.2031574118019599 0
0.6345989381066479 0.2219256065714714 0
0.6061297310329379 0.2307258639844547 0
0.6539437062846376 0.1615511063654746 0
0.6768803161467641 0.170247496722407 0
0.664319426600143 0.1966560820958312 0
0.6539434824136033 0.2301754268376465 0
0.6104766590641217 0.2182965615442667 0
0.6484368865321651 0.1503781110233551 0
0.6656503132283769 0.1753787164697393 0
0.6666338228449553 0.1626767901898042 0
0.6776726059182578 0.1868158407641478 0
0.6580771374820271 0.2117829019880066 0
0.6407312550111569 0.234351160712415 0
0.6454346485117169 0.2233224351124554 0
0.6399301994272897 0.1395802428668534 0
0.6838752247356318 0.1467593100442344 0
0.6681132886656622 0.1878241083377434 0
0.6557875739307841 0.1358373853409446 0
0.6781316728702036 0.1578345034207117 0
0.6720962225571379 0.1476776541216431 0
0.8107628815171354 0.09932806945931194 0
0.6763577529374183 0.1263375606514519 0
0.6883568693122909 0.1651348792682145 0
0.6772364934376688 0.1376085935043985 0
0.6924618937582651 0.1543993967724502 0
0.6988129970221417 0.1837606588693658 0
0.6663727863125563 0.1384092427542253 0
0.6637622192399755 0.1260846174476563 0
0.6335409912612413 0.1223075461012249 0
0.687220252807485 0.1780207690773168 0
0.6448365507633115 0.1187462116299488 0
0.6663749999999999 0.09932806945931194 0
0.6351249999999999 0.09932806945931194 0
0.6531016324275076 0.1255044053493773 0
0.6859925854381271 0.1312561574128388 0
0.6969984537913336 0.1406554631889575 0
0.6969807252151401 0.1728844973929134 0
0.7234559292247102 0.1469820148587301 0
0.7067701679036374 0.1768277207871929 0
0.7076673284007754 0.1604771886801525 0
0.7150817691178789 0.1944000586850479 0
0.6430801524119037 0.1293273161987993 0
0.6461732020090785 0.1085437760628865 0
0.6568701339760152 0.1124625549168782 0
0.6361675041350489 0.1109442631189875 0
0.5645276617969305 0.1145976331856779 0
0.5648124999999999 0.0932846072500292 0
0.5711933491262269 0.08172135326538445 0
0.6154818908859023 0.1392850232198584 0
0.7139280108852702 0.8476732816652859 0
0.7060337637822005 0.8671445947679245 0
0.7072349280593009 0.8562956449870688 0
0.7160937952476852 0.8627674426914159 0
0.6874021508200653 0.8595907869750683 0
0.7171252472004582 0.8788871215511976 0
0.6968538391056671 0.8551462809047951 0
0.6842491117901824 0.8406132980128264 0
0.7007614131793988 0.8121911037891268 0
0.6967409399772896 0.8294243624619478 0
0.5537673668909214 -0.03410564437923545 0
0.572128410602174 -0.002148316362359268 0
0.5270654513781985 -0.02362392222625743 0
0.4871467186742144 -0.03410564437923545 0
0.3975440656588611 -0.006587738827666617 0
0.388108043998407 -0.01676079775097947 0
0.412198489430419 -0.02702458449361028 0
0.4524373083307808 -0.01052244481842072 0
0.461707427499441 -0.01161111506511479 0
0.4621639755929492 -0.02744781082703929 0
0.473585104954334 0.406506364337659 0
0.4878221407971259 0.416907573174487 0
0.4723922502776504 0.3971704076057741 0
0.5024723343216169 0.3904726591533318 0
0.510058748027404 0.3835312220662801 0
0.5237845558554828 0.3917817634312707 0
0.4958162217336287 0.4040145241829805 0
0.4527632329377699 0.407401210533909 0
0.4576134808327912 0.4191817496218355 0
0.4386427897340738 0.4048286327762413 0
0.4706065442456876 0.4387217517165355 0
0.4489005326973213 0.4390652468246855 0
0.4668656587399643 0.4271193923277687 0
0.4502054850852058 0.4277863214751486 0
0.4781037516369668 0.4235728348908064 0
0.4597050967679082 0.4358323896573024 0
0.4311798409960856 0.4313000400231683 0
0.4947786165182941 0.4374682270365309 0
0.460033778653701 0.4566023297218991 0
0.4401534124140186 0.426623313845526 0
0.4291392001716224 0.4164370334234516 0
0.4884007941323466 0.4281689432905899 0
0.4569403384123038 0.4462637123453191 0
0.4401595420015323 0.4569168372053685 0
0.4470475737842243 0.4492237480139663 0
0.4341781974658462 0.444631266287539 0
0.5080747700468997 0.4215124655002074 0
0.4827339242840487 0.4388922355771984 0
0.4991765177992909 0.427615244373406 0
0.5144441873136094 0.4403380014429608 0
0.5050161144078793 0.436129759601166 0
0.5022700989877895 0.4549472528953462 0
0.4764532103969834 0.4542449999953935 0
0.4901306637980257 0.4498052637425053 0
0.3065228374040541 0.4318856851379527 0
0.3036869589596723 0.4449053498575674 0
0.2958645670145722 0.4196267432306885 0
0.3053597551541563 0.4221341300698079 0
0.3076812195652491 0.3726741737922927 0
0.3023771610363429 0.3806603756570171 0
0.2907558970667009 0.3826393008755358 0
0.2841785639187899 0.4011174113024574 0
0.2848214167536195 0.3716220702419515 0
0.2903782769973699 0.3929145509285989 0
0.298039987121702 0.3998880254190976 0
0.2774400892033978 0.3895801808981507 0
0.2748228860478402 0.3763426654931965 0
0.2840284519401328 0.360565688094531 0
0.2675259197355235 0.3939144437240563 0
0.2954753182143766 0.3602377042646508 0
0.3337121956802809 0.4699140794366924 0
0.4495764329652967 0.6981237083289327 0
0.4653923931121078 0.6987964891311436 0
0.4737706323427334 0.6795904042591234 0
0.4722900679543792 0.690374995345576 0
0.4921484550384667 0.6876073320249267 0
0.4826095736815225 0.6917917104127072 0
0.4923162094448092 0.7009545545321678 0
0.4720138447566835 0.7363023083422323 0
0.4243931952967468 0.6810887396334506 0
0.4078429897142936 0.6728778047368194 0
0.4130175805451435 0.6609254431629467 0
0.4265988715866874 0.6628820130628128 0
0.4549325146244112 0.7695651358544121 0
0.4685174922963914 0.7792421746293245 0
0.4651643605773065 0.7695753610988032 0
0.4780633878579826 0.7558354965703524 0
0.4766829568555712 0.770994858588477 0
0.5175102796514699 0.7792421746293245 0
0.4498573605229054 0.7594041535470257 0
0.9717377249329925 0.4685785740168322 0
0.9688268266273864 0.4563547626070845 0
0.9779898984533333 0.4464207150510783 0
0.9507749720550489 0.4492384205196907 0
0.9308258107926991 0.4482809508754335 0
0.9225048289450057 0.4365678958091622 0
0.9400991343084651 0.4579264204704059 0
0.9186031545031506 0.3243916983428953 0
1.023083302437033 0.5454340557450906 0
1.025329954248134 0.4855692080215812 0
1.016539699341664 0.4664208639141145 0
1.036767066462047 0.4704930806738363 0
1.018234414510695 0.4772346894959807 0
0.9982171273407159 0.474832039184758 0
1.026254540601427 0.4704380872762879 0
1.008564606826014 0.4732104085867598 0
1.02544682151763 0.4586360924241082 0
1.000516163386517 0.4556779972802897 0
0.9212132910854529 0.3374858617637015 0
1.036767066462047 0.3940387283930679 0
1.00364504263034 0.4319461639486084 0
1.036767066462047 0.4246204693053752 0
1.005427405943236 0.4442533335968684 0
1.023923922670148 0.4449311454727871 0
0.9916912218951708 0.4451163690852245 0
1.036767066462047 0.439911339761529 0
1.01496895162223 0.4365888481361515 0
1.017246533570808 0.4149022887448507 0
1.012937411209047 0.4254126115426903 0
0.9971180832503111 0.4127883436844275 0
1.024823340645517 0.424147209294585 0
1.006873273387736 0.4167878695575103 0
1.008835338340559 0.3981055832162642 0
1.036767066462047 0.4093295988492215 0
1.027588524624895 0.4141536624869159 0
1.021529009419827 0.4022534094166374 0
1.023673620923322 0.5000801380894218 0
1.029601752822009 0.5087202568142206 0
1.021908639196677 0.5231106438105474 0
0.775818732581842 0.4323023878022735 0
0.7674004758694248 0.4283685332608404 0
0.7557109898501877 0.4345154527657149 0
0.7623925439295055 0.4120026810823824 0
0.7592482655574042 0.4734448820036103 0
0.732553850672176 0.4504530077774836 0
0.7809673465954342 0.3868900324564486 0
0.7767149502580099 0.3542859103878178 0
0.4484855833510564 0.9088978821553485 0
0.4489006509869533 0.8955445230494208 0
0.4205236301386629 0.8233718546293028 0
0.4315772798845893 0.823307636739108 0
0.4413835714358127 0.8207079277540279 0
0.4685393720440543 0.8121911037891268 0
0.4524196617485228 0.8358684222855005 0
0.4601944330700817 0.8286652153180772 0
0.4717183136731672 0.8347868051705486 0
0.4817979136758945 0.8255278280123085 0
0.4849001446176125 0.8390209754722644 0
0.4653338875288099 0.8902652448671622 0
0.4813591165394149 0.8994005191906234 0
0.4484906730797751 0.8820647792720526 0
0.1908210157058884 -0.01644501777061473 0
0.1885327029602891 0.004134947723284755 0
0.17463814721721 0.0001749274924779734 0
0.1824091138154409 0.02553737764286668 0
-0.01972104775500303 0.3405206817965299 0
-0.01729431942300349 0.3531711380760465 0
-0.01170998623016812 0.3663736203384554 0
0.002440329352373697 0.3616665258719433 0
0.01265398105096526 0.3664805326588567 0
0.01029819033269331 0.3757920800867797 0
0.001447875481775534 0.3911103884447143 0
0.002521853469832131 0.3815150548619965 0
-0.01463468647523056 0.384452543292809 0
-0.006968057842969567 0.3776593147642533 0
0.1007376094351057 0.417030270130961 0
0.1105587723039744 0.4180824671268244 0
0.1199514819590785 0.4310721006119271 0
0.08436676964330539 0.4108030992985039 0
0.07836590673859019 0.4226003486178583 0
0.2096234095024691 0.422212309633702 0
0.2158199981736703 0.4307223178266754 0
0.2215195434955203 0.4492552807864231 0
0.2107579345420813 0.4424219703880531 0
0.2040251647632633 0.4649159894953138 0
0.1991963609577699 0.4408515233395586 0
0.2105637887338938 0.4546184747969776 0
0.1943483896871125 0.4310365692008962 0
0.195976372718304 0.4540143597054648 0
0.2255491295703704 0.4713584086593864 0
0.2156956950680358 0.4651017627678868 0
0.2095311051519824 0.485697506854725 0
0.2097088669544373 0.4745302680272661 0
0.189823552278152 0.4797987648037522 0
0.1990232151654602 0.4743601722003778 0
0.1876719210536325 0.4656590174638852 0
0.238385640278639 0.4304563182362828 0
0.2489444991381276 0.4256833794446587 0
0.2357150280341182 0.4450257553269077 0
0.2603038419733691 0.4175871026839859 0
0.2621488907785794 0.4321926712605832 0
0.145733605562016 0.4324572547048186 0
0.1395506660653634 0.4421608252317894 0
0.1421634853134657 0.4215191441183391 0
0.1278836103812421 0.439917181874675 0
0.1477174062699023 0.4617168332803705 0
0.1505960412188982 0.4157456584958203 0
0.1402521408443677 0.4096826052882256 0
0.1082376571520761 0.4495561167280471 0
0.1305720502360748 0.4573936156006845 0
0.1463919396222612 0.4507871074441847 0
0.1573924319900447 0.4497668597204466 0
0.1602340004489328 0.4619590409481986 0
0.11670129439305 0.4419660612475218 0
0.1737981099052036 0.4649573568244135 0
0.1535463359813169 0.4840264056858694 0
0.1238571854243886 0.4494815773493685 0
0.1161110928012973 0.4628610430173973 0
0.105470468693694 0.4379565272010429 0
0.1537780984464186 0.4720495894784297 0
0.08629119062856641 0.448661783726925 0
0.09226998691051266 0.4328067197394949 0
0.1672589864661584 0.4783011076361697 0
0.134005226420236 0.4776576166391755 0
0.0973905479984345 0.4460139302371223 0
0.1429314022087019 0.4714679021716432 0
0.1334518602295444 0.4673285402452714 0
0.1227235653985703 0.4730826551363533 0
0.09716233285107222 0.4650922328196786 0
0.1202542512430813 0.4953694086479117 0
0.09379073949488052 0.4555113854840103 0
0.0778985107214222 0.4653812158718593 0
0.1079784735539101 0.4753717697510293 0
0.1246319175867908 0.4845742691204599 0
0.1392846960234121 0.4946218344312145 0
0.1129150666196101 0.4861080182527993 0
0.1296875291143475 0.4929096204347467 0
0.1314508294954617 0.5107788568268209 0
0.1001667686672831 0.5037490631532937 0
0.09606043291137024 0.4873548202798544 0
0.1090287617143564 0.4967263807773609 0
0.1163274859705164 0.509995082514128 0
0.02416945019777008 0.4064359228629193 0
0.03650104617066802 0.417012042527879 0
0.009005234155875496 0.4044121034816637 0
0.02694920705507432 0.4156720555685314 0
0.02487085916418737 0.4333157603102534 0
0.03050559517340835 0.4250352441758862 0
0.04772624386216143 0.4316519240265124 0
0.03649392599748469 0.4351676152311026 0
0.04834243557446859 0.4533215705837326 0
0.04497835851027552 0.4425736462902254 0
0.02754171336434772 0.4539539902972995 0
0.06571350182352666 0.4419840278380098 0
0.02924854282126336 0.4432411679117997 0
0.01022656735013024 0.4457028578490817 0
0.03785288691597248 0.4507043400625235 0
0.03845803353709103 0.4706080313805654 0
0.0353485244291277 0.460741527062824 0
0.09843621886530315 0.8574598687177485 0
0.05542908163432932 0.4452030291197646 0
0.06486120090736304 0.4572994032837802 0
0.06961357405213309 0.001871218753624469 0
0.09478451497392433 -0.01295545852346816 0
0.00170295528748245 0.07116540071967441 0
-0.00997747574413088 0.07156925119544937 0
-0.02916330500526511 0.07293044881384039 0
-0.02916330500526511 -0.003523903466928067 0
0.0983710017870798 0.0223222380707898 0
0.1099265985559844 0.02550929825214254 0
0.1199390725882898 0.01434573614200603 0
0.110761057142659 0.03636370646756169 0
0.1258761134488522 0.02974242076351055 0
0.1227671830704808 0.04320831273995263 0
0.06172659107976949 -0.01124566424357765 0
0.678426694742721 0.7063519205346149 0
0.6759044812657535 0.7284110877476271 0
0.6802765017097265 0.7177372015433802 0
0.6970123471612576 0.7308245307991063 0
0.6687929749313446 0.7192658847779246 0
0.6867987721696226 0.7266410536835537 0
0.6844894088203568 0.7468386431192859 0
0.6827957074537476 0.7364141683780168 0
0.6651628401831506 0.7446288710363427 0
0.6543895942757133 0.7301456471093937 0
0.6651591995594662 0.7294292181378897 0
0.6472120075012329 0.6950957958900212 0
0.6543535949134923 0.6612769255336552 0
0.6256452634458451 0.6235062609738279 0
0.7479348190318285 0.5377137359880636 0
0.7470710062603839 0.5220046389495145 0
0.7663685565874215 0.5300004511234228 0
0.6937896511133034 0.5248676454341452 0
0.673404593666689 0.5084801952005262 0
0.6595693510978892 0.5153787892577629 0
0.6269874511255266 0.1548305616215024 0
0.6167440525749635 0.2274632529424359 0
0.6167241693983919 0.2462957705437615 0
0.6084828778176142 0.2088876216507044 0
0.6315817908258808 0.1443789308741223 0
0.6487295945016848 0.1413977442678911 0
0.7029425886403587 0.1502381614338027 0
0.7520257630342708 0.01434573614200603 0
0.6883471093648961 0.1147480468070496 0
0.7136584599037071 0.1515030002744988 0
0.7463814407585676 0.09932806945931194 0
0.5670942028534112 0.06939510971340847 0
0.5586845979181978 0.06227716671176144 0
0.5755172679262101 0.05958559942510838 0
0.5665313903692827 0.05736954684892662 0
0.5919989524842948 0.04239542416160656 0
0.5813338504265131 0.04866616754743994 0
0.575370960413938 0.03641542082147294 0
0.5958699111505745 0.06118386346537916 0
0.5854972103041668 0.06288546748769895 0
0.5925813017206272 0.07360298533757145 0
0.5907340907139725 0.0524490060909658 0
0.6107311966245905 0.01434573614200603 0
0.6162412834964963 0.07322322170391179 0
0.5845043643004322 0.08455679442031835 0
0.6043577361038492 0.07007643351559466 0
0.636996052094484 0.01434573614200603 0
0.6068313362754318 0.08474705626981871 0
0.7025122690385548 0.8369413289681001 0
0.6939783906849151 0.8417500765762691 0
0.7067627427012799 0.8277039066101574 0
0.6881159493632309 0.8497215146884813 0
0.670263552928193 0.8533907829277799 0
0.5522555281121896 -0.02401639815334282 0
0.5620949479180097 -0.02769989003123421 0
0.587077690999275 -0.03410564437923545 0
0.5614819995512476 -0.00505745925571859 0
0.566077035062978 -0.01454315377983161 0
0.5643437111514471 0.005405289887400874 0
0.5671628750710194 0.02534800988667276 0
0.577900127287224 0.006395860970745461 0
0.571951468672797 -0.02350212868963195 0
0.6061220670049757 0.04927864056900332 0
0.5887294959952512 0.0041379499087569 0
0.6132889839827597 0.06036036165212734 0
0.6037328530534517 -0.03410564437923545 0
0.5975987688896438 0.01434573614200603 0
0.6041649827571172 0.007548229146655261 0
0.6150112828493133 0.003641135981219775 0
0.6041649827571172 0.03024042497811115 0
0.6304298382270106 -9.689344432471008e-05 0
0.6238636243595372 0.01434573614200603 0
0.5910325550221706 0.02636190804683475 0
0.6041649827571172 0.02093680473113319 0
0.615425516746692 0.02558861485462217 0
0.578385613586283 -0.01287780404045725 0
0.6304298382270106 0.02806183271128857 0
0.6142996826321513 0.03881830106935445 0
0.6027938091418572 -0.01326672417356583 0
0.5834424393676145 -0.02320068111832008 0
0.5821323236547318 -0.003503528590604797 0
0.5906016275128945 -0.01232441984282333 0
0.606471818959846 -0.003056371735372938 0
0.6199456311593299 -0.01367758591760345 0
0.5954052720263634 -0.02527118164101594 0
0.4855311159605226 -0.02225551515722777 0
0.478819137647126 -0.03410564437923545 0
0.3813199127701458 -0.009746473497241063 0
0.3759570155921379 -0.02172821000130079 0
0.363700268627657 -0.01911337103562129 0
0.3872157463491538 -0.03410564437923545 0
0.3600855144368668 -0.008149515911914084 0
0.3497312101288279 -0.01488325898996354 0
0.3844959311122208 -0.02527034950156491 0
0.3955433273762422 -0.02670584641904227 0
0.4898431918900756 0.3963847431415829 0
0.4872335627849936 0.4076178263113745 0
0.431046395633198 0.39871296830609 0
0.4110726234426293 0.426489103514921 0
0.4394921508176863 0.4364332962087935 0
0.4209057902781813 0.4586918833299629 0
0.4989346128851578 0.4148728318267034 0
0.5086663817987968 0.4110870366400069 0
0.5258169670727991 0.4089456089356329 0
0.5180951281650905 0.4168515901805739 0
0.5359711713716029 0.4265872897455329 0
0.5175562365308175 0.4287947932918396 0
0.5284061354716009 0.4191984550467119 0
0.5452870190113477 0.4094821506846746 0
0.527974895962204 0.4377947724954487 0
0.4889568742433851 0.4694770500503977 0
0.3032944478693413 0.4694452457119 0
0.2918805075421654 0.4091984204899145 0
0.2779764525114578 0.420485557224036 0
0.4628838297861728 0.6823033012025452 0
0.4641471036532032 0.6641720829048401 0
0.4842789173437805 0.7060491416832955 0
0.5153269208883011 0.7096136516456308 0
0.4782587036222017 0.7286632458269712 0
0.4865392934388587 0.723090087103659 0
0.5044834294235866 0.7270903298705699 0
0.4626904143607138 0.7359547914096959 0
0.4452100281265016 0.6608541280492116 0
0.4232766847464741 0.6378278457181544 0
0.4815701578484564 0.7440460456850629 0
0.4882256200870641 0.7524419811858385 0
0.4920819988529222 0.7424462194161205 0
0.550172137888189 0.7792421746293245 0
0.5502096460270397 0.8121911037891268 0
0.4865203751234983 0.7642481336279232 0
0.4983088429277511 0.7505903235289715 0
0.5042549825096811 0.7395914840925877 0
0.5145682616554155 0.7335272851955799 0
0.4968625091837535 0.7332037291111824 0
0.5265303037538006 0.7337458803391043 0
0.5203011195276316 0.7553729757582347 0
0.5151002684595722 0.7215753120993323 0
0.5099964351941768 0.7498021069634999 0
0.5203657312448283 0.7436809517945081 0
0.5332982699115169 0.7159371546628719 0
0.5011793505331104 0.7792421746293245 0
0.5410601584373017 0.7496415025267591 0
0.5232669642926799 0.7157470790633653 0
0.5285699898712026 0.7006759194085302 0
0.5298723528646695 0.7495796771890798 0
0.5202214578743063 0.767461416581935 0
0.5293835282231759 0.7595751491220096 0
0.5338412087698294 0.7792421746293245 0
0.5420066733290092 0.7670527138228913 0
0.5301566511780529 0.7697386112505467 0
0.9558270024488086 0.433198048908163 0
0.9114750799106011 0.440702754056146 0
0.9332265895961794 0.4291633438549984 0
0.9354281517766488 0.4134825267419288 0
0.9448745880542878 0.4292325382382168 0
0.9573805517181913 0.4117996842548873 0
0.9535860536476094 0.4222797759119815 0
0.9439170960593041 0.4190989505160109 0
0.9459560891422624 0.4067935944787883 0
0.9740616140857209 0.4237663283880352 0
0.935153053268049 0.40141993488252 0
0.9605427365912617 0.3890442188451333 0
0.9636141914795783 0.4259106362994645 0
0.9711174126990205 0.4359446314673367 0
0.9557525343758118 0.3999760016115592 0
0.942018301652825 0.3832722414284697 0
0.9848426285314373 0.4328177677233604 0
0.9768289370999496 0.4026960771746768 0
0.9498157676051683 0.3908591657463196 0
0.9533912641006943 0.3793840598297988 0
0.9356172416750209 0.3912231328315725 0
0.9266657200195135 0.3774643801414636 0
0.9658685882913027 0.4046070329322997 0
0.9740917973668288 0.371536551462695 0
0.9411889013546203 0.362269144771129 0
0.9729621292817464 0.4129050715043822 0
0.9850342788850216 0.4116407744465008 0
0.9648482325914257 0.3783796167891703 0
0.9447368634292466 0.3726469623748601 0
0.934451617089046 0.3703678798635308 0
0.958613862797534 0.3621073057539323 0
0.9241243894777766 0.3668567862916147 0
0.9300726494738994 0.3549513537151093 0
0.9923062275878328 0.3967340154981234 0
0.9901206546089605 0.422276169651785 0
0.9782870063865414 0.386868014443752 0
1.013449564678482 0.5433335952049191 0
1.017600410791496 0.5331892037252809 0
1.011328275308062 0.5245479996285924 0
1.036767066462047 0.5316565624984511 0
0.9889017413125208 0.4836330309294045 0
0.9251437570165979 0.2975477290712757 0
0.98894395437243 0.456379619805704 0
0.9952595548791966 0.4647620492229464 0
0.987271783233946 0.4725773876784379 0
1.027314492798744 0.4346664421785027 0
1.036767066462047 0.3634569874807605 0
1.031055388690773 0.4016841636211447 0
1.025718315422506 0.3923647926261541 0
1.036767066462047 0.3787478579369142 0
0.7569200482988063 0.4226263952455779 0
0.7352394998828484 0.4264275969148529 0
0.7433417857562883 0.4089105953169738 0
0.7466158419421696 0.4275845147325942 0
0.7523637872572505 0.4135580155163258 0
0.754504413960297 0.3983215516101542 0
0.7433340109749369 0.4413241480037145 0
0.7417609935732349 0.4188117281983525 0
0.7249994124560085 0.4110588533045657 0
0.7497686589068765 0.4887115037331293 0
0.7422988029634933 0.4588463259447815 0
0.7225472891417226 0.4719247789686847 0
0.7305786455652378 0.4626000776262933 0
0.7344745118237531 0.4740766340471561 0
0.7100328442452551 0.4530250489400187 0
0.742487102747539 0.4810120855363358 0
0.7324789363751097 0.497769984968519 0
0.7313810287176004 0.4857467993018436 0
0.721656071854716 0.4549150733507666 0
0.7399628472791651 0.4910248641047248 0
0.7485220388937479 0.5053663528420332 0
0.7106161911523434 0.4937046795361071 0
0.718758209471268 0.4360511412762281 0
0.7221208770835164 0.4926541191329617 0
0.7239228449901411 0.4449123037421574 0
0.7295885349598901 0.4356744577917385 0
0.7238234226245799 0.4258011214111231 0
0.7200208188927351 0.5099499724387128 0
0.7153610105499129 0.4821460097420984 0
0.703120358463222 0.4219469057449957 0
0.6924982679550309 0.4795140887834807 0
0.7069967625143894 0.4686284697394901 0
0.7129283463464303 0.426793681642736 0
0.7037257973693456 0.439053365928634 0
0.7129822548201966 0.4143374289932814 0
0.7035584702548907 0.4840542879022945 0
0.6945618035599136 0.4006597456941148 0
0.695302951467559 0.4974978758792064 0
0.7138641493151567 0.3939070014872919 0
0.7018431217193497 0.4100963478907558 0
0.7166895775021561 0.4042632107487407 0
0.7314707904997875 0.3946670051598 0
0.6814739701865088 0.4182858152180526 0
0.705165288204331 0.4000055040944631 0
0.6987037560092179 0.3815355717649239 0
0.7045392607656995 0.389859294596247 0
0.7163771727319026 0.3753526930670608 0
0.6905036190283028 0.4113185038155979 0
0.6736376735380015 0.3987950830970872 0
0.6838367728452576 0.4026782584701775 0
0.6839757975732211 0.3869776372059699 0
0.7844696982810343 0.3966431310585282 0
0.774626278596001 0.4060407738697253 0
0.787576853201385 0.3638425449490126 0
0.4398124072979416 0.9068167000756706 0
0.4419758418157992 0.9169137514586212 0
0.4538363945658609 0.9445100648146008 0
0.430762990694991 0.9276984808309544 0
0.4893103501068005 0.8557201362415926 0
0.5175415364338456 0.8121911037891268 0
0.1702645711244465 0.008409126006999123 0
0.1578543967433227 -0.003461117140018302 0
0.1615147682149077 0.005134469381997 0
0.1486965003232365 0.01434573614200603 0
0.1512796177793996 0.004415872599056417 0
0.1373883155365025 -0.03410564437923545 0
0.177722832743598 -0.009492479562163801 0
0.1674996619242258 -0.00742866298701155 0
0.1540434775906792 -0.03410564437923545 0
0.1407009529630515 -0.01109636365304251 0
-0.01996321731022306 0.3620822784412019 0
-0.02916330500526511 0.3787478579369142 0
-0.02331814678809608 0.3711024227088373 0
0.012761912034998 0.3934156224716835 0
0.06295701490739802 0.4208833185384279 0
0.2266583761984514 0.4405658631153347 0
0.255796526385756 0.4634936015405281 0
0.23207619377356 0.4587495923200789 0
0.2569388696380454 0.4090540739137788 0
0.1809292618119586 0.4541851975137239 0
0.1160683492645301 0.4539042487318877 0
0.1657297006225578 0.4692775503813787 0
0.1787658719692073 0.4756659440804863 0
0.1774052675449327 0.4961655942942886 0
0.1750112515644011 0.4857117202943114 0
0.1635750898786641 0.4938317484191006 0
0.1061423461103092 0.4597781442641975 0
0.09686423180759592 0.4762360414569948 0
0.08170383470110335 0.4807285093731102 0
0.08760806599291966 0.4704125440883073 0
0.1242061514516018 0.5042704067464363 0
0.1563124637155143 0.8118703927257013 0
-0.02916330500526511 0.4246204693053752 0
0.07443561966608418 0.4501508168546605 0
0.07877675308058492 0.436773494599883 0
0.02647743244971305 -0.003958532034127889 0
0.01009175506188281 0.004551644257511275 0
0.05523486018465975 0.002614875066063982 0
-0.02143943963337608 0.06528501358576355 0
-0.01910641465484867 0.07878950216247267 0
0.1127497156545531 0.003167773052160554 0
0.1127497156545531 -0.01012258856664483 0
0.1189809394372872 0.02355821629025058 0
0.1409089610559223 0.04030495343919684 0
0.119633398602915 0.05680740832037265 0
0.08399228791960645 0.002614875066063975 0
0.6505388949343871 0.6840681733784807 0
0.6589172578573231 0.6926114644954087 0
0.6352791956259439 0.68548017467302 0
0.6549510914465769 0.7027419259352072 0
0.6393380898075126 0.7153023952022933 0
0.6444315173429205 0.7056497373948062 0
0.6257533936485909 0.7019639891956512 0
0.6362668413383127 0.6978554735510305 0
0.665026969830303 0.6617511530705711 0
0.6402384846740219 0.6606247528171491 0
0.6557295086358194 0.6510146355863088 0
0.6238804148397605 0.6449875089190974 0
0.6164646343621303 0.6077337714485737 0
0.6868188839157688 0.5317929415964217 0
0.6708998935360642 0.5181298774206858 0
0.6350066342422668 0.5083995426004742 0
0.6308171958789794 0.2445230513961786 0
0.7141907203792838 0.09932806945931194 0
0.5668865634282618 0.0396137863474567 0
0.5804374999999999 0.09344859071400385 0
0.620120619948956 0.08599477663482197 0
0.6116874999999999 0.09332186422426701 0
0.5960624999999999 0.09015385705608826 0
0.5791252712107661 0.02505361009056412 0
0.5958815631265245 0.03411552313119677 0
0.6036422284650147 0.03991386255058675 0
0.5863382351763449 0.0346907336991879 0
0.4109405507855662 0.4481483141841311 0
0.6219418610480488 0.03280589658478928 0
0.6345957661574017 0.04548070663858991 0
0.6240529093647187 0.04335225243236531 0
0.6267855573265744 0.05699180226056727 0
0.3426063669016096 -0.02392023804193576 0
0.354630696256634 -0.02388373294592452 0
0.42206280379178 0.4249801887110268 0
0.4185054441472678 0.4398481056260543 0
0.4149091466884274 0.4136544745742257 0
0.4301974366541714 0.4541681588201071 0
0.431539914020597 0.4687298795265385 0
0.5255078327475725 0.4619345305347404 0
0.4856894657609715 0.459411175702274 0
0.4744794914022713 0.4686132037025642 0
0.3069514640863554 0.4572306520108781 0
0.3161505284769274 0.4666395741508211 0
0.2834698509419868 0.4568550679565391 0
0.295263624589987 0.4537313445737015 0
0.2920170614116141 0.4652996355610698 0
0.2867215693106092 0.4453062406474365 0
0.2903067314776238 0.4873641357739778 0
0.2701067475372635 0.4468603223433534 0
0.2809698934061061 0.4333818059292952 0
0.2739874064121309 0.4750006049169905 0
0.294273562241169 0.4765730864699467 0
0.2815134254792737 0.4673831078493152 0
0.2690803406833912 0.4626258994608182 0
0.3114197003874681 0.4890007077503868 0
0.2838906468968389 0.4788809229916316 0
0.2720602931575429 0.4944964773623501 0
0.2757732725624549 0.4850203140029809 0
0.2571181593789545 0.4831763074840359 0
0.3010940149533008 0.4852049465152264 0
0.2995280201234505 0.5054074188978676 0
0.2974619458751963 0.4950853368907524 0
0.2845700378448633 0.5030336034339008 0
0.2700383892539128 0.4135595211861556 0
0.2683272336540511 0.4239928697409002 0
0.5026004082830103 0.7085292091670832 0
0.505283958528241 0.6941169040697661 0
0.5062601403111056 0.7175340066189679 0
0.4363038099369586 0.6655332453176771 0
0.4348169714429825 0.6518876077321073 0
0.4449269086129372 0.6711308327149501 0
0.4540257102498877 0.666239249170956 0
0.4564599594146821 0.6523458834410625 0
0.42140449189972 0.6508234437488734 0
0.4111701868833061 0.6508591919361942 0
0.4076226013995131 0.6354240657338718 0
0.5051091157254356 0.7643787505498516 0
0.5385409289482322 0.7585097868879239 0
0.5527001466153766 0.7577400581109343 0
0.9569248662974524 0.4423596014805258 0
0.9264455244229357 0.4142444941635751 0
0.9943910086922955 0.4355568141616252 0
0.964846313043185 0.4169339763470276 0
0.9431205622996046 0.3263117279418713 0
0.9217860697285023 0.3481750178048369 0
0.9336008070970974 0.3421820006653845 0
0.999692568568626 0.4231815116571899 0
1.030687056118972 0.5393019977265279 0
1.031277553725555 0.5240111272703742 0
0.918087761081992 0.3100473194115638 0
1.013429107612117 0.3711024227088373 0
0.7581626481802028 0.4833472112556231 0
0.7595684488900664 0.4947965535853044 0
0.7475522983991117 0.4503650328287386 0
0.7055755121437114 0.5150706303590242 0
0.6747693875889645 0.4886037602912419 0
0.7124360234769734 0.4435308207077908 0
0.6853713077162303 0.4557482773196451 0
0.6830578444069628 0.5004050004462642 0
0.6869576006404414 0.489588787803 0
0.7428700547389216 0.3972351486094988 0
0.74172303249117 0.3757433260627073 0
0.749778686981551 0.3860899140640277 0
0.7387467546390066 0.3863698816285713 0
0.7265166266572911 0.3829837664305219 0
0.7614668971842283 0.3686804154689874 0
0.7227896657888692 0.3914561498476715 0
0.7161544357011066 0.3847698632731138 0
0.7080381276292209 0.3798666753102788 0
0.7004124487975985 0.3641538576948756 0
0.7081465205686465 0.3701072304401024 0
0.7148331722248739 0.3534201683879947 0
0.7176719751583895 0.3642409324580606 0
0.7527574243037984 0.3754614436020429 0
0.7468120606471945 0.3588416019617721 0
0.7627538423852666 0.3793170391652614 0
0.7756519172483827 0.3723603099000392 0
0.7275747093068052 0.3710261715785684 0
0.7310218182547376 0.354955872579571 0
0.7812722935945522 0.4144743796838686 0
0.7713312954763537 0.4148121870550742 0
0.7648342173739947 0.4014802906037147 0
0.7743993946481578 0.3959491352987536 0
0.7990871784522776 0.3398090701839251 0
0.4253505911964751 0.9191570738772323 0
0.4555909057562784 0.9258809530990744 0
0.4217326141320681 0.9337222262140977 0
0.4834524557508458 0.8483352487440627 0
0.4948216204874369 0.8453326815239848 0
0.4790216461465917 0.8578656524793885 0
0.4983553193962834 0.8288242817409562 0
0.5104800769616495 0.8602963708933112 0
0.5005405811022794 0.8550227739807444 0
0.5136780018982836 0.8407365745561223 0
0.4989044640521086 0.8701100817769382 0
0.5095220495734361 0.8500984181865224 0
0.52807922014413 0.8534990762681856 0
0.1271284295220265 -0.0009797870596890482 0
-0.02378101121361486 0.386393293164991 0
-0.01687104337645193 0.3964357653592016 0
-0.00827354370019113 0.3918399752118039 0
-0.002637642432963627 0.4018042661415651 0
-0.0005741558839337073 0.4198858295387696 0
-0.02916330500526511 0.4093295988492215 0
0.001531034162504699 0.4104870577941301 0
-0.0130654004780088 0.4121528178770856 0
0.06272387835480824 0.4095191669152546 0
0.05198457306227885 0.4215195082337981 0
0.2483602216725064 0.4514276672410188 0
0.2226163746947242 0.4586518067583366 0
0.241804805687987 0.4717794976218701 0
0.1663529138047609 0.5195157610775986 0
0.1514927126415115 0.4961581191541246 0
0.1598882683742312 0.5072227146813605 0
0.1439453815769414 0.5068592753685865 0
0.1442977915305884 0.5298570573365502 0
0.1407069665302209 0.5184104907935034 0
0.1534551784965586 0.5206978453960087 0
0.1314079720650274 0.5276141254652228 0
0.161538156535743 0.5379366000481971 0
0.1357856373144261 0.5406157597299398 0
0.1178574941499065 0.5239488824616202 0
0.1543791208483603 0.5307789907999196 0
0.1490746429265559 0.5432435616800253 0
0.06126968446319855 0.4776496999209173 0
0.06884128175547673 0.4308450297287978 0
0.05838576891903735 0.4339178015819056 0
0.02647743244971305 0.006605481857690516 0
0.0399255436698459 0.001323474911781314 0
0.004147019103088408 -0.03410564437923545 0
-0.02916330500526511 0.01176696698922563 0
0.1312488216645233 0.03807467408854091 0
0.1388261539461013 0.02729043464951901 0
0.1333316287743444 0.05108919287821875 0
0.1189739947440075 0.06614919523774059 0
0.09814484986643271 -0.004264440937430122 0
0.6309593563085366 0.6716957937218194 0
0.620537278865973 0.6338997228922146 0
0.6309109593982396 0.6368197967385248 0
0.6344958072295777 0.6470152431621118 0
0.6268466347217898 0.6582592396725399 0
0.6017236209732441 0.6439515945838559 0
0.6097128757605578 0.6362724458753868 0
0.6126677141683933 0.6473421254185745 0
0.5921052361259315 0.6259492754587095 0
0.6011851917344142 0.6650477181285714 0
0.6023648902466539 0.6286277276035132 0
0.6010809865592427 0.6125569172249217 0
0.6044295059681627 0.6545755888192272 0
0.6152760170171829 0.6586207164555715 0
0.5842431524944842 0.6540603793347669 0
0.594408987107794 0.6514711855973121 0
0.585914979544976 0.6393729726142307 0
0.6179714565800485 0.6174148120969892 0
0.6261703196895029 0.6111808996589482 0
0.6248270139920818 0.5995759330179231 0
0.6482722471467086 0.5084251869052351 0
0.6229858507177312 0.2391700373726899 0
0.6134690447431873 0.2371212877556388 0
0.5984620658243162 0.2469341544082322 0
0.6547397929276533 0.2556849281498956 0
0.6273124999999999 0.09301062476730113 0
0.6361537232765627 0.07675348136865387 0
0.6377152842194902 0.08813537514138682 0
0.6561937633371476 0.07980211686426382 0
0.6457233204180333 0.08123862954344643 0
0.6485278241829903 0.06280337617165728 0
0.6632609075643774 0.01434573614200603 0
0.6164553840248772 0.05045414347878001 0
0.405041605926838 0.4385919799897252 0
0.4033975865982776 0.4172041632843313 0
0.4002870006832243 0.4275900152052457 0
0.3990903684410791 0.4065531528854033 0
0.3883932951843413 0.4048192818731955 0
0.4116392826836097 0.4037487726790286 0
0.4144380351414669 0.3936642521579902 0
0.4118175083155626 0.4789717169457235 0
0.4503601702122583 0.4734111993482048 0
0.5231705887916995 0.4494997212193845 0
0.5453551835482056 0.4517669683710005 0
0.5141310302518642 0.4576358531860658 0
0.5339275128529739 0.453914910778863 0
0.5121990624211836 0.4799531242076914 0
0.5098744655444954 0.4489070325975234 0
0.5007661211364445 0.445246923772681 0
0.5432715686590432 0.4721547553450588 0
0.5055165239499304 0.4681323692473805 0
0.5359014859061082 0.4644170145270392 0
0.528448312684903 0.4788948682601774 0
0.4689777252183811 0.4605377779216698 0
0.4624032468829981 0.4709288348394762 0
0.4725463443435431 0.4911788693735328 0
0.4590796434900114 0.4852589237590544 0
0.4703305747712194 0.4796234127521344 0
0.48421955026526 0.4829503550126152 0
0.2585089153587695 0.4436600928869656 0
0.2618362544973872 0.4542173574321566 0
0.2871649845103061 0.4251482799627164 0
0.2780454826286766 0.4421417366934194 0
0.2699022254605208 0.4374787125633288 0
0.27439632705313 0.4550557927210528 0
0.3117629859812825 0.477392329809747 0
0.3235075325839206 0.4759130397654814 0
0.3355015867898194 0.484636875646047 0
0.2820860982344275 0.4932393628656244 0
0.2878409090224815 0.5307368873410252 0
0.4930138859739306 0.7725624497562751 0
0.5093448150922901 0.7734498446754479 0
0.4958423994708028 0.7603778578909027 0
0.582833996124908 0.7792421746293245 0
0.5612366574576688 0.7330562923608103 0
0.9305910845169094 0.3288093024158383 0
0.9339571540779098 0.3130188815448918 0
0.9270991069580901 0.319810926228448 0
1.026370470896898 0.5314784642690701 0
0.8994574335930126 0.2912891899615941 0
1.026350396208647 0.3711024227088374 0
1.026550320416372 0.3817489460945742 0
1.014177265319212 0.3861197488541752 0
1.019889751910382 0.3513810796748628 0
1.001385458252495 0.3876019406472741 0
1.026350396208647 0.3601835087416074 0
1.036767066462047 0.3481661170246068 0
0.9898989442825572 0.3852612787557316 0
0.9984213997125161 0.3727930308538032 0
0.7606795281916178 0.5070148889986568 0
0.7535168442172838 0.5141843677939775 0
0.7154603835886271 0.5200203825755931 0
0.7024193596511814 0.5232614963546443 0
0.6966670973595241 0.5163414943479012 0
0.6998281605113178 0.5066414689987055 0
0.7103606071632462 0.5056339822413984 0
0.6699015767151645 0.4982545908228126 0
0.6608775888060224 0.4876498949408928 0
0.6972598212321679 0.4503816073222794 0
0.7020197415122026 0.4595629634753379 0
0.6958334928542762 0.4688582149462082 0
0.6840421856605612 0.4369525928798911 0
0.6809108797735175 0.4700374157949931 0
0.6881738504357506 0.4461052615826944 0
0.6737035238899736 0.4471285193537202 0
0.6815542544664162 0.4805491682722114 0
0.6686192121280585 0.4765381513672283 0
0.7705130438061167 0.3629896101741437 0
0.7595838059381455 0.3556517257709052 0
0.7846297200976267 0.3723229192643517 0
0.7728756769664596 0.3816130827525091 0
0.737372280679737 0.3652163324859465 0
0.7967213580134729 0.3534490614378353 0
0.4366196326308707 0.9350935155862188 0
0.4392967831427824 0.9253496908095785 0
0.4704915566200376 0.9445100648146008 0
0.4472107723585534 0.932763778193837 0
0.4893356016763877 0.8308980193532711 0
0.5012074816372485 0.8121911037891268 0
0.4909754249023681 0.8206212303032976 0
0.4906039661986371 0.865250935154587 0
0.4934616193643826 0.8867499107841215 0
0.1271284295220265 0.008369274331398304 0
0.1370931077668102 0.003694743635854628 0
-0.01398447277803255 0.4275925576003813 0
-0.02220762890952348 0.4169750340772984 0
-0.0113780782509128 0.4034249934612136 0
-0.02032194401237855 0.4062229191534719 0
0.2337791338571684 0.4676249383116375 0
0.24207283416374 0.461432553198439 0
0.2335111053814155 0.4779718827350686 0
0.2220950605342323 0.483616226905955 0
0.2445391008918709 0.4840918736546362 0
0.2195026180370596 0.5069292937998678 0
0.2331526305620717 0.4916138548740305 0
0.2523802337614741 0.5049517335619761 0
0.2175110932607424 0.4949071588405212 0
0.2515369000898982 0.4933650848635816 0
0.1977350212318665 0.504359181111583 0
0.26188247770513 0.4924091832531787 0
0.2647202038313918 0.5044297744640432 0
0.2416379466102791 0.4999095950690255 0
0.2061966740171507 0.4966488078288228 0
0.2594755082860881 0.5265661167637956 0
0.230408232615567 0.502908450491319 0
0.1941732238110408 0.4919520768680635 0
0.2589760586678991 0.5147583077529135 0
0.2401808151864275 0.5169783192230288 0
0.1874333728181707 0.5006017424197564 0
0.1860838701076513 0.5203021983178763 0
0.1773652925332604 0.5098085170945916 0
0.1896055265562705 0.5106469864719942 0
0.2045481068509594 0.5215670186683101 0
0.1847049703243389 0.4884857357251658 0
0.2755952071375121 0.5172393860248322 0
0.2501898156028253 0.5210444178564094 0
0.2450442130328869 0.5402662388268711 0
0.2411574959981132 0.5289261418031895 0
0.228538151306484 0.5146361940310485 0
0.2508565659227438 0.5319379894565744 0
0.2646888854695061 0.5445310602437516 0
0.2229979908443085 0.5414862674030292 0
0.2168554973492351 0.519182823822103 0
0.2338490463219006 0.5377671649930624 0
0.2130007026538476 0.5322420162843216 0
0.2350164611805648 0.5588626441181539 0
0.2267134569253412 0.5272303247541827 0
0.2314577450167506 0.5484795402759298 0
0.2148307243359218 0.5599797142252505 0
0.2215224124013163 0.5518847868485041 0
0.2068588644735189 0.5465764477535112 0
0.1518119796196216 0.5116402158098939 0
0.01941268866482778 0.4711870810610154 0
0.1235847792408496 0.5162601150691981 0
0.03883191514865982 -0.01565272548225159 0
0.1821354468775012 0.7493558753432751 0
0.06713231944285758 0.4681922932162264 0
0.07172813934778415 0.4775870599372232 0
0.0540913220608724 0.4878709007080569 0
-0.02916330500526511 0.6998561375161417 0
-0.01027794277079171 0.00412153176114878 0
-0.02916330500526511 0.5775291738669122 0
0.1119124215300856 0.8437075923442847 0
-0.01923276103150855 0.009149343198006766 0
0.05340634557879904 0.4662294021358649 0
-0.01913095384677102 -0.001157758565332059 0
0.04810603157884055 -0.004264440937430111 0
-0.01027743655778282 0.01461085950769356 0
0.1304542435113648 0.8185620229198436 0
0.0977718628082046 0.8727640444688625 0
-0.02206491279473673 -0.01116933869500491 0
-0.007395933690309857 -0.01077399570160052 0
0.1558858572569732 0.03006305250702402 0
0.1359908517587126 0.06106978140874381 0
0.1027940219357448 0.004665525386576766 0
0.6144512611604919 0.6844382885836395 0
0.6404323380351238 0.6389674002318914 0
0.595455221939865 0.6360139248947533 0
0.5590423456663068 0.6437529878148948 0
0.6416176827796681 0.5196675763210571 0
0.6406685857414258 0.5323684158927576 0
0.6264405911063706 0.5420853317392167 0
0.6354871561391718 0.5400566362137766 0
0.6351001516396579 0.5497755695894261 0
0.6284138124343593 0.5296994922522337 0
0.6445956554086441 0.5562087483414784 0
0.6304353870172754 0.5186549264138745 0
0.6054705251969535 0.5323944349266748 0
0.6436393146943785 0.5685412237182899 0
0.6145410442444746 0.5054236742308019 0
0.615843243407078 0.521691305845555 0
0.6173222255068483 0.5342825611089164 0
0.6441533620889655 0.5780275648648833 0
0.6243541647557733 0.509797786474867 0
0.6272016988382323 0.4902147747965773 0
0.6285396434625644 0.5004078566661511 0
0.6429072931422822 0.4933376076988399 0
0.6103731130130982 0.5516326108646178 0
0.6101028821229838 0.5414577086119753 0
0.5917200196686581 0.5451379626875258 0
0.6440101447265051 0.2474642657340934 0
0.6269132246536923 0.270392459127504 0
0.6257879596003034 0.07729838443895443 0
0.6304622126709128 0.06735022012032876 0
0.6379321322140149 0.05886710731885437 0
0.6474867621252759 0.04937678376049247 0
0.3965003945764236 0.4435031658155628 0
0.42373029543167 0.3929382017936056 0
0.4198945204148832 0.4704150344713402 0
0.4281355521042808 0.4862845473091331 0
0.4074016905876531 0.466712984283767 0
0.4011404365773358 0.4758930966088091 0
0.3972615213533597 0.465430411171441 0
0.4010214278770239 0.4963599095237483 0
0.3926549601250482 0.4860775084332156 0
0.4039672827493887 0.4861432863742476 0
0.4160207833292439 0.4914550907205015 0
0.4419028150989032 0.4672401171834401 0
0.4501564455806522 0.4605375103162152 0
0.439219340862866 0.4797986357351854 0
0.4441078951486913 0.5008662085159842 0
0.4383885332390289 0.4910923781888446 0
0.4481583870223681 0.4861336533745039 0
0.4544266712278262 0.4957801108680656 0
0.4274122532361597 0.5040756962401659 0
0.4582835312345458 0.5166155030766724 0
0.4534167714857745 0.5067417240903271 0
0.4657389619038717 0.5023496466596798 0
0.4389159820557287 0.5200254211901577 0
0.4441234936759316 0.5111535144444287 0
0.4889453596098776 0.5088318691540241 0
0.4782563219582001 0.502318054999189 0
0.4898676495823761 0.4952912552331179 0
0.4752700614165423 0.5192456029960884 0
0.4720168499154482 0.5099445067136722 0
0.5413867226100175 0.4389074768279909 0
0.5168964117595188 0.4694983349656313 0
0.4981534282498082 0.4800941648250814 0
0.4967888169110493 0.4632890719697939 0
0.3237167887286019 0.4882323332863205 0
0.3359829422894428 0.5073258003988502 0
0.3185926419809019 0.5050110080951001 0
0.3325425387161342 0.496049221610552 0
0.3180084010005391 0.4956607976391065 0
0.3089711213623392 0.5009188435295466 0
0.3092359118239181 0.5136534359932715 0
0.3542530038651927 0.4955886245609897 0
0.2961573331034713 0.519213143871738 0
0.3252352059449263 0.5215888331985119 0
0.3434627273998563 0.4988806607720836 0
0.3187500348150654 0.5145676584778285 0
0.3127954107828193 0.5265733311376689 0
0.3546937376725999 0.5163628261648029 0
0.3466127945894247 0.5092056066962155 0
0.3408330382456799 0.5238718605852641 0
0.5528008789401175 0.7686515687728254 0
0.5716701842379975 0.7630211517888255 0
0.5665030670065485 0.7792421746293245 0
0.5614237263328077 0.7631157445136215 0
0.5646801580658906 0.7480651706053888 0
0.9269112085942378 0.3067867958450335 0
0.9395672361247672 0.2995770811172088 0
0.9114179792520485 0.2980408961574214 0
1.026565819466539 0.3405206817965299 0
1.003975296269094 0.334116054661384 0
1.01436733962114 0.3405042168854581 0
1.001146623581909 0.3540570067291596 0
1.000636272825334 0.3139183600774864 0
1.010062896901446 0.3495300270009596 0
1.01316047781622 0.3600955065423548 0
1.001624301551823 0.3439536634204375 0
0.9834750220534966 0.3481585438094444 0
0.9902268218279541 0.3360301651742097 0
1.036767066462047 0.2717117647438383 0
1.014037173122446 0.3293945293479894 0
1.036767066462047 0.3022935056561458 0
1.00515418241707 0.3235463186140332 0
0.9925171217772045 0.3236022547861579 0
0.9812326720313883 0.3279476707787973 0
0.9693407151275211 0.3257561399869757 0
1.019725927355631 0.311083339450701 0
0.9794098234440125 0.3043672924244974 0
1.025757559341903 0.3288137849956281 0
0.9730318606325689 0.3390873603123143 0
0.9886761003112664 0.312136305182521 0
0.977213258279553 0.3163977404349976 0
1.019498377756258 0.3210519066146736 0
1.036767066462047 0.3175843761122994 0
0.9978152782879971 0.2918252461723532 0
0.958206311631071 0.3083990737468258 0
0.9961100744886819 0.3032696363923578 0
0.9664680569240347 0.315349081167294 0
0.9561830498632745 0.3237880484723601 0
0.9684666663672079 0.3045877226751391 0
0.9565800149727564 0.2883046197509845 0
0.9736133941176217 0.2883504415544119 0
0.9602270015758768 0.2981224968140374 0
0.950081210172352 0.3014644765615446 0
0.9466531538538528 0.3137083400540798 0
1.010439539319394 0.2995554816786637 0
1.006701310359595 0.3788368644333362 0
0.986183768496193 0.3735750220058154 0
0.9820585388150026 0.361162085329973 0
0.9702850983869472 0.3603671820241287 0
0.9908318120337789 0.3555388430890834 0
0.9625582673995322 0.3485526316721754 0
0.991805615454506 0.3654068040823795 0
0.6879734034408161 0.464401276840419 0
0.6733363336139599 0.4598322403398781 0
0.6509997359733445 0.4528294527828883 0
0.6631556091466323 0.4531808079827191 0
0.6622296991175476 0.4657150685677592 0
0.6577005284021926 0.4314561206435937 0
0.6634918121577479 0.441549156692041 0
0.6717241170006717 0.4301175334559721 0
0.7475431627859395 0.3346058827609389 0
0.7867181541357414 0.3538674859128265 0
0.7809748010319718 0.3363437772229943 0
0.8130093787104155 0.3492490073073913 0
0.4921817655246256 0.8771211892723124 0
0.5028322660816215 0.8806049402383376 0
0.4832645467380292 0.8832058899808833 0
0.5103063667109899 0.8718252478381358 0
0.5090402803097449 0.9002889970942737 0
0.5228914283563477 0.8662491248970436 0
0.5031603115439377 0.8913224594026354 0
0.5174993700541226 0.8855197845899287 0
0.4950977561643173 0.9030208420831428 0
0.1445110144710537 -0.002331447648261761 0
0.1505665371322119 -0.01017431509815285 0
-0.0007377371415463744 0.435122055712399 0
-0.02916330500526511 0.439911339761529 0
0.1999160971379974 0.4840708451526112 0
0.1762298872731226 0.5196205732183004 0
0.1799485454263045 0.5374297789508904 0
0.1711810437591086 0.5299676397583476 0
0.1694481960773763 0.5029637993124568 0
0.2140239004942649 0.5411634281119406 0
0.205703330273299 0.5375983340951269 0
0.1927846386785937 0.5438244617832015 0
0.04477807874518234 0.462167148688837 0
0.1377717721852659 0.5654874016650873 0
0.1037793861476127 0.5184317395401462 0
0.1212545861934606 0.5382705817973559 0
0.1436212095390717 0.8523273112108222 0
0.1535142231424521 0.8492232818602046 0
0.1458306561035549 0.8420518693054929 0
0.04850907060675094 0.4772159955089877 0
0.03176945458753529 0.4917297294258228 0
0.03809245034336618 0.4821121432074285 0
0.0433945377947201 0.4924852445433334 0
0.02612952437804574 0.4811345164002151 0
0.05551170630452115 0.5058691748132106 0
0.01880067341347757 0.49183443188043 0
0.03635165858464658 0.5110386462913565 0
0.005137047828259479 0.488067895500831 0
0.03702481991467207 0.5006807377703582 0
0.0198206424504495 0.5047634655221301 0
0.1289404342433223 0.8291802581375726 0
0.1174058068063704 0.822118774454126 0
0.09336720942235334 0.8146599876215515 0
0.03539730815199529 -0.00690813704047314 0
0.02779319875786036 -0.01494159726733572 0
0.01229943578248796 -0.01122739642525009 0
0.02080218115726517 -0.03410564437923545 0
0.03272129618761326 -0.02447519673899944 0
-0.0001703502753837953 0.007995374869217989 0
0.001683073885696721 -0.003493621723442073 0
-0.003251540736193122 0.02130902989485638 0
-0.02916330500526511 -0.01881477392308176 0
-0.01250814295108835 -0.03410564437923545 0
0.1467014761216872 0.03270401286250967 0
0.1547961382730068 0.04356396313809655 0
0.1558858572569732 0.02056012974650771 0
0.1662734652722658 0.02531159112676586 0
0.1649851508088886 0.03622547276604296 0
0.142006433105724 0.06847401808416249 0
0.09324334634378524 0.005013745544830354 0
0.625057559432598 0.6811144175697582 0
0.6266661514178687 0.6914971295823125 0
0.6160088296717255 0.6958409907700495 0
0.6162436141646581 0.6715735865457961 0
0.6100267245811286 0.7161769137160022 0
0.5950162000620609 0.6929007789664364 0
0.6051296900121973 0.6765823670348218 0
0.6158856687741689 0.7068525839420067 0
0.6261431137953805 0.7151540429693456 0
0.6021921955351145 0.7047511868876611 0
0.6059271608555009 0.6914103805782875 0
0.586689000696627 0.6764467470611873 0
0.5959330927276267 0.6732855494042576 0
0.5975713264063379 0.6831911712220978 0
0.5879317138755474 0.6649841771777838 0
0.566990383020756 0.6685124744760764 0
0.5767734513768425 0.6626672644685124 0
0.5657140372665672 0.6552667517552104 0
0.5102558822466173 0.6675764940040992 0
0.5695662857582937 0.623694723336454 0
0.5981496263332273 0.5149217176364554 0
0.6416512918057685 0.5022818708203964 0
0.6504983594220471 0.4989639046650087 0
0.6515941548301003 0.4895513179676331 0
0.6405386768028972 0.4760450534740377 0
0.6537579194502795 0.4765023480034755 0
0.6560385911292026 0.2428772050007232 0
0.6775077854606618 0.2328122661365364 0
0.6729704614812719 0.2510639378070149 0
0.6653537713262335 0.2348170233142817 0
0.6630135445595723 0.2500542325190211 0
0.6666059720663312 0.2642270288936175 0
0.6636364402696168 0.222693110296542 0
0.6726651652159022 0.2412982218159462 0
0.6901297337677911 0.2456398737539633 0
0.6544489465184371 0.2205031258239925 0
0.6692738749413627 0.2129490751975796 0
0.6877193397825416 0.2169410577351879 0
0.6791202887568726 0.2120632669761 0
0.691225103833809 0.2007422274697973 0
0.6788928461755762 0.2224827485586254 0
0.6892157968781943 0.2291245472922943 0
0.7100655342996558 0.2203799969053877 0
0.6984074575813751 0.2218119193070086 0
0.702700369853638 0.2085895012273217 0
0.7063012136894324 0.2379059737126466 0
0.6987220915676416 0.2316404770100481 0
0.6252169539977673 0.2569071942423202 0
0.640730610653823 0.2628572548875961 0
0.6212899273324671 0.06529421300004129 0
0.6718089375533514 0.05424456413179431 0
0.6451777523184646 0.03374229835979039 0
0.4112588107900774 0.4578286117817933 0
0.3815647803710112 0.4812594835816176 0
0.3785688413173405 0.5033283253033071 0
0.3661913071718839 0.4851502851657986 0
0.383179088905869 0.4927164094161486 0
0.3905319553103299 0.5022181908563677 0
0.3722967183612078 0.4942960627444526 0
0.3646830242525145 0.5062769669253755 0
0.4061618082934015 0.5178839913577213 0
0.4005561652719314 0.5078468771677649 0
0.4113409391278399 0.5025307922456083 0
0.3860841554390588 0.5225132808385314 0
0.3853810191896952 0.5117242569883617 0
0.3726714667534634 0.517969980983345 0
0.3954505482804394 0.5172822299932426 0
0.3997704895537115 0.5360182113129346 0
0.424718366276517 0.4950558989926563 0
0.5120082821431104 0.5036010339571104 0
0.5341564639016011 0.4446712487009223 0
0.5547071099596459 0.4257019271395106 0
0.3470706514957204 0.4863573192016179 0
0.3562705495799266 0.4800442256392322 0
0.285667100745976 0.5204053402759679 0
0.2910291904302804 0.5106467592241106 0
0.3007589076088278 0.5312967547155875 0
0.3151504861655924 0.5502724425872584 0
0.2933980950946865 0.5518246452433254 0
0.3106307601719676 0.5387550134661102 0
0.2938924490995161 0.5404182575420654 0
0.3232778953000877 0.5347192064073703 0
0.3040553898679381 0.5479808935885049 0
0.2797192531668675 0.5455178963137519 0
0.305540653803359 0.5687952130592961 0
0.301862663891858 0.5585975139933969 0
0.2856239516063479 0.570216425005584 0
0.2921047404740268 0.562116890634741 0
0.2794533879596687 0.5586365419431346 0
0.2620107316139938 0.5753651905687128 0
0.2730912323603511 0.5694607324041748 0
0.2780179574712521 0.5920556325718309 0
0.2607903959819003 0.5597258230243337 0
0.2723681289931777 0.581452978285264 0
0.2841888670994907 0.5819607074769978 0
0.256397462098251 0.5967698927223035 0
0.2961500723343488 0.577462477894408 0
0.2622227140436399 0.5868591579790037 0
0.2964388956865849 0.5963825716455495 0
0.2417410894098374 0.5814879606427902 0
0.2879405026950786 0.5911876034171391 0
0.2842978774796042 0.6066952343064738 0
0.3133364592109805 0.5866623717035681 0
0.2527393796154895 0.5812851199528417 0
0.2469862839388839 0.5676170046635765 0
0.3063391608644889 0.5790811218588063 0
0.3207637621679582 0.5727873743702866 0
0.5526404620996497 0.7454115341448249 0
0.5419852037950089 0.7342074092490621 0
0.8997092201303566 0.3048129700971285 0
0.9174066189388178 0.2734622951187675 0
1.003677812631423 0.3639913865178592 0
1.029923116980741 0.3099389408842226 0
1.023482486472715 0.2985529003799975 0
1.015327934654053 0.2778088783190267 0
1.016221412010053 0.2894324523399011 0
1.006202930960754 0.2843564231136755 0
1.036767066462047 0.287002635199992 0
0.9887689417387053 0.2732218403258032 0
1.00296456869905 0.2702109551369899 0
0.9959156718939046 0.2812477755791609 0
0.9859425773987919 0.2884981524719433 0
1.009752284058828 0.3096134104897525 0
0.9730499806107875 0.3501249355905034 0
0.9498085553992954 0.3521937178080639 0
0.9605966385764856 0.3358547325459095 0
0.6630976493925639 0.4138708469672699 0
0.6810341394124041 0.427856387222244 0
0.6917161054523576 0.4235519013055949 0
0.7505954756049095 0.3468268466917036 0
0.7405490698801146 0.3502663312131601 0
0.7274721809116963 0.3357219130132254 0
0.7641827323341636 0.3369416326411021 0
0.7603197020506517 0.3459123556277308 0
0.7710182773995198 0.3452023218452294 0
0.8063420419362477 0.3570756486004022 0
0.8039172008246993 0.3476719930795333 0
0.8102096966158477 0.3383916996430352 0
0.8021358305699802 0.3193832285385683 0
0.830856548985604 0.3388572894597787 0
0.8034920770235496 0.3300260882417424 0
0.7914803629409156 0.3305008464880992 0
0.8210673813094165 0.3223785780865563 0
0.820467462582094 0.3415362352981021 0
0.8284916790279022 0.3511703772261022 0
0.77586967766177 0.3147988487225835 0
0.8407089456532169 0.3471331995282763 0
0.7814606320798558 0.3248513584021011 0
0.849112352328787 0.3271264693517165 0
0.8531338236872039 0.3540940860065206 0
0.7688819257010261 0.3252662908970249 0
0.789585639528669 0.3137514031738827 0
0.8418052700321086 0.3358254852513462 0
0.7570539758548519 0.3272890315265516 0
0.8332673942182464 0.3262781484282928 0
0.8555476305770454 0.3399504799875654 0
0.7605498634123039 0.312137926405012 0
0.8340802502192798 0.3027011059437686 0
0.7403872978918309 0.3154645844788286 0
0.8303488488010564 0.3143749934444309 0
0.7469047576765665 0.3239363081357829 0
0.7372133131846538 0.3298700741749926 0
0.8141233948125695 0.3049424049049317 0
0.8452077947627308 0.3126911661054054 0
0.7369055241396064 0.340391318142226 0
0.7243447543895087 0.3194823144993956 0
0.8243491482101681 0.3060239797611789 0
0.8211536053613279 0.2873557525009389 0
0.5480876431591282 0.8690706242848834 0
0.519553122828494 0.8757047415564587 0
0.5345896113707564 0.8756962712169458 0
0.5270751416600978 0.8824010802198458 0
0.5278158583595052 0.9009356338285953 0
0.5704225289450982 0.9445100648146008 0
0.4897759014147678 0.8953382583523234 0
0.5061268080408947 0.9223646716236718 0
0.1597896400098913 -0.01346726382678972 0
0.1677157440646849 -0.02248001779353137 0
-0.005143451911093454 0.4274557632556904 0
0.009786530045637129 0.4276160565722102 0
0.01890859029031535 0.4262846969981648 0
0.01554832854954976 0.4351776669404205 0
-0.00856387254097268 0.4542031047978335 0
-0.02277992726541088 0.4322659045334521 0
-0.01266520676165885 0.4406888760801517 0
0.1908311403026751 0.5316654002673903 0
0.1951619827751211 0.5231828311603695 0
0.1984520696650942 0.5142251557556945 0
0.208275479973219 0.5085521563758792 0
0.1965837817699712 0.561760102477194 0
0.1402862502082454 0.5527714842581973 0
0.1615708248647529 0.5635869188363728 0
0.1228407277655577 0.5559283304020833 0
0.1494032812412287 0.5611808776475226 0
0.1306714538347872 0.549420297663855 0
0.1575284591167281 0.5520603437454764 0
0.1512218057710917 0.5839535964699416 0
0.1739724075955704 0.5527655725689715 0
0.1471010005493559 0.5728236961004126 0
0.1294311601706494 0.5856936971515934 0
0.136451076997765 0.5767667916471286 0
0.1211073228124365 0.571924414733599 0
0.08191278468861288 0.516026161165106 0
0.1071047690982361 0.5098277678446695 0
0.1056372123648002 0.5344112634694443 0
-0.02916330500526511 0.5163656920422974 0
0.1185724971580655 0.8315404273717822 0
0.1176248858768434 0.7972091200343514 0
0.070100627578826 0.7799371004688932 0
0.08347858301052875 0.8514228954355806 0
-0.00890761402618994 -0.02266866437218139 0
0.002289510406666896 -0.01804830134998412 0
0.0135302712940015 -0.02378910892183439 0
0.1547075873986584 0.05349731348429887 0
0.1463535643838233 0.04832188151266906 0
0.5890747579335253 0.7345688334721058 0
0.6324924804640029 0.7372970146180142 0
0.5727905341777951 0.643476400646159 0
0.5419674642609211 0.6613369384967387 0
0.5040270354169627 0.6801455290657916 0
0.481268120732092 0.6446317970628974 0
0.5804466344525984 0.6287121301899981 0
0.5822740232081273 0.6104435685290506 0
0.5845134079707494 0.6198932491963244 0
0.6055481602641433 0.5220918551777104 0
0.5934701510429872 0.5271524237495336 0
0.5965201799965791 0.5365271351387403 0
0.5842559826366338 0.5353337343374296 0
0.570607808945152 0.5534675270931955 0
0.5743598601162092 0.5149089003385284 0
0.5799892300670091 0.5463253765673085 0
0.5862534149057489 0.5173807582517564 0
0.5879595821090901 0.566527123460388 0
0.562637456903071 0.5332657802001159 0
0.57834397130044 0.5255883648574838 0
0.5878423199752532 0.4950625368482637 0
0.5811254367376819 0.5575502760101995 0
0.5731550846956009 0.5373485291171199 0
0.5901953144939562 0.5064457243027592 0
0.5686290353048343 0.5741537541676868 0
0.578172436996062 0.5029961628139406 0
0.6020377210168181 0.4980630206063988 0
0.5725357157244968 0.564089698945666 0
0.5527415819407548 0.5621962598944971 0
0.5629056727614039 0.5603514940715407 0
0.5552117970850226 0.5468834976178057 0
0.5551481512491133 0.5021938845301323 0
0.5689432482693846 0.4818873149048484 0
0.5665471521129817 0.5058420440784566 0
0.5765347367118774 0.4911401842982852 0
0.5604817757445838 0.5189678900690134 0
0.5642102911040499 0.493511096613903 0
0.589141777369381 0.4730561348296509 0
0.5493826102346526 0.4871060195896707 0
0.5853885762253687 0.4838760787024546 0
0.5592179367548772 0.4847028452009077 0
0.5521824893837816 0.4772371054096741 0
0.5544024016011538 0.4629919518812156 0
0.6004656909195467 0.4830450755007629 0
0.6475303058075926 0.4652308128333023 0
0.624863825934907 0.4582437036839021 0
0.6380027969384693 0.455879389715912 0
0.6871397885188464 0.2660351460805485 0
0.6935096345659387 0.2097154227628129 0
0.7027786039890679 0.1961611753710892 0
0.7165205504985603 0.2081520993200016 0
0.6065524973143492 0.2661042565779656 0
0.653317216370335 0.270174033138751 0
0.6352374127393258 0.2539802368163792 0
0.6589613667764598 0.05524073040094387 0
0.6597283615377642 0.03958111097781351 0
0.6664535335398013 0.06852157730623527 0
0.6648375292586802 0.04767994672664493 0
0.6766399469841994 0.03457338393077562 0
0.6744434702458283 0.04446276471450526 0
0.6930728525966441 0.04341182164563138 0
0.684232462198387 0.05234491371492717 0
0.6798736134360963 0.06541260917791301 0
0.7167943516707441 0.1719584582409402 0
0.6959407127138234 0.05509079241971598 0
0.709649364578155 0.1394430387751422 0
0.7265716545183739 0.1666107178801153 0
0.7179844778784603 0.1608779538503102 0
0.7298640213202269 0.184241988270211 0
0.7160544699436544 0.1831881420078058 0
0.7207757630342708 0.01434573614200603 0
0.7075771126580775 0.1877922962637487 0
0.7040350607003721 0.04691156587571461 0
0.7051507630342708 0.01434573614200603 0
0.7144873989957916 0.06535022516918809 0
0.7011371359581363 0.03707043128555328 0
0.6894326201511879 0.03048424422118893 0
0.7186234111135847 0.03726848156891156 0
0.7066609014969246 0.0576049458410169 0
0.7162766592453026 0.04957463580343535 0
0.6980953601896418 0.09932806945931194 0
0.6993021844303 0.06486986790794864 0
0.739265451782729 0.04758170235863689 0
0.7274900002997512 0.04533615413610453 0
0.7364007630342708 0.01434573614200603 0
0.7305045877683412 0.06152540510897822 0
0.7287798623585621 0.03501241472892641 0
0.7214426326055086 0.02597077369262693 0
0.7099715677352753 0.0291088999665592 0
0.6403208558639789 0.02436714469284397 0
0.6501284798294307 0.01434573614200603 0
0.656694693696904 0.02629150914997179 0
0.6435622659619573 0.002646514715320897 0
0.656694693696904 0.002968172373378517 0
0.7036638253785122 -0.03410564437923545 0
0.6763933352993241 -0.0008167708363136135 0
0.6637396868042779 -0.008652831218180439 0
0.6671998480362543 0.004488969899120704 0
0.6703535012701587 -0.03410564437923545 0
0.6763933352993241 0.01434573614200603 0
0.6503520005312953 -0.006318412957849873 0
0.6829595491667975 0.02237736227390975 0
0.6721524279044453 0.02451276770496646 0
0.6389178469220201 -0.007924634079018179 0
0.3552167998915685 0.5050812641327619 0
0.3634272238369857 0.4970692744135143 0
0.3713237937968125 0.5440186278402929 0
0.4996933789576222 0.5027622306512478 0
0.5006470897326303 0.4913110994513223 0
0.5044507134038675 0.5237374729726219 0
0.4989305050167725 0.5139623757372691 0
0.4891794303485215 0.5259152570900069 0
0.5568448584422179 0.4411791525125492 0
0.5455092760854354 0.4297449940422151 0
0.5435649979945134 0.4196336796331415 0
0.3320697935193595 0.5293187196366367 0
0.3461071943751793 0.5421301055258996 0
0.3336262511188567 0.541709377269477 0
0.3391827507354535 0.5622098353833788 0
0.3239044118152583 0.5449467192967735 0
0.3320340722819943 0.5531441791274977 0
0.3426082609577297 0.5521573105538229 0
0.3580528368208288 0.5519225347360762 0
0.3504582733336258 0.560442192900956 0
0.3278474505164498 0.563796874704374 0
0.3693585587160912 0.5696454297964019 0
0.3354892895692101 0.5771038401829838 0
0.3162600954771662 0.5619530006076098 0
0.3612063107058516 0.5623783817671266 0
0.3732656141304349 0.5570562943318977 0
0.353671003414828 0.5790377268990439 0
0.3462957975679431 0.570736636219912 0
0.2730349042515197 0.5323701429504921 0
0.2352485413250924 0.5711056610650324 0
0.2200898623437581 0.5878063075322661 0
0.2252418209050238 0.5651716415524068 0
0.2300244253786215 0.581593750504634 0
0.2140731727085515 0.5745331659510159 0
0.2360638891307916 0.6016019433348607 0
0.2299539831966894 0.5925306145299784 0
0.2176462317563522 0.6074136801612273 0
0.2213120082628845 0.597914580212657 0
0.2027817563738313 0.5950269714380718 0
0.2478996525008104 0.5538078175865256 0
0.5340651841420058 0.7404250911546161 0
0.5344787534406709 0.7265761815130393 0
0.5492519916368204 0.7195519694064366 0
0.5517291800531448 0.7356094721777295 0
0.8946600458728259 0.3147205869183057 0
0.8785407512205174 0.3111616189111575 0
0.8883008567687145 0.3052393795303135 0
0.872922307319266 0.29089852456901 0
0.8785891501989096 0.3002377256842627 0
0.8615850958010198 0.3056244420099584 0
0.8862174561720826 0.2892201554483437 0
0.934804115316437 0.2811590169566155 0
0.9178785182003775 0.2865961488843212 0
1.026546877533982 0.288662634168927 0
0.9905292863811836 0.2465514672272794 0
1.036767066462047 0.241130023831531 0
0.9395384865128157 0.3506946641678113 0
0.946405602193119 0.3395776418905873 0
0.6713694928815171 0.4198922958811265 0
0.6727049749180921 0.4093653412960016 0
0.6639862193014893 0.4032697367542696 0
0.6447490904295383 0.4069951025388313 0
0.660879619892178 0.3839230440763233 0
0.6548930278936632 0.4078453528812518 0
0.6651613041648698 0.3931582794663849 0
0.6521783593854203 0.4201404481892794 0
0.6551960326836361 0.3971241921574669 0
0.6726068014855516 0.3840961969415772 0
0.6367197410147425 0.4346896940202206 0
0.6670501629519014 0.3632205626793232 0
0.6467080675585561 0.4298152839847284 0
0.6821318959240199 0.3703834794250814 0
0.6668844773018537 0.3744420097092519 0
0.6506593632711543 0.4409856870035702 0
0.635389412894856 0.4192927493037619 0
0.647074790163063 0.3685375712438576 0
0.6578123124264382 0.3686961117022641 0
0.652724599791519 0.3495821766217599 0
0.657964015829506 0.3584216449557761 0
0.6710142466543736 0.3447138715322826 0
0.6943176969242778 0.4339392901455635 0
0.8591747795568848 0.3619739404367892 0
0.8490788396456127 0.3623800527991991 0
0.8601462771580313 0.3296161468730865 0
0.8571060318163339 0.3173948222939006 0
0.8690286681472572 0.3374175561294983 0
0.8679729987528573 0.3147926894709371 0
0.8724033931685033 0.3464589930831922 0
0.8605126330418398 0.3480756062434879 0
0.8006306619136422 0.3059378148465454 0
0.8414712053956663 0.3214475809120373 0
0.7333669801654895 0.3214701960113506 0
0.7308506570055664 0.3114226757567989 0
0.7133101895904773 0.3039193245497916 0
0.7427841665860296 0.2965377966653018 0
0.5367388354391674 0.863012568662301 0
0.5492738253534718 0.8429047134440801 0
0.5478013608504506 0.8559478041304565 0
0.5387353918587268 0.8483196657466165 0
0.5716593947383716 0.8520365321476362 0
0.527779559728597 0.8393307887730457 0
0.5610796801457922 0.8622226623019937 0
0.5393013472474533 0.8364588297378148 0
0.5570006821797088 0.8702322441139455 0
0.5520843816630369 0.8276192872841326 0
0.5454343621953223 0.8807274420587737 0
0.5611918197411491 0.8781837214075524 0
0.5038680165263998 0.9108364716860289 0
0.4878738154637438 0.9199557038874319 0
0.5180615402523345 0.9112547597068447 0
0.4943360700570185 0.9127041249118681 0
0.4838966611736745 0.9099062443340984 0
0.4713240461128002 0.9206936828159357 0
0.471529554937354 0.9073340646568068 0
0.4717775353698849 0.8975851858146345 0
-0.0008581906012684051 0.4462181295557373 0
0.005332285182126101 0.4599026452888105 0
-0.01909078355065486 0.4500183835731829 0
-0.02916330500526511 0.4857839511299901 0
0.1984951345468026 0.5519850488086407 0
0.1863070067972986 0.5546762524484261 0
0.1797314998280852 0.5752119106565462 0
0.1812184537661776 0.5467569481517714 0
0.1721851725661 0.5432368086102616 0
0.1786194248072429 0.5635352587766238 0
0.1881814701373685 0.5685158597080125 0
0.200317911099914 0.5750073023861733 0
0.1900691129806945 0.5795776145865981 0
0.1987897084126844 0.5853568289278992 0
0.2094352280578923 0.5866211977350506 0
0.1849883354795682 0.5967134138084963 0
0.09328626255434623 0.5132277595748699 0
0.09258065457863349 0.5278314969673897 0
0.08448525499677026 0.5019697115338443 0
0.1089621808172522 0.5259269327852334 0
0.01433454945350129 0.4813693040714579 0
0.001901829484856996 0.4739621676609263 0
0.1210282525445105 0.8096948430652975 0
0.1040852073110103 0.8114948232360624 0
0.1335138040652495 0.7995848156603726 0
0.112926196830098 0.814072590595045 0
0.1069906147643041 0.8226472247274573 0
0.1109405224533939 0.8044329837944251 0
0.09756148726115266 0.829993235437418 0
0.09499417167643709 0.7958113209189397 0
0.106488715543173 0.7936091423051206 0
0.1306924642636995 0.808865190306757 0
0.07510498319665319 0.8350583053738425 0
0.08765459567374556 0.8242651835324968 0
0.09683758843460066 0.7743335762947985 0
0.08199553665052386 0.7929262702354082 0
0.08220090237133511 0.8142046512944214 0
0.09894479812250863 0.7853324180972185 0
0.118438568111021 0.7756677732634114 0
0.06934479154906874 0.7994741450590946 0
0.08704754122841456 0.8356927188945297 0
0.1149938393775363 0.7863236963870165 0
0.1074527522587013 0.7780011488908501 0
0.06457328843043161 0.8166138596459698 0
0.08818019537774782 0.8047177089267307 0
0.08891779785740175 0.7815521623685381 0
0.08008113140264905 0.7639032654424482 0
0.08698841603983913 0.7714815151474225 0
0.09696891986366254 0.7554476801209772 0
0.1297903241233712 0.7852221915678618 0
0.07797765580636552 0.8049151420503654 0
0.1100266264028981 0.7630912955026511 0
0.5749383960763426 0.7378121518507351 0
0.5775966936836847 0.7115470432847009 0
0.5938454193237579 0.7188734044548246 0
0.6326276286440041 0.7252764541062725 0
0.6439672491305508 0.725661253604385 0
0.6171452833647156 0.7311134247839974 0
0.649645719607097 0.7169098958056218 0
0.6448365941224833 0.7379944527534822 0
0.6551598249358611 0.7408211305392409 0
0.6495695708350652 0.7792421746293245 0
0.6449872896004601 0.7577080320459102 0
0.6476920669411207 0.747829990435682 0
0.6582218176376414 0.7560225449457717 0
0.6351443815804446 0.74970354684969 0
0.6421962656822672 0.7695565444533696 0
0.6198727347312522 0.7464811787699015 0
0.6353740547586304 0.7594751507553209 0
0.6325327125983462 0.7792421746293245 0
0.6243868318246676 0.7568392626372414 0
0.6666064290717841 0.7792421746293245 0
0.6037677580285231 0.7596624695624611 0
0.5991649252432676 0.7792421746293245 0
0.6274185100956086 0.7684193299965403 0
0.6136791496551856 0.7553430428512435 0
0.6130411409667178 0.7674101561645328 0
0.6026159722739645 0.743488479378223 0
0.6544840901224677 0.7678516116228988 0
0.6031341926677155 0.7698444035590184 0
0.5909994606840878 0.7702562667649165 0
0.6679970575123299 0.7656163615045445 0
0.5804862171620486 0.7689058365405119 0
0.5854082413446312 0.7519858642700464 0
0.5657325304994587 0.6344731949252826 0
0.5485421514200893 0.6222877686612339 0
0.5588558015528692 0.6259561932712047 0
0.5498476010027061 0.6349499912138986 0
0.5602020813248491 0.6058387244703829 0
0.5623660253961952 0.6160873191748403 0
0.571080888337287 0.6088944647592021 0
0.5460008928202537 0.64817134572548 0
0.5700962524486983 0.5915070801872148 0
0.5267482487073354 0.6309330819178629 0
0.5780462875564174 0.5997784469684351 0
0.5388644130665691 0.6296839298326036 0
0.5861041399590491 0.5840773547244879 0
0.5929658923966046 0.6000347157801786 0
0.5340293770498074 0.6421714555536199 0
0.5305919288388822 0.6088298889090135 0
0.5376691306497792 0.6180902749138569 0
0.5451640064019974 0.6050278047967138 0
0.5748529039886696 0.6527330331664019 0
0.5550365918065816 0.6629799757726996 0
0.4890881448479075 0.6695498023736774 0
0.5234017836175087 0.6819191537864033 0
0.4699519259762151 0.6519874332997173 0
0.6048481398261674 0.5075888841446594 0
0.6139777739632247 0.4920806463724829 0
0.5683707009108879 0.5250899335023267 0
0.539442877789661 0.5294513576485947 0
0.5627741400834851 0.4715921209804058 0
0.5722922998850368 0.4539520025341858 0
0.5760519272406517 0.4706317069620912 0
0.5647656397147224 0.46127874574871 0
0.5579659907458077 0.4523478346704969 0
0.5449695287182084 0.4613362748999146 0
0.5960960141920748 0.4910937292541236 0
0.6065998065297509 0.4646780456195492 0
0.633172943417022 0.4667290335294617 0
0.6284528008984029 0.4780309027742297 0
0.6772157946345363 0.2612367933520686 0
0.6861262373875734 0.2554697605405741 0
0.6758526084507468 0.2767177672020264 0
0.705553663114816 0.2576519117992417 0
0.6954642940853114 0.2599052570631395 0
0.7045035381306979 0.2766642524025416 0
0.7349697315518527 0.2257090111112408 0
0.6138231110268774 0.2573218984945511 0
0.6169331591706499 0.2672973261051881 0
0.6164363749068242 0.2865367955529958 0
0.6105867495448701 0.2767596033098134 0
0.6034390122294437 0.2561259836413816 0
0.587307029525614 0.2666344702592743 0
0.5920838852426261 0.2563309481053175 0
0.5971879573669741 0.2757411760769123 0
0.5772636125098812 0.255719133545424 0
0.5857290167057994 0.2451544806691459 0
0.6029990074336464 0.2879377870350716 0
0.5817296058640162 0.2362630051836478 0
0.5933910622497646 0.2311209970659225 0
0.5925223219675885 0.2205709426733593 0
0.5999715386335133 0.237730422980442 0
0.6401814259297234 0.2782863565266552 0
0.6562511151796921 0.06954832436209357 0
0.6728319125741528 0.08462873520315578 0
0.6953693462322138 0.1314198555409739 0
0.7296896594442355 0.1998230208555679 0
0.6993414876863937 0.02441139454086783 0
0.7129632630342708 0.01996330201724103 0
0.653698339215982 -0.03410564437923545 0
0.6651093376426757 0.0313617207934751 0
0.3756711639010551 0.5311843611909747 0
0.4846927717165871 0.5174334342054626 0
0.4704012891075104 0.5472379040318467 0
0.3590569333983661 0.5385152792414405 0
0.3254133047402706 0.5842017009894848 0
0.3424880517612204 0.597739912770465 0
0.3359464891219457 0.588453637974752 0
0.3232525717692555 0.6044635387658251 0
0.3441153678560933 0.5824404666717683 0
0.3525742978173049 0.5910764627933741 0
0.3211185429908839 0.5939898350866006 0
0.3094225720671031 0.6018271593846644 0
0.331879111001613 0.5982660203809201 0
0.3380757696584607 0.6159939106135244 0
0.3687844858685614 0.5864838578003648 0
0.3584599774955241 0.6109507586082527 0
0.3524877258454464 0.6019107568285984 0
0.3628881822834965 0.5965763693028368 0
0.3477828301172101 0.6115118093909714 0
0.3536173949550479 0.6206703058420605 0
0.3649647791911274 0.6202577910234572 0
0.3430296048455788 0.6276941073811928 0
0.3837275727850482 0.6019826332158494 0
0.3433749393515111 0.6482501732027719 0
0.3198114660741612 0.6306257921874161 0
0.378986872788164 0.6158847365690975 0
0.374070300718252 0.5963406076511075 0
0.3465416827250993 0.6379160393955932 0
0.3534613264820314 0.6456887303712486 0
0.3318672764111772 0.6390715512010599 0
0.3509115276416789 0.6567878807424045 0
0.3310070919986647 0.6258855910824334 0
0.3889006916326293 0.5820419411759739 0
0.3686852941395937 0.6062315155704578 0
0.3470684789769176 0.6688269398960615 0
0.3208354657969045 0.6174530482567248 0
0.3835019783516796 0.5912827435024592 0
0.4025827282900978 0.596232771662717 0
0.3923442711903348 0.5964486373388931 0
0.3978461700339884 0.6144906644923342 0
0.3358516699220966 0.6779863041071937 0
0.3390740006765937 0.6596420732118221 0
0.387853802002479 0.5482201006164032 0
0.2638752238853991 0.5350282569980768 0
0.2556967801740484 0.540514758345894 0
0.2686608685517026 0.523848009202331 0
0.2809942172270505 0.5365966554862376 0
0.2236008783076807 0.5745570051406149 0
0.240608881060806 0.5482733382072568 0
0.2571346537200523 0.5506903814790253 0
0.848506302663509 0.2978247823209552 0
0.8918405473241481 0.2966339288651065 0
0.8765945963003882 0.2664907087775481 0
0.9333695716158662 0.2913549369481244 0
0.944701526544232 0.2877504397056965 0
0.9516231790991331 0.2669702466204638 0
0.9510928980615515 0.2783364753801194 0
0.9667865384700489 0.2733731635929405 0
0.9064991480656236 0.2804296050118125 0
0.8996017651085831 0.2576100132118917 0
0.9062686098473122 0.2680470995364694 0
0.8918868418471463 0.2745082589673083 0
0.921437262289943 0.2510100798109035 0
0.8972881052842193 0.2821696927613335 0
0.9162555969512057 0.2616677623959345 0
0.9337541266303336 0.2635869036042642 0
0.9245458947214175 0.2668121469418475 0
0.9250199300745652 0.2797641534612212 0
1.026749359939853 0.277228252563321 0
1.020515568751827 0.2672291449959748 0
1.010480164906297 0.261304228484793 0
0.9975071169630154 0.2579816602651884 0
1.036767066462047 0.2564208942876847 0
0.6294008153508908 0.4457665547920227 0
0.6439660026311737 0.416109723622251 0
0.6445292087878107 0.3847076538419166 0
0.7812568141233068 0.2902648312722726 0
0.8063589504099503 0.2916401131930197 0
0.5213787401242557 0.8465534792889093 0
0.5594557385300271 0.8499486543022728 0
0.5608010583425401 0.8371231407554144 0
0.5828777556202338 0.8121911037891268 0
0.5665437008236367 0.8121911037891268 0
0.5646163791958815 0.8248745554601764 0
0.5583766734253381 0.8174382376657062 0
0.5747107282219353 0.8199202889160198 0
0.5924959549285528 0.8305335829212706 0
0.5759020796775975 0.8351084578125991 0
0.5851000908161603 0.8227187584800963 0
0.5992118104168309 0.8121911037891268 0
0.5197327244758895 0.8300421550640775 0
0.5089546901080783 0.8310012654543544 0
0.5034352233012738 0.8396926301092362 0
0.5338755912304427 0.8121911037891268 0
0.566769281144601 0.8701636116549162 0
0.5781979925554557 0.8840609669653294 0
0.5183874057105616 0.901793014000299 0
0.1074354196048751 0.5506094316912854 0
0.4603962994693764 0.9138441933398812 0
0.01610014873993337 0.4556706792616182 0
0.02001903097787237 0.4466470339647738 0
-0.02916330500526511 0.4704930806738363 0
0.2062265285525069 0.5661918880969555 0
0.08744482260010325 0.5542670553076353 0
0.07472476405770279 0.5074470631231285 0
0.06369490045890716 0.5239892646823124 0
0.071635953576065 0.5173358317272408 0
0.07845554176787041 0.5298729607049039 0
0.08079789014246258 0.4916498449394253 0
0.01001030476410081 0.4684923280349267 0
-0.0048232414466679 0.4648730142515254 0
-0.01280861103540734 0.4778139138015199 0
0.1262563298172409 0.7938023363220518 0
0.1410517940279591 0.7603214505738588 0
0.1428156099013028 0.7895093779567973 0
0.1001939199889245 0.7649135113077062 0
0.09255142813010023 0.8504919065416762 0
0.0888964765869404 0.8595476753341128 0
0.07178453639245722 0.8650897160810022 0
0.072361483472456 0.7898077098726775 0
0.05371721456996663 0.7892931648896757 0
0.5889360529075761 0.7046805125290606 0
0.5794392717489762 0.7250006087649764 0
0.6013080292207641 0.713756352833028 0
0.6030692177015535 0.7243250256688432 0
0.623312135794973 0.7379448483461007 0
0.6121207845343838 0.7399310765429525 0
0.6751248581901437 0.7792421746293245 0
0.681097681024689 0.760491133166513 0
0.5753383250207047 0.7484705237161057 0
0.5834493675061801 0.7424790546305794 0
0.5929008456757964 0.7454867991717298 0
0.5948204007052257 0.7552683521756617 0
0.5918883815416831 0.6096236242260625 0
0.5856119601507248 0.593742970777743 0
0.5956869770522288 0.5894106584648838 0
0.5966948808686652 0.5763238310035637 0
0.6066491416982674 0.5978788380983008 0
0.6017732882794025 0.5630028385238696 0
0.6067234066645013 0.5836784210491728 0
0.6065560419377458 0.5733920229984822 0
0.5139469542167134 0.6472046359719468 0
0.5522969971949593 0.612592295191792 0
0.5311379213566072 0.581096573280108 0
0.5534819394014124 0.5906181709246279 0
0.5512058934431086 0.6869369992977135 0
0.5548775550722072 0.6529160683424591 0
0.499828024958088 0.6702366872193154 0
0.4954837327344709 0.6538565905956637 0
0.5132266884161495 0.6863601164710796 0
0.5149619583391092 0.676458925576759 0
0.5261841917855774 0.6648252805441863 0
0.5219265116260844 0.6924160496873564 0
0.5347896478796963 0.6888717637178388 0
0.4625705094791954 0.6282491236371007 0
0.4819719220133381 0.6580970056838602 0
0.5516566483260434 0.5276098974906313 0
0.5470416576751004 0.5384258503582965 0
0.5432854290989544 0.5135120808624706 0
0.540991699161149 0.5524451737489521 0
0.5345094761268505 0.5413327334926924 0
0.5180512966185932 0.5583801468330699 0
0.5215557572396263 0.5289891571106413 0
0.5286845130240869 0.5521774695882096 0
0.5304102865672543 0.532665747286856 0
0.5223426216689793 0.541784359952576 0
0.5307547389498953 0.5193354700887166 0
0.5345350281115644 0.5662447514536306 0
0.5100073330268698 0.5361211448605531 0
0.5788874971664941 0.4302483267141022 0
0.5848101436130685 0.4598940287579031 0
0.5996444381540723 0.4725629648306042 0
0.5957432833212933 0.4621115553931907 0
0.6124335279081426 0.476834191893886 0
0.5940004554476542 0.4426435125692529 0
0.5919735144685463 0.4526370019606618 0
0.5819034919276107 0.4498609138226234 0
0.6061574380563829 0.450311569561669 0
0.5725655806476164 0.4412586928963147 0
0.5663473602386956 0.4303681862314294 0
0.5687992252050234 0.4074001040947102 0
0.572513276667335 0.4194114932236538 0
0.561389667706873 0.4162711264430021 0
0.5919491303230607 0.4068218099985276 0
0.5567246532462202 0.4048447114473762 0
0.5859234482652798 0.4188167099627741 0
0.5437963573985352 0.3893821995455201 0
0.5477739712023725 0.3991924610902891 0
0.535758126665308 0.4017336933049544 0
0.5610364416382442 0.3881036326674282 0
0.5644976588287988 0.3979209005503302 0
0.5801703579355112 0.3868764833635684 0
0.5764356478678943 0.3982191676250774 0
0.5707686752734181 0.3900670609241967 0
0.5698135027626315 0.3718051823923865 0
0.5879593926281291 0.3957273035699402 0
0.5800859214543638 0.4090216936029183 0
0.5997549378637677 0.3774940836897401 0
0.6070313329113717 0.3951334061107079 0
0.5912858091710438 0.3849472163560643 0
0.597591822505311 0.3985279843852057 0
0.6075366371610597 0.4113603360716073 0
0.5835650362211411 0.3734494757835523 0
0.6009055342308693 0.3873399049932847 0
0.6177841610871775 0.3803773043935243 0
0.6638654116519622 0.275923725757422 0
0.6684513936194295 0.297570739539085 0
0.6526974296503842 0.2838616041149299 0
0.6692111920364021 0.2861004904563132 0
0.6891648801952934 0.2931825279881338 0
0.678189285464575 0.2924554958686432 0
0.6823882554458144 0.3122757135880933 0
0.6774936065963864 0.3029577682102186 0
0.6634227843742201 0.316293603040011 0
0.7232691619009712 0.2195323674073292 0
0.5629354401987872 0.2789810096298995 0
0.5670292487397665 0.2507761811124105 0
0.5664276478105637 0.26508837488317 0
0.556986164799729 0.2575227693728194 0
0.5550496303367485 0.2696135070141151 0
0.5439944009393138 0.2869230819220149 0
0.552224809943591 0.2799945073427906 0
0.5592028174218598 0.2966363495141346 0
0.5383486338050639 0.271863799452944 0
0.6122012625814726 0.3110580369057234 0
0.601857103371378 0.2222568065546935 0
0.6284696137246875 0.2828741145361003 0
0.6203016427132584 0.2775547485264037 0
0.6400966547943743 0.295313019781603 0
0.6261131297486202 0.296730330693346 0
0.6358856400862761 0.2704091272860137 0
0.6656956153593808 0.07813819730425822 0
0.6747968671905532 0.0740173205452712 0
0.6626421990904677 0.0886638266368103 0
0.6859837520300224 0.07481755314291877 0
0.6741874999999999 0.1052331190245322 0
0.6703007529391234 0.1142218877890781 0
0.7242940082846536 0.1919711481100971 0
0.6785266393687135 -0.01839619268687781 0
0.6556163872745161 -0.01568343053529186 0
0.6666891595744473 -0.02026892653059463 0
0.6581376583615431 -0.0252568920226531 0
0.6450347947667647 -0.02358893574012763 0
0.3874839518052965 0.5347822343041879 0
0.4767833144498265 0.5339283764657233 0
0.3500108531157174 0.5311115973438 0
0.3406620737503441 0.5340002454485855 0
0.3612793230847829 0.5265716336599595 0
0.3055948367451932 0.5927517950634074 0
0.2980953442781528 0.610635790670762 0
0.384913779830653 0.6271882159406399 0
0.3797295541193205 0.6353715561202564 0
0.388627036040061 0.618035586252549 0
0.3973242188716063 0.6268936217962681 0
0.4106865835152004 0.6212434862701678 0
0.3179157152133201 0.6461592115890266 0
0.3844649981951053 0.5674328862267666 0
0.3290784655377521 0.612267273136319 0
0.3416195323751853 0.6854195677135464 0
0.320810619575347 0.6847388127589263 0
0.3787086472525503 0.5495821731513135 0
0.3799160482453053 0.54029654231683 0
0.3845687743420871 0.5575459344891248 0
0.4020437242216049 0.5626733768381917 0
0.3945634215678341 0.5558250589403897 0
0.3979040413480046 0.5461154093141416 0
0.4167368120292871 0.5443755080919002 0
0.8603024626724626 0.2929098530158858 0
0.8456915688739749 0.2744559801367977 0
0.8642552061083392 0.2771143460835164 0
0.8503945419125986 0.2857434308889742 0
0.8378123972932214 0.2899651564899175 0
0.852227885552682 0.3064496391133975 0
0.8782005857731585 0.279212504497945 0
0.9823275416403593 0.259403402539833 0
1.00780217498668 0.2447724310898179 0
0.6404150062641419 0.4450876878884119 0
0.6523875042126881 0.3777112878171118 0
0.6528961021589261 0.3883099138761958 0
0.6450264947970504 0.3950705514810658 0
0.6298512012847078 0.3906053902019818 0
0.788733441549152 0.3008335372013584 0
0.7759391669175305 0.3019556493448842 0
0.7939012255702635 0.2892487369519418 0
0.7611696160232854 0.2881828269855515 0
0.804369338365172 0.2683603155994794 0
0.7708640670023378 0.2925924131958669 0
0.7648465096963412 0.3019111058305939 0
0.7725905405793307 0.2759353789252385 0
0.8020810901953774 0.2802808012071177 0
0.75291652578956 0.3029148970948818 0
0.7865750365454311 0.2772630837791893 0
0.814348470059073 0.2764557708867298 0
0.7503103461506735 0.3128422108298317 0
0.752190515002601 0.292830399431688 0
0.740915148245464 0.2780092372014336 0
0.7519298443574312 0.2813291950789913 0
0.8237099131722723 0.2547177956570014 0
0.8299457780437871 0.274292275645588 0
0.7523078657535137 0.2601431985183109 0
0.8159635742957287 0.2642665774180911 0
0.7491310810190078 0.2706828859945448 0
0.73203551503659 0.2597814792903325 0
0.7618758311653785 0.2687756986127292 0
0.7421206786187237 0.2628212652218377 0
0.7424391672209659 0.2435148329700494 0
0.8029093878596832 0.2457600646640908 0
0.8262449142005742 0.2646907407882063 0
0.8426566942035311 0.2552104107210443 0
0.8378011313476647 0.265750461587944 0
0.7631028282157012 0.2785367619710046 0
0.8120463785235748 0.253172342770889 0
0.7799253239511664 0.2533613148064108 0
0.8331249674747516 0.2572078093552042 0
0.834349994075956 0.2393119880311823 0
0.7730744047649706 0.2636139525073296 0
0.8196544058092182 0.2405396333123896 0
0.7645881616936203 0.2505281100001613 0
0.7856951129277703 0.2646319944238915 0
0.7928399287612852 0.2538621539446154 0
0.79425645880031 0.2703817765259828 0
0.7870516612592316 0.2363600447262773 0
0.793221312198634 0.244027825916376 0
0.8003793229081849 0.2319523433550522 0
0.8154262816628867 0.2952647511490759 0
0.8251514514708719 0.296279032183635 0
0.5691929916022204 0.8424226678467213 0
0.5792946126249606 0.8449544381193885 0
0.5880316026819313 0.8620306201463266 0
0.5420426186287413 0.8210115042710131 0
0.5301875424884852 0.8237971862935172 0
0.5212986604969833 0.8207899308634756 0
0.5105518740933757 0.820365350358458 0
0.5371122048367447 0.9445100648146008 0
-0.01885838931173748 0.4628476454457595 0
-0.02003504291745111 0.472029159033575 0
0.09374083675186026 0.5417735614170436 0
-0.003678678056582948 0.4826659551980512 0
-0.008846965057140133 0.5009947753806613 0
-0.01334239662962785 0.4898340951828514 0
-0.02916330500526511 0.5010748215861438 0
-0.01901471015424324 0.4986045589290634 0
-0.01672647402550774 0.5116920288202107 0
0.1319094098965706 0.7711836622463751 0
0.1170477945882933 0.7361217763003072 0
0.1474896673717137 0.7988282652948009 0
0.1538532284134602 0.7741951216019486 0
0.573336564240282 0.6917157341333556 0
0.5663179051769947 0.7199447284560041 0
0.5847228848092696 0.717424012902028 0
0.6712004425685484 0.7544986501324854 0
0.7226175631568909 0.7461512366786766 0
0.5927165406874277 0.5563383039358468 0
0.600483390942898 0.5500027667351659 0
0.6111837092958722 0.5611830368061804 0
0.62061364152621 0.5555730546608798 0
0.5231280931305002 0.6412563508438698 0
0.5276606041077722 0.6526512379183831 0
0.5098351200584519 0.6307983907507164 0
0.5347760406378513 0.5950402301757175 0
0.5529796010344182 0.5999337693060347 0
0.5444440656894092 0.5953806157698219 0
0.5615396988788796 0.5957240243877601 0
0.5399255188957368 0.5862502006433304 0
0.5620604324037993 0.5859911639470263 0
0.5403853406602369 0.5753973396546533 0
0.5523844616949611 0.5783176550658951 0
0.5470155596913785 0.6739821964030175 0
0.5446103583386376 0.7015869957974836 0
0.4696089339928516 0.6390773076318963 0
0.4569025471487083 0.6396349681331334 0
0.485285104826607 0.6211860306366521 0
0.4457762261819252 0.6456107181801586 0
0.4799701526846963 0.6323424150897042 0
0.4351830639535476 0.6398210894777938 0
0.4731619924326392 0.6222547507970932 0
0.4949578518664336 0.6326383970643872 0
0.4327633456668616 0.6177177418338587 0
0.4459821354368939 0.6326481125875857 0
0.4773290026091493 0.6002294568017986 0
0.4308560605200905 0.629110658582578 0
0.4581015246896624 0.6079986007039222 0
0.4783516342256823 0.611829760121366 0
0.4199502894470256 0.6272819961392119 0
0.463443866228293 0.6174380067682622 0
0.4520242950210187 0.621956331839427 0
0.4688109140885928 0.606825600953394 0
0.4613768144226651 0.5884273077851054 0
0.4676884999380258 0.596578053841914 0
0.478981681422056 0.5813138035767664 0
0.4984044560690375 0.6042167647151769 0
0.4210776639677434 0.6154274836680362 0
0.4416637664527523 0.6231545388846118 0
0.4440477120702965 0.6092481442574946 0
0.4894516746058179 0.6108512294808464 0
0.4099153985156311 0.6076751180295813 0
0.429778704727566 0.6019890977209761 0
0.501995830382739 0.6184209246646525 0
0.4776105255705288 0.6687442093306442 0
0.5497414225115381 0.5538566564545371 0
0.517583033973361 0.5159938655507443 0
0.5299646698678384 0.5012420307502009 0
0.5431104816623349 0.561846820476648 0
0.522051042118943 0.5712036743824916 0
0.5120343728287781 0.5479715784738347 0
0.4965913143970938 0.5638422086656607 0
0.49320105889382 0.5450944722214144 0
0.5065510133725531 0.5580847646410301 0
0.5030960456974577 0.543401915413379 0
0.4964638389781891 0.5343990614485825 0
0.5080014724149865 0.5720871618477145 0
0.4975401028771134 0.5539902266413074 0
0.4822598299282405 0.5574903474965134 0
0.4865504761239736 0.5372202387264173 0
0.482911740586901 0.5470391771757486 0
0.6176341069696969 0.4668605682472827 0
0.6144285009521144 0.4568296311710037 0
0.6171574761432991 0.4448599177182249 0
0.6062552836420704 0.4366855402714827 0
0.6240943952317864 0.4343040063566799 0
0.6195550085268466 0.4838143207376707 0
0.5839300206243581 0.439511086053667 0
0.5908586642004493 0.4297353031420088 0
0.598347132112343 0.4197758494785289 0
0.6108686899965311 0.4242239423177042 0
0.600404461870564 0.4291177456802273 0
0.5339308945541125 0.3917532009516499 0
0.5288279290025185 0.381182884345944 0
0.6892127720962138 0.2795297324029539 0
0.7267622166958718 0.2097698207462426 0
0.7458588702882949 0.2099859692106478 0
0.7222573672642538 0.2356196968993111 0
0.5806663419006133 0.2837535659332865 0
0.5768434543097131 0.2661839710008042 0
0.6108606888400052 0.2982001557412369 0
0.5887374994635544 0.3070055637478433 0
0.5985573036442026 0.2994829172564238 0
0.6000299922734804 0.3115758550613453 0
0.5870090240416937 0.2945787306551366 0
0.6070335761687613 0.3328932505950229 0
0.5736361116920733 0.3027724235738704 0
0.5913580143683519 0.2847598345914982 0
0.6065380889147965 0.3212468661708872 0
0.6274316592795717 0.3261916961699629 0
0.5865948668104586 0.3279290688535673 0
0.6162875250419412 0.3266658155421326 0
0.5909388787722538 0.3178024506147838 0
0.5760863992170231 0.317426221322708 0
0.5975300709650834 0.3274638382651892 0
0.59286902434095 0.3466544687089945 0
0.5924322028109695 0.3363870169790387 0
0.5748502595366497 0.3422780464174982 0
0.6227000750140066 0.3461842315671199 0
0.616741198021958 0.3373293591264363 0
0.6078371117716882 0.3497538006870002 0
0.6438806161410171 0.2868183164444775 0
0.6516527757735617 0.2953705545716537 0
0.6457895835160354 0.3124408851056076 0
0.6585624999999999 0.09932806945931194 0
0.6624687499999999 0.1065076586851652 0
0.6546562499999999 0.09172121581340716 0
0.6457562892355586 0.09195732315474209 0
0.6815233562340677 0.08941658550669535 0
0.6733893217974232 -0.01010046657111684 0
0.6849143826526221 -0.008701873407396444 0
0.6870086633243355 -0.03410564437923545 0
0.6875991256604645 0.002746090238520515 0
0.7016694344135683 -0.006592428355518503 0
0.6313606008687013 -0.02149271218064598 0
0.4595195970500051 0.5338351653287841 0
0.3095681594479217 0.6137016646610295 0
0.2985573970279728 0.6319059048475293 0
0.3014173406325112 0.6212037023189874 0
0.3115679270294829 0.624053245786378 0
0.309421464633127 0.6352013751701717 0
0.2854639485370082 0.6226737180896056 0
0.3011179848170099 0.6430198407515219 0
0.3979140853774729 0.6366630907621991 0
0.3230028262578917 0.6388976681543133 0
0.3272719174528396 0.6473010740464281 0
0.3213292478207144 0.6570917749659142 0
0.3289216520694733 0.6672728589215516 0
0.3262055502536189 0.6766278479030092 0
0.3781969660812871 0.5773139497730168 0
0.3299815680316163 0.6850388365352872 0
0.3257017851395657 0.6938238257692987 0
0.3951780451938945 0.5721580473930373 0
0.414959442552209 0.579249960872802 0
0.4017982589686943 0.5832979571246061 0
0.406097343208831 0.5728349431606442 0
0.4194638792153767 0.5616134966787937 0
0.9904184077184438 0.2640424163326842 0
0.9777546658865829 0.2699455603164417 0
0.9798778158966691 0.280091642293699 0
0.9685269810291764 0.2596799960681773 0
1.005535581556889 0.2536223999359374 0
0.6299734443463243 0.4054600573946508 0
0.8275065135946645 0.2459627220676701 0
0.7530600172118921 0.2484541584141658 0
0.744392605452129 0.2532029009679991 0
0.734808096341812 0.2500944850576977 0
0.7194207139051757 0.250930633310081 0
0.7323592371590847 0.2395392232824714 0
0.7561264647684339 0.227972014478923 0
0.7606888687441506 0.2391256824565569 0
0.7504753254310711 0.2367935699057013 0
0.7454904587395247 0.2273793815666452 0
0.77281215693563 0.2276566968101716 0
0.7739194767905936 0.2409691410484569 0
0.8094948453164226 0.2374177154287455 0
0.8146256810864172 0.218525722828488 0
0.8175027322529026 0.229449827630843 0
0.8349169160976814 0.2190225894654639 0
0.8246993218924157 0.2217135688966203 0
0.8251640539471339 0.2027346585859026 0
0.8321069499741881 0.2290966936845162 0
0.8513373708451859 0.2302280424459269 0
0.5495538120163463 0.9021034213350371 0
0.08054448723128094 0.5429565122147159 0
0.003458350797158498 0.5183093874019141 0
0.1220799228054754 0.7641307480110043 0
0.1171792270608784 0.7505546881709724 0
0.1513193656503732 0.7840036242833275 0
0.1413723045526639 0.7779601673302954 0
0.1638728888329373 0.7820150753302268 0
0.1454966865533487 0.7690629534393258 0
0.1587705133841591 0.7568126337555973 0
0.1762767710049424 0.7874794069192751 0
0.1670568276804006 0.7915980230642503 0
0.1898682042833608 0.7792421746293245 0
0.1852053055292797 0.7915980230642504 0
0.1672973055453259 0.7682040599569574 0
0.5840457888869413 0.6946973766323224 0
0.5809931406887259 0.684938545065391 0
0.5699474204943898 0.6801731956727037 0
0.5624165766605899 0.6886532503276882 0
0.5585400783644883 0.6768606812991104 0
0.5639739357490817 0.70410023029516 0
0.5703097032875005 0.729032081354374 0
0.5576838989571208 0.724139084613163 0
0.5579252456896336 0.7136522416624942 0
0.5540742402329912 0.7045225074767522 0
0.7228705177479406 0.7254261051446563 0
0.5373987449225652 0.6527366198854101 0
0.5423770520761355 0.6826376582749518 0
0.5330144307286817 0.6789768915211919 0
0.503555629541303 0.6410905845177876 0
0.5148646405908421 0.5927889777552844 0
0.4500041622214106 0.5965837839231414 0
0.4351315213624434 0.6091208585459441 0
0.4397192653141114 0.6001027937348714 0
0.4316257424755057 0.5845868903598267 0
0.4417284773377395 0.5891858793891268 0
0.4448298487490026 0.5689770229688813 0
0.4404291910656019 0.5786440775131741 0
0.4290327153544089 0.5712537350338374 0
0.4531980544924336 0.5786215816375353 0
0.4616413825059961 0.5628429751876505 0
0.4665228064422203 0.5758214057734313 0
0.4544068788923686 0.5691200705706867 0
0.4498056532309282 0.5565095296538813 0
0.4199393006593705 0.6051543668166066 0
0.4212272827912243 0.5922823415405232 0
0.5175141278115392 0.6172636309138206 0
0.4942410122354098 0.6234328273428787 0
0.513634978209994 0.5243056913322833 0
0.5085132139907941 0.5126235243518755 0
0.5340931896930471 0.5101257238529692 0
0.5425920560452369 0.5007748742894487 0
0.5358569373719984 0.4896171863208215 0
0.5379946042392119 0.4802194904933674 0
0.5215559669197 0.5067564139814518 0
0.5200497585754714 0.4952913761451441 0
0.5264298743119303 0.4882101827256123 0
0.4942531284843328 0.5790957276907688 0
0.6148108299181352 0.4327681245835681 0
0.6209018312284978 0.424776331316489 0
0.6813063427037455 0.2839503525685819 0
0.6956471434643933 0.2716347955672487 0
0.6984119753791923 0.2863884835803511 0
0.7132237110381764 0.2888969299965132 0
0.7008571212929277 0.2994064145904902 0
0.7457524199569828 0.1922112816759879 0
0.7171337879614315 0.2272219725031044 0
0.5799655207674866 0.3092458291877234 0
0.5610160101002588 0.3124144104925592 0
0.5784285280531295 0.3580815841336712 0
0.5742314702051782 0.3297906120021803 0
0.5563147712376301 0.3369374860889531 0
0.5664972738947167 0.3364329129474792 0
0.5621424746679808 0.3515471191629408 0
0.5608315059340044 0.325091207185384 0
0.550591606548487 0.3279711578876304 0
0.5438154751167141 0.3386060289000134 0
0.5470376928608703 0.314318707633325 0
0.6017213992715366 0.3415958392946886 0
0.6188995906664022 0.3630877537666363 0
0.5975377510051268 0.3618005845351036 0
0.6341957550215154 0.3067843854233426 0
0.6357917427327613 0.3182230523974118 0
0.6229343506669562 0.3075617123572441 0
0.6498001613231396 0.3309101289780194 0
0.6214911234233711 0.317767930517904 0
0.6384423744812745 0.3293735874967936 0
0.6451901207144555 0.3222411262655233 0
0.6553311205003314 0.3224085757916209 0
0.6677066199249883 0.3303733575811293 0
0.6425701293386605 0.3416075435978194 0
0.630159658432033 0.3373934989454361 0
0.6395058020973505 0.3559618895731601 0
0.6331746174536664 0.3475122825042271 0
0.628532643697547 0.3575871974171367 0
0.6355226568108097 0.3669248781139624 0
0.7063519858273686 0.08226940792753237 0
0.6792411510567176 0.117324183302306 0
0.6203880151076284 -0.03410564437923545 0
0.6390632928953204 -0.01689432939896414 0
0.6296975583525539 -0.0116777349867266 0
0.4681864793091466 0.527395026407794 0
0.4681294166994901 0.5379636429868223 0
0.4594592995620301 0.5450029165922072 0
0.4410001920255935 0.5393192128319908 0
0.4510880035420735 0.5393736794546135 0
0.4460999130732666 0.5290088468498968 0
0.2895754401014823 0.6143418809777516 0
0.9610961704366805 0.2656927093011481 0
0.9541526938764537 0.2495135754151702 0
0.9751514627217753 0.2457808007831096 0
0.6359249084797582 0.397983244609702 0
0.6194828264490811 0.3981185509360377 0
0.6149411518469297 0.3896014571256797 0
0.6191209580349872 0.4098016590581616 0
0.6117027627698881 0.4031092709922706 0
0.7182022693913677 0.2660823800025678 0
0.7093943167249723 0.2479101933894164 0
0.7884150527878817 0.2181291414851604 0
0.5376899456003669 0.9200390472964306 0
0.1026875663426503 0.5429376088223172 0
0.1121835301891562 0.5414493092221117 0
0.09728429578814871 0.5515865864158288 0
0.1039744930824286 0.5678715693809318 0
0.0948629812476761 0.5620980359739358 0
0.08918385515835243 0.581136999600438 0
0.09470840500745993 0.5724184216026337 0
0.1074017637102461 0.5865712134462985 0
0.07861409386908279 0.5683298308358306 0
0.06646542951632951 0.5384958638316684 0
-0.005544691725741881 0.5116778202709051 0
0.005445415491133053 0.5024287187621355 0
-0.02916330500526511 0.5469474329546048 0
0.1071012802673639 0.7531135607642917 0
0.09789735035122513 0.7363187406247085 0
0.1341291991702431 0.74318327985929 0
0.19666392092257 0.7864312989891505 0
0.1830724876441516 0.769484153203696 0
0.1839267174153561 0.7593584356909817 0
0.1716803370096622 0.7563898606085654 0
0.1645340118906538 0.7354882131619044 0
0.1714695263128354 0.7447894404413893 0
0.1603952403635737 0.7458106793627256 0
0.1755373533112644 0.734519874442536 0
0.16831908518364 0.715498154915716 0
0.1796500581795826 0.7220787693996781 0
0.1692456643075244 0.7260269773715198 0
0.1501176770798396 0.7224051353182133 0
0.1481397334272223 0.7496217764503036 0
0.1832276722314323 0.7028730300982664 0
0.1509097972614989 0.7360165614672565 0
0.1780204893709906 0.7118391302277296 0
0.1680303381897321 0.700042095294614 0
0.19666392092257 0.7723926782001248 0
0.1582859538797808 0.76606232067376 0
0.1503952101139225 0.7610114158917528 0
0.5739977917192074 0.7019469219266168 0
0.6971416196424989 0.7438291080241578 0
0.7172370235529278 0.7371264177863313 0
0.7061084004765211 0.7372370422759236 0
0.7105780616491343 0.7212393288409711 0
0.7410714403740261 0.7486122221912572 0
0.7224893322636734 0.7566574785999094 0
0.7177170037819413 0.7792421746293245 0
0.7282167667665796 0.7372604278624498 0
0.7093096730580412 0.7512427145831022 0
0.6934254623981315 0.7563062063125905 0
0.6907676314383048 0.7687266729052167 0
0.7006801455452223 0.7792421746293245 0
0.7049676702655518 0.7652707057119662 0
0.5378188629491931 0.6703233461811368 0
0.5252540972570867 0.5900782051866467 0
0.5225510202626914 0.6009832320090883 0
0.5175151494430956 0.5816824753678594 0
0.5107164017005339 0.6043822300215587 0
0.5054088909858765 0.5846628961939357 0
0.5044449700826344 0.5953490793329081 0
0.4908287615295937 0.5925651429708467 0
0.458847079362734 0.5988902909548478 0
0.4241905842529475 0.5791141540424242 0
0.4194547083800595 0.5710046137525293 0
0.4734183996779496 0.56582063618307 0
0.4693996105676546 0.556936834126908 0
0.4854207162474296 0.569702295843567 0
0.4351700745024154 0.557895111440981 0
0.4126646145116817 0.5978426271943568 0
0.518325102123642 0.6266694808529062 0
0.5263648261574077 0.6212384080413735 0
0.5100637297050269 0.621982353514248 0
0.5091486659489098 0.6131362564741785 0
0.7269320352863083 0.2963294622666346 0
0.7007977755603837 0.3190083278616184 0
0.6906626540366241 0.304463308758296 0
0.7358651014601006 0.1921006361592549 0
0.7409222080200388 0.1820182711512598 0
0.7407083448431551 0.201129152523048 0
0.7510047119024402 0.2010674888970273 0
0.7640781782025682 0.1873285205981075 0
0.7614249217612703 0.2130235883984188 0
0.7336403246648543 0.1744137876190416 0
0.7439386796339353 0.1579814505884886 0
0.7454638830398082 0.1703805386410486 0
0.7529892086829105 0.1825409856916469 0
0.7666814439622169 0.1614772297285363 0
0.7631765031522939 0.1741809985800082 0
0.7548170664309743 0.162936658756099 0
0.7581620901381658 0.1411746758625992 0
0.7595585813066823 0.1525274022572465 0
0.7789855877843184 0.1443754454631411 0
0.7704217215137709 0.1511911347533711 0
0.7867859915409218 0.1629646625229377 0
0.7769434842863354 0.1593856843952597 0
0.7773566401709691 0.1735728420543233 0
0.5698773289052885 0.3109326936506375 0
0.5773645845963067 0.366979542443951 0
0.5684847018151239 0.3614051724212812 0
0.587261256004341 0.3636503157760457 0
0.5512051479627198 0.3688978620847215 0
0.5580964915217488 0.3611193005347748 0
0.5473973596187545 0.358582446428427 0
0.5368241655330183 0.3448489268854335 0
0.5463348682726319 0.3484636223022295 0
0.5369172948432652 0.3166657536411655 0
0.5336195489702732 0.304560057583758 0
0.5359158412286334 0.294040876561101 0
0.5329131817364137 0.2824895138245511 0
0.5471859300321069 0.2986888080145101 0
0.6166454445058989 0.3537019454516267 0
0.6083259608732485 0.3606635854313102 0
0.6114548046989611 0.3712882119852202 0
0.5993719093944693 0.3529425972887149 0
0.6598941119599391 0.3397270131131215 0
0.6742619385042948 0.320687302766718 0
0.6718433225703708 0.3110871522087855 0
0.6629600469170748 0.3061325937396252 0
0.6879022805810329 0.3257338893549216 0
0.6484768775636676 0.359128056848404 0
0.7066765254219353 0.07200995360851792 0
0.718107485575686 0.07750641198306196 0
0.6967939537296803 0.07683219630170093 0
0.6966963212047431 0.0881234247758175 0
0.72386587292006 0.06917445602945058 0
0.7407448875100207 0.07711854059681932 0
0.7294584495920514 0.07919544997201093 0
0.7156492260966781 0.08832751791386304 0
0.7302860805689257 0.09932806945931194 0
0.7370905419312599 0.08896502388726507 0
0.7785721611378515 0.09932806945931194 0
0.6287155961347168 -0.03410564437923545 0
0.6245518056211726 -0.02664867097421947 0
0.6120604340805401 -0.02456476218493896 0
0.4489783480675626 0.5196531790059592 0
0.9826207993526026 0.2505475219764146 0
0.983068698206868 0.2416101799521807 0
0.971716720265259 0.2296604159518649 0
0.9955585314976202 0.2308552588823057 0
0.9649740406510957 0.249458391204755 0
0.9594973789318805 0.2365460025231319 0
0.6260764140453661 0.416567708583818 0
0.7143566505344142 0.2581482656676629 0
0.7232663327621291 0.258864747644986 0
0.7294041960686624 0.2723400545469338 0
0.7305284886358592 0.2845779999877187 0
0.7188021197185511 0.2781637604059242 0
0.7396443304416885 0.2874959733293707 0
0.708233499736541 0.2673351010540646 0
0.7915234380305127 0.2275280329479164 0
0.8012717928030908 0.2190906281537561 0
0.7965478734170358 0.1958184315151378 0
0.795627850849318 0.2081207247737117 0
0.7773797432818379 0.2025730456536412 0
0.8099544523559119 0.2030065860968502 0
0.7855557607712537 0.2084652826375858 0
0.7766258556141171 0.2163623418827443 0
0.7866554676278699 0.1983207344826325 0
0.7769925359224555 0.189485519197643 0
0.7888554605012502 0.1862129344375761 0
0.7717050196427714 0.1814040292717846 0
0.8097295634437149 0.1773791569549642 0
0.8005383033106837 0.1847398346574057 0
0.7932629723722993 0.1741043512946919 0
0.8124300674542662 0.1901701604730474 0
0.8046169883151951 0.1600499445567714 0
0.833754736078398 0.178987410081631 0
0.7962577523377272 0.1649102788354367 0
0.7940705444375632 0.151529877209894 0
0.8215153444313116 0.1815714548896037 0
0.8208895753857156 0.1646678803071664 0
0.829902961394575 0.1910214966201471 0
0.8260852697274516 0.1729389063502052 0
0.8381496700326729 0.1595928605783064 0
0.8352993392737237 0.169142192053343 0
0.8536528350186962 0.1694203764409428 0
0.8443801528958336 0.1756106432427079 0
0.8209894227052414 0.1942304737304841 0
0.8429832954272228 0.2031287479578009 0
0.8426132125067978 0.1884562267130528 0
0.8341483687981076 0.1995543160731642 0
0.8353639465916791 0.2092556354494647 0
0.8459622055431094 0.2146344217481533 0
0.8565710663692849 0.1838318473752633 0
0.8643433192973569 0.2037369371320684 0
0.8535752672776289 0.2065248711265866 0
0.8512442775985419 0.1955794544803778 0
0.8626375455078814 0.2193377007495853 0
0.5294119888742914 0.9122141768436214 0
0.5384883254205337 0.9051774877784464 0
0.5224033587844296 0.9279197044833587 0
0.5376543615105748 0.891728890215774 0
0.07325763792271149 0.5551622223655509 0
0.04137687302516975 0.5357695149545594 0
-0.001065998620209258 0.4953848149213288 0
0.01139196428898724 0.5112374290005104 0
0.02393316275527841 0.5188414750321777 0
0.01361412974869773 0.5217164515004138 0
0.02339097395783099 0.5368517448264959 0
0.00377951531167571 0.5341917684082533 0
-0.009530830004434323 0.5265164849669485 0
0.1287736500864294 0.7540418833333453 0
0.1240910837792099 0.7432746913733185 0
0.1290023718265881 0.7313945446800487 0
0.1146450056291141 0.7125659929129246 0
0.1399713032862009 0.7336334193116225 0
0.1191683754432993 0.7240050291533556 0
0.136905446421657 0.720664477563322 0
0.1073899557087343 0.7281875973201177 0
0.1265556816614569 0.7144699837215794 0
0.0882293790602105 0.7154253983644614 0
0.1239755941019315 0.6924036454672838 0
0.09600986690878111 0.724508635231493 0
0.1413106826565445 0.7015607615792667 0
0.1221537128737203 0.703800673740735 0
0.07601754977914707 0.7337596753782826 0
0.1012380894075607 0.7121563521372591 0
0.1360199542616222 0.7104005143817579 0
0.1474609091487802 0.7112449346697794 0
0.1313517479228149 0.6994268998279756 0
0.1401139635139493 0.6828393867562391 0
0.08470907216686928 0.7263147209734603 0
0.1067056397367697 0.6954870761497964 0
0.1546194825783054 0.6999036364398993 0
0.1576141738656021 0.7147242071581862 0
0.06716546062606388 0.7146295266814734 0
0.07758518133011853 0.7179980203828962 0
0.07834673105646679 0.6978424831747855 0
0.08080840878167621 0.708027650007352 0
0.09278190955163179 0.6997436776542041 0
0.180638594572148 0.6745645368163528 0
0.7328636343284591 0.7193236910020615 0
0.7337929702589631 0.7094260320983989 0
0.7023210494037442 0.7567655394513552 0
0.713341389850402 0.7601766015595364 0
0.7347538620186602 0.7792421746293245 0
0.7136645921001844 0.770137321225117 0
0.7262354329003007 0.7699965145502913 0
0.7413337417510408 0.764632815165126 0
0.4869580137806465 0.6014685410776025 0
0.481027447913306 0.5910225688435858 0
0.4417840483767002 0.5497680809307368 0
0.4293961640923767 0.5464413424229857 0
0.4262419812970869 0.5552135991176511 0
0.4255588854223076 0.5301351116111078 0
0.4358729787171743 0.5303667897551032 0
0.4104894769107763 0.5881362030603703 0
0.7230556732843983 0.3053911734284544 0
0.7180351776261248 0.2963806782939964 0
0.7222815554679982 0.288362015402879 0
0.7347803838582071 0.3023471095823766 0
0.7043457175987067 0.3092180229547103 0
0.7139186747143809 0.3151812845122632 0
0.7139444692636114 0.3299061439843374 0
0.555036662782168 0.3459144528122384 0
0.5530996534730315 0.3065605477448686 0
0.5424954624923802 0.3064599754243444 0
0.6529288314209372 0.3053509332905408 0
0.6912828468545391 0.3164901394113855 0
0.6794499441101841 0.3352164779010748 0
0.6977908033268287 0.3430563598305369 0
0.6899371289823381 0.336055961387747 0
0.6978748478461041 0.3291295474036024 0
0.684766355361311 0.3497626757192746 0
0.6886708666110535 0.08361944012324338 0
0.7621737211147697 0.06501048561714465 0
0.7502299798379382 0.08653133479562636 0
0.9687690515783862 0.2387145803368652 0
0.9370921308315044 0.2348967199366946 0
0.8176714551532811 0.2091463674417284 0
0.8076673984043654 0.2121575682652815 0
0.7702541139922368 0.2090987299970271 0
0.7618652970616436 0.2021209234092239 0
0.7698002626813836 0.1962478008682849 0
0.7842590113392713 0.1527369117264954 0
0.8144474953820452 0.1370939752978471 0
0.8806595130198664 0.1714528927655001 0
0.5485828165320353 0.8912056183273309 0
0.5652195948055396 0.8952154389035245 0
0.07182491122579611 0.5460288881531897 0
0.05579119635734215 0.5517632585623626 0
0.05433828795332703 0.5332940914377138 0
0.02719488447539885 0.5102489617065067 0
0.03584591216689777 0.5240173981127275 0
0.0485104109410012 0.5180116692625951 0
0.03217992579771885 0.5329203317427237 0
0.03299959298806036 0.5465426237682728 0
-0.0005580913301537378 0.5263350433267394 0
-0.01111487039963316 0.5446424290949926 0
-0.02916330500526511 0.5316565624984511 0
0.1077430988736894 0.7188560932242192 0
0.1081604878704953 0.7051955895722472 0
0.1468538362680746 0.6918074926153901 0
0.1593818775801656 0.6753755045972157 0
0.1589148447852317 0.6880112257464013 0
0.1506276393069494 0.6813784281369134 0
0.1443632310126086 0.6628581169088914 0
0.1441402246267312 0.6732531567283407 0
0.1251333527496896 0.6709088214995056 0
0.1351573458058098 0.667860533644417 0
0.1247415758308889 0.6516149031663863 0
0.1349599325699865 0.6565252902203911 0
0.1702824396062824 0.682104895285823 0
0.1385555158363656 0.635955769096305 0
0.182953266088315 0.6886254827393278 0
0.1474605530076568 0.648111400249849 0
0.1338568891642846 0.6457334593254296 0
0.1188730550603379 0.6325152453145152 0
0.1282290825173672 0.6370112437685648 0
0.131521233752953 0.6181775888738846 0
0.09219799443023957 0.6729324443731381 0
0.7316417171158659 0.7612826869388551 0
0.7226818658518561 0.3282234936527004 0
0.7169454924810746 0.3415665278207066 0
0.7262345207302405 0.3458948473514009 0
0.7076570903805168 0.3460263615381849 0
0.7000302667658675 0.3534897127707095 0
0.6905567692977485 0.3591681451227713 0
0.6793943687099632 0.3595550525320448 0
0.6711537197615776 0.3544216399307414 0
0.6625461536028898 0.3496904201354123 0
0.7531668535511927 0.07408653345389432 0
0.744069269749459 0.06377629282883215 0
0.77038310117903 0.08216442262140444 0
0.7598480999553556 0.08223219427835587 0
0.7624768009482096 0.09932806945931194 0
0.9480237964047409 0.239402290108278 0
0.9401746623342722 0.2510731382513191 0
0.9494141418318149 0.2205146631515728 0
0.9518219926240764 0.2301868946599553 0
0.961576152818457 0.2226228215519813 0
0.9592323305989815 0.2000088519627065 0
0.9572150865039255 0.2116463763736126 0
0.9375935881729369 0.2022515968775014 0
0.9785136871463214 0.2093446714102438 0
0.9487292444853004 0.2041818473455164 0
0.97198157900174 0.2184541379340992 0
0.9675343452288169 0.2074415164205167 0
0.9465832179176524 0.1834762754231603 0
0.9855438020702039 0.2212824593419223 0
0.9763421595177856 0.189250653940506 0
0.9505762529253816 0.1935264160760558 0
0.9620893645686709 0.1831338166782131 0
0.9745466411054129 0.199609038136762 0
0.9935042029120985 0.197560325414436 0
0.826497577955348 0.2124592702330707 0
0.8062948558357768 0.1471856039116508 0
0.7940483430208762 0.1320963284756638 0
0.8204010416089904 0.1502425335051906 0
0.8037166105377854 0.1367638218161736 0
0.8068294319467998 0.1179687150755941 0
0.8093554609331163 0.1280423968577097 0
0.8276254565327292 0.1389517456477086 0
0.8668695365941401 0.174245275424622 0
0.8396523011475916 0.1332539408623795 0
0.8751443222757032 0.09932806945931194 0
0.8202747128519245 0.1278577590738537 0
0.8429536018964192 0.09932806945931194 0
0.06179291875682507 0.5674992408972188 0
0.05764343743693958 0.5423258175554793 0
0.04705159590332728 0.5451474935660747 0
0.04157603350261239 0.5614613603667842 0
0.05825255044691634 0.5155392318172328 0
0.04651910116823708 0.5275234728097092 0
-0.006101519902501914 0.535948362378394 0
0.0007246547071887337 0.5456770944286543 0
-0.01784908209514218 0.5349667265804557 0
0.0126129599927734 0.5426902111637046 0
-0.007029284053398654 0.5661479736489932 0
-0.0206257430804281 0.5239141530679589 0
-0.006039238649654876 0.554819027918266 0
0.01066985078013108 0.5601084886666258 0
-0.01813334674694347 0.5717665150519089 0
0.008390605783423828 0.5510367044896323 0
0.02134508659858803 0.5523489074972524 0
0.03118898522693135 0.5575080688296554 0
0.02937441404976599 0.5778980857533382 0
0.02157282815665617 0.5638852356489881 0
0.0331572199374843 0.5679589788080917 0
0.04764031142867961 0.5780215446658843 0
0.01006945954587926 0.5794678524541569 0
0.01339001493968405 0.5698818408666114 0
0.002544350319302333 0.5714930660194583 0
-0.02916330500526511 0.6386926556915269 0
-0.007086286157489255 0.5774963202956654 0
-0.02916330500526511 0.5622383034107585 0
-0.02916330500526511 0.5928200443230658 0
0.1766693020464853 0.6958729273677335 0
0.1950093781132577 0.6794198509100605 0
0.1933362498208292 0.6955519238475433 0
0.2029829221724912 0.6939838835301581 0
0.1645566151269805 0.6262474103689667 0
0.1606536593924286 0.6585810410546337 0
0.09627103004659046 0.6862557138635526 0
0.7382769353670923 0.0566847029542101 0
0.7496414642154812 0.0533136311160067 0
0.7531145973773639 0.03476915891304626 0
0.7483098549806281 0.0434667664645362 0
0.7399259566954911 0.0370364370906265 0
0.7638546071208375 0.04637809192910185 0
0.7544291208533886 0.09932806945931194 0
0.7584529609007992 0.09119674919888623 0
0.7584529609007991 0.1135943861828548 0
0.7680671133068044 0.09150039207607091 0
0.7504052808059781 0.108163624701887 0
0.7780778522002074 0.08902852099891052 0
0.7448018789122777 0.1251453221659138 0
0.7383337606637467 0.1083271349234747 0
0.7863986295387955 0.07195580097290978 0
0.7946675213274934 0.09932806945931194 0
0.7444694149615582 0.1156203020526581 0
0.730833448303798 0.1208645678884466 0
0.947971025256616 0.257529438435171 0
0.9307954513474866 0.2541648729059509 0
0.9293396175392182 0.243026189042445 0
0.9112352040693462 0.2330094385640412 0
0.9188747896456125 0.2405710048393964 0
0.9087878903063712 0.2485810708661273 0
0.9246652717243451 0.2270807892133534 0
0.8888335197915159 0.2374668125251933 0
0.8971775433688767 0.2459560953558549 0
0.8851945246776741 0.2545278754105801 0
0.899961927599725 0.2348740881043004 0
0.889801538542942 0.2164428532246451 0
0.8922824517547483 0.2270913485816049 0
0.8763264823701318 0.2275483535961926 0
0.9053890759020151 0.2184244819698193 0
0.9852958286940039 0.2315668107612631 0
0.9664841070480309 0.1925572433762374 0
0.953729206361233 0.1558169256633596 0
1.002349954912245 0.2137253779624049 0
0.814081805310742 0.157677488771864 0
0.8114110556230794 0.1670886216210679 0
0.8280710313608346 0.1572037248111404 0
0.835601702046048 0.1478884546188744 0
0.8552632562959868 0.1497378111040235 0
0.8451381822796419 0.1519419694820969 0
0.8480454375284195 0.1409393370673776 0
0.8574729566668469 0.1222179235460288 0
0.8501189930796256 0.1302491060226134 0
0.8404225628522805 0.1162053352088468 0
0.8652133002934429 0.1366880892692683 0
0.8772348812977289 0.189987184433724 0
0.07039683382460067 0.5639992513485562 0
0.06985411376240455 0.5749904622683454 0
0.06295954710858229 0.5580417642525837 0
0.05902723932468774 0.5785582269284275 0
0.05344863494035987 0.5616692374782681 0
0.07076533905946188 0.5959674062055322 0
0.06735143420691105 0.5856074405961332 0
0.078096598374573 0.5825368763361547 0
0.05186172317979713 0.5964542156494428 0
0.08532746691209675 0.5952001607958891 0
0.05294653579784925 0.5865060491966555 0
0.03833269241462284 0.589945691622861 0
0.04064389162751202 0.5520726593511257 0
-0.01966923388580861 0.5494739382631076 0
-0.01687055415586302 0.5604803154403839 0
-0.02916330500526511 0.6081109147792195 0
0.1919221126023422 0.6648625387544391 0
0.2059146782005501 0.6743003510090959 0
0.2016633993165719 0.6655116831283714 0
0.1529251954189478 0.6347684179206579 0
0.1514388172516035 0.6566456045840229 0
0.1579810252235777 0.6484015733536378 0
0.1541722478173128 0.6665356134428981 0
0.1768895909386813 0.6488776875637591 0
0.0865974834629917 0.6909485938165099 0
0.07025114321997881 0.6797692305842822 0
0.07684773368360653 0.6876641693937221 0
0.05955388989104117 0.6954106351033189 0
0.08146011321221652 0.6771069614026718 0
0.07113615938773014 0.6585676843754926 0
0.07368361824329464 0.6692932676732756 0
0.0533963884566469 0.6684464178169841 0
0.08493742335438478 0.6609550314342482 0
0.06365943110528852 0.6660088180935525 0
0.05420671792319549 0.6490340745679044 0
0.1088623860291471 0.6751222149873974 0
0.7705244810430305 0.1092985559557562 0
0.7866198412326725 0.1140568425139796 0
0.7702051696394979 0.1275100074719925 0
0.7669434133575254 0.1183442922143215 0
0.776974026018992 0.1170835443967792 0
0.7574516144944996 0.1268853201081371 0
0.7848596858951548 0.1253308978719768 0
0.7843763435453661 0.1356099926870707 0
0.7338878965729385 0.1358280772555862 0
0.9365536936968744 0.2219658584260243 0
0.9249940250837738 0.2114715480259558 0
0.9415788862856372 0.2123463718436085 0
0.8907488512230682 0.2637784537418733 0
0.8639799878745127 0.2483496215080874 0
0.9148778208971518 0.2230852203734111 0
0.9142666515665964 0.2123401092425997 0
0.899729292486437 0.2006476903516613 0
0.9180906188949356 0.1928891547102871 0
0.9189217234196858 0.2031539103751337 0
0.9279943126105037 0.1972533079935158 0
0.9296551176924068 0.1800649574636782 0
0.9375197634376041 0.1906764700869637 0
0.9703348169523047 0.1461828132907931 0
0.9540568965769736 0.1706543699288282 0
0.9954797144140674 0.2209127842587841 0
0.9901192895570012 0.210549076250293 0
1.007773547699555 0.2257868769405116 0
0.8706471718649087 0.1574542658233873 0
0.8674227780907124 0.1851645035895061 0
0.09626861616552614 0.5906401051807377 0
0.09913483521870407 0.5812170509469508 0
0.1090482125125127 0.6083416586489195 0
0.1051547916845856 0.5976886279565282 0
0.1187558201617341 0.5946517920268476 0
0.09380662237426124 0.6078740950055758 0
0.03849036888847628 0.5804740762492333 0
0.02092937091696626 0.593531965916046 0
-0.0007747837116505608 0.5982034356741676 0
-0.01814856317528775 0.585174609094989 0
0.1447378038513409 0.6232289116107546 0
0.1644197697368308 0.6382597270194712 0
0.1801376332215413 0.6324318485292242 0
0.185814563189193 0.6555453285448063 0
0.1738588874455364 0.662241518608562 0
0.169204801252879 0.671657201682805 0
0.1000315718994878 0.6778218691899454 0
0.1014829766988148 0.6667765214320481 0
0.1071258721325418 0.6852349449891526 0
0.1184621627850108 0.6819761050872604 0
0.114359365125044 0.6628263405174648 0
0.1293445287975045 0.6809915419144277 0
0.7462389508335802 0.1375299841621458 0
0.7386371086102034 0.147030064034606 0
0.7495667399394017 0.1479942379694704 0
0.7325035525924612 0.1567582608905964 0
0.7371393557299277 0.165324138770539 0
0.7213029358102985 0.1345130469163635 0
0.7095332161864795 0.1229300673579458 0
0.8734948635857972 0.255189744339002 0
0.8636724413146364 0.2639595227292426 0
0.8759150602046814 0.2417853154473516 0
0.9737309484842105 0.1756714344868411 0
0.9402501917706565 0.1711957630580115 0
1.036767066462047 0.08822131926999408 0
1.004555391130809 0.2352845280816346 0
1.020110318733796 0.2352610736501652 0
1.019656064990173 0.2131936251806017 0
0.872518509472656 0.1666957289914499 0
0.8626756427641573 0.1652189761537225 0
0.8818998014556965 0.1599858783613213 0
0.8795800802390038 0.1440227705934581 0
0.9016075104123532 0.1679180748062256 0
0.8906350108647526 0.1667312737940913 0
0.8968421632239372 0.1496643874534682 0
0.8943264013378083 0.18391894129527 0
0.8614903546647742 0.1937223763759278 0
0.1337855215468473 0.6017227149575169 0
0.1008864530773522 0.6257421759518254 0
0.07874165854752624 0.6087795618698814 0
0.02879527242450419 0.5876830913713259 0
0.03113675675547568 0.5990457483412792 0
0.0195069905780752 0.583405372640332 0
0.01133365927925885 0.5897165883278479 0
0.01161099295481853 0.6029934341545559 0
0.0006468817786285316 0.5858324826965883 0
-0.008943141050634514 0.5909975658375813 0
-0.01424289799243626 0.6052378479543881 0
0.1546242936798322 0.6248886212473229 0
0.1526232560930918 0.6065327473135286 0
0.1610497320406477 0.6149011548929041 0
0.1681182547349024 0.5993569063141033 0
0.177647359245594 0.6159862646951939 0
0.18261499875988 0.6654506945011873 0
0.1078240707096619 0.6463615366592574 0
0.1239364347559491 0.6612821889591823 0
0.8556723481181584 0.2709042506320335 0
0.8530660531280608 0.2598216031484034 0
0.8520914757380404 0.2479669257694844 0
0.8424632476020899 0.2451922060402628 0
0.858336464063411 0.2388159718357317 0
0.8843114431884306 0.2454209043867286 0
0.9638986194032538 0.1731444837650419 0
0.9603327839026559 0.148071035631346 0
0.9468581164971361 0.1633910168284851 0
0.9297184921362286 0.1555793623076373 0
0.9417617845434967 0.1518639940641186 0
0.9291538153893839 0.1323722430875698 0
0.9612107239265458 0.1630740344061195 0
0.9327089584226325 0.1438961686563921 0
0.9509704912246429 0.1440768492880645 0
0.9145658882763906 0.1454765337687295 0
0.9419312028705901 0.1347407511971868 0
1.036767066462047 0.1493848010946088 0
0.9239146922770566 0.1478694824792227 0
0.9158304845953226 0.1599944825274982 0
0.9213647317005149 0.1383732119792322 0
0.9082757630342708 0.09932806945931194 0
0.9053730800235181 0.1298723990555006 0
0.9385780853719486 0.1171804781138609 0
0.9497949487089485 0.1241389025384332 0
0.9178302799929943 0.1257301092254403 0
0.9368292937190941 0.1266146820676883 0
0.9275150770252881 0.1221927002493694 0
1.007025895765755 0.1894552958642015 0
0.9239007630342708 0.09932806945931194 0
0.9710138494294747 0.1658514268042511 0
0.9897805635678603 0.1659447635778472 0
1.017081393077887 0.2440608385187495 0
1.01111287698184 0.2170351686692454 0
1.01073623523962 0.2047772103211972 0
1.01948589314835 0.2242355277250895 0
1.036767066462047 0.2258391533753773 0
1.000936025428453 0.2039963123662779 0
0.9610243357722049 0.1334804456180418 0
1.036767066462047 0.1799665420069162 0
1.036767066462047 0.1952574124630699 0
0.1279045388222322 0.5947143620603791 0
0.1384275772720241 0.5918557270060787 0
0.1232624830970553 0.6045813500118173 0
0.1441160400982339 0.6005573924127021 0
0.1424683387465458 0.6119468659268888 0
0.1543046407476143 0.5950953182992271 0
0.1645976631158428 0.5862499522698323 0
0.1012074505471202 0.6152783344207963 0
0.1130720367025422 0.6207896034549505 0
0.08894043865471103 0.6201388657611409 0
0.1228311881052292 0.6232592532537812 0
0.06168180212180609 0.6105113830545239 0
-0.02289868482374751 0.6004654795511426 0
-0.0003308082614208171 0.6154637321238323 0
-0.02916330500526511 0.6234017852353733 0
0.1150271567690334 0.653031864009705 0
0.1056231864984918 0.6573107006652654 0
0.1177055666380031 0.6429151679146698 0
0.09514522629748461 0.6583661396735045 0
0.08545193392239867 0.641564966925659 0
0.8681164869575253 0.2344355253403394 0
0.9284136089934149 0.1678188645570023 0
0.9150382891842191 0.1753608327800975 0
0.9070913041242612 0.1534416639349681 0
0.9021871051459546 0.1141595416752412 0
0.9093054143304875 0.1208956434988817 0
0.9189617464422145 0.1138015323245932 0
0.9514732208232906 0.1089136461755903 0
1.030098583880652 0.2334845886034541 0
1.029189058195095 0.2181937181473005 0
0.9873794640469286 0.1800875688450536 0
0.14221862662398 0.5836852186864772 0
0.1595775967988886 0.5753867777052332 0
0.1696173697667746 0.5710144155403395 0
0.1753548236993581 0.5903868276456875 0
0.06978737144804317 0.605465190027177 0
0.07088300258463845 0.6162580536620689 0
0.06106325261070793 0.6004848432936465 0
0.05625222221458431 0.6294443995957694 0
0.06167887297642274 0.6207555943881243 0
0.07285855793034859 0.6319677957116462 0
0.04380019579897061 0.6156283762209124 0
-0.00478153275294386 0.6069423569618059 0
-0.01106253058188095 0.6156459266361797 0
-0.005478342988288821 0.6284148141724738 0
0.09091832785515662 0.6314579392670165 0
0.1008512961038296 0.6372308053132434 0
0.0817617603404498 0.6272256088262812 0
0.108982554210648 0.6315113197405681 0
0.07953334459141508 0.6511097770806441 0
0.06722748957348509 0.6457104080885814 0
0.9106549011372814 0.1674312564838183 0
0.9205038765047002 0.1834389944646423 0
0.9087852086544972 0.1854796483385072 0
0.9083861492578653 0.1955287838501117 0
0.9160882630342708 0.1047415243946302 0
0.9298146886952852 0.1094256172561943 0
0.9643685745683933 0.118040220046368 0
0.9420552936707159 0.1084137047189175 0
0.9993658313890352 0.1659647657433908 0
0.9824647242131874 0.1719779408638204 0
0.9804163852191774 0.1620419348430557 0
0.9920171130809726 0.1473932442604515 0
1.001742270314582 0.1752507927368591 0
0.9864668702461302 0.1902172940642397 0
0.996605109747325 0.1860246842162947 0
0.06048690232006625 0.591473635664079 0
-0.01605347590097775 0.6364742986958651 0
0.02005412007894372 0.6310644321869915 0
0.05873450423511973 0.6396052238804277 0
0.04329612321623758 0.6379931871993119 0
0.07578320919818862 0.6411911566435976 0
0.902291217138922 0.1778862401076596 0
0.9586715466471923 0.1248885673795824 0
0.9680879134553142 0.12692808286805 0
0.9703268976238982 0.1364252726035425 0
0.9819839729319331 0.1158907896513452 0
0.981482618044784 0.1412949920542662 0
0.9801685149781647 0.1290925711541057 0
0.9824648366732964 0.1517463399810875 0
0.992792908713127 0.1339049946319003 0
0.9395257630342708 0.06807806945931194 0
1.005251606460231 0.1583993568911493 0
1.019366218292939 0.1767801643184016 0
-0.02916330500526511 0.6692743966038344 0
0.007661553285980595 0.6261388848325524 0
0.003521333274319683 0.6511913497644702 0
0.03417214670998058 0.6579208558552004 0
0.04524125722732943 0.6268489418421708 0
0.03289526464484198 0.6304359290357122 0
0.03076243010277367 0.6443071390891004 0
0.02570841832827591 0.6150941960347575 0
0.02615599316266633 0.6242387375390716 0
0.01656072910953813 0.6218012417182156 0
0.0346397754038751 0.6192402793125655 0
0.03398759727745593 0.6089523197379104 0
0.04194308164969179 0.6012994660467444 0
0.01627587857424026 0.6118209810712528 0
0.02210170318498606 0.6035667857705043 0
0.9945916456169889 0.1571142044556076 0
1.010023842375222 0.1681843121094687 0
1.021731833452202 0.1564179743932942 0
1.020150672623485 0.1665527899287213 0
1.036767066462047 0.1646756715507625 0
1.029162694922595 0.1723877965880488 0
1.008070107939369 0.1415501195164134 0
1.010191746518125 0.1801927773563871 0
1.018378420530337 0.1881632033334711 0
1.027184093554478 0.1831929632567353 0
1.02323758926397 0.2004629923052214 0
0.02135682904069362 0.6409618636084101 0
-0.004190586077118332 0.641072269329897 0
0.008772815020364238 0.6391908770981622 0
-0.008210197150559484 0.6521339128861942 0
0.01778211690431153 0.6502826807680111 0
-0.0006735275448030683 0.6724593984335221 0
-0.01209981609376136 0.6651362172096169 0
0.04250694195036125 0.6496844188916316 0
0.04886683246191813 0.6585342561394258 0
0.04110861384485243 0.6680705411634157 0
0.04676652332171219 0.6841455689724807 0
0.02067207405913825 0.6745921268559348 0
0.0299151134010178 0.6682752769562261 0
0.03570996915687844 0.6790039139939406 0
0.01915151185414165 0.6624463893497154 0
0.03212351037221722 0.7011749618856141 0
0.01038026840061782 0.6697125389545201 0
0.03704343154240345 0.6905952214845339 0
0.008697451765919734 0.6865551585207346 0
0.002610267846858112 0.6620593699891707 0
0.04765064224561717 0.6960321992886453 0
0.02547563106172625 0.6860536252188816 0
0.05427568775376573 0.7086177604551104 0
0.00871379100105283 0.6170216168048451 0
0.9618809079705725 0.08370306945931194 0
1.03118084054876 0.1570302363226857 0
1.027013726100367 0.1481219478375995 0
1.016665340469806 0.14736280866894 0
1.036767066462047 0.1188030601823015 0
1.036767066462047 0.1340939306384551 0
1.0227903637553 0.1347809071801432 0
0.9987858218583447 0.1410161207554411 0
1.004048144880802 0.130500457712476 0
1.002963626113109 0.1493562739341651 0
0.9948556452596763 0.1204173983694422 0
1.027919538415572 0.1924469625161647 0
1.031942527944426 0.2029028476911467 0
-0.02916330500526511 0.6539835261476806 0
-0.02916330500526511 0.684565267059988 0
0.06390033096624233 0.7048059562044223 0
0.05025211440653218 0.734068972253706 0
0.04258106391725086 0.7067373219510724 0
0.04638053325135656 0.7204132667514807 0
0.0301126494865865 0.7175670728120236 0
0.9529890755722933 0.09478584469442834 0
1.029386047170302 0.1264484954103783 0
1.015750787660012 0.122431916161765 0
1.025311240332845 0.1151290233199583 0
1.007584999610698 0.1018324245596361 0
1.036767066462047 0.1035121897261478 0
1.014572955287609 0.110980582827344 0
1.005663936879875 0.1176831641043213 0
1.022461570898505 0.09771174173324559 0
0.9976333517396311 0.1086680976160111 0
0.9904914130787618 0.08760873473774212 0
0.9970322978177997 0.09713121791552264 0
0.9857579095457465 0.1035026932811105 0
1.036767066462047 0.02705783744537931 0
0.9718422019957493 0.1060322801889821 0
1.006025988229494 0.09113758573870763 0
-0.02112699367451411 0.6463380909196038 0
-0.01882818596440427 0.6568007293276769 0
-0.01074702688184051 0.6756012274826951 0
-0.002625750786784842 0.683920085579879 0
-0.001635406906470857 0.7053105364850731 0
0.0008860285458902302 0.6944756469046028 0
0.01575387088420948 0.7013265848471543 0
-0.01219509588379974 0.6971423121596891 0
0.05866151067940572 0.7243081161180015 0
0.06943024835880114 0.7251946788947854 0
0.06316977536481157 0.736825211986035 0
0.03892386007878496 0.7151191304628847 0
0.03709009908071143 0.7256002893029317 0
0.01360518878970328 0.7176941002322511 0
0.02704748166735689 0.7272762271786037 0
0.03490836615371959 0.7434536700800487 0
-0.02916330500526511 0.7610196193407566 0
0.9395257630342708 0.08370306945931194 0
1.01360271423217 0.1318373916024203 0
1.027498826975533 0.1058293484618488 0
1.031538359049386 0.09586675449807092 0
1.025336513312327 0.08860556096385457 0
1.015925008345517 0.09022154250686153 0
1.009351606342996 0.07313133226416577 0
1.036767066462047 0.0576395783576867 0
1.018889439630684 0.0792720664090248 0
1.022136167660149 0.06375174127231836 0
1.036767066462047 0.07293044881384039 0
1.028936494454352 0.07922549618836859 0
0.9617430735396596 0.1080764060041061 0
0.9646794620291755 0.09661406927592223 0
0.9769699444004782 0.09469971854200718 0
0.07298696964157804 0.7495139159159345 0
0.05253205374231026 0.7550322894226786 0
0.9507033355024216 0.08384357525466972 0
0.9560960464033847 0.06817506009671331 0
0.9443878773167013 0.09151556945931194 0
1.031368852515979 0.06528501358576355 0
0.9771488703713781 0.07860368102388857 0
-0.02916330500526511 0.7304378784284491 0
-0.02149494401425889 0.6769198318319112 0
-0.01490884401445376 0.6861406697378403 0
0.05484873834706976 0.7441746902376245 0
0.06254924291853223 0.7514937008997223 0
0.06959398976672934 0.7601301430947219 0
0.04473828503098604 0.7476933790025116 0
0.03562530577052471 0.7651790360988189 0
0.03606382965263992 0.7542900522045335 0
0.01654140317185298 0.7589571622826927 0
0.02472379413854812 0.7500194258019229 0
0.07197274942688994 0.7699792555996089 0
0.05499688773904548 0.7719426197640925 0
0.02673359003855377 0.7600736787636455 0
0.01965822089386156 0.7775833561558818 0
0.00478845749602556 0.7399831721051359 0
0.02451092186477682 0.738507370850471 0
0.01334075419987212 0.7478126975610065 0
0.01469294915751172 0.7303879629360667 0
-0.00481498288227104 0.7590587975976468 0
0.0001096668163330554 0.7252440936946241 0
0.002676894383633458 0.7508753185850361 0
-0.02916330500526511 0.7457287488846028 0
-0.007173744495896609 0.7493782779500324 0
-0.01723728063563365 0.7569579941133799 0
-0.02916330500526511 0.7916013602530639 0
0.005459466669773629 0.7709133196990865 0
-0.01785539751004374 0.7456668233048463 0
-0.02916330500526511 0.7763104897969102 0
-0.01002991475328389 0.768428753140897 0
-0.008450749358847529 0.735826777173707 0
0.9813947182521844 0.0866998917497611 0
0.9717569403821267 0.0865927567632294 0
0.9867866482414357 0.07871081601042031 0
0.9821576800825841 0.06157212709267343 0
0.9988117022881354 0.07892425049414578 0
0.9929940204554942 0.06783981349437768 0
0.9986867292151469 0.04549612819461554 0
0.9926893367132119 0.05586515152086791 0
0.9773066150719201 0.04004891743091858 0
1.007956858891235 0.05777686891493528 0
0.9872284743934626 0.0457876724542212 0
0.9924407742592907 0.02532957547313489 0
0.9927197456762501 0.03629369319512935 0
1.012016616057129 0.03031709497070489 0
1.003211035954963 0.03602675241713004 0
1.015161427156464 0.04481202769889906 0
-0.02916330500526511 0.7151470079722955 0
-0.02279399109049553 0.6922107022880648 0
0.003199412551741485 0.7149304389568368 0
-0.007251617299085321 0.7174191761814422 0
-0.0145255903592572 0.7261881837106211 0
-0.02112265520351667 0.7686650545688334 0
-0.01527117188692648 0.7828698826080779 0
1.013246089981992 0.06503699181714719 0
1.002623225732196 0.06600193683058159 0
1.007075594604283 0.04880293837471108 0
1.036767066462047 0.042348707901533 0
1.017618138633756 0.05466143497207571 0
1.026381993532042 0.04724440079473323 0
1.023051483824021 0.03551159173737241 0
1.036767066462047 -0.003523903466928071 0
-0.01157857566096137 0.7072550606435609 0
-0.01981359040382025 0.7353081474961051 0
-0.02427859184688448 0.783955925024987 0
-0.01862481765652792 0.7929513078074836 0
-0.02916330500526511 0.8068922307092177 0
0.0009235909802942435 0.7938556839990827 0
-0.008723072880120567 0.7906466641624673 0
-0.003393419696938498 0.779513901581479 0
-0.009588447859467074 0.8093520479148131 0
0.008496489278987643 0.7828960227685521 0
0.02349524740445074 0.8000263604686166 0
0.0184116894747743 0.7893459783937488 0
0.0360583923389608 0.7852687079763696 0
0.01161007456287379 0.799133359026015 0
0.02653072674214287 0.7842590237174671 0
0.02973897550998966 0.774080768912735 0
0.03040263779574167 0.7931802911285395 0
0.04097441729547426 0.7751132258120017 0
0.0428737882481966 0.7961181875861967 0
0.03440555071889457 0.8041267236365014 0
0.01596961577502702 0.8206489924755297 0
0.001716892309337621 0.8057074540639819 0
0.05533644846335691 0.8038921578092628 0
0.01682410654128805 0.8092763675680531 0
0.0004624111205113277 0.8211727037095771 0
0.02829641171127412 0.8158567617446142 0
1.027643998662495 0.05636870023755 0
1.032016342033411 0.03470327267345616 0
1.006227002523645 0.01213011688301895 0
1.026723149541577 0.02611546463774147 0
1.036767066462047 0.01176696698922562 0
-0.02018206483304132 0.8145376659372945 0
-0.02916330500526511 0.8527648420776787 0
-0.01078805422744862 0.8203149662788389 0
0.04950789128700098 0.7802602470926793 0
0.05969261484305964 0.7810114118183314 0
0.06052532806312545 0.7959273436134502 0
0.06409529812202233 0.8072467689339957 0
0.007737910796273004 0.8139793599295767 0
0.04501780867504732 0.8171095839095333 0
1.016684290446318 0.01881617776392062 0
1.020206808393954 0.001785952221574781 0
1.026788990428332 0.01547194436949632 0
1.015192692085989 0.00962824663739832 0
0.9701464182453403 -0.03410564437923545 0
1.007435232851753 -0.0008557100368099171 0
0.9848394274820151 0.003591047468854851 0
1.003456742353694 -0.03410564437923545 0
0.9967937692898317 0.004703306119300803 0
1.020111904407871 -0.03410564437923545 0
0.9960725939292667 0.01532357389908755 0
1.004018377971742 0.02284822409526661 0
0.9832689911002983 0.01633843624260957 0
0.9926890768057831 -0.01597786071386883 0
1.015613270496628 -0.008199822573582222 0
1.004311045888749 -0.01256003271699242 0
1.036767066462047 -0.01881477392308176 0
0.9805704811310494 0.02826476070830234 0
0.9617674163054617 0.007219082242009007 0
0.9916702519107279 -0.005027726918173953 0
0.9737452028966213 -0.01221797726623943 0
0.9837754857905919 -0.01128473735269229 0
0.9868015802995171 -0.03410564437923545 0
1.00113353021751 -0.02322378406210251 0
1.027244506507431 -0.01140618155071018 0
0.9738222041358469 0.008704192464872149 0
0.9395257630342708 0.04121190280065898 0
0.9833227803529977 -0.02295585331116903 0
0.96898992758945 -0.001739249551415321 0
0.9664697761015482 0.01871707148078209 0
0.9698304392734538 0.03163415985153688 0
0.9368360941369869 -0.03410564437923545 0
0.9540206032382613 0.01709787687728011 0
0.9488033024221372 0.005029673557797152 0
0.9615974880880118 -0.01141230115306725 0
0.9669730249837581 -0.02234418213928667 0
0.9592927425929941 0.04852500268305929 0
0.9534912561911636 -0.03410564437923545 0
0.9670506371034232 0.04163242346865174 0
0.9739202071989789 0.05212046167400206 0
0.9534003623381987 0.0340806634791159 0
0.969072885108191 0.064660543064753 0
0.9592198905582081 0.02579048333091429 0
0.9545217310484143 -0.02167926276565484 0
0.9474420532520715 -0.009228403003239022 0
0.9451636751640753 -0.02715915063928181 0
0.9287653002829416 -0.01596535878901197 0
0.9353755983367094 -0.02388990241011132 0
0.92018093208281 -0.03410564437923545 0
0.01505805874517725 0.8506686180182945 0
0.03692592992803043 0.8128952402183439 0
0.0442416253410821 0.8060459717861285 0
0.03606167996083817 0.8244303704084162 0
0.0535174792214105 0.8366467226742383 0
0.04651240155116706 0.8280768269017956 0
0.05490925024934451 0.8213470604822349 0
0.06457198578467203 0.8288436012616424 0
0.03482287932808395 0.8447798450317665 0
0.07438760851601184 0.8227297758913376 0
0.03831208242957909 0.8347798106827912 0
0.02259362973473979 0.8349040841297793 0
1.030087086043533 0.004121531761148775 0
1.014176899975285 -0.02130507958162495 0
0.9783771411273768 -0.003422698586689005 0
0.9566660113742518 -0.002050856822521046 0
0.9497297899661266 0.0440020552574751 0
0.9395257630342708 0.05464498612998546 0
0.9395257630342708 0.02997073614200603 0
0.8770257630342708 0.01434573614200603 0
0.9208579759507242 0.0355913194713325 0
0.9082757630342708 0.01434573614200603 0
0.9249853259988146 0.05464498612998546 0
0.9310380050526611 0.0355913194713325 0
0.9296282061421204 0.02424329303415646 0
0.9239007630342708 0.01434573614200603 0
0.9259479905016926 0.04446259590361879 0
0.9504320047070126 0.05488838827113254 0
0.9094397165079667 0.04803857036997963 0
0.9180345818982749 0.02434626842374117 0
0.9059336300212829 0.03336153377456934 0
0.9770823277217127 0.06933181410410555 0
0.9689775814339885 0.07402615276541427 0
0.9605241476703269 0.05881037921444896 0
0.9338246861418303 -0.0007343047691234662 0
0.02483268222903174 0.8251970883531348 0
0.008615270843404015 0.8327329472598558 0
1.028439485434959 -0.02646020915115861 0
1.011784323380782 -0.03410564437923545 0
0.9455510958326699 0.02215823614200603 0
0.9478359619663881 0.06384568052311615 0
0.9477765048854775 0.07400357519610669 0
0.9083754934837471 0.02401015616033737 0
0.8926507630342708 0.01434573614200603 0
0.89639615218545 0.02587657254580928 0
0.8889573229755993 0.04517416518944523 0
0.895634774169677 0.03666563176930325 0
0.8796993963871647 0.03103411370027803 0
0.8862958080683837 0.02278361870409814 0
0.9126428444717599 0.03951610974290386 0
0.9427509660965036 -0.001586515874040515 0
0.9374332292702467 -0.01011167917718516 0
0.01458621611321853 0.8403741792011921 0
0.02404202323943751 0.8456202036143187 0
0.03092217522392481 0.864311508092203 0
0.0301180570950145 0.853995576291131 0
0.04880741742375241 0.8577280625782863 0
0.01223281489518687 0.8605790218050478 0
-0.02916330500526511 0.883346582989986 0
0.003770048300938532 0.8426725572209768 0
0.004848359476423185 0.8531159615843883 0
1.022956985761049 -0.019320964286718 0
-0.001669149957318013 0.8313310099986303 0
0.2714155053301524 0.8158991569433237 0
0.2414388300599084 0.1742602554174952 0
0.2833159626999573 0.1998446510931978 0
0.26888803139916 0.2689613255681126 0
0.8533532202553793 0.7857131507101854 0
0.219274824044634 0.8467400517204131 0
0.2935326715222248 0.3063453014250231 0
0.31949508280943 0.7124910140723045 0
0.2582189470284189 0.2030877914981373 0
0.9573548523245614 0.7002569452468794 0
0.9571218481926711 0.7187776420932126 0
0.9436114509099519 0.7207087119669499 0
0.9359777855936333 0.726030045639465 0
0.9980894832050714 0.7140486217196058 0
1.008288560558835 0.710662321468972 0
1.019501808431204 0.7082383130883234 0
1.027150395080277 0.7020203355977643 0
1.015848684939788 0.7184870371517469 0
1.026244000908528 0.7164169789680674 0
1.022845066949787 0.7264847515520458 0
0.4113592403821331 0.7925067083053832 0
0.4026092101395731 0.7887475659234778 0
0.4113592403821331 0.7792421746293245 0
0.4276901695004927 0.7934142630429397 0
0.4052991276478842 0.801527650041266 0
0.4197704205053598 0.7885389744488086 0
0.4192285540593675 0.7982895516370709 0
0.4283303284385988 0.8043060215727119 0
0.4428283536868982 0.7979892138755919 0
0.3745224252870597 0.7610431709888213 0
0.4639339689437764 0.2876047529615886 0
0.1531875 0.1052101665551212 0
0.1327708671078754 0.1086859625635958 0
0.1225658638782977 0.106813752448553 0
1.036767066462047 0.7457287488846028 0
1.03090090687853 0.7533741841126796 0
1.02642049944526 0.7438632750700255 0
1.028102718506868 0.7344601137988369 0
1.003456742353694 0.9445100648146008 0
0.375125 0.06531155026751159 0
0.9806181776060354 0.9075486750758747 0
0.9715973807918239 0.9050428640734619 0
0.9800719626498331 0.8976677880354025 0
0.9952352193742263 0.9081687029577058 0
0.9762833507993671 0.9195338858090999 0
0.9868015802995171 0.9445100648146008 0
0.9989379945992916 0.8986471821607271 0
1.019682158510161 0.9184527006901284 0
1.006246591886138 0.9069701219495252 0
0.9892967670153864 0.9197501781473669 0
1.002227719148375 0.9212287791487545 0
1.036767066462047 0.9139283239022934 0
1.01031422754035 0.9158123032208734 0
1.017858276288728 0.9069851423658559 0
1.012138109761784 0.927279861545146 0
1.026960321528087 0.9114163089848929 0
1.036767066462047 0.9292191943584471 0
1.036767066462047 0.8986374534461397 0
1.026460075576635 0.9008800382224709 0
1.029616327217881 0.9214458920319611 0
1.015736425324314 0.8948832423531755 0
1.020111904407871 0.9445100648146008 0
1.001892083366861 0.932919580430845 0
0.98026403820648 0.932560359993894 0
1.024875520189816 0.9329826780074083 0
0.9910501142392029 0.9344225838070666 0
1.027009778739633 0.7730279147001675 0
0.9972146687915207 0.8721421133947705 0
0.8749510409112835 0.9351558727970087 0
0.8251275273910655 0.6464177416459087 0
0.04377838552609732 0.2190570735635041 0
0.7908532202553793 0.7792421746293245 0
0.7806145840922145 0.7681221567620382 0
0.7674157202553793 0.7792421746293245 0
0.7809126644887864 0.7557065456991637 0
0.7688003699541125 0.7616271312477244 0
0.7741438536799105 0.7465862972708356 0
0.775976730803155 0.7363219145810218 0
0.764156739042596 0.7489422442939341 0
0.7715040295142066 0.7707015979972222 0
0.7596032202553793 0.7702535804987659 0
0.7497984254535099 0.7696211157373055 0
0.8434081370161376 0.8026790930163573 0
0.8212132347733101 0.8011225582215571 0
0.8113544527407741 0.8026826624747349 0
0.8013709252881793 0.8025525999383546 0
0.7909532419589812 0.8049081411866086 0
0.7753282419589812 0.795978813138477 0
0.7935261742548468 0.7920727232560351 0
0.7850773517070849 0.797054697273282 0
0.7869469702553793 0.786749652285636 0
0.7947594702553793 0.7711966444440462 0
0.7775619786320919 0.786862821935431 0
0.7677954634664435 0.7893013515456809 0
0.7644112729948281 0.8007065807201701 0
0.7550998579551886 0.7917389747803815 0
0.7541294918224601 0.8020645494755499 0
0.7433691871623842 0.8049964372727627 0
0.7432722911370198 0.7881843723722519 0
0.7290435573869647 0.7966726910957522 0
0.8064782202553793 0.784536139565175 0
0.7909532419589812 0.8181677636971838 0
0.2095905383126488 0.7883702145582528 0
0.8145532215556907 0.5513944979201081 0
0.3298936594449628 0.8793681644564818 0
0.3456531024487415 0.8814640502625807 0
0.3332057175285364 0.8898430609686113 0
0.2569464957369911 0.8755587985280072 0
0.2617256179279535 0.8673235026154456 0
0.2664934865161129 0.8755947634345215 0
0.3950361254593675 0.8059416890969032 0
0.01575433982959973 0.1724093278242149 0
0.005017663602723649 0.1625693688791478 0
-0.00264650260945419 0.1697923112452403 0
-0.006616111883709314 0.1586679638109386 0
0.1522087283682485 0.2860617854526095 0
0.1468721699313665 0.3077073070712644 0
0.1588994925687281 0.3065194763323295 0
0.1547657944818951 0.3148784176323998 0
0.1422773092051637 0.2947569688300076 0
0.5279677255196814 0.2184080217199977 0
0.943904561836767 0.7434170007099077 0
0.8454790192530883 0.5831982364113527 0
1.010010797334532 0.6258330064202253 0
1.010488888636791 0.6350509478334048 0
1.005812394556943 0.6127834334776894 0
0.9995494209760506 0.6046456779779703 0
1.020546864974707 0.5862777040283097 0
1.028393382556334 0.6327899625077482 0
1.019307369371633 0.6280565986529311 0
1.016945126092095 0.6173871324338842 0
1.036767066462047 0.6234017852353733 0
1.026054795137902 0.611036758544401 0
1.036767066462047 0.5928200443230658 0
1.02113190240587 0.6033870577688636 0
1.030545791973972 0.6004654795511426 0
1.03042130451033 0.585174609094989 0
0.2061516364919213 0.3054086660040142 0
0.1803397313468644 0.3248193638755783 0
0.3245798487513736 0.3398848440410511 0
0.3158425908233731 0.3610127056532945 0
0.5179374999999999 0.1052335713160158 0
0.5981079700508314 0.1803264999631091 0
0.7945369428664906 0.7199995835437244 0
0.2166371419433219 0.8895177361926248 0
1.036767066462047 0.8680557125338324 0
1.026061628315921 0.8718248415062131 0
1.031642322091791 0.8604102773057556 0
0.8632330714764502 0.4714605489494623 0
0.2144547254726427 0.713242781149063 0
0.3053859453326614 0.6749875706693264 0
0.3149140055877103 0.6769910511606479 0
0.311152213930271 0.6859718084509558 0
0.7313912605578293 0.8857920471502299 0
0.2851811174073182 0.9279201880305334 0
0.2748762648115975 0.9320571918169811 0
0.2789571929970049 0.9445100648146008 0
0.283120983510549 0.9366097345302246 0
0.2924317041290238 0.9367500191507526 0
0.2623020309428281 0.9445100648146008 0
1.011663025648718 0.8487979786639588 0
0.3331958844017674 0.7026129674873054 0
0.3367664580380907 0.9206353332075112 0
0.2538281660559686 0.6369936157690739 0
0.2112147434196043 0.6273702992024091 0
0.2187513081138836 0.6332216570134833 0
0.1985421866608724 0.6134034137600382 0
0.2169745272676227 0.6182118661094883 0
0.2279959932700191 0.6134774750362596 0
0.2086796839354967 0.612275898053991 0
0.2342233172336348 0.6210903248684151 0
0.238034721035964 0.6116191844965011 0
0.2475061609274819 0.6045532404677573 0
0.2443621616206368 0.5930859522902211 0
0.2653029965713773 0.615913282337942 0
0.258060221224069 0.6076395036207113 0
0.2685297650032275 0.6004759598024141 0
0.253407886203625 0.6190191192845979 0
0.2620559853612161 0.6278090710816795 0
0.2736132530941397 0.624572643572835 0
0.2760624855678769 0.6139048589787883 0
0.2815960648927754 0.6364632740201803 0
0.2701681903076639 0.634524028909659 0
0.2914752554265926 0.6393895305022855 0
0.2020342939996637 0.6229674546462147 0
0.1889333531242248 0.6226468775547459 0
0.2275103935093508 0.604469258023788 0
0.2774565476221174 0.6454806628690313 0
0.495160978936501 0.07688790483676725 0
0.5042256060725944 0.07220952139061397 0
0.7648579228160074 0.6231153255336795 0
0.8123470562561727 0.910020618190102 0
0.8173942654476224 0.9175697359599743 0
0.7119914064056007 0.93144897949123 0
0.7214938523200016 0.93457566371959 0
0.7119914064056005 0.9445100648146008 0
0.6995722501820217 0.9327160065141691 0
0.7164749563766363 0.9215366452175358 0
0.7004628032046625 0.9202641908194047 0
0.6703535012701587 0.9445100648146008 0
0.6870086633243355 0.9445100648146008 0
0.6806068384374098 0.9251018475456974 0
0.6913106512444103 0.9258673835191428 0
0.6853279460154751 0.9343045179021845 0
0.687152111374234 0.9087988261953756 0
0.6742685116087217 0.9341658386285998 0
0.653698339215982 0.9445100648146008 0
0.6651852891601231 0.9210659147518021 0
0.6620259202430704 0.9354453242724545 0
0.6453707581888937 0.9285021417507662 0
0.6524387067590668 0.9349953131923258 0
0.6552852823702673 0.924803369733456 0
0.6437711178598281 0.9090770394526767 0
0.6561437057503668 0.9120966067005625 0
0.6553102715384382 0.8886536379280336 0
0.67117356082859 0.9059875145301888 0
0.6524209230913567 0.9004926581164195 0
0.632878280508825 0.8894511302997193 0
0.6636379684924402 0.896958124569005 0
0.6442067430957175 0.892215875630196 0
0.6741956839010083 0.8780431718808928 0
0.6434436425728519 0.8707512639406429 0
0.6662493281453281 0.8860117370051366 0
0.646852258817476 0.8813759528544481 0
0.6595370528043966 0.8713717828932268 0
0.6811571583056256 0.8929316305081269 0
0.421733145968461 0.373904056029594 0
0.2289917068344746 0.9377758332039234 0
0.1290770694458366 0.886447067173038 0
0.1287730646383402 0.8964711180124321 0
0.1392393717909588 0.9036938573672334 0
0.1143385132281003 0.9079970098727442 0
0.1479428288224039 0.9079372830120628 0
0.140566334268427 0.916135464549737 0
0.1273210729373285 0.9124895418433163 0
0.1152182063094182 0.926459690304282 0
0.1229828731938061 0.9040212853893815 0
0.1152012891146121 0.8984874155792693 0
0.09791201386661377 0.9017127490901033 0
0.1057182507283899 0.8861463253990177 0
0.1184735793854212 0.9170522836098248 0
0.1050951742496594 0.91768972574509 0
0.1148446018920968 0.8828187431715654 0
0.1072553717705419 0.8761831642075194 0
0.1057760822220185 0.8959158710307928 0
0.09614865541903594 0.8910879172576645 0
0.09362877693163553 0.91324171166553 0
0.08836207492708373 0.8978389676140905 0
0.09683052567543401 0.921991464802181 0
0.0803941562296332 0.881301928588105 0
0.1048461157664186 0.9081984581350778 0
0.03745734321144192 0.9445100648146008 0
0.08742282937397219 0.9445100648146008 0
0.10513984246721 0.9278655764940352 0
0.07076766731979545 0.9445100648146008 0
0.1207331534823257 0.9445100648146008 0
0.1114993165766497 0.9366274002836015 0
0.0797187527551932 0.9232924055016952 0
0.09442357374008606 0.9342103494192628 0
0.0831282146781378 0.9340619334868633 0
0.07081843879364534 0.9320345586858901 0
0.05411250526561869 0.9445100648146008 0
0.05977116984521068 0.9118856807375824 0
0.06244008629270707 0.93823831774397 0
0.04715821838725069 0.9266116874180962 0
0.05977697417130293 0.92588222848819 0
0.06900667507451344 0.9188801258802707 0
0.07339378837227592 0.9034928270374435 0
1.026468185961857 0.6802291967622274 0
0.7744177675184455 0.4796080418006707 0
-0.01987840628374618 0.3152729415003523 0
-0.02249992610840064 0.3245466154939498 0
0.1063125 0.09361054331422358 0
0.0111449502529413 0.07239438656063625 0
0.02832793094040572 0.06565690350357734 0
0.02802917018597987 0.07494067669087802 0
0.5309007247255157 0.3304614433182974 0
0.727407031739139 0.9049987620724432 0
0.1457158965635909 0.9364583735046241 0
0.428019931740862 0.740284224211496 0
0.4340867383129721 0.7480103352127022 0
0.0245403004301238 0.288626833907098 0
0.7942558681230413 0.7405287996775146 0
0.7911850709248589 0.7526739386744141 0
0.8838132177627811 0.3795668744570791 0
0.7450173428868079 0.7244478416160914 0
0.7528967065566503 0.7165010776425456 0
0.6898676534768247 0.7006914424561577 0
0.7376790634526962 0.5464467058370005 0
0.6847698460542598 0.5434137722606162 0
0.5401309002710984 0.1267263355499676 0
0.5245034486098116 0.03699879725397164 0
0.4915680359396658 -0.0101444197837039 0
0.1790262206719444 -0.02887559013444689 0
0.0296834222432338 0.02399667014455519 0
0.02935952270559101 0.04788206508742331 0
0.6654050340585578 0.5640308596764277 0
0.9884178665506914 0.5518085357221434 0
0.9983395828956476 0.5420103544555084 0
1.023607604185703 0.559190347540567 0
1.031773966363473 0.5698837386388353 0
1.031605169221526 0.5545928681826817 0
0.9972597189194343 0.5300091103529687 0
0.07355500509667427 0.3986336995225944 0
0.102260989763809 0.05449106656532895 0
0.09577109611146815 0.0604482390503603 0
0.6494610518807473 0.2064328352365832 0
0.5648124999999999 0.1049669192664001 0
0.7265014540203857 0.8653979950235873 0
0.6827969593777604 0.8264243644163716 0
0.6915078872051343 0.8198417877906413 0
0.6496320843998163 0.8121911037891268 0
0.6765056965384412 0.834237013857042 0
0.6747501659109568 0.8442589232909077 0
0.6666751939930105 0.8121911037891268 0
0.6578618505065796 0.8361358970633678 0
0.6710905369774457 0.8234369731725161 0
0.664134783114617 0.844711532522281 0
0.6559136428622796 0.8570203235739358 0
0.6530714229829542 0.8462221038463373 0
0.6668898685022916 0.8323008014469957 0
0.6575494020644662 0.822856613073803 0
0.640290136755322 0.8553594533217618 0
0.637586574564165 0.8326868939734829 0
0.6472378138024107 0.8372707343684718 0
0.6380672559156415 0.844127046893545 0
0.6466859258057577 0.8259805064695127 0
0.6192667383818318 0.8536838046182613 0
0.6325889748066222 0.8121911037891268 0
0.6300147474195775 0.8515567854877303 0
0.6307584814739995 0.865331272149003 0
0.6215937614797157 0.8372236381162728 0
0.636755093933344 0.8220324473800281 0
0.6276463497770799 0.8281029682555916 0
0.6142162365730868 0.8257592013574545 0
0.66490414366541 0.8623835741252447 0
0.6764221924183539 0.8631545423863632 0
0.6853963246422237 0.8721073674991651 0
0.6951437832889351 0.8672504215067738 0
0.7007447674369134 0.8832498835690584 0
0.6837972426076303 0.8826254566974773 0
0.6920027390998137 0.8902186562481009 0
0.7063738833425866 0.8992790069103257 0
0.651696370831312 0.865718229809769 0
0.6331563562908853 0.8772736118616575 0
0.6114299375774023 0.8828694194308618 0
0.6206208672999451 0.8735786820222837 0
0.6225951025274994 0.884723174440782 0
0.6046290406910919 0.866950116774033 0
0.6208989145787982 0.8635662344037526 0
0.619355330064451 0.9053163901478015 0
0.61127399084427 0.87352368216307 0
0.5998881376039972 0.8783878408212096 0
0.6152973884444551 0.894126533246402 0
0.5948200524592696 0.8695857271469036 0
0.5884856115041851 0.8790930835939927 0
0.6254171330603185 0.8967873859484934 0
0.6362274254115065 0.9003195012860693 0
0.5974898298738651 0.9069150727395888 0
0.60094706887456 0.8927637738197103 0
0.5787122702741494 0.871990073442551 0
0.630716433042128 0.9126944535506333 0
0.6081971243326196 0.9030321298025531 0
0.5882774098687478 0.8917978072368641 0
0.574066364420465 0.8624089954172049 0
0.6203880151076284 0.9445100648146008 0
0.5771058878254275 0.8959178040571653 0
0.6097268637570988 0.9239546805636152 0
0.6391236375181182 0.9354223211692052 0
0.6060113726869508 0.9137091380480417 0
0.5809082713796111 0.9117350939360274 0
0.605803199325458 0.8392790965837065 0
0.6073788378151295 0.818239960530015 0
0.6036090624486716 0.8285362073697289 0
0.6395485122186233 0.9192031830114452 0
0.5925422810483448 0.9243901046445193 0
0.6488465065892515 0.9179860115925824 0
0.6308529867125019 0.9311197945731019 0
0.6037328530534517 0.9445100648146008 0
0.6196617151149482 0.9172808262462219 0
0.6280681768906536 0.9219272567991432 0
0.619622962134678 0.9295037581905349 0
0.6099423593458153 0.9351691474430097 0
0.587077690999275 0.9445100648146008 0
0.5984602255840547 0.9342706244563872 0
0.6287155961347168 0.9445100648146008 0
0.6245518056211726 0.9369797063823858 0
0.4954742997013027 -0.02835257636571081 0
0.5142751862234329 0.3920592195835438 0
0.4672969789243888 0.4488309306606845 0
0.4766829568555712 0.795722845588609 0
0.4671737149323971 0.7517422442856774 0
0.4698791219882359 0.7610768380805699 0
1.021814605881409 0.5138088073421293 0
-0.01021659667541962 0.3451588256012127 0
0.1207203286556984 0.4206254363301783 0
0.1426591827402786 0.4842680271119203 0
0.04169062270053513 0.4085669523587783 0
0.04548205107132983 0.3992450947342803 0
0.05487436544987128 0.4015238879684943 0
0.7556939328957399 0.5253705536893613 0
0.735459458390876 0.5237837947154934 0
0.7275402543923807 0.5170899557553114 0
0.7385296127300649 0.5121202612811461 0
0.7092829679759959 0.8178116770878371 0
0.5960143731696878 -0.003371236243270764 0
0.6213411387665081 -0.003917692415228324 0
0.5203143605979547 0.4008949314363584 0
0.9201268292786885 0.3853207480390853 0
0.9149927389278709 0.3719825860321703 0
1.000095490557478 0.4031476688066352 0
0.9701685376031041 0.3941013366694924 0
0.9828553026759472 0.3952700319680508 0
0.7161594724245266 0.4637312659722552 0
0.7335838086988862 0.4049745585107616 0
0.6936270415808345 0.3904466698417897 0
0.5256757442106497 0.7957089079213813 0
0.4146339720632684 0.6419378320430751 0
0.1265398998572629 -0.01593218607906732 0
0.13196200770348 -0.008657819581323743 0
0.1216565251788533 -0.008252193556524283 0
0.1207331534823257 -0.03410564437923545 0
0.1366034108260794 -0.02224954200495568 0
0.1464663377726122 -0.01954377870166821 0
0.1271463409481617 -0.02614036393753641 0
0.1159993929446099 -0.021680472435137 0
0.1570885157396145 -0.02383433055824054 0
0.1013555949942351 -0.01956201168206036 0
0.1124055724552374 -0.03410564437923545 0
0.1082417819416932 -0.02616900270700562 0
0.1039038443469859 -0.01104143943885891 0
0.07076766731979545 -0.03410564437923545 0
0.08873673406304719 -0.005621980340801476 0
0.08742282937397221 -0.03410564437923545 0
0.07726769993093356 -0.006743335056897252 0
0.09084833642950725 -0.0234416774581953 0
0.08466629460398893 -0.01513927928431631 0
0.07927525270700551 -0.02560630013242809 0
0.06739468223123071 -0.02222179939179475 0
0.05411250526561869 -0.03410564437923545 0
0.05208128119886415 -0.01328627468228153 0
0.25233902355682 0.4736114869521191 0
0.2629965260562822 0.4716036938570779 0
0.3939815137485979 0.3961247590189833 0
0.4621639755929492 0.9358971891841127 0
0.4740754316013525 0.932712596715484 0
0.4798107662763154 0.9250752740688996 0
0.4871467186742144 0.9445100648146008 0
0.4843567066089263 0.9344612687502851 0
0.4954742997013027 0.9367862254733696 0
0.506205260464879 0.9335676454132502 0
0.5204570427825679 0.9445100648146008 0
0.5159894493170774 0.9355765970271427 0
0.2748637012924479 0.5068393209246936 0
0.1950094043336874 0.7287521150766214 0
0.1887483691658428 0.7425010563914383 0
-0.0199372799089835 -0.02548160354384963 0
0.3338838435088838 0.5169249797778975 0
0.5583376024473687 0.795707365221997 0
0.7890099241952525 0.3434133244400867 0
0.06048085073202161 0.4964218369997214 0
0.01680457092968496 -0.00255311182986875 0
0.174263663679203 0.03097195325713568 0
0.6363159579985874 0.4854319483269776 0
0.6821523105683616 0.1960139219310577 0
0.6908519860079992 0.1903894691392863 0
0.6358506230534789 0.03597299068109312 0
0.4184000358504609 0.5134621977371977 0
0.4292581900539755 0.5148677064683526 0
0.4154994316682198 0.5245809849227897 0
0.4059699199457314 0.5280097660074881 0
0.4137325821659404 0.5346273695717826 0
0.3642453517337237 0.4735274530266652 0
0.2698162233072594 0.5539440660831211 0
0.2563291959509368 0.5679412242620536 0
0.9874023852168619 0.2983783226827553 0
0.1278388358593079 0.5645619088329048 0
0.565387461271742 0.5443817873961289 0
0.6507494491388407 0.04090717936140625 0
0.7212274195882755 0.05812541204372233 0
0.8794074533191869 0.3209804646808379 0
0.6929510334618099 0.372195213132569 0
0.09301012887856061 0.496830230036947 0
0.618444415139724 0.7213297098145082 0
0.6240142834799867 0.795703747641445 0
0.5755543077358305 0.5823069143427296 0
0.5791340728385252 0.5723550493805566 0
0.4847129592656369 0.6795793781963356 0
0.3636328035672143 0.5778792214570161 0
0.9651105476215001 0.2831816317639653 0
0.9414262560071867 0.2719458966271918 0
1.014818206741319 0.2530796884288284 0
1.026530752046124 0.2423921893452542 0
1.030131927239623 0.2640663295157615 0
1.025947502008755 0.2537329583237143 0
0.5909994606840878 0.7957058237086744 0
0.06727118134997813 0.8493914241178009 0
0.06374468157757886 0.8394034740900103 0
0.05600941697622653 0.8477511412114234 0
0.06021264292820631 0.8583732065044597 0
0.04523446459919397 0.8475609699781992 0
0.05336636796840935 0.8782689530422141 0
0.05398369007062068 0.86735557774879 0
0.06379577432842748 0.8733847518721476 0
0.04162175279171727 0.8721304640627868 0
0.07338933923771805 0.8746296818061616 0
0.08225602773755084 0.8682331749637598 0
0.06668887001998174 0.8886772332229563 0
0.04042407432998428 0.8625391755353772 0
0.03661221282242434 0.8960196713160111 0
0.08847009490174641 0.8757854818509564 0
0.07765753704238942 0.8926382528762673 0
0.04248597953934512 0.8847815425258324 0
0.05383589503663896 0.8913984423444504 0
0.0234939041421205 0.8820091340706124 0
0.0622857799451105 0.8995948674783611 0
0.03362693788961061 0.8790316677989339 0
0.05026129183565687 0.9035373875537737 0
0.0485691780421182 0.9150556324281921 0
0.02737800064492804 0.9183324176914314 0
0.03903434886272719 0.9077714824620373 0
0.03843570090407847 0.9196825297283601 0
0.02541527923198305 0.9044529586845371 0
0.03575629783224905 0.9320099889564509 0
0.004147019103088404 0.9445100648146008 0
0.02080218115726517 0.9445100648146008 0
0.02912976218435354 0.9392775259534738 0
0.01731653635944544 0.9297197257674508 0
0.02565981882966248 0.893127869069372 0
0.005461289354891031 0.8983569126305286 0
0.01397893112955167 0.8896329642106527 0
0.01586821653699359 0.89999765238576 0
0.01565474243540761 0.9129117208991598 0
-0.005745043661932505 0.878895509285331 0
0.01028677734932668 0.8752754181631268 0
0.002602684588543515 0.887045827862155 0
-0.01727570645798851 0.8820600122455575 0
-0.007792039744845792 0.8893422048532589 0
-0.02916330500526511 0.9139283239022934 0
-0.02916330500526511 0.8986374534461397 0
-0.0006368541901812831 0.8659282715216963 0
-0.01212289438251772 0.8495909202410366 0
-0.01862984800963362 0.8936399529930537 0
-0.02916330500526511 0.8680557125338324 0
-0.00656163601266207 0.8406524002025294 0
-0.02916330500526511 0.8374739716215249 0
-0.01292624054771552 0.831367185807485 0
-0.008183865364081519 0.9041680695902373 0
-0.01492915644505569 0.8680205705461803 0
0.0268875539362576 0.9280377239510054 0
0.01247460013017678 0.9386667278476724 0
-0.002047814845370464 0.9268258924699473 0
0.02024506797999011 0.8691170134524226 0
0.02197655690630576 0.8594637037130874 0
-0.004726415184976321 0.8565971248437729 0
-0.02177154221409689 0.8451194068496017 0
-0.02277184721023515 0.8298285363934481 0
-0.003227283417334702 0.8968809546472896 0
0.002811167814901623 0.9110598181503957 0
0.007895902743845277 0.9212586819616386 0
-0.008140993211960976 0.9163162341591938 0
-0.01250814295108835 0.9445100648146008 0
-0.01810180313121443 0.910277228971751 0
-0.01127802111739268 0.9251561353272124 0
-0.008303733848375253 0.9350612364591809 0
-0.02916330500526511 0.9292191943584471 0
-0.01893342421058235 0.9328539945958839 0
-0.02206506278312284 0.8604102773057556 0
-0.02149599256957201 0.9215737591303703 0
0.5992747658663202 0.7338223678264824 0
0.5168467829103787 0.6582503531588338 0
0.5058707406590672 0.6574854529750013 0
0.5142244601114709 0.699325482058292 0
0.5532149905030354 0.5120435390544823 0
0.5285668878476462 0.2720445691196974 0
0.5458571380152963 0.2644896255250435 0
0.4079807279109519 0.5523925894373966 0
0.8377582943812539 0.2801816431267821 0
0.8026017340247307 0.2579326105060473 0
0.5590108537594269 0.570399789493389 0
0.5435139009468821 0.6922836854793677 0
0.542650255474642 0.7116755492732122 0
0.4922190269781899 0.643321890877587 0
0.7362529584817258 0.2149655137960968 0
0.5695826183775504 0.2896085681767184 0
0.5776586306664041 0.2943277697167606 0
0.5731976881533245 0.2761779362962726 0
0.6900476800948209 0.1050317901372626 0
0.700999968873417 0.1119556432474921 0
0.7061430402844628 0.1041247806264194 0
0.7162922887896875 0.1120033264449416 0
0.6963992330863265 0.1211712604002994 0
0.7222384004741047 0.1045056066506898 0
0.7201902253708704 0.1219684022108552 0
0.7291200586642841 0.1113273752870022 0
0.692787198499245 -0.02084105187200671 0
0.6846986072289195 -0.02520833510159979 0
0.6953362443514239 -0.03410564437923545 0
0.699500034864968 -0.02642827189666096 0
0.7369741494868658 -0.03410564437923545 0
0.7019491173632865 -0.01665956945520291 0
0.720318987432689 -0.03410564437923545 0
0.7140979709627762 -0.01128459726486036 0
0.7119914064056007 -0.02462142267642436 0
0.7266950132956135 -0.02010909203162785 0
0.6937858947936963 -0.01157082045426795 0
0.7121718515461994 0.002419862354934375 0
0.7286465684597774 -0.03410564437923545 0
0.7328103589733216 -0.02639075239823212 0
0.7536293115410425 -0.03410564437923545 0
0.7384810218446319 -0.01475267993444783 0
0.7548850680976199 -0.00468682774863801 0
0.7273128610086769 -0.005823668464553148 0
0.748480475961696 -0.01264897836834769 0
0.7628300471739643 -0.01763454462760301 0
0.7407075175242812 -0.0005189214245579724 0
0.7227627305093521 0.003845660947441269 0
0.7361731978270377 0.02600027524017113 0
0.7446721893645037 -0.02496988713875069 0
0.754829042869847 -0.02397050323274567 0
0.7832757630342708 0.01434573614200603 0
0.7498207164715054 0.004283405141801212 0
0.7676507630342708 0.01434573614200603 0
0.7598382630342708 0.007360943649988263 0
0.7754632630342708 -0.002254098081527125 0
0.7649759028299787 -0.001793380054396011 0
0.7325918985117391 0.005185960131105014 0
0.6989732597574563 0.00461435439613277 0
0.5771100890712342 0.6728823201361789 0
0.5109724680680745 0.4902592087287505 0
0.582811343461354 0.3487823501273726 0
0.5716959174706285 0.3512991270405045 0
0.6337166716629367 0.3790117563350435 0
0.6256815220898221 0.3716328067914618 0
0.7061430402844628 0.09269576609349409 0
0.1125990592284634 0.5606227154130545 0
0.1110405854012513 0.5762403931328204 0
0.1187668180894088 0.5838249623511986 0
0.1927605718631438 0.7083014809759665 0
0.6987194645819698 0.7188483527230332 0
0.6988754588844396 0.7094382980948267 0
0.713401791832179 0.7109133541586447 0
0.7092829679759958 0.7957391579406879 0
0.7453684112059847 0.739019120269903 0
0.7525964611930789 0.7463795029728703 0
0.7643685081413993 0.2224801699457427 0
0.7523326210828746 0.2182140599481556 0
0.5595069235297605 0.3767674128130429 0
0.5488979887998405 0.3796453842245623 0
0.538687474564158 0.3781234150270659 0
0.7262886049120892 0.08940908024530383 0
0.8532071473484559 0.2208602974648519 0
0.5157635715000478 0.9207515358271501 0
0.5342851215407162 0.9322009909307345 0
0.5537673668909214 0.9445100648146008 0
0.5287846238096563 0.9445100648146008 0
0.5246208332961121 0.9368439217265435 0
0.5454397858638331 0.9361182380928538 0
0.5620949479180097 0.9279184106819938 0
0.5551445481427226 0.9348155999613394 0
0.5488304215227346 0.9245767937822426 0
0.5469424551184215 0.913267693689467 0
0.5628578511742907 0.9111028144223623 0
0.5572199538404264 0.9192721339705421 0
0.01404032644925968 0.5321665320655327 0
0.7468315341977501 0.7565303573244944 0
0.5581842702141599 0.887887083352393 0
0.5681734486877061 0.8855247752657885 0
0.7313340310936423 0.7512095305546764 0
0.705599413012537 0.3359375602990032 0
0.8268582417067774 0.09932806945931194 0
0.7594447435008231 0.05537228027194484 0
0.7733871024797544 0.05663006370501494 0
0.7740702331933496 0.0692363385265382 0
0.7843357216086433 0.03689206968916581 0
0.7756422731225736 0.04497541786430852 0
0.7680843703860729 0.03169239549377785 0
0.7921608155860549 0.05402424444410291 0
0.7823565817098829 0.05232014501716766 0
0.7857494164222368 0.06185558238533263 0
0.7988995849406174 0.06608130129790961 0
0.7615296610467005 0.03775648786756753 0
0.7587491333975666 0.02422802887351479 0
0.747449416262707 0.02496448180532156 0
0.7992266942908438 0.08301567887852557 0
0.8169040359282089 0.0481067938054414 0
0.7952820799801741 0.07462152613307169 0
0.8066531910266275 0.07440187845319385 0
0.7878594474739833 0.08323351066395712 0
0.81223140028078 0.06143085000470239 0
0.8118073993625693 0.08635396836308766 0
0.8238046230487891 0.07409290357620021 0
0.815292252935143 0.07776377028897971 0
0.8240246773262097 0.0863082850243287 0
0.8423968362771238 0.07986764652271244 0
0.8321465583393578 0.08005230039656265 0
0.8369923112511486 0.06445103948810041 0
0.8374480132991885 0.08974740913268008 0
0.8590489620860612 0.09932806945931194 0
0.8626795421617486 0.07272618590721142 0
0.8491177944902581 0.08941353494232687 0
0.8535453200640163 0.07915730287922677 0
0.8473319664178179 0.06948193936935657 0
0.8656755483599664 0.08668376525626149 0
0.8510805364676873 0.04863713318172126 0
0.8462665940825631 0.05853089084520523 0
0.8333106235737744 0.04845899950342117 0
0.8600871210104173 0.05913743282564757 0
0.8045804610810056 0.05126637396503864 0
0.7959895287843051 0.04192234860489376 0
0.7989007630342708 0.01434573614200603 0
0.8188105616119563 0.09426129453821676 0
0.8889204830194888 0.07439388308975486 0
0.8670966421808821 0.09932806945931194 0
0.8711204822282926 0.113594386182855 0
0.8630728021334716 0.1081636247018871 0
0.8510012819912403 0.1083271349234745 0
0.824890380932626 0.05838889387007846 0
0.8558770363269943 0.06698228369688908 0
0.8676611170912303 0.04352804352676744 0
0.8755648241099439 0.07726068655714857 0
0.8979994990347352 0.05518015969368623 0
0.8604813196881386 0.0496864822859911 0
0.8457757630342708 0.01434573614200603 0
0.8711545629814166 0.054865359007238 0
0.8423137162718274 0.03676326005758265 0
0.8671515389300031 0.03099046152803309 0
0.8781427189488562 0.046505162261069 0
0.8852355202022683 0.05953466520724894 0
0.8569878737979522 0.03834916680552045 0
0.8734516828855151 0.02347669628334519 0
0.8614007630342708 0.01434573614200603 0
0.8555604491046508 0.02567938602113991 0
0.891710042654987 0.09932806945931194 0
0.8721833941287984 0.06629466876201749 0
0.8422210729237605 0.04600499492243498 0
0.8254336429456128 0.03308244402642351 0
0.844217881213803 0.0255812371893615 0
0.8301507630342708 0.01434573614200603 0
0.8766681522048525 0.08831940872376309 0
0.8834271824653451 0.1093648889204754 0
0.8934598878384491 0.1092082393976493 0
0.8904254350173042 0.1247237912587087 0
0.8802342220064637 0.1200935757731597 0
0.8809329954940066 0.1320862162351208 0
0.8695145804697341 0.1254859656944874 0
0.8926853704703607 0.1374381015210174 0
0.8815206362671202 0.06834245467020818 0
0.8999222389388615 0.04552630378305141 0
0.9116797883840495 0.06436089598771932 0
0.8942851906244053 0.06517695103758676 0
0.9035439024238479 0.0767357043265844 0
0.8330042331606928 0.03891009825905867 0
0.8346629316642133 0.02892408684394535 0
0.9068988007653466 0.05670216126977268 0
0.9158216266654279 0.05461470337199816 0
0.903114921445154 0.06759177271053708 0
0.9216236956466576 0.07976046834145191 0
0.8944981424986311 0.08639300863802711 0
0.9132516422234455 0.07425621566627741 0
0.9236700696374003 0.06752876417302411 0
0.9112052682327028 0.0864879198347052 0
0.9318041626177217 0.06185011927568432 0
0.9207140017393214 0.08978261964378065 0
0.9316379991393711 0.09144030556441213 0
0.8860127046047834 0.09133201916235478 0
0.899992902844629 0.09434539413330877 0
0.8027152014223143 0.1073652215263553 0
0.8756846005790281 0.2128706185772894 0
0.8755976645525041 0.2013704985406946 0
0.8875517945089761 0.1972804192204234 0
0.8915500176643654 0.2065242936605354 0
0.8813976379536458 0.2199736807297613 0
0.8316909756152407 0.1243525423449955 0
0.8220324326167396 0.1132389171696152 0
0.8126799342413051 0.1092953203598131 0
0.8321571509599918 0.1089587969266675 0
0.8157677540855722 0.1199007656292862 0
0.7866198412326725 0.1044938629786541 0
0.7691916039633695 0.1387560184720492 0
0.8659708643894044 0.147583885029828 0
0.1739100547249708 0.6397455685274116 0
0.1835557633431505 0.6416505895709841 0
0.193342761294729 0.6409639532301197 0
0.7048757002123935 0.1312197214285668 0
0.8868129026562532 0.1511218159733352 0
0.8838920365652964 0.1816337100900313 0
0.174095223336136 0.6249354840818907 0
0.169738885775017 0.6094731435170964 0
0.1795133855651475 0.6056625246844286 0
0.1903955243887727 0.6061707689185882 0
0.9041726754111795 0.1410895196780264 0
0.8606634120580851 0.2285971615504302 0
0.05112615407336949 0.6074267178035788 0
0.09531183702123931 0.6470731977645279 0
0.05808357454570298 0.6796753460081965 0
0.0172431629980527 0.6915439741908432 0
0.02400582269359184 0.7084985391214422 0
0.04031279810080069 0.735054109424831 0
0.08592870955595051 0.743834856027246 0
0.08862722019944563 0.734844484216529 0
0.09550045708959529 0.7457894070966726 0
0.1052381144225868 0.7432152286909525 0
0.08255781974165854 0.7537387835189669 0
0.05955030196458098 0.7626441172243265 0
0.04672417079568986 0.7645136421545546 0
0.006305537363410246 0.7605836291140194 0
0.01513398131001315 0.7687665470717799 0
-0.0188267585124213 0.8037523410950315 0
0.9118533510557217 -0.0190635608496815 0
0.9317132630342708 0.008681607437806101 0
0.9203158588017699 0.001181166033457077 0
0.9160882630342708 0.009402797831329142 0
0.9034195470000616 -0.001975140307045053 0
0.9260993526035061 -0.006623966281505278 0
0.9152720455892724 -0.008601539098859117 0
0.4440382898491587 0.8073869091735107 0
0.4530253358392711 0.8014531071739588 0
0.451091582774644 0.7904048293791188 0
0.4412021407704512 0.7879238365884821 0
0.4637158803588853 0.7938885983561389 0
0.4703483790384336 0.8234580683971552 0
0.4691472352524436 0.8022440551526064 0
0.4603520277372116 0.7846755290080841 0
1.027613970431964 0.8897621569828964 0
1.011784323380782 0.9379037450809569 0
0.7753282419589812 0.8059673314598582 0
0.7386567746592072 0.7966172854956575 0
0.72632607756919 0.8065336652224407 0
0.7190210775995681 0.7992156312530988 0
0.7217647972624169 0.7890071928326635 0
0.3454739185554203 0.8718888720421203 0
0.3571513392717811 0.8794219162208324 0
0.3529188754548791 0.8889825077543762 0
1.026827151792173 0.6211903659803949 0
0.2581093548384824 0.6454535485581815 0
0.2461837034678529 0.6440034408591184 0
0.6779034486475665 0.9145511053356321 0
0.6800377088526132 0.9024206877137815 0
0.6891618100647858 0.8994002387439165 0
0.6978159200318573 0.9061649064401892 0
0.7075908218828296 0.9116279412986549 0
0.1251557803920289 0.9332911349913946 0
0.1351503913942426 0.9346718567824731 0
0.0457849242385303 0.9374454790456896 0
0.05431805926598124 0.9335238256338155 0
0.0836657835173935 0.908046584128119 0
0.6580879999534247 0.7957005366101152 0
0.6240674200100251 0.8182676787038016 0
0.7077529332900734 0.8766302729190364 0
0.7103567135805802 0.8864064583224009 0
0.7147911323469491 0.8948309174212719 0
0.5872918517910876 0.9027640480716395 0
0.6145273835899411 0.844619215451596 0
0.6066731839045147 0.8544969901164188 0
0.597827456173139 0.8594393238689043 0
0.5901374142677656 0.8501799647419501 0
0.5883619226217837 0.8400020557808345 0
0.5997311360126065 0.8472600421432573 0
0.590681647258341 0.9144254266285124 0
0.5787501099721866 0.9314462175198467 0
0.588369905583118 0.9345001975333491 0
0.5787501099721866 0.9445100648146008 0
0.569369707511736 0.9346527992756215 0
0.5825621111927088 0.9218898818762515 0
0.5718085460490552 0.9231387757108439 0
0.5717996834884914 0.9137992370840752 0
0.5698693808219165 0.9040258852401793 0
0.4766829568555712 0.7854596916317355 0
0.4870402159032243 0.7905912686101723 0
0.4859404289305783 0.8013895417906829 0
0.5002252632785982 0.7973892871121225 0
0.4947069251186169 0.8051889701166547 0
0.4966678162943672 0.7881036169008279 0
0.5088882608133424 0.7887461086675528 0
0.5186470344995773 0.7889363819826302 0
0.5143903278567085 0.8003876617438428 0
0.5061346618333691 0.8044306488211012 0
0.5257085638321441 0.8059733788309245 0
0.5360915084915588 0.8008078924779326 0
0.5349114229888584 0.7900307658765869 0
0.5462928719436146 0.7942376800711983 0
0.5513932119763457 0.8025289338114266 0
0.1457158965635909 -0.02918654639312767 0
0.04720715658577995 -0.02427058666872074 0
0.05742209866374912 -0.02444022100499266 0
0.4963259044514709 0.9262702401946834 0
0.5583376024473687 0.785450049619754 0
0.5686792465226136 0.7905787074208754 0
0.5675949460485745 0.8013832724914435 0
0.5789382839827718 0.797064951491283 0
0.5778166962769659 0.7874826423904335 0
0.6240142834799867 0.7852689301296271 0
0.6340967475089897 0.7904863388855361 0
0.6139318194509836 0.7904863388855361 0
0.6333206008982021 0.8013371749758792 0
0.6240536008067166 0.8061424416543121 0
0.6452996554834177 0.7967408451927672 0
0.6142596348665647 0.8013743569584812 0
0.6031854932044715 0.7962588322112388 0
0.6433882165330207 0.7870041336980638 0
0.6522553147247124 0.8031229594894592 0
0.6419824204784903 0.8060035963286332 0
0.5974258400617025 0.78863637618675 0
0.5910447830185324 0.8059714285418873 0
0.07606628257806738 0.8448910573057573 0
0.07470493188489685 0.8557521299145493 0
0.7754632630342708 0.007884245710533403 0
0.7862341319142319 0.002815073814503139 0
0.8369051218119263 -0.03410564437923545 0
0.8035947977035728 -0.03410564437923545 0
0.7951339215185823 0.02789004882222479 0
0.7869396356493961 -0.03410564437923545 0
0.7848218141463145 -0.008161506131208463 0
0.7744190572245623 -0.01427497546726442 0
0.8043359447058691 -0.005093171436527351 0
0.7709257904516903 -0.02389300211461269 0
0.7828895452793437 -0.0227948467614603 0
0.7941311992926717 -0.003780162891478405 0
0.7946199689591489 -0.01689955393704435 0
0.784078461262924 0.02560608172761773 0
0.8067132630342708 0.02381444842450849 0
0.8177846719936752 0.02499196315864437 0
0.8138059569510832 0.03641457152332301 0
0.8056644219819052 0.04164849568701272 0
0.8032847702699577 0.03256068019132553 0
0.8101231087752302 -0.01975671227660318 0
0.8270798103979348 0.02328369121529613 0
0.803163747010457 -0.01402955663716603 0
0.8014795733439374 -0.02316800005666768 0
0.8118072824417497 -0.01061826885710158 0
0.7923938659953014 -0.02622307352574371 0
0.8271651348017348 -0.01817306587065707 0
0.8151032431965882 0.001652832507799714 0
0.8051284712479579 0.005607722567956134 0
0.8230896074559714 -0.007070458335637287 0
0.8434370485897864 -0.005900675101848515 0
0.8261851537642378 0.003781073581608757 0
0.8334406610776735 -0.009570132977933989 0
0.8702154459202798 -0.03410564437923545 0
0.8379632630342708 0.005386585972292602 0
0.840242354310736 -0.02112207090916756 0
0.8535602838661031 -0.03410564437923545 0
0.8574547212048661 -0.01678868179563281 0
0.8452327028390147 -0.03410564437923545 0
0.8493964933525588 -0.02505442705640671 0
0.8477924995343338 -0.01476075711089898 0
0.85470397700705 -0.005862633586200554 0
0.8754482184516434 -0.006449347066101119 0
0.849038125593134 0.003710611299376155 0
0.8649933559382268 -0.009081465453874532 0
0.8696415264353613 -0.02116844395769551 0
0.8674393158838618 0.003282691073842121 0
0.8607959733417393 -0.02663649511222805 0
0.8868706079744566 -0.03410564437923545 0
0.8582845004758815 0.005465246286322395 0
0.8785430269473682 -0.0272548863104921 0
0.8937122352939544 -0.01730240149067688 0
0.8793654305587065 -0.01649960953096028 0
0.8870528565056055 -0.007714819934450957 0
0.8824023732602934 0.003480479853057255 0
0.8930650161210824 0.001346153452493134 0
0.9004632630342708 0.008088302533339854 0
0.7092829679759958 0.8061720702999255 0
0.6992119355603955 0.8009556141203067 0
0.6999760618798967 0.7901009243439602 0
0.7092385457086117 0.7853120171160441 0
0.6852624003138557 0.7945193825878895 0
0.6907872117655861 0.7862094479856631 0
0.6894454107002819 0.803788199883244 0
0.6790898281588238 0.8028833632273746 0
0.672252091350646 0.7913774980721324 0
0.6793840727493234 0.7866581419877466 0
0.6793840727493234 0.7702720835208515 0
0.6683444844421281 0.8014844283060178 0
0.5590383113674351 0.9024157886403095 0
0.8027152014223145 0.09278400675738824 0
0.8994136980743789 0.1229013104966323 0
0.9318611460959916 0.07589056945931194 0
0.9118533510557216 -0.02888975554179295 0
0.9207278634054428 -0.02397665819573732 0
0.9029788387060003 -0.02397665819573712 0
0.8936986496725919 -0.02709131374458055 0
0.4603723446457558 0.8184047216316649 0
0.6580879999534246 0.7852668946068558 0
0.7738817299665399 0.02286873223780507 0
0.8202499597577495 -0.03410564437923545 0
0.9033199699827116 -0.0126497018525832 0
0.8119223787306611 -0.02923487706024789 0
0.8285775407848379 -0.02825306556627103 0
0.2267273998806811 0.7435942570886731 0
0.1224976479719392 0.4063358737138181 0
0.1318353247679024 0.4055666451791691 0
0.6244605940200495 0.1099761446290109 0
1.002002310062333 0.4862950477808531 0
-0.02327680758391069 0.03470327267345617 0
-0.01481050082700305 0.0412902545266428 0
-0.02301661561214996 0.04999414312960986 0
0.8124177704955344 0.3157224867561646 0
0.7957924031513702 0.1208289009824745 0
-0.02172722680430606 0.6157563500072964 0
-0.01629441003012588 0.6254044081964626 0
-0.02203124202066418 0.7075015727442187 0
-0.01732719297303078 0.7164628105463752 0
2 2 0 0
2 3 0 0
2 4 0 0
2 5 0 0
2 6 0 0
2 7 0 0
2 8 0 0
$EndNodes
$Elements
8 20377 1 20377
2 1 2 14815
1 4443 4441 4259 
2 9430 9440 9449 
3 5322 5095 5320 
4 458 122 1204 
5 1474 1204 122 
6 140 834 836 
7 123 1474 122 
8 127 1541 1437 
9 125 827 124 
10 126 827 125 
11 963 1905 1844 
12 831 129 130 
13 129 830 128 
14 128 830 127 
15 1439 131 1544 
16 291 1191 1200 
17 1180 1191 293 
18 1179 1142 1062 
19 294 1062 1142 
20 291 936 290 
21 302 1071 301 
22 288 289 304 
23 289 1422 304 
24 1410 1071 662 
25 129 831 830 
26 965 140 836 
27 137 138 1206 
28 964 1206 138 
29 965 139 140 
30 833 141 717 
31 1194 145 146 
32 1010 717 835 
33 144 1143 657 
34 144 656 1194 
35 150 151 661 
36 1194 146 1064 
37 134 135 133 
38 136 1624 135 
39 133 135 132 
40 1069 161 660 
41 161 1069 160 
42 1420 1207 158 
43 165 1209 164 
44 1420 1535 1207 
45 151 152 661 
46 135 1624 132 
47 662 303 1410 
48 148 1331 147 
49 297 1685 296 
50 298 1685 297 
51 633 749 747 
52 106 107 837 
53 108 624 633 
54 108 597 624 
55 781 796 625 
56 796 962 1257 
57 821 743 457 
58 446 463 773 
59 731 773 82 
60 446 731 441 
61 1103 544 759 
62 105 106 837 
63 1146 300 301 
64 101 1660 100 
65 1547 1586 1259 
66 299 1394 1685 
67 97 2051 96 
68 2051 94 95 
69 1661 1215 2051 
70 96 2051 95 
71 1214 1813 1660 
72 100 1660 1661 
73 102 1820 1586 
74 838 104 105 
75 103 104 838 
76 91 1214 90 
77 87 88 839 
78 1441 1547 1259 
79 839 1259 1371 
80 838 105 1258 
81 92 1214 91 
82 1813 1215 1661 
83 842 191 192 
84 842 192 193 
85 842 966 703 
86 838 1371 103 
87 1146 1061 1480 
88 154 844 153 
89 152 153 1332 
90 1070 1144 149 
91 1072 1537 664 
92 166 167 1217 
93 1521 1355 1217 
94 165 166 1217 
95 1379 967 1292 
96 2066 2115 365 
97 168 169 664 
98 664 169 170 
99 172 1649 171 
100 855 1815 2286 
101 154 1309 1509 
102 664 170 1072 
103 1431 168 664 
104 176 848 175 
105 154 155 1309 
106 175 848 1262 
107 180 847 179 
108 177 848 176 
109 175 1262 174 
110 1816 1225 367 
111 178 179 847 
112 2115 2188 1684 
113 1020 847 969 
114 1699 174 1498 
115 1662 1971 1781 
116 4324 6363 4089 
117 1745 363 362 
118 1074 399 398 
119 400 852 401 
120 666 1074 1650 
121 1148 1862 1074 
122 7023 6776 6537 
123 1656 1148 1075 
124 1656 1075 667 
125 396 1450 1551 
126 395 865 1450 
127 181 182 1231 
128 1144 1333 149 
129 184 185 1223 
130 1177 671 1343 
131 187 1224 186 
132 1358 187 1150 
133 183 184 1223 
134 369 1225 1815 
135 368 367 1225 
136 855 370 369 
137 371 370 855 
138 1231 1491 181 
139 189 1076 188 
140 1224 185 186 
141 191 842 190 
142 1358 1224 187 
143 241 1227 240 
144 1415 1398 240 
145 1491 969 180 
146 1228 1416 1424 
147 1415 1227 1359 
148 1495 1840 1423 
149 858 373 372 
150 255 1733 1628 
151 1772 254 1628 
152 374 860 375 
153 1802 1028 1048 
154 373 858 374 
155 1134 1042 1024 
156 394 865 395 
157 2113 392 391 
158 183 1231 182 
159 2167 2497 2876 
160 680 1432 194 
161 203 204 872 
162 217 1233 1080 
163 204 875 872 
164 205 206 875 
165 872 1080 202 
166 1314 674 1081 
167 198 199 220 
168 220 877 198 
169 1233 219 200 
170 219 1233 218 
171 220 199 219 
172 219 199 200 
173 221 877 220 
174 1235 875 1360 
175 212 213 1360 
176 210 211 1856 
177 213 214 1235 
178 1706 1182 1465 
179 209 210 1856 
180 53 1184 1158 
181 1856 212 1630 
182 1081 674 216 
183 1080 1081 217 
184 1514 1156 1183 
185 1469 1083 676 
186 1235 214 215 
187 1856 208 209 
188 50 682 980 
189 194 195 680 
190 225 998 939 
191 966 226 703 
192 678 1111 1168 
193 998 224 939 
194 223 224 1657 
195 222 877 221 
196 229 230 999 
197 1024 880 999 
198 231 232 878 
199 1024 679 880 
200 878 1024 999 
201 230 231 999 
202 195 196 680 
203 980 49 50 
204 1021 1112 1156 
205 49 980 1038 
206 1182 46 1465 
207 1183 52 1157 
208 14 15 13 
209 13 15 16 
210 18 19 886 
211 930 886 20 
212 16 17 1127 
213 931 13 16 
214 465 18 886 
215 888 20 21 
216 44 894 43 
217 585 604 607 
218 56 57 1236 
219 61 1326 1935 
220 42 1454 1557 
221 58 59 1633 
222 894 1473 43 
223 54 676 1083 
224 8391 8390 8435 
225 39 687 1085 
226 3473 3166 3169 
227 8733 8724 8734 
228 63 64 891 
229 1052 1023 1040 
230 1317 1386 1085 
231 65 1040 1023 
232 891 1137 1326 
233 62 63 891 
234 1329 65 66 
235 38 1085 1160 
236 1591 1557 1766 
237 984 1125 45 
238 930 465 886 
239 26 896 25 
240 45 46 984 
241 25 896 24 
242 12 898 11 
243 888 23 898 
244 11 898 10 
245 896 23 24 
246 903 1274 1272 
247 685 7 683 
248 1421 1090 1409 
249 1272 27 1382 
250 895 1589 899 
251 1317 687 40 
252 765 954 787 
253 60 61 1935 
254 36 765 1298 
255 29 30 900 
256 1298 901 35 
257 700 5 6 
258 32 33 1237 
259 787 466 704 
260 949 764 31 
261 28 29 900 
262 466 955 33 
263 764 1012 30 
264 1770 1874 1730 
265 903 9 10 
266 237 238 1239 
267 1361 236 1239 
268 238 239 1239 
269 251 1242 250 
270 1363 1416 1228 
271 371 855 1443 
272 257 1802 256 
273 860 376 375 
274 1416 1363 1399 
275 258 259 1461 
276 264 1136 693 
277 1243 249 905 
278 244 242 243 
279 249 1243 245 
280 906 247 248 
281 249 245 248 
282 245 246 906 
283 377 689 378 
284 691 693 263 
285 1446 374 858 
286 1026 942 692 
287 1028 1002 1008 
288 689 379 378 
289 261 262 1030 
290 1461 941 1029 
291 1004 1006 1009 
292 689 1086 379 
293 905 244 1243 
294 2132 389 2119 
295 2065 2119 389 
296 1026 692 1046 
297 1397 1226 233 
298 274 275 916 
299 278 279 917 
300 281 1634 280 
301 270 992 1295 
302 916 273 274 
303 917 1502 277 
304 270 920 992 
305 916 1276 273 
306 1294 269 1295 
307 272 920 271 
308 1277 275 276 
309 1736 279 1634 
310 6 7 700 
311 1668 3 4 
312 900 30 1012 
313 5 700 1273 
314 284 285 923 
315 266 267 702 
316 1087 1658 690 
317 924 286 287 
318 1278 924 287 
319 924 1278 1822 
320 1567 1945 3 
321 1634 279 280 
322 1458 283 923 
323 701 1046 692 
324 1587 2168 1550 
325 690 1658 1956 
326 268 702 267 
327 924 923 285 
328 342 926 343 
329 341 926 342 
330 341 1279 926 
331 928 347 346 
332 344 1958 345 
333 1283 1939 928 
334 349 3144 3394 
335 2368 2307 2468 
336 1612 1559 1607 
337 1296 1567 3 
338 2541 2542 2540 
339 1459 2055 1558 
340 8898 2494 2335 
341 2492 2463 2489 
342 2335 2433 354 
343 2888 2891 3116 
344 3345 8984 3346 
345 354 353 2335 
346 347 928 348 
347 2062 1795 1789 
348 928 1460 348 
349 262 694 1030 
350 2114 2947 2945 
351 703 226 227 
352 1790 1794 381 
353 926 1459 343 
354 822 759 786 
355 2230 442 1872 
356 607 604 68 
357 591 779 590 
358 888 930 20 
359 34 765 704 
360 1492 1913 1718 
361 4660 3763 4039 
362 6749 5953 6524 
363 4496 468 4292 
364 3394 350 349 
365 394 1451 865 
366 1834 1931 2039 
367 3911 4752 4748 
368 8401 8404 8395 
369 2800 1938 2222 
370 5092 357 6166 
371 3905 3566 4609 
372 5750 5748 5438 
373 2152 3393 350 
374 1944 973 2190 
375 828 1844 1436 
376 3364 2419 2461 
377 2288 2028 2337 
378 5953 5956 6523 
379 9810 502 8767 
380 8787 9562 9783 
381 9452 9454 5719 
382 2907 2388 2904 
383 2744 2725 2750 
384 2419 3364 4050 
385 9569 9771 9554 
386 3482 3488 3490 
387 5416 6851 6857 
388 5749 5753 5767 
389 5438 5772 5752 
390 781 625 745 
391 555 552 633 
392 597 109 561 
393 597 561 624 
394 109 459 561 
395 1470 571 445 
396 708 1091 67 
397 604 582 577 
398 604 585 582 
399 590 649 591 
400 649 590 609 
401 624 561 558 
402 604 1091 708 
403 708 68 604 
404 585 607 462 
405 649 609 651 
406 558 555 624 
407 633 624 555 
408 749 745 747 
409 446 441 628 
410 749 782 797 
411 781 745 749 
412 812 804 441 
413 651 609 628 
414 628 441 651 
415 1179 653 1345 
416 294 1142 293 
417 834 833 717 
418 140 833 834 
419 2037 1436 1844 
420 143 144 657 
421 163 1353 1306 
422 1069 660 1306 
423 661 1332 1144 
424 1070 150 661 
425 1410 936 1071 
426 936 291 1200 
427 1649 170 171 
428 1711 1963 1379 
429 1148 1074 398 
430 666 1650 400 
431 1134 1177 1343 
432 670 188 1076 
433 872 202 203 
434 1081 216 217 
435 56 1236 55 
436 1111 198 877 
437 1159 876 1657 
438 1657 224 998 
439 1155 894 984 
440 903 8 9 
441 683 8 685 
442 891 61 62 
443 38 1160 1825 
444 264 265 688 
445 1026 1044 942 
446 1550 1714 860 
447 923 283 284 
448 258 1802 257 
449 266 702 1045 
450 691 264 693 
451 264 688 1136 
452 1382 685 1272 
453 28 900 1273 
454 693 1008 1006 
455 917 277 278 
456 1570 1045 702 
457 1042 227 679 
458 703 1042 1134 
459 765 34 901 
460 1091 604 577 
461 142 835 717 
462 817 731 82 
463 786 804 818 
464 821 457 464 
465 779 743 742 
466 108 633 747 
467 552 782 633 
468 782 552 544 
469 812 818 804 
470 32 949 31 
471 37 1289 36 
472 704 765 787 
473 446 773 731 
474 743 779 591 
475 633 782 749 
476 1119 796 107 
477 1103 759 822 
478 962 796 797 
479 765 36 954 
480 466 787 955 
481 797 781 749 
482 1257 84 85 
483 1103 782 544 
484 796 781 797 
485 731 812 441 
486 817 83 960 
487 817 960 731 
488 731 960 812 
489 812 960 818 
490 786 818 822 
491 742 743 821 
492 1121 962 1103 
493 962 797 782 
494 1436 126 828 
495 1844 828 963 
496 1624 1722 1765 
497 1436 827 126 
498 1544 831 1439 
499 1206 136 137 
500 1541 127 830 
501 141 142 717 
502 836 834 1031 
503 834 1010 1031 
504 834 717 1010 
505 1175 836 1031 
506 965 836 1475 
507 796 837 107 
508 1257 85 1678 
509 1258 105 837 
510 839 86 87 
511 839 88 1259 
512 1370 838 1258 
513 966 225 226 
514 190 842 703 
515 1379 155 967 
516 1903 148 1333 
517 180 181 1491 
518 969 847 180 
519 1037 1019 178 
520 1519 1036 1372 
521 402 401 852 
522 1373 404 1404 
523 399 1074 666 
524 852 400 1650 
525 368 1225 369 
526 1628 1733 1772 
527 971 1443 1548 
528 1714 377 376 
529 971 1548 372 
530 1135 688 1044 
531 1944 1463 973 
532 1451 394 1463 
533 1551 1715 396 
534 205 875 204 
535 207 1360 206 
536 875 1235 1314 
537 1159 1168 222 
538 197 1111 678 
539 232 1226 878 
540 1150 670 1076 
541 228 229 999 
542 20 886 19 
543 888 12 930 
544 21 22 888 
545 23 888 22 
546 1023 1052 64 
547 1085 38 39 
548 65 1329 1040 
549 1091 1470 67 
550 44 1125 894 
551 1184 53 1083 
552 1272 896 26 
553 23 896 1274 
554 43 1473 895 
555 1274 898 23 
556 888 898 12 
557 1473 894 1155 
558 54 1083 53 
559 764 949 1012 
560 700 7 1382 
561 1274 903 10 
562 685 8 903 
563 245 906 248 
564 1086 1658 1087 
565 1502 276 277 
566 1294 268 269 
567 276 1502 1277 
568 1501 275 1277 
569 992 920 272 
570 285 286 924 
571 942 1044 265 
572 1278 287 1 
573 1279 341 1281 
574 1938 2099 1459 
575 346 1284 1283 
576 1278 1 1375 
577 2081 345 1958 
578 1127 18 465 
579 292 293 1191 
580 966 998 225 
581 941 260 1029 
582 1004 1009 694 
583 1619 1618 1620 
584 1494 32 1237 
585 1012 1668 900 
586 38 1825 37 
587 1289 954 36 
588 787 954 955 
589 1290 955 954 
590 822 818 960 
591 1121 83 84 
592 960 83 1121 
593 1257 962 1121 
594 139 965 1485 
595 1175 1475 836 
596 1485 1583 1722 
597 842 193 966 
598 998 966 193 
599 1379 1292 157 
600 1019 1036 177 
601 1037 1036 1019 
602 1021 980 682 
603 980 1021 1038 
604 1159 680 196 
605 1182 1155 984 
606 1182 984 46 
607 1276 272 273 
608 1276 992 272 
609 465 994 1127 
610 1127 931 16 
611 194 1432 193 
612 1432 680 1657 
613 878 999 231 
614 880 228 999 
615 1002 1006 1008 
616 1002 1029 1009 
617 1045 701 266 
618 263 1006 1004 
619 693 1006 263 
620 1006 1002 1009 
621 1048 1028 1008 
622 941 1461 259 
623 1029 1002 1028 
624 694 1009 1030 
625 835 143 1010 
626 657 1131 143 
627 1012 949 1296 
628 1012 1296 1668 
629 1037 847 1020 
630 1231 1566 1491 
631 1717 969 1565 
632 1112 1021 682 
633 47 48 1021 
634 66 892 1329 
635 679 1024 1042 
636 1397 233 1530 
637 923 924 1822 
638 689 1445 1086 
639 1008 693 1048 
640 258 1028 1802 
641 261 1029 260 
642 1009 1029 1030 
643 261 1030 1029 
644 1131 1010 143 
645 1031 1010 1131 
646 1036 1020 1372 
647 848 177 1036 
648 847 1037 178 
649 1036 1037 1020 
650 1021 48 1038 
651 1768 1386 1683 
652 1386 1160 1085 
653 1134 1024 878 
654 703 227 1042 
655 1135 1044 1026 
656 688 265 1044 
657 1505 702 268 
658 1458 282 283 
659 701 1045 1046 
660 1045 1026 1046 
661 693 1136 1048 
662 1771 1048 1136 
663 1137 1052 1040 
664 891 64 1052 
665 662 1071 302 
666 1142 1192 1180 
667 145 1194 656 
668 147 1143 1194 
669 1306 660 162 
670 159 160 1069 
671 1144 1070 661 
672 1146 1071 936 
673 1498 174 1262 
674 1581 1861 1999 
675 1148 398 1075 
676 2166 1650 1927 
677 190 1343 671 
678 670 1150 187 
679 1233 217 218 
680 1313 202 1080 
681 1080 872 1081 
682 1314 1081 872 
683 1469 676 55 
684 1591 41 1557 
685 61 891 1326 
686 891 1052 1137 
687 1445 689 377 
688 923 1822 1458 
689 379 1086 1087 
690 700 1382 1421 
691 1273 1421 1409 
692 577 571 1091 
693 1470 1091 571 
694 1121 822 960 
695 782 1103 962 
696 392 2113 393 
697 198 1111 197 
698 1168 877 222 
699 1156 1112 51 
700 625 796 1119 
701 1121 84 1257 
702 822 1121 1103 
703 894 1125 984 
704 18 1127 17 
705 931 1127 994 
706 1175 1131 657 
707 1031 1131 1175 
708 1397 878 1226 
709 1177 1076 189 
710 1045 1653 1026 
711 372 1548 858 
712 1135 1654 688 
713 688 1654 1136 
714 1329 1759 1040 
715 1560 1620 947 
716 1179 1062 653 
717 1180 1061 1191 
718 1331 1143 147 
719 2635 1143 1331 
720 661 152 1332 
721 1332 1390 1144 
722 1192 1480 1061 
723 301 1071 1146 
724 667 397 1864 
725 1927 1862 1912 
726 1344 1076 1177 
727 1334 233 234 
728 1479 1082 1158 
729 1158 1184 1479 
730 1021 1156 47 
731 1183 51 52 
732 1183 1156 51 
733 1514 1183 1347 
734 1168 196 678 
735 222 876 1159 
736 1085 687 1317 
737 1290 2107 33 
738 1159 196 1168 
739 1168 1111 877 
740 1811 657 1143 
741 2096 2006 1886 
742 671 1177 189 
743 1177 1134 1530 
744 1345 653 295 
745 1180 1192 1061 
746 293 1142 1180 
747 1192 1142 1179 
748 149 1333 1203 
749 675 1672 1347 
750 981 1707 1706 
751 675 1347 1157 
752 1157 1347 1183 
753 55 1236 1469 
754 1477 1697 1696 
755 1200 1191 1061 
756 291 292 1191 
757 1394 1179 1345 
758 1394 1480 1192 
759 147 1194 1064 
760 144 1194 1143 
761 371 1443 971 
762 1146 1200 1061 
763 290 936 1308 
764 1694 1474 124 
765 1872 1204 1474 
766 1485 964 139 
767 1485 1206 964 
768 1306 159 1069 
769 1209 163 164 
770 165 1217 1355 
771 158 159 1420 
772 1813 92 93 
773 1660 102 1586 
774 2051 1215 94 
775 99 100 1661 
776 167 168 1431 
777 1355 1353 1209 
778 1782 2066 1827 
779 1224 1675 1865 
780 1629 1773 252 
781 1076 1344 1150 
782 1359 234 235 
783 1816 367 1830 
784 1923 1571 2071 
785 1427 241 1424 
786 1358 1675 1224 
787 1363 242 1399 
788 1223 1492 183 
789 1231 183 1492 
790 200 201 1233 
791 1233 201 1313 
792 1314 1235 215 
793 1360 875 206 
794 1633 57 58 
795 1469 1184 1083 
796 1289 1826 954 
797 1770 1460 2015 
798 1361 1239 239 
799 242 244 1242 
800 905 1242 244 
801 905 250 1242 
802 2079 2080 4133 
803 4166 6291 5948 
804 1793 387 386 
805 2113 2600 1817 
806 2190 2602 1944 
807 3573 4196 4611 
808 1370 1678 86 
809 1257 837 796 
810 1257 1258 837 
811 839 1370 86 
812 1441 1259 88 
813 1820 1371 1259 
814 1519 848 1036 
815 173 174 1699 
816 852 1650 2166 
817 1404 403 402 
818 1156 1514 47 
819 1272 26 27 
820 903 1272 685 
821 1668 1273 900 
822 5 1273 4 
823 1274 10 898 
824 1272 1274 896 
825 275 1501 916 
826 992 1276 1294 
827 1634 282 1876 
828 1505 1570 702 
829 1 2 1375 
830 1283 928 346 
831 340 339 2028 
832 2237 2227 2405 
833 926 1938 1459 
834 1559 1612 1730 
835 2238 2451 2450 
836 1278 1375 2101 
837 37 1825 1289 
838 33 955 1290 
839 1160 1727 1899 
840 1290 1826 1979 
841 967 156 1292 
842 1569 1276 916 
843 268 1294 1505 
844 1294 1295 992 
845 32 1494 949 
846 1494 1567 1296 
847 901 1298 765 
848 163 1306 162 
849 157 1207 1535 
850 1422 1308 1410 
851 1146 936 1200 
852 170 1649 1072 
853 1571 1390 844 
854 1233 1313 1080 
855 875 1314 872 
856 215 674 1314 
857 41 1591 40 
858 60 1935 59 
859 1683 1387 1767 
860 1683 1386 1317 
861 1693 1137 1759 
862 1470 892 67 
863 1333 148 1203 
864 1811 1175 657 
865 153 844 1332 
866 1390 1332 844 
867 1509 1571 844 
868 1390 1719 1333 
869 1676 234 1359 
870 1223 185 1865 
871 190 703 1343 
872 1134 1343 703 
873 1134 1397 1530 
874 1344 1334 1959 
875 295 296 1345 
876 1179 1394 1192 
877 1672 675 681 
878 1465 981 1706 
879 163 1209 1353 
880 165 1355 1209 
881 157 1535 1711 
882 1521 1711 1355 
883 1344 1358 1150 
884 234 1676 1334 
885 1361 1398 1415 
886 1359 1227 1676 
887 1360 1630 212 
888 213 1235 1360 
889 240 1227 1415 
890 235 236 1361 
891 1242 1399 242 
892 1370 839 1371 
893 1678 1258 1257 
894 1371 838 1370 
895 1259 1586 1820 
896 1963 1521 1946 
897 848 1519 1262 
898 1373 1404 1679 
899 1404 404 403 
900 1375 2041 2017 
901 2042 2596 2015 
902 1355 1711 1535 
903 1309 155 1379 
904 27 1090 1382 
905 685 1382 7 
906 1317 40 1387 
907 1693 1961 1137 
908 1236 57 1633 
909 1317 1387 1683 
910 844 154 1509 
911 1333 1144 1390 
912 299 1685 298 
913 1644 1480 1394 
914 233 1334 1530 
915 1134 878 1397 
916 1361 239 1398 
917 251 1423 1242 
918 1423 1416 1399 
919 402 852 1404 
920 1679 1404 852 
921 28 1273 1409 
922 1422 1410 303 
923 936 1410 1308 
924 1359 235 1415 
925 1361 1415 235 
926 1399 1242 1423 
927 1423 1424 1416 
928 159 1306 1420 
929 1353 1420 1306 
930 700 1421 1273 
931 1382 1090 1421 
932 304 1422 303 
933 289 1308 1422 
934 251 1495 1423 
935 1424 241 1228 
936 1773 1840 252 
937 1629 1734 1773 
938 1734 467 253 
939 1227 241 1427 
940 1537 1946 1538 
941 167 1431 1538 
942 1657 680 1159 
943 998 193 1432 
944 831 1544 1723 
945 827 1871 1694 
946 831 130 1439 
947 1547 1441 89 
948 369 1815 855 
949 1587 1446 858 
950 860 374 1446 
951 1570 1505 1598 
952 858 1548 1587 
953 860 1446 1550 
954 1551 1450 865 
955 1463 1944 1451 
956 8939 1551 1716 
957 1473 1589 895 
958 2101 2017 2234 
959 2582 1445 1964 
960 1938 926 1279 
961 2222 1279 1934 
962 1939 2015 1460 
963 1730 1874 929 
964 1029 1028 1461 
965 1028 258 1461 
966 1387 1591 1724 
967 1557 41 42 
968 1693 1759 1885 
969 892 1470 1329 
970 1696 1155 1477 
971 1766 1792 1724 
972 1694 124 827 
973 123 124 1474 
974 1175 1811 2064 
975 2230 1871 2005 
976 1697 1082 1479 
977 1155 1182 1477 
978 1479 1184 1696 
979 1082 1697 681 
980 1644 1394 299 
981 300 1146 1480 
982 1583 1485 1851 
983 1624 1765 1544 
984 1566 1231 1492 
985 969 1491 1565 
986 1865 1492 1223 
987 1020 969 1717 
988 1567 1494 1237 
989 1296 949 1494 
990 1840 1495 252 
991 2094 2959 1718 
992 1571 1509 1600 
993 1598 1505 1294 
994 916 1501 1569 
995 1736 917 279 
996 1570 1598 2154 
997 1569 1294 1276 
998 1294 1569 1598 
999 1521 1538 1946 
1000 1390 1571 1719 
1001 1706 1514 1347 
1002 1707 47 1514 
1003 1842 1519 1372 
1004 1498 1262 1519 
1005 167 1538 1217 
1006 1537 1431 664 
1007 1334 1344 1530 
1008 1177 1530 1344 
1009 1420 1353 1535 
1010 1355 1535 1353 
1011 1581 1537 1072 
1012 1581 1946 1537 
1013 1537 1538 1431 
1014 1521 1217 1538 
1015 2058 831 1723 
1016 830 2058 1541 
1017 1624 131 132 
1018 1206 1485 1722 
1019 89 90 1547 
1020 1586 90 1214 
1021 1548 1948 1587 
1022 376 860 1714 
1023 1587 1550 1446 
1024 1135 1026 1653 
1025 1716 865 1451 
1026 1864 1656 667 
1027 1605 899 1589 
1028 1591 1387 40 
1029 343 1459 1558 
1030 1460 1612 1607 
1031 2233 2481 2482 
1032 8834 1565 1718 
1033 1718 1565 1566 
1034 1718 1566 1492 
1035 1565 1491 1566 
1036 2049 2041 2044 
1037 1375 2 1945 
1038 1277 1599 1501 
1039 1502 1853 1277 
1040 1599 1569 1501 
1041 1045 1570 1653 
1042 1509 1309 1600 
1043 1719 1903 1333 
1044 1861 1072 1649 
1045 1904 1372 1717 
1046 1851 1485 965 
1047 1886 2006 1723 
1048 90 1586 1547 
1049 1660 1586 1214 
1050 1548 1443 2287 
1051 1948 2168 1587 
1052 1787 1473 1792 
1053 1454 1605 1557 
1054 1557 1605 1766 
1055 1766 1787 1792 
1056 1934 2288 2338 
1057 1386 1727 1160 
1058 1598 1569 1599 
1059 1984 1598 1599 
1060 917 1877 1502 
1061 1984 1599 1853 
1062 1519 1842 1498 
1063 2093 1963 1946 
1064 899 1605 1454 
1065 1724 1591 1766 
1066 348 1460 1607 
1067 1887 1727 1768 
1068 1612 1460 1770 
1069 1559 1730 929 
1070 1759 1137 1040 
1071 947 1620 445 
1072 2813 2814 1617 
1073 1560 1619 1620 
1074 1560 461 1619 
1075 1618 1617 1620 
1076 1613 4008 4009 
1077 1722 136 1206 
1078 1544 131 1624 
1079 256 1733 255 
1080 1734 1629 467 
1081 1360 207 1630 
1082 1767 2112 2130 
1083 1768 1727 1386 
1084 281 282 1634 
1085 1876 1736 1634 
1086 2629 4610 5579 
1087 300 1480 1644 
1088 1699 1649 172 
1089 1911 1649 1699 
1090 1074 1862 1650 
1091 1679 1263 1373 
1092 1877 2033 1853 
1093 2267 4343 2313 
1094 1653 2056 1135 
1095 253 254 1744 
1096 397 396 1715 
1097 2000 1656 1864 
1098 223 1657 876 
1099 1432 1657 998 
1100 1086 1445 2582 
1101 2099 2055 1459 
1102 102 1660 101 
1103 1214 92 1813 
1104 98 99 1661 
1105 1745 1781 1971 
1106 364 363 1745 
1107 3825 3823 3832 
1108 2120 2134 2149 
1109 1957 1658 1086 
1110 3540 3544 3192 
1111 2065 389 1818 
1112 3 1668 1296 
1113 1273 1668 4 
1114 1697 1672 681 
1115 1182 1706 1477 
1116 1358 1344 1959 
1117 1227 2001 2036 
1118 1227 1427 2001 
1119 1227 2036 1676 
1120 1678 1370 1258 
1121 1862 1927 1650 
1122 1263 1679 2155 
1123 1767 1387 1724 
1124 1326 1137 1961 
1125 1394 1345 1685 
1126 1685 1345 296 
1127 2814 1885 445 
1128 2982 4006 3707 
1129 1871 827 1436 
1130 1474 1694 1872 
1131 2129 1184 1469 
1132 1473 1155 1696 
1133 1696 1697 1479 
1134 1672 1697 1477 
1135 1498 1911 1699 
1136 172 173 1699 
1137 1347 1672 1706 
1138 1477 1706 1672 
1139 1706 1707 1514 
1140 1711 1521 1963 
1141 1379 157 1711 
1142 1964 1714 1550 
1143 377 1714 1445 
1144 1551 865 1716 
1145 1864 1715 2425 
1146 1817 393 2113 
1147 2371 2265 2000 
1148 1717 1565 1904 
1149 1372 1020 1717 
1150 1865 1913 1492 
1151 1372 1904 1842 
1152 1719 1931 1903 
1153 148 1834 1331 
1154 1765 1722 1583 
1155 1624 136 1722 
1156 1765 1886 1723 
1157 2058 830 831 
1158 2061 2112 2129 
1159 2112 1767 1724 
1160 1826 1998 1979 
1161 1290 954 1826 
1162 1770 1730 1612 
1163 1282 929 1874 
1164 1654 1771 1136 
1165 1733 1802 1771 
1166 2610 2953 2954 
1167 2094 1913 2001 
1168 1853 1599 1277 
1169 917 1736 1877 
1170 2277 2211 2654 
1171 1976 1815 1225 
1172 1745 1971 1782 
1173 364 1745 1782 
1174 2079 380 1956 
1175 365 1827 2066 
1176 1329 1470 1759 
1177 1885 1759 1470 
1178 1886 1765 1583 
1179 1544 1765 1723 
1180 1589 1787 1605 
1181 1766 1605 1787 
1182 1724 1792 2112 
1183 1633 59 1935 
1184 1683 1767 1768 
1185 1768 1767 2657 
1186 1460 928 1939 
1187 2917 1874 1770 
1188 1654 2277 1771 
1189 254 1772 1744 
1190 1771 2059 1733 
1191 1772 1733 2059 
1192 1734 1427 1773 
1193 1840 1427 1424 
1194 1745 362 1781 
1195 1971 1662 2172 
1196 1684 365 2115 
1197 2190 393 1817 
1198 1790 381 1833 
1199 1794 382 381 
1200 1589 1473 1787 
1201 1792 1473 1696 
1202 1796 2065 1818 
1203 388 387 1793 
1204 380 690 1956 
1205 1658 2080 1956 
1206 1791 1797 2063 
1207 382 1794 383 
1208 2129 1696 1184 
1209 2061 1469 1236 
1210 1795 2062 1793 
1211 388 1793 1796 
1212 1794 2063 1797 
1213 1797 383 1794 
1214 1793 386 1795 
1215 1796 1793 2062 
1216 2228 2062 1789 
1217 2063 1794 1790 
1218 1771 1802 1048 
1219 1733 256 1802 
1220 2224 1834 2039 
1221 2669 2323 2668 
1222 1215 1813 93 
1223 1660 1813 1661 
1224 1976 1225 1816 
1225 1443 855 2286 
1226 2201 2217 2116 
1227 8837 2070 2953 
1228 2114 2945 2946 
1229 2133 8935 2600 
1230 388 1796 1818 
1231 103 1371 1820 
1232 2017 2101 1375 
1233 2313 1784 2176 
1234 1160 1899 1825 
1235 1289 1825 1826 
1236 1825 1899 1998 
1237 1998 1826 1825 
1238 364 1782 1827 
1239 366 1816 1830 
1240 1248 2113 391 
1241 2079 1833 380 
1242 1923 1931 1719 
1243 2009 2039 1931 
1244 1427 1840 1773 
1245 1424 1423 1840 
1246 1911 2165 2260 
1247 1861 1581 1072 
1248 1905 963 1437 
1249 1844 1905 1924 
1250 965 1475 1851 
1251 2096 1886 1851 
1252 1853 1502 1877 
1253 2034 2223 2343 
1254 3138 1874 2930 
1255 212 1856 211 
1256 1630 208 1856 
1257 1861 1649 1911 
1258 1911 2260 1861 
1259 1912 1148 1656 
1260 1148 1912 1862 
1261 397 1715 1864 
1262 2000 1912 1656 
1263 1224 1865 185 
1264 1675 1913 1865 
1265 2005 1436 2037 
1266 1872 442 1204 
1267 1694 1871 1872 
1268 2005 2350 2230 
1269 1770 2047 2917 
1270 2930 2588 2926 
1271 282 1458 1876 
1272 1736 1992 1877 
1273 1876 1992 1736 
1274 1992 2033 1877 
1275 1470 445 1885 
1276 445 1620 2814 
1277 1583 1851 1886 
1278 1851 1475 2096 
1279 2130 2657 1767 
1280 1887 2326 2328 
1281 2035 1727 1887 
1282 2035 2586 1998 
1283 1923 1719 1571 
1284 148 1903 1834 
1285 3197 8834 2184 
1286 1744 8837 2953 
1287 1437 1541 1905 
1288 1924 1905 1541 
1289 1842 2165 1498 
1290 1498 2165 1911 
1291 2265 8836 1912 
1292 1263 2155 850 
1293 1675 1959 2036 
1294 1913 1675 2036 
1295 2071 1571 1600 
1296 1834 1903 1931 
1297 2096 2318 2006 
1298 1436 2005 1871 
1299 2000 2265 1912 
1300 2881 2155 2879 
1301 1923 2071 2177 
1302 2224 1331 1834 
1303 2146 2013 1937 
1304 2399 2222 2398 
1305 340 2028 1934 
1306 2082 1326 1961 
1307 1326 2082 1935 
1308 2055 2346 2227 
1309 1934 1281 340 
1310 1934 1279 1281 
1311 2081 1283 1284 
1312 1375 1945 2041 
1313 393 2190 973 
1314 1451 1944 2075 
1315 3 1945 2 
1316 1945 1567 2041 
1317 2093 1946 1581 
1318 1309 1379 1963 
1319 1976 2220 2286 
1320 2154 1653 1570 
1321 2080 1658 1957 
1322 1791 2063 2176 
1323 1445 1714 1964 
1324 2582 1957 1086 
1325 1278 2101 2401 
1326 2081 1284 345 
1327 1358 1959 1675 
1328 1334 1676 1959 
1329 1885 1993 1693 
1330 2279 2212 2280 
1331 2093 1581 1999 
1332 1600 1309 1963 
1333 2059 2175 1772 
1334 2154 2191 1653 
1335 1219 2172 1662 
1336 7829 2210 2172 
1337 2188 366 1684 
1338 3615 3931 3932 
1339 2288 1934 2028 
1340 2815 2292 2404 
1341 2596 3039 2919 
1342 2107 2044 1237 
1343 2584 2914 2582 
1344 2056 1654 1135 
1345 1458 2034 1876 
1346 1853 2033 1984 
1347 2379 2430 2474 
1348 1693 1993 2473 
1349 2035 1899 1727 
1350 1899 2035 1998 
1351 2954 2184 2959 
1352 2260 1999 1861 
1353 8938 8939 8940 
1354 2265 2167 8836 
1355 1734 2960 1427 
1356 1913 2094 1718 
1357 2111 1541 2058 
1358 2230 1872 1871 
1359 2064 2659 1175 
1360 2111 2187 1924 
1361 2642 2064 2638 
1362 1931 1923 2009 
1363 2146 2237 2406 
1364 2055 927 1558 
1365 1939 1283 2022 
1366 1939 2042 2015 
1367 2049 2017 2041 
1368 1939 2022 2042 
1369 3741 2413 2453 
1370 2596 2047 2015 
1371 2571 2572 2289 
1372 2842 2855 2856 
1373 2034 1992 1876 
1374 2033 1992 2034 
1375 1822 2223 1458 
1376 2400 2342 2033 
1377 2657 2280 2326 
1378 2382 2035 2328 
1379 1676 2036 1959 
1380 1913 2036 2001 
1381 1844 1924 2037 
1382 1924 2005 2037 
1383 2177 3238 2009 
1384 1811 2635 2636 
1385 1237 2044 1567 
1386 2041 1567 2044 
1387 1770 2015 2047 
1388 2127 2412 3048 
1389 1237 33 2107 
1390 2107 2049 2044 
1391 2596 2022 2108 
1392 3394 3401 2152 
1393 2107 2354 2049 
1394 2515 2349 2229 
1395 97 98 2051 
1396 1661 2051 98 
1397 2406 2440 2146 
1398 927 2055 2227 
1399 2223 2034 1458 
1400 8838 1550 2168 
1401 1723 2006 2058 
1402 1541 2111 1924 
1403 2654 2655 2175 
1404 2203 8837 2175 
1405 1633 2205 1236 
1406 1935 2082 2181 
1407 1783 2228 1789 
1408 1248 391 1832 
1409 1790 1833 2079 
1410 1791 2176 1784 
1411 2635 1811 1143 
1412 2408 1924 2187 
1413 1796 2062 2645 
1414 1248 1832 2598 
1415 1782 1971 2201 
1416 2965 2206 2633 
1417 2175 1744 1772 
1418 2009 1923 2177 
1419 2183 1963 2093 
1420 2183 2071 1600 
1421 2601 2133 1248 
1422 3178 3180 2075 
1423 2937 2602 2190 
1424 2598 1832 390 
1425 2422 2144 2140 
1426 2080 2079 1956 
1427 1790 2079 2180 
1428 1957 2914 2080 
1429 4134 4133 2121 
1430 2293 2081 1958 
1431 1283 2081 2761 
1432 2205 2181 2212 
1433 1935 2181 1633 
1434 1999 2260 2264 
1435 2183 1600 1963 
1436 2960 2001 1427 
1437 1734 253 2610 
1438 2409 8862 2446 
1439 2659 1475 1175 
1440 2318 2096 2319 
1441 2349 2022 2761 
1442 2222 1938 1279 
1443 2822 2823 2389 
1444 2017 2049 2127 
1445 2234 2127 3050 
1446 1290 1979 2107 
1447 2107 1979 2300 
1448 2293 2349 2761 
1449 2234 2017 2127 
1450 2058 2006 2111 
1451 2111 2006 2320 
1452 2129 2112 1792 
1453 2112 2061 2130 
1454 2114 2065 1796 
1455 2119 2945 2944 
1456 2114 1796 2645 
1457 3536 3885 3886 
1458 2066 1782 2116 
1459 2066 2116 9821 
1460 2201 2116 1782 
1461 9821 2115 2066 
1462 9662 2601 2944 
1463 390 2132 2598 
1464 2215 8992 8838 
1465 2438 2290 2436 
1466 2307 2244 2246 
1467 2145 2146 2143 
1468 2407 2229 2293 
1469 2354 2107 2300 
1470 2407 2478 2229 
1471 1696 2129 1792 
1472 2061 2129 1469 
1473 2205 1633 2181 
1474 2204 2181 2082 
1475 1248 2133 2600 
1476 2941 2602 2942 
1477 2938 2940 3184 
1478 2598 2601 1248 
1479 2238 2078 2120 
1480 456 2013 2145 
1481 455 2147 2134 
1482 2134 2147 2149 
1483 2238 2149 2363 
1484 2146 2145 2013 
1485 1280 2237 1937 
1486 2227 1280 927 
1487 2147 2144 2149 
1488 2459 2458 2304 
1489 2120 2149 2238 
1490 3142 3139 2649 
1491 3150 3137 2783 
1492 1598 1984 2154 
1493 1653 2191 2056 
1494 2166 1679 852 
1495 2166 1927 8836 
1496 2263 2261 2262 
1497 3196 2184 2954 
1498 2166 8836 2198 
1499 2155 1679 2166 
1500 2877 2372 2880 
1501 2882 850 2881 
1502 1443 2286 2287 
1503 2215 8838 2209 
1504 7829 7688 7813 
1505 1971 2172 2201 
1506 2059 1771 2277 
1507 2209 2214 3585 
1508 2180 2063 1790 
1509 2176 2373 2313 
1510 2264 2260 2262 
1511 3616 3617 2984 
1512 2373 4130 2313 
1513 2063 2180 8860 
1514 2204 2082 1961 
1515 2205 2061 1236 
1516 2309 1999 2264 
1517 2071 2183 3618 
1518 2960 2610 2959 
1519 1842 1904 3555 
1520 2668 2323 2661 
1521 2318 2270 2320 
1522 2188 2115 2206 
1523 1816 366 2188 
1524 2132 2601 2598 
1525 1817 2937 2190 
1526 2034 2343 2400 
1527 1984 2273 2154 
1528 2879 2166 2198 
1529 2265 2426 2167 
1530 2167 2426 2497 
1531 2878 2192 2879 
1532 1964 2585 2582 
1533 2168 1948 2209 
1534 7813 2200 7829 
1535 2964 2965 2633 
1536 2172 2210 2201 
1537 2201 2210 2217 
1538 2059 2654 2175 
1539 2656 2203 2655 
1540 2474 2430 2431 
1541 2278 2380 2326 
1542 2212 2181 2204 
1543 2061 2205 2279 
1544 2116 2217 2284 
1545 1976 2966 2967 
1546 2214 2209 1948 
1547 2209 2199 2215 
1548 7829 2172 1219 
1549 2282 2217 2210 
1550 2378 2798 2056 
1551 3043 2797 2378 
1552 2325 2280 2212 
1553 2061 2279 2130 
1554 1976 1816 2964 
1555 3246 3033 3245 
1556 2374 2056 2191 
1557 2191 2154 2273 
1558 4090 5983 4089 
1559 2284 3211 9821 
1560 2282 2210 2200 
1561 2284 2217 2216 
1562 2464 2553 2565 
1563 1976 2964 2966 
1564 2287 2214 1948 
1565 2401 2344 1822 
1566 2338 2397 2398 
1567 2342 2273 1984 
1568 2723 2987 2587 
1569 2710 2986 2039 
1570 2346 2055 2404 
1571 1937 2237 2146 
1572 3216 3218 2228 
1573 1783 3216 2228 
1574 3670 3042 3960 
1575 3047 2345 8861 
1576 2230 2444 442 
1577 2408 2442 2443 
1578 1998 2586 1979 
1579 2233 2482 2412 
1580 2436 2343 2437 
1581 8861 2101 2234 
1582 1280 2227 2237 
1583 2346 2405 2227 
1584 2456 2459 3070 
1585 2356 2078 2450 
1586 2246 352 8844 
1587 8845 8846 8848 
1588 3393 352 351 
1589 8897 2510 2523 
1590 352 3393 8844 
1591 2650 2368 2887 
1592 8844 2307 2246 
1593 3414 3393 2152 
1594 2249 8848 2466 
1595 3139 1282 3138 
1596 3144 349 3141 
1597 2165 2263 2262 
1598 2165 2262 2260 
1599 2263 2652 2261 
1600 1999 2309 2093 
1601 2263 2165 1842 
1602 2262 2261 2264 
1603 3198 3555 3197 
1604 3197 2184 3196 
1605 3591 3590 2984 
1606 2183 2093 2309 
1607 2425 2371 2000 
1608 2265 2427 2426 
1609 3134 3820 2584 
1610 4140 3833 3823 
1611 2318 2319 2270 
1612 2322 2442 2321 
1613 2342 1984 2033 
1614 2374 2191 2375 
1615 2377 2378 2056 
1616 2056 2374 2377 
1617 2430 2379 2429 
1618 2381 2327 2380 
1619 2205 2212 2279 
1620 2204 2325 2212 
1621 2326 2280 2278 
1622 2130 2279 2280 
1623 4081 4331 9291 
1624 2216 2217 2282 
1625 4322 4082 4087 
1626 3574 3575 2968 
1627 3581 2973 2284 
1628 2969 2966 2633 
1629 8875 8871 8880 
1630 8881 8896 8880 
1631 1976 2286 1815 
1632 2287 2286 2220 
1633 2214 2287 2220 
1634 2287 1948 1548 
1635 2433 8873 354 
1636 2544 2546 2340 
1637 1934 2338 2222 
1638 2223 1822 2344 
1639 2883 2512 2513 
1640 2344 2401 2801 
1641 2871 3105 2869 
1642 2404 2292 2346 
1643 2847 2477 2137 
1644 3339 2348 3340 
1645 2293 2229 2349 
1646 2187 2320 2321 
1647 442 2444 8862 
1648 2915 2411 2300 
1649 2300 2233 2354 
1650 3337 3741 2452 
1651 2809 2356 2413 
1652 2244 2307 2368 
1653 2984 2309 2264 
1654 2984 3617 2309 
1655 2075 1716 1451 
1656 2877 2878 3371 
1657 2373 2176 8860 
1658 4343 2315 2313 
1659 1784 2313 2315 
1660 1475 2659 2096 
1661 2270 2321 2320 
1662 2638 1811 2636 
1663 2321 2985 2671 
1664 2111 2320 2187 
1665 2006 2318 2320 
1666 2270 2319 2660 
1667 2294 2409 8863 
1668 2270 2660 2985 
1669 2350 2408 2443 
1670 2980 2638 2634 
1671 2660 2661 2323 
1672 2436 2290 2343 
1673 2277 2798 2797 
1674 2430 2429 2325 
1675 2278 2280 2325 
1676 2380 2328 2326 
1677 2657 2326 1887 
1678 2278 2325 2429 
1679 2233 2300 2411 
1680 2382 2328 2327 
1681 2035 1887 2328 
1682 4196 3573 481 
1683 8884 8883 8879 
1684 2337 2289 2341 
1685 2545 8899 2572 
1686 2397 2396 3343 
1687 2028 2900 2337 
1688 2341 2395 2337 
1689 2397 2338 2395 
1690 2028 2391 2900 
1691 2391 2028 339 
1692 4023 1977 3344 
1693 2544 2393 2542 
1694 2338 2288 2395 
1695 2472 2375 2498 
1696 2374 2375 2324 
1697 2437 2402 2436 
1698 2400 2343 2290 
1699 1822 1278 2401 
1700 2402 2437 2291 
1701 8861 2403 3047 
1702 2802 2291 2801 
1703 2404 2055 2099 
1704 2831 2405 2292 
1705 2823 2827 2389 
1706 2143 2146 2440 
1707 2454 2457 2452 
1708 3066 2452 2457 
1709 2229 2514 2515 
1710 2108 2022 2762 
1711 2408 2350 2005 
1712 3281 3283 3274 
1713 3282 3286 3291 
1714 2412 2354 2233 
1715 2127 2049 2354 
1716 2078 2238 2450 
1717 2149 2144 2422 
1718 2450 2451 2413 
1719 2466 2307 2249 
1720 8850 2424 2466 
1721 2368 2468 2470 
1722 2000 1864 2425 
1723 2427 2371 2310 
1724 2471 3802 360 
1725 3782 3777 3773 
1726 4131 4133 4134 
1727 3820 2121 2914 
1728 2375 2191 2273 
1729 2883 2377 2374 
1730 2342 2498 2273 
1731 2499 2498 2342 
1732 2472 2512 2324 
1733 3676 3678 3043 
1734 2883 2374 2324 
1735 2377 2376 3264 
1736 3264 3043 2378 
1737 1654 2798 2277 
1738 3289 3694 3695 
1739 2381 2380 2278 
1740 2278 2429 2381 
1741 2327 2328 2380 
1742 3273 3045 2379 
1743 3045 2381 2379 
1744 2381 3045 3690 
1745 3283 2382 3274 
1746 2565 2574 2465 
1747 2285 2335 2494 
1748 2292 2389 2827 
1749 2581 2570 2577 
1750 2829 2817 2821 
1751 2439 2815 2404 
1752 2393 339 2392 
1753 2340 2548 2900 
1754 2391 2393 2340 
1755 339 2393 2391 
1756 2393 2392 2542 
1757 2508 2463 2492 
1758 2546 2544 2394 
1759 2337 2395 2288 
1760 2397 2395 4026 
1761 4025 3751 4024 
1762 3083 3084 2819 
1763 4026 2395 2341 
1764 3343 2398 2397 
1765 2399 2398 2390 
1766 2222 2338 2398 
1767 2404 2099 2439 
1768 2800 2399 2439 
1769 2342 2400 2290 
1770 2034 2400 2033 
1771 2101 2345 2401 
1772 2801 2401 2345 
1773 2872 2868 2869 
1774 2375 2472 2324 
1775 2354 2412 2127 
1776 2229 2478 2514 
1777 2439 2099 2800 
1778 2399 2390 2807 
1779 2292 2405 2346 
1780 2406 2405 2347 
1781 2405 2406 2237 
1782 2440 2406 2347 
1783 3340 2293 1958 
1784 2348 3742 2478 
1785 1924 2408 2005 
1786 2442 2408 2187 
1787 2230 2445 2444 
1788 460 8862 2409 
1789 2915 2300 1979 
1790 2353 3308 2481 
1791 2233 2411 2481 
1792 3039 2764 2597 
1793 2413 2451 2453 
1794 2809 2413 3741 
1795 3364 2461 3769 
1796 2304 2363 2422 
1797 2422 2363 2149 
1798 2466 2468 2307 
1799 8866 8865 2251 
1800 1715 1551 8939 
1801 2310 2371 2425 
1802 2427 2265 2371 
1803 2877 3785 2372 
1804 8940 2075 3180 
1805 3774 3064 8975 
1806 2498 2499 2428 
1807 2512 3105 2500 
1808 2430 2325 2204 
1809 2381 2429 2379 
1810 1961 2431 2204 
1811 2430 2204 2431 
1812 2473 1961 1693 
1813 2475 2476 4267 
1814 2431 1961 2473 
1815 3699 3701 3689 
1816 8877 2335 2285 
1817 2399 2807 2439 
1818 2816 2822 2389 
1819 8872 2492 2489 
1820 2437 2343 2223 
1821 2438 2436 2402 
1822 2223 2344 2437 
1823 2291 2437 2344 
1824 2875 3106 3367 
1825 2428 2867 2869 
1826 2439 2807 2816 
1827 2824 2822 2818 
1828 2347 2834 2847 
1829 2143 2440 2137 
1830 2771 2767 2772 
1831 2482 3049 2412 
1832 2321 2442 2187 
1833 2442 2322 2443 
1834 2674 2716 2671 
1835 2446 2444 2445 
1836 2445 2230 2350 
1837 2350 2443 2445 
1838 2443 2989 2445 
1839 2409 2446 8863 
1840 8863 2445 2447 
1841 2716 2674 2707 
1842 2988 8864 3225 
1843 3274 2382 2327 
1844 2781 2770 2777 
1845 2451 2238 2363 
1846 2356 2450 2413 
1847 2363 2304 2451 
1848 2454 2453 2451 
1849 2454 2452 2453 
1850 2457 2454 2458 
1851 2454 2451 2304 
1852 3337 3066 3068 
1853 2459 2422 2140 
1854 2454 2304 2458 
1855 3340 2808 2455 
1856 344 2808 1958 
1857 3075 9114 3076 
1858 2456 3065 2457 
1859 3065 3071 3076 
1860 3067 3066 2457 
1861 2459 2304 2422 
1862 2457 2458 2456 
1863 2126 3071 3070 
1864 2456 2458 2459 
1865 2460 4041 4045 
1866 4305 3364 3769 
1867 8891 8889 8884 
1868 2388 2552 2551 
1869 2551 2552 2553 
1870 2494 2465 2495 
1871 8845 8848 2249 
1872 2466 2424 2468 
1873 2249 8844 8845 
1874 8850 8848 8849 
1875 8865 8867 8868 
1876 2469 2468 2424 
1877 2243 2650 2887 
1878 2468 2469 2470 
1879 2470 2469 2510 
1880 3116 2470 2510 
1881 4313 4070 4525 
1882 2192 2878 2880 
1883 2375 2273 2498 
1884 3105 2512 2472 
1885 2473 2476 2475 
1886 2431 2475 2474 
1887 2475 2431 2473 
1888 2379 2474 2432 
1889 2476 2473 1993 
1890 2432 2474 2475 
1891 2813 2476 1993 
1892 2982 3707 4008 
1893 2348 2478 2407 
1894 2840 2854 3092 
1895 3040 2514 2478 
1896 2353 2481 2411 
1897 2481 2449 2482 
1898 3715 3304 3307 
1899 2765 2780 2778 
1900 8872 8873 8871 
1901 2519 2492 2491 
1902 355 8872 2489 
1903 2508 2336 2463 
1904 8898 2335 353 
1905 3816 2465 2574 
1906 8877 2285 8891 
1907 2285 2494 2495 
1908 2523 2510 2469 
1909 2885 2886 3113 
1910 4076 3780 3781 
1911 2426 3775 2497 
1912 2499 2342 2290 
1913 2428 2472 2498 
1914 2290 2438 2499 
1915 2499 2438 2867 
1916 2428 2499 2867 
1917 2376 2377 2883 
1918 2772 2774 2769 
1919 2764 2768 2773 
1920 2576 496 2547 
1921 2542 2541 2394 
1922 2570 2569 3133 
1923 2558 2541 2508 
1924 2469 8866 2523 
1925 8897 2251 2525 
1926 360 2882 3372 
1927 2192 2881 2879 
1928 3105 2472 2428 
1929 2512 2500 2513 
1930 3375 2500 2871 
1931 2214 2220 2972 
1932 3040 2478 2441 
1933 2514 2501 2515 
1934 2763 2764 2108 
1935 2515 2763 2762 
1936 3131 2491 2520 
1937 2508 2492 2568 
1938 8872 8871 8875 
1939 3812 4106 505 
1940 2525 2496 2885 
1941 2510 8897 2888 
1942 2525 2885 8897 
1943 2243 2887 2890 
1944 2541 2540 2336 
1945 2336 2508 2541 
1946 2558 2508 2568 
1947 2542 2394 2544 
1948 2392 2540 2542 
1949 2434 2910 3132 
1950 2541 2558 2394 
1951 2393 2544 2340 
1952 2577 2567 2576 
1953 496 2571 2547 
1954 2558 2581 2394 
1955 2900 2289 2337 
1956 2571 496 2545 
1957 2548 2547 2289 
1958 2340 2546 2548 
1959 2547 2548 2546 
1960 3382 3124 2889 
1961 2388 2907 2552 
1962 2465 8977 2495 
1963 2551 2553 2464 
1964 4103 3814 3815 
1965 2553 2574 2565 
1966 2492 2519 2568 
1967 3815 2552 3813 
1968 3816 8977 2465 
1969 8898 2465 2494 
1970 353 2464 2565 
1971 3131 2569 2519 
1972 2570 2911 2577 
1973 3131 3132 2569 
1974 3133 2911 2570 
1975 2568 2570 2558 
1976 2568 2519 2569 
1977 2911 2567 2577 
1978 2572 2571 2545 
1979 2289 2547 2571 
1980 8899 2545 2339 
1981 2341 2289 2572 
1982 8991 2553 2552 
1983 3813 4103 3815 
1984 2912 2547 2546 
1985 2567 496 2576 
1986 2576 2912 2577 
1987 2581 2546 2394 
1988 2570 2581 2558 
1989 2581 2577 2912 
1990 8992 2585 1964 
1991 2585 2584 2582 
1992 7418 8983 8982 
1993 3377 3109 3375 
1994 3134 2584 2583 
1995 2914 2584 3820 
1996 1964 8838 8992 
1997 2584 2585 2583 
1998 2382 2586 2035 
1999 2915 2353 2411 
2000 2727 2728 2683 
2001 2039 2009 2916 
2002 2918 2047 2919 
2003 2922 2927 2926 
2004 2022 2596 2042 
2005 2596 2108 3039 
2006 2762 2763 2108 
2007 2788 2776 2770 
2008 1248 2600 2113 
2009 389 2132 390 
2010 2942 2602 2937 
2011 8985 4058 3881 
2012 2939 2937 2600 
2013 2132 2119 2601 
2014 2944 2601 2119 
2015 2940 2942 2939 
2016 2075 1944 2602 
2017 2645 2646 2114 
2018 3183 2940 2939 
2019 4045 3103 2460 
2020 2953 2610 253 
2021 2610 2954 2959 
2022 5580 2629 5579 
2023 2621 5579 4610 
2024 2970 3574 2969 
2025 2731 2749 2757 
2026 2634 2636 2639 
2027 2985 2660 2323 
2028 1331 2224 2635 
2029 2636 2635 2224 
2030 2224 2986 2639 
2031 2636 2634 2638 
2032 2697 2687 2686 
2033 2644 2634 2643 
2034 2642 2638 2980 
2035 1811 2638 2064 
2036 2224 2639 2636 
2037 2637 2699 2643 
2038 2634 2639 2643 
2039 2640 2664 2661 
2040 2637 2709 2699 
2041 2644 2640 2980 
2042 2661 2660 2662 
2043 2319 2064 2642 
2044 2637 2643 2639 
2045 2643 2641 2644 
2046 2677 2684 2665 
2047 2665 2644 2677 
2048 2062 2228 2645 
2049 2645 2228 3218 
2050 3188 2646 3192 
2051 3194 2603 2945 
2052 2764 2776 2597 
2053 2240 3139 3141 
2054 2244 2368 2650 
2055 3204 2653 3202 
2056 3553 3554 2957 
2057 2735 2726 2732 
2058 2654 2211 2655 
2059 2059 2277 2654 
2060 2656 2655 2211 
2061 2203 2175 2655 
2062 2277 2797 2211 
2063 1976 2967 2220 
2064 2657 1887 1768 
2065 2130 2280 2657 
2066 2749 2731 2740 
2067 2723 2732 2734 
2068 2064 2319 2659 
2069 2096 2659 2319 
2070 2642 2662 2319 
2071 2662 2640 2661 
2072 2665 2664 2640 
2073 2668 2664 2675 
2074 2319 2662 2660 
2075 2640 2662 2642 
2076 2682 2688 2673 
2077 2707 2696 2705 
2078 2665 2640 2644 
2079 2664 2663 2675 
2080 2680 2677 2644 
2081 2663 2664 2665 
2082 2670 2672 2679 
2083 2669 2674 2671 
2084 2667 2677 2680 
2085 2682 2673 2676 
2086 2664 2668 2661 
2087 2669 2668 2666 
2088 2669 2666 2672 
2089 2672 2674 2669 
2090 2675 2676 2666 
2091 2691 2692 2673 
2092 2321 2671 2322 
2093 2323 2669 2671 
2094 2666 2676 2679 
2095 2672 2670 2674 
2096 2663 2665 2684 
2097 2688 2691 2673 
2098 2692 2696 2670 
2099 2707 2674 2696 
2100 2676 2675 2663 
2101 2668 2675 2666 
2102 2990 2678 2991 
2103 2676 2673 2679 
2104 2680 2644 2641 
2105 2667 2681 2684 
2106 2667 2697 2698 
2107 2689 2703 2685 
2108 2679 2673 2692 
2109 2666 2679 2672 
2110 2641 2699 2687 
2111 2680 2641 2687 
2112 2681 2992 2719 
2113 2681 2990 2991 
2114 2991 2676 2663 
2115 2689 2688 2682 
2116 2720 2729 2727 
2117 2667 2680 2697 
2118 2667 2684 2677 
2119 2663 2684 2681 
2120 2685 2688 2689 
2121 2711 2727 2683 
2122 2719 2996 2714 
2123 2641 2643 2699 
2124 2687 2683 3029 
2125 2689 2682 2678 
2126 3027 2691 2688 
2127 2678 2719 2714 
2128 2714 2689 2678 
2129 2722 3036 2755 
2130 2696 2692 2694 
2131 3027 2688 2685 
2132 2692 2691 2690 
2133 2694 2692 2690 
2134 2692 2670 2679 
2135 3028 2694 2690 
2136 2696 2693 2705 
2137 2718 2685 2703 
2138 2694 2693 2696 
2139 3028 3027 2722 
2140 3226 2701 3657 
2141 2705 2693 3951 
2142 2674 2670 2696 
2143 2687 2697 2680 
2144 2698 2697 2686 
2145 2687 3029 2686 
2146 2703 2713 2700 
2147 2710 2702 2709 
2148 2683 2687 2699 
2149 3016 3017 3005 
2150 2694 3028 4234 
2151 2715 2701 3225 
2152 2716 2443 2322 
2153 2699 2711 2683 
2154 2709 2711 2699 
2155 2689 2714 2713 
2156 2721 2718 2703 
2157 2994 2996 2719 
2158 2752 2721 2700 
2159 3657 2705 3951 
2160 2705 2701 2707 
2161 4236 4237 4235 
2162 2715 2707 2701 
2163 2322 2671 2716 
2164 2718 2722 3027 
2165 2710 2709 2637 
2166 2709 2702 2711 
2167 2986 2710 2637 
2168 2710 2039 2916 
2169 2720 2702 2723 
2170 2711 2702 2720 
2171 2721 2712 2718 
2172 2752 2750 2725 
2173 2689 2713 2703 
2174 8950 8946 3244 
2175 2719 2678 2990 
2176 2713 2714 2704 
2177 2294 8863 8864 
2178 2989 2715 2447 
2179 2707 2715 2716 
2180 2716 2715 2989 
2181 2916 3135 2587 
2182 4229 3626 4230 
2183 2721 2703 2700 
2184 2712 3036 2718 
2185 2992 2681 2667 
2186 2719 2992 2994 
2187 2702 2987 2723 
2188 2720 2717 2729 
2189 2752 2753 8942 
2190 3658 3659 3253 
2191 2754 2755 3036 
2192 3028 2722 2755 
2193 2732 2723 2587 
2194 2717 2720 2723 
2195 2724 2729 2730 
2196 2728 3030 3029 
2197 2737 8947 2749 
2198 2725 2712 2721 
2199 2742 2741 2726 
2200 2738 2717 2734 
2201 2720 2727 2711 
2202 2728 2727 2724 
2203 3032 3245 2743 
2204 2999 2995 3237 
2205 2730 2729 2717 
2206 2727 2729 2724 
2207 2741 2734 2726 
2208 3000 3002 3003 
2209 3258 3260 3658 
2210 2731 3038 2740 
2211 2587 3135 2735 
2212 2734 2732 2726 
2213 3135 2733 2735 
2214 3242 8946 3031 
2215 2741 2738 2734 
2216 2723 2734 2717 
2217 2587 2735 2732 
2218 2735 2733 8950 
2219 2735 2737 2726 
2220 2730 3032 2743 
2221 3202 2653 3200 
2222 3034 2740 2745 
2223 2738 2736 3245 
2224 2717 2738 3032 
2225 2998 2704 2996 
2226 2700 2713 3035 
2227 2211 3266 2656 
2228 2754 2712 2725 
2229 2742 2726 2737 
2230 2736 2738 2741 
2231 2740 2742 2737 
2232 2741 2742 3034 
2233 2745 3246 3034 
2234 4220 3016 3619 
2235 2760 3038 2759 
2236 2731 2757 2759 
2237 3262 356 3260 
2238 2744 3259 2754 
2239 3553 2957 2203 
2240 3250 3038 2760 
2241 3255 3258 3259 
2242 2750 2751 3660 
2243 3254 2755 3252 
2244 2737 2749 2740 
2245 4775 2756 4776 
2246 2752 2725 2721 
2247 2751 2750 2747 
2248 3227 3011 2753 
2249 3661 3261 3660 
2250 2752 2700 3035 
2251 2750 2752 2747 
2252 2713 2704 3002 
2253 3231 3011 3017 
2254 2744 2754 2725 
2255 2754 2748 2755 
2256 3252 2755 2748 
2257 3028 2755 2708 
2258 2984 3590 2658 
2259 3893 3202 3200 
2260 4776 2749 2746 
2261 2756 4631 2759 
2262 3598 8969 3596 
2263 2745 3038 3250 
2264 2756 2759 2757 
2265 2759 2758 2760 
2266 3629 3625 3627 
2267 3251 2760 3632 
2268 1283 2761 2022 
2269 2293 2761 2081 
2270 2022 2349 2762 
2271 2515 2762 2349 
2272 2515 2767 2766 
2273 2515 2766 2763 
2274 2766 2768 2763 
2275 2768 2764 2763 
2276 2766 2767 2765 
2277 2773 2777 2770 
2278 2767 2515 2501 
2279 2766 2765 2768 
2280 2774 2772 2501 
2281 2501 2772 2767 
2282 2923 2922 2918 
2283 2776 2764 2773 
2284 2791 2784 2789 
2285 3418 2782 3419 
2286 2777 2773 2778 
2287 2771 2765 2767 
2288 2791 3041 2790 
2289 3148 2932 2934 
2290 2514 3040 2501 
2291 2772 2769 8900 
2292 2778 2768 2765 
2293 2773 2770 2776 
2294 3338 3336 3743 
2295 3341 2774 2441 
2296 2781 2782 2779 
2297 2770 2785 2788 
2298 2785 2770 2781 
2299 2918 2919 2920 
2300 2778 2773 2768 
2301 2782 2781 2777 
2302 2780 2765 2771 
2303 2777 2778 2775 
2304 2789 2786 2775 
2305 2782 2786 3419 
2306 2784 2786 2789 
2307 2775 2778 2780 
2308 2782 2777 2775 
2309 2779 3150 2785 
2310 2782 2775 2786 
2311 3147 3149 3157 
2312 3137 2936 3148 
2313 3137 3148 2783 
2314 2771 8900 3041 
2315 2787 3419 3420 
2316 2779 2785 2781 
2317 2785 2783 2788 
2318 2789 2775 2780 
2319 2784 3420 3419 
2320 3959 3421 2784 
2321 3147 3151 3149 
2322 2588 2922 2926 
2323 2588 2917 2918 
2324 2771 2792 2780 
2325 2789 2792 2791 
2326 3822 3825 3392 
2327 2127 3048 3050 
2328 2789 2780 2792 
2329 2790 3667 3959 
2330 2771 2772 8900 
2331 2791 2792 3041 
2332 3042 2790 3041 
2333 3102 2482 2449 
2334 3962 3963 3750 
2335 3963 3962 2769 
2336 3109 3688 2513 
2337 8970 3266 2797 
2338 2056 2798 1654 
2339 2797 2798 2378 
2340 3046 3278 3280 
2341 2327 3277 3274 
2342 1938 2800 2099 
2343 2222 2399 2800 
2344 2802 2801 2345 
2345 2344 2801 2291 
2346 3050 3051 2403 
2347 3830 3823 3825 
2348 3048 3049 2803 
2349 2403 3051 4018 
2350 3328 3064 2427 
2351 2821 2817 2818 
2352 2815 2816 2389 
2353 2356 2808 344 
2354 3340 2455 3339 
2355 2455 2808 2809 
2356 2356 2809 2808 
2357 3069 3745 3747 
2358 3068 3339 3337 
2359 3330 9113 3332 
2360 3068 3338 2348 
2361 3077 2812 3070 
2362 2814 2813 1993 
2363 1613 2813 1617 
2364 2814 1993 1885 
2365 1617 2814 1620 
2366 2816 2815 2439 
2367 2292 2815 2389 
2368 2390 3083 2807 
2369 2816 2807 2818 
2370 2833 2823 2820 
2371 2807 3083 2821 
2372 2818 2817 2824 
2373 2390 3084 3083 
2374 3352 483 4028 
2375 2824 2825 2820 
2376 2827 2823 2835 
2377 2807 2821 2818 
2378 9022 2829 2821 
2379 2818 2822 2816 
2380 2823 2822 2820 
2381 2820 2836 2833 
2382 2831 2834 2347 
2383 2824 2817 3085 
2384 2822 2824 2820 
2385 2829 2830 3085 
2386 2836 2828 2833 
2387 3344 4490 4489 
2388 2825 2824 3085 
2389 2823 2837 2835 
2390 2405 2831 2347 
2391 2850 2843 2825 
2392 2125 2846 2845 
2393 9022 2821 2819 
2394 2829 2826 2830 
2395 2851 2852 2853 
2396 2848 2849 2828 
2397 2292 2827 2831 
2398 2834 2831 2839 
2399 2837 2844 2832 
2400 2847 2838 2846 
2401 2836 2820 2825 
2402 2837 2833 2828 
2403 2839 2827 2835 
2404 2839 2838 2834 
2405 2837 2823 2833 
2406 2832 2838 2839 
2407 2836 2825 2843 
2408 2836 2855 2848 
2409 2849 3088 2828 
2410 2835 2837 2832 
2411 2845 2832 2844 
2412 2137 2440 2847 
2413 2827 2839 2831 
2414 2839 2835 2832 
2415 2852 2850 2830 
2416 2854 2840 2850 
2417 2828 2836 2848 
2418 2845 3087 3090 
2419 2846 2125 2477 
2420 2125 2845 3090 
2421 2825 3085 2850 
2422 2855 2843 2840 
2423 2828 2844 2837 
2424 2845 2844 3087 
2425 2846 2838 2845 
2426 2846 2477 2847 
2427 2832 2845 2838 
2428 2347 2847 2440 
2429 2847 2834 2838 
2430 2855 2836 2843 
2431 2848 2842 2849 
2432 3098 3101 2856 
2433 2852 2830 2853 
2434 2840 2843 2850 
2435 2851 2862 2863 
2436 2852 2854 2850 
2437 2853 2830 2826 
2438 2852 2851 2854 
2439 2859 2860 2858 
2440 3346 3098 3094 
2441 2859 2862 2851 
2442 3101 2842 2856 
2443 2856 2855 2840 
2444 2848 2855 2842 
2445 2854 2851 2863 
2446 2856 3094 3098 
2447 2851 2853 2859 
2448 2860 4280 4030 
2449 2860 2859 2853 
2450 2860 2853 2826 
2451 3357 2858 2860 
2452 3344 4489 3084 
2453 3352 3357 4029 
2454 6515 6296 6514 
2455 3094 3092 3093 
2456 2858 2862 2859 
2457 4284 4285 4492 
2458 5429 5433 5173 
2459 2840 3092 2856 
2460 3167 3175 3475 
2461 2803 3053 3051 
2462 4042 494 2421 
2463 4195 3769 2135 
2464 2874 2438 2875 
2465 2872 2869 2874 
2466 4093 2872 2873 
2467 7199 7417 7643 
2468 2874 2867 2438 
2469 2869 2868 2871 
2470 2870 2874 2875 
2471 2875 3368 2870 
2472 4092 4093 3803 
2473 2871 2868 3376 
2474 2874 2869 2867 
2475 2873 2872 2870 
2476 2345 3047 2802 
2477 4274 4019 3327 
2478 2875 2438 2402 
2479 2872 2874 2870 
2480 2291 3106 2402 
2481 2875 2402 3106 
2482 8836 2876 2198 
2483 3775 2426 3774 
2484 3371 2198 2876 
2485 2880 2372 2471 
2486 2166 2879 2155 
2487 2198 2878 2879 
2488 3784 3785 2877 
2489 3777 3371 2497 
2490 2471 360 3372 
2491 2155 2881 850 
2492 2192 2882 2881 
2493 2512 2883 2324 
2494 2376 2883 2513 
2495 2972 2975 2979 
2496 2513 2500 3109 
2497 2886 2885 2496 
2498 8897 2885 2524 
2499 3811 2906 3810 
2500 2524 2889 2888 
2501 2470 2887 2368 
2502 2894 2888 2889 
2503 2889 2524 3113 
2504 2888 2894 2891 
2505 3382 3122 3124 
2506 2891 2894 2526 
2507 2887 3116 2891 
2508 2526 2890 2891 
2509 2887 2891 2890 
2510 3124 2894 2889 
2511 2189 2526 2894 
2512 2340 2900 2391 
2513 2289 2900 2548 
2514 2904 2562 3125 
2515 3124 3125 3123 
2516 3125 3810 2906 
2517 2904 2906 2907 
2518 3813 2906 3811 
2519 2189 3124 3123 
2520 2569 3132 3133 
2521 2570 2568 2569 
2522 2567 2911 2543 
2523 2547 2912 2576 
2524 2581 2912 2546 
2525 2583 4108 4107 
2526 3822 2913 3826 
2527 2080 2914 2121 
2528 2582 2914 1957 
2529 1979 2586 2915 
2530 2915 2586 3284 
2531 3031 3240 3238 
2532 2916 2587 2987 
2533 2918 2917 2047 
2534 1874 2917 2588 
2535 2597 2776 3136 
2536 2588 2918 2922 
2537 2596 2919 2047 
2538 2920 2919 2597 
2539 2925 3136 2788 
2540 2923 2921 2922 
2541 350 3394 2152 
2542 3146 2929 2933 
2543 2923 2918 2920 
2544 2922 2921 2927 
2545 2925 2920 3136 
2546 2925 2923 2920 
2547 2921 2254 2927 
2548 2924 2254 3145 
2549 2934 2932 2933 
2550 2923 2925 2929 
2551 2924 2649 2926 
2552 2588 2930 1874 
2553 2921 2935 2254 
2554 2926 2927 2924 
2555 2923 2929 2921 
2556 3418 3153 2779 
2557 2934 2933 2925 
2558 3398 2931 3839 
2559 2926 2649 2930 
2560 3138 2930 2649 
2561 2925 2933 2929 
2562 3839 3142 3143 
2563 2783 2785 3150 
2564 3444 3445 2932 
2565 2934 2925 2788 
2566 3146 2935 2929 
2567 2783 3148 2788 
2568 2934 2788 3148 
2569 3440 3160 3442 
2570 3150 3151 3137 
2571 3137 3151 3440 
2572 2935 3450 3452 
2573 1817 2600 2937 
2574 3181 3183 3189 
2575 2941 3178 2075 
2576 2075 2602 2941 
2577 2939 2942 2937 
2578 3532 3178 2941 
2579 2940 3187 3184 
2580 2310 3329 3328 
2581 2938 2941 2942 
2582 8936 8935 2133 
2583 3185 3532 3184 
2584 4020 4022 3329 
2585 2940 2938 2942 
2586 3532 2941 2938 
2587 2119 2946 2945 
2588 2944 2603 9662 
2589 2947 2114 2646 
2590 2603 2944 2945 
2591 2119 2065 2946 
2592 2114 2946 2065 
2593 2947 2646 3188 
2594 2945 2947 3194 
2595 1744 2953 253 
2596 2954 2953 2070 
2597 2956 2954 2070 
2598 2958 3196 2956 
2599 2956 2070 2957 
2600 2955 2956 2957 
2601 2070 8837 2957 
2602 2956 2955 2958 
2603 3268 2203 2656 
2604 3267 2656 3266 
2605 3199 2958 3200 
2606 2652 3198 3199 
2607 2959 2184 8834 
2608 2960 2959 2094 
2609 2001 2960 2094 
2610 1734 2610 2960 
2611 2965 2964 1816 
2612 2966 2964 2633 
2613 1816 2188 2965 
2614 2206 2965 2188 
2615 2633 2970 2969 
2616 2220 2967 2972 
2617 2969 2971 2974 
2618 2974 2967 2966 
2619 3574 2973 8980 
2620 3610 3597 3602 
2621 2970 2633 2206 
2622 2969 2968 2971 
2623 3211 2973 2206 
2624 2970 2206 2973 
2625 2977 2978 2976 
2626 2979 2975 2977 
2627 2975 2967 2974 
2628 2967 2975 2972 
2629 3912 9285 3581 
2630 7814 2282 2200 
2631 2969 2974 2966 
2632 2974 2971 2975 
2633 2971 2977 2975 
2634 2972 2979 3213 
2635 2968 3577 2971 
2636 2214 3213 3215 
2637 2978 2977 2971 
2638 2977 2976 2979 
2639 3574 2968 2969 
2640 3594 8969 3614 
2641 5485 3684 4976 
2642 2214 2972 3213 
2643 2644 2980 2634 
2644 2640 2642 2980 
2645 3888 1247 5566 
2646 3193 3188 3192 
2647 3707 4006 3705 
2648 3198 3197 2958 
2649 3930 3591 2264 
2650 3616 2984 2658 
2651 2270 2985 2321 
2652 2323 2671 2985 
2653 2639 2986 2637 
2654 2039 2986 2224 
2655 2702 2710 2987 
2656 2916 2987 2710 
2657 2988 3226 2095 
2658 2715 3225 2447 
2659 2445 2989 2447 
2660 2716 2989 2443 
2661 2678 2682 2991 
2662 2681 2719 2990 
2663 2676 2991 2682 
2664 2681 2991 2663 
2665 2667 2698 2992 
2666 2995 2994 2992 
2667 3237 2995 2698 
2668 2998 3002 2704 
2669 2995 2992 2698 
2670 2996 2994 2993 
2671 3030 3237 2686 
2672 2993 2994 2995 
2673 2998 2996 2993 
2674 2996 2704 2714 
2675 3235 4411 4412 
2676 3004 3007 8901 
2677 2999 2993 2995 
2678 3227 3035 3000 
2679 2999 2997 3004 
2680 2993 2999 8901 
2681 3007 2998 8901 
2682 3008 3000 3003 
2683 2728 3622 3022 
2684 2686 3029 3030 
2685 3003 3002 2998 
2686 2713 3002 3000 
2687 3013 3005 3008 
2688 2997 3001 3004 
2689 4405 3623 3624 
2690 2743 3249 3624 
2691 3016 3005 3006 
2692 3011 3227 3008 
2693 3620 4226 4402 
2694 3024 3004 3001 
2695 3662 8945 4613 
2696 2998 3007 3003 
2697 3020 3232 3007 
2698 3008 3005 3011 
2699 2997 3022 3001 
2700 3013 3015 3006 
2701 3236 3025 3026 
2702 3004 3025 3007 
2703 3012 3236 3936 
2704 3005 3017 3011 
2705 3020 3015 3013 
2706 3010 3934 3230 
2707 3232 3008 3003 
2708 4221 4220 3934 
2709 4402 4226 3234 
2710 3004 3024 3025 
2711 3015 3020 3236 
2712 3231 8943 8942 
2713 3013 3232 3020 
2714 4227 3015 3012 
2715 3231 8942 3011 
2716 3018 3619 3016 
2717 3006 3233 3016 
2718 3005 3013 3006 
2719 3009 4760 3024 
2720 3936 3234 3012 
2721 4226 491 3018 
2722 4614 3021 4402 
2723 3622 2728 2724 
2724 3009 3001 3022 
2725 3629 4403 3229 
2726 3026 3936 3236 
2727 3009 3024 3001 
2728 3024 3023 3025 
2729 3025 3023 3026 
2730 3020 3007 3025 
2731 3937 4400 3936 
2732 4224 4222 3023 
2733 2691 3027 2690 
2734 2718 3027 2685 
2735 3028 2708 4234 
2736 3027 3028 2690 
2737 2683 2728 3029 
2738 3030 2728 3022 
2739 3022 2997 3030 
2740 3237 3030 2997 
2741 3031 3238 3239 
2742 3031 3239 3242 
2743 2717 3032 2730 
2744 3245 3032 2738 
2745 2760 3251 3250 
2746 3248 3247 3033 
2747 2741 3034 2736 
2748 2740 3034 2742 
2749 3000 3035 2713 
2750 2752 3035 2753 
2751 2718 3036 2722 
2752 2754 3036 2712 
2753 3037 3252 3253 
2754 3948 3659 2695 
2755 2740 3038 2745 
2756 2759 3038 2731 
2757 3039 2597 2919 
2758 2108 2764 3039 
2759 2441 2774 3040 
2760 2501 3040 2774 
2761 2771 3041 2792 
2762 3042 3041 2794 
2763 2870 3368 2873 
2764 2790 3042 3665 
2765 2513 3688 3675 
2766 8971 3271 3272 
2767 4169 4171 3892 
2768 3578 2978 3577 
2769 3273 2379 2432 
2770 3274 3278 3046 
2771 3278 3279 3280 
2772 3715 3300 3304 
2773 3057 3051 3053 
2774 4017 4274 3739 
2775 3049 3048 2412 
2776 3050 3048 2803 
2777 3054 3737 3055 
2778 2482 3054 3049 
2779 3051 3050 2803 
2780 2403 8861 3050 
2781 2803 3055 3053 
2782 3055 2803 3049 
2783 3058 3060 3056 
2784 3433 5107 5108 
2785 3053 3052 3058 
2786 3058 3057 3053 
2787 3102 3054 2482 
2788 3360 3326 3737 
2789 3054 3055 3049 
2790 3052 3053 3055 
2791 3737 3052 3055 
2792 3057 4275 4019 
2793 3063 3056 3062 
2794 3057 4017 4018 
2795 3738 3060 3058 
2796 3057 3058 3056 
2797 3716 2864 3360 
2798 3056 3060 3062 
2799 3738 3058 3052 
2800 3059 7899 3062 
2801 3718 3316 3320 
2802 3429 3432 3428 
2803 3059 3062 3060 
2804 3062 3061 4483 
2805 3168 3171 3162 
2806 3771 4307 4306 
2807 3328 2427 2310 
2808 3375 3376 3111 
2809 3071 2456 3070 
2810 3067 3334 3066 
2811 3067 2457 3065 
2812 3066 2811 3068 
2813 3065 3330 3067 
2814 3067 3330 3332 
2815 3338 3068 2811 
2816 2348 3339 3068 
2817 3335 3336 3334 
2818 3961 3960 2794 
2819 3077 3070 2459 
2820 2126 3070 2812 
2821 3065 2456 3071 
2822 3074 3071 2126 
2823 2126 3073 3074 
2824 8922 3073 8902 
2825 3065 3076 2810 
2826 8911 8910 8904 
2827 4793 4458 4791 
2828 3071 3074 3076 
2829 3076 3074 8922 
2830 2459 2140 3077 
2831 8932 3082 3086 
2832 3084 2390 3343 
2833 2821 3083 2819 
2834 2396 3344 3084 
2835 3356 2858 4028 
2836 2829 3085 2817 
2837 2850 3085 2830 
2838 3089 3091 3088 
2839 3091 3087 3088 
2840 3088 3087 2844 
2841 2828 3088 2844 
2842 2849 3089 3088 
2843 4289 4288 3755 
2844 3358 2849 2842 
2845 3091 3090 3087 
2846 2125 3090 3086 
2847 8932 3089 3082 
2848 3091 8932 3090 
2849 2863 3093 2854 
2850 3092 2854 3093 
2851 3348 3345 3347 
2852 2856 3092 3094 
2853 3347 3094 3093 
2854 3358 3359 3089 
2855 3098 3346 3097 
2856 9139 4035 3097 
2857 2857 4029 3357 
2858 4799 4803 4808 
2859 4887 5170 5174 
2860 3348 3347 3093 
2861 3097 3346 2861 
2862 4498 3101 3096 
2863 3755 4656 5172 
2864 3097 3096 3098 
2865 3096 3097 4035 
2866 3358 3089 2849 
2867 3096 3101 3098 
2868 3101 3100 3358 
2869 3313 3716 3717 
2870 3102 3716 3360 
2871 494 4041 2460 
2872 5784 4052 3104 
2873 3770 5784 5783 
2874 2869 3105 2428 
2875 2500 3105 2871 
2876 2802 3365 2291 
2877 2291 3365 3106 
2878 3739 2802 3047 
2879 3107 3367 4055 
2880 3777 2497 3773 
2881 6363 7029 7038 
2882 2471 2372 4074 
2883 2878 2877 2880 
2884 3109 2500 3375 
2885 2470 3116 2887 
2886 3382 3113 2886 
2887 3108 3783 3784 
2888 2885 3113 2524 
2889 2471 2192 2880 
2890 2884 3377 3378 
2891 4079 3802 4074 
2892 2198 3371 2878 
2893 3043 3264 3675 
2894 2888 3116 2510 
2895 3810 2886 3383 
2896 2562 3123 3125 
2897 3124 2189 2894 
2898 3124 3122 3125 
2899 3810 3125 3122 
2900 2904 3125 2906 
2901 2491 3131 2519 
2902 3132 3131 2520 
2903 2434 3132 2520 
2904 3132 2910 3133 
2905 2910 2543 3133 
2906 3133 2543 2911 
2907 7417 3818 4107 
2908 3134 2913 3821 
2909 3240 2916 2009 
2910 3031 2733 3135 
2911 2597 3136 2920 
2912 2788 3136 2776 
2913 3151 3147 3440 
2914 2932 3148 2936 
2915 3139 3138 2649 
2916 1874 3138 1282 
2917 3141 3139 3142 
2918 1282 3139 2240 
2919 2649 3143 3142 
2920 2935 3146 2928 
2921 3839 3141 3142 
2922 349 2240 3141 
2923 3143 2649 2924 
2924 3839 3143 3398 
2925 2924 2927 2254 
2926 3445 2933 2932 
2927 2921 2929 2935 
2928 3145 3143 2924 
2929 3472 3406 3402 
2930 3452 3454 2254 
2931 3154 3151 3153 
2932 2936 3442 2932 
2933 3422 3420 3421 
2934 3394 3395 3401 
2935 3147 3157 3159 
2936 3150 2779 3153 
2937 3153 3418 3439 
2938 3159 3160 3440 
2939 3439 3154 3153 
2940 3166 3152 3161 
2941 3151 3154 3149 
2942 3156 3161 3154 
2943 3473 3157 3149 
2944 3399 3400 3145 
2945 2935 2928 3450 
2946 3150 3153 3151 
2947 3167 3166 3161 
2948 3152 3149 3154 
2949 3464 3451 3458 
2950 3161 3156 3163 
2951 3152 3154 3161 
2952 3473 3149 3152 
2953 3155 3846 3159 
2954 3843 3840 3158 
2955 3446 2928 3445 
2956 3155 3159 3157 
2957 3159 3158 3160 
2958 3443 3160 3840 
2959 3440 3442 2936 
2960 8953 3168 3163 
2961 3514 3506 4366 
2962 3162 3163 3168 
2963 3476 3479 3484 
2964 8953 3439 3422 
2965 3167 3163 3162 
2966 3175 3162 3173 
2967 3473 3169 3155 
2968 3667 2790 3665 
2969 8934 3172 3174 
2970 3167 3161 3163 
2971 3166 3164 3169 
2972 3162 3171 3173 
2973 3166 3167 3164 
2974 8953 3163 3156 
2975 3425 3426 3165 
2976 4145 3857 3169 
2977 3857 4148 3855 
2978 3425 3165 3423 
2979 3167 3162 3175 
2980 3426 3168 3165 
2981 3174 3173 3171 
2982 3174 3172 3173 
2983 3492 3488 3487 
2984 3174 3171 3170 
2985 3173 3172 3175 
2986 3170 3435 3174 
2987 8934 3177 3172 
2988 3479 3476 3478 
2989 3167 3475 3164 
2990 2793 3668 3425 
2991 3436 3438 3176 
2992 3431 3436 3176 
2993 3312 3302 3305 
2994 4020 3329 3179 
2995 2943 4021 3180 
2996 2425 8938 2310 
2997 2943 3180 3178 
2998 3180 3179 8940 
2999 2600 8935 2939 
3000 4064 4063 4061 
3001 3187 3181 3884 
3002 3178 3532 2943 
3003 2939 8937 3189 
3004 3187 3183 3181 
3005 3187 2940 3183 
3006 3184 3182 3185 
3007 3535 3536 3182 
3008 3185 3182 3881 
3009 3545 2603 3194 
3010 3181 3189 3191 
3011 4164 3191 3889 
3012 3184 3187 3182 
3013 3187 3884 3535 
3014 3192 3219 3540 
3015 2939 3189 3183 
3016 3186 3549 3889 
3017 3545 3542 3546 
3018 3192 2646 3219 
3019 3186 3191 3189 
3020 3887 3550 3219 
3021 3537 3193 3542 
3022 3885 3536 3535 
3023 2646 3218 3219 
3024 3548 3549 3541 
3025 3537 2947 3188 
3026 2947 3537 3194 
3027 3206 3201 4167 
3028 3893 3200 2955 
3029 2956 3196 2954 
3030 3197 3196 2958 
3031 3199 3198 2958 
3032 8834 3197 1904 
3033 2652 2263 3198 
3034 3555 2263 1842 
3035 3200 2958 2955 
3036 2652 3199 2653 
3037 3554 3893 2957 
3038 2653 3199 3200 
3039 8947 8948 8949 
3040 3590 3593 2658 
3041 3205 3202 3201 
3042 3205 3204 3202 
3043 3201 3554 4167 
3044 3205 3206 3203 
3045 3599 3600 3601 
3046 3932 3931 3204 
3047 3206 3205 3201 
3048 3204 3205 3203 
3049 3268 3267 3269 
3050 4197 2978 3578 
3051 8980 3581 3914 
3052 3579 3575 3210 
3053 2206 2115 9821 
3054 2284 2973 3211 
3055 3912 9286 9285 
3056 3578 3575 3579 
3057 3923 3582 3922 
3058 3213 3583 3215 
3059 3915 2979 2976 
3060 3582 3923 3584 
3061 3925 8981 3214 
3062 3585 3215 8983 
3063 3217 3216 1783 
3064 3218 3216 2981 
3065 3216 3217 2981 
3066 3219 3218 2981 
3067 3218 2646 2645 
3068 3538 3540 3550 
3069 3551 3538 3550 
3070 3615 2261 2652 
3071 3601 3933 3932 
3072 3243 3242 3239 
3073 3618 2183 3617 
3074 3226 3225 2701 
3075 2988 3225 3226 
3076 2701 2705 3657 
3077 3035 3227 2753 
3078 3008 3227 3000 
3079 4628 4630 4232 
3080 3631 3626 3630 
3081 2743 3245 3247 
3082 4620 4225 4399 
3083 3935 3934 3619 
3084 4396 3934 3010 
3085 2751 2747 8943 
3086 3008 3232 3013 
3087 3007 3232 3003 
3088 3016 3233 3018 
3089 3015 3233 3006 
3090 3233 3015 4227 
3091 3018 3233 4226 
3092 3622 2724 3623 
3093 4403 4404 3229 
3094 3015 3236 3012 
3095 3025 3236 3020 
3096 3237 2997 2999 
3097 2686 3237 2698 
3098 3239 3238 2177 
3099 3240 3031 3135 
3100 3618 3239 2177 
3101 3243 3224 3616 
3102 2916 3240 3135 
3103 2009 3238 3240 
3104 3596 3593 3592 
3105 2746 2749 8947 
3106 3243 3239 3224 
3107 3242 3241 3244 
3108 3616 3604 3243 
3109 3241 3242 3243 
3110 3604 3603 3241 
3111 8950 3244 8947 
3112 3246 3245 2736 
3113 3247 3245 3033 
3114 3034 3246 2736 
3115 3246 2745 3250 
3116 3250 3033 3246 
3117 3247 3248 3625 
3118 3626 3627 3630 
3119 3247 3625 3249 
3120 3624 3623 2730 
3121 2743 3247 3249 
3122 2758 3632 2760 
3123 3033 3250 3655 
3124 3941 3656 3251 
3125 3655 3251 3656 
3126 3253 3252 2748 
3127 3254 3252 3037 
3128 3258 3253 2748 
3129 3659 3037 3253 
3130 3254 3948 4238 
3131 2708 2755 3254 
3132 3261 3255 3259 
3133 3262 3260 3954 
3134 4446 3260 356 
3135 4234 3951 2693 
3136 3257 3948 2695 
3137 3259 3258 2748 
3138 3260 3258 3255 
3139 2754 3259 2748 
3140 3259 2744 3261 
3141 3260 3255 3954 
3142 4446 3658 3260 
3143 2744 3660 3261 
3144 3661 2751 3662 
3145 3661 3956 3261 
3146 4448 4443 4259 
3147 3669 3263 3666 
3148 3171 3426 3170 
3149 2377 3264 2378 
3150 3675 3264 2376 
3151 2884 3680 3109 
3152 3681 3676 3679 
3153 2797 3266 2211 
3154 3267 3266 3044 
3155 3044 3266 8970 
3156 3268 3269 3195 
3157 3268 3195 3553 
3158 2656 3267 3268 
3159 3271 3267 3044 
3160 3269 3267 3271 
3161 3681 3272 3678 
3162 3583 3584 3214 
3163 3272 3271 3044 
3164 3271 3270 5496 
3165 3675 3676 3043 
3166 3265 3679 3676 
3167 4010 2476 4009 
3168 2799 3045 3273 
3169 2381 3690 3277 
3170 3281 3274 3046 
3171 3045 3691 3690 
3172 3277 3278 3274 
3173 3715 3281 3282 
3174 3284 2586 3283 
3175 2381 3277 2327 
3176 3277 3275 3278 
3177 3691 3275 3690 
3178 3278 3275 3279 
3179 3287 3292 3285 
3180 3297 3293 3296 
3181 3279 3691 3692 
3182 3282 3291 3300 
3183 3282 3281 3046 
3184 3281 3276 3283 
3185 3280 3286 3046 
3186 3280 3279 3287 
3187 3284 3283 3276 
3188 2586 2382 3283 
3189 3276 3715 3307 
3190 2915 3284 2353 
3191 3308 2353 3307 
3192 3046 3286 3282 
3193 3290 3280 3287 
3194 3280 3290 3286 
3195 3692 3694 3279 
3196 3287 3285 3290 
3197 3290 3296 3298 
3198 3298 3299 3288 
3199 3696 3693 3695 
3200 3296 3285 3297 
3201 3296 3290 3285 
3202 3290 3298 3291 
3203 3290 3291 3286 
3204 8951 3300 3291 
3205 3694 3287 3279 
3206 3289 3733 3301 
3207 3292 3301 3285 
3208 3310 8951 3305 
3209 3305 3288 3299 
3210 3717 3309 3315 
3211 4013 3733 3706 
3212 3720 3727 3735 
3213 3285 3301 3297 
3214 3298 3296 3293 
3215 3311 3314 3719 
3216 3297 3314 3311 
3217 3299 3298 3293 
3218 3298 3288 3291 
3219 3293 3311 3306 
3220 3302 3319 3318 
3221 8951 3291 3288 
3222 3300 3294 3304 
3223 3289 3301 3292 
3224 3297 3301 3295 
3225 3306 3299 3293 
3226 2864 3716 3718 
3227 3319 3322 3325 
3228 3305 3299 3312 
3229 3304 3309 3308 
3230 3284 3307 2353 
3231 3299 3306 3312 
3232 3310 3305 3302 
3233 3311 3293 3297 
3234 3303 3312 3306 
3235 3276 3307 3284 
3236 3308 3307 3304 
3237 3309 3304 3294 
3238 2481 3308 2449 
3239 3315 3309 3294 
3240 2449 3308 3309 
3241 3315 3316 3313 
3242 3294 3300 8951 
3243 3297 3295 3730 
3244 3303 3306 3311 
3245 3319 3312 3322 
3246 7139 6839 7141 
3247 3294 3310 3315 
3248 3310 3316 3315 
3249 3732 3734 3730 
3250 3725 3723 3722 
3251 3316 3310 3302 
3252 3315 3313 3717 
3253 3316 3302 3318 
3254 3318 3320 3316 
3255 3322 3323 3321 
3256 3317 3319 3325 
3257 3319 3302 3312 
3258 3317 3320 3318 
3259 3323 3322 3312 
3260 3317 3318 3319 
3261 7143 3324 7144 
3262 3320 9406 7382 
3263 3874 3504 3503 
3264 7375 3317 3324 
3265 3323 3312 3303 
3266 7146 3325 3321 
3267 3311 3719 3303 
3268 3314 3722 3719 
3269 3486 3484 3483 
3270 3531 3515 3530 
3271 3321 3325 3322 
3272 3317 3325 3324 
3273 9406 7380 7382 
3274 3052 3737 3738 
3275 3771 4306 3107 
3276 2802 3366 3365 
3277 2310 8938 3329 
3278 2804 3064 3328 
3279 4021 3740 4020 
3280 3328 3329 4022 
3281 3065 2810 3330 
3282 2810 9113 3330 
3283 8907 8908 4642 
3284 3336 2811 3334 
3285 3335 3332 8974 
3286 3066 3334 2811 
3287 3748 3749 4261 
3288 3970 3979 3968 
3289 3067 3332 3334 
3290 3335 3334 3332 
3291 8974 3332 3331 
3292 3335 3333 3336 
3293 3336 3745 3744 
3294 3341 3743 3744 
3295 2455 2809 3741 
3296 3066 3337 2452 
3297 2811 3336 3338 
3298 3743 3742 3338 
3299 2348 2407 3340 
3300 3337 3339 2455 
3301 2293 3340 2407 
3302 2808 3340 1958 
3303 2441 3742 3743 
3304 3966 3963 3341 
3305 3745 3069 3744 
3306 3431 3427 3429 
3307 2398 3343 2390 
3308 2396 3084 3343 
3309 3751 4025 2339 
3310 2857 3357 4030 
3311 8984 4031 4032 
3312 4497 3355 4498 
3313 3348 3093 2863 
3314 3347 3346 3094 
3315 3346 3347 3345 
3316 483 3352 4029 
3317 4495 2862 3356 
3318 5742 4887 5174 
3319 5433 5431 5743 
3320 3348 2863 3350 
3321 4656 5166 5171 
3322 4287 3096 4035 
3323 3356 2862 2858 
3324 2861 3346 8984 
3325 4494 3348 3350 
3326 4031 3348 4494 
3327 9139 3097 2861 
3328 4288 3089 3359 
3329 3348 4031 3345 
3330 4030 3357 2860 
3331 4033 4028 4034 
3332 4287 4035 3095 
3333 3101 3358 2842 
3334 3358 3100 3359 
3335 3100 3754 3359 
3336 3754 3755 3359 
3337 3360 2864 9405 
3338 3054 3102 3360 
3339 4940 4933 4931 
3340 3769 2461 2135 
3341 4050 4510 4052 
3342 2802 3739 3366 
3343 3106 3365 3367 
3344 4055 4056 3771 
3345 3107 3368 3367 
3346 3365 3366 3367 
3347 4055 3367 3366 
3348 3367 3368 2875 
3349 2873 3368 3107 
3350 3108 3777 3783 
3351 3773 2497 3775 
3352 3773 3775 3370 
3353 4067 3064 2804 
3354 2497 3371 2876 
3355 2877 3371 3108 
3356 2882 2192 3372 
3357 2192 2471 3372 
3358 3373 4332 5983 
3359 3802 4089 5983 
3360 3376 3375 2871 
3361 3375 3111 3377 
3362 4092 4094 3376 
3363 4092 3376 2868 
3364 3377 3111 4097 
3365 2884 3109 3377 
3366 4096 3111 3376 
3367 3134 3818 2913 
3368 3113 3382 2889 
3369 2886 3122 3382 
3370 4106 3383 2886 
3371 3812 3811 3383 
3372 4107 4108 7417 
3373 4096 3804 4097 
3374 3821 3822 3392 
3375 3834 3825 3832 
3376 3393 2253 8844 
3377 350 3393 351 
3378 3838 3395 3144 
3379 3394 3144 3395 
3380 2931 3398 3400 
3381 3411 3414 3401 
3382 2931 3400 3402 
3383 3472 3402 3403 
3384 3444 3442 3443 
3385 3454 3457 3399 
3386 3143 3145 3398 
3387 3454 3145 2254 
3388 3401 3406 3407 
3389 3395 3838 3402 
3390 3145 3400 3398 
3391 3403 3402 3400 
3392 4142 3413 3411 
3393 3411 3401 3407 
3394 3403 3400 3399 
3395 3410 3407 3405 
3396 3471 3472 3404 
3397 3447 3450 3448 
3398 3402 3406 3395 
3399 3407 3406 3405 
3400 4348 4142 3408 
3401 3403 3399 3404 
3402 3471 3415 3405 
3403 3401 3395 3406 
3404 2152 3401 3414 
3405 4541 4141 3413 
3406 4346 4347 3396 
3407 3413 9099 4541 
3408 3414 4141 2253 
3409 3471 3470 3412 
3410 3407 3410 4142 
3411 4345 3408 4344 
3412 4142 3410 4344 
3413 3457 3461 3404 
3414 4347 3408 4345 
3415 3846 3843 3158 
3416 4345 4344 3415 
3417 3413 4141 3411 
3418 3393 3414 2253 
3419 3405 3415 3410 
3420 3412 8955 3415 
3421 3470 8954 3412 
3422 8960 3416 8955 
3423 4348 9099 3413 
3424 8849 8847 2467 
3425 2782 3418 2779 
3426 3439 3418 2787 
3427 2784 3419 2786 
3428 2787 3418 3419 
3429 2784 3421 3420 
3430 3423 3421 2793 
3431 3959 2784 2791 
3432 3421 3423 3422 
3433 3165 3168 8953 
3434 2787 3420 3422 
3435 3667 3668 2793 
3436 3165 3422 3423 
3437 3424 3671 3432 
3438 3170 3426 3427 
3439 2793 3425 3423 
3440 3427 3426 3425 
3441 3426 3171 3168 
3442 3427 3425 3424 
3443 3429 3427 3424 
3444 3427 3431 3435 
3445 3430 3671 3669 
3446 3432 3433 3428 
3447 3668 3671 3424 
3448 3431 3429 3428 
3449 3263 3665 3666 
3450 3430 3673 3433 
3451 3428 5108 3436 
3452 3431 3176 3435 
3453 3424 3432 3429 
3454 3433 3432 3430 
3455 3835 4534 4137 
3456 3491 3505 3513 
3457 3491 3497 3505 
3458 3177 8934 3438 
3459 3435 3176 8934 
3460 3427 3435 3170 
3461 3428 3436 3431 
3462 3438 3436 5343 
3463 4840 4824 4830 
3464 3513 3519 3491 
3465 5343 3436 3434 
3466 3177 3438 3437 
3467 3422 3439 2787 
3468 3154 3439 3156 
3469 3137 3440 2936 
3470 3159 3440 3147 
3471 3854 3846 3155 
3472 3459 3397 3447 
3473 3160 3443 3442 
3474 3444 2932 3442 
3475 3840 3160 3158 
3476 3444 3443 3870 
3477 3870 3443 3441 
3478 3146 3445 2928 
3479 3445 3146 2933 
3480 3446 3445 3444 
3481 3870 3449 3446 
3482 2928 3446 3448 
3483 3448 3449 3447 
3484 3453 3459 3447 
3485 3449 3448 3446 
3486 3450 3447 3397 
3487 3458 3451 3453 
3488 3469 3404 3461 
3489 3450 3397 3452 
3490 2928 3448 3450 
3491 3447 3449 3453 
3492 3870 4144 3449 
3493 3452 3397 3454 
3494 2935 3452 2254 
3495 4144 3458 3449 
3496 3467 3459 3451 
3497 3457 3454 3397 
3498 3145 3454 3399 
3499 3840 3441 3443 
3500 3465 4995 3871 
3501 3466 3461 3456 
3502 3461 3457 3460 
3503 3460 3457 3397 
3504 3404 3399 3457 
3505 3449 3458 3453 
3506 4557 3464 3458 
3507 3451 3459 3453 
3508 3459 3456 3460 
3509 3459 3460 3397 
3510 3461 3460 3456 
3511 3871 3466 3467 
3512 3468 3469 3466 
3513 3844 3842 3845 
3514 3455 3851 4365 
3515 3451 3464 3465 
3516 4995 8957 3463 
3517 4557 3458 3455 
3518 3464 3462 3465 
3519 3462 4543 4544 
3520 4685 4995 3465 
3521 3467 3466 3456 
3522 3466 3463 3468 
3523 3459 3467 3456 
3524 3451 3465 3871 
3525 3871 4995 3463 
3526 3469 3468 3470 
3527 3466 3469 3461 
3528 3468 8954 3470 
3529 3412 3415 3471 
3530 3404 3469 3470 
3531 3472 3471 3405 
3532 3404 3470 3471 
3533 3406 3472 3405 
3534 3404 3472 3403 
3535 3157 3473 3155 
3536 3166 3473 3152 
3537 3479 3478 3175 
3538 3169 3857 3855 
3539 3478 3475 3175 
3540 3475 3477 4145 
3541 3177 3483 3480 
3542 3518 3515 3523 
3543 3478 3477 3475 
3544 3476 3495 3499 
3545 3479 3175 3172 
3546 3478 3476 3504 
3547 3177 3480 3172 
3548 3480 3479 3172 
3549 3177 3485 3483 
3550 3479 3480 3484 
3551 3872 3497 3501 
3552 3511 3521 3502 
3553 3482 3486 3488 
3554 3495 3496 3499 
3555 3485 3177 3437 
3556 3486 3483 3481 
3557 3483 3484 3480 
3558 3484 3482 3495 
3559 3497 3485 3437 
3560 3483 3485 3872 
3561 4152 3488 3486 
3562 3484 3486 3482 
3563 3872 3501 3481 
3564 3876 3514 3503 
3565 4152 3486 3481 
3566 3492 3490 3488 
3567 3492 4156 3510 
3568 3498 3494 3496 
3569 3489 3498 3496 
3570 3484 3495 3476 
3571 5137 5138 5343 
3572 3518 3525 3515 
3573 3492 3487 4156 
3574 3489 3490 3492 
3575 3501 3491 3877 
3576 4697 4578 4580 
3577 3502 3507 3510 
3578 3503 3474 3874 
3579 3482 3490 3495 
3580 3496 3495 3490 
3581 3489 3496 3490 
3582 3496 3494 3499 
3583 5137 3500 5138 
3584 3497 3491 3501 
3585 3498 3489 3507 
3586 3498 3512 3509 
3587 3499 3494 3503 
3588 3504 3499 3503 
3589 3986 3987 3995 
3590 4276 4477 4479 
3591 3877 3519 3520 
3592 3481 3501 3873 
3593 3511 3502 3510 
3594 3512 8979 3879 
3595 3509 3494 3498 
3596 3514 3876 3509 
3597 3478 3504 3477 
3598 3476 3499 3504 
3599 5138 3497 3437 
3600 5708 3513 3505 
3601 3506 3509 3512 
3602 3514 3875 3503 
3603 3510 3507 3489 
3604 3507 3502 3512 
3605 3672 4265 4266 
3606 3525 3528 3515 
3607 3512 3498 3507 
3608 3509 3506 3514 
3609 3492 3510 3489 
3610 3510 3493 3511 
3611 4154 4155 3873 
3612 3517 4582 4565 
3613 3502 3521 3526 
3614 3502 3526 8979 
3615 5708 3505 3500 
3616 3508 6264 3519 
3617 3850 3858 3848 
3618 3851 3455 3845 
3619 6708 5026 5027 
3620 3511 3493 3518 
3621 4482 4485 4881 
3622 3530 4693 3529 
3623 3515 3531 3523 
3624 5527 5529 5532 
3625 4157 3493 4156 
3626 3523 3521 3511 
3627 3508 3519 3513 
3628 3519 3516 3520 
3629 4160 4368 4154 
3630 4152 3873 3487 
3631 3523 3511 3518 
3632 3526 3521 4355 
3633 4157 4156 4155 
3634 4160 3520 3516 
3635 3528 3530 3515 
3636 3517 3521 3523 
3637 4697 3523 3531 
3638 4150 3869 4686 
3639 4157 3518 3493 
3640 4573 3528 3525 
3641 4355 3521 3517 
3642 3524 3879 8979 
3643 4369 4573 4368 
3644 5024 5025 5023 
3645 4573 3525 3522 
3646 4693 3530 3528 
3647 3527 4369 4371 
3648 4581 4588 4590 
3649 4693 3528 3527 
3650 3530 3529 3531 
3651 4162 3531 3529 
3652 4162 4578 3531 
3653 3184 3532 2938 
3654 2943 3532 3185 
3655 4315 3779 9058 
3656 3110 3784 3783 
3657 3188 3193 3537 
3658 3889 4163 4379 
3659 3884 3181 8993 
3660 3187 3535 3182 
3661 3884 3534 3885 
3662 4312 3881 3536 
3663 5036 5040 5045 
3664 3194 3537 3545 
3665 4595 3891 3547 
3666 3192 3544 3890 
3667 3542 3193 3890 
3668 3887 3219 2981 
3669 3538 5034 3540 
3670 3541 3546 3548 
3671 9664 9663 3541 
3672 3193 3192 3890 
3673 3546 3542 3539 
3674 3543 3887 3888 
3675 5279 5271 5277 
3676 4385 4595 4596 
3677 3539 3542 3552 
3678 3542 3545 3537 
3679 3545 3541 9663 
3680 3539 4595 3548 
3681 3545 3546 3541 
3682 5288 4596 5289 
3683 3191 3186 3889 
3684 3539 3548 3546 
3685 3549 3548 3547 
3686 4163 3889 3549 
3687 8936 9664 3186 
3688 3219 3550 3540 
3689 3550 3543 5282 
3690 1247 5278 5567 
3691 3548 4595 3547 
3692 4734 5054 5055 
3693 5044 5048 5288 
3694 3268 3553 2203 
3695 3554 3553 3195 
3696 3554 3195 4168 
3697 3554 3201 3893 
3698 3197 3555 1904 
3699 2263 3555 3198 
3700 5579 2621 5056 
3701 4393 3566 3897 
3702 4393 4392 4609 
3703 4395 4196 481 
3704 2973 3574 2970 
3705 3575 3574 3210 
3706 3210 3580 3579 
3707 3577 3575 3578 
3708 2283 9285 9286 
3709 3634 3636 3632 
3710 2971 3577 2978 
3711 2968 3575 3577 
3712 4631 3641 3634 
3713 3919 3920 9666 
3714 8980 3210 3574 
3715 3578 3579 3576 
3716 2283 7819 7821 
3717 3579 3580 8183 
3718 3912 3581 2284 
3719 3914 3581 3212 
3720 3917 2976 2978 
3721 3684 5485 8971 
3722 2979 3583 3213 
3723 3214 3215 3583 
3724 3583 2979 3584 
3725 3915 3584 2979 
3726 2209 3585 2199 
3727 2214 3215 3585 
3728 3591 2984 2264 
3729 8968 3593 3590 
3730 3930 2264 2261 
3731 3223 3590 3591 
3732 3599 3609 3607 
3733 3595 2658 3593 
3734 8968 3590 3223 
3735 3596 3595 3593 
3736 3598 3592 3600 
3737 3606 8949 8948 
3738 3603 3595 3594 
3739 3604 3595 3603 
3740 3598 3596 3592 
3741 3594 3595 3596 
3742 3598 3602 3597 
3743 3606 3614 4218 
3744 3592 3601 3600 
3745 3598 3597 8969 
3746 3203 3928 3609 
3747 3600 3602 3598 
3748 3601 3592 8968 
3749 3600 3599 3602 
3750 3933 3930 3615 
3751 3927 3204 3203 
3752 3599 3607 3602 
3753 3607 3605 3611 
3754 3603 3594 3606 
3755 3241 3603 8948 
3756 3243 3604 3241 
3757 2658 3595 3604 
3758 4173 3892 4171 
3759 3582 3915 3916 
3760 3614 8969 3613 
3761 3610 3613 3597 
3762 3601 3927 3599 
3763 3611 3610 3602 
3764 4604 4185 4184 
3765 3942 3644 3650 
3766 3928 3203 3206 
3767 3607 3609 4217 
3768 3611 3602 3607 
3769 4777 3612 5086 
3770 4172 4174 4176 
3771 3608 3610 3611 
3772 3641 3633 3634 
3773 8949 4218 2746 
3774 5086 3610 3608 
3775 3614 3613 3612 
3776 3612 3929 4218 
3777 3594 3614 3606 
3778 3931 2652 2653 
3779 8968 3933 3601 
3780 3604 3616 2658 
3781 3616 3224 3617 
3782 3618 3617 3224 
3783 2183 2309 3617 
3784 3239 3618 3224 
3785 2071 3618 2177 
3786 3935 3018 491 
3787 3935 3230 3934 
3788 4760 4759 4223 
3789 4227 4226 3233 
3790 3629 3229 3249 
3791 3623 2724 2730 
3792 3622 3235 4412 
3793 2743 3624 2730 
3794 3235 3622 3623 
3795 3249 3229 3624 
3796 3229 4404 4405 
3797 3627 3625 3248 
3798 3249 3625 3629 
3799 3655 3656 3248 
3800 4222 4224 3937 
3801 3248 3656 3630 
3802 3627 3626 3629 
3803 3638 3636 3639 
3804 4425 4406 4409 
3805 4229 3629 3626 
3806 4228 4403 4229 
3807 3248 3630 3627 
3808 3630 3628 3942 
3809 3638 3228 3636 
3810 3650 3631 3942 
3811 3634 3632 2758 
3812 3228 3251 3632 
3813 3642 3640 3939 
3814 3628 3941 3644 
3815 2756 4629 4631 
3816 3636 3634 3633 
3817 5311 5087 5310 
3818 3637 3639 3640 
3819 3633 3639 3636 
3820 3632 3636 3228 
3821 3642 3939 3641 
3822 3648 3643 3645 
3823 3638 3637 3645 
3824 3228 3638 3644 
3825 3639 3633 3939 
3826 3638 3639 3637 
3827 4181 4172 4180 
3828 4205 4200 4201 
3829 4631 3634 2758 
3830 3641 3635 3642 
3831 2757 4776 2756 
3832 3635 4232 3642 
3833 5297 5300 3640 
3834 4421 4419 4624 
3835 3647 3638 3645 
3836 3638 3647 3644 
3837 3637 5300 3648 
3838 3645 3643 3647 
3839 4771 4389 4607 
3840 3643 3654 3652 
3841 3652 3647 3643 
3842 3644 3647 3650 
3843 3637 3648 3645 
3844 3646 9134 3653 
3845 3648 3653 3643 
3846 3943 3945 4432 
3847 3652 3650 3647 
3848 3943 3650 3649 
3849 5069 5296 5298 
3850 3652 3654 3649 
3851 3643 3653 3654 
3852 3650 3652 3649 
3853 3646 3653 3648 
3854 3651 3654 3653 
3855 3947 3654 4438 
3856 3019 5582 4736 
3857 3033 3655 3248 
3858 3250 3251 3655 
3859 3941 3251 3228 
3860 3630 3656 3628 
3861 3951 4234 3953 
3862 4235 4237 4239 
3863 3658 3256 3659 
3864 3258 3658 3253 
3865 3256 2695 3659 
3866 3037 3948 3254 
3867 2750 3660 2744 
3868 3661 3660 2751 
3869 4255 3662 2739 
3870 8945 8944 4219 
3871 3956 3954 3261 
3872 4255 3957 4250 
3873 3955 4441 3954 
3874 5681 9104 4449 
3875 3666 3665 3042 
3876 3667 3665 3263 
3877 3042 2794 3960 
3878 3673 3669 3674 
3879 3668 3667 3263 
3880 3421 3959 2793 
3881 3671 3668 3263 
3882 3425 3668 3424 
3883 3670 3666 3042 
3884 3430 3669 3673 
3885 3965 3972 3342 
3886 4265 3673 3674 
3887 3669 3671 3263 
3888 3671 3430 3432 
3889 3971 3972 3965 
3890 3674 3666 3999 
3891 3674 3669 3666 
3892 3433 3673 3672 
3893 3670 3999 3666 
3894 3972 3993 4000 
3895 2513 3675 2376 
3896 3676 3675 3265 
3897 3680 3677 3679 
3898 3676 3681 3678 
3899 3685 2884 3378 
3900 3680 3682 3677 
3901 8970 3272 3044 
3902 3043 3678 8970 
3903 3680 3679 3265 
3904 3679 3677 3681 
3905 3680 3265 3688 
3906 3680 2884 3682 
3907 3686 3681 3677 
3908 3681 3684 8971 
3909 4100 4334 4098 
3910 2884 3685 3682 
3911 3677 3687 3686 
3912 4336 3685 4334 
3913 3686 3684 3681 
3914 3683 4533 4972 
3915 7189 7193 7200 
3916 3687 4531 3686 
3917 3687 3677 3682 
3918 3686 3683 5207 
3919 4336 4529 3685 
3920 3923 3925 3214 
3921 3680 3688 3109 
3922 3675 3688 3265 
3923 3702 3693 3698 
3924 3697 3696 2799 
3925 3691 3045 2799 
3926 3277 3690 3275 
3927 3692 3691 2799 
3928 3279 3275 3691 
3929 3696 3695 3692 
3930 3292 3694 3289 
3931 3689 3703 3699 
3932 3714 3702 3711 
3933 3694 3292 3287 
3934 3695 3694 3692 
3935 3696 3692 2799 
3936 3714 3706 3693 
3937 3697 2799 3273 
3938 3696 3697 3698 
3939 3697 3701 3699 
3940 3696 3698 3693 
3941 3697 3699 3698 
3942 3701 3697 3273 
3943 3703 3702 3698 
3944 5348 3700 3713 
3945 3706 3695 3693 
3946 3273 2432 3701 
3947 3701 2432 4007 
3948 3703 3698 3699 
3949 3703 3709 3702 
3950 3705 3703 3689 
3951 3702 3709 3711 
3952 3724 3728 3734 
3953 3705 3689 3707 
3954 3709 3703 3712 
3955 3706 3704 4013 
3956 3289 3695 3706 
3957 4007 3707 3689 
3958 2982 4008 1613 
3959 5347 5348 3713 
3960 3712 3703 3705 
3961 4012 1608 3710 
3962 3711 3709 3708 
3963 3712 3708 3709 
3964 3700 8972 3710 
3965 3711 3704 3714 
3966 8972 3712 3710 
3967 4012 3705 1608 
3968 9121 4906 5346 
3969 4013 4015 3731 
3970 3706 3714 3704 
3971 3702 3714 3693 
3972 3281 3715 3276 
3973 3300 3715 3282 
3974 3717 3102 2449 
3975 3718 3716 3313 
3976 3102 3717 3716 
3977 2449 3309 3717 
3978 3316 3718 3313 
3979 3718 3320 7382 
3980 3727 3720 3722 
3981 3303 3719 3723 
3982 3725 3726 3721 
3983 3303 3723 5368 
3984 3720 3735 5349 
3985 5365 5368 5364 
3986 3728 3727 3722 
3987 3725 3722 3720 
3988 3722 3723 3719 
3989 3723 3721 5368 
3990 3724 3727 3728 
3991 5350 5349 5151 
3992 3725 3720 8973 
3993 3723 3725 3721 
3994 4581 4584 4588 
3995 5356 5363 3726 
3996 3728 3722 3314 
3997 3724 3734 4652 
3998 3314 3730 3728 
3999 3295 3732 3730 
4000 4652 3734 4273 
4001 5352 8973 3736 
4002 3297 3730 3314 
4003 3732 3295 3733 
4004 9121 4015 4013 
4005 3728 3730 3734 
4006 3295 3301 3733 
4007 3732 3731 3734 
4008 3706 3733 3289 
4009 3731 3732 3733 
4010 5146 4273 4015 
4011 4273 3734 3731 
4012 5147 3727 3724 
4013 4652 5143 3724 
4014 3724 5143 5147 
4015 5350 5351 3736 
4016 3360 3737 3054 
4017 3738 3737 3326 
4018 7901 3738 3326 
4019 3060 3738 3059 
4020 4017 3739 3047 
4021 3366 3739 3327 
4022 3881 4058 3185 
4023 3064 3774 2427 
4024 2452 3741 2453 
4025 2455 3741 3337 
4026 2478 3742 2441 
4027 2348 3338 3742 
4028 3744 3743 3336 
4029 2441 3743 3341 
4030 3745 3336 3333 
4031 3341 3744 3069 
4032 3748 3745 3333 
4033 3748 3747 3745 
4034 3333 3749 3748 
4035 3980 8025 4644 
4036 3970 3969 3747 
4037 3965 3342 3964 
4038 3335 8974 3333 
4039 3747 3748 3746 
4040 3331 4642 4641 
4041 3975 4796 3974 
4042 3966 3069 3967 
4043 3342 3960 3964 
4044 4027 2857 4279 
4045 3751 4023 4024 
4046 4027 4278 4490 
4047 4280 2860 2826 
4048 4034 4282 4033 
4049 4498 3754 3100 
4050 3755 3754 3355 
4051 5432 9680 5430 
4052 3082 3089 4288 
4053 3770 4042 2421 
4054 4298 3103 4508 
4055 4195 2135 3909 
4056 4510 4050 3364 
4057 4510 4305 3104 
4058 5783 4041 4042 
4059 4653 3327 4478 
4060 4831 5105 4826 
4061 3778 4068 4277 
4062 3370 3775 3774 
4063 8975 3780 3370 
4064 3773 3370 3780 
4065 3777 3108 3371 
4066 3792 3797 3790 
4067 4022 2804 3328 
4068 3773 3780 3782 
4069 490 3779 4066 
4070 3778 3776 3779 
4071 3780 8975 3781 
4072 3788 3789 3110 
4073 3774 2426 2427 
4074 4061 3740 4060 
4075 2943 3185 4060 
4076 4062 4061 3533 
4077 3781 8975 4067 
4078 3780 3369 3782 
4079 3778 4315 4072 
4080 3797 3792 3795 
4081 3789 3786 3110 
4082 3777 3782 3783 
4083 3788 3783 3782 
4084 3784 3110 3785 
4085 3108 3784 2877 
4086 3786 3785 3110 
4087 3785 3787 4074 
4088 3110 3783 3788 
4089 3786 3789 4319 
4090 3786 6540 3785 
4091 6539 4320 4087 
4092 3782 3792 3791 
4093 3789 3788 3793 
4094 3791 3788 3782 
4095 4330 4319 3793 
4096 3801 4329 3797 
4097 3791 3793 3788 
4098 3792 3782 3369 
4099 3791 3790 3793 
4100 3792 3369 3795 
4101 3790 3791 3792 
4102 4329 4078 4328 
4103 3793 3790 4328 
4104 3795 3369 3796 
4105 3795 3796 3794 
4106 3796 3369 4076 
4107 3795 3794 3797 
4108 4069 4067 4068 
4109 4069 4068 4072 
4110 4318 4073 4317 
4111 3799 3797 3794 
4112 4323 4075 9059 
4113 3799 3801 3797 
4114 4313 4318 4070 
4115 3801 3799 3798 
4116 3781 4069 3796 
4117 9058 3779 490 
4118 3798 3799 4313 
4119 4078 4325 4330 
4120 3802 2471 4074 
4121 4324 4089 4079 
4122 4306 4308 3107 
4123 3826 3829 4118 
4124 4310 9057 2873 
4125 3804 4333 4099 
4126 2886 3810 3122 
4127 3811 3810 3383 
4128 4106 3812 3383 
4129 2906 3813 2907 
4130 3812 505 3814 
4131 3815 4105 8991 
4132 4103 3811 3812 
4133 2552 2907 3813 
4134 4104 4105 3815 
4135 3814 2564 4104 
4136 4105 4104 2564 
4137 2218 2495 8977 
4138 4107 3818 3134 
4139 2496 3817 4106 
4140 4110 4109 3818 
4141 3582 3919 3922 
4142 3925 3923 3924 
4143 3821 3820 3134 
4144 3392 3834 4139 
4145 3822 3821 2913 
4146 3820 3821 3392 
4147 2913 4109 3826 
4148 4130 4129 3833 
4149 3831 3830 3825 
4150 3836 3823 3830 
4151 2873 4308 4310 
4152 3672 4266 4831 
4153 3822 3826 3831 
4154 3828 3832 3833 
4155 4109 2913 3818 
4156 5223 3831 3824 
4157 3804 4094 4333 
4158 4136 4138 4341 
4159 4129 2373 4131 
4160 3834 3392 3825 
4161 7414 7639 3924 
4162 3378 4097 4098 
4163 3831 3825 3822 
4164 3827 5222 3836 
4165 3824 3831 3826 
4166 3830 3831 3827 
4167 3833 3832 3823 
4168 3832 3828 3834 
4169 3837 4140 3836 
4170 4130 2373 4129 
4171 4134 3834 3828 
4172 3820 4139 2121 
4173 4118 4119 3824 
4174 4341 4138 4343 
4175 3827 3836 3830 
4176 3836 3835 3837 
4177 9110 4136 4137 
4178 3833 4132 4130 
4179 3144 3141 3839 
4180 3402 3838 2931 
4181 2931 3838 3839 
4182 3839 3838 3144 
4183 3441 3840 3844 
4184 3858 3850 3859 
4185 3851 3842 3849 
4186 3844 3843 3847 
4187 3847 3849 3842 
4188 3158 3159 3846 
4189 3847 3843 3841 
4190 3843 3844 3840 
4191 3842 3851 3845 
4192 3455 3458 4144 
4193 3441 3844 3845 
4194 3855 3854 3155 
4195 3841 3843 3846 
4196 3850 3849 3847 
4197 3844 3847 3842 
4198 3849 3850 3848 
4199 3848 3861 3862 
4200 3850 3847 3841 
4201 3849 3848 3851 
4202 3841 3846 3856 
4203 3868 3867 3864 
4204 3858 3861 3848 
4205 4364 4365 3851 
4206 3864 3867 3859 
4207 3854 3856 3846 
4208 3867 3869 4150 
4209 3851 3848 3862 
4210 3855 3155 3169 
4211 3854 3852 3856 
4212 4145 3169 3164 
4213 3852 3854 3855 
4214 3859 4150 3858 
4215 3841 3856 3863 
4216 3874 3857 3477 
4217 3474 3865 4148 
4218 3841 3863 3850 
4219 3853 4357 3861 
4220 3852 3864 3856 
4221 3863 3864 3859 
4222 4150 4686 3853 
4223 4360 4147 4351 
4224 3853 3861 3858 
4225 3861 3860 3862 
4226 3862 3860 4349 
4227 3851 3862 4364 
4228 3864 3863 3856 
4229 3850 3863 3859 
4230 3865 3852 4148 
4231 3864 3852 3865 
4232 3875 3474 3503 
4233 3866 3867 3868 
4234 3512 3879 3506 
4235 4373 3866 3868 
4236 3868 3864 3865 
4237 3867 3866 3869 
4238 4158 3474 3875 
4239 4158 4159 3868 
4240 4569 4373 4374 
4241 4354 3860 4357 
4242 3870 3441 4144 
4243 3444 3870 3446 
4244 3466 3871 3463 
4245 3451 3871 3467 
4246 3483 3872 3481 
4247 3497 3872 3485 
4248 3877 4153 3501 
4249 3873 4153 4154 
4250 3857 3874 3474 
4251 3504 3874 3477 
4252 4159 3875 4372 
4253 3865 4158 3868 
4254 3503 3494 3876 
4255 3509 3876 3494 
4256 3519 3877 3491 
4257 4153 3877 3520 
4258 9100 4160 4161 
4259 3528 4573 3527 
4260 4548 4550 5002 
4261 4558 4366 3506 
4262 4371 4369 4575 
4263 4701 4705 4699 
4264 3536 3881 3182 
4265 8985 8989 8988 
4266 3881 4312 8985 
4267 4060 3185 4058 
4268 8993 3181 3191 
4269 4598 3534 4597 
4270 3534 4598 3885 
4271 3885 3883 3886 
4272 3535 3884 3885 
4273 3883 2599 3886 
4274 3536 3886 2599 
4275 3888 3887 2981 
4276 3550 3887 3543 
4277 2981 3217 3888 
4278 1247 3888 3217 
4279 4163 3549 3547 
4280 4164 4597 8993 
4281 5031 3890 3544 
4282 3542 3890 3552 
4283 4379 4163 4380 
4284 5031 5032 4733 
4285 4169 4168 3195 
4286 5496 5494 3269 
4287 3202 3893 3201 
4288 2957 3893 2955 
4289 4751 4392 4393 
4290 3909 2281 4394 
4291 2865 4668 4669 
4292 4511 4305 3769 
4293 2284 2216 3912 
4294 9286 2282 6350 
4295 7058 7045 7049 
4296 9229 4636 9228 
4297 9469 3914 3212 
4298 3580 3210 8980 
4299 3916 3915 2976 
4300 3584 3915 3582 
4301 3916 2976 3917 
4302 3917 2978 4197 
4303 3920 4198 4199 
4304 3642 4634 4434 
4305 3582 3916 3919 
4306 3916 4198 3919 
4307 4198 3916 3917 
4308 9018 3922 3919 
4309 5068 9226 9822 
4310 4184 4391 4190 
4311 4127 4128 4126 
4312 6212 9274 6211 
4313 9018 3919 3918 
4314 3923 3922 3921 
4315 3923 3921 3924 
4316 3584 3923 3214 
4317 4968 4679 4967 
4318 4334 3685 3378 
4319 3924 3819 3925 
4320 8981 3925 3819 
4321 3203 3609 3927 
4322 3599 3927 3609 
4323 4388 4181 4387 
4324 3607 4217 3605 
4325 4628 4232 3635 
4326 3929 4775 4776 
4327 3591 3930 3223 
4328 2261 3615 3930 
4329 3204 3931 2653 
4330 3615 2652 3931 
4331 3204 3927 3932 
4332 3601 3932 3927 
4333 3930 3933 3223 
4334 3932 3933 3615 
4335 4396 4397 4219 
4336 3016 4220 3017 
4337 3018 3935 3619 
4338 491 3230 3935 
4339 3937 3936 3026 
4340 3937 3621 4398 
4341 4222 3937 3026 
4342 4225 4398 4399 
4343 3631 3650 3943 
4344 3639 3939 3640 
4345 3641 3939 3633 
4346 4601 4390 3605 
4347 3608 3611 4599 
4348 3656 3941 3628 
4349 3228 3644 3941 
4350 3630 3942 3631 
4351 3644 3942 3628 
4352 3943 3649 3946 
4353 3946 3945 3943 
4354 3946 3649 3947 
4355 3946 3947 5315 
4356 4413 4417 4419 
4357 4230 3938 4229 
4358 3947 3649 3654 
4359 3946 3944 5292 
4360 9229 4438 4635 
4361 5589 6139 5591 
4362 3948 3037 3659 
4363 3257 2706 4236 
4364 4235 3951 3953 
4365 2739 4254 4255 
4366 2708 3254 4238 
4367 3657 3951 4235 
4368 3261 3954 3255 
4369 4252 3957 4256 
4370 4252 3661 3957 
4371 4258 4256 3663 
4372 3954 3956 4252 
4373 4250 3957 3661 
4374 4256 3957 4254 
4375 4258 4259 4441 
4376 2790 3959 2791 
4377 2793 3959 3667 
4378 8900 3961 2794 
4379 3342 3670 3960 
4380 2769 3962 3961 
4381 3965 3964 3961 
4382 3963 2769 2774 
4383 3965 3962 3750 
4384 2774 3341 3963 
4385 3966 3341 3069 
4386 3960 3961 3964 
4387 3961 3962 3965 
4388 3750 3966 4260 
4389 3971 4260 3969 
4390 3967 3069 3747 
4391 3750 3963 3966 
4392 3967 3747 3969 
4393 3966 3967 4260 
4394 3968 3969 3970 
4395 3972 3985 3993 
4396 3970 3747 3746 
4397 3971 3969 3968 
4398 3974 3746 3975 
4399 3970 3746 3974 
4400 3971 3968 3972 
4401 3965 3750 4260 
4402 3970 3977 3979 
4403 3670 4000 3996 
4404 3983 3985 3979 
4405 3974 3977 3970 
4406 3975 3746 4261 
4407 3977 3974 3978 
4408 4641 4458 3749 
4409 3991 3980 3982 
4410 3978 3976 3977 
4411 3995 4001 4003 
4412 3978 3974 3973 
4413 3977 3976 3979 
4414 4796 3975 4793 
4415 3982 3978 3973 
4416 3983 3979 3976 
4417 3968 3979 3985 
4418 4538 4683 5225 
4419 4263 3984 3986 
4420 3978 3989 3976 
4421 3983 3986 3981 
4422 3973 4796 3991 
4423 4460 4264 4459 
4424 4263 3986 3983 
4425 3985 3983 3981 
4426 4460 4461 4264 
4427 4265 3998 9021 
4428 3993 3985 3994 
4429 3985 3972 3968 
4430 4263 3983 3976 
4431 3987 3986 3984 
4432 4459 3984 3989 
4433 4840 4830 4838 
4434 3749 4458 3975 
4435 8104 7838 9499 
4436 3978 3982 3989 
4437 4460 3982 3980 
4438 3994 3981 3995 
4439 3999 3998 3674 
4440 3973 3991 3982 
4441 3988 8024 8025 
4442 9474 9116 4792 
4443 4464 3984 4463 
4444 3994 3985 3981 
4445 3993 3990 3996 
4446 3981 3986 3995 
4447 3990 3993 3994 
4448 3995 3987 4001 
4449 3994 3995 4003 
4450 3996 3990 3998 
4451 4000 3670 3342 
4452 4004 3997 4001 
4453 4004 4005 3997 
4454 3994 4003 3990 
4455 3673 4265 3672 
4456 3670 3996 3999 
4457 3998 3999 3996 
4458 3972 4000 3342 
4459 3993 3996 4000 
4460 4648 4004 4001 
4461 4001 3997 4003 
4462 4463 3984 4459 
4463 4119 4121 3824 
4464 4003 3997 4474 
4465 3990 4003 9021 
4466 4648 4001 3987 
4467 4005 4004 4002 
4468 4121 5221 5223 
4469 4479 4485 4484 
4470 2982 1608 4006 
4471 3705 4006 1608 
4472 3701 4007 3689 
4473 4267 4007 2432 
4474 4010 3707 4007 
4475 2813 4009 2476 
4476 1613 4009 2813 
4477 4010 4009 4008 
4478 3707 4010 4008 
4479 4010 4007 4267 
4480 3710 3712 4012 
4481 3705 4012 3712 
4482 3711 4906 3704 
4483 3733 4013 3731 
4484 5142 5143 4652 
4485 4016 4652 4273 
4486 9121 4013 3704 
4487 4014 5146 4015 
4488 5149 5152 5153 
4489 4478 3729 4276 
4490 4018 4017 3047 
4491 4017 3057 4019 
4492 2403 4018 3047 
4493 3057 4018 3051 
4494 4275 3057 3056 
4495 4477 4276 3729 
4496 4021 4020 3179 
4497 4022 4020 3740 
4498 3180 4021 3179 
4499 4021 2943 4060 
4500 4063 4022 3740 
4501 4277 4022 3776 
4502 3344 2396 4024 
4503 4024 4023 3344 
4504 4024 4026 4025 
4505 4026 4024 2396 
4506 8899 4025 2341 
4507 2397 4026 2396 
4508 2341 4025 4026 
4509 3352 4028 2858 
4510 2862 3350 2863 
4511 4028 483 4034 
4512 3353 9108 4031 
4513 2858 3357 3352 
4514 3084 4489 4491 
4515 4492 4493 9108 
4516 5429 5173 5427 
4517 4033 3356 4028 
4518 4033 4284 4495 
4519 4282 4034 3753 
4520 4494 4495 4284 
4521 4497 4287 4656 
4522 3755 2014 4289 
4523 4298 4508 4659 
4524 4042 4041 494 
4525 4045 4041 5779 
4526 2421 2419 4050 
4527 4042 3770 5783 
4528 5441 5442 5189 
4529 5194 5192 5190 
4530 5779 4041 3767 
4531 3103 4045 4043 
4532 4666 4305 4667 
4533 2421 4050 3770 
4534 6031 510 5781 
4535 4052 3770 4050 
4536 5784 3104 6030 
4537 4053 6031 6030 
4538 510 5780 5781 
4539 4653 3771 4056 
4540 4117 4120 4123 
4541 4056 4055 3366 
4542 3107 4055 3771 
4543 3366 3327 4056 
4544 3729 3327 4019 
4545 3729 4478 3327 
4546 4004 4648 4002 
4547 4058 3533 4060 
4548 8986 4062 3533 
4549 8985 3533 4058 
4550 4061 4060 3533 
4551 4021 4060 3740 
4552 8986 3533 8985 
4553 4022 4063 3776 
4554 4066 8990 4065 
4555 4063 4064 3776 
4556 3740 4061 4063 
4557 4064 4061 4062 
4558 4062 8990 4066 
4559 3779 3776 4064 
4560 4062 4066 4064 
4561 4066 3779 4064 
4562 490 4066 4065 
4563 4068 2804 4277 
4564 4067 2804 4068 
4565 4316 3800 4317 
4566 4069 3781 4067 
4567 3796 4069 4676 
4568 4072 4073 4069 
4569 4525 3798 4313 
4570 4315 3778 3779 
4571 4073 4676 4069 
4572 3778 4072 4068 
4573 4073 4072 4071 
4574 4071 4317 4073 
4575 3799 3794 4313 
4576 3785 4074 2372 
4577 4074 3787 4079 
4578 6349 6556 6557 
4579 6357 3913 6779 
4580 3780 4076 3369 
4581 3781 3796 4076 
4582 3801 4672 4674 
4583 4314 4526 4673 
4584 9065 9071 9062 
4585 4089 3802 4079 
4586 5674 6542 6544 
4587 4088 4084 6357 
4588 4088 5676 4084 
4589 4320 6539 3786 
4590 3787 4324 4079 
4591 3913 6357 4084 
4592 7048 7056 7271 
4593 6364 5676 4083 
4594 4085 4322 4321 
4595 3787 6541 4324 
4596 4082 4088 6357 
4597 4091 6358 6362 
4598 6782 9736 7047 
4599 9332 9333 9334 
4600 7275 4084 5676 
4601 9074 4321 9073 
4602 6359 6163 6542 
4603 4087 4086 4080 
4604 5989 6167 6361 
4605 6763 6767 6159 
4606 4332 3112 360 
4607 4320 3786 4319 
4608 6363 4090 4089 
4609 6363 4324 6553 
4610 6754 5663 7259 
4611 4093 4092 2868 
4612 4094 4092 3803 
4613 2872 4093 2868 
4614 2873 3803 4093 
4615 4094 3803 9057 
4616 4096 4094 3804 
4617 4513 4307 4057 
4618 4112 4110 3391 
4619 4094 4096 3376 
4620 3804 4098 4097 
4621 3377 4097 3378 
4622 3111 4096 4097 
4623 3804 4099 9274 
4624 4337 4334 4100 
4625 4095 4333 9057 
4626 3829 4110 4112 
4627 4112 4114 3829 
4628 6653 6656 7205 
4629 3811 4103 3813 
4630 3814 4103 3812 
4631 2564 8978 4105 
4632 3815 3814 4104 
4633 2574 8991 3816 
4634 4105 3816 8991 
4635 2496 4106 2886 
4636 4106 3817 505 
4637 3134 2583 4107 
4638 2583 8992 4108 
4639 2199 8983 7644 
4640 3391 7199 7193 
4641 4110 3818 3391 
4642 3826 4109 3829 
4643 4112 3391 4111 
4644 3829 4109 4110 
4645 4116 4125 4115 
4646 4123 4120 4124 
4647 4115 4112 4111 
4648 4115 4114 4112 
4649 7180 4128 7186 
4650 4964 4962 4954 
4651 4120 4119 4114 
4652 4118 4114 4119 
4653 4116 4115 4111 
4654 4114 4115 4113 
4655 6674 6664 6673 
4656 4948 4950 4338 
4657 4120 4117 4119 
4658 4340 5211 4683 
4659 3826 4118 3824 
4660 3829 4114 4118 
4661 4120 4114 4113 
4662 4117 5507 4119 
4663 4124 4113 4125 
4664 4120 4113 4124 
4665 4983 4984 4982 
4666 4981 4340 4534 
4667 4127 7410 4125 
4668 4310 4517 4521 
4669 4521 4523 4310 
4670 4465 4469 4002 
4671 4113 4115 4125 
4672 4123 4124 4122 
4673 4127 4125 4116 
4674 4122 4124 4125 
4675 4116 7189 7187 
4676 4524 6213 6214 
4677 4128 4127 4116 
4678 4126 7409 7410 
4679 4200 4205 4210 
4680 3683 3686 4531 
4681 2373 8860 4131 
4682 3828 3833 4129 
4683 3833 4140 4132 
4684 4130 2267 2313 
4685 4131 2180 4133 
4686 3828 4129 4131 
4687 4132 3837 4136 
4688 4130 4132 4341 
4689 2079 4133 2180 
4690 2080 2121 4133 
4691 4134 2121 4139 
4692 3828 4131 4134 
4693 3837 4137 4136 
4694 4137 3837 3835 
4695 4136 4135 4138 
4696 5222 4981 3835 
4697 4682 4137 4534 
4698 4535 4138 4135 
4699 4537 8853 4343 
4700 3392 4139 3820 
4701 4134 4139 3834 
4702 3836 4140 3823 
4703 4132 4140 3837 
4704 2253 4141 3417 
4705 3411 4141 3414 
4706 4142 3411 3407 
4707 3408 4346 4348 
4708 9099 3409 4143 
4709 489 4541 4143 
4710 3441 3845 4144 
4711 4144 3845 3455 
4712 3475 4145 3164 
4713 3477 3857 4145 
4714 4352 4354 4350 
4715 5004 5242 5245 
4716 4351 3862 4349 
4717 4352 4350 4555 
4718 3855 4148 3852 
4719 3474 4148 3857 
4720 4560 3879 4561 
4721 4560 4353 4558 
4722 3858 4150 3853 
4723 3867 4150 3859 
4724 3869 3866 4568 
4725 4356 4555 4350 
4726 3488 4152 3487 
4727 3481 3873 4152 
4728 4154 4153 3520 
4729 3873 3501 4153 
4730 4154 3520 4160 
4731 4155 4154 3522 
4732 3522 3525 4157 
4733 3487 3873 4155 
4734 4156 3493 3510 
4735 3487 4155 4156 
4736 3522 4157 4155 
4737 4157 3525 3518 
4738 3474 4158 3865 
4739 4159 4158 3875 
4740 4372 3875 3514 
4741 4374 4373 4159 
4742 4161 4160 3516 
4743 4160 3878 4368 
4744 3508 9231 6265 
4745 3527 4371 4574 
4746 4574 4694 3529 
4747 4578 4162 4579 
4748 4594 4163 3547 
4749 4384 4597 4164 
4750 4380 4381 4379 
4751 4381 4382 4384 
4752 4598 3883 3885 
4753 5290 5288 5048 
4754 5034 4386 5032 
4755 3539 3552 4596 
4756 4168 4167 3554 
4757 3206 4167 3892 
4758 4169 3195 3269 
4759 4167 4168 3892 
4760 5494 4171 4169 
4761 3892 4168 4169 
4762 4174 4170 5493 
4763 3892 4173 3206 
4764 5494 4169 3269 
4765 4174 4173 4171 
4766 4176 4174 5493 
4767 4172 4176 4180 
4768 4174 4171 4170 
4769 4173 4172 4388 
4770 3270 8971 5485 
4771 4172 4173 4174 
4772 4187 4177 4179 
4773 4599 4390 4608 
4774 4179 4176 4175 
4775 4180 4179 4183 
4776 4976 3683 4972 
4777 4190 4391 4189 
4778 4178 4183 4185 
4779 4217 4181 4601 
4780 5492 5495 4175 
4781 4183 4179 4177 
4782 4179 4180 4176 
4783 4180 4178 4602 
4784 4601 4602 4603 
4785 4387 3928 3206 
4786 4529 4339 3687 
4787 8994 3918 9666 
4788 4391 4185 4183 
4789 4180 4183 4178 
4790 4177 4187 4189 
4791 3642 4434 3640 
4792 4391 4183 4177 
4793 4185 4604 4603 
4794 4184 4773 4604 
4795 3605 4390 3611 
4796 5495 4179 4175 
4797 5970 4189 4187 
4798 4678 4677 4335 
4799 9667 4211 8994 
4800 5970 4187 4182 
4801 4189 4188 4190 
4802 4200 4210 4211 
4803 4190 4627 4184 
4804 3897 4610 4393 
4805 5061 9124 4191 
4806 4747 4742 4745 
4807 4611 4394 2281 
4808 4669 4749 2865 
4809 4394 4195 3909 
4810 4665 4753 4749 
4811 4395 481 3905 
4812 4740 4755 4739 
4813 4202 4204 4206 
4814 4205 4201 4207 
4815 4199 4198 3917 
4816 3919 4198 3920 
4817 3917 4197 4199 
4818 4200 9667 4201 
4819 4201 9667 4199 
4820 4201 4199 4197 
4821 4206 4204 4197 
4822 4201 4197 4204 
4823 3914 9469 3580 
4824 4203 4213 8995 
4825 4207 4212 4203 
4826 4771 4772 5311 
4827 4206 4197 3578 
4828 4207 4204 4202 
4829 4207 4201 4204 
4830 8996 4210 4205 
4831 3578 3576 4206 
4832 8253 4206 3576 
4833 4202 8254 4212 
4834 4205 4207 4203 
4835 4213 4203 4212 
4836 6327 6337 6339 
4837 8183 8182 8181 
4838 5983 4090 7504 
4839 8996 4205 4203 
4840 4210 4208 9001 
4841 5598 5600 5303 
4842 4969 4972 4971 
4843 4202 4212 4207 
4844 4212 4209 9614 
4845 5662 5664 6753 
4846 5297 4763 5295 
4847 3609 3928 4217 
4848 4217 3928 4387 
4849 3612 4218 3614 
4850 2746 4218 3929 
4851 8945 2751 8943 
4852 4221 3231 3017 
4853 3619 3934 4220 
4854 3934 4396 4221 
4855 4221 4219 8944 
4856 3017 4220 4221 
4857 3026 3023 4222 
4858 4760 4224 3023 
4859 3229 4405 3624 
4860 4615 4623 4416 
4861 4757 4224 4223 
4862 3621 3937 4224 
4863 3021 4614 4401 
4864 4398 4400 3937 
4865 3620 491 4226 
4866 3012 3234 4227 
4867 4226 4227 3234 
4868 4758 4759 4407 
4869 3622 4412 3022 
4870 4230 3626 3631 
4871 4228 4229 3938 
4872 3631 4432 4230 
4873 3945 4433 4432 
4874 5070 4627 5305 
4875 4434 4763 3640 
4876 4629 4436 4628 
4877 4437 4232 3940 
4878 5595 3646 5298 
4879 5064 4431 4624 
4880 2708 3953 4234 
4881 2694 4234 2693 
4882 4236 4235 3953 
4883 2095 3226 4239 
4884 3953 4238 4236 
4885 4236 4238 3257 
4886 4236 2706 4237 
4887 4239 3657 4235 
4888 2708 4238 3953 
4889 3257 4238 3948 
4890 3226 3657 4239 
4891 2095 4239 4237 
4892 3661 4252 3956 
4893 3954 4252 3955 
4894 5989 5097 4782 
4895 3661 3662 4250 
4896 4255 4250 3662 
4897 4256 4254 3663 
4898 3957 4255 4254 
4899 4256 4258 3955 
4900 4252 4256 3955 
4901 507 4442 4257 
4902 3663 4257 4258 
4903 4258 4442 4259 
4904 4445 4443 4449 
4905 4441 4443 3262 
4906 3969 4260 3967 
4907 3965 4260 3971 
4908 3748 4261 3746 
4909 3749 3975 4261 
4910 8903 8902 3072 
4911 9116 3988 9117 
4912 3976 3989 4263 
4913 3984 4263 3989 
4914 4646 4461 4644 
4915 4465 4648 4464 
4916 3674 3998 4265 
4917 4265 9021 4266 
4918 4474 3997 4475 
4919 4474 4475 5105 
4920 2475 4267 2432 
4921 4010 4267 2476 
4922 5169 4879 5167 
4923 4477 3729 4019 
4924 4015 4273 3731 
4925 3739 4274 3327 
4926 4017 4019 4274 
4927 3056 3063 4275 
4928 4477 4275 3063 
4929 4481 3063 4483 
4930 4002 4649 4005 
4931 3778 4277 3776 
4932 2804 4022 4277 
4933 4279 4278 4027 
4934 4279 4281 4278 
4935 2857 4030 4279 
4936 4279 4030 4281 
4937 9022 2826 2829 
4938 4278 9023 4491 
4939 4030 4280 4281 
4940 4280 9022 9023 
4941 4285 4282 3753 
4942 4282 4285 4284 
4943 4285 4286 9025 
4944 9682 9108 4493 
4945 4284 4492 4494 
4946 4033 4282 4284 
4947 9026 3752 9024 
4948 4285 4283 4492 
4949 4655 5172 5171 
4950 4285 3753 4286 
4951 5186 5187 4499 
4952 3755 4288 3359 
4953 3082 4288 4036 
4954 2014 4036 4289 
4955 4288 4289 4036 
4956 4939 5186 4932 
4957 4043 4508 3103 
4958 4298 4659 2606 
4959 4511 3769 4195 
4960 4666 4512 4051 
4961 4307 3771 4057 
4962 4308 4306 4054 
4963 4307 4513 4311 
4964 4054 4306 4307 
4965 4308 4054 4310 
4966 3107 4308 2873 
4967 4478 4487 4514 
4968 4649 4002 4469 
4969 4307 4311 4054 
4970 4054 4517 4310 
4971 4309 4520 4518 
4972 4054 4311 4517 
4973 8989 3536 2599 
4974 8989 4059 8988 
4975 4313 4528 4318 
4976 4072 4315 4071 
4977 3801 3798 4672 
4978 4673 4526 4672 
4979 4316 4317 4071 
4980 9058 4071 4315 
4981 4318 4317 3800 
4982 4070 4318 4527 
4983 4313 3794 4528 
4984 3793 4319 3789 
4985 4320 4319 4075 
4986 4323 4322 4320 
4987 4322 4087 4320 
4988 4321 4322 4323 
4989 4331 7025 7263 
4990 4323 4320 4075 
4991 4082 4322 4085 
4992 3793 4328 4330 
4993 4075 4325 9059 
4994 9067 4327 9060 
4995 6362 6358 6355 
4996 3801 4674 9063 
4997 9059 4321 4323 
4998 7037 7049 7048 
4999 6357 4086 4082 
5000 9061 9060 4325 
5001 4085 4083 4088 
5002 4329 4328 3790 
5003 4330 4328 4078 
5004 3797 4329 3790 
5005 4329 3801 9063 
5006 4325 4075 4330 
5007 4319 4330 4075 
5008 6553 4086 6779 
5009 5980 4081 6352 
5010 5983 4332 3802 
5011 3802 4332 360 
5012 9057 4333 4094 
5013 4333 4095 6214 
5014 4098 4334 3378 
5015 4337 4336 4334 
5016 4948 4337 4100 
5017 3683 4531 4533 
5018 4339 4336 4335 
5019 3682 4529 3687 
5020 4337 4948 4947 
5021 4335 4336 4337 
5022 4950 4100 6212 
5023 4966 4965 4678 
5024 4677 4532 4339 
5025 3687 4339 4531 
5026 5507 5508 5224 
5027 4467 4469 4465 
5028 4130 4341 2267 
5029 4136 4341 4132 
5030 4135 4136 9110 
5031 4537 4540 1746 
5032 4341 4343 2267 
5033 4343 4138 4537 
5034 3415 4344 3410 
5035 3408 4142 4344 
5036 8955 4345 3415 
5037 4345 3416 4347 
5038 4348 4346 3409 
5039 3408 4347 4346 
5040 8959 3416 8960 
5041 4354 4352 4349 
5042 3413 4142 4348 
5043 4546 4358 4151 
5044 4352 5006 4349 
5045 4356 4359 4556 
5046 5525 9130 5240 
5047 4351 4147 4364 
5048 4354 4349 3860 
5049 4556 4359 4690 
5050 4363 4359 4350 
5051 4545 4542 4685 
5052 3860 3861 4357 
5053 4358 4354 4357 
5054 4363 4350 4358 
5055 4542 5234 5241 
5056 4352 4555 5005 
5057 4350 4359 4356 
5058 4686 4570 4572 
5059 4357 4572 4358 
5060 4546 4363 4358 
5061 4350 4354 4358 
5062 3140 8967 5241 
5063 4564 4362 4561 
5064 5005 9129 9128 
5065 4543 4360 4544 
5066 4570 4568 4367 
5067 4546 4548 4361 
5068 4570 4686 3869 
5069 4542 4545 5234 
5070 4690 4363 4361 
5071 4690 4359 4363 
5072 4351 4364 3862 
5073 4365 4364 4147 
5074 4543 4365 4147 
5075 4557 3462 3464 
5076 4558 3506 3879 
5077 4567 4366 4149 
5078 4568 4569 4367 
5079 4151 4571 4548 
5080 4368 3878 4369 
5081 3522 4154 4368 
5082 9100 3878 4160 
5083 9100 4575 3878 
5084 5340 4819 4818 
5085 4481 9107 4480 
5086 4884 4654 4881 
5087 4162 4576 3880 
5088 3514 4366 4372 
5089 4567 4372 4366 
5090 3868 4159 4373 
5091 4159 4567 4374 
5092 4374 4149 4692 
5093 4568 3866 4569 
5094 4562 4353 4560 
5095 4362 4566 5231 
5096 4371 4370 4696 
5097 4590 5022 4589 
5098 4579 4377 4578 
5099 4996 4549 4552 
5100 4595 4385 3891 
5101 4735 4766 4767 
5102 4594 4380 4163 
5103 4164 3889 4379 
5104 3552 5033 5289 
5105 4379 4381 4164 
5106 4383 3190 4384 
5107 4594 3891 4378 
5108 4164 4381 4384 
5109 4384 4382 4383 
5110 4380 4382 4381 
5111 2074 4383 4382 
5112 4597 4384 3190 
5113 4594 5049 4380 
5114 5039 5044 4165 
5115 5046 4386 5047 
5116 5045 5040 5046 
5117 3206 4173 4388 
5118 4217 4387 4181 
5119 4181 4388 4172 
5120 3206 4388 4387 
5121 4604 4773 4606 
5122 3608 4599 4600 
5123 3605 4217 4601 
5124 4608 4390 4186 
5125 4185 4391 4184 
5126 4189 4391 4177 
5127 4612 4745 4743 
5128 4395 4737 4739 
5129 4610 3897 2621 
5130 2281 3573 4611 
5131 4753 4754 4746 
5132 4609 4395 3905 
5133 4395 4392 4737 
5134 2739 3662 4613 
5135 4221 4396 4219 
5136 4398 3621 4618 
5137 4396 3010 4397 
5138 4398 4225 4400 
5139 3621 4621 4618 
5140 4615 4423 4427 
5141 4756 4401 4614 
5142 3234 3936 4400 
5143 4400 4225 4614 
5144 3234 4614 4402 
5145 3234 4400 4614 
5146 3620 4402 3021 
5147 4229 4403 3629 
5148 4404 4403 4228 
5149 4404 4228 4408 
5150 4411 4405 4410 
5151 4405 4404 4410 
5152 3623 4405 3235 
5153 4408 4228 4409 
5154 4408 4409 4406 
5155 4407 4410 4408 
5156 4406 9112 4758 
5157 4409 4228 3938 
5158 4407 4408 4406 
5159 4415 4417 3938 
5160 4414 4425 4409 
5161 4408 4410 4404 
5162 4411 4410 4407 
5163 3009 4411 4407 
5164 4405 4411 3235 
5165 4411 3009 4412 
5166 3009 3022 4412 
5167 4413 4423 4416 
5168 4409 3938 4414 
5169 4230 4433 3938 
5170 4413 4416 4425 
5171 5315 4779 5089 
5172 4413 4414 4417 
5173 4421 4413 4419 
5174 4621 4623 4618 
5175 3938 4417 4414 
5176 5063 4419 4417 
5177 5063 3945 5065 
5178 4420 4431 4429 
5179 5063 4417 4415 
5180 9102 4428 4429 
5181 4616 4617 4399 
5182 4624 4419 4418 
5183 4428 4422 4420 
5184 4413 4421 4423 
5185 4413 4425 4414 
5186 4422 4427 4423 
5187 4421 4420 4422 
5188 4423 4421 4422 
5189 9101 9102 4426 
5190 4615 4416 4423 
5191 4424 4430 9101 
5192 4425 4416 9112 
5193 4428 9101 4430 
5194 4430 4422 4428 
5195 4617 4619 4620 
5196 4429 4428 4420 
5197 9102 9101 4428 
5198 4624 4431 4420 
5199 5293 5065 5292 
5200 4622 4427 4430 
5201 4427 4422 4430 
5202 4418 5065 5064 
5203 5583 4736 5582 
5204 3943 4432 3631 
5205 4433 3945 4415 
5206 3938 4433 4415 
5207 4230 4432 4433 
5208 4634 4232 4437 
5209 9822 4763 5067 
5210 4435 4627 5070 
5211 4735 5072 4770 
5212 4632 4774 3612 
5213 4436 4632 4630 
5214 5084 5085 4772 
5215 4434 4437 4231 
5216 4635 4438 3654 
5217 5088 4779 4438 
5218 3262 4443 356 
5219 3954 4441 3262 
5220 4258 4441 3955 
5221 4257 4442 4258 
5222 3958 4639 5318 
5223 5090 4448 4259 
5224 4445 356 4443 
5225 5091 5096 357 
5226 4449 4443 4448 
5227 3256 3658 4446 
5228 5090 4259 4442 
5229 4449 4448 4444 
5230 4444 4448 5090 
5231 4445 4449 4439 
5232 4444 5681 4449 
5233 5094 5095 5093 
5234 5095 4640 4781 
5235 3749 8974 4641 
5236 4458 8908 4791 
5237 4460 4459 3989 
5238 4800 4463 4264 
5239 3982 4460 3989 
5240 4460 3980 4461 
5241 3980 4644 4461 
5242 4264 4797 4798 
5243 4467 4470 4466 
5244 4472 4466 4470 
5245 4264 4463 4459 
5246 4464 4463 4462 
5247 4464 4462 4465 
5248 3984 4464 3987 
5249 4468 4800 4798 
5250 4465 4462 4467 
5251 4516 4518 4520 
5252 4473 4650 4466 
5253 4462 4800 4470 
5254 4467 4466 4469 
5255 4646 4647 4797 
5256 4264 4461 4797 
5257 4466 4472 4473 
5258 4838 4830 4651 
5259 4462 4470 4467 
5260 4468 4801 4472 
5261 4801 4807 4471 
5262 4471 4810 4811 
5263 4468 4472 4470 
5264 4473 4472 4471 
5265 4810 4471 4807 
5266 4478 4276 4488 
5267 4475 3997 4005 
5268 9021 4474 4266 
5269 4475 4005 4822 
5270 4822 4826 4475 
5271 4927 4930 4931 
5272 4477 3063 4479 
5273 4275 4477 4019 
5274 4484 4488 4276 
5275 4478 4057 4653 
5276 4479 3063 4481 
5277 4276 4479 4484 
5278 7900 7379 7902 
5279 4856 4862 4842 
5280 3063 3062 4483 
5281 4485 4481 4480 
5282 7752 4486 7751 
5283 4514 4515 4309 
5284 3061 7898 9107 
5285 4481 4483 9107 
5286 4485 4479 4481 
5287 4886 4488 4482 
5288 4884 4881 4485 
5289 4484 4485 4482 
5290 4587 4728 4730 
5291 4694 4695 4376 
5292 4482 4885 4886 
5293 4309 4513 4514 
5294 4482 4488 4484 
5295 4478 4488 4487 
5296 4490 3344 1977 
5297 4491 4489 4278 
5298 4027 4490 1977 
5299 4278 4489 4490 
5300 9023 4278 4281 
5301 3084 4491 2819 
5302 4492 4283 4493 
5303 4494 4492 3353 
5304 9024 9028 9025 
5305 3752 9027 9024 
5306 4031 4494 3353 
5307 4495 4494 3350 
5308 2862 4495 3350 
5309 4033 4495 3356 
5310 3351 4655 5171 
5311 3355 3754 4498 
5312 3096 4287 4497 
5313 3101 4498 3100 
5314 3096 4497 4498 
5315 4660 4663 3763 
5316 5183 4934 9218 
5317 4939 4936 468 
5318 5443 4942 4943 
5319 5190 5192 4661 
5320 4661 2606 4659 
5321 4508 5441 5191 
5322 4052 4510 3104 
5323 3364 4305 4510 
5324 4665 4511 4195 
5325 4667 4668 4512 
5326 4514 4513 4057 
5327 4512 4666 4667 
5328 4309 4311 4513 
5329 4478 4514 4057 
5330 4514 4487 4515 
5331 4944 4515 4487 
5332 4946 4516 4520 
5333 4515 5200 4309 
5334 4950 4951 4952 
5335 4311 4518 4517 
5336 4521 4517 4522 
5337 4309 4518 4311 
5338 4521 4522 4519 
5339 5454 5456 4516 
5340 4523 4519 6402 
5341 4881 4885 4482 
5342 6417 6415 6416 
5343 4522 4517 4518 
5344 4523 4521 4519 
5345 4518 4516 4522 
5346 5456 4522 4516 
5347 5789 6402 4519 
5348 4523 4095 9057 
5349 4946 5454 4516 
5350 6034 4524 5467 
5351 4070 3772 4525 
5352 4525 3772 4673 
5353 4314 4077 9109 
5354 4526 4675 9064 
5355 4676 3794 3796 
5356 4318 3800 4527 
5357 4318 4528 4676 
5358 3685 4529 3682 
5359 4339 4529 4336 
5360 5204 4952 4953 
5361 4968 4974 4973 
5362 4339 4335 4677 
5363 4532 4531 4339 
5364 4967 4533 4532 
5365 4531 4532 4533 
5366 4968 4967 4532 
5367 5490 5492 5487 
5368 5222 3827 5221 
5369 4682 4992 4683 
5370 9110 9111 4135 
5371 1746 4540 4539 
5372 5516 4684 4342 
5373 4539 4540 4684 
5374 4537 1746 8853 
5375 4138 4535 4537 
5376 4683 4538 4682 
5377 4535 4135 9111 
5378 4537 4535 4540 
5379 4535 4342 4540 
5380 4684 4540 4342 
5381 8847 4541 489 
5382 4541 3417 4141 
5383 9665 8959 8960 
5384 4685 4544 4545 
5385 4365 4543 3462 
5386 4147 4360 4543 
5387 4544 4360 4545 
5388 3465 3462 4544 
5389 4349 5006 4351 
5390 4689 4692 4562 
5391 4570 4571 4151 
5392 4361 4363 4546 
5393 4688 4554 4375 
5394 5002 4550 4549 
5395 4151 4548 4546 
5396 4548 4547 4550 
5397 4553 4552 4550 
5398 4550 4552 4549 
5399 4547 4554 4553 
5400 4550 4547 4553 
5401 4692 4353 4562 
5402 5232 4375 4689 
5403 4708 4727 4703 
5404 4366 4353 4149 
5405 4547 4571 4554 
5406 4552 4553 4551 
5407 4375 4554 4367 
5408 4551 4553 4554 
5409 4361 4691 4690 
5410 4560 4362 4559 
5411 5882 5530 9825 
5412 5236 4356 5242 
5413 3455 4365 4557 
5414 3462 4557 4365 
5415 3879 4560 4558 
5416 4366 4558 4353 
5417 4561 3524 4564 
5418 4362 4564 4566 
5419 4561 3879 3524 
5420 4560 4559 4562 
5421 4565 4564 3524 
5422 4560 4561 4362 
5423 5232 4688 4375 
5424 4374 4692 4375 
5425 4584 4583 4585 
5426 5011 4699 4705 
5427 3526 4355 3524 
5428 4564 4563 4566 
5429 3517 4580 4582 
5430 4564 4565 4698 
5431 4582 4377 4586 
5432 5000 4689 4997 
5433 4374 4567 4149 
5434 4372 4567 4159 
5435 3866 4373 4569 
5436 4367 4571 4570 
5437 4374 4375 4569 
5438 4375 4367 4569 
5439 4572 4570 4151 
5440 3869 4568 4570 
5441 4554 4571 4367 
5442 4571 4547 4548 
5443 4358 4572 4151 
5444 4686 4357 3853 
5445 4368 4573 3522 
5446 3527 4573 4369 
5447 5007 4695 4574 
5448 4694 4576 4162 
5449 3878 4575 4369 
5450 4370 4371 4575 
5451 4694 4162 3529 
5452 4729 4730 4376 
5453 5560 5009 5249 
5454 8973 5352 3726 
5455 4579 4162 3880 
5456 4580 4578 4377 
5457 4728 3880 4576 
5458 4586 4377 4585 
5459 4580 4377 4582 
5460 4697 3517 3523 
5461 4592 4593 4732 
5462 4579 3880 4584 
5463 4377 4579 4585 
5464 4564 4698 4563 
5465 4590 4592 4581 
5466 4700 4701 4702 
5467 3880 4728 4588 
5468 4584 4581 4732 
5469 4584 4585 4579 
5470 4586 4585 4583 
5471 4702 4732 4593 
5472 4699 4698 4582 
5473 5007 5556 4695 
5474 5024 4589 5022 
5475 3880 4588 4584 
5476 4587 5022 4590 
5477 4730 4731 4587 
5478 9115 4719 4720 
5479 4587 4590 4588 
5480 5269 4592 4590 
5481 4713 4709 4710 
5482 4702 4706 4700 
5483 5269 4590 4589 
5484 4592 4591 4593 
5485 4700 4707 4708 
5486 4699 5011 4698 
5487 5031 3552 3890 
5488 4594 3547 3891 
5489 4595 3539 4596 
5490 4382 5051 2074 
5491 5289 5035 4165 
5492 5051 4382 4380 
5493 4390 4599 3611 
5494 4597 3534 8993 
5495 4597 3190 4598 
5496 4600 4599 4389 
5497 4607 4389 4608 
5498 4777 5310 5087 
5499 4602 4601 4181 
5500 4186 4390 4601 
5501 4180 4602 4181 
5502 4603 4602 4178 
5503 4185 4603 4178 
5504 4601 4603 4186 
5505 4627 4765 4773 
5506 4186 4603 4604 
5507 4778 4231 4437 
5508 4604 4606 4186 
5509 4607 4606 4605 
5510 4606 4607 4608 
5511 4766 4768 4765 
5512 4771 4600 4389 
5513 4606 4608 4186 
5514 4599 4608 4389 
5515 4393 4609 3566 
5516 4395 4609 4392 
5517 4743 4740 4612 
5518 4196 4395 4739 
5519 4741 4744 4740 
5520 4392 4192 4737 
5521 6030 4666 4051 
5522 4219 4397 4613 
5523 2739 4613 4397 
5524 4427 4616 4615 
5525 4614 4225 4756 
5526 4616 4399 4618 
5527 4617 4616 4427 
5528 4399 4398 4618 
5529 4617 4427 4622 
5530 4622 4619 4617 
5531 3621 4757 4621 
5532 4615 4616 4618 
5533 4430 4424 4622 
5534 4620 4619 3014 
5535 4620 3014 4756 
5536 4399 4617 4620 
5537 4621 4757 4758 
5538 4621 4758 9112 
5539 4618 4623 4615 
5540 4619 4622 4424 
5541 9112 4623 4621 
5542 4421 4624 4420 
5543 5064 4624 4418 
5544 3947 4438 4779 
5545 5074 5076 5078 
5546 5071 4190 4188 
5547 5678 5677 5670 
5548 4765 4627 4435 
5549 4629 4628 3635 
5550 4630 4628 4436 
5551 4631 4629 3635 
5552 4629 2756 4775 
5553 4436 4774 4632 
5554 4232 4630 3940 
5555 3641 4631 3635 
5556 4631 2758 2759 
5557 4632 3612 4777 
5558 4630 4632 5313 
5559 4768 4605 4765 
5560 5597 4435 5070 
5561 4232 4634 3642 
5562 4437 4434 4634 
5563 3654 3651 4635 
5564 9230 9229 4635 
5565 5307 5083 5623 
5566 4625 6137 6138 
5567 5088 4637 4779 
5568 5066 5584 5583 
5569 4439 4449 9104 
5570 4642 3331 9113 
5571 4458 4641 8908 
5572 9114 4642 9113 
5573 3075 8903 8905 
5574 4643 4791 4792 
5575 3974 4796 3973 
5576 8025 3980 3991 
5577 3992 9472 4646 
5578 4795 7840 7701 
5579 4812 4802 5336 
5580 3992 4646 4644 
5581 4645 4805 4646 
5582 4472 4801 4471 
5583 4798 4799 4468 
5584 4464 4648 3987 
5585 4002 4648 4465 
5586 4466 4650 4469 
5587 4473 4811 4814 
5588 4885 4883 4886 
5589 4469 4650 4821 
5590 4827 4649 4828 
5591 4649 4469 4821 
5592 4016 5142 4652 
5593 5142 5144 5143 
5594 3771 4653 4057 
5595 3327 4653 4056 
5596 4822 4827 4825 
5597 4814 5102 5337 
5598 4656 3755 3355 
5599 4663 4664 3763 
5600 4497 4656 3355 
5601 4656 4287 5166 
5602 4932 4940 4939 
5603 4508 4043 5441 
5604 4661 4660 4039 
5605 4039 2606 4661 
5606 4660 4509 5444 
5607 4661 4659 5190 
5608 4509 4660 4661 
5609 5192 5193 4509 
5610 4292 3763 4664 
5611 4660 4662 4663 
5612 4663 4662 4664 
5613 4662 4496 4664 
5614 4496 4292 4664 
5615 4394 4665 4195 
5616 4750 4748 4746 
5617 4305 4511 4667 
5618 4305 4666 3104 
5619 4749 4511 4665 
5620 4511 4669 4667 
5621 4669 4668 4667 
5622 3911 2865 4749 
5623 4651 4825 4833 
5624 4944 4945 4515 
5625 4520 4309 5200 
5626 4815 4814 4811 
5627 4673 4672 3798 
5628 4674 4672 4526 
5629 4525 4673 3798 
5630 4314 4673 3772 
5631 9109 4675 4526 
5632 9064 9065 9061 
5633 9084 9066 9087 
5634 9060 4327 9059 
5635 4318 4676 4073 
5636 3794 4676 4528 
5637 4678 4335 4947 
5638 4530 4532 4677 
5639 4950 4952 4338 
5640 4530 4677 4965 
5641 4957 4953 4952 
5642 4679 4973 5481 
5643 4967 4971 4533 
5644 5487 5492 5493 
5645 4986 5221 4121 
5646 5506 4988 4984 
5647 4992 4534 4340 
5648 9110 4682 4538 
5649 5125 5131 5132 
5650 5226 4538 5225 
5651 5227 5516 5226 
5652 4539 4684 4536 
5653 4685 4542 5228 
5654 4544 4685 3465 
5655 4357 4686 4572 
5656 3527 4574 4693 
5657 5001 4689 5000 
5658 5016 5250 5013 
5659 4375 4692 4689 
5660 4551 4554 4688 
5661 4559 4997 4562 
5662 4689 4562 4997 
5663 4691 4361 5002 
5664 4353 4692 4149 
5665 4996 5518 5517 
5666 5517 4691 5002 
5667 3517 4565 4355 
5668 3524 4355 4565 
5669 4695 4694 4574 
5670 3529 4693 4574 
5671 4376 4576 4694 
5672 5007 4574 4371 
5673 5007 5008 5556 
5674 5560 5249 4696 
5675 5008 5007 5247 
5676 4578 4697 3531 
5677 3517 4697 4580 
5678 4565 4582 4698 
5679 4699 4582 4586 
5680 4702 4701 4586 
5681 4586 4701 4699 
5682 4593 4591 5018 
5683 5011 5010 4563 
5684 4702 4586 4583 
5685 4705 4701 5019 
5686 4732 4702 4583 
5687 4706 4593 4704 
5688 4700 4706 4707 
5689 4716 4727 4708 
5690 9115 4712 4714 
5691 4703 4705 5019 
5692 5019 4701 4700 
5693 4703 5010 5011 
5694 4593 4706 4702 
5695 4707 4706 4704 
5696 4710 4707 4704 
5697 4716 4707 4714 
5698 4707 4710 4714 
5699 4707 4716 4708 
5700 5018 4713 4704 
5701 5027 4589 5024 
5702 4704 4593 5018 
5703 9115 4714 4710 
5704 5028 5029 5030 
5705 4709 4713 4717 
5706 4717 4719 4709 
5707 5000 4998 4999 
5708 4704 4713 4710 
5709 6973 4717 4713 
5710 9115 4710 4709 
5711 4714 4712 4716 
5712 5027 5028 5269 
5713 5253 5252 5262 
5714 4722 4716 4712 
5715 4724 4727 4722 
5716 6973 4713 4711 
5717 4715 6979 4719 
5718 5254 5256 5252 
5719 4725 4726 4721 
5720 4715 4719 4717 
5721 4719 4718 4720 
5722 5021 4723 5020 
5723 4721 4722 4725 
5724 5020 4712 4720 
5725 4551 4688 5232 
5726 4712 5020 4725 
5727 4721 4724 4722 
5728 5251 4720 4718 
5729 5544 5548 5549 
5730 5250 5016 5017 
5731 4563 5010 4566 
5732 4712 4725 4722 
5733 4725 4723 9239 
5734 5253 5262 5264 
5735 5528 5533 476 
5736 4722 4727 4716 
5737 4727 4724 5012 
5738 4376 4728 4576 
5739 4588 4728 4587 
5740 4731 5562 5025 
5741 6285 6114 6115 
5742 4376 4730 4728 
5743 4731 4730 4729 
5744 4376 5248 6118 
5745 5356 3726 5352 
5746 4584 4732 4583 
5747 4592 4732 4581 
5748 5038 5035 4733 
5749 3552 5031 5033 
5750 3891 4385 5290 
5751 2074 5051 5052 
5752 5954 5580 5952 
5753 4607 4768 4769 
5754 5580 5959 5958 
5755 5057 4747 4751 
5756 4739 4737 4612 
5757 4192 4392 4751 
5758 4737 4192 4612 
5759 4740 4739 4612 
5760 4750 4755 4744 
5761 4744 4741 4194 
5762 4747 4745 4192 
5763 4612 4192 4745 
5764 4741 4740 4743 
5765 4742 487 4745 
5766 4741 4743 487 
5767 4748 4744 4194 
5768 4739 4755 4196 
5769 4751 4747 4192 
5770 4743 4745 487 
5771 4511 4749 4669 
5772 4754 4753 4665 
5773 4747 5057 5058 
5774 3911 4748 4194 
5775 4746 4754 4750 
5776 4196 4750 4611 
5777 4394 4754 4665 
5778 4744 4748 4750 
5779 4610 5059 4393 
5780 5058 4742 4747 
5781 4748 4752 4746 
5782 3911 4749 4752 
5783 4746 4752 4753 
5784 4749 4753 4752 
5785 4394 4611 4754 
5786 4750 4754 4611 
5787 4744 4755 4740 
5788 4196 4755 4750 
5789 4620 4756 4225 
5790 3014 4401 4756 
5791 4224 4757 3621 
5792 4758 4757 4223 
5793 4759 4758 4223 
5794 4407 4406 4758 
5795 4223 4224 4760 
5796 3009 4407 4759 
5797 3024 4760 3023 
5798 3009 4759 4760 
5799 5089 3944 5315 
5800 4419 5063 4418 
5801 5585 5066 4762 
5802 5067 4763 4434 
5803 5295 4763 4626 
5804 4679 4968 4973 
5805 5602 5603 5605 
5806 4766 4765 4435 
5807 4773 4765 4605 
5808 4767 4766 4435 
5809 4766 4735 4768 
5810 5073 5074 5077 
5811 5624 4778 5306 
5812 4769 4768 4735 
5813 4607 4605 4768 
5814 4735 4770 4769 
5815 4770 4633 5084 
5816 5072 4735 4767 
5817 4771 4769 4772 
5818 4607 4769 4771 
5819 4769 4770 5084 
5820 4633 5085 5084 
5821 5313 5087 5312 
5822 4606 4773 4605 
5823 4184 4627 4773 
5824 4436 4629 4775 
5825 3612 4774 3929 
5826 3929 4774 4775 
5827 4436 4775 4774 
5828 2749 4776 2757 
5829 3929 4776 2746 
5830 5086 3612 3613 
5831 5310 3608 4600 
5832 5309 4437 3940 
5833 4633 4770 5078 
5834 5088 4438 4233 
5835 4779 4637 5089 
5836 5095 5322 5093 
5837 5318 5319 5320 
5838 9249 9251 9256 
5839 507 5683 5991 
5840 5091 5094 5096 
5841 4792 4791 4262 
5842 4793 4791 4643 
5843 8909 4792 4262 
5844 7701 8024 4795 
5845 4643 9116 9117 
5846 3975 4458 4793 
5847 8907 4262 8908 
5848 7842 7287 5698 
5849 7840 7510 7834 
5850 5694 5697 5693 
5851 9117 4793 4643 
5852 4796 9117 3991 
5853 4646 4797 4461 
5854 4798 4797 4647 
5855 4799 4798 4647 
5856 4468 4470 4800 
5857 4803 4647 4805 
5858 4799 4647 4803 
5859 4463 4800 4462 
5860 4264 4798 4800 
5861 4468 4799 4801 
5862 4807 4801 4808 
5863 4803 9118 4802 
5864 4813 4815 4817 
5865 4647 4646 4805 
5866 4812 4808 5100 
5867 4804 4808 4812 
5868 4981 4983 4340 
5869 9471 9118 4805 
5870 4803 4805 9118 
5871 7836 9470 9472 
5872 5702 5696 5693 
5873 4808 4801 4799 
5874 4804 6006 4810 
5875 5100 4803 4802 
5876 4804 4807 4808 
5877 4804 4812 5338 
5878 4819 4813 4817 
5879 4804 4810 4807 
5880 4811 4810 4809 
5881 5338 5704 6006 
5882 4471 4811 4473 
5883 4802 5692 5336 
5884 5214 5213 5505 
5885 4844 4841 4850 
5886 4811 4809 4815 
5887 5104 4813 5339 
5888 5110 5111 4855 
5889 6008 4817 4815 
5890 4814 4815 4813 
5891 4812 5336 5999 
5892 5211 4340 5212 
5893 6008 4815 4809 
5894 6371 4819 4817 
5895 5214 4683 5211 
5896 4866 4870 4861 
5897 6371 4817 4816 
5898 4818 5124 5340 
5899 4873 4869 4870 
5900 5134 5342 3500 
5901 4650 4473 5337 
5902 4651 4822 4825 
5903 4827 4823 4825 
5904 4826 4822 4830 
5905 5337 4821 4650 
5906 4834 4845 4854 
5907 4826 4830 4824 
5908 4831 4835 3672 
5909 4827 4822 4005 
5910 4837 4833 4825 
5911 4830 4822 4651 
5912 4831 4826 4824 
5913 4005 4649 4827 
5914 4828 4649 4821 
5915 5113 4836 4828 
5916 4823 4827 4828 
5917 4836 4823 4828 
5918 4842 4845 4851 
5919 4838 4651 4839 
5920 4824 4843 4835 
5921 4831 4824 4835 
5922 4266 4474 5105 
5923 5106 4844 4837 
5924 4837 4829 4833 
5925 4837 4825 4823 
5926 4838 4839 4834 
5927 4839 4845 4834 
5928 4857 5136 5135 
5929 4843 4824 4840 
5930 3433 3672 4835 
5931 5113 4828 4821 
5932 4844 5106 4841 
5933 4836 5106 4823 
5934 4841 4836 4832 
5935 4839 4651 4833 
5936 4834 5133 4838 
5937 4833 4829 4839 
5938 4852 4851 5109 
5939 4857 5133 4854 
5940 4843 5107 3433 
5941 5110 5139 4850 
5942 4852 4844 4853 
5943 4844 4829 4837 
5944 4862 4856 4863 
5945 4840 5135 5107 
5946 3433 4835 4843 
5947 4841 5110 4850 
5948 4829 4844 4852 
5949 5109 4839 4829 
5950 9119 4854 4845 
5951 4857 5135 5133 
5952 3436 5108 3434 
5953 4858 4860 4864 
5954 9232 9234 5707 
5955 4860 4856 4848 
5956 4842 4851 4856 
5957 4867 9119 4862 
5958 3434 4846 5136 
5959 5110 4841 4832 
5960 4852 4853 4848 
5961 4845 4839 5109 
5962 4856 4851 4848 
5963 4853 4844 4850 
5964 4851 4852 4848 
5965 4850 4847 4853 
5966 4847 4865 4853 
5967 9119 4845 4842 
5968 4854 4849 4857 
5969 5111 5112 5114 
5970 4868 4866 4847 
5971 4853 4865 4864 
5972 4854 9119 4849 
5973 5134 4857 4849 
5974 5107 5135 4846 
5975 4847 5139 4868 
5976 5344 5709 6011 
5977 4862 4863 4859 
5978 9231 5707 6265 
5979 4864 4848 4853 
5980 4860 4858 4863 
5981 4865 4866 4861 
5982 4870 4872 9120 
5983 4863 4856 4860 
5984 4862 4859 4867 
5985 4872 6011 9120 
5986 4577 4696 5249 
5987 4864 4860 4848 
5988 9120 4864 4861 
5989 4866 4865 4847 
5990 4864 4865 4861 
5991 5124 5123 4820 
5992 4878 5141 4877 
5993 4867 4859 9232 
5994 9231 5706 5707 
5995 5116 4855 5111 
5996 5118 4855 5116 
5997 9127 4868 5122 
5998 4872 4878 5344 
5999 9127 4873 4870 
6000 4869 5141 4870 
6001 6387 5122 5126 
6002 4869 4873 4875 
6003 4875 4877 4869 
6004 4878 4872 5141 
6005 9127 4870 4866 
6006 4871 6380 4875 
6007 5118 5126 5122 
6008 5787 5453 5788 
6009 4871 4875 4873 
6010 4874 6375 4877 
6011 6379 6375 6377 
6012 5902 5904 5561 
6013 4874 4877 4875 
6014 4877 4876 4878 
6015 5927 5920 5913 
6016 5901 5911 5907 
6017 5146 5153 4016 
6018 5150 4880 5144 
6019 5154 5150 5144 
6020 5147 5151 3735 
6021 4480 7896 4884 
6022 4881 4654 4883 
6023 7384 7147 7148 
6024 5896 5895 5899 
6025 9219 5452 9238 
6026 5447 4671 4946 
6027 4480 4884 4485 
6028 4654 4884 4882 
6029 4881 4883 4885 
6030 4886 4883 4670 
6031 4944 4886 4670 
6032 4488 4886 4487 
6033 5170 5166 4287 
6034 5170 3095 5427 
6035 3708 4906 3711 
6036 5347 1595 5148 
6037 4918 4925 4909 
6038 4918 4215 4926 
6039 5752 4920 5750 
6040 4918 4926 4925 
6041 5439 5180 4929 
6042 5179 5180 5181 
6043 5179 4926 4929 
6044 5181 5748 4925 
6045 4930 4927 4924 
6046 4924 4929 4926 
6047 4940 4931 4658 
6048 4933 4935 5182 
6049 4924 4927 5182 
6050 4926 4215 4924 
6051 4924 4215 4930 
6052 4926 5179 4925 
6053 4936 4939 4940 
6054 4930 4658 4931 
6055 5184 4935 4933 
6056 4931 4933 4927 
6057 4499 5777 9123 
6058 5185 5439 5183 
6059 5186 4939 4496 
6060 5778 5777 5188 
6061 9123 5184 4933 
6062 4929 5182 5439 
6063 468 4496 4939 
6064 5193 5197 5444 
6065 4940 4932 4933 
6066 4658 4936 4940 
6067 5187 4496 4662 
6068 5440 475 9218 
6069 5196 4300 5193 
6070 5442 5785 5786 
6071 4886 4944 4487 
6072 4945 4944 4670 
6073 9219 5450 5451 
6074 4946 4520 5449 
6075 5200 5201 5449 
6076 5455 5454 4946 
6077 4337 4947 4335 
6078 5204 4947 4338 
6079 4100 9274 6212 
6080 4338 4947 4948 
6081 4519 4522 5456 
6082 4980 4977 5497 
6083 4100 4950 4948 
6084 4950 4949 4951 
6085 6032 6034 5467 
6086 4958 4954 4955 
6087 4952 4955 4957 
6088 5204 4678 4947 
6089 4952 4951 4955 
6090 4957 4961 4953 
6091 5203 5467 5456 
6092 5209 5497 4977 
6093 6401 4958 4955 
6094 4955 4954 4957 
6095 5131 5125 5129 
6096 4963 6407 4960 
6097 4957 4954 4962 
6098 4962 4961 4957 
6099 6401 4955 4951 
6100 6405 6407 4956 
6101 4963 4954 4958 
6102 4970 4978 4980 
6103 4671 5459 5455 
6104 4959 4962 4964 
6105 4968 4530 4974 
6106 4966 4530 4965 
6107 4954 4963 4964 
6108 4961 4962 4959 
6109 6407 4958 4956 
6110 4963 4960 4964 
6111 6410 6409 6406 
6112 6440 6446 6442 
6113 4677 4678 4965 
6114 4678 5204 4966 
6115 4953 4961 4966 
6116 4975 4970 4974 
6117 4968 4532 4530 
6118 4679 4969 4971 
6119 4975 4974 4530 
6120 4961 4959 5208 
6121 4679 5481 5484 
6122 5804 5491 4969 
6123 4975 4978 4970 
6124 5614 5616 5617 
6125 4679 4971 4967 
6126 4969 5491 4972 
6127 4972 4680 4976 
6128 4533 4971 4972 
6129 4970 4980 5210 
6130 5484 4969 4679 
6131 4975 4530 4966 
6132 4973 4974 4970 
6133 4961 4979 4966 
6134 4979 4977 4978 
6135 4976 4680 5486 
6136 5207 4976 3684 
6137 9303 6628 6646 
6138 5613 5614 5304 
6139 4979 4978 4975 
6140 4980 4978 4977 
6141 4966 4979 4975 
6142 4979 4961 5208 
6143 5208 5209 4977 
6144 5613 4764 5071 
6145 3835 4981 4534 
6146 4984 4983 4981 
6147 4984 4988 4982 
6148 4985 5212 5498 
6149 4984 4981 4681 
6150 5498 5212 4983 
6151 4681 4986 4984 
6152 4986 4121 5224 
6153 4988 4990 4982 
6154 5217 5213 5215 
6155 5221 4986 4681 
6156 5506 5224 4987 
6157 5791 5472 5463 
6158 5498 4990 4991 
6159 5506 4984 4986 
6160 4987 6069 4990 
6161 4987 5224 5509 
6162 6175 5103 6000 
6163 4987 4990 4988 
6164 4990 4989 4991 
6165 6794 6790 7091 
6166 5218 5504 6064 
6167 4534 4992 4682 
6168 4340 4683 4992 
6169 5215 5214 5211 
6170 5510 4536 4684 
6171 5241 8958 4542 
6172 8954 8960 8955 
6173 5228 4995 4685 
6174 5229 8957 5228 
6175 4551 5523 4552 
6176 4996 4687 5518 
6177 5231 4559 4362 
6178 4559 5231 4997 
6179 5014 4566 5010 
6180 4999 5843 5522 
6181 5014 5013 5843 
6182 5523 5001 5521 
6183 4998 5000 4997 
6184 5001 5000 4999 
6185 4999 5521 5001 
6186 4551 5001 5523 
6187 5002 4361 4548 
6188 5517 5002 4549 
6189 5237 5234 4545 
6190 5234 9130 5241 
6191 4356 4556 5242 
6192 5245 4556 9825 
6193 4555 4356 5236 
6194 5237 5235 5240 
6195 4352 5005 5006 
6196 4351 5006 5005 
6197 4371 4696 5007 
6198 5247 4577 5008 
6199 6121 5944 6120 
6200 4376 4695 5556 
6201 5919 6266 6270 
6202 5709 4858 6011 
6203 5012 4703 4727 
6204 5010 4703 5012 
6205 5011 4563 4698 
6206 4703 5011 4705 
6207 5015 5012 4724 
6208 5014 4998 5231 
6209 5015 4724 5016 
6210 5013 5015 5016 
6211 5010 5012 5014 
6212 5014 5012 5015 
6213 5016 4724 4721 
6214 5014 5015 5013 
6215 4726 5017 4721 
6216 5016 4721 5017 
6217 5017 4726 5852 
6218 4687 4996 5520 
6219 5030 5018 4591 
6220 4713 5018 4711 
6221 4700 4708 5019 
6222 4703 5019 4708 
6223 5021 5020 4720 
6224 4725 5020 4723 
6225 5254 5251 4718 
6226 5251 5253 5021 
6227 4587 4731 5022 
6228 5025 5024 5022 
6229 5352 3736 5351 
6230 6088 6457 5883 
6231 5025 5022 4731 
6232 5023 6708 5027 
6233 4731 5943 5562 
6234 5369 5375 5354 
6235 5261 9311 5260 
6236 5028 5030 4591 
6237 5023 5027 5024 
6238 5028 5027 5026 
6239 5028 5026 5029 
6240 4591 4592 5269 
6241 6287 5023 5945 
6242 6974 6722 6973 
6243 6974 5030 5029 
6244 5018 5030 4711 
6245 5032 5031 3544 
6246 5033 5031 4733 
6247 5034 5032 3544 
6248 5032 4386 5040 
6249 5035 5033 4733 
6250 5289 4165 5288 
6251 3540 5034 3544 
6252 5034 3538 5047 
6253 5040 5038 4733 
6254 4165 5035 5039 
6255 5038 5040 5036 
6256 5946 5037 5041 
6257 5038 5036 5041 
6258 5946 5565 5564 
6259 4733 5032 5040 
6260 5041 5039 5035 
6261 5041 5035 5038 
6262 6123 5044 5039 
6263 5046 5047 5043 
6264 5040 4386 5046 
6265 5041 5036 5565 
6266 5037 5039 5041 
6267 5947 6289 5037 
6268 5048 5042 5054 
6269 5272 5275 5043 
6270 5285 5577 5280 
6271 6123 5039 5037 
6272 5044 5042 5048 
6273 5047 5272 5043 
6274 6289 6124 6291 
6275 5034 5047 4386 
6276 5045 5046 5043 
6277 3538 3551 5047 
6278 5047 3551 5272 
6279 5054 5053 5291 
6280 5290 5048 5291 
6281 4594 4378 5049 
6282 5050 2074 5052 
6283 4380 5049 5051 
6284 5050 5052 5053 
6285 5051 5049 5052 
6286 5049 4378 5052 
6287 5053 5052 4378 
6288 4378 5290 5291 
6289 5050 5053 4734 
6290 6288 6125 5949 
6291 4734 5053 5054 
6292 3945 5063 4415 
6293 6125 5054 5042 
6294 4738 5060 5061 
6295 5059 4751 4393 
6296 5057 4751 5059 
6297 2629 5062 5578 
6298 5057 4738 5058 
6299 5057 5059 5060 
6300 5583 5582 9225 
6301 5057 5060 4738 
6302 2629 5578 5059 
6303 2629 5059 4610 
6304 5060 5062 9124 
6305 4431 5064 5066 
6306 4429 5582 3019 
6307 4418 5063 5065 
6308 5064 4762 5066 
6309 5292 5065 3945 
6310 4762 5064 5065 
6311 5586 5585 4762 
6312 3946 5292 3945 
6313 4434 4231 5067 
6314 5624 9823 4231 
6315 4778 4633 5306 
6316 5083 5618 5620 
6317 5069 5295 5296 
6318 3637 3640 5300 
6319 5305 4190 5071 
6320 5604 5303 5602 
6321 5614 5613 5071 
6322 5070 5071 4764 
6323 5072 4767 5074 
6324 4770 5072 5078 
6325 4767 4435 5597 
6326 5073 5077 5080 
6327 5303 5604 4767 
6328 5073 5307 5074 
6329 5598 4764 5967 
6330 5601 5609 5611 
6331 5083 5307 5082 
6332 4633 5076 5306 
6333 4767 5077 5074 
6334 5075 5971 5080 
6335 5074 5078 5072 
6336 4633 5078 5076 
6337 5626 5633 5619 
6338 5080 5082 5073 
6339 5075 5080 5077 
6340 5079 5628 5082 
6341 5594 5621 5630 
6342 5592 4626 5593 
6343 5079 5082 5080 
6344 5082 5081 5083 
6345 5618 5083 5081 
6346 5623 5624 5306 
6347 5085 4633 4778 
6348 4769 5084 4772 
6349 5309 4778 4437 
6350 5313 5312 3940 
6351 3610 5086 3613 
6352 3608 4777 5086 
6353 5312 4772 5085 
6354 4632 4777 5087 
6355 5088 4233 5659 
6356 5965 5659 5661 
6357 5089 5587 5586 
6358 5089 5586 5293 
6359 5991 4442 507 
6360 5990 4790 5321 
6361 4640 5094 5091 
6362 357 5096 5988 
6363 5094 4640 5095 
6364 6362 5323 4091 
6365 4781 3958 5318 
6366 5094 5093 5096 
6367 5318 5320 5095 
6368 9716 9271 9715 
6369 6167 5092 6166 
6370 4803 5100 4808 
6371 4802 4812 5100 
6372 5694 5696 5692 
6373 5704 6008 6006 
6374 4814 4813 5104 
6375 5112 5113 5102 
6376 7065 6003 6001 
6377 5217 5219 5213 
6378 5117 5114 5104 
6379 4814 5104 5114 
6380 4826 5105 4475 
6381 4266 5105 4831 
6382 4823 5106 4837 
6383 4836 4841 5106 
6384 4840 5107 4843 
6385 5108 5107 4846 
6386 3434 5108 4846 
6387 3433 5108 3428 
6388 4852 5109 4829 
6389 4845 5109 4851 
6390 5111 5110 4832 
6391 5110 4855 5139 
6392 5112 5111 4832 
6393 5104 5119 5117 
6394 5113 5112 4832 
6395 5114 5112 5102 
6396 4836 5113 4832 
6397 5113 4821 5337 
6398 4814 5114 5102 
6399 5119 5104 4820 
6400 5123 5119 4820 
6401 4855 5118 4868 
6402 5117 5111 5114 
6403 5116 5115 5118 
6404 5115 5116 5117 
6405 5117 5116 5111 
6406 5121 5115 5119 
6407 4871 4873 9127 
6408 5123 5121 5119 
6409 5115 5117 5119 
6410 5124 5120 5123 
6411 5132 6380 6383 
6412 5121 5120 5127 
6413 5115 5121 5126 
6414 4868 5118 5122 
6415 5118 5115 5126 
6416 4820 5340 5124 
6417 5120 5121 5123 
6418 6192 6193 5705 
6419 4818 5705 5124 
6420 5129 5125 5127 
6421 5455 5460 5203 
6422 5127 5126 5121 
6423 6387 6383 5122 
6424 5120 6194 5129 
6425 5127 5125 6387 
6426 5124 5705 6193 
6427 6039 5479 6038 
6428 5120 5129 5127 
6429 5128 7298 5131 
6430 5341 6181 6185 
6431 5447 5448 4671 
6432 5128 5131 5129 
6433 5132 5131 5130 
6434 6375 4874 6377 
6435 4874 6380 6378 
6436 4838 5133 4840 
6437 4854 5133 4834 
6438 5342 5134 4849 
6439 5134 5137 5136 
6440 5133 5135 4840 
6441 5136 4857 5134 
6442 5134 3500 5137 
6443 4846 5135 5136 
6444 3500 3505 5138 
6445 3434 5136 5137 
6446 3497 5138 3505 
6447 3437 3438 5343 
6448 4850 5139 4847 
6449 4855 4868 5139 
6450 4876 5711 4878 
6451 5710 5140 5344 
6452 4870 5141 4872 
6453 4877 5141 4869 
6454 5154 5159 5164 
6455 3736 8973 5349 
6456 5152 5144 5142 
6457 5143 5144 4880 
6458 4273 5146 4016 
6459 5151 5147 4880 
6460 5146 4014 5148 
6461 5162 5149 5153 
6462 3727 5147 3735 
6463 5143 4880 5147 
6464 4014 5346 5148 
6465 5346 5347 5148 
6466 5142 4016 5153 
6467 5154 5164 4879 
6468 5144 5152 5154 
6469 4879 5426 5150 
6470 5155 4880 5150 
6471 5151 4880 5155 
6472 5153 5152 5142 
6473 5152 5149 5154 
6474 5148 5423 5146 
6475 9138 1595 5156 
6476 5157 5159 5163 
6477 4879 5150 5154 
6478 5161 5158 5160 
6479 5151 5155 5160 
6480 5423 5153 5146 
6481 5163 5162 5145 
6482 5149 5159 5154 
6483 5161 5155 5426 
6484 5351 5158 5355 
6485 5165 5164 5159 
6486 5163 5159 5149 
6487 5161 5160 5155 
6488 5349 5350 3736 
6489 5164 5167 4879 
6490 5353 5355 5358 
6491 9138 5153 5423 
6492 5156 5145 5162 
6493 5162 5163 5149 
6494 5157 5163 5145 
6495 5165 5159 5157 
6496 9824 5422 5406 
6497 5157 4272 5165 
6498 5165 4272 9824 
6499 5393 5397 5401 
6500 5169 5161 5426 
6501 5165 5167 5164 
6502 5420 5422 5410 
6503 5171 5166 4887 
6504 5170 4287 3095 
6505 5373 5353 5380 
6506 5427 5174 5170 
6507 4887 5166 5170 
6508 3351 5171 4887 
6509 4655 2014 5172 
6510 3755 5172 2014 
6511 4656 5171 5172 
6512 5429 5430 5428 
6513 9035 9670 9671 
6514 5436 5740 5741 
6515 5174 5740 5742 
6516 4935 5183 5439 
6517 5179 4929 5180 
6518 5745 5437 5746 
6519 5179 5181 4925 
6520 5745 5181 5180 
6521 4909 5750 4920 
6522 4924 5182 4929 
6523 4933 5182 4927 
6524 5439 5182 4935 
6525 4935 5184 5183 
6526 9123 4933 4932 
6527 5185 5183 475 
6528 5187 5186 4496 
6529 4934 5183 5184 
6530 5186 4499 9123 
6531 5195 5199 5198 
6532 5778 5440 5777 
6533 4499 5187 5188 
6534 5445 4662 5444 
6535 4043 5779 5442 
6536 5446 5188 5445 
6537 5191 5190 4659 
6538 4300 5196 4943 
6539 4508 5191 4659 
6540 4943 5194 5443 
6541 4662 4660 5444 
6542 4661 5192 4509 
6543 5190 5191 5194 
6544 5194 5196 5192 
6545 5443 5191 5189 
6546 5192 5196 5193 
6547 5446 5199 5195 
6548 4943 5196 5194 
6549 5197 5199 5446 
6550 5445 5188 5187 
6551 5197 5193 5199 
6552 5193 4300 5198 
6553 5193 5198 5199 
6554 4515 4945 5200 
6555 4945 5787 5200 
6556 5450 4945 4670 
6557 5453 5787 5450 
6558 7586 7585 5452 
6559 5476 5801 6217 
6560 5455 5203 5454 
6561 6211 6213 6209 
6562 4952 5204 4338 
6563 4966 5204 4953 
6564 4970 5210 4973 
6565 5210 6040 5482 
6566 5206 5486 5487 
6567 5494 5496 5489 
6568 3686 5207 3684 
6569 3683 4976 5207 
6570 5209 5208 4959 
6571 4979 5208 4977 
6572 6406 6409 4960 
6573 6061 6243 6060 
6574 6040 6041 5803 
6575 5482 5481 4973 
6576 5212 4340 4983 
6577 5211 4985 5215 
6578 5498 4983 4982 
6579 4985 5211 5212 
6580 4985 4991 5499 
6581 5811 5219 5218 
6582 5505 5213 5810 
6583 5214 5813 5225 
6584 4985 5499 5217 
6585 5214 5215 5213 
6586 5806 4991 4989 
6587 5218 5219 5808 
6588 4985 5217 5215 
6589 5808 5219 5217 
6590 5499 5501 5216 
6591 5821 5513 5817 
6592 5808 5217 5216 
6593 5218 5812 5811 
6594 6066 5218 6064 
6595 5227 9222 9223 
6596 5222 5221 4681 
6597 5221 3827 5223 
6598 4981 5222 4681 
6599 3836 5222 3835 
6600 3831 5223 3827 
6601 4121 5223 3824 
6602 4121 5507 5224 
6603 5508 4117 4123 
6604 5214 5225 4683 
6605 5226 5225 4993 
6606 5226 4993 5227 
6607 5226 4342 9111 
6608 5816 9222 5505 
6609 5510 5512 4536 
6610 5234 5237 5240 
6611 8967 8966 8958 
6612 9665 8962 8959 
6613 5229 5228 8958 
6614 5230 5518 5519 
6615 4556 5245 5242 
6616 5014 5231 4566 
6617 4997 5231 4998 
6618 4689 5001 5232 
6619 4551 5232 5001 
6620 5522 5013 5250 
6621 5863 5857 5862 
6622 4360 5235 5237 
6623 5236 5880 9133 
6624 9128 5235 4360 
6625 5555 6087 6253 
6626 5244 5526 5531 
6627 4542 8958 5228 
6628 4360 5237 4545 
6629 5235 9129 5878 
6630 9129 5239 5878 
6631 9130 5234 5240 
6632 9133 4555 5236 
6633 5238 5003 9132 
6634 5238 9132 5525 
6635 3140 5241 9131 
6636 5004 5553 9224 
6637 5004 9224 5880 
6638 5541 5884 5519 
6639 5236 5242 5004 
6640 5246 5553 5526 
6641 5526 5553 5243 
6642 5553 5245 5243 
6643 5553 5246 5554 
6644 5526 5244 5246 
6645 5553 5004 5245 
6646 5007 4696 5247 
6647 4577 5247 4696 
6648 5008 4577 5558 
6649 6119 5248 5557 
6650 5560 4696 4370 
6651 5902 5249 5009 
6652 6079 5844 5250 
6653 5233 5521 5522 
6654 5251 5254 5253 
6655 5021 4720 5251 
6656 5255 5256 4718 
6657 5252 5256 5258 
6658 5262 5252 5263 
6659 5535 5263 5524 
6660 4719 6979 4718 
6661 5252 5253 5254 
6662 5029 6717 6719 
6663 5256 5255 5260 
6664 4718 5256 5254 
6665 6979 6980 6977 
6666 6459 6471 6469 
6667 5260 5258 5256 
6668 5266 5265 5524 
6669 5524 5263 5266 
6670 476 5533 5540 
6671 5264 5021 5253 
6672 5261 5260 5255 
6673 5257 5258 5260 
6674 5374 9137 5371 
6675 5377 5382 5394 
6676 5263 5252 5258 
6677 5861 5853 5860 
6678 5266 5257 6936 
6679 5263 5258 5266 
6680 5539 5543 5259 
6681 9240 5264 5873 
6682 6936 6937 6938 
6683 5534 5541 5539 
6684 5257 5266 5258 
6685 6697 6500 5872 
6686 5262 5263 5535 
6687 6467 6465 6466 
6688 5248 5556 5557 
6689 5900 5918 5926 
6690 5027 5269 4589 
6691 4591 5269 5028 
6692 5045 5577 5036 
6693 5043 5277 5280 
6694 5286 5287 5284 
6695 5043 5280 5045 
6696 5275 5276 5570 
6697 5277 5043 5275 
6698 5272 5276 5275 
6699 5277 5275 5273 
6700 5276 5272 3551 
6701 5281 5276 3551 
6702 5570 5281 5283 
6703 5279 5277 5273 
6704 5271 5280 5277 
6705 5281 3551 5282 
6706 5283 5568 5274 
6707 5570 5571 5273 
6708 6126 5279 5574 
6709 5286 5280 5271 
6710 5286 5285 5280 
6711 3551 3550 5282 
6712 5281 5567 5568 
6713 3543 3888 5566 
6714 5282 5566 5567 
6715 5283 9814 5571 
6716 5275 5570 5273 
6717 6128 5279 6126 
6718 7005 5270 7006 
6719 5284 5575 5285 
6720 5285 5270 5565 
6721 5287 5286 5271 
6722 5285 5286 5284 
6723 5574 5572 5573 
6724 6295 6131 6133 
6725 4596 5288 4385 
6726 5044 5288 4165 
6727 3552 5289 4596 
6728 5035 5289 5033 
6729 3891 5290 4378 
6730 5288 5290 4385 
6731 5054 5291 5048 
6732 4378 5291 5053 
6733 5293 5292 3944 
6734 5089 5293 3944 
6735 5065 5293 4762 
6736 5294 5587 5589 
6737 5963 4761 5964 
6738 5296 5295 4626 
6739 5297 5295 5069 
6740 5593 5299 5592 
6741 3646 5069 5298 
6742 5297 5069 5300 
6743 4763 5297 3640 
6744 5302 5296 5592 
6745 6145 9134 5301 
6746 5299 5593 5594 
6747 5966 6145 5301 
6748 5069 3646 5300 
6749 3648 5300 3646 
6750 5296 5302 5298 
6751 5595 5596 5301 
6752 5596 5302 5638 
6753 5595 5301 9134 
6754 5597 5070 5598 
6755 5598 5303 5597 
6756 5205 5481 5482 
6757 5607 5609 5601 
6758 4190 5305 4627 
6759 5071 5070 5305 
6760 5623 5076 5307 
6761 5623 5306 5076 
6762 5074 5307 5076 
6763 5082 5307 5073 
6764 5618 5619 5308 
6765 5594 5593 9226 
6766 5312 5309 3940 
6767 4778 5309 5085 
6768 3608 5310 4777 
6769 5311 5310 4600 
6770 4771 5311 4600 
6771 5311 4772 5312 
6772 5312 5085 5309 
6773 5311 5312 5087 
6774 4630 5313 3940 
6775 4632 5087 5313 
6776 4233 5660 5662 
6777 5301 5596 5966 
6778 3946 5315 3944 
6779 4779 5315 3947 
6780 5681 5319 5318 
6781 6561 6355 6562 
6782 4781 5318 5095 
6783 5682 5319 5681 
6784 5090 5991 5682 
6785 5319 5321 5320 
6786 5320 5321 9827 
6787 5321 5319 5682 
6788 9827 9826 5323 
6789 4790 9828 5321 
6790 4780 9826 9827 
6791 5684 6360 6358 
6792 5093 5322 5323 
6793 5329 6369 5992 
6794 5997 5334 4247 
6795 4802 9118 5692 
6796 6001 5999 5336 
6797 4814 5337 4473 
6798 5337 5102 5113 
6799 5101 6001 5336 
6800 5338 5103 5704 
6801 4819 5339 4813 
6802 4820 5104 5339 
6803 4820 5339 5340 
6804 4819 5340 5339 
6805 6177 6176 5705 
6806 5216 5501 5503 
6807 5706 5342 4849 
6808 5708 3508 3513 
6809 5137 5343 3434 
6810 3437 5343 5138 
6811 5711 5710 6012 
6812 5344 5140 5709 
6813 9220 5479 6228 
6814 6902 5799 5800 
6815 9121 5346 4014 
6816 5347 5346 4906 
6817 5347 4906 5348 
6818 5347 3713 1595 
6819 4906 3708 5348 
6820 8972 5348 3708 
6821 3735 5151 5349 
6822 5350 5151 5160 
6823 5160 5158 5350 
6824 5351 5350 5158 
6825 5158 5712 5355 
6826 5363 5364 3726 
6827 5362 5361 5351 
6828 5361 5352 5351 
6829 5369 5371 5366 
6830 5354 5360 5369 
6831 5360 5354 5356 
6832 5354 5375 5384 
6833 5712 5158 5161 
6834 5362 5355 5353 
6835 5352 5361 5360 
6836 5363 5356 5715 
6837 5367 5370 5373 
6838 5391 5390 5378 
6839 5392 5716 5169 
6840 5385 5392 5717 
6841 5713 5375 5372 
6842 5365 3323 5368 
6843 5352 5360 5356 
6844 5371 5369 5360 
6845 5362 5351 5355 
6846 5360 5361 5357 
6847 5373 5370 5362 
6848 5361 5362 5357 
6849 5715 5356 5354 
6850 5364 5363 5359 
6851 5364 5359 5365 
6852 3726 5364 3721 
6853 7148 5365 5359 
6854 3321 3323 5365 
6855 5370 5357 5362 
6856 6198 7149 6197 
6857 5402 5417 5400 
6858 5945 5023 5025 
6859 5368 3323 3303 
6860 5364 5368 3721 
6861 5371 5360 5357 
6862 5378 5375 5369 
6863 5373 5362 5353 
6864 5371 5357 5374 
6865 5370 5374 5357 
6866 5374 5370 5367 
6867 5372 5375 5378 
6868 5372 5378 5390 
6869 5385 5380 5353 
6870 5373 5387 5386 
6871 5382 5374 5367 
6872 5382 5389 5374 
6873 5378 5369 5366 
6874 5713 5384 5375 
6875 5380 5385 5376 
6876 5394 5382 5367 
6877 5386 5367 5373 
6878 6616 6617 6615 
6879 9137 5389 6608 
6880 5378 5366 5391 
6881 5390 6014 5372 
6882 7144 7146 7147 
6883 5385 5353 5358 
6884 5387 5380 5376 
6885 5396 5397 5393 
6886 5387 5396 5381 
6887 5386 5388 5394 
6888 5389 6609 6605 
6889 5383 6602 6599 
6890 5944 5559 6120 
6891 7384 5384 5379 
6892 5715 5359 5363 
6893 5392 5358 5716 
6894 5385 5358 5392 
6895 5387 5373 5380 
6896 5386 5381 5388 
6897 5397 5396 5387 
6898 5386 5387 5381 
6899 5396 5400 5381 
6900 5407 5381 5400 
6901 6609 5382 5377 
6902 6608 5391 5366 
6903 5932 5931 5935 
6904 5713 6196 6197 
6905 5366 9137 6608 
6906 5390 5391 5383 
6907 5717 5376 5385 
6908 5413 5393 5412 
6909 6837 9296 5403 
6910 5386 5394 5367 
6911 5394 5388 9295 
6912 5169 5406 5419 
6913 5405 5421 7395 
6914 5397 5387 5376 
6915 5402 5400 5396 
6916 5395 5404 5376 
6917 5404 5399 5401 
6918 5718 5402 5413 
6919 5416 5403 5414 
6920 5399 5404 5405 
6921 5720 7773 7394 
6922 5402 5396 5393 
6923 5414 5407 5400 
6924 5404 5401 5397 
6925 5412 5401 5399 
6926 6853 5415 5721 
6927 5393 5401 5412 
6928 6853 5718 5413 
6929 6859 5416 6857 
6930 5376 5404 5397 
6931 5404 5395 5405 
6932 5411 5405 5395 
6933 9431 9433 7626 
6934 6456 5883 7212 
6935 5169 5419 5392 
6936 5407 5403 9296 
6937 5388 5381 5407 
6938 5411 5395 5419 
6939 5408 5419 5406 
6940 5405 5411 5421 
6941 5409 7618 7617 
6942 5420 5410 5168 
6943 5718 6853 5721 
6944 5412 5720 9422 
6945 6851 5416 5417 
6946 5411 5408 5421 
6947 5408 5422 5420 
6948 9824 5410 5422 
6949 5417 5414 5400 
6950 5403 5407 5414 
6951 5420 5421 5408 
6952 5023 6287 6708 
6953 5405 7395 5399 
6954 5417 5416 5414 
6955 5408 5411 5419 
6956 5395 5717 5419 
6957 6710 6716 6513 
6958 5417 5402 5718 
6959 9824 5406 5167 
6960 6682 6936 6938 
6961 5169 5167 5406 
6962 5393 5413 5402 
6963 5406 5422 5408 
6964 5421 5420 5168 
6965 9138 5162 5153 
6966 9138 5148 1595 
6967 5150 5426 5155 
6968 5169 5426 4879 
6969 5430 5429 5427 
6970 5173 5174 5427 
6971 9024 9029 9028 
6972 5430 5427 3095 
6973 5428 9169 5433 
6974 9139 3095 4035 
6975 5430 9139 5432 
6976 9682 4493 9173 
6977 3349 9147 9145 
6978 8984 5432 2861 
6979 9173 9671 9670 
6980 5428 5433 5429 
6981 5433 5743 5741 
6982 5743 5744 9144 
6983 9140 3349 9141 
6984 5174 5173 5740 
6985 9235 4887 5742 
6986 9140 5436 5434 
6987 9140 9141 5436 
6988 4922 5753 5746 
6989 4928 5437 5745 
6990 5438 5748 5749 
6991 5185 4928 5439 
6992 5180 5439 4928 
6993 5442 5441 4043 
6994 5777 4499 5188 
6995 5191 5441 5189 
6996 5780 5442 5779 
6997 5780 5785 5442 
6998 5191 5443 5194 
6999 5786 5443 5189 
7000 5193 5444 4509 
7001 5445 5444 5197 
7002 5445 5197 5446 
7003 5187 4662 5445 
7004 5195 4941 5446 
7005 5188 5446 4941 
7006 5449 5447 4946 
7007 5447 5201 5788 
7008 5474 5461 5468 
7009 5458 5469 5471 
7010 5200 5449 4520 
7011 5447 5449 5201 
7012 5451 5450 4670 
7013 5450 5202 5453 
7014 4670 4883 5451 
7015 4883 5452 9219 
7016 7346 7348 7349 
7017 5464 5468 5475 
7018 5453 5794 5793 
7019 5788 5453 5793 
7020 5455 4946 4671 
7021 5454 5203 5456 
7022 4671 5461 5459 
7023 5460 5459 5462 
7024 5203 5466 5467 
7025 5789 5456 5467 
7026 5793 5448 5788 
7027 6223 5477 6222 
7028 5462 5469 5458 
7029 5203 5460 5466 
7030 5461 4671 5448 
7031 5462 5459 5457 
7032 5459 5460 5455 
7033 5791 5466 5460 
7034 5468 5461 5448 
7035 5457 5459 5461 
7036 9220 5469 5462 
7037 5460 5462 5458 
7038 5471 5472 5791 
7039 6208 5790 6033 
7040 5202 9238 5794 
7041 6038 5479 5480 
7042 5461 5474 5457 
7043 5792 6036 6403 
7044 5791 5460 5458 
7045 5466 5463 5467 
7046 5467 5463 6032 
7047 5789 5467 4524 
7048 5448 5793 5475 
7049 5468 5464 5474 
7050 9220 5462 5457 
7051 5465 6413 5471 
7052 6228 5465 9220 
7053 6210 6208 4951 
7054 5465 5471 5469 
7055 5471 5470 5472 
7056 6035 5472 5470 
7057 5790 6032 6033 
7058 5473 5794 5796 
7059 5464 5475 5477 
7060 5464 6223 5480 
7061 5457 5474 5479 
7062 5448 5475 5468 
7063 5473 5798 5477 
7064 9238 5796 5794 
7065 6219 6225 5478 
7066 5473 5477 5475 
7067 5477 5476 6222 
7068 5476 5798 5801 
7069 5341 6185 6186 
7070 5464 5480 5474 
7071 5807 5500 5806 
7072 6433 6038 5480 
7073 5479 5474 5480 
7074 5482 4973 5210 
7075 5481 5205 5483 
7076 6041 6040 5210 
7077 6045 5482 6043 
7078 6048 5205 6045 
7079 5495 4182 4187 
7080 5481 5483 5484 
7081 4969 5484 5483 
7082 5486 5485 4976 
7083 3270 5485 5206 
7084 5487 5486 4680 
7085 5485 5486 5206 
7086 5487 4680 5490 
7087 4176 5493 4175 
7088 5490 4680 5491 
7089 5804 5805 5488 
7090 5494 5489 4170 
7091 5206 5487 5489 
7092 4680 4972 5491 
7093 5492 5490 5488 
7094 5804 4969 5483 
7095 5488 5490 5491 
7096 5495 5488 4182 
7097 4175 5493 5492 
7098 4170 5489 5493 
7099 5493 5489 5487 
7100 4171 5494 4170 
7101 3271 5496 3269 
7102 5495 4187 4179 
7103 5488 5495 5492 
7104 3270 5206 5496 
7105 5489 5496 5206 
7106 6058 6046 6050 
7107 5601 5603 5607 
7108 4990 5498 4982 
7109 4985 5498 4991 
7110 4991 5806 5501 
7111 5217 5499 5216 
7112 6067 4987 5509 
7113 5808 5503 5504 
7114 4991 5501 5499 
7115 5500 9318 5503 
7116 7557 7113 7314 
7117 6000 5103 5998 
7118 5500 5503 5501 
7119 5503 5502 5504 
7120 6176 6181 5341 
7121 5834 5835 5831 
7122 1664 5511 5514 
7123 5813 5505 9222 
7124 4988 5506 4987 
7125 4986 5224 5506 
7126 4119 5507 4121 
7127 5508 5507 4117 
7128 6073 9248 6072 
7129 5224 5508 5509 
7130 6068 5814 6067 
7131 4987 6067 6069 
7132 5516 5510 4684 
7133 5512 5511 4536 
7134 5512 5510 5227 
7135 5227 4993 9222 
7136 5511 5512 5514 
7137 5810 5816 5505 
7138 5823 5812 5824 
7139 9223 5514 5512 
7140 5817 5513 5816 
7141 5811 5812 5825 
7142 5226 5516 4342 
7143 5510 5516 5227 
7144 4996 5517 4549 
7145 5886 5517 5230 
7146 5519 5518 4687 
7147 5517 5518 5230 
7148 5846 5848 5842 
7149 4687 5520 6078 
7150 4552 5520 4996 
7151 6078 5233 5842 
7152 5522 5521 4999 
7153 5523 5233 5520 
7154 4999 4998 5843 
7155 5522 5250 5844 
7156 5233 5523 5521 
7157 5520 4552 5523 
7158 6083 5262 5535 
7159 5524 5265 6088 
7160 5240 5878 5525 
7161 5879 5525 5878 
7162 5529 5526 5243 
7163 5531 5526 5529 
7164 9825 5530 5532 
7165 5886 5884 5885 
7166 5243 9825 5532 
7167 5528 5531 5533 
7168 5531 5529 5527 
7169 5882 4556 4690 
7170 5230 5884 5886 
7171 5531 5527 5533 
7172 5531 5528 5244 
7173 5243 5532 5529 
7174 5532 5530 5885 
7175 5534 5527 5532 
7176 5527 5259 5533 
7177 5538 5547 5551 
7178 5527 5534 5259 
7179 5855 5842 5854 
7180 5853 5861 5869 
7181 5539 5259 5534 
7182 5540 5533 5259 
7183 5534 5884 5541 
7184 5545 5547 5543 
7185 5545 5543 5537 
7186 5259 5543 5540 
7187 5543 5547 5887 
7188 5855 5858 5519 
7189 5539 5541 6080 
7190 5542 476 5540 
7191 5543 5539 5537 
7192 5887 5542 5540 
7193 5548 5544 5545 
7194 5551 5544 5552 
7195 6085 5548 5545 
7196 5547 5545 5544 
7197 5519 5858 5541 
7198 5847 5850 5856 
7199 5551 5547 5544 
7200 5538 5542 5887 
7201 6085 5545 5537 
7202 5548 5546 9241 
7203 6081 5864 5867 
7204 5890 5536 5889 
7205 5544 5549 5552 
7206 5551 5552 5889 
7207 5538 5551 5550 
7208 5891 6255 5888 
7209 5550 5889 5536 
7210 5554 5246 4146 
7211 4146 6087 9224 
7212 5553 5554 9224 
7213 5238 5525 6086 
7214 5880 5236 5004 
7215 5557 5556 5008 
7216 4376 5556 5248 
7217 5557 5008 5558 
7218 5892 6119 5557 
7219 5898 4577 6092 
7220 5896 5559 5892 
7221 5558 5892 5557 
7222 5249 5902 6092 
7223 9100 5560 4370 
7224 6090 5560 4161 
7225 6505 6279 6503 
7226 5892 5559 6119 
7227 5943 4731 4729 
7228 6115 6114 6104 
7229 5559 5896 5897 
7230 6104 6112 6113 
7231 5947 5564 6124 
7232 5037 5946 5947 
7233 5565 5036 5577 
7234 5564 5565 5270 
7235 5567 5281 5282 
7236 3543 5566 5282 
7237 5568 5567 5278 
7238 1247 5567 5566 
7239 5274 5568 5278 
7240 5281 5568 5283 
7241 5273 5572 5279 
7242 5572 5273 5571 
7243 5281 5570 5276 
7244 5571 5570 5283 
7245 9814 5283 5274 
7246 9652 1665 5573 
7247 9652 5572 5571 
7248 5571 9814 9652 
7249 6134 6127 7251 
7250 5572 5574 5279 
7251 5287 5271 6128 
7252 5284 6516 7006 
7253 5270 5285 5575 
7254 6516 5287 6514 
7255 6295 6133 6514 
7256 5280 5577 5045 
7257 5565 5577 5285 
7258 5062 5060 5578 
7259 5059 5578 5060 
7260 5952 5056 2632 
7261 5579 5056 5580 
7262 5062 2629 5958 
7263 2632 5956 5954 
7264 4431 9225 4429 
7265 5066 9225 4431 
7266 5066 5585 5584 
7267 4736 5583 5962 
7268 5589 5588 6139 
7269 4736 5962 4761 
7270 4762 5293 5586 
7271 5584 5585 5294 
7272 5587 5089 4637 
7273 5294 5585 5586 
7274 5965 5589 4637 
7275 5294 5586 5587 
7276 5965 4637 5088 
7277 5965 5588 5589 
7278 4637 5589 5587 
7279 6301 6139 6140 
7280 5964 4761 5962 
7281 5589 5591 5294 
7282 5964 5591 5590 
7283 5584 5294 5591 
7284 4626 5592 5296 
7285 5299 5302 5592 
7286 9226 4626 9822 
7287 9226 5308 5594 
7288 5629 5622 5628 
7289 5621 5308 5619 
7290 5298 5302 5595 
7291 5596 5595 5302 
7292 5635 5638 5299 
7293 5621 5594 5308 
7294 5598 5070 4764 
7295 4767 5597 5303 
7296 5615 5967 5613 
7297 5967 5600 5598 
7298 5205 5482 6045 
7299 5971 5605 5612 
7300 5603 5600 5599 
7301 5075 5077 5604 
7302 5967 5615 5599 
7303 5601 5612 5605 
7304 5303 5600 5602 
7305 5602 5600 5603 
7306 6148 5607 5603 
7307 5603 5601 5605 
7308 5075 5604 5602 
7309 5077 4767 5604 
7310 5611 5612 5601 
7311 5075 5602 5605 
7312 9273 6057 9272 
7313 6309 6306 6305 
7314 6148 5603 5599 
7315 5606 6306 5609 
7316 6049 6056 6057 
7317 6344 6336 6342 
7318 5606 5609 5607 
7319 6527 5611 5609 
7320 9227 6151 5651 
7321 5635 5594 5630 
7322 6527 5609 5608 
7323 5611 5610 5612 
7324 5636 5629 5973 
7325 5631 5079 5971 
7326 5614 5071 4188 
7327 5613 5304 5615 
7328 4188 4189 5970 
7329 5614 4188 5616 
7330 6147 5615 5304 
7331 5599 5615 5969 
7332 5488 5805 6062 
7333 5614 5617 5304 
7334 6062 5616 5970 
7335 5482 6040 6043 
7336 5619 5618 5081 
7337 5620 5618 5308 
7338 5628 5622 5627 
7339 5626 5619 5627 
7340 5308 5068 5620 
7341 5624 5623 5620 
7342 5081 5627 5619 
7343 5594 5635 5299 
7344 6320 6527 6317 
7345 5972 5634 5978 
7346 5083 5620 5623 
7347 5620 5068 5624 
7348 9823 5068 9822 
7349 5624 4231 4778 
7350 5972 5630 5633 
7351 5665 5666 5664 
7352 5636 5622 5629 
7353 5642 5643 5622 
7354 5628 5627 5081 
7355 5626 5627 5622 
7356 5082 5628 5081 
7357 5628 5079 5629 
7358 5080 5971 5079 
7359 5629 5079 5631 
7360 5633 5630 5621 
7361 5630 5625 5635 
7362 5610 5974 5612 
7363 5636 5639 5632 
7364 5649 5634 5644 
7365 5636 5642 5622 
7366 5619 5633 5621 
7367 5626 5634 5972 
7368 5643 5644 5626 
7369 5634 5626 5644 
7370 5641 5635 5625 
7371 5638 5302 5299 
7372 5973 5629 5631 
7373 9227 5642 5632 
7374 5647 5625 5978 
7375 5662 5314 5659 
7376 5641 5638 5635 
7377 5985 5986 5637 
7378 5974 5639 5973 
7379 5639 5974 5976 
7380 5646 5650 5653 
7381 5649 5979 5645 
7382 5625 5972 5978 
7383 5638 5641 5637 
7384 5632 5642 5636 
7385 5643 5642 5640 
7386 5643 5640 5644 
7387 5622 5643 5626 
7388 9227 5653 5640 
7389 5641 5647 5637 
7390 5650 5644 5640 
7391 5647 5648 5637 
7392 6536 6766 6771 
7393 5649 5645 5978 
7394 5625 5647 5641 
7395 5647 5645 5981 
7396 5649 5652 5656 
7397 5658 5657 5646 
7398 5652 5644 5650 
7399 5644 5652 5649 
7400 5653 9227 5651 
7401 5650 5646 5652 
7402 5639 5976 5977 
7403 5651 5982 5653 
7404 5657 5652 5646 
7405 5657 5656 5652 
7406 5640 5653 5650 
7407 5982 5651 5654 
7408 5977 5632 5639 
7409 6157 6160 6348 
7410 5658 6776 5657 
7411 6347 5669 5675 
7412 5678 6359 5667 
7413 5981 5648 5647 
7414 5658 5646 5982 
7415 5657 5655 9313 
7416 5651 6151 6153 
7417 2283 7821 9285 
7418 5660 4233 9228 
7419 5659 5314 5661 
7420 5966 4636 6145 
7421 5660 5665 5664 
7422 6756 6526 5984 
7423 6140 5661 6143 
7424 4233 5662 5659 
7425 5664 5662 5660 
7426 5666 5673 5671 
7427 6752 6754 6525 
7428 6146 5660 9228 
7429 5664 5663 6753 
7430 5638 5637 5986 
7431 5664 5666 5663 
7432 5668 5677 5667 
7433 5666 5665 5668 
7434 5980 5648 5981 
7435 5671 5663 5666 
7436 5665 6165 5677 
7437 5673 5668 5667 
7438 6359 5678 6351 
7439 5669 5673 5675 
7440 5966 6164 6165 
7441 5985 5648 5678 
7442 5673 5666 5668 
7443 5669 7258 7259 
7444 5674 6544 6546 
7445 6525 6751 6752 
7446 6535 5675 5673 
7447 5671 5673 5669 
7448 9327 9736 9737 
7449 6347 5675 5674 
7450 6535 5673 5667 
7451 6352 4081 6163 
7452 4321 4083 4085 
7453 6540 6539 6541 
7454 5665 5677 5668 
7455 5670 5985 5678 
7456 6352 6351 5648 
7457 5667 5677 5678 
7458 5997 6572 5334 
7459 6557 6560 6349 
7460 9266 501 9258 
7461 5989 5679 5097 
7462 9104 5318 4639 
7463 5682 5681 4444 
7464 5090 5682 4444 
7465 9827 5323 5322 
7466 4451 5323 9826 
7467 5683 4790 5990 
7468 6362 6563 5323 
7469 6369 6572 6174 
7470 4247 5679 5997 
7471 9265 5997 5679 
7472 5694 5692 4806 
7473 5336 5692 5696 
7474 9472 9470 9471 
7475 5699 5700 5693 
7476 4806 9470 5697 
7477 5696 5694 5693 
7478 5698 7833 7842 
7479 5693 5697 5699 
7480 5702 5701 5101 
7481 5696 5101 5336 
7482 4806 5697 5694 
7483 5695 7833 5699 
7484 7834 7510 7841 
7485 6789 7066 7072 
7486 5695 5699 5697 
7487 5700 5699 5698 
7488 7068 7073 7085 
7489 5702 5101 5696 
7490 7067 7070 7066 
7491 5103 5338 5998 
7492 5693 5700 5702 
7493 7067 5702 5700 
7494 6005 6003 6002 
7495 5818 5817 5816 
7496 6007 5704 5103 
7497 6008 4816 4817 
7498 6176 6177 6009 
7499 6192 5705 5341 
7500 9119 5706 4849 
7501 5706 4867 5707 
7502 5909 5908 5915 
7503 6090 5907 5009 
7504 3500 5342 5708 
7505 5708 5342 9231 
7506 6270 6266 6093 
7507 4863 4858 5709 
7508 4878 6012 5344 
7509 5916 5914 5917 
7510 6374 6195 5711 
7511 5710 5711 5345 
7512 5716 5712 5161 
7513 5355 5712 5358 
7514 5713 5372 6196 
7515 5379 5384 5713 
7516 5932 5900 5926 
7517 7149 7144 7147 
7518 5354 5384 5715 
7519 5359 5715 5384 
7520 5712 5716 5358 
7521 5169 5716 5161 
7522 5419 5717 5392 
7523 5376 5717 5395 
7524 5721 5417 5718 
7525 6855 5417 5721 
7526 7395 7773 5399 
7527 7873 7878 7880 
7528 5415 8326 6855 
7529 5720 7394 9418 
7530 9419 5720 9418 
7531 6855 6851 5417 
7532 6881 6878 6880 
7533 5753 5749 5746 
7534 7924 522 7627 
7535 5741 5740 5173 
7536 5742 5740 5436 
7537 5433 5741 5173 
7538 5436 5741 5434 
7539 5436 5435 5742 
7540 9235 5742 5435 
7541 5744 5743 5431 
7542 5434 5741 5743 
7543 9029 9033 9035 
7544 7001 6518 7255 
7545 4928 5745 5180 
7546 5746 5437 4922 
7547 5752 5772 5755 
7548 5181 5745 5746 
7549 5762 5760 9237 
7550 526 5752 5755 
7551 5749 5748 5181 
7552 5750 5438 5752 
7553 5746 5749 5181 
7554 5753 4922 5771 
7555 4925 5750 4909 
7556 5750 4925 5748 
7557 5771 5767 5753 
7558 526 4920 5752 
7559 5758 526 5755 
7560 5759 5760 5734 
7561 5738 5763 5762 
7562 5760 5759 5774 
7563 5767 5438 5749 
7564 5734 5758 5759 
7565 5755 5759 5758 
7566 5747 5776 5771 
7567 5763 5734 5760 
7568 5775 9237 5774 
7569 6885 6206 6881 
7570 5762 5763 5760 
7571 4922 5747 5771 
7572 9236 5755 5772 
7573 5772 5773 9236 
7574 5776 5747 5757 
7575 5771 5776 5773 
7576 5438 5767 5772 
7577 5773 5772 5767 
7578 5771 5773 5767 
7579 5770 5774 9236 
7580 9236 5759 5755 
7581 5774 5770 5775 
7582 5770 5776 7926 
7583 7399 7400 6886 
7584 7926 5776 5757 
7585 5773 5776 5770 
7586 9218 5777 5440 
7587 9123 5777 4934 
7588 4045 5779 4043 
7589 5188 4941 5778 
7590 5780 5779 3767 
7591 5781 5780 3767 
7592 5786 5785 5782 
7593 5783 5781 3767 
7594 510 6031 4053 
7595 5783 3767 4041 
7596 510 5782 5785 
7597 3770 4052 5784 
7598 510 5785 5780 
7599 5781 5783 5784 
7600 5786 5782 4942 
7601 5443 5786 4942 
7602 5442 5786 5189 
7603 5200 5787 5201 
7604 5450 5787 4945 
7605 5447 5788 5448 
7606 5787 5788 5201 
7607 4524 6214 6402 
7608 4519 5456 5789 
7609 5463 5472 6033 
7610 6210 4949 6209 
7611 5466 5791 5463 
7612 5471 5791 5458 
7613 5792 6035 6036 
7614 6405 6625 6403 
7615 5794 5453 5202 
7616 5475 5793 5473 
7617 5202 9219 9238 
7618 5473 5793 5794 
7619 7346 7343 5800 
7620 5798 5476 5477 
7621 5799 5796 5795 
7622 5473 5796 5798 
7623 7346 7347 7345 
7624 5345 5711 6195 
7625 5799 5798 5796 
7626 5801 5798 5797 
7627 5800 5799 5795 
7628 5798 5799 5797 
7629 5936 9246 5942 
7630 5924 5926 5918 
7631 6509 6276 6279 
7632 6222 6217 6219 
7633 6431 6219 6037 
7634 6068 7531 5814 
7635 6242 6241 5497 
7636 5606 5607 6148 
7637 5483 6236 5804 
7638 5488 5491 5804 
7639 6236 5205 6048 
7640 5617 5616 6063 
7641 5806 4989 6070 
7642 5501 5806 5500 
7643 6070 4989 6069 
7644 6186 7104 7296 
7645 5503 5808 5216 
7646 5218 5808 5504 
7647 5504 6065 6064 
7648 1664 5514 5821 
7649 5219 5810 5213 
7650 5816 5810 5220 
7651 5220 5810 5811 
7652 5219 5811 5810 
7653 5827 5836 5838 
7654 5825 5823 5818 
7655 5225 5813 4993 
7656 5214 5505 5813 
7657 6072 5509 5508 
7658 4122 7636 4123 
7659 7542 9248 6074 
7660 5807 6070 6071 
7661 5816 5220 5818 
7662 9222 5816 5513 
7663 5513 5821 5514 
7664 6130 6134 7237 
7665 5839 5840 5819 
7666 5822 5818 5823 
7667 5822 5817 5818 
7668 5822 6247 5817 
7669 5812 6066 5828 
7670 5220 5825 5818 
7671 5812 5828 5824 
7672 5823 5830 5829 
7673 5830 5824 5826 
7674 6246 5837 5515 
7675 5811 5825 5220 
7676 5812 5823 5825 
7677 5834 5826 5828 
7678 5829 5822 5823 
7679 6075 5827 5837 
7680 5830 5836 5827 
7681 5834 5828 5809 
7682 5826 5824 5828 
7683 5830 5823 5824 
7684 5837 5827 5838 
7685 6932 5836 5830 
7686 5829 5830 5827 
7687 9403 6064 6065 
7688 6680 6454 6077 
7689 1664 5821 6245 
7690 6075 5822 5829 
7691 6680 6935 6249 
7692 6005 5703 6003 
7693 5835 5834 5809 
7694 5834 5831 6933 
7695 6373 7305 7098 
7696 5704 6007 4816 
7697 6932 5830 5826 
7698 5817 6247 5821 
7699 5837 5841 5515 
7700 6076 5836 5833 
7701 5839 5841 5840 
7702 5841 5837 5838 
7703 5515 5832 6246 
7704 6076 5840 5841 
7705 5840 6076 6077 
7706 5841 5838 6076 
7707 5515 5841 5839 
7708 5522 5844 5233 
7709 5854 5842 5848 
7710 5014 5843 4998 
7711 5013 5522 5843 
7712 6079 5250 5017 
7713 5233 5844 5846 
7714 4687 6078 5855 
7715 5233 5846 5842 
7716 5845 5849 5844 
7717 5849 5847 5848 
7718 5850 5847 5849 
7719 5868 5875 9241 
7720 5849 5848 5846 
7721 6081 5854 5848 
7722 5844 5849 5846 
7723 5849 5845 5850 
7724 5845 5852 5850 
7725 5862 5852 4726 
7726 5847 5856 5864 
7727 5876 6085 6080 
7728 5852 5845 6079 
7729 5860 5853 5856 
7730 5862 5860 5852 
7731 5871 5870 5857 
7732 6081 5848 5847 
7733 5854 5851 5855 
7734 5855 5851 5858 
7735 4687 5855 5519 
7736 5860 5850 5852 
7737 5864 5856 9242 
7738 5863 4726 9239 
7739 5866 5871 5874 
7740 5851 5868 5876 
7741 5539 6080 5537 
7742 5877 9242 5869 
7743 5867 5868 5851 
7744 5860 5856 5850 
7745 5861 5860 5857 
7746 5872 5865 5869 
7747 5875 6259 9241 
7748 5863 5862 4726 
7749 5860 5862 5857 
7750 9240 4723 5021 
7751 5871 5873 5874 
7752 9242 5856 5853 
7753 5867 5864 5859 
7754 5857 5870 5861 
7755 5895 5898 5893 
7756 5535 5524 6250 
7757 5869 5861 5872 
7758 5868 5867 5859 
7759 5851 5854 6081 
7760 5859 9243 5868 
7761 5868 5546 5876 
7762 5861 5870 5872 
7763 5869 5865 5877 
7764 5871 5857 5863 
7765 5870 5866 5872 
7766 5873 5871 5863 
7767 5866 5870 5871 
7768 6084 6948 5874 
7769 5524 6252 6250 
7770 9239 9240 5863 
7771 5873 5264 5874 
7772 6083 5264 5262 
7773 6083 6084 5874 
7774 9243 9242 5877 
7775 5888 6255 6260 
7776 5546 5548 6085 
7777 5851 5876 5858 
7778 6263 6259 6262 
7779 5868 9243 5875 
7780 5235 5878 5240 
7781 5879 5878 5239 
7782 5239 9133 5880 
7783 6253 6086 5525 
7784 5555 5879 5880 
7785 5239 5880 5879 
7786 4690 4691 5882 
7787 6087 5555 9224 
7788 5530 5886 5885 
7789 6254 6457 6682 
7790 7228 9324 7227 
7791 5885 5884 5534 
7792 5519 5884 5230 
7793 5532 5885 5534 
7794 5882 5886 5530 
7795 5882 4691 5886 
7796 5886 4691 5517 
7797 5543 5887 5540 
7798 5538 5887 5547 
7799 5875 6262 6259 
7800 5536 5890 6256 
7801 5551 5889 5550 
7802 5890 5889 5552 
7803 6257 5552 5549 
7804 6257 6256 5890 
7805 5558 5895 5892 
7806 6256 6089 6255 
7807 5561 5904 5910 
7808 6106 6103 6105 
7809 5900 9245 5899 
7810 5894 5899 9245 
7811 5898 5895 5558 
7812 5899 5895 5893 
7813 5895 5896 5892 
7814 5896 5894 5897 
7815 5932 5933 9245 
7816 5897 5894 6099 
7817 4577 5898 5558 
7818 5561 5916 5917 
7819 5900 5899 5893 
7820 5896 5899 5894 
7821 5910 5916 5561 
7822 6014 6620 5714 
7823 6091 5912 5901 
7824 4867 9232 5707 
7825 5905 5904 5902 
7826 6092 5561 5898 
7827 5903 5904 5905 
7828 5710 5345 6271 
7829 5905 5902 5009 
7830 9244 5910 5904 
7831 5009 5907 5905 
7832 5909 5907 5911 
7833 5920 5903 5909 
7834 5931 5939 5928 
7835 6090 5009 5560 
7836 5908 5911 5912 
7837 4863 5709 6267 
7838 5907 5909 5905 
7839 5915 5908 5919 
7840 5903 5905 5909 
7841 9244 5904 5903 
7842 5916 5910 6095 
7843 5911 5901 5912 
7844 5908 5909 5911 
7845 6090 6091 5901 
7846 9234 6265 5707 
7847 5929 5140 6097 
7848 5915 5920 5909 
7849 5921 5924 5925 
7850 5893 5917 5918 
7851 6265 9234 5912 
7852 5915 5913 5920 
7853 6095 5910 5906 
7854 5914 5918 5917 
7855 5893 5898 5917 
7856 5561 5917 5898 
7857 5924 5918 5914 
7858 5900 5893 5918 
7859 4863 6267 6266 
7860 5915 5919 6270 
7861 5927 5913 5929 
7862 5903 5920 5923 
7863 5914 5925 5924 
7864 5942 9246 5941 
7865 6273 5925 5906 
7866 5906 5910 9244 
7867 5927 5923 5920 
7868 5923 6275 6274 
7869 5925 5914 6095 
7870 5924 5921 5926 
7871 5906 6274 6273 
7872 6098 5929 6097 
7873 6701 5921 6972 
7874 6603 6602 6606 
7875 6269 6270 6093 
7876 5927 5922 6275 
7877 6956 5940 6952 
7878 5926 5921 5931 
7879 6097 5140 5710 
7880 5927 5929 6098 
7881 5930 5935 5937 
7882 6101 6099 6102 
7883 5921 6701 5939 
7884 5935 5931 5928 
7885 5931 5932 5926 
7886 5932 5930 6105 
7887 5937 5936 6107 
7888 6099 5933 6102 
7889 6278 6279 6276 
7890 6952 5940 6951 
7891 5928 9246 5937 
7892 5932 5935 5930 
7893 5939 5941 5928 
7894 5897 6099 6101 
7895 5928 5937 5935 
7896 5937 6107 6106 
7897 5938 6107 6109 
7898 5938 6109 6111 
7899 5921 5939 5931 
7900 5934 6951 5941 
7901 6508 6279 6505 
7902 6959 5940 6956 
7903 5934 5941 5939 
7904 5941 5940 5942 
7905 6958 6955 6953 
7906 6014 5714 6196 
7907 5944 5943 4729 
7908 5562 5943 6121 
7909 6118 5944 4729 
7910 5559 5897 6120 
7911 5562 6285 6284 
7912 9290 6287 6511 
7913 5565 5946 5041 
7914 5947 5946 5564 
7915 6522 6999 7002 
7916 5042 5044 6123 
7917 6288 6289 6291 
7918 5270 5575 7006 
7919 6289 5947 6124 
7920 6288 5055 6125 
7921 5950 6126 6127 
7922 5950 6127 6131 
7923 5574 6292 6127 
7924 5954 5952 2632 
7925 5580 5056 5952 
7926 5329 5992 5687 
7927 6750 5958 5959 
7928 5954 5956 5953 
7929 5954 5953 5959 
7930 2632 5955 5956 
7931 484 6298 5955 
7932 9249 9253 9250 
7933 6524 9254 6749 
7934 5957 5960 9714 
7935 2629 5580 5958 
7936 5580 5954 5959 
7937 6523 6524 5953 
7938 6750 5959 6749 
7939 6297 6298 484 
7940 4191 6750 9257 
7941 6297 484 5687 
7942 5583 5584 5962 
7943 5590 6137 5964 
7944 5962 5584 5964 
7945 6137 5963 5964 
7946 5964 5584 5591 
7947 5659 5965 5088 
7948 5661 5588 5965 
7949 5596 5986 6164 
7950 6146 5966 6165 
7951 5967 5599 5600 
7952 5613 5967 4764 
7953 5617 6238 6234 
7954 6051 6042 6044 
7955 6304 5615 6147 
7956 6304 6149 6303 
7957 6062 5970 4182 
7958 4188 5970 5616 
7959 5605 5971 5075 
7960 5612 5631 5971 
7961 5630 5972 5625 
7962 5626 5972 5633 
7963 5974 5973 5631 
7964 5636 5973 5639 
7965 5612 5974 5631 
7966 6328 5976 5974 
7967 6311 5608 6306 
7968 6155 5654 6153 
7969 6328 5974 5610 
7970 5976 5975 5977 
7971 6150 6531 6325 
7972 5632 5977 6151 
7973 5649 5978 5634 
7974 5647 5978 5645 
7975 5649 5656 5979 
7976 5979 5656 5980 
7977 4088 4083 5676 
7978 6351 5678 5648 
7979 5645 5979 5981 
7980 5980 5981 5979 
7981 5653 5982 5646 
7982 6348 5982 5654 
7983 6543 6551 6552 
7984 6348 6160 5658 
7985 6756 6300 6299 
7986 4625 6138 6302 
7987 5986 5985 5670 
7988 5648 5985 5637 
7989 6164 5986 5670 
7990 5596 5638 5986 
7991 5987 6558 6557 
7992 9271 9716 5691 
7993 4451 4091 5323 
7994 6365 9287 6783 
7995 4782 5092 6167 
7996 5997 9265 9263 
7997 5321 5682 5990 
7998 5991 5990 5682 
7999 5991 5090 4442 
8000 5990 5991 5683 
8001 5691 5989 6361 
8002 4451 6169 4091 
8003 9249 9255 9253 
8004 6523 6298 9250 
8005 4247 5097 5679 
8006 5691 5679 5989 
8007 5999 5338 4812 
8008 6000 5998 5703 
8009 5703 5998 5999 
8010 5999 5998 5338 
8011 5703 6001 6003 
8012 6179 6009 6178 
8013 5701 7063 7065 
8014 5703 5999 6001 
8015 9314 7062 7064 
8016 7087 7090 7291 
8017 7065 6001 5101 
8018 6002 6004 6005 
8019 7074 7077 7082 
8020 6587 6184 6585 
8021 6574 6005 6004 
8022 6000 5703 6005 
8023 4810 6006 4809 
8024 5338 6006 4804 
8025 5705 6176 5341 
8026 6178 6009 6177 
8027 6006 6008 4809 
8028 4816 6008 5704 
8029 6175 6007 5103 
8030 6007 6175 6179 
8031 6010 6192 6186 
8032 6194 5120 6193 
8033 9120 6011 4858 
8034 5344 6011 4872 
8035 5711 6012 4878 
8036 5710 5344 6012 
8037 6374 6013 6195 
8038 6217 6220 6037 
8039 6395 5390 6599 
8040 6841 6620 6014 
8041 9425 9421 9423 
8042 4666 6030 3104 
8043 4053 6030 4051 
8044 5781 5784 6031 
8045 6030 6031 5784 
8046 6033 6032 5463 
8047 6032 5790 6034 
8048 6035 6033 5472 
8049 6025 4956 6401 
8050 6209 6034 5790 
8051 6214 6213 4099 
8052 6036 6035 5470 
8053 6033 6035 5792 
8054 6216 6412 6413 
8055 6215 6403 6404 
8056 5801 5797 6430 
8057 6227 6221 6431 
8058 6433 5480 5478 
8059 6039 6038 5802 
8060 6229 6039 6232 
8061 6229 5465 6228 
8062 6041 5210 4980 
8063 6044 6043 6040 
8064 5497 6241 4980 
8065 6241 6240 6041 
8066 6044 6042 6043 
8067 6048 6238 6063 
8068 6044 6040 5803 
8069 6043 6042 6045 
8070 6050 6044 5803 
8071 6051 6050 6054 
8072 6042 6239 6237 
8073 5805 6236 6048 
8074 6240 5803 6041 
8075 6305 5606 6303 
8076 6239 6051 6052 
8077 6147 6234 6235 
8078 6045 6237 6048 
8079 6237 6238 6048 
8080 6056 6049 6054 
8081 6049 6052 6051 
8082 5803 6240 6058 
8083 6054 6050 6046 
8084 6050 6051 6044 
8085 9272 5968 9273 
8086 6235 6052 5968 
8087 6052 6235 6239 
8088 6434 6053 6240 
8089 6055 6243 6061 
8090 6243 6056 6054 
8091 6051 6054 6049 
8092 6046 6058 6060 
8093 6326 6760 6759 
8094 6243 6054 6046 
8095 6056 6055 6314 
8096 6312 6316 6307 
8097 5969 6303 5606 
8098 5803 6058 6050 
8099 6053 6439 6060 
8100 6242 6434 6241 
8101 6244 6649 6653 
8102 6053 6060 6058 
8103 6060 6059 6061 
8104 6061 6059 6648 
8105 6310 6314 6315 
8106 5488 6062 4182 
8107 6063 6062 5805 
8108 6062 6063 5616 
8109 6048 6063 5805 
8110 6065 5504 5502 
8111 5809 5828 6066 
8112 6185 6372 6183 
8113 7308 7311 9403 
8114 5218 6066 5812 
8115 5809 6066 6064 
8116 6068 6067 5509 
8117 6069 6067 5814 
8118 6072 6068 5509 
8119 7533 7537 7531 
8120 6070 6069 5814 
8121 6069 4989 4990 
8122 6071 6070 5814 
8123 6070 5807 5806 
8124 6229 6232 6231 
8125 6794 6183 6191 
8126 6073 6072 5508 
8127 6072 5815 7533 
8128 5508 4123 6073 
8129 4123 6074 9248 
8130 7179 7184 4126 
8131 4964 9303 4959 
8132 6075 5832 6245 
8133 6075 5829 5827 
8134 5836 6076 5838 
8135 6077 6076 5833 
8136 5833 6681 6680 
8137 6077 6450 5840 
8138 5233 6078 5520 
8139 5855 6078 5842 
8140 5852 6079 5017 
8141 5844 6079 5845 
8142 5541 5858 6080 
8143 5876 6080 5858 
8144 5864 6081 5847 
8145 5851 6081 5867 
8146 6492 6493 6456 
8147 6458 5267 6261 
8148 6084 6083 5535 
8149 5264 6083 5874 
8150 6250 6084 5535 
8151 6500 6949 6698 
8152 6080 6085 5537 
8153 5546 6085 5876 
8154 6253 5525 5879 
8155 5881 5238 6086 
8156 4146 5881 6087 
8157 6253 5881 6086 
8158 6682 6457 6088 
8159 6252 6082 6250 
8160 6257 5549 6259 
8161 6260 6261 5888 
8162 6091 6090 4161 
8163 5907 6090 5901 
8164 4161 3516 6091 
8165 3516 3519 6264 
8166 5249 6092 4577 
8167 5561 6092 5902 
8168 6268 6093 6267 
8169 6268 5140 6269 
8170 6277 6280 6281 
8171 6273 6278 6972 
8172 5916 6095 5914 
8173 5906 5925 6095 
8174 6503 6502 6277 
8175 6271 6272 6094 
8176 6271 6097 5710 
8177 6098 5922 5927 
8178 6097 6094 6098 
8179 6280 6098 6094 
8180 9245 6099 5894 
8181 6100 6102 6103 
8182 6108 6111 6109 
8183 6114 6101 6112 
8184 6112 6101 6100 
8185 5268 5897 6101 
8186 6103 6102 5933 
8187 6100 6101 6102 
8188 6105 6103 5933 
8189 5938 6111 6116 
8190 6286 6113 6100 
8191 5945 6115 6282 
8192 5932 6105 5933 
8193 6106 6105 5930 
8194 5937 6106 5930 
8195 6103 6106 5938 
8196 5936 9312 6109 
8197 5938 6106 6107 
8198 9312 5942 6963 
8199 6014 5390 6395 
8200 5936 6109 6107 
8201 6108 6110 6111 
8202 6959 5942 5940 
8203 6283 5563 6282 
8204 6111 6110 6117 
8205 5938 6116 6103 
8206 6113 6112 6100 
8207 6114 6112 6104 
8208 6703 6286 6117 
8209 6283 6282 6104 
8210 6282 6115 6104 
8211 6101 6114 5268 
8212 5025 6284 5945 
8213 5268 6285 5562 
8214 6116 6111 6117 
8215 6100 6103 6116 
8216 6199 6603 6604 
8217 6706 6707 6283 
8218 4376 6118 4729 
8219 6119 6118 5248 
8220 5559 5944 6119 
8221 6118 6119 5944 
8222 5897 5268 6120 
8223 6121 6120 5268 
8224 5562 6121 5268 
8225 5943 5944 6121 
8226 6706 6283 6702 
8227 6710 6122 6713 
8228 5037 5949 6123 
8229 6123 5949 6125 
8230 5270 7005 7257 
8231 9275 5948 6291 
8232 5054 6125 5055 
8233 6123 6125 5042 
8234 6127 6126 5574 
8235 6128 6126 5950 
8236 6292 5574 5573 
8237 6134 6130 6131 
8238 6128 5950 6295 
8239 5279 6128 5271 
8240 1665 6294 5573 
8241 7490 7249 7491 
8242 6741 6987 6989 
8243 6516 5576 7006 
8244 6129 7250 7251 
8245 6131 6130 6133 
8246 6992 6994 6990 
8247 6988 6990 6994 
8248 6515 6133 6517 
8249 6295 6514 5287 
8250 6127 6134 6131 
8251 6134 6132 7237 
8252 6743 6997 7984 
8253 6522 5576 6747 
8254 6136 6297 5992 
8255 9250 9251 9249 
8256 6138 6137 5590 
8257 4625 5963 6137 
8258 6139 6138 5590 
8259 6143 6144 6301 
8260 5591 6139 5590 
8261 6139 5588 6140 
8262 5588 5661 6140 
8263 6143 5314 6141 
8264 5314 6143 5661 
8265 5984 6142 6300 
8266 6139 6301 6138 
8267 6144 6143 6141 
8268 6141 6751 6144 
8269 6144 6302 6301 
8270 9230 6145 4636 
8271 9134 6145 3651 
8272 5660 6146 5665 
8273 4636 5966 6146 
8274 6234 5304 5617 
8275 9272 6304 5968 
8276 5599 5969 6148 
8277 5606 6148 5969 
8278 9272 6149 6304 
8279 6305 6306 5606 
8280 6311 6317 5608 
8281 6154 6157 6155 
8282 5977 6152 6151 
8283 6153 5654 5651 
8284 6531 5977 5975 
8285 6156 6152 6150 
8286 6152 6346 6151 
8287 6161 6150 6530 
8288 6161 6154 6156 
8289 6162 6154 6161 
8290 6153 6151 6346 
8291 6154 6159 6157 
8292 6154 6155 6156 
8293 6155 6153 6346 
8294 6538 6157 6159 
8295 5654 6155 6157 
8296 5975 5976 6328 
8297 6159 6162 6763 
8298 6159 6154 6162 
8299 6764 6766 6768 
8300 9073 4321 9059 
8301 4332 3373 7687 
8302 6150 6161 6156 
8303 6161 6158 6162 
8304 6770 7012 7016 
8305 7817 6350 7815 
8306 9313 5656 5657 
8307 6160 6537 5658 
8308 6165 6164 5670 
8309 5596 6164 5966 
8310 5677 6165 5670 
8311 6165 5665 6146 
8312 5988 6166 357 
8313 6167 6166 5987 
8314 6167 5987 6556 
8315 4782 6167 5989 
8316 9264 501 9266 
8317 9292 6166 5988 
8318 5992 5993 9251 
8319 9261 5680 9258 
8320 9261 5992 6369 
8321 6573 6574 6370 
8322 6180 6182 6187 
8323 6177 5705 4818 
8324 6182 6181 6176 
8325 6371 4818 4819 
8326 6177 6371 6178 
8327 4816 6007 6178 
8328 6179 6178 6007 
8329 6000 6573 6175 
8330 6187 6182 6188 
8331 6180 6181 6182 
8332 6065 5502 6792 
8333 6182 6176 6009 
8334 6372 6185 6181 
8335 6179 6188 6009 
8336 6576 6175 6573 
8337 6187 6190 6180 
8338 7195 7197 7181 
8339 6583 6370 6575 
8340 6372 6190 6191 
8341 6372 6181 6180 
8342 6185 6183 6186 
8343 6429 6422 6426 
8344 6795 7101 7104 
8345 6182 6009 6188 
8346 6184 6587 6190 
8347 6576 6179 6175 
8348 6184 6187 6188 
8349 6579 6585 6184 
8350 6792 7308 6065 
8351 6184 6190 6187 
8352 6190 6189 6191 
8353 6587 6589 6189 
8354 6189 7109 6790 
8355 6186 6192 5341 
8356 6192 6010 6193 
8357 6194 6193 6010 
8358 5120 5124 6193 
8359 7296 6194 6010 
8360 5129 6194 5128 
8361 6374 5711 4876 
8362 6391 6594 6390 
8363 6196 5714 6197 
8364 5372 6014 6196 
8365 6198 6197 5714 
8366 5713 6197 5379 
8367 5714 6620 7135 
8368 7139 7141 6198 
8369 6395 6599 6199 
8370 7389 6840 7150 
8371 6625 6025 5792 
8372 6033 5792 6025 
8373 6025 6208 6033 
8374 6401 4956 4958 
8375 6210 6209 5790 
8376 6211 6209 4949 
8377 6208 6210 5790 
8378 4949 6210 4951 
8379 6212 6211 4949 
8380 6211 4099 6213 
8381 4950 6212 4949 
8382 9274 4100 4098 
8383 4524 6034 6213 
8384 6213 6034 6209 
8385 4333 6214 4099 
8386 4095 4523 6402 
8387 6412 6036 5470 
8388 6410 6411 6408 
8389 6233 6230 6232 
8390 6216 6229 6231 
8391 6430 6218 6643 
8392 6219 6217 6037 
8393 6643 6218 6220 
8394 6227 6037 6226 
8395 6431 6225 6219 
8396 6222 6219 5478 
8397 6643 6217 5801 
8398 7123 6226 6220 
8399 6220 6226 6037 
8400 6799 6393 7512 
8401 6222 5478 6223 
8402 6217 6222 5476 
8403 5480 6223 5478 
8404 5477 6223 5464 
8405 6506 6505 6503 
8406 6374 6379 6381 
8407 6432 6225 6221 
8408 6433 6225 6432 
8409 7123 6220 6218 
8410 6224 7729 6226 
8411 6593 6797 6798 
8412 6427 6895 6425 
8413 5479 6039 6228 
8414 6229 6228 6039 
8415 6232 6039 6233 
8416 6229 6216 6413 
8417 6798 6807 6804 
8418 6635 6633 6634 
8419 6416 6419 6641 
8420 6412 6414 6036 
8421 6233 6039 5802 
8422 6231 6232 6230 
8423 6432 5802 6433 
8424 6427 6425 6426 
8425 6235 6234 6047 
8426 6147 5304 6234 
8427 6235 6047 6239 
8428 6147 6235 5968 
8429 5804 6236 5805 
8430 5205 6236 5483 
8431 6042 6237 6045 
8432 6238 6237 6047 
8433 6234 6238 6047 
8434 6238 5617 6063 
8435 6237 6239 6047 
8436 6051 6239 6042 
8437 6041 4980 6241 
8438 6058 6240 6053 
8439 6242 5497 5209 
8440 6240 6241 6434 
8441 6435 6437 6444 
8442 6440 6059 6439 
8443 6056 6243 6055 
8444 6060 6243 6046 
8445 6053 6434 6438 
8446 9304 6663 6665 
8447 6245 5821 6247 
8448 5832 1664 6245 
8449 5832 6075 6246 
8450 5837 6246 6075 
8451 5822 6075 6247 
8452 6245 6247 6075 
8453 6452 5819 6450 
8454 5819 5840 6450 
8455 6249 7059 6454 
8456 7312 5835 7311 
8457 6088 6455 6252 
8458 6084 6250 6082 
8459 6088 5883 6455 
8460 6455 6456 6251 
8461 6088 6252 5524 
8462 6082 6252 6251 
8463 5555 6253 5879 
8464 5881 6253 6087 
8465 6716 6715 6712 
8466 7219 6683 7217 
8467 6256 6255 5891 
8468 6089 6464 6260 
8469 5536 6256 5891 
8470 5552 6257 5890 
8471 5549 9241 6259 
8472 6089 6256 6257 
8473 6263 6501 6684 
8474 6459 6460 6465 
8475 5875 9243 6262 
8476 6257 6259 6495 
8477 6089 6260 6255 
8478 6258 6458 6261 
8479 5865 6496 5877 
8480 6258 6261 6260 
8481 6495 6263 6089 
8482 6262 6496 6263 
8483 6498 6497 5865 
8484 5912 6091 6264 
8485 3516 6264 6091 
8486 5912 6264 6265 
8487 3508 6265 6264 
8488 9233 6266 5919 
8489 4863 6266 4859 
8490 6268 6267 5709 
8491 6266 6267 6093 
8492 5709 5140 6268 
8493 6269 5140 5929 
8494 5913 6269 5929 
8495 6093 6268 6269 
8496 6269 5913 6270 
8497 5915 6270 5913 
8498 6272 6271 5345 
8499 6097 6271 6094 
8500 6195 6594 6595 
8501 6390 6013 6388 
8502 5906 9244 6274 
8503 6278 6273 6096 
8504 5923 5927 6275 
8505 6273 6274 6502 
8506 6277 6275 5922 
8507 6274 6275 6502 
8508 6503 6096 6502 
8509 6972 6700 6701 
8510 6280 5922 6098 
8511 6094 6281 6280 
8512 6279 6278 6096 
8513 6278 6276 6972 
8514 6195 6013 6594 
8515 6508 6509 6279 
8516 6281 6094 6272 
8517 5922 6280 6277 
8518 6596 6598 6272 
8519 6096 6503 6279 
8520 6283 6104 6113 
8521 5945 6282 5563 
8522 6702 6113 6703 
8523 6113 6702 6283 
8524 5562 6284 5025 
8525 6115 5945 6284 
8526 6114 6285 5268 
8527 6284 6285 6115 
8528 6100 6116 6286 
8529 6117 6286 6116 
8530 5563 6511 5945 
8531 6287 6122 6709 
8532 6288 4166 5055 
8533 6289 6288 5949 
8534 5037 6289 5949 
8535 6291 4166 6288 
8536 7003 5576 6522 
8537 9275 6291 6124 
8538 6294 6293 6129 
8539 6292 6129 7251 
8540 7491 5951 7490 
8541 5573 6294 6292 
8542 6293 6294 1665 
8543 6129 6292 6294 
8544 6128 6295 5287 
8545 6131 6295 5950 
8546 6130 6517 6133 
8547 6522 6747 6520 
8548 5992 6297 5687 
8549 6298 6297 6136 
8550 6298 6136 9250 
8551 5955 6298 5956 
8552 6525 6757 6751 
8553 6757 6526 6756 
8554 6302 6300 6142 
8555 6299 6300 6144 
8556 6143 6301 6140 
8557 6144 6300 6302 
8558 4625 6302 6142 
8559 6138 6301 6302 
8560 6304 6303 5969 
8561 6305 6303 6149 
8562 5615 6304 5969 
8563 5968 6304 6147 
8564 6307 6149 9272 
8565 5609 6306 5608 
8566 6307 6305 6149 
8567 6305 6307 6309 
8568 6312 6314 6310 
8569 6316 6309 6307 
8570 6322 6319 6316 
8571 6323 6325 5975 
8572 6307 6057 6312 
8573 6309 6319 6311 
8574 6055 6061 9284 
8575 6310 6315 6321 
8576 6309 6311 6306 
8577 6317 6311 6761 
8578 6314 6312 6057 
8579 6312 6310 6316 
8580 6530 6528 6529 
8581 6328 6323 5975 
8582 6056 6314 6057 
8583 6314 6055 6315 
8584 6321 6315 6329 
8585 7204 6321 6329 
8586 6330 6310 6321 
8587 6311 6319 6308 
8588 6761 6311 6308 
8589 6320 6317 6313 
8590 7202 7203 6334 
8591 6762 7018 7017 
8592 6309 6316 6319 
8593 6316 6310 6322 
8594 6320 6313 6323 
8595 5610 5611 6527 
8596 6315 9284 6329 
8597 6321 6318 6330 
8598 6332 6322 6330 
8599 6319 6322 6333 
8600 6326 6323 6313 
8601 6326 6325 6323 
8602 6337 6327 6761 
8603 6319 6333 6308 
8604 6324 6528 6325 
8605 6531 6150 6152 
8606 6759 6760 6327 
8607 6325 6326 6324 
8608 6334 6330 6318 
8609 6336 6532 6339 
8610 5610 6320 6328 
8611 6328 6320 6323 
8612 6648 6647 6329 
8613 6647 6920 6329 
8614 6334 6332 6330 
8615 6310 6330 6322 
8616 6656 6335 6920 
8617 6760 6761 6327 
8618 6338 6332 6331 
8619 6337 6308 6333 
8620 6332 6341 6322 
8621 6338 6341 6332 
8622 6334 6318 7202 
8623 6331 6332 6334 
8624 6655 6653 6652 
8625 6656 6651 6661 
8626 6336 6338 6342 
8627 6530 6150 6528 
8628 6341 6337 6333 
8629 6341 6339 6337 
8630 7207 6342 6338 
8631 6339 6341 6336 
8632 6345 6532 6344 
8633 6532 6533 6339 
8634 6335 9304 7208 
8635 6676 6662 6670 
8636 6341 6333 6322 
8637 6341 6338 6336 
8638 7207 6338 6331 
8639 6340 6923 6344 
8640 6672 6677 6676 
8641 6345 7011 6534 
8642 6340 6344 6342 
8643 6344 6343 6345 
8644 6764 6768 6770 
8645 6533 6327 6339 
8646 6152 6156 6346 
8647 6155 6346 6156 
8648 9270 9715 5317 
8649 447 6565 9287 
8650 5982 6348 5658 
8651 6157 6348 5654 
8652 7034 7036 7037 
8653 7267 4081 5980 
8654 7505 7681 7682 
8655 5096 6561 5988 
8656 6352 5648 5980 
8657 6351 6163 6359 
8658 7281 7059 7697 
8659 6163 6351 6352 
8660 7023 5655 6776 
8661 6363 6553 6554 
8662 5656 9313 7267 
8663 6163 6353 6542 
8664 7686 7687 7683 
8665 7052 7042 7278 
8666 4085 4088 4082 
8667 6353 6163 4081 
8668 6361 6167 6556 
8669 6355 6358 6360 
8670 5093 6563 5096 
8671 5684 6358 6169 
8672 6554 7029 6363 
8673 6535 5674 5675 
8674 5684 6564 6365 
8675 6360 5684 6365 
8676 6561 6362 6355 
8677 6169 6358 4091 
8678 6360 6366 6355 
8679 6347 7268 7258 
8680 6548 6546 6543 
8681 6549 6551 6547 
8682 4087 4082 4086 
8683 4324 4080 6553 
8684 6560 6785 6559 
8685 6783 6366 6365 
8686 5334 6369 5329 
8687 9261 6369 6174 
8688 6370 6574 6575 
8689 6576 6184 6188 
8690 6178 6371 4816 
8691 4818 6371 6177 
8692 6190 6372 6180 
8693 6183 6372 6191 
8694 7094 7092 7093 
8695 6420 6422 6429 
8696 6375 4876 4877 
8697 6374 4876 6375 
8698 6377 6378 6376 
8699 7514 5130 7513 
8700 6013 6381 6388 
8701 6379 6374 6375 
8702 6378 6377 4874 
8703 6379 6377 6376 
8704 4874 4875 6380 
8705 6378 5132 7514 
8706 6386 6379 6376 
8707 6013 6374 6381 
8708 6383 6380 4871 
8709 5132 6378 6380 
8710 6379 6386 6385 
8711 6379 6385 6381 
8712 6376 6392 6393 
8713 6393 6382 6386 
8714 6383 4871 5122 
8715 5132 6383 5125 
8716 6385 6797 7114 
8717 6834 6832 7126 
8718 6797 6385 6382 
8719 6388 6385 6384 
8720 7514 6376 6378 
8721 6385 6386 6382 
8722 5127 6387 5126 
8723 5125 6383 6387 
8724 6385 6388 6381 
8725 6384 7115 6390 
8726 7114 6814 6384 
8727 6901 6900 6430 
8728 6384 6390 6388 
8729 6390 6389 6391 
8730 6596 6391 9294 
8731 6596 5345 6595 
8732 6186 7292 7104 
8733 6794 6796 6183 
8734 6376 6393 6386 
8735 6393 6392 7512 
8736 7513 7299 7297 
8737 7306 6591 6792 
8738 6599 5390 5383 
8739 6621 6395 6199 
8740 6621 6199 6840 
8741 5714 7135 7139 
8742 6880 6878 5738 
8743 4951 6208 6401 
8744 6401 6208 6025 
8745 4524 6402 5789 
8746 4095 6402 6214 
8747 6404 6403 6036 
8748 6405 6403 6215 
8749 6418 6415 6417 
8750 9299 8037 9300 
8751 6406 6405 6215 
8752 4956 6025 6625 
8753 6411 6410 6215 
8754 6407 6406 4960 
8755 6407 4963 4958 
8756 6406 6407 6405 
8757 9288 6449 6903 
8758 6406 6215 6410 
8759 6631 6628 6626 
8760 4960 6409 6626 
8761 6411 6215 6404 
8762 6409 6410 6408 
8763 6414 6416 6404 
8764 6641 6411 6404 
8765 6413 6412 5470 
8766 6414 6412 6216 
8767 5471 6413 5470 
8768 6413 5465 6229 
8769 6417 6216 6231 
8770 6036 6414 6404 
8771 6415 6418 6421 
8772 6424 6419 6415 
8773 6417 6416 6414 
8774 6416 6415 6419 
8775 6216 6417 6414 
8776 6417 6231 6418 
8777 6230 6422 6231 
8778 6418 6422 6421 
8779 6421 6424 6415 
8780 6632 6627 6638 
8781 6230 6426 6422 
8782 7777 6428 7403 
8783 6418 6231 6422 
8784 6424 6421 7927 
8785 6426 6230 6427 
8786 6420 6421 6422 
8787 6428 6899 7403 
8788 6914 7163 6679 
8789 7927 6421 6420 
8790 6424 6423 9299 
8791 7728 7732 6227 
8792 7727 9404 7317 
8793 6427 6230 6233 
8794 6429 6426 7160 
8795 6432 6427 6233 
8796 6895 6427 6896 
8797 6810 9308 6806 
8798 7777 6420 6428 
8799 7160 6426 6425 
8800 6420 6429 6428 
8801 6901 6902 6644 
8802 6430 5797 6901 
8803 6227 6431 6037 
8804 6221 6225 6431 
8805 6642 6895 6896 
8806 6233 5802 6432 
8807 6038 6433 5802 
8808 5478 6225 6433 
8809 6434 6242 6437 
8810 6436 6438 6437 
8811 6242 5209 6645 
8812 6448 6449 9288 
8813 6446 6440 6445 
8814 6438 6439 6053 
8815 6242 6645 6444 
8816 6436 6437 6435 
8817 6437 6438 6434 
8818 6439 6438 6436 
8819 6440 6439 6436 
8820 6439 6059 6060 
8821 6445 6435 9288 
8822 6440 6436 6445 
8823 4960 6626 4964 
8824 6893 6632 6892 
8825 6442 6244 6647 
8826 6059 6440 6442 
8827 6448 6435 6444 
8828 6442 6446 6649 
8829 6242 6444 6437 
8830 6892 6448 6444 
8831 6435 6445 6436 
8832 6446 6445 6443 
8833 6654 6907 6652 
8834 6244 6442 6649 
8835 6634 6639 6637 
8836 6914 6679 6912 
8837 6892 6444 6441 
8838 6448 6447 6449 
8839 7406 7159 7162 
8840 7404 7406 7162 
8841 6453 6450 6077 
8842 6453 6452 6450 
8843 6454 6453 6077 
8844 7281 6788 7059 
8845 7089 6452 6451 
8846 5833 6680 6077 
8847 6452 6453 6451 
8848 6184 6576 6579 
8849 6451 6453 6454 
8850 6456 6455 5883 
8851 6252 6455 6251 
8852 6944 5883 6457 
8853 6460 6469 6477 
8854 6682 6088 5265 
8855 7217 6944 6457 
8856 6460 6258 6463 
8857 6458 6258 6460 
8858 6685 6686 6470 
8859 6462 6695 6471 
8860 6461 6463 6464 
8861 6460 6459 6469 
8862 6496 6501 6263 
8863 6463 6465 6460 
8864 5267 6477 6482 
8865 6477 6458 6460 
8866 6464 6463 6258 
8867 6463 6461 6465 
8868 6260 6464 6258 
8869 6089 6263 6684 
8870 6499 6501 6497 
8871 6499 6465 6461 
8872 6466 6696 6478 
8873 6465 6467 6459 
8874 6473 6478 6474 
8875 6479 6472 6480 
8876 6695 6481 6471 
8877 6462 6472 6479 
8878 6472 6471 6459 
8879 6462 6471 6472 
8880 6472 6459 6467 
8881 6494 6695 6485 
8882 6478 6467 6466 
8883 6467 6473 6472 
8884 6488 6480 6486 
8885 6476 6488 6490 
8886 6477 5267 6458 
8887 6467 6478 6473 
8888 6456 6493 6251 
8889 6494 6475 6695 
8890 6480 6473 6474 
8891 6469 6481 6477 
8892 6479 6485 6462 
8893 6481 6685 6482 
8894 6466 6497 6696 
8895 6487 6698 6949 
8896 6480 6472 6473 
8897 9306 6485 6479 
8898 6486 6480 6474 
8899 6479 6480 6476 
8900 6471 6481 6469 
8901 6481 6475 6685 
8902 6491 6490 6488 
8903 6482 6477 6481 
8904 7227 6690 6945 
8905 6486 6487 6484 
8906 6488 6476 6480 
8907 9306 6479 6476 
8908 6485 6483 6494 
8909 6487 6486 6474 
8910 6486 6484 6488 
8911 6698 6474 6478 
8912 6487 6082 6493 
8913 6491 6492 6489 
8914 6484 6491 6488 
8915 7226 7212 6944 
8916 6490 6694 9306 
8917 6489 7213 7215 
8918 6692 6689 6693 
8919 6492 6491 6484 
8920 6491 6489 9320 
8921 6492 6484 6493 
8922 6492 6456 7213 
8923 6487 6493 6484 
8924 6082 6251 6493 
8925 6688 6494 6689 
8926 6686 6685 6475 
8927 6257 6495 6089 
8928 6259 6263 6495 
8929 5877 6496 6262 
8930 6497 6496 5865 
8931 6498 5865 5872 
8932 6499 6497 6466 
8933 6498 5872 6500 
8934 6497 6498 6696 
8935 6465 6499 6466 
8936 6461 6684 6501 
8937 5872 5866 6697 
8938 6474 6698 6487 
8939 6497 6501 6496 
8940 6461 6501 6499 
8941 6502 6096 6273 
8942 6275 6277 6502 
8943 6277 6281 6503 
8944 5345 6596 6272 
8945 6808 7124 6814 
8946 5934 6700 6950 
8947 6506 6503 6281 
8948 6504 6965 6508 
8949 6598 6281 6272 
8950 6504 6505 6506 
8951 6504 6832 6834 
8952 6951 6950 6699 
8953 6504 6508 6505 
8954 6508 6507 6509 
8955 6507 6699 6950 
8956 6700 6509 6950 
8957 8106 8107 6110 
8958 6714 9290 6512 
8959 6707 9290 5563 
8960 6287 5945 6511 
8961 6614 6619 6607 
8962 6714 6512 6720 
8963 6513 6709 6710 
8964 6716 6717 6513 
8965 6515 6514 6133 
8966 6516 6514 6296 
8967 6520 6515 6521 
8968 6296 6515 6520 
8969 6516 6296 6747 
8970 5287 6516 5284 
8971 6135 6519 6130 
8972 6742 6517 6519 
8973 6517 6130 6519 
8974 7984 6744 6743 
8975 6519 6987 6743 
8976 6520 6521 6518 
8977 6521 6515 6517 
8978 6520 6518 6522 
8979 6742 6519 6743 
8980 6742 6744 6521 
8981 6518 6999 6522 
8982 6522 7002 7003 
8983 6523 5961 6524 
8984 5956 6298 6523 
8985 9254 5961 9253 
8986 9254 6524 5961 
8987 6141 5314 6752 
8988 6525 5672 7007 
8989 6317 6527 5608 
8990 6299 6757 6756 
8991 5610 6527 6320 
8992 6528 6324 6529 
8993 6150 6325 6528 
8994 6759 6533 6758 
8995 6758 6529 6324 
8996 7015 6530 6529 
8997 6161 6530 6158 
8998 5977 6531 6152 
8999 5975 6325 6531 
9000 6344 6532 6336 
9001 6533 6532 6345 
9002 6534 6533 6345 
9003 6534 6529 6758 
9004 7011 6343 7261 
9005 6766 6536 6763 
9006 5667 6359 6535 
9007 6535 6359 6542 
9008 9307 6773 6774 
9009 7263 7265 8155 
9010 6160 6157 6538 
9011 7024 7023 6537 
9012 6767 6538 6159 
9013 6538 6777 7026 
9014 6541 4087 4080 
9015 4087 6541 6539 
9016 3785 6540 3787 
9017 3786 6539 6540 
9018 4324 6541 4080 
9019 3787 6540 6541 
9020 6545 6544 6542 
9021 6535 6542 5674 
9022 6543 6544 6545 
9023 6543 6552 6548 
9024 6545 6542 6353 
9025 6546 6544 6543 
9026 6547 6545 9291 
9027 6353 9291 6545 
9028 6546 6548 7027 
9029 5674 6546 6347 
9030 7023 6775 7025 
9031 8162 7501 7993 
9032 6543 6545 6551 
9033 478 7493 7260 
9034 6775 7023 7024 
9035 7807 6548 6552 
9036 7027 6548 6550 
9037 6757 7009 6526 
9038 6547 6551 6545 
9039 7805 8074 7264 
9040 7500 7010 7498 
9041 3913 6554 6779 
9042 4080 4086 6553 
9043 4086 6357 6779 
9044 8533 8559 8589 
9045 6363 7038 4090 
9046 7042 7036 7051 
9047 7041 7044 7052 
9048 6557 6556 5987 
9049 6361 6556 6349 
9050 5987 9292 6558 
9051 6559 5317 6560 
9052 6561 6562 5988 
9053 6366 6783 6784 
9054 6785 6557 6558 
9055 6560 6557 6785 
9056 6561 5096 6563 
9057 9715 6349 6560 
9058 6562 6355 6366 
9059 6784 6562 6366 
9060 9292 6562 6558 
9061 5323 6563 5093 
9062 6561 6563 6362 
9063 6365 6564 9287 
9064 6366 6360 6365 
9065 6565 6783 9287 
9066 6572 5997 9263 
9067 6369 5334 6572 
9068 6574 6573 6000 
9069 6576 6573 6370 
9070 6005 6574 6000 
9071 6574 6004 6575 
9072 6580 6575 6004 
9073 6575 6580 6582 
9074 6576 6370 6579 
9075 6576 6188 6179 
9076 6581 6580 6004 
9077 6581 6002 7062 
9078 6583 6582 6578 
9079 6935 6934 7698 
9080 6583 6579 6370 
9081 6586 6584 6585 
9082 6581 6004 6002 
9083 6580 6577 6582 
9084 7063 6789 7062 
9085 6580 6581 9314 
9086 7283 6577 9314 
9087 6577 7282 6582 
9088 6582 6583 6575 
9089 6583 6578 6586 
9090 6578 6582 7280 
9091 6589 6590 7109 
9092 6586 6585 6579 
9093 6587 6585 6584 
9094 6583 6586 6579 
9095 6586 6578 7692 
9096 6589 6587 9459 
9097 6587 6189 6190 
9098 7280 7691 6578 
9099 7311 5835 9403 
9100 9459 6587 6584 
9101 6590 6589 6588 
9102 7102 7094 7105 
9103 6590 6373 6790 
9104 7306 5502 9318 
9105 7113 5807 6071 
9106 7094 7102 7092 
9107 6796 7292 6183 
9108 6798 6382 6799 
9109 6804 6811 6593 
9110 6390 6594 6013 
9111 6595 6594 6391 
9112 6595 6391 6596 
9113 6195 6595 5345 
9114 6391 6389 9294 
9115 6596 6597 6598 
9116 6808 6822 6827 
9117 6832 6506 6598 
9118 6832 6598 6597 
9119 6281 6598 6506 
9120 5383 6605 6602 
9121 6613 6609 6611 
9122 6606 6607 6601 
9123 6199 6599 6603 
9124 6614 6600 6613 
9125 6703 6117 8107 
9126 5391 6608 5383 
9127 6606 6602 6600 
9128 6602 6603 6599 
9129 6604 6603 6601 
9130 7129 7128 6601 
9131 6971 8052 8056 
9132 5389 5382 6609 
9133 6600 6602 6605 
9134 6607 6606 6600 
9135 6603 6606 6601 
9136 6616 6619 6614 
9137 6731 6984 8043 
9138 5389 6605 6608 
9139 5383 6608 6605 
9140 6611 6609 5377 
9141 6605 6609 6613 
9142 6611 6612 6836 
9143 6600 6614 6607 
9144 6611 5377 9295 
9145 6613 6611 6610 
9146 6612 6611 9295 
9147 6837 5418 6838 
9148 6614 6613 6610 
9149 6613 6600 6605 
9150 6616 6610 6836 
9151 6614 6610 6616 
9152 6715 9829 6739 
9153 6720 6723 6718 
9154 6610 6611 6836 
9155 6615 6618 6619 
9156 6837 6617 6612 
9157 6617 6837 6838 
9158 9829 6981 6735 
9159 6723 6729 6718 
9160 6615 6619 6616 
9161 6607 6619 6618 
9162 6841 6395 6621 
9163 7136 7135 6620 
9164 6840 6199 6604 
9165 6621 7389 6620 
9166 6403 6625 5792 
9167 4956 6625 6405 
9168 6626 6409 6629 
9169 6629 6631 6626 
9170 6629 6409 6630 
9171 6627 6629 6630 
9172 6441 6645 6646 
9173 4964 6626 6628 
9174 6630 6409 6408 
9175 6629 6627 6631 
9176 6634 6408 6635 
9177 6408 6634 6630 
9178 6632 6631 6627 
9179 6628 6631 6893 
9180 6627 6637 6638 
9181 6447 6448 6892 
9182 7707 7715 7546 
9183 6627 6630 6637 
9184 6635 6408 6411 
9185 6634 6633 6639 
9186 6641 6635 6411 
9187 6635 6419 9298 
9188 6636 6639 6640 
9189 6638 6636 7159 
9190 6634 6637 6630 
9191 6637 6636 6638 
9192 7159 6636 7402 
9193 6447 6632 6638 
9194 6639 6633 9301 
9195 6637 6639 6636 
9196 8038 6423 7782 
9197 7192 7179 7174 
9198 6416 6641 6404 
9199 6635 6641 6419 
9200 6828 6820 6824 
9201 7093 7096 6592 
9202 6217 6643 6220 
9203 5801 6430 6643 
9204 6396 7386 7136 
9205 7115 6831 7332 
9206 6646 6645 5209 
9207 6444 6645 6441 
9208 4959 6646 5209 
9209 6441 6646 6628 
9210 6920 6647 6244 
9211 6329 9284 6648 
9212 6059 6442 6648 
9213 6647 6648 6442 
9214 6654 6652 6446 
9215 6670 6662 6666 
9216 6667 6673 6664 
9217 6649 6446 6652 
9218 6658 6651 6655 
9219 6651 6660 6661 
9220 6654 6446 6443 
9221 6655 6652 6650 
9222 6652 6653 6649 
9223 6656 6653 6651 
9224 6903 6443 9288 
9225 6443 6903 6654 
9226 6650 6915 6658 
9227 6653 6655 6651 
9228 6651 6658 6660 
9229 6335 7202 6920 
9230 6678 6679 6675 
9231 7783 6674 7408 
9232 6650 6658 6655 
9233 6657 6669 6660 
9234 6671 6673 6669 
9235 7208 9304 6665 
9236 6657 6660 6658 
9237 6660 6659 6661 
9238 6661 6659 6663 
9239 6656 6661 9304 
9240 6662 6663 6666 
9241 6672 6924 6921 
9242 6667 6666 6663 
9243 6662 9305 6663 
9244 6666 6667 6664 
9245 9010 9011 7634 
9246 6676 6677 9305 
9247 6677 6340 6931 
9248 6667 6663 6659 
9249 6664 9007 6670 
9250 6669 6659 6660 
9251 6667 6659 6669 
9252 9011 9007 6674 
9253 6929 6927 9017 
9254 6678 7407 6669 
9255 7169 7170 7407 
9256 6664 6670 6666 
9257 6668 9004 6676 
9258 6669 6657 6678 
9259 6671 7408 6674 
9260 6927 6922 6924 
9261 6340 6677 6921 
9262 6669 6673 6667 
9263 6674 6673 6671 
9264 7170 6671 7407 
9265 9003 6668 9006 
9266 6650 6908 6915 
9267 7163 7169 6675 
9268 6668 6676 6670 
9269 6921 6677 6672 
9270 6342 7207 6340 
9271 9305 6665 6663 
9272 6679 6678 6657 
9273 6678 6675 7407 
9274 7405 6905 6903 
9275 6919 6916 6918 
9276 5836 6932 5833 
9277 6249 6454 6680 
9278 6933 6681 6932 
9279 6933 6934 6681 
9280 5265 6936 6682 
9281 6936 5257 9311 
9282 7210 6940 6942 
9283 7929 6946 7928 
9284 6461 6464 6684 
9285 6089 6684 6464 
9286 6686 6475 6494 
9287 6470 6482 6685 
9288 6688 6686 6494 
9289 6688 6945 6686 
9290 6687 6688 6689 
9291 7228 6687 7229 
9292 6689 6494 6483 
9293 6687 6945 6688 
9294 6693 6694 6691 
9295 6689 6483 6693 
9296 6686 6945 6470 
9297 6687 7227 6945 
9298 7215 7216 9320 
9299 6687 6689 6692 
9300 7650 7433 7230 
9301 6468 9324 7231 
9302 6694 6693 6483 
9303 6692 6693 6691 
9304 6483 6485 9306 
9305 6694 6490 7652 
9306 6695 6475 6481 
9307 6485 6695 6462 
9308 6498 6500 6696 
9309 6478 6696 6500 
9310 6948 5866 5874 
9311 6697 6948 6949 
9312 6478 6500 6698 
9313 6949 6500 6697 
9314 6834 6833 7232 
9315 6699 6955 6952 
9316 6701 6700 5934 
9317 6276 6509 6700 
9318 5939 6701 5934 
9319 5921 5925 6972 
9320 6113 6286 6703 
9321 6706 6510 6705 
9322 8107 6737 6703 
9323 6702 6703 6737 
9324 6970 6969 8113 
9325 6986 7449 7452 
9326 6714 6720 6724 
9327 5563 6283 6707 
9328 6510 6706 6702 
9329 6706 6705 6707 
9330 6705 6512 6707 
9331 9290 6707 6512 
9332 6709 6708 6287 
9333 5026 6708 6513 
9334 6710 6709 6122 
9335 6708 6709 6513 
9336 6713 6122 6714 
9337 5026 6513 6717 
9338 6724 6711 6714 
9339 6982 6736 6721 
9340 6710 6713 6715 
9341 6728 6722 6719 
9342 6122 9290 6714 
9343 6711 9829 6713 
9344 6723 6720 6512 
9345 6711 6713 6714 
9346 6981 6711 6724 
9347 6973 6980 4715 
9348 6715 6716 6710 
9349 6716 6712 6717 
9350 6719 6717 6712 
9351 5029 5026 6717 
9352 6723 6726 6729 
9353 7440 6981 6724 
9354 6719 6712 6725 
9355 6725 6728 6719 
9356 6723 6512 6705 
9357 6720 6718 6724 
9358 6727 6725 6712 
9359 6982 6732 6736 
9360 4715 4717 6973 
9361 5029 6719 6722 
9362 6510 6726 6705 
9363 6723 6705 6726 
9364 7235 7440 7441 
9365 6739 7483 7484 
9366 6727 6712 6715 
9367 6725 6721 6728 
9368 6983 6733 6734 
9369 6733 7452 6726 
9370 6732 6727 6715 
9371 6725 6727 6982 
9372 6721 6975 6728 
9373 5261 6977 6975 
9374 6726 6510 6733 
9375 6615 6838 7373 
9376 6739 6730 6732 
9377 7210 6942 6254 
9378 6733 6983 6731 
9379 6984 6731 6983 
9380 6739 9829 6735 
9381 6732 6730 6736 
9382 6734 6733 6510 
9383 6733 6731 7452 
9384 6510 6702 6737 
9385 6983 6734 8105 
9386 7441 7446 7445 
9387 6615 6617 6838 
9388 6938 6937 6940 
9389 7431 6976 6736 
9390 6704 6734 6737 
9391 6510 6737 6734 
9392 8045 8046 7867 
9393 7128 6604 6601 
9394 6715 6739 6732 
9395 6739 6735 7483 
9396 5418 7396 7154 
9397 6944 7217 6683 
9398 6989 6987 6990 
9399 7238 6989 6988 
9400 6135 6987 6519 
9401 6521 6517 6742 
9402 6989 6993 6741 
9403 6742 6743 6744 
9404 6997 6743 6741 
9405 9497 9806 8070 
9406 7981 7983 9483 
9407 6745 6521 6744 
9408 6999 7001 9483 
9409 6999 6518 7001 
9410 6516 6747 5576 
9411 6520 6747 6296 
9412 7255 6521 6745 
9413 9279 9276 9277 
9414 6749 9257 6750 
9415 5953 6749 5959 
9416 9124 6750 4191 
9417 6750 5062 5958 
9418 6144 6751 6299 
9419 6752 6751 6141 
9420 5314 6753 6752 
9421 6752 6753 6754 
9422 6753 5314 5662 
9423 6754 6753 5663 
9424 7259 5663 5671 
9425 6525 6754 5672 
9426 6755 7007 7008 
9427 7028 7008 7268 
9428 6300 6756 5984 
9429 6751 6757 6299 
9430 7007 6757 6525 
9431 6757 6755 7009 
9432 6759 6758 6324 
9433 6533 6534 6758 
9434 6326 6759 6324 
9435 6533 6759 6327 
9436 6326 6313 6760 
9437 6761 6760 6313 
9438 6317 6761 6313 
9439 6337 6761 6308 
9440 6343 6923 6925 
9441 7016 6764 6770 
9442 6768 6766 6763 
9443 6767 6763 9307 
9444 7015 6768 6158 
9445 6929 7021 6922 
9446 6771 6773 6536 
9447 9466 9307 6774 
9448 6768 6763 6162 
9449 6764 8440 6771 
9450 9307 6763 6536 
9451 6538 6767 6765 
9452 6162 6158 6768 
9453 7015 6529 7014 
9454 8256 8089 8098 
9455 7049 7041 7274 
9456 7012 7014 6534 
9457 6534 7011 7012 
9458 6764 6771 6766 
9459 8409 6772 8439 
9460 8098 8089 8094 
9461 7800 7262 7798 
9462 8439 6771 6769 
9463 6773 6772 6774 
9464 7256 7800 7798 
9465 7265 6775 7266 
9466 6160 7026 6537 
9467 7264 7265 7266 
9468 5657 6776 5655 
9469 5658 6537 6776 
9470 7256 7797 6765 
9471 7256 7799 7800 
9472 6549 8075 6551 
9473 6755 7493 7009 
9474 7035 7040 6555 
9475 6553 6779 6554 
9476 7037 6780 7034 
9477 7275 7047 4084 
9478 7032 7029 6554 
9479 8704 8769 8771 
9480 7039 7040 7047 
9481 6565 6168 6783 
9482 6784 6558 6562 
9483 6783 6168 6784 
9484 6785 6168 6559 
9485 6558 6784 6785 
9486 6168 6785 6784 
9487 9314 6577 6580 
9488 7059 7288 6454 
9489 6789 7063 7066 
9490 7284 7285 7064 
9491 7091 6790 6373 
9492 6189 6790 6191 
9493 6590 6588 7110 
9494 7312 7704 7703 
9495 7306 9318 7111 
9496 7309 7308 6792 
9497 7529 7313 7528 
9498 6818 9308 6817 
9499 6790 6794 6191 
9500 6796 6592 6795 
9501 6803 6800 6394 
9502 6803 6809 6801 
9503 6592 6796 6794 
9504 6796 6795 7292 
9505 6798 6797 6382 
9506 6797 6593 7114 
9507 6800 6798 6799 
9508 6804 6593 6798 
9509 6393 6799 6382 
9510 6800 6799 6394 
9511 7297 7511 7512 
9512 7728 7729 6826 
9513 6801 6809 6815 
9514 6807 6802 6804 
9515 6810 6800 6803 
9516 7114 6811 6814 
9517 7511 6809 6803 
9518 9308 6810 6803 
9519 6807 6798 6800 
9520 6813 6811 6804 
9521 7296 7298 5128 
9522 6795 7097 7101 
9523 6815 6817 6801 
9524 7315 7317 9404 
9525 6810 6807 6800 
9526 6807 6810 7116 
9527 6813 6808 6811 
9528 6822 6808 6813 
9529 7511 6803 6394 
9530 9317 6815 6809 
9531 9308 6803 6801 
9532 6810 6806 7116 
9533 6813 6804 6802 
9534 6811 6808 6814 
9535 6592 7091 7093 
9536 7160 6899 6428 
9537 6821 6813 6802 
9538 6813 6824 6822 
9539 6827 6831 7124 
9540 6384 6814 7115 
9541 9317 6809 6805 
9542 9410 6817 6815 
9543 7097 6592 7096 
9544 6425 6895 6898 
9545 9410 6815 6812 
9546 6816 7558 6817 
9547 6818 7558 7316 
9548 7315 6823 6806 
9549 6821 6802 6823 
9550 9404 7727 6819 
9551 6829 6224 6830 
9552 6900 7122 6218 
9553 6807 7116 6802 
9554 6824 6821 6819 
9555 6824 6813 6821 
9556 6820 7120 6827 
9557 7315 6806 7316 
9558 6821 6823 9404 
9559 6826 6824 6819 
9560 6822 6824 6820 
9561 7118 6829 6830 
9562 6955 7233 6953 
9563 7727 7317 7726 
9564 6826 6829 6828 
9565 6820 6827 6822 
9566 6827 6825 6831 
9567 6824 6826 6828 
9568 6826 7729 6829 
9569 6226 7123 6224 
9570 6828 6829 7118 
9571 6218 6430 6900 
9572 6828 7118 6820 
9573 6825 7330 6831 
9574 7115 6389 6390 
9575 6597 7127 7126 
9576 6506 6832 6504 
9577 7120 6825 6827 
9578 7435 7232 6960 
9579 7126 6832 6597 
9580 6957 6507 6962 
9581 7131 7132 6607 
9582 7132 6835 7129 
9583 6612 6617 6836 
9584 6616 6836 6617 
9585 9296 6837 6612 
9586 6859 6837 5403 
9587 6859 5418 6837 
9588 7940 7453 6986 
9589 7386 7138 7136 
9590 7377 7375 7376 
9591 7128 7130 6604 
9592 5942 6959 6963 
9593 6395 6841 6014 
9594 6621 6620 6841 
9595 7153 5413 5412 
9596 6851 6854 7875 
9597 7466 7468 7457 
9598 7870 7741 7869 
9599 7153 9615 5413 
9600 5415 6855 5721 
9601 9421 9424 8329 
9602 6855 6854 6851 
9603 7878 7741 7870 
9604 8370 7472 7656 
9605 6851 6856 6857 
9606 7396 6857 6856 
9607 5416 6859 5403 
9608 5418 6859 6857 
9609 503 9458 6861 
9610 6885 6887 6206 
9611 7394 521 9418 
9612 5722 8193 8197 
9613 9457 9443 9446 
9614 5762 6880 5738 
9615 7400 7399 7398 
9616 6878 6881 6206 
9617 6891 6888 6880 
9618 6884 6885 6881 
9619 6888 6881 6880 
9620 7625 6883 7623 
9621 7622 7623 6883 
9622 6883 6884 7622 
9623 6881 6888 6884 
9624 522 7157 7401 
9625 6883 7625 6887 
9626 7398 7399 6884 
9627 6884 6883 6885 
9628 6883 6887 6885 
9629 6891 6880 5762 
9630 7775 6888 6891 
9631 7776 5762 9237 
9632 7925 7926 7774 
9633 6893 6892 6441 
9634 6447 6892 6632 
9635 6628 6893 6441 
9636 6631 6632 6893 
9637 7409 4122 7410 
9638 6903 6905 6654 
9639 6896 6427 6432 
9640 7725 6898 6895 
9641 6221 9460 6432 
9642 6432 9460 6896 
9643 7519 7301 7108 
9644 6899 7160 6898 
9645 7725 6895 6642 
9646 6898 6897 6899 
9647 7523 7525 9410 
9648 7113 7528 6793 
9649 7328 7580 7337 
9650 7121 7118 6830 
9651 6902 6901 5797 
9652 6900 6901 6644 
9653 5799 6902 5797 
9654 6902 5800 7341 
9655 7404 7162 6904 
9656 7404 7405 6449 
9657 6915 6908 6912 
9658 6907 6908 6650 
9659 6909 6908 6905 
9660 6652 6907 6650 
9661 6909 6904 6910 
9662 6909 6910 6911 
9663 6654 6905 6907 
9664 6908 6907 6905 
9665 6909 6905 6904 
9666 6908 6906 6912 
9667 6904 7162 6910 
9668 6906 6908 6909 
9669 6911 6910 6916 
9670 6906 6909 6911 
9671 6917 6916 6910 
9672 6679 7163 6675 
9673 6914 6912 6906 
9674 6912 6679 6915 
9675 6916 6917 6913 
9676 7164 7168 7175 
9677 6911 6916 6919 
9678 6919 6906 6911 
9679 6679 6657 6915 
9680 6658 6915 6657 
9681 6917 6910 6894 
9682 6913 9319 6916 
9683 7159 7402 7420 
9684 6894 7419 6917 
9685 9319 7168 6918 
9686 6914 7165 7163 
9687 7167 6919 6918 
9688 6914 6906 6919 
9689 6920 7202 7204 
9690 6244 7205 6920 
9691 9004 6927 6672 
9692 6344 6923 6343 
9693 6927 6929 6922 
9694 6925 6923 7206 
9695 6340 6921 6923 
9696 6921 6924 7206 
9697 6668 9003 9004 
9698 6922 6925 7206 
9699 6929 6930 7021 
9700 6925 7018 7261 
9701 9002 6926 9003 
9702 4211 4210 9001 
9703 6672 6927 6924 
9704 8999 4208 8998 
9705 4208 4210 8996 
9706 8362 8414 8442 
9707 9017 6927 6926 
9708 6930 6929 6928 
9709 8995 9000 8998 
9710 8441 8414 8440 
9711 6931 6331 7203 
9712 9305 6931 6665 
9713 6933 6932 5826 
9714 5833 6932 6681 
9715 5834 6933 5826 
9716 6934 6933 5831 
9717 9412 5835 7527 
9718 6578 7691 7692 
9719 6680 6681 6935 
9720 6934 6935 6681 
9721 5266 6936 5265 
9722 6936 9311 6937 
9723 6975 6976 5261 
9724 7426 7431 7209 
9725 6941 6940 6937 
9726 6682 6938 7210 
9727 6941 7431 7426 
9728 7432 7428 7211 
9729 6976 6941 6978 
9730 6940 6939 6942 
9731 7209 6736 6730 
9732 6939 6940 6941 
9733 7432 6942 6939 
9734 7217 7222 7219 
9735 7928 7230 7433 
9736 7212 7213 6456 
9737 7217 6457 6254 
9738 7226 6944 6683 
9739 6470 6945 6690 
9740 7652 9320 7216 
9741 6943 7226 7225 
9742 7650 6692 6691 
9743 9325 9324 7228 
9744 6949 6948 6084 
9745 5866 6948 6697 
9746 6084 6082 6949 
9747 6949 6082 6487 
9748 6507 6950 6509 
9749 6699 6952 6951 
9750 5941 6951 5940 
9751 5934 6950 6951 
9752 6699 6957 6955 
9753 6396 7389 7385 
9754 7339 7349 7351 
9755 7355 7354 7342 
9756 6968 7436 6967 
9757 6961 6968 6970 
9758 6957 6699 6507 
9759 6958 6956 6952 
9760 6958 6952 6955 
9761 6956 6954 6959 
9762 6960 6962 6965 
9763 6955 6957 7233 
9764 7438 7234 7437 
9765 6956 6958 7437 
9766 6964 6959 6954 
9767 6964 6963 6959 
9768 7232 7576 7578 
9769 6966 7233 6962 
9770 6968 6961 6964 
9771 8056 8052 8054 
9772 6965 6962 6507 
9773 6962 6960 6966 
9774 8112 8056 8111 
9775 9312 6108 6109 
9776 7436 6968 6964 
9777 6963 6964 6961 
9778 6508 6965 6507 
9779 6504 6834 7435 
9780 6965 7435 6960 
9781 7338 7340 7328 
9782 6956 7437 6954 
9783 7145 7137 7593 
9784 7436 6964 6954 
9785 7912 6970 6968 
9786 7904 7905 7756 
9787 7364 6604 7130 
9788 7912 6968 6967 
9789 6969 7907 8113 
9790 7150 7614 7385 
9791 8052 7908 7911 
9792 6972 5925 6273 
9793 6700 6972 6276 
9794 6974 6973 4711 
9795 6973 6722 6980 
9796 5030 6974 4711 
9797 5029 6722 6974 
9798 6976 6975 6721 
9799 6977 5261 5255 
9800 6736 6976 6721 
9801 6941 6937 6978 
9802 6979 6977 5255 
9803 6728 6975 6977 
9804 9311 6978 6937 
9805 5261 6976 6978 
9806 4718 6979 5255 
9807 6979 4715 6980 
9808 6722 6728 6980 
9809 6980 6728 6977 
9810 7441 7440 6724 
9811 6735 6981 7236 
9812 6725 6982 6721 
9813 6732 6982 6727 
9814 8105 6734 6704 
9815 6984 6983 6738 
9816 6738 8045 8040 
9817 7941 7132 7131 
9818 8044 8051 7868 
9819 7366 7150 6840 
9820 8041 6985 7739 
9821 7742 6615 7373 
9822 6990 6135 6992 
9823 6741 6743 6987 
9824 7239 7485 7238 
9825 6993 6989 7238 
9826 6990 6987 6135 
9827 6994 6996 6988 
9828 6992 6135 7237 
9829 6988 6989 6990 
9830 9186 7254 9191 
9831 6748 7002 6999 
9832 7252 7489 7490 
9833 9277 7000 9279 
9834 7804 7262 7800 
9835 6132 7249 6992 
9836 6992 7249 7489 
9837 7488 5820 6996 
9838 7490 7489 7249 
9839 7247 7244 7240 
9840 7239 7238 6988 
9841 6993 6995 6741 
9842 6741 6995 6997 
9843 6993 6991 9195 
9844 6774 9467 9466 
9845 9485 7492 9488 
9846 6748 9717 7002 
9847 9183 9190 9194 
9848 7981 7001 6745 
9849 6995 7253 6998 
9850 9275 7004 9276 
9851 7003 7000 9277 
9852 7002 7000 7003 
9853 5576 7003 7005 
9854 9275 9276 6290 
9855 6124 5564 7257 
9856 7003 7004 7005 
9857 7257 7005 7004 
9858 5284 7006 5575 
9859 5576 7005 7006 
9860 7008 7007 5672 
9861 6757 7007 6755 
9862 7258 7008 5672 
9863 7027 7028 7268 
9864 7010 7260 7494 
9865 6526 7009 478 
9866 7269 7008 7028 
9867 7269 6755 7008 
9868 6343 7011 6345 
9869 7012 7011 6762 
9870 7016 7012 7017 
9871 7012 6770 7014 
9872 7017 7013 7016 
9873 7022 8442 7019 
9874 7015 7014 6770 
9875 6534 7014 6529 
9876 6768 7015 6770 
9877 6530 7015 6158 
9878 7017 7012 6762 
9879 7016 7013 8441 
9880 6762 7261 7018 
9881 7017 7018 7019 
9882 6925 6922 7021 
9883 7017 7019 7013 
9884 7018 7020 7019 
9885 7020 7022 7019 
9886 7021 7018 6925 
9887 7022 7020 6930 
9888 6930 7020 7021 
9889 7021 7020 7018 
9890 6928 9000 6930 
9891 8094 8099 8098 
9892 6537 7026 7024 
9893 6775 7263 7025 
9894 6777 7796 7495 
9895 6777 7495 7024 
9896 7025 4331 7267 
9897 5655 7023 7025 
9898 6538 7026 6160 
9899 7024 7026 6777 
9900 7027 6550 7028 
9901 6546 7027 6347 
9902 7270 7496 7498 
9903 7498 7496 7987 
9904 7033 7032 6554 
9905 6780 7271 7029 
9906 7030 7036 7034 
9907 7032 7034 7029 
9908 6780 7037 7048 
9909 7031 7273 7504 
9910 7033 6554 3913 
9911 7034 7032 7030 
9912 7033 3913 7035 
9913 7030 7032 7033 
9914 7039 8777 7040 
9915 7029 7034 6780 
9916 3913 4084 7035 
9917 7035 4084 7047 
9918 7030 7051 7036 
9919 7037 7036 7044 
9920 7047 7040 7035 
9921 7271 7056 7031 
9922 7271 7038 7029 
9923 4090 7038 7031 
9924 6555 7043 7051 
9925 5676 6364 7276 
9926 7057 7050 8716 
9927 6782 7275 7276 
9928 7041 7052 7054 
9929 7824 7818 7685 
9930 7057 7042 7051 
9931 7042 7057 7046 
9932 7042 7052 7036 
9933 7033 6555 7030 
9934 6555 7051 7030 
9935 7049 7044 7041 
9936 7055 7274 7054 
9937 3373 7273 7681 
9938 7057 7051 7043 
9939 7278 7042 7046 
9940 8628 7054 6781 
9941 8703 8687 8700 
9942 7049 7037 7044 
9943 7048 7045 7056 
9944 7049 7274 7058 
9945 7048 7049 7045 
9946 8775 7050 8777 
9947 8625 8611 9636 
9948 8715 8714 7278 
9949 6555 7040 7043 
9950 7036 7052 7044 
9951 6781 7054 7052 
9952 8004 8007 8015 
9953 7828 7820 8017 
9954 7033 7035 6555 
9955 7055 7054 7053 
9956 7809 9632 9633 
9957 7819 6350 7817 
9958 7045 7502 7056 
9959 7504 7273 3373 
9960 7050 7057 7043 
9961 8683 8710 4326 
9962 7680 7995 7994 
9963 7683 7690 361 
9964 7507 7060 7281 
9965 6788 7289 7059 
9966 7694 7506 7696 
9967 7281 7061 6788 
9968 7061 7508 7280 
9969 7063 7062 6002 
9970 6789 7284 7062 
9971 7065 7063 6002 
9972 7063 5701 7066 
9973 7072 7074 7284 
9974 7061 7282 7283 
9975 6003 7065 6002 
9976 5701 7065 5101 
9977 5701 7067 7066 
9978 7071 7070 7067 
9979 5702 7067 5701 
9980 7071 7069 7070 
9981 7069 7073 7075 
9982 7081 7077 7075 
9983 7070 7072 7066 
9984 7071 7067 5700 
9985 7070 7069 7072 
9986 7287 7843 9804 
9987 7073 7069 7085 
9988 7069 7075 7072 
9989 7072 7075 7077 
9990 7071 7085 7069 
9991 7285 7284 7074 
9992 7074 7072 7077 
9993 7079 7083 7086 
9994 7081 7073 7076 
9995 7068 7076 7073 
9996 7073 7081 7075 
9997 7083 7081 1663 
9998 7088 7078 7085 
9999 1663 7080 7086 
10000 7079 7086 7087 
10001 7082 7079 7084 
10002 5698 7287 7509 
10003 7076 1663 7081 
10004 7080 7087 7086 
10005 7083 7077 7081 
10006 7090 7087 7089 
10007 7079 7082 7083 
10008 7083 7082 7077 
10009 7061 7283 9400 
10010 7082 7084 7285 
10011 7078 7068 7085 
10012 7088 7085 7071 
10013 1663 7086 7083 
10014 7087 7080 6248 
10015 6248 7089 7087 
10016 7089 6451 7090 
10017 7071 5700 7509 
10018 7088 7287 9804 
10019 6452 7089 6248 
10020 7288 6451 6454 
10021 7291 7084 7079 
10022 7290 7084 7291 
10023 7094 7093 7091 
10024 6794 7091 6592 
10025 7107 7108 7301 
10026 7303 7521 7519 
10027 7094 7091 6373 
10028 7301 7096 7093 
10029 6373 7098 7094 
10030 7515 7100 7105 
10031 7102 7107 7092 
10032 7095 7521 7097 
10033 7301 7093 7092 
10034 7097 7096 7095 
10035 7095 7301 7519 
10036 6592 7097 6795 
10037 7305 6590 7110 
10038 7310 7516 7702 
10039 9317 7103 9316 
10040 7097 7099 7101 
10041 7102 7105 7100 
10042 7535 7532 7530 
10043 7099 7523 9316 
10044 9316 7293 7099 
10045 7105 7094 7098 
10046 7862 7863 7100 
10047 7103 7295 7294 
10048 7296 7104 7294 
10049 7101 7293 7104 
10050 7104 7293 7294 
10051 6791 7702 7098 
10052 7515 7516 7300 
10053 7515 7517 7862 
10054 7319 7117 7316 
10055 7863 7102 7100 
10056 7107 7106 7108 
10057 7518 7108 7106 
10058 7521 7523 7099 
10059 6589 7109 6189 
10060 6590 6790 7109 
10061 7526 7110 7695 
10062 7305 6791 7098 
10063 7111 7557 7314 
10064 7111 7307 7306 
10065 7112 7309 7310 
10066 7526 6791 7110 
10067 7529 7528 7113 
10068 7314 7113 6793 
10069 7114 6384 6385 
10070 6811 7114 6593 
10071 6814 6831 7115 
10072 7330 7332 6831 
10073 6806 6823 7116 
10074 6802 7116 6823 
10075 7117 7315 7316 
10076 7325 7317 7117 
10077 7122 7119 7121 
10078 6820 7118 7120 
10079 7338 7337 6900 
10080 7574 7126 7127 
10081 7121 7120 7118 
10082 7329 7120 7119 
10083 7122 7121 6830 
10084 7120 7121 7119 
10085 6218 7122 6830 
10086 7122 6900 7337 
10087 6218 6830 7123 
10088 6224 7123 6830 
10089 6827 7124 6808 
10090 6831 6814 7124 
10091 7120 7329 6825 
10092 7336 7331 7334 
10093 6597 9294 7127 
10094 6833 6834 7126 
10095 7579 6389 7115 
10096 7332 7574 7127 
10097 7129 6601 6607 
10098 7130 7128 6835 
10099 6607 6618 7793 
10100 6835 7128 7129 
10101 7368 7369 7736 
10102 7371 7365 7369 
10103 6618 6615 7742 
10104 7740 7739 6985 
10105 6607 7132 7129 
10106 7941 7935 7792 
10107 7367 7369 7365 
10108 7737 7132 7941 
10109 7154 6838 5418 
10110 7236 6740 7483 
10111 7136 6620 6396 
10112 7139 7135 6839 
10113 7385 7389 7150 
10114 6839 7135 7136 
10115 7234 7438 7787 
10116 6839 7136 7138 
10117 6839 7142 7140 
10118 3360 9405 3326 
10119 6839 7140 7141 
10120 5714 7139 6198 
10121 7138 7142 6839 
10122 7145 7138 7137 
10123 7143 7141 7140 
10124 7144 7141 7143 
10125 7145 7142 7138 
10126 7145 7595 7600 
10127 7376 7143 7592 
10128 3324 7143 7375 
10129 7146 7144 3324 
10130 6198 7141 7144 
10131 7386 7137 7138 
10132 7753 8048 7744 
10133 3325 7146 3324 
10134 7147 7146 3321 
10135 3321 5365 7148 
10136 7149 7147 5379 
10137 5359 5384 7384 
10138 3321 7148 7147 
10139 6197 7149 5379 
10140 7144 7149 6198 
10141 6840 6604 7364 
10142 7387 7614 7615 
10143 5399 7773 5412 
10144 8204 9425 8200 
10145 9408 7457 7468 
10146 6838 7588 7373 
10147 6888 7398 6884 
10148 7402 6636 6640 
10149 6894 6910 7162 
10150 6429 7160 6428 
10151 6898 7160 6425 
10152 7568 7327 7567 
10153 7181 7198 7411 
10154 7405 7404 6904 
10155 7159 6894 7162 
10156 7167 7164 7165 
10157 7163 7171 7169 
10158 7164 7167 7168 
10159 7172 7180 7190 
10160 7167 7165 6914 
10161 7171 7165 7164 
10162 7171 7172 7416 
10163 7631 7634 7783 
10164 6919 7167 6914 
10165 7167 6918 7168 
10166 7168 9319 7173 
10167 7172 7177 7178 
10168 7171 7163 7165 
10169 7169 7166 7170 
10170 7416 7194 7166 
10171 6671 7170 7408 
10172 7172 7171 7164 
10173 7169 7171 7166 
10174 7164 7175 7177 
10175 7172 7178 7180 
10176 6913 6917 7415 
10177 7176 7185 7192 
10178 7175 7168 7176 
10179 7178 7179 4128 
10180 7176 7168 7173 
10181 7177 7175 7174 
10182 7176 7173 7185 
10183 7174 7175 7176 
10184 7178 7177 7174 
10185 7164 7177 7172 
10186 7179 7178 7174 
10187 7178 4128 7180 
10188 7192 7174 7176 
10189 4128 7179 4126 
10190 7186 4128 7187 
10191 7188 7180 7186 
10192 7642 6913 7415 
10193 7185 7195 7181 
10194 7182 7187 7189 
10195 7414 7635 7633 
10196 7635 7630 7633 
10197 7194 7416 7190 
10198 7197 7198 7181 
10199 4126 7184 7409 
10200 7173 7642 7195 
10201 7192 7181 7184 
10202 7187 4128 4116 
10203 7188 7186 7182 
10204 7189 4116 4111 
10205 7182 7186 7187 
10206 7182 7200 7638 
10207 7637 7190 7188 
10208 3391 7193 4111 
10209 7189 4111 7193 
10210 7188 7190 7180 
10211 7190 7183 7194 
10212 7645 7647 7191 
10213 6074 7412 7413 
10214 7181 7192 7185 
10215 7179 7192 7184 
10216 7199 3391 7417 
10217 7189 7200 7182 
10218 7408 7629 7631 
10219 7166 7194 7629 
10220 7173 7195 7185 
10221 7191 7647 7197 
10222 7191 7415 7645 
10223 7538 7545 7547 
10224 7191 7197 7195 
10225 7198 7197 7196 
10226 7413 7542 6074 
10227 7412 4122 7409 
10228 7644 7643 4108 
10229 7640 3819 7639 
10230 7640 7193 7199 
10231 3924 7639 3819 
10232 7415 7421 7423 
10233 7415 7191 7642 
10234 7202 6335 7203 
10235 7204 7202 6318 
10236 7203 6335 7208 
10237 6331 6334 7203 
10238 6321 7204 6318 
10239 6329 6920 7204 
10240 6653 7205 6244 
10241 6656 6920 7205 
10242 6921 7206 6923 
10243 6922 7206 6924 
10244 6331 6931 7207 
10245 6340 7207 6931 
10246 6665 6931 7208 
10247 7203 7208 6931 
10248 7430 9408 7429 
10249 7429 7426 7209 
10250 6682 7210 6254 
10251 6940 7210 6938 
10252 6939 6941 7426 
10253 7978 7980 9482 
10254 6944 7212 5883 
10255 7213 7212 6943 
10256 9321 7215 7213 
10257 7213 6489 6492 
10258 7225 6683 7223 
10259 7219 7223 6683 
10260 9321 7213 6943 
10261 7214 7784 7215 
10262 7653 7433 7651 
10263 7216 7651 7652 
10264 7222 6942 7220 
10265 8284 7219 7220 
10266 8330 8331 8285 
10267 7785 7932 7784 
10268 6254 7222 7217 
10269 7218 8210 7223 
10270 7432 7220 6942 
10271 7211 8214 8284 
10272 8285 8368 8369 
10273 6946 7230 7928 
10274 6942 7222 6254 
10275 7219 7222 7220 
10276 7218 7223 7219 
10277 8206 7225 7221 
10278 8120 8206 8207 
10279 9321 7224 8205 
10280 7221 7225 7223 
10281 6943 7225 7224 
10282 7225 7226 6683 
10283 7212 7226 6943 
10284 7228 7227 6687 
10285 6690 7227 6468 
10286 7229 6687 6692 
10287 7229 7654 9322 
10288 6692 7230 7229 
10289 8336 8337 8399 
10290 7654 7229 7230 
10291 6946 7434 7654 
10292 7654 7434 9322 
10293 7336 7125 7331 
10294 7331 7125 7330 
10295 6962 7233 6957 
10296 6966 6953 7233 
10297 7354 7359 7342 
10298 7340 7339 7355 
10299 7445 7235 7441 
10300 7236 7442 7448 
10301 7442 6981 7440 
10302 6981 7442 7236 
10303 7237 6135 6130 
10304 6132 6992 7237 
10305 7239 6988 6996 
10306 6991 6993 7238 
10307 6996 7242 7239 
10308 7244 7246 7242 
10309 5820 7243 6996 
10310 5820 7241 7243 
10311 7240 7244 7241 
10312 7242 7241 7244 
10313 7241 7242 7243 
10314 6996 7243 7242 
10315 7248 7245 7247 
10316 7246 7244 7247 
10317 9053 9055 9051 
10318 7246 7239 7242 
10319 7246 7245 9688 
10320 7485 7246 7486 
10321 7248 1246 9203 
10322 7246 7247 7245 
10323 7247 7240 7248 
10324 7250 7249 6132 
10325 6997 6995 6998 
10326 7251 7250 6132 
10327 6129 6293 7491 
10328 6134 7251 6132 
10329 7251 6127 6292 
10330 7253 6995 6993 
10331 7252 5820 7488 
10332 9056 9049 9053 
10333 7485 7486 6991 
10334 9191 9498 7253 
10335 9191 9195 7487 
10336 6521 7255 6518 
10337 6745 7001 7255 
10338 477 9280 9281 
10339 7981 7982 7795 
10340 6124 7257 7004 
10341 5270 7257 5564 
10342 7259 7258 5672 
10343 6347 7258 5669 
10344 6754 7259 5672 
10345 5669 7259 5671 
10346 7493 478 7009 
10347 7011 7261 6762 
10348 6925 7261 6343 
10349 9468 6772 8305 
10350 7266 7805 7264 
10351 7265 7263 6775 
10352 9291 7263 6547 
10353 7985 7677 7262 
10354 8074 8156 7264 
10355 7266 6775 7024 
10356 7265 7264 8155 
10357 7677 7024 7495 
10358 7266 7024 7677 
10359 4081 7267 4331 
10360 5656 7267 5980 
10361 7258 7268 7008 
10362 7027 7268 6347 
10363 7270 7269 7028 
10364 7269 7494 7493 
10365 6550 7496 7028 
10366 6755 7269 7493 
10367 7271 7031 7038 
10368 7048 7271 6780 
10369 7679 7502 7045 
10370 7680 7809 9633 
10371 7031 7056 7273 
10372 7056 7502 7682 
10373 7054 7274 7041 
10374 7809 7274 7055 
10375 7276 7275 5676 
10376 7047 7275 6782 
10377 9074 9073 9070 
10378 9341 9337 7276 
10379 8712 9387 8710 
10380 9337 9737 7276 
10381 7278 7046 8715 
10382 7052 7278 6781 
10383 7279 8701 8697 
10384 8584 8591 8666 
10385 7280 6582 7282 
10386 7691 7280 7832 
10387 7697 7059 6249 
10388 7508 7281 7060 
10389 7283 7282 6577 
10390 7280 7282 7061 
10391 7285 7283 7064 
10392 9400 7084 7290 
10393 7062 7284 7064 
10394 7072 7284 6789 
10395 7082 7285 7074 
10396 7285 7084 9400 
10397 7078 7088 7286 
10398 7088 7509 7287 
10399 7834 7841 7835 
10400 7843 7287 7842 
10401 7289 7288 7059 
10402 6451 7288 7090 
10403 6788 9400 7290 
10404 7288 7289 7090 
10405 7090 7289 7290 
10406 6788 7290 7289 
10407 7087 7291 7079 
10408 7090 7290 7291 
10409 7292 6186 6183 
10410 6795 7104 7292 
10411 7099 7293 7101 
10412 7294 7293 7103 
10413 7103 6805 7295 
10414 7294 7298 7296 
10415 7297 7295 6805 
10416 5130 5131 7298 
10417 6194 7296 5128 
10418 6186 7296 6010 
10419 7511 7297 6805 
10420 7513 7297 6392 
10421 7294 7295 7298 
10422 7299 7298 7295 
10423 7297 7299 7295 
10424 5130 7298 7299 
10425 7306 7307 9402 
10426 7535 7517 7705 
10427 7096 7301 7095 
10428 7107 7301 7092 
10429 7535 7530 7723 
10430 7321 7324 7327 
10431 7519 7108 7520 
10432 7522 7302 7524 
10433 7693 9459 7692 
10434 7312 9411 5835 
10435 6590 7305 6373 
10436 6791 7305 7110 
10437 5502 7306 6792 
10438 7314 7307 7111 
10439 7307 6793 9413 
10440 7300 9401 9402 
10441 7309 6792 6591 
10442 7311 7308 7112 
10443 7310 7309 6591 
10444 7112 7308 7309 
10445 9401 7310 6591 
10446 7526 7846 6791 
10447 7312 7311 7112 
10448 9403 5835 5809 
10449 7703 7704 7846 
10450 5835 9411 7527 
10451 7539 7533 5815 
10452 7569 7564 7566 
10453 7307 7314 6793 
10454 9318 7557 7111 
10455 7316 6806 6818 
10456 7315 7117 7317 
10457 7318 7316 7558 
10458 7525 7522 7524 
10459 7117 7323 7325 
10460 7325 7726 7317 
10461 7322 7319 7318 
10462 7316 7318 7319 
10463 7326 7320 7322 
10464 7323 7319 7324 
10465 7302 7518 7847 
10466 7567 7566 7570 
10467 6898 7725 6897 
10468 7117 7319 7323 
10469 7326 7322 7318 
10470 7323 7324 7321 
10471 7324 7319 7322 
10472 7325 7323 7321 
10473 7322 7320 7324 
10474 7327 6897 7724 
10475 7321 7559 7325 
10476 7726 7325 7730 
10477 7561 7326 7318 
10478 7326 7302 7562 
10479 7320 7563 7324 
10480 7324 7563 7327 
10481 7338 7341 7340 
10482 7576 7232 6833 
10483 7344 7581 7328 
10484 7331 7330 6825 
10485 7331 6825 7329 
10486 7332 7330 7125 
10487 7329 7335 7334 
10488 7331 7329 7334 
10489 7574 7332 7125 
10490 7127 6389 7579 
10491 7328 7340 7344 
10492 7575 7576 6833 
10493 7335 7329 7119 
10494 7334 7333 7336 
10495 7335 7119 7337 
10496 7333 7334 7335 
10497 7576 7336 7577 
10498 7125 7575 7574 
10499 7122 7337 7119 
10500 7338 6900 6644 
10501 7340 7341 7339 
10502 7328 7337 7338 
10503 7341 7343 7339 
10504 7584 7577 7333 
10505 7341 7338 6644 
10506 7344 7340 7355 
10507 6902 7341 6644 
10508 7343 7341 5800 
10509 7349 7339 7343 
10510 7787 7655 7439 
10511 7346 5800 7347 
10512 7349 7348 7352 
10513 7342 7359 7360 
10514 7581 7580 7328 
10515 7585 7586 9480 
10516 7891 7894 7749 
10517 7347 5800 5795 
10518 7348 7346 7345 
10519 9238 7347 5795 
10520 7585 7347 5452 
10521 7893 9479 9480 
10522 7350 7352 7353 
10523 7346 7349 7343 
10524 7352 7351 7349 
10525 9478 7348 9479 
10526 7755 7770 9464 
10527 7354 7351 7350 
10528 7355 7342 7344 
10529 7352 7348 9478 
10530 7350 7351 7352 
10531 7750 7746 7748 
10532 7743 7606 7889 
10533 7354 7350 7358 
10534 7359 7358 7362 
10535 7339 7351 7355 
10536 7355 7351 7354 
10537 7358 7350 7361 
10538 7358 7361 7356 
10539 7789 7362 7363 
10540 7788 7357 7789 
10541 7361 7350 7353 
10542 7362 7358 7356 
10543 7358 7359 7354 
10544 7359 7357 7791 
10545 7576 7577 7734 
10546 7342 7360 7582 
10547 7743 9416 7597 
10548 7594 7596 7605 
10549 7363 7362 7356 
10550 7359 7362 7357 
10551 7754 7613 7906 
10552 7439 9463 7234 
10553 7130 6835 7587 
10554 6840 7364 7366 
10555 7365 7371 7909 
10556 7364 7130 7367 
10557 7367 7366 7364 
10558 7616 7387 8050 
10559 7736 7369 7367 
10560 7367 7365 7615 
10561 7738 7368 7587 
10562 8044 6985 8045 
10563 7736 7367 7130 
10564 7368 7868 7371 
10565 7740 7368 7738 
10566 6971 8113 7907 
10567 7368 7371 7369 
10568 7370 7908 7909 
10569 7765 6971 7907 
10570 7763 7758 7616 
10571 7588 6838 7154 
10572 7373 7134 7590 
10573 7142 7600 7140 
10574 8049 7900 7902 
10575 7143 7376 7375 
10576 7377 3317 7375 
10577 7592 7143 7140 
10578 7376 7378 7377 
10579 7378 7376 7374 
10580 3320 3317 7377 
10581 7378 7374 7380 
10582 7377 7378 9406 
10583 7380 7381 7379 
10584 7901 7382 7379 
10585 7381 7380 7374 
10586 7382 7380 7379 
10587 7592 9417 7376 
10588 7595 7597 7600 
10589 7379 7900 7901 
10590 7382 2864 3718 
10591 7598 7604 7612 
10592 7608 7906 7892 
10593 7147 7384 5379 
10594 5359 7384 7148 
10595 7614 7150 7366 
10596 7385 7387 7388 
10597 6396 7385 7386 
10598 7137 7386 7385 
10599 7615 8050 7387 
10600 7385 7388 7137 
10601 7387 7616 7757 
10602 7388 7759 7593 
10603 6620 7389 6396 
10604 6840 7389 6621 
10605 5409 521 7394 
10606 9421 9419 9420 
10607 7617 7618 5421 
10608 7618 7394 7395 
10609 6857 7396 5418 
10610 7869 7396 6856 
10611 9429 9426 9428 
10612 9436 7625 7623 
10613 7157 7400 7401 
10614 7399 7397 7622 
10615 7400 7398 7401 
10616 6886 7397 7399 
10617 6886 7400 7157 
10618 7775 7398 6888 
10619 7775 7776 7627 
10620 7424 7402 6640 
10621 7201 7419 7420 
10622 7567 7327 7563 
10623 7403 7161 7778 
10624 6449 6447 7404 
10625 7406 7404 6447 
10626 6905 7405 6904 
10627 6449 7405 6903 
10628 6447 6638 7406 
10629 7159 7406 6638 
10630 7407 6671 6669 
10631 7169 7407 6675 
10632 7170 7629 7408 
10633 9012 9018 9013 
10634 7184 7411 7409 
10635 7409 7411 7412 
10636 4125 7410 4122 
10637 4126 7410 4127 
10638 7181 7411 7184 
10639 7412 7411 7198 
10640 7413 7412 7198 
10641 7636 7412 6074 
10642 7196 7554 7198 
10643 7313 7529 7537 
10644 7190 7637 7183 
10645 7637 7638 7414 
10646 7421 6917 7419 
10647 7201 7424 7423 
10648 7171 7416 7166 
10649 7190 7416 7172 
10650 7417 3391 3818 
10651 7643 7417 4108 
10652 8983 3215 8981 
10653 7641 3819 7640 
10654 7420 7419 6894 
10655 7421 7419 7201 
10656 7159 7420 6894 
10657 7201 7420 7402 
10658 7423 7421 7201 
10659 6917 7421 7415 
10660 7424 6640 7425 
10661 7710 7711 7709 
10662 7201 7402 7424 
10663 7423 7422 7645 
10664 9298 9300 6633 
10665 7423 7424 9407 
10666 7779 7781 7628 
10667 7423 9407 7422 
10668 7429 7209 7430 
10669 6939 7426 7428 
10670 7448 7451 7236 
10671 7475 7470 7668 
10672 7429 7428 7426 
10673 8368 8367 7427 
10674 7430 7209 6730 
10675 7429 7427 8367 
10676 7484 7430 6730 
10677 6740 7457 9408 
10678 6976 7431 6941 
10679 6736 7209 7431 
10680 7428 7432 6939 
10681 7220 7432 7211 
10682 7651 7433 7650 
10683 7653 7216 7784 
10684 6946 7929 8220 
10685 8336 7434 6946 
10686 6504 7435 6965 
10687 6834 7232 7435 
10688 7437 7436 6954 
10689 6967 7436 7234 
10690 7438 7437 6958 
10691 7436 7437 7234 
10692 6958 6953 7438 
10693 7655 6953 6966 
10694 7787 6953 7655 
10695 7439 7788 7789 
10696 7441 6724 6718 
10697 7440 7235 7442 
10698 6729 7446 6718 
10699 7453 7446 7449 
10700 7445 7447 7235 
10701 7451 6740 7236 
10702 7453 7940 7455 
10703 7448 7442 7450 
10704 7450 7235 7447 
10705 7456 7459 7470 
10706 7441 6718 7446 
10707 7445 7443 7469 
10708 7449 7446 6729 
10709 7443 7445 7446 
10710 7455 7443 7453 
10711 7477 7447 7474 
10712 7442 7235 7450 
10713 7448 7444 7451 
10714 7452 7449 6729 
10715 7453 7449 6986 
10716 7447 7462 7474 
10717 7448 7450 7479 
10718 7459 7451 7444 
10719 6740 7451 7457 
10720 7452 6729 6726 
10721 7452 6731 8043 
10722 8040 7866 8043 
10723 7446 7453 7443 
10724 7658 7461 7659 
10725 7460 7462 7469 
10726 7460 7455 7454 
10727 7460 7469 7455 
10728 7447 7477 7450 
10729 7675 8371 8370 
10730 7466 7451 7459 
10731 7472 7466 7456 
10732 7458 7460 7463 
10733 7664 7663 7657 
10734 9409 7470 7459 
10735 7466 7459 7456 
10736 7454 7937 7463 
10737 7462 7460 7458 
10738 7792 7936 7937 
10739 7590 7660 7793 
10740 7479 7478 9409 
10741 7462 7447 7469 
10742 7454 7463 7460 
10743 7936 7659 7461 
10744 7667 7476 7663 
10745 7658 7657 7458 
10746 7478 7481 7465 
10747 7872 7589 7871 
10748 7472 7468 7466 
10749 7451 7466 7457 
10750 7470 7475 7456 
10751 7675 7473 7674 
10752 7468 7467 8368 
10753 9408 7468 7427 
10754 7445 7469 7447 
10755 7455 7469 7443 
10756 9409 7459 7444 
10757 7465 7668 7470 
10758 7474 7462 7476 
10759 7471 7474 7476 
10760 7472 7456 7656 
10761 7467 7468 7472 
10762 7473 7656 7475 
10763 7670 7672 7674 
10764 7476 7462 7458 
10765 7474 7471 7477 
10766 7481 7482 7465 
10767 7670 7668 7482 
10768 7458 7657 7476 
10769 9477 7665 9414 
10770 7478 7477 7471 
10771 7479 7477 7478 
10772 7481 7471 7480 
10773 7465 7470 9409 
10774 7448 7479 7444 
10775 7450 7477 7479 
10776 7134 7373 9414 
10777 7657 7464 7664 
10778 7471 7481 7478 
10779 7482 7481 7480 
10780 7794 7942 7666 
10781 7670 7475 7668 
10782 7483 6740 7484 
10783 6735 7236 7483 
10784 7430 7484 6740 
10785 6730 6739 7484 
10786 7238 7485 6991 
10787 7239 7246 7485 
10788 9689 9688 9202 
10789 6991 7486 7487 
10790 9157 9152 9146 
10791 9042 9207 9044 
10792 6996 6994 7488 
10793 6994 6992 7489 
10794 7252 7488 7489 
10795 6994 7489 7488 
10796 7491 7249 7250 
10797 7252 7490 5951 
10798 6129 7491 7250 
10799 6293 5951 7491 
10800 7984 7676 7982 
10801 7796 7798 7495 
10802 7494 7269 7270 
10803 7010 7494 7270 
10804 7260 7493 7494 
10805 7797 7796 6777 
10806 7495 7262 7677 
10807 7987 7496 6550 
10808 7270 7028 7496 
10809 7806 7497 7807 
10810 7499 7501 6778 
10811 7500 7498 7497 
10812 7010 7270 7498 
10813 7500 7497 7501 
10814 7499 7500 7501 
10815 7010 7500 7499 
10816 7806 7807 7678 
10817 7501 7497 7806 
10818 7679 7045 7058 
10819 7684 7682 7502 
10820 8622 9634 7053 
10821 7827 3212 7821 
10822 5983 7504 3373 
10823 7031 7504 4090 
10824 7831 7684 7272 
10825 7681 7505 7683 
10826 7507 7696 7060 
10827 6589 9459 6588 
10828 7698 7507 7697 
10829 6934 9412 7699 
10830 7280 7508 7060 
10831 7061 7281 7508 
10832 7071 7509 7088 
10833 5698 7509 5700 
10834 7838 7841 7510 
10835 6809 7511 6805 
10836 7512 7511 6394 
10837 7512 6394 6799 
10838 7297 7512 6392 
10839 7514 7513 6392 
10840 7299 7513 5130 
10841 6376 7514 6392 
10842 5130 7514 5132 
10843 7516 7515 7105 
10844 7517 7515 7300 
10845 7105 7098 7702 
10846 7516 7310 9401 
10847 6793 7528 7532 
10848 7862 7722 7863 
10849 7706 7847 7848 
10850 7518 7522 7520 
10851 7520 7108 7518 
10852 7303 7523 7521 
10853 7522 7518 7302 
10854 7303 7519 7520 
10855 7097 7521 7099 
10856 7095 7519 7521 
10857 7524 7302 7326 
10858 7303 7520 7522 
10859 7522 7525 7303 
10860 9316 7523 6812 
10861 7561 7524 7326 
10862 7525 7523 7303 
10863 7524 6816 7525 
10864 9410 7525 6816 
10865 7695 7110 6588 
10866 7703 7526 7304 
10867 7696 7700 7694 
10868 5831 9412 6934 
10869 7529 7113 6071 
10870 7534 7532 7528 
10871 7531 6071 5814 
10872 7529 6071 7531 
10873 7532 7534 7530 
10874 7541 7553 7530 
10875 7533 6068 6072 
10876 7531 6068 7533 
10877 7534 7528 7313 
10878 7723 7553 7556 
10879 7542 7536 7539 
10880 7537 7529 7531 
10881 7541 7543 7545 
10882 7313 7543 7534 
10883 7517 7300 7705 
10884 7532 7535 9413 
10885 7550 7536 7542 
10886 7710 7555 7721 
10887 7539 7537 7533 
10888 7544 7551 7552 
10889 7548 8033 7547 
10890 7530 7534 7541 
10891 7542 7539 5815 
10892 7539 7536 7551 
10893 7543 7313 7544 
10894 7550 7554 7720 
10895 7541 7534 7543 
10896 8032 7553 7541 
10897 7542 5815 9248 
10898 7542 7413 7550 
10899 7544 7313 7537 
10900 7543 7540 7545 
10901 7551 7544 7537 
10902 7540 7543 7544 
10903 7854 7547 7545 
10904 7538 7541 7545 
10905 7552 7540 7544 
10906 7711 7713 7715 
10907 7854 7545 7540 
10908 7548 7547 7546 
10909 7573 7403 7572 
10910 7320 7326 7562 
10911 7548 7733 7853 
10912 7549 7850 7865 
10913 7413 7554 7550 
10914 7552 7536 7708 
10915 7539 7551 7537 
10916 7551 7536 7552 
10917 7708 7550 7555 
10918 7540 7552 7707 
10919 8032 7541 7538 
10920 7553 7549 7556 
10921 7198 7554 7413 
10922 8039 7721 7861 
10923 7647 7196 7197 
10924 7546 7547 7854 
10925 7848 7850 7706 
10926 7723 7517 7535 
10927 5500 5807 7557 
10928 7113 7557 5807 
10929 6817 7558 6818 
10930 7561 7558 6816 
10931 7724 7559 7321 
10932 7730 7559 6642 
10933 7560 7730 7731 
10934 7560 7728 7727 
10935 7558 7561 7318 
10936 7524 7561 6816 
10937 7849 7562 7302 
10938 7733 7564 7569 
10939 7569 7566 7320 
10940 7572 6899 7568 
10941 7572 7565 7573 
10942 7563 7320 7566 
10943 7573 7570 7571 
10944 7565 7568 7567 
10945 7569 7320 7562 
10946 7570 7566 7564 
10947 7566 7567 7563 
10948 7565 7572 7568 
10949 6899 6897 7568 
10950 7327 7568 6897 
10951 7302 7847 7849 
10952 7857 7859 7548 
10953 7570 7564 7571 
10954 7567 7570 7565 
10955 7571 7859 7857 
10956 7546 7717 7548 
10957 7570 7573 7565 
10958 6899 7572 7403 
10959 7571 7161 7573 
10960 7403 7573 7161 
10961 7575 7125 7336 
10962 7574 6833 7126 
10963 7575 7336 7576 
10964 6833 7574 7575 
10965 7577 7336 7333 
10966 7232 7578 6960 
10967 7581 7333 7580 
10968 7735 7578 7734 
10969 7577 7584 7583 
10970 6966 6960 7578 
10971 7115 7332 7579 
10972 7127 7579 7332 
10973 7333 7335 7580 
10974 7337 7580 7335 
10975 7582 7581 7344 
10976 7333 7581 7584 
10977 7342 7582 7344 
10978 7582 7360 7583 
10979 7790 7360 7791 
10980 7734 7583 7735 
10981 7581 7582 7584 
10982 7583 7584 7582 
10983 5452 4883 7586 
10984 7345 7347 7585 
10985 4883 4654 7586 
10986 7586 4654 9480 
10987 6835 7737 7587 
10988 7587 7737 7738 
10989 7588 7154 7871 
10990 7373 7588 9414 
10991 7869 7154 7396 
10992 8326 8327 6854 
10993 7464 7659 7661 
10994 7659 7464 7658 
10995 7145 7593 7595 
10996 7381 7374 9415 
10997 7591 9417 7140 
10998 7592 7140 9417 
10999 7388 7593 7137 
11000 7596 7595 7593 
11001 7595 7596 7594 
11002 7599 7381 9415 
11003 7596 7593 7383 
11004 7597 7595 7594 
11005 7601 7596 7383 
11006 7605 7601 7607 
11007 7594 7743 7597 
11008 7597 7591 7600 
11009 7601 7604 7598 
11010 7892 7361 7890 
11011 7605 7606 7743 
11012 7743 7889 7599 
11013 7140 7600 7591 
11014 7145 7600 7142 
11015 7759 7761 7383 
11016 7601 7598 7607 
11017 7759 7383 7593 
11018 6969 7768 7766 
11019 7603 7607 7609 
11020 7610 7603 7609 
11021 7761 7601 7383 
11022 7602 7767 7612 
11023 7601 7605 7596 
11024 7605 7603 7606 
11025 7746 7603 7610 
11026 7889 7381 7599 
11027 7754 7609 7607 
11028 7605 7607 7603 
11029 7754 7612 7613 
11030 7890 7361 7353 
11031 7754 7607 7598 
11032 7609 7608 9461 
11033 7748 7749 8047 
11034 7750 7751 7753 
11035 7602 7758 7762 
11036 9464 7770 7771 
11037 7602 7612 7604 
11038 7612 7611 7613 
11039 7903 7613 7611 
11040 7903 7904 7613 
11041 7615 7614 7366 
11042 7385 7614 7387 
11043 7367 7615 7366 
11044 7910 7365 7909 
11045 7762 7760 7766 
11046 7387 7757 7388 
11047 5421 5168 7617 
11048 7394 7618 5409 
11049 7395 5421 7618 
11050 7623 7622 7397 
11051 7399 7622 6884 
11052 6886 7624 9427 
11053 7625 503 6887 
11054 9429 9428 6882 
11055 9431 7626 9436 
11056 9426 7397 9427 
11057 503 7625 9458 
11058 7397 9426 7623 
11059 7626 9433 9437 
11060 522 7401 7627 
11061 7775 7627 7401 
11062 7779 7716 7719 
11063 7628 7782 7927 
11064 7166 7629 7170 
11065 7632 7194 7183 
11066 7630 7631 7632 
11067 7632 7633 7630 
11068 7632 7631 7629 
11069 7631 7630 7634 
11070 7194 7632 7629 
11071 7632 7183 7633 
11072 7637 7633 7183 
11073 7635 7414 3924 
11074 7630 7635 9014 
11075 8994 9008 9009 
11076 3924 3921 7635 
11077 9014 3921 9012 
11078 4123 7636 6074 
11079 4122 7412 7636 
11080 7638 7637 7188 
11081 7633 7637 7414 
11082 7182 7638 7188 
11083 7200 7640 7639 
11084 7414 7638 7639 
11085 7200 7639 7638 
11086 7193 7640 7200 
11087 7641 7640 7199 
11088 7643 7641 7199 
11089 7641 7418 8982 
11090 7195 7642 7191 
11091 9319 7642 7173 
11092 4108 8992 7644 
11093 7641 7643 7418 
11094 2199 7644 2215 
11095 7418 7643 7644 
11096 7423 7645 7415 
11097 7645 7422 7648 
11098 7648 7422 7649 
11099 7648 7649 7856 
11100 7648 7647 7645 
11101 8039 7647 7646 
11102 7422 9407 7649 
11103 7647 7648 7646 
11104 7779 7628 7778 
11105 7711 7707 7709 
11106 6692 7650 7230 
11107 7651 7650 6691 
11108 6691 6694 7652 
11109 7653 7651 7216 
11110 7652 6490 9320 
11111 6691 7652 7651 
11112 8120 8205 7224 
11113 7653 7786 7928 
11114 6946 7654 7230 
11115 7434 8399 9322 
11116 6966 7735 7934 
11117 7360 7359 7791 
11118 7473 8370 7656 
11119 7456 7475 7656 
11120 7658 7458 7463 
11121 7665 7664 7464 
11122 7461 7658 7463 
11123 7464 7657 7658 
11124 7792 7935 7936 
11125 7659 7660 7661 
11126 7660 7935 7793 
11127 7661 7660 7590 
11128 7590 7134 7661 
11129 7665 7661 7134 
11130 7480 7471 7667 
11131 7476 7657 7663 
11132 7663 7662 9476 
11133 7663 7666 7667 
11134 7464 7661 7665 
11135 7662 7663 7664 
11136 7665 7134 9414 
11137 7662 7664 7665 
11138 7872 7874 7589 
11139 7741 7871 7869 
11140 7480 7667 7666 
11141 7471 7476 7667 
11142 7465 7482 7668 
11143 7482 7669 7670 
11144 7482 7480 7942 
11145 7964 7959 7972 
11146 7672 7670 7669 
11147 7475 7670 7674 
11148 7974 7671 8138 
11149 7966 7969 7967 
11150 7669 8062 8138 
11151 7674 7672 7671 
11152 7482 7942 7943 
11153 7970 7962 7964 
11154 7675 7674 7671 
11155 7674 7473 7475 
11156 7964 7673 7970 
11157 9623 8218 8428 
11158 8070 7676 7984 
11159 9806 9497 8071 
11160 6552 7989 7988 
11161 7266 7677 7805 
11162 7806 7993 7501 
11163 7680 7679 7058 
11164 7502 7679 7994 
11165 7809 7680 7058 
11166 7680 7503 7995 
11167 7682 7681 7273 
11168 7830 7690 7505 
11169 7056 7682 7273 
11170 7502 7272 7684 
11171 7687 7686 3112 
11172 3373 7681 7683 
11173 7272 7824 7831 
11174 7505 7682 7684 
11175 7994 7679 7680 
11176 7814 6350 2282 
11177 7683 361 7686 
11178 4332 7687 3112 
11179 3373 7683 7687 
11180 7813 7688 361 
11181 7505 7690 7683 
11182 7814 7815 6350 
11183 7832 7280 7060 
11184 7692 7691 7506 
11185 7692 7506 7693 
11186 7692 6584 6586 
11187 7506 7694 7693 
11188 7695 7304 7526 
11189 7832 7696 7506 
11190 7695 7694 7304 
11191 6588 7693 7695 
11192 7695 7693 7694 
11193 7699 7507 7698 
11194 7700 7304 7694 
11195 7698 7697 6249 
11196 7281 7697 7507 
11197 6935 7698 6249 
11198 7699 7698 6934 
11199 9412 7700 7699 
11200 7696 7507 7699 
11201 7700 7527 9411 
11202 7696 7699 7700 
11203 5698 5699 7833 
11204 7844 8029 7839 
11205 7310 7702 6791 
11206 7105 7702 7516 
11207 9411 7703 7304 
11208 7704 7312 7112 
11209 7112 7310 7704 
11210 7310 6791 7846 
11211 9402 7705 7300 
11212 9413 7705 7307 
11213 7518 7848 7847 
11214 7851 7852 7853 
11215 7708 7709 7552 
11216 7555 7710 7709 
11217 7550 7708 7536 
11218 7709 7708 7555 
11219 7720 7721 7555 
11220 7707 7552 7709 
11221 7855 7856 7714 
11222 7857 7548 7717 
11223 7711 7710 7713 
11224 7707 7711 7715 
11225 7712 7713 7714 
11226 7860 8035 8034 
11227 7714 7713 7710 
11228 7713 7712 7715 
11229 7855 7714 7710 
11230 8036 7714 7649 
11231 7715 7712 7718 
11232 7546 7715 7717 
11233 7718 7719 7716 
11234 7858 7571 7857 
11235 7718 7717 7715 
11236 7857 7717 7716 
11237 7719 7718 7712 
11238 7717 7718 7716 
11239 7712 7714 7860 
11240 7780 7782 7781 
11241 7861 7554 7196 
11242 7555 7550 7720 
11243 7720 7554 7861 
11244 7855 7721 7646 
11245 7106 7107 7863 
11246 7517 7556 7864 
11247 7553 7723 7530 
11248 7517 7723 7556 
11249 7327 7724 7321 
11250 7725 7724 6897 
11251 6642 7559 7725 
11252 7725 7559 7724 
11253 7730 7325 7559 
11254 7726 7560 7727 
11255 7731 7732 7560 
11256 6826 6819 7727 
11257 7729 7728 6227 
11258 6826 7727 7728 
11259 6226 7729 6227 
11260 7729 6224 6829 
11261 7731 7730 6642 
11262 7726 7730 7560 
11263 9460 6642 6896 
11264 7732 6221 6227 
11265 7560 7732 7728 
11266 7732 7731 9460 
11267 7569 7849 7851 
11268 7851 7853 7733 
11269 7576 7734 7578 
11270 7577 7583 7734 
11271 7583 7360 7790 
11272 6966 7578 7735 
11273 7130 7587 7736 
11274 7368 7736 7587 
11275 7132 7737 6835 
11276 7738 7737 7133 
11277 7739 7738 7133 
11278 7738 7739 7740 
11279 7941 7939 7133 
11280 7940 7866 7938 
11281 8044 7740 6985 
11282 7371 7868 7370 
11283 7870 6856 7875 
11284 8063 7945 7947 
11285 7373 7590 7742 
11286 6618 7742 7590 
11287 7743 7599 9416 
11288 7605 7743 7594 
11289 7746 7606 7603 
11290 7750 7753 7744 
11291 7895 4882 7897 
11292 7745 9462 9461 
11293 7746 7610 7748 
11294 7606 7746 7750 
11295 7748 9462 7749 
11296 7752 4480 9107 
11297 7748 7610 9462 
11298 7750 7748 7747 
11299 7890 7891 7745 
11300 8047 7894 7895 
11301 7751 7750 7747 
11302 7744 7889 7750 
11303 7752 7751 7747 
11304 7751 4486 7753 
11305 7752 8047 7897 
11306 4884 7896 4882 
11307 4486 7898 7753 
11308 7899 7898 3061 
11309 7609 7754 7608 
11310 7612 7754 7598 
11311 7769 7770 7611 
11312 7755 7905 7904 
11313 7892 7356 7361 
11314 7754 7906 7608 
11315 7616 7758 7757 
11316 7761 7758 7602 
11317 7763 7762 7758 
11318 7602 7604 7761 
11319 7388 7757 7759 
11320 7758 7759 7757 
11321 7764 7763 7616 
11322 7764 7765 7760 
11323 7761 7604 7601 
11324 7758 7761 7759 
11325 7760 7907 7766 
11326 7612 7767 7611 
11327 7616 8050 7764 
11328 7760 7762 7763 
11329 7764 7372 7765 
11330 7760 7763 7764 
11331 7372 7908 7765 
11332 7370 7911 7908 
11333 6970 7912 6969 
11334 7768 7769 7766 
11335 7602 7762 7767 
11336 7766 7767 7762 
11337 7771 7770 7768 
11338 7767 7769 7611 
11339 7766 7769 7767 
11340 7770 7769 7768 
11341 7771 7768 6967 
11342 7770 7755 7903 
11343 9463 6967 7234 
11344 9463 9464 7771 
11345 7394 7773 7395 
11346 5412 7773 5720 
11347 7775 7401 7398 
11348 7774 7924 7925 
11349 7776 7775 6891 
11350 5762 7776 6891 
11351 5775 7627 7776 
11352 7778 7777 7403 
11353 6420 7777 7628 
11354 7779 7778 7161 
11355 7777 7778 7628 
11356 7779 7161 7858 
11357 7719 8034 7781 
11358 7719 7712 7860 
11359 8035 8037 8038 
11360 7719 7781 7779 
11361 7780 8038 7782 
11362 6423 6424 7927 
11363 7628 7781 7782 
11364 7631 7783 7408 
11365 9011 7783 7634 
11366 7215 7784 7216 
11367 7784 7214 8205 
11368 7933 8119 8122 
11369 7653 7932 7786 
11370 7786 8060 7929 
11371 7931 8336 6946 
11372 7234 7787 7439 
11373 6953 7787 7438 
11374 7439 7655 7788 
11375 7788 7655 7790 
11376 7362 7789 7357 
11377 7439 7789 7363 
11378 7934 7655 6966 
11379 7583 7790 7735 
11380 7357 7788 7791 
11381 7790 7791 7788 
11382 7463 7937 7461 
11383 7941 7792 7939 
11384 6607 7793 7131 
11385 7590 7793 6618 
11386 7874 9476 9477 
11387 7794 7948 7945 
11388 9490 9485 9488 
11389 6748 6999 9483 
11390 7797 6777 6538 
11391 7798 7796 7256 
11392 6765 7797 6538 
11393 7256 7796 7797 
11394 7256 6765 9466 
11395 7495 7798 7262 
11396 8302 8301 7801 
11397 7804 7985 7262 
11398 7802 7800 7799 
11399 7802 7804 7800 
11400 9467 7799 9466 
11401 8161 8175 8177 
11402 7799 9467 8302 
11403 7802 7801 7804 
11404 7827 7828 7825 
11405 8011 8000 8010 
11406 8246 8172 8239 
11407 7678 7988 7990 
11408 7990 9495 7992 
11409 8076 6549 8077 
11410 7497 7987 7807 
11411 8080 7993 7806 
11412 6548 7807 6550 
11413 7988 7807 6552 
11414 7990 7988 7989 
11415 7993 8157 8159 
11416 7274 7809 7058 
11417 7055 9632 7809 
11418 8005 8014 8003 
11419 8090 8092 8089 
11420 8097 8182 7825 
11421 7818 7816 7817 
11422 361 7690 7813 
11423 7815 7814 7813 
11424 2200 7813 7814 
11425 7815 7813 7690 
11426 7690 7685 7815 
11427 7817 7815 7818 
11428 7995 7996 7811 
11429 7821 7819 7822 
11430 7818 7815 7685 
11431 7819 7817 7816 
11432 7685 7831 7824 
11433 7826 7823 7816 
11434 7819 7816 7822 
11435 7819 2283 9286 
11436 7818 7826 7816 
11437 8017 7822 7823 
11438 7821 7820 7827 
11439 9285 7821 3212 
11440 7823 7822 7816 
11441 7821 7822 7820 
11442 7999 7996 7503 
11443 8000 8002 8010 
11444 7272 7811 7824 
11445 7996 7998 7811 
11446 8000 8011 7823 
11447 8180 8097 7825 
11448 7818 7824 7826 
11449 7998 7824 7811 
11450 7828 7827 7820 
11451 7827 7825 9469 
11452 8002 7996 7999 
11453 8097 8180 8095 
11454 2210 7829 2200 
11455 1219 7688 7829 
11456 7684 7830 7505 
11457 7685 7690 7830 
11458 7685 7830 7831 
11459 7684 7831 7830 
11460 7691 7832 7506 
11461 7060 7696 7832 
11462 7835 7833 5695 
11463 7836 3992 7701 
11464 7835 7836 7834 
11465 7701 3992 8024 
11466 7836 7835 5695 
11467 7836 5695 9470 
11468 7701 7840 7834 
11469 8029 7845 8027 
11470 8031 8028 8030 
11471 9475 7837 9474 
11472 7841 7833 7835 
11473 9474 7840 4795 
11474 9499 7840 7837 
11475 7834 7836 7701 
11476 7837 7840 9474 
11477 9804 7843 3354 
11478 7844 7843 7845 
11479 7841 8026 7833 
11480 7845 7843 7842 
11481 7844 7845 8029 
11482 7839 8030 8028 
11483 7844 3354 7843 
11484 7842 8026 7845 
11485 8027 7841 7838 
11486 7703 7846 7526 
11487 7310 7846 7704 
11488 7848 7518 7106 
11489 7847 7706 7849 
11490 7106 7722 7848 
11491 7850 7549 7852 
11492 7851 7849 7706 
11493 7569 7562 7849 
11494 7848 7722 7850 
11495 7722 7864 7865 
11496 7852 7851 7706 
11497 7569 7851 7733 
11498 7850 7852 7706 
11499 7852 7549 7853 
11500 8032 7549 7553 
11501 7853 8032 8033 
11502 7540 7707 7854 
11503 7546 7854 7707 
11504 7721 7855 7710 
11505 7856 7855 7646 
11506 7648 7856 7646 
11507 7714 7856 7649 
11508 7858 7857 7716 
11509 7564 7859 7571 
11510 7779 7858 7716 
11511 7571 7858 7161 
11512 7564 7733 7859 
11513 7548 7859 7733 
11514 8036 7425 8035 
11515 7781 8034 7780 
11516 7196 7647 8039 
11517 7720 7861 7721 
11518 7515 7862 7100 
11519 7864 7862 7517 
11520 7106 7863 7722 
11521 7102 7863 7107 
11522 7865 7864 7556 
11523 7862 7864 7722 
11524 7549 7865 7556 
11525 7722 7865 7850 
11526 7938 8042 7939 
11527 8043 7866 7940 
11528 6738 8046 8045 
11529 8056 8109 8110 
11530 7368 7740 7868 
11531 7868 7740 8044 
11532 7870 7869 6856 
11533 7741 7872 7871 
11534 7877 7870 7875 
11535 7953 7880 7888 
11536 7871 7589 9414 
11537 7154 7869 7871 
11538 7873 7872 7741 
11539 9476 7666 7663 
11540 7877 7875 8327 
11541 7880 7879 7888 
11542 7874 8065 8064 
11543 8064 7949 9476 
11544 6851 7875 6856 
11545 8326 8324 7876 
11546 8200 7921 5722 
11547 8193 8195 8197 
11548 7881 7877 7876 
11549 7741 7878 7873 
11550 7870 7877 7878 
11551 7877 7881 7880 
11552 7879 7881 7883 
11553 7883 7885 7879 
11554 7877 7880 7878 
11555 7887 7888 7879 
11556 8325 7876 8324 
11557 7880 7881 7879 
11558 8324 8280 8323 
11559 8275 8195 8272 
11560 8325 7881 7876 
11561 7882 9610 7885 
11562 7947 7944 7957 
11563 7879 7885 7887 
11564 7882 7885 7883 
11565 8067 7887 7885 
11566 7954 7956 7960 
11567 7945 7943 7794 
11568 8067 7885 7884 
11569 7887 7886 7888 
11570 7955 7944 7952 
11571 7945 7950 7944 
11572 7750 7889 7606 
11573 7381 7889 7744 
11574 7891 7890 7353 
11575 7892 7890 7745 
11576 7353 9478 7894 
11577 9462 7891 7749 
11578 7892 7745 9461 
11579 7892 7756 7356 
11580 7353 7352 9478 
11581 7895 4654 4882 
11582 7353 7894 7891 
11583 7895 7894 7893 
11584 4654 7895 7893 
11585 7896 7897 4882 
11586 4480 7752 7896 
11587 7896 7752 7897 
11588 8047 7752 7747 
11589 7895 7897 8047 
11590 7898 4486 9107 
11591 3061 3062 7899 
11592 7900 7899 3059 
11593 7898 7899 8049 
11594 3059 3738 7901 
11595 7902 7379 7381 
11596 3059 7901 7900 
11597 9405 7901 3326 
11598 8048 7381 7744 
11599 7902 8048 8049 
11600 7770 7903 7611 
11601 7904 7903 7755 
11602 9464 7905 7755 
11603 7904 7756 7906 
11604 7363 7356 7905 
11605 7756 7905 7356 
11606 7904 7906 7613 
11607 7892 7906 7756 
11608 7766 7907 6969 
11609 7760 7765 7907 
11610 7909 7908 7372 
11611 7911 7370 8051 
11612 7909 7372 7910 
11613 7370 7909 7371 
11614 7372 7764 8050 
11615 7615 7365 7910 
11616 8055 8046 9500 
11617 7765 8052 6971 
11618 6967 7768 7912 
11619 6969 7912 7768 
11620 8068 8142 8144 
11621 7627 5775 7925 
11622 7925 7924 7627 
11623 7774 7926 5757 
11624 7925 5775 7926 
11625 5770 7926 5775 
11626 7628 7927 6420 
11627 6423 7927 7782 
11628 7653 7928 7433 
11629 7929 7928 7786 
11630 8060 7932 7933 
11631 8220 7930 8132 
11632 8060 7933 7930 
11633 8123 7930 7933 
11634 8130 8129 8125 
11635 8296 8298 7931 
11636 7784 7932 7653 
11637 7932 7785 7933 
11638 7785 8120 8119 
11639 7975 7971 7978 
11640 7735 7790 7934 
11641 7655 7934 7790 
11642 7793 7935 7131 
11643 7936 7935 7660 
11644 7659 7936 7660 
11645 7937 7936 7461 
11646 7938 7937 7454 
11647 7939 7937 7938 
11648 7940 7938 7454 
11649 7866 8041 8042 
11650 7133 7939 7739 
11651 7792 7937 7939 
11652 7455 7940 7454 
11653 7940 6986 8043 
11654 7737 7941 7133 
11655 7935 7941 7131 
11656 7666 7942 7480 
11657 7943 7942 7794 
11658 7950 7945 7948 
11659 7669 7482 7943 
11660 7950 7952 7944 
11661 7669 7943 8063 
11662 7948 7794 7949 
11663 7945 7944 7947 
11664 8064 8065 8066 
11665 7951 7950 7946 
11666 7944 7955 7957 
11667 8062 7947 7673 
11668 7949 7794 7666 
11669 7948 7946 7950 
11670 7949 7666 9476 
11671 7946 7948 7949 
11672 7946 8066 7951 
11673 7950 7951 7952 
11674 7873 7953 7951 
11675 7951 7888 7952 
11676 7886 7956 7888 
11677 7956 7954 7955 
11678 7880 7953 7873 
11679 7888 7951 7953 
11680 8067 7886 7887 
11681 7959 7962 7965 
11682 7956 7955 7952 
11683 7955 7954 7957 
11684 7888 7956 7952 
11685 7956 7886 7960 
11686 7962 7957 7954 
11687 7947 7957 7970 
11688 7958 7960 7961 
11689 7967 7959 7965 
11690 7965 7954 8225 
11691 7973 7974 7673 
11692 7961 7960 7886 
11693 7960 7958 8225 
11694 8139 8142 8068 
11695 7961 8140 8142 
11696 8225 7958 8224 
11697 7962 7959 7964 
11698 8139 7958 7961 
11699 7959 7967 7969 
11700 7673 7964 7973 
11701 7954 7965 7962 
11702 7963 8226 7967 
11703 8141 8224 8139 
11704 8119 7933 7785 
11705 7963 7967 7965 
11706 7966 7968 7969 
11707 7933 8122 8123 
11708 7978 7979 8347 
11709 7959 7969 7972 
11710 7947 7970 7673 
11711 7962 7970 7957 
11712 7969 7976 7972 
11713 7671 7974 7975 
11714 7976 7969 7968 
11715 7973 7972 7971 
11716 7972 7973 7964 
11717 7974 7973 7971 
11718 7975 7974 7971 
11719 7671 7672 8138 
11720 7979 7978 7971 
11721 7675 7671 7975 
11722 8068 8144 8149 
11723 8215 8210 8213 
11724 8146 7976 7968 
11725 7980 9623 9482 
11726 7971 7972 7979 
11727 7978 7977 7980 
11728 7972 7976 7979 
11729 7976 8300 8347 
11730 8215 8217 8219 
11731 8332 8212 8372 
11732 7982 7981 6745 
11733 7981 7795 7983 
11734 7984 7982 6745 
11735 7982 7676 9492 
11736 7795 9484 7983 
11737 9283 477 9281 
11738 6744 7984 6745 
11739 7984 6997 8070 
11740 8078 8079 7991 
11741 7805 7677 8072 
11742 8152 8072 8073 
11743 7804 8236 7985 
11744 7987 7497 7498 
11745 6550 7807 7987 
11746 7989 6552 8075 
11747 7678 7807 7988 
11748 6549 8076 7989 
11749 7989 7991 9495 
11750 8076 8078 7989 
11751 7990 7992 8080 
11752 8153 8074 8152 
11753 8082 8159 7808 
11754 8160 8158 7992 
11755 7993 8080 8157 
11756 8080 7806 7678 
11757 7811 7272 7994 
11758 7996 7995 7503 
11759 7502 7994 7272 
11760 7994 7995 7811 
11761 8001 7999 7503 
11762 7998 7826 7824 
11763 8083 8005 8009 
11764 8184 8359 8361 
11765 8000 7998 7996 
11766 7823 7826 7998 
11767 7503 9633 8001 
11768 8000 7823 7998 
11769 7997 8002 7999 
11770 7996 8002 8000 
11771 8005 8001 7810 
11772 7999 8001 8083 
11773 8007 8002 7997 
11774 8010 8007 8012 
11775 8610 8008 9630 
11776 8022 8009 8003 
11777 8083 8009 7997 
11778 8253 8181 8254 
11779 9631 8014 8005 
11780 8005 8003 8009 
11781 8012 8013 8085 
11782 8016 7828 8017 
11783 8084 7997 8009 
11784 8012 8007 8004 
11785 8620 8588 8621 
11786 8003 8014 8019 
11787 8021 8022 8003 
11788 8007 7997 8084 
11789 8007 8010 8002 
11790 8010 8006 8011 
11791 8011 8006 8016 
11792 7822 8017 7820 
11793 8013 8012 8004 
11794 8010 8012 8006 
11795 8004 8015 8319 
11796 8257 8259 8185 
11797 9631 8005 7810 
11798 8587 8019 8014 
11799 8019 8021 8003 
11800 8317 8318 8271 
11801 8006 8085 8016 
11802 8016 8085 8087 
11803 7823 8011 8017 
11804 8016 8017 8011 
11805 8540 8586 8560 
11806 8175 8164 8174 
11807 8587 8014 8008 
11808 8018 8557 8021 
11809 8263 8261 8262 
11810 8305 8408 8410 
11811 8018 8021 8019 
11812 8021 8020 8022 
11813 8022 8260 8186 
11814 8022 8015 8084 
11815 8013 8088 8085 
11816 8087 8086 8095 
11817 8025 8024 3992 
11818 8024 3988 9116 
11819 4644 8025 3992 
11820 3988 8025 3991 
11821 7833 8026 7842 
11822 8027 8026 7841 
11823 8026 8027 7845 
11824 7838 8104 8030 
11825 8030 8027 7838 
11826 8912 8028 8031 
11827 8030 7839 8029 
11828 7837 9496 8104 
11829 8027 8030 8029 
11830 9496 8031 8104 
11831 4794 8911 8912 
11832 8033 8032 7538 
11833 7549 8032 7853 
11834 7547 8033 7538 
11835 7548 7853 8033 
11836 7719 7860 8034 
11837 7860 8036 8035 
11838 8035 7425 8037 
11839 7780 8034 8035 
11840 7714 8036 7860 
11841 7425 8036 7649 
11842 6640 9301 9302 
11843 9298 6633 6635 
11844 8035 8038 7780 
11845 8038 8037 9299 
11846 7721 8039 7646 
11847 7196 8039 7861 
11848 6738 8040 6984 
11849 8041 8040 6985 
11850 8042 8041 7739 
11851 8040 8041 7866 
11852 7939 8042 7739 
11853 7866 8042 7938 
11854 8043 6986 7452 
11855 8040 8043 6984 
11856 6985 8040 8045 
11857 8044 7867 8051 
11858 8046 6738 8105 
11859 7867 8044 8045 
11860 8106 8046 8105 
11861 9500 8106 8108 
11862 7748 8047 7747 
11863 8047 7749 7894 
11864 8049 8048 7753 
11865 7381 8048 7902 
11866 7898 8049 7753 
11867 7900 8049 7899 
11868 7615 7910 8050 
11869 7372 8050 7910 
11870 7868 8051 7370 
11871 8055 8051 7867 
11872 7908 8052 7765 
11873 8052 7911 8054 
11874 7911 8055 8054 
11875 8108 6110 8109 
11876 7911 8051 8055 
11877 8054 8053 8056 
11878 8046 8055 7867 
11879 8053 8054 8055 
11880 8056 8053 8109 
11881 8056 8110 8111 
11882 7929 8060 7930 
11883 7932 8060 7786 
11884 8209 8207 7221 
11885 8146 8300 7976 
11886 7673 7974 8138 
11887 8063 8062 7669 
11888 7945 8063 7943 
11889 8062 8063 7947 
11890 7874 7872 8065 
11891 7946 7949 8064 
11892 7872 7873 8065 
11893 7873 7951 8066 
11894 8064 8066 7946 
11895 7873 8066 8065 
11896 7884 7961 8067 
11897 7886 8067 7961 
11898 8145 8068 8149 
11899 8226 8224 8141 
11900 8123 8121 8125 
11901 8286 8211 8208 
11902 6998 9497 6997 
11903 9497 9498 8071 
11904 9186 9183 9194 
11905 9695 9696 9697 
11906 7677 7985 8072 
11907 8072 7985 8238 
11908 8240 8073 8238 
11909 8153 7986 8074 
11910 8152 8074 7805 
11911 8076 8077 8156 
11912 6551 8075 6552 
11913 6549 7989 8075 
11914 6549 6547 8077 
11915 8078 8076 7986 
11916 8155 8077 6547 
11917 7986 8156 8074 
11918 8079 8078 7986 
11919 7989 8078 7991 
11920 8236 8238 7985 
11921 8158 8081 8157 
11922 7990 8080 7678 
11923 8157 8080 7992 
11924 8160 7992 9495 
11925 8163 8161 8250 
11926 7999 8083 7997 
11927 8005 8083 8001 
11928 8022 8084 8009 
11929 8159 8082 8162 
11930 8007 8084 8015 
11931 8012 8085 8006 
11932 8088 8087 8085 
11933 8088 8090 8258 
11934 8185 8258 8256 
11935 8086 8316 8095 
11936 7828 8016 8087 
11937 8090 8088 8013 
11938 8086 8087 8088 
11939 8322 8092 8013 
11940 8092 8094 8089 
11941 8004 8320 8322 
11942 8090 8089 8258 
11943 8015 8022 8186 
11944 8092 8091 8366 
11945 8013 8092 8090 
11946 8317 8319 8186 
11947 8096 8101 8102 
11948 8094 8092 8366 
11949 8101 8096 8099 
11950 9612 9613 8259 
11951 8095 8023 8097 
11952 7828 8087 8095 
11953 8361 8359 8360 
11954 8094 8093 8099 
11955 8181 8097 8023 
11956 3580 9469 8182 
11957 8098 8096 8255 
11958 8316 8185 8315 
11959 8093 8425 8101 
11960 8098 8099 8096 
11961 8318 8321 8271 
11962 8241 8243 8245 
11963 8093 8101 8099 
11964 8101 8100 8418 
11965 8304 8301 7803 
11966 8305 8410 8303 
11967 8161 8165 8250 
11968 8239 8237 8242 
11969 7838 7510 9499 
11970 8031 8030 8104 
11971 6983 8105 6738 
11972 8106 8105 6704 
11973 8107 8106 6704 
11974 8108 8106 6110 
11975 6737 8107 6704 
11976 6110 8107 6117 
11977 8109 6110 6108 
11978 8053 8055 9500 
11979 8109 6108 8110 
11980 8053 8108 8109 
11981 9312 8110 6108 
11982 8111 8110 6963 
11983 6963 6961 8111 
11984 8112 8111 6961 
11985 6970 8112 6961 
11986 8056 8112 6971 
11987 6971 8112 8113 
11988 6970 8113 8112 
11989 8272 8195 8118 
11990 7785 8205 8120 
11991 8061 8281 8122 
11992 8206 8120 7224 
11993 8061 8119 8120 
11994 8209 8211 8207 
11995 8134 8124 8128 
11996 8061 8122 8119 
11997 8122 8121 8123 
11998 8128 8124 8125 
11999 8123 8129 7930 
12000 8127 8130 8136 
12001 8132 7930 8129 
12002 8281 8283 8121 
12003 8125 8124 8130 
12004 8281 8061 8211 
12005 8341 8299 8342 
12006 8221 8134 8135 
12007 8297 8296 8132 
12008 8283 8125 8121 
12009 8126 8293 8134 
12010 8125 8129 8123 
12011 8132 8129 8127 
12012 8221 8136 8130 
12013 8129 8130 8127 
12014 8290 8282 8287 
12015 8137 8127 8136 
12016 8297 8223 8296 
12017 8132 7931 8220 
12018 8133 8221 8135 
12019 8379 8294 8397 
12020 8126 8134 8128 
12021 8134 8131 8135 
12022 8292 8131 8293 
12023 8135 8373 8333 
12024 8221 8130 8124 
12025 8136 8133 8472 
12026 8135 8333 8133 
12027 8296 7931 8132 
12028 7669 8138 7672 
12029 7673 8138 8062 
12030 7961 7884 8279 
12031 8139 8068 8141 
12032 8199 8203 8277 
12033 8143 8144 9830 
12034 8300 8146 9617 
12035 7967 8226 7966 
12036 7961 8142 8139 
12037 8140 9830 8144 
12038 7923 9609 8272 
12039 8227 8226 8141 
12040 8140 8144 8142 
12041 8141 8068 8145 
12042 8344 8345 8343 
12043 7968 7966 8229 
12044 8233 9607 8150 
12045 9529 9546 9547 
12046 8226 8227 7966 
12047 8229 7966 8227 
12048 9529 9547 8150 
12049 9608 8144 8143 
12050 8234 8228 8230 
12051 9604 8145 8149 
12052 8340 8228 8299 
12053 8153 8248 8079 
12054 7804 7801 8243 
12055 8072 8152 7805 
12056 8152 8073 8153 
12057 8073 8240 8248 
12058 8079 7986 8153 
12059 8307 8171 8172 
12060 8163 8081 8158 
12061 8155 6547 7263 
12062 7264 8077 8155 
12063 8076 8156 7986 
12064 7264 8156 8077 
12065 8158 8157 7992 
12066 8159 8157 8081 
12067 8163 8164 8161 
12068 8249 8163 8250 
12069 8159 8081 8249 
12070 8082 6778 8162 
12071 8079 8167 7991 
12072 8079 8168 8167 
12073 8166 8163 8158 
12074 8170 8174 8164 
12075 7501 8162 6778 
12076 7993 8159 8162 
12077 8166 8158 8160 
12078 8177 8165 8161 
12079 8166 8160 8167 
12080 8167 8170 8164 
12081 8358 8420 8357 
12082 8178 7808 8249 
12083 8160 7991 8167 
12084 8163 8166 8164 
12085 8079 8248 8168 
12086 8164 8166 8167 
12087 8171 8168 8154 
12088 8167 8168 8170 
12089 8154 8172 8171 
12090 8266 8269 8265 
12091 8171 8170 8168 
12092 8169 8353 8174 
12093 8154 8240 8172 
12094 8170 8171 8169 
12095 8237 8151 8236 
12096 8474 8246 8239 
12097 8350 8241 8245 
12098 8310 6356 8165 
12099 8169 8174 8170 
12100 8175 8174 8173 
12101 8307 8247 8351 
12102 8164 8175 8161 
12103 8172 8246 8247 
12104 6356 8178 8165 
12105 8356 8175 8173 
12106 8250 8178 8249 
12107 8353 8351 8308 
12108 8353 8354 8173 
12109 7825 7828 8180 
12110 8179 6356 8310 
12111 8095 8180 7828 
12112 8252 8181 8023 
12113 4206 8253 4202 
12114 8097 8181 8182 
12115 8183 8181 3576 
12116 3579 8183 3576 
12117 3580 8182 8183 
12118 8255 8096 8311 
12119 9016 8313 9618 
12120 8098 8255 8257 
12121 8185 8259 8315 
12122 8260 8022 8020 
12123 8317 8186 8103 
12124 8118 8195 8193 
12125 8272 8118 7923 
12126 8277 8203 8195 
12127 8195 8275 8277 
12128 5722 8197 8200 
12129 7882 8325 8323 
12130 8328 8280 5415 
12131 8197 8203 8200 
12132 8200 8203 8204 
12133 5398 9598 8202 
12134 8195 8203 8197 
12135 8204 8203 8199 
12136 8280 8204 8199 
12137 8328 6853 9615 
12138 7784 8205 7785 
12139 8205 7214 9321 
12140 7225 8206 7224 
12141 8207 8206 7221 
12142 8209 7221 8210 
12143 8120 8207 8061 
12144 8215 8208 8210 
12145 8211 8061 8207 
12146 7221 7223 8210 
12147 8209 8208 8211 
12148 8213 8210 7218 
12149 8208 8209 8210 
12150 8215 8219 8208 
12151 8281 8121 8122 
12152 8213 7218 8214 
12153 9599 7980 7977 
12154 7218 8284 8214 
12155 8213 8212 8215 
12156 8330 8214 7211 
12157 8213 8214 8372 
12158 9603 8217 8218 
12159 8215 8212 8217 
12160 8347 7977 7978 
12161 8287 8462 8290 
12162 8218 8217 8212 
12163 8217 8216 8219 
12164 8332 8372 8330 
12165 8218 7980 9599 
12166 9600 9601 9602 
12167 8282 8126 8283 
12168 6946 8220 7931 
12169 7930 8220 7929 
12170 8136 8221 8133 
12171 8134 8221 8124 
12172 8473 8137 8472 
12173 8135 8131 8295 
12174 8401 8338 8400 
12175 8437 8402 8338 
12176 8225 8224 7963 
12177 8139 8224 7958 
12178 7965 8225 7963 
12179 7960 8225 7954 
12180 8224 8226 7963 
12181 8227 8141 8145 
12182 8145 8147 8227 
12183 8229 8227 8230 
12184 8228 8229 8230 
12185 8146 8340 8339 
12186 8230 8227 8147 
12187 7968 8229 8228 
12188 8147 8232 8230 
12189 8232 8234 8230 
12190 8232 8233 8231 
12191 8069 8146 8339 
12192 8232 8147 8233 
12193 8232 8231 8234 
12194 8147 9604 8233 
12195 9501 9605 9606 
12196 9546 9529 9544 
12197 8379 8375 8222 
12198 8291 8282 8290 
12199 9599 9600 9602 
12200 8237 8236 7804 
12201 8238 8236 8151 
12202 8172 8151 8239 
12203 8151 8237 8239 
12204 8240 8238 8151 
12205 8238 8073 8072 
12206 8242 8243 8241 
12207 8245 7801 8301 
12208 8172 8240 8151 
12209 8248 8240 8154 
12210 8268 8103 8264 
12211 8264 8260 8262 
12212 8243 8242 8237 
12213 8445 8474 8241 
12214 7804 8243 8237 
12215 8243 7801 8245 
12216 8266 8268 8264 
12217 8315 8259 8314 
12218 8304 8306 8301 
12219 8419 8443 8444 
12220 8474 8239 8242 
12221 8246 8244 8247 
12222 8173 8354 8356 
12223 8307 8351 8169 
12224 8073 8248 8153 
12225 8168 8248 8154 
12226 8159 8249 7808 
12227 8163 8249 8081 
12228 8178 8250 8165 
12229 8420 8358 9831 
12230 8265 8269 8270 
12231 4209 4212 8254 
12232 3576 8181 8253 
12233 8254 8181 8252 
12234 4209 8254 8252 
12235 4202 8253 8254 
12236 8311 8096 8102 
12237 8257 8185 8256 
12238 8257 8256 8098 
12239 8185 8316 8258 
12240 8184 8312 8255 
12241 8314 4209 8252 
12242 8258 8086 8088 
12243 8089 8256 8258 
12244 8255 8312 8257 
12245 8259 8312 9612 
12246 8262 8260 8020 
12247 8186 8260 8264 
12248 8018 8540 8557 
12249 8351 8352 8308 
12250 8263 8262 8020 
12251 8264 8262 8261 
12252 8531 8535 8539 
12253 9831 8251 8420 
12254 8266 8264 8261 
12255 8264 8103 8186 
12256 9626 8263 8528 
12257 8306 8350 8245 
12258 8261 9626 8269 
12259 8266 8265 8268 
12260 8580 8618 8524 
12261 8309 8450 8358 
12262 8245 8301 8306 
12263 8366 8423 8093 
12264 8261 8269 8266 
12265 8269 8267 8526 
12266 8176 8422 9832 
12267 8443 8241 8350 
12268 8268 8426 8103 
12269 8320 8004 8319 
12270 9609 7923 8202 
12271 8276 8273 8278 
12272 9609 9598 8273 
12273 8279 8274 8278 
12274 8275 8272 8276 
12275 9610 8274 8279 
12276 8272 9609 8276 
12277 8275 8274 8277 
12278 8273 9830 8278 
12279 8274 8275 8276 
12280 9610 8277 8274 
12281 8323 8277 7882 
12282 8279 8278 8140 
12283 8274 8276 8278 
12284 7961 8279 8140 
12285 8279 7884 9610 
12286 8280 8199 8323 
12287 8328 5415 6853 
12288 8282 8281 8211 
12289 8128 8283 8126 
12290 8286 8282 8211 
12291 8286 8287 8282 
12292 8283 8128 8125 
12293 8282 8283 8281 
12294 7219 8284 7218 
12295 7211 8284 7220 
12296 8331 8330 7211 
12297 8428 8218 8332 
12298 8208 8219 8286 
12299 8286 8219 8287 
12300 8219 8216 9602 
12301 8219 8288 8287 
12302 9617 8344 8346 
12303 8291 8126 8282 
12304 8344 8343 8480 
12305 8334 8295 8131 
12306 8462 8287 8288 
12307 8290 8289 8291 
12308 8291 8289 8460 
12309 8134 8293 8131 
12310 8346 8461 8462 
12311 8069 8339 8341 
12312 8126 8291 8293 
12313 8292 8293 8291 
12314 8381 8222 8377 
12315 8374 8381 8405 
12316 8334 8131 8292 
12317 8373 8379 8397 
12318 8297 8132 8127 
12319 8298 8296 8223 
12320 8127 8137 8297 
12321 8404 8297 8137 
12322 8400 8298 8223 
12323 8436 9323 8337 
12324 8228 8234 9611 
12325 8431 8345 9622 
12326 9617 8146 8069 
12327 8235 9600 8347 
12328 8302 7801 7802 
12329 8304 7803 8305 
12330 7799 8302 7802 
12331 7803 8301 8302 
12332 8416 8410 8418 
12333 8415 8306 8303 
12334 9467 9468 7803 
12335 8304 8303 8306 
12336 8305 6772 8408 
12337 8303 8304 8305 
12338 8349 8415 8416 
12339 8306 8417 8350 
12340 8171 8307 8169 
12341 8172 8247 8307 
12342 8504 8247 8244 
12343 8420 8310 8357 
12344 8506 8308 8352 
12345 8165 8177 8310 
12346 8177 8356 8357 
12347 8411 8412 8348 
12348 8184 8255 8359 
12349 8184 9618 9612 
12350 8259 8257 8312 
12351 9619 9618 8361 
12352 8313 9614 9613 
12353 8364 8252 8023 
12354 9613 8314 8259 
12355 8364 8314 8252 
12356 8023 8095 8316 
12357 8316 8086 8258 
12358 8023 8316 8315 
12359 8318 8317 8103 
12360 8319 8317 8271 
12361 8457 9625 8426 
12362 8271 8321 8091 
12363 8319 8271 8320 
12364 8186 8319 8015 
12365 8271 8091 8320 
12366 8322 8320 8091 
12367 8365 8456 8425 
12368 8366 8321 8423 
12369 8092 8322 8091 
12370 8004 8322 8013 
12371 8277 8323 8199 
12372 7882 7883 8325 
12373 8327 7876 7877 
12374 5415 8280 8324 
12375 8325 7883 7881 
12376 8323 8325 8324 
12377 6855 8326 6854 
12378 5415 8324 8326 
12379 6854 8327 7875 
12380 7876 8327 8326 
12381 6853 5413 9615 
12382 8204 8280 8328 
12383 7153 5412 9422 
12384 9419 9421 8329 
12385 8331 7211 7428 
12386 8330 8285 8332 
12387 8367 8331 7428 
12388 8285 8331 8368 
12389 8371 8285 8369 
12390 8218 8212 8332 
12391 8373 8135 8295 
12392 8398 8468 8469 
12393 8069 8341 8344 
12394 8295 8334 8375 
12395 8562 8435 359 
12396 8395 8514 8515 
12397 7931 8298 8336 
12398 8337 8336 8298 
12399 8400 8402 8298 
12400 9323 8399 8337 
12401 8401 8223 8404 
12402 8554 8437 8338 
12403 8340 8146 7968 
12404 8341 8339 8299 
12405 8228 8340 7968 
12406 8299 8339 8340 
12407 8299 9611 8342 
12408 8480 8459 8430 
12409 9573 9574 9571 
12410 9622 8387 8382 
12411 9616 8344 8341 
12412 8429 8430 8386 
12413 9616 8341 8342 
12414 8430 8461 8480 
12415 8393 8378 8394 
12416 8377 8222 8375 
12417 9601 8346 8288 
12418 8346 9601 9617 
12419 7976 8347 7979 
12420 8235 8347 8300 
12421 8409 8348 8408 
12422 8359 8311 8412 
12423 8365 8425 8423 
12424 8453 8417 8349 
12425 8306 8415 8417 
12426 8419 8445 8443 
12427 8352 8351 8247 
12428 8308 8354 8353 
12429 8244 8445 9624 
12430 8355 8309 8354 
12431 8174 8353 8173 
12432 8169 8351 8353 
12433 8355 8354 8308 
12434 8356 8177 8175 
12435 8505 8506 8499 
12436 8422 8251 9831 
12437 8354 8309 8356 
12438 8357 8356 8309 
12439 8309 8358 8357 
12440 8177 8357 8310 
12441 8450 8355 8421 
12442 8451 9831 8358 
12443 8255 8311 8359 
12444 8360 8412 8411 
12445 8360 8359 8412 
12446 9619 8362 9620 
12447 9619 8360 8362 
12448 8363 9016 9618 
12449 8411 8413 8360 
12450 8362 8413 8414 
12451 8363 9618 9619 
12452 6930 8997 9621 
12453 8023 8315 8364 
12454 8314 8364 8315 
12455 8424 8423 8321 
12456 8424 8318 8426 
12457 8094 8366 8093 
12458 8091 8321 8366 
12459 7429 8367 7428 
12460 7427 7468 8368 
12461 8368 7467 8369 
12462 8331 8367 8368 
12463 8370 8369 7467 
12464 8369 8370 8371 
12465 8370 7467 7472 
12466 7675 8370 7473 
12467 9482 9623 7675 
12468 8285 8371 8428 
12469 8213 8372 8212 
12470 8330 8372 8214 
12471 8295 8375 8379 
12472 8295 8379 8373 
12473 8379 8374 8294 
12474 8401 8515 8517 
12475 8292 8429 8334 
12476 8376 8375 8334 
12477 8393 8390 8391 
12478 8375 8376 8377 
12479 8380 8377 8376 
12480 8380 8378 8383 
12481 8385 8380 8376 
12482 8387 8378 8380 
12483 8435 8465 8481 
12484 8405 8383 8391 
12485 8386 8382 8385 
12486 8383 8381 8377 
12487 8383 8377 8380 
12488 8401 8517 8338 
12489 8387 9622 8389 
12490 8385 8387 8380 
12491 8393 8383 8378 
12492 8391 8383 8393 
12493 8406 8407 8553 
12494 8481 8482 8405 
12495 8386 8385 8376 
12496 8385 8382 8387 
12497 8429 8376 8334 
12498 8431 8343 8345 
12499 9545 9571 9574 
12500 8342 9575 9577 
12501 8434 8394 8392 
12502 8387 8392 8378 
12503 8387 8389 8392 
12504 8381 8374 8222 
12505 8397 8333 8373 
12506 8470 8487 8485 
12507 8394 8434 8464 
12508 8388 8396 8463 
12509 8394 8378 8392 
12510 8466 8435 8390 
12511 8392 8433 8434 
12512 8390 8393 8394 
12513 8374 8379 8222 
12514 8487 8507 8469 
12515 8433 8392 8389 
12516 359 8466 8464 
12517 8599 8598 8570 
12518 8133 8333 8438 
12519 8483 8374 8405 
12520 8515 8401 8395 
12521 9324 9325 7231 
12522 8336 8399 7434 
12523 8401 8400 8223 
12524 8402 8400 8338 
12525 8473 8471 8514 
12526 8469 8468 8397 
12527 8381 8383 8405 
12528 8298 8402 8337 
12529 6947 8436 8403 
12530 8402 8437 8436 
12531 8297 8404 8223 
12532 8468 8438 8333 
12533 8554 8338 8517 
12534 8404 8137 8395 
12535 8410 8408 8348 
12536 8409 8408 6772 
12537 8439 6772 6773 
12538 8413 8411 8409 
12539 8348 8102 8410 
12540 8410 8102 8418 
12541 8348 8409 8411 
12542 8413 8409 6769 
12543 8311 8102 8412 
12544 8348 8412 8102 
12545 8414 8413 6769 
12546 8362 8360 8413 
12547 8440 8414 6769 
12548 8442 7022 9620 
12549 8416 8415 8303 
12550 8417 8415 8349 
12551 8416 8303 8410 
12552 8416 8100 8456 
12553 8453 8454 8427 
12554 8448 8447 8444 
12555 8101 8418 8102 
12556 8100 8416 8418 
12557 8444 8350 8417 
12558 8419 8444 8447 
12559 8251 8179 8420 
12560 8310 8420 8179 
12561 8449 8503 8504 
12562 8498 8522 8518 
12563 8451 8358 8450 
12564 8452 8475 9832 
12565 8424 8321 8318 
12566 8454 8456 8365 
12567 8318 8103 8426 
12568 8365 8423 8424 
12569 8101 8425 8100 
12570 8093 8423 8425 
12571 8457 8426 8268 
12572 8424 8426 9625 
12573 8268 8265 8457 
12574 8265 8458 8457 
12575 8285 8428 8332 
12576 8371 7675 9623 
12577 8429 8292 8430 
12578 8386 8376 8429 
12579 8292 8460 8430 
12580 8430 8460 8461 
12581 8382 8386 8431 
12582 8431 8386 8459 
12583 8148 9564 9571 
12584 9808 8433 8389 
12585 8388 8463 8432 
12586 8434 8433 8432 
12587 8434 8463 8464 
12588 8601 8603 8577 
12589 8405 8391 8481 
12590 8399 9323 9325 
12591 8402 8436 8337 
12592 482 8403 8437 
12593 8437 8403 8436 
12594 8438 8398 8471 
12595 8472 8438 8473 
12596 6771 8439 6773 
12597 6769 8409 8439 
12598 6771 8440 6769 
12599 8441 8440 6764 
12600 7016 8441 6764 
12601 8414 8441 7013 
12602 8414 7013 8442 
12603 7019 8442 7013 
12604 8444 8443 8350 
12605 8419 9624 8445 
12606 8455 8453 8427 
12607 8477 8448 8458 
12608 8244 8246 8474 
12609 8241 8443 8445 
12610 8452 8421 8493 
12611 8449 9624 8447 
12612 8417 8455 8444 
12613 8447 8446 8496 
12614 8458 8479 8457 
12615 8446 8447 8448 
12616 8477 8478 8446 
12617 8502 8497 8500 
12618 8355 8450 8309 
12619 8451 8450 8421 
12620 8452 8451 8421 
12621 9832 8422 9831 
12622 8355 8308 8506 
12623 8176 8475 8578 
12624 8454 8453 8349 
12625 8427 8479 8455 
12626 8456 8454 8349 
12627 8424 9625 8365 
12628 8444 8455 8448 
12629 8417 8453 8455 
12630 8416 8456 8349 
12631 8425 8456 8100 
12632 8265 8270 8458 
12633 8457 8427 9625 
12634 8477 8458 8270 
12635 8479 8458 8448 
12636 8431 8459 8343 
12637 8386 8430 8459 
12638 8291 8460 8292 
12639 8461 8460 8289 
12640 8462 8461 8289 
12641 8480 8461 8346 
12642 8290 8462 8289 
12643 8346 8462 8288 
12644 8464 8463 8396 
12645 8432 8463 8434 
12646 359 8464 8396 
12647 8394 8464 8390 
12648 8612 8542 8562 
12649 8485 8488 8470 
12650 8464 8466 8390 
12651 359 8435 8466 
12652 8574 8484 8576 
12653 8397 8468 8333 
12654 8398 8438 8468 
12655 8397 8294 8469 
12656 8294 8485 8487 
12657 8483 8405 8482 
12658 8398 8467 8471 
12659 8490 8467 8507 
12660 8473 8514 8395 
12661 8136 8472 8137 
12662 8133 8438 8472 
12663 8471 8473 8438 
12664 8137 8473 8395 
12665 8241 8474 8242 
12666 8244 8474 8445 
12667 8452 8520 8519 
12668 8555 8176 8578 
12669 8449 8447 8496 
12670 8270 8525 8478 
12671 8478 8477 8270 
12672 8448 8477 8446 
12673 8526 8495 8525 
12674 8502 8496 8497 
12675 8455 8479 8448 
12676 8457 8479 8427 
12677 8344 8480 8346 
12678 8480 8343 8459 
12679 8435 8481 8391 
12680 8482 8481 8465 
12681 8608 8607 8562 
12682 8374 8483 8294 
12683 8483 8486 8485 
12684 8294 8483 8485 
12685 8548 8544 8545 
12686 8482 8465 8484 
12687 8486 8483 8482 
12688 8485 8486 8488 
12689 8482 8484 8486 
12690 8484 8552 8486 
12691 8487 8470 8507 
12692 8294 8487 8469 
12693 8513 8549 8550 
12694 8490 8551 8545 
12695 8508 8467 8490 
12696 8507 8467 8398 
12697 8549 8470 8488 
12698 8491 8510 8512 
12699 8467 8508 8471 
12700 8508 8510 8491 
12701 8355 8505 8541 
12702 8475 8452 8519 
12703 8519 8520 8494 
12704 8497 8478 8498 
12705 8531 8539 8529 
12706 8495 8526 8527 
12707 8518 8520 8476 
12708 8446 8478 8496 
12709 8497 8496 8478 
12710 8478 8525 8498 
12711 8497 8476 8500 
12712 8520 8522 8494 
12713 8497 8498 8518 
12714 8476 8501 8500 
12715 8499 8503 8502 
12716 8501 8476 8493 
12717 8502 8500 8499 
12718 8493 8421 8541 
12719 8499 8500 8501 
12720 8499 8506 8503 
12721 8502 8449 8496 
12722 8504 8503 8352 
12723 8449 8502 8503 
12724 8247 8504 8352 
12725 8504 8244 9624 
12726 8499 8501 8505 
12727 8501 8493 8541 
12728 8506 8352 8503 
12729 8355 8506 8505 
12730 8507 8398 8469 
12731 8507 8470 8551 
12732 8509 8508 8490 
12733 8514 8508 8491 
12734 8549 8551 8470 
12735 8516 8512 8406 
12736 8508 8509 8510 
12737 8544 8543 8509 
12738 8543 8512 8510 
12739 8543 8510 8509 
12740 8511 8406 8512 
12741 8548 8564 8563 
12742 8543 8544 8384 
12743 8508 8514 8471 
12744 8515 8514 8491 
12745 8516 8515 8491 
12746 8406 8553 8516 
12747 8512 8516 8491 
12748 8553 8515 8516 
12749 8521 8475 8519 
12750 8517 8553 8554 
12751 8537 8521 8494 
12752 8520 8452 8493 
12753 8521 8519 8494 
12754 8493 8476 8520 
12755 8476 8497 8518 
12756 8524 8521 8537 
12757 8579 8492 8555 
12758 8498 8495 8522 
12759 8530 8532 8495 
12760 8522 8495 8532 
12761 8495 8527 8530 
12762 8580 8524 8523 
12763 8580 8523 8581 
12764 8526 8525 8270 
12765 8498 8525 8495 
12766 8269 8526 8270 
12767 8526 8267 8527 
12768 8528 8267 9626 
12769 8527 8267 8528 
12770 8540 8538 8263 
12771 8534 8537 8532 
12772 8531 8530 8527 
12773 8535 8531 8528 
12774 8531 8527 8528 
12775 8530 8529 8532 
12776 8538 8535 8528 
12777 8529 8530 8531 
12778 8534 8532 8529 
12779 8494 8522 8532 
12780 8558 8586 8588 
12781 8523 8534 8536 
12782 8536 8534 8529 
12783 8537 8534 8523 
12784 8538 8528 8263 
12785 9627 8533 8584 
12786 8593 8625 8627 
12787 8581 8583 8585 
12788 8524 8537 8523 
12789 8532 8537 8494 
12790 8263 8557 8540 
12791 8533 8535 8538 
12792 8533 8539 8535 
12793 8529 8539 9627 
12794 8588 8586 8587 
12795 8538 8540 8559 
12796 8355 8541 8421 
12797 8501 8541 8505 
12798 8542 8612 8613 
12799 8570 8598 8597 
12800 8384 8511 8543 
12801 8543 8511 8512 
12802 8509 8545 8544 
12803 8384 8544 8547 
12804 8490 8545 8509 
12805 8544 8548 8547 
12806 8550 8596 8513 
12807 8513 8596 8545 
12808 8546 8547 8563 
12809 8550 8549 8488 
12810 8547 8548 8563 
12811 8551 8549 8513 
12812 8552 8488 8486 
12813 8488 8552 8550 
12814 8545 8551 8513 
12815 8551 8490 8507 
12816 8569 8571 8566 
12817 8565 8546 8563 
12818 8554 8553 8407 
12819 8515 8553 8517 
12820 8407 482 8554 
12821 8554 482 8437 
12822 8579 8524 8492 
12823 8520 8518 8522 
12824 9635 8621 8622 
12825 8263 8020 8557 
12826 8021 8557 8020 
12827 8592 8591 8561 
12828 8538 8559 8533 
12829 8540 8018 8586 
12830 8560 8559 8540 
12831 6354 8556 8665 
12832 8559 8560 8589 
12833 8558 8590 8560 
12834 8590 8561 8589 
12835 8808 8809 8489 
12836 8574 8576 8609 
12837 8596 8564 8548 
12838 8550 8552 8569 
12839 8568 8565 8564 
12840 8563 8564 8565 
12841 8569 8566 8568 
12842 8546 8565 8597 
12843 8574 8573 8571 
12844 8573 8577 8566 
12845 8569 8568 8564 
12846 8568 8570 8597 
12847 8568 8566 8570 
12848 8550 8569 8564 
12849 8569 8552 8571 
12850 8566 8571 8573 
12851 8335 8567 8598 
12852 8552 8484 8571 
12853 8609 8576 8608 
12854 8572 8609 8648 
12855 8566 8577 8600 
12856 8574 8571 8484 
12857 8672 8657 8671 
12858 8465 8576 8484 
12859 8572 8573 8574 
12860 8654 8658 8660 
12861 8598 8599 8335 
12862 8607 8576 8465 
12863 8576 8607 8608 
12864 8572 8577 8573 
12865 8603 8600 8577 
12866 8475 8521 8578 
12867 8579 8521 8524 
12868 8555 8578 8579 
12869 8521 8579 8578 
12870 8581 8523 8536 
12871 8618 8619 8556 
12872 8581 8536 8583 
12873 8581 8585 8619 
12874 8536 9627 8583 
12875 8561 8590 8592 
12876 9627 8584 8583 
12877 8583 8582 8585 
12878 9628 8584 8533 
12879 8582 8583 8584 
12880 8679 8585 8582 
12881 8610 8622 8621 
12882 8587 8586 8018 
12883 8558 8560 8586 
12884 8019 8587 8018 
12885 8587 8008 8588 
12886 8008 8610 8588 
12887 8620 8623 8558 
12888 8590 8589 8560 
12889 8533 8589 8561 
12890 8633 8592 9629 
12891 8492 8618 8556 
12892 8592 8590 9629 
12893 8585 8679 9833 
12894 9629 8590 8558 
12895 8625 8593 8623 
12896 8558 8588 8620 
12897 8682 8642 8681 
12898 8592 8633 8635 
12899 8584 9628 8591 
12900 8562 359 8614 
12901 8596 8548 8545 
12902 8550 8564 8596 
12903 8546 8597 8567 
12904 8568 8597 8565 
12905 8597 8598 8567 
12906 8570 8600 8599 
12907 8606 8335 8599 
12908 8572 8652 8577 
12909 8566 8600 8570 
12910 8599 8603 8606 
12911 8603 8601 8671 
12912 8760 8800 8613 
12913 8603 8599 8600 
12914 8672 8655 8657 
12915 8606 8604 8615 
12916 8663 8675 8673 
12917 8604 8606 8603 
12918 8705 8615 8604 
12919 8335 8606 8605 
12920 8465 8435 8607 
12921 8562 8607 8435 
12922 8562 8542 8608 
12923 8616 8648 8649 
12924 8649 8608 8542 
12925 8572 8574 8609 
12926 8629 9636 9635 
12927 9631 8008 8014 
12928 8614 8612 8562 
12929 8809 8595 8489 
12930 8750 8764 8766 
12931 8653 8652 8650 
12932 359 8595 8614 
12933 8612 8614 8595 
12934 8602 8605 8615 
12935 8606 8615 8605 
12936 8799 8650 8616 
12937 8572 8648 8650 
12938 8524 8618 8492 
12939 8591 8635 8637 
12940 8619 8618 8580 
12941 8581 8619 8580 
12942 9833 8665 8585 
12943 8621 8588 8610 
12944 8623 8620 8611 
12945 8610 9634 8622 
12946 8611 8620 8621 
12947 7053 8628 8622 
12948 8629 9635 8628 
12949 9636 8624 8625 
12950 8623 8593 9629 
12951 8630 8694 9638 
12952 8625 8624 8630 
12953 8611 8625 8623 
12954 8696 8691 8694 
12955 8638 8640 8632 
12956 8630 8627 8625 
12957 8627 8626 8634 
12958 8593 8627 8633 
12959 7054 8628 7053 
12960 6781 8714 8628 
12961 7279 8713 8714 
12962 8691 8696 8713 
12963 8630 8624 8694 
12964 8626 8627 8630 
12965 8688 8690 8692 
12966 8646 8669 8641 
12967 8632 8634 8638 
12968 8666 8582 8584 
12969 8634 8633 8627 
12970 8592 8635 8591 
12971 9637 8638 8634 
12972 8634 8632 8635 
12973 8634 8635 8633 
12974 8637 8635 8632 
12975 9637 9638 8643 
12976 8644 8640 8641 
12977 8632 8640 8647 
12978 8667 8637 8668 
12979 9637 8634 8626 
12980 8640 8638 8636 
12981 8641 8594 8639 
12982 8632 8647 8637 
12983 8641 8640 8636 
12984 8641 8639 8644 
12985 8669 8670 8681 
12986 8636 8638 9637 
12987 8617 8680 8639 
12988 8594 8669 8645 
12989 8640 8644 8647 
12990 8617 8664 9834 
12991 8646 8641 8636 
12992 8642 8682 9639 
12993 8636 8643 8646 
12994 8681 8642 8645 
12995 8644 8639 8680 
12996 8649 8648 8609 
12997 8650 8648 8616 
12998 8608 8649 8609 
12999 8800 8649 8542 
13000 8760 8799 8800 
13001 8799 8653 8650 
13002 8748 8751 8737 
13003 8663 8676 8675 
13004 8577 8652 8601 
13005 8572 8650 8652 
13006 8653 8651 8655 
13007 8652 8653 8672 
13008 8658 8654 8655 
13009 8662 8654 8660 
13010 8651 8758 8658 
13011 8654 8673 8655 
13012 8749 8757 8759 
13013 8724 8720 8722 
13014 8663 8673 8662 
13015 8657 8675 8671 
13016 8651 8658 8655 
13017 8656 8736 8660 
13018 8759 8761 8749 
13019 8706 8677 8708 
13020 8656 8660 8658 
13021 8659 8730 8662 
13022 8678 8709 8780 
13023 8663 8677 8676 
13024 8659 8662 8660 
13025 8662 8661 8663 
13026 8677 8706 8676 
13027 8671 8675 8604 
13028 8582 8666 8667 
13029 9833 8664 6354 
13030 8556 8619 8665 
13031 8585 8665 8619 
13032 8591 8637 8666 
13033 8667 8666 8637 
13034 8668 8637 8647 
13035 9834 8667 8668 
13036 8680 8647 8644 
13037 9833 6354 8665 
13038 8641 8669 8594 
13039 8670 8669 8646 
13040 8643 8686 8646 
13041 8643 8688 8686 
13042 8603 8671 8604 
13043 8672 8671 8601 
13044 8652 8672 8601 
13045 8655 8672 8653 
13046 8655 8673 8657 
13047 8662 8673 8654 
13048 8677 8663 8661 
13049 8705 8676 8602 
13050 8673 8675 8657 
13051 8602 8676 8674 
13052 8575 8706 8708 
13053 8705 8675 8676 
13054 8730 8729 8707 
13055 8674 8706 8575 
13056 8708 8721 8575 
13057 8667 8679 8582 
13058 9833 9834 8664 
13059 8617 8668 8680 
13060 8647 8680 8668 
13061 8669 8681 8645 
13062 8682 8681 8670 
13063 8686 8684 8685 
13064 8685 8682 8670 
13065 8693 8695 8690 
13066 8685 8687 9639 
13067 8683 8642 9639 
13068 8686 8685 8670 
13069 8687 8685 8684 
13070 8646 8686 8670 
13071 9638 8688 8643 
13072 8684 8688 8692 
13073 8689 8704 8702 
13074 8690 8688 8631 
13075 8684 8686 8688 
13076 8695 8697 8698 
13077 8700 8687 8684 
13078 8693 8690 8631 
13079 8690 8689 8692 
13080 8693 8694 8691 
13081 8695 8689 8690 
13082 8702 8692 8689 
13083 8684 8692 8700 
13084 8694 8693 8631 
13085 8693 8691 8695 
13086 8694 8631 9638 
13087 8694 8624 8696 
13088 8697 8691 8713 
13089 8695 8691 8697 
13090 9636 8696 8624 
13091 8713 8696 8629 
13092 8701 7279 8715 
13093 8695 8698 8689 
13094 8770 8718 8769 
13095 8778 8771 8773 
13096 8699 8702 8704 
13097 8768 8825 8828 
13098 8717 8692 8702 
13099 8700 8717 8703 
13100 8716 8701 8715 
13101 8774 8701 7050 
13102 8704 8689 8698 
13103 8699 8703 8717 
13104 8803 8771 8778 
13105 8710 8687 8712 
13106 8769 8698 8770 
13107 8698 8769 8704 
13108 8615 8705 8602 
13109 8675 8705 8604 
13110 8676 8706 8674 
13111 8661 8708 8677 
13112 8739 8747 8753 
13113 8719 8661 8730 
13114 8721 8720 8780 
13115 9639 8710 8683 
13116 8719 8708 8661 
13117 8827 8804 8820 
13118 8779 8804 8699 
13119 8703 8804 8830 
13120 8687 8703 8712 
13121 8828 9371 9385 
13122 8714 8713 8629 
13123 8713 7279 8697 
13124 8628 8714 8629 
13125 7278 8714 6781 
13126 8715 7279 8714 
13127 8716 8715 7046 
13128 7057 8716 7046 
13129 7050 8701 8716 
13130 8692 8717 8700 
13131 8699 8717 8702 
13132 8774 7050 8775 
13133 8718 8773 8771 
13134 8719 8707 8722 
13135 8575 8721 8709 
13136 8707 8724 8722 
13137 8733 8781 8829 
13138 8708 8719 8721 
13139 8721 8719 8722 
13140 8727 8724 8707 
13141 8721 8722 8720 
13142 8731 8744 8725 
13143 8729 8725 8727 
13144 8729 8731 8725 
13145 8724 8733 8720 
13146 8806 8728 8781 
13147 8729 8727 8707 
13148 8734 8724 8738 
13149 8727 8725 8738 
13150 8735 8805 448 
13151 8720 8733 8743 
13152 8707 8719 8730 
13153 8729 8659 8731 
13154 8662 8730 8661 
13155 8659 8729 8730 
13156 8659 8736 8731 
13157 8749 8736 8656 
13158 8732 8738 8740 
13159 8746 8742 8732 
13160 8727 8738 8724 
13161 8805 8735 8829 
13162 8742 8734 8732 
13163 8734 8742 8781 
13164 8735 8678 8743 
13165 8733 8734 8781 
13166 8660 8736 8659 
13167 8744 8748 8737 
13168 8747 8783 8753 
13169 8746 8723 8741 
13170 8782 8740 8738 
13171 8734 8738 8732 
13172 8782 8744 8747 
13173 8783 8747 8737 
13174 8782 8738 8725 
13175 8740 8739 8746 
13176 8726 8742 8741 
13177 8746 8741 8742 
13178 8746 8732 8740 
13179 8806 8742 8726 
13180 8748 8731 8736 
13181 8743 8678 8780 
13182 8747 8744 8737 
13183 8757 8656 8758 
13184 8807 8759 8786 
13185 8751 8752 8737 
13186 8746 8739 8754 
13187 8739 8740 8782 
13188 8731 8748 8744 
13189 8749 8748 8736 
13190 8745 8784 8785 
13191 8656 8757 8749 
13192 8739 8753 8754 
13193 8762 8754 8753 
13194 8752 8751 358 
13195 8801 8758 8760 
13196 8750 8766 8767 
13197 8799 8760 8651 
13198 8746 8754 8723 
13199 8762 8756 8754 
13200 8784 8795 8785 
13201 8755 8759 8757 
13202 8753 8763 8762 
13203 8723 8754 8756 
13204 8656 8658 8758 
13205 8755 8784 8759 
13206 8760 8758 8651 
13207 8755 8757 8758 
13208 8751 8807 358 
13209 8761 8751 8748 
13210 8749 8761 8748 
13211 8801 8760 8613 
13212 8807 8761 8759 
13213 8753 8783 8763 
13214 8756 8762 8764 
13215 9641 8818 358 
13216 8756 8764 8750 
13217 8762 8763 8764 
13218 8819 8766 8764 
13219 8763 8783 8818 
13220 8818 8819 8763 
13221 8819 8764 8763 
13222 9640 9810 9811 
13223 9384 8822 9383 
13224 9811 8766 8765 
13225 8768 8827 8820 
13226 8770 8698 8697 
13227 8771 8769 8718 
13228 8697 8701 8770 
13229 8718 8770 8701 
13230 8773 8774 8772 
13231 8803 8778 8779 
13232 9327 9328 9736 
13233 8704 8803 8699 
13234 8774 8773 8718 
13235 8772 9331 8778 
13236 8701 8774 8718 
13237 8777 7050 7043 
13238 7039 9736 9328 
13239 8772 8774 8775 
13240 8772 9328 9329 
13241 8776 8823 8821 
13242 7040 8777 7043 
13243 7039 8775 8777 
13244 8772 8778 8773 
13245 8778 8776 8779 
13246 8820 8779 8821 
13247 8699 8804 8703 
13248 8721 8780 8709 
13249 8743 8780 8720 
13250 8744 8782 8725 
13251 8728 448 8805 
13252 8739 8782 8747 
13253 8737 8752 8783 
13254 8783 8752 8818 
13255 8808 8785 8795 
13256 8745 8759 8784 
13257 8795 8784 8755 
13258 8759 8745 8786 
13259 9777 9767 9769 
13260 9642 8802 9641 
13261 8801 8795 8755 
13262 8795 8801 8808 
13263 9812 9818 9788 
13264 8799 8651 8653 
13265 8800 8799 8616 
13266 8649 8800 8616 
13267 8613 8800 8542 
13268 8801 8613 8808 
13269 8758 8801 8755 
13270 358 8793 9641 
13271 9642 8793 9643 
13272 8771 8803 8704 
13273 8779 8699 8803 
13274 8779 8820 8804 
13275 8703 8830 8712 
13276 8829 8735 8743 
13277 8728 8805 8829 
13278 8807 8751 8761 
13279 8742 8806 8781 
13280 8786 358 8807 
13281 8809 8808 8613 
13282 8785 8808 8489 
13283 8613 8612 8809 
13284 8595 8809 8612 
13285 358 8818 8752 
13286 8819 8818 8802 
13287 9645 8819 8802 
13288 8766 8819 8765 
13289 8821 8779 8776 
13290 9365 9383 9345 
13291 9339 8823 9331 
13292 9384 8768 8821 
13293 9677 9069 9077 
13294 8827 8768 8828 
13295 8823 8776 9331 
13296 9347 9335 9343 
13297 9331 8772 9329 
13298 9336 9338 9334 
13299 9384 8821 8823 
13300 9385 9379 9398 
13301 8768 8820 8821 
13302 8712 8830 9377 
13303 9379 9367 9374 
13304 8828 8825 9371 
13305 9377 8830 9375 
13306 8733 8829 8743 
13307 8728 8829 8781 
13308 8827 8830 8804 
13309 8827 9375 8830 
13310 1565 8834 1904 
13311 2959 8834 1718 
13312 1912 8836 1927 
13313 2876 8836 2167 
13314 2175 8837 1744 
13315 2957 8837 2203 
13316 1550 8838 1964 
13317 2209 8838 2168 
13318 8845 8844 2253 
13319 8844 2249 2307 
13320 2253 3417 8845 
13321 8845 3417 8846 
13322 8847 3417 4541 
13323 8847 489 2467 
13324 8849 8848 8846 
13325 3417 8847 8846 
13326 8847 8849 8846 
13327 2466 8848 8850 
13328 2367 8849 2467 
13329 8849 2367 8850 
13330 8868 8850 2367 
13331 2315 4343 8853 
13332 2063 8860 2176 
13333 4131 8860 2180 
13334 2101 8861 2345 
13335 3050 8861 2234 
13336 442 8862 460 
13337 2446 8862 2444 
13338 2445 8863 2446 
13339 8864 8863 2447 
13340 3225 8864 2447 
13341 2988 2294 8864 
13342 2523 8866 2251 
13343 8865 8866 8867 
13344 8867 8866 2469 
13345 2469 2424 8867 
13346 2424 8850 8868 
13347 8865 8868 2367 
13348 2424 8868 8867 
13349 2520 8875 8894 
13350 2491 8872 8875 
13351 2433 8874 8871 
13352 2491 8875 2520 
13353 8872 2491 2492 
13354 8873 8872 355 
13355 354 8873 355 
13356 2433 8871 8873 
13357 8877 8874 2433 
13358 8879 8874 8877 
13359 8880 8871 8874 
13360 8874 8879 8881 
13361 2335 8877 2433 
13362 2434 2520 8894 
13363 8874 8881 8880 
13364 8881 8879 8883 
13365 8885 8893 8881 
13366 8886 8888 8882 
13367 8884 8879 8891 
13368 8878 8895 8885 
13369 8885 8881 8883 
13370 8878 8883 8884 
13371 8869 8896 8893 
13372 8886 8882 8890 
13373 8881 8893 8896 
13374 8879 8877 8891 
13375 8885 8883 8878 
13376 8888 8889 9655 
13377 8886 8890 8878 
13378 8885 9656 8893 
13379 8878 8884 8886 
13380 8889 8888 8886 
13381 8895 8878 8890 
13382 8895 8890 8887 
13383 2218 9655 2495 
13384 8889 8886 8884 
13385 8882 8887 8890 
13386 8895 449 8892 
13387 2285 2495 8891 
13388 9655 8891 2495 
13389 449 8895 8887 
13390 8869 9656 8892 
13391 8880 8894 8875 
13392 8869 8876 8896 
13393 8876 8894 8896 
13394 2434 8894 8876 
13395 8895 8892 9656 
13396 8880 8896 8894 
13397 8897 2524 2888 
13398 2251 8897 2523 
13399 353 2565 8898 
13400 2465 8898 2565 
13401 4025 8899 2339 
13402 2341 2572 8899 
13403 3961 8900 2769 
13404 3041 8900 2794 
13405 2993 8901 2998 
13406 3004 8901 2999 
13407 8903 3075 8922 
13408 3073 8922 3074 
13409 8910 8911 8906 
13410 8905 4642 9114 
13411 3072 8904 8910 
13412 8903 8906 8905 
13413 8909 8906 4794 
13414 8910 8906 8903 
13415 9475 8909 4794 
13416 4642 8905 8907 
13417 8906 8907 8905 
13418 8908 4262 4791 
13419 4642 8908 4641 
13420 4262 8907 8909 
13421 8906 8909 8907 
13422 3072 8910 8903 
13423 8911 8904 2098 
13424 8912 8911 2098 
13425 4794 8906 8911 
13426 8028 8912 2098 
13427 8912 8031 9496 
13428 3076 8922 3075 
13429 8903 8922 8902 
13430 3090 8932 3086 
13431 3089 8932 3091 
13432 3435 8934 3174 
13433 3438 8934 3176 
13434 8936 2133 9662 
13435 3189 8937 3186 
13436 9662 9663 8936 
13437 8937 8936 3186 
13438 2939 8935 8937 
13439 8936 8937 8935 
13440 2425 1715 8939 
13441 3329 8938 3179 
13442 8940 8939 1716 
13443 2425 8939 8938 
13444 8940 1716 2075 
13445 3179 8938 8940 
13446 2752 8942 2747 
13447 3011 8942 2753 
13448 8942 8943 2747 
13449 8944 8943 3231 
13450 4221 8944 3231 
13451 4219 4613 8945 
13452 2751 8945 3662 
13453 8943 8944 8945 
13454 3031 8946 2733 
13455 3242 3244 8946 
13456 8950 8947 2737 
13457 8947 3244 8948 
13458 3241 8948 3244 
13459 3606 8948 3603 
13460 4218 8949 3606 
13461 8947 8949 2746 
13462 2735 8950 2737 
13463 8946 8950 2733 
13464 3305 8951 3288 
13465 3294 8951 3310 
13466 3439 8953 3156 
13467 3165 8953 3422 
13468 3468 8956 8954 
13469 9665 8961 8963 
13470 8955 3416 4345 
13471 3412 8954 8955 
13472 8957 3468 3463 
13473 5229 8956 8957 
13474 8957 4995 5228 
13475 3468 8957 8956 
13476 8961 8954 8956 
13477 8964 4994 8966 
13478 3396 4347 8959 
13479 8961 8960 8954 
13480 4994 8962 9665 
13481 8956 5229 8961 
13482 8963 8966 4994 
13483 8962 3396 8959 
13484 4347 3416 8959 
13485 5229 8965 8961 
13486 8967 8964 8966 
13487 8965 8966 8963 
13488 8961 8965 8963 
13489 8958 8965 5229 
13490 5241 8967 8958 
13491 8958 8966 8965 
13492 3140 8964 8967 
13493 3593 8968 3592 
13494 3933 8968 3223 
13495 8969 3594 3596 
13496 3613 8969 3597 
13497 3043 8970 2797 
13498 3272 8970 3678 
13499 3271 8971 3270 
13500 3681 8971 3272 
13501 5348 8972 3700 
13502 3712 8972 3708 
13503 3725 8973 3726 
13504 5349 8973 3720 
13505 4641 8974 3331 
13506 3333 8974 3749 
13507 3774 8975 3370 
13508 4067 8975 3064 
13509 8978 8977 3816 
13510 8978 8976 8977 
13511 2218 8977 8976 
13512 4105 8978 3816 
13513 2564 8976 8978 
13514 3502 8979 3512 
13515 3524 8979 3526 
13516 3581 8980 2973 
13517 3580 8980 3914 
13518 8982 8981 3819 
13519 3214 8981 3215 
13520 7641 8982 3819 
13521 7418 7644 8983 
13522 8983 2199 3585 
13523 8981 8982 8983 
13524 4031 8984 3345 
13525 5432 8984 4032 
13526 8986 8987 3882 
13527 4312 8989 8985 
13528 3882 4062 8986 
13529 4059 8987 8988 
13530 8988 8986 8985 
13531 8986 8988 8987 
13532 3536 8989 4312 
13533 2599 4059 8989 
13534 2553 8991 2574 
13535 4062 3882 8990 
13536 3815 8991 2552 
13537 2585 8992 2583 
13538 7644 8992 2215 
13539 3884 8993 3534 
13540 3191 4164 8993 
13541 8994 9666 9667 
13542 9008 9003 9006 
13543 8995 4213 9015 
13544 8999 8998 6928 
13545 4203 8995 8996 
13546 4208 8996 8995 
13547 8997 9015 9016 
13548 9621 9016 8363 
13549 4208 8995 8998 
13550 8995 9015 9000 
13551 9017 6928 6929 
13552 8999 9002 9001 
13553 6930 9000 8997 
13554 6928 8998 9000 
13555 4208 8999 9001 
13556 8999 9017 9002 
13557 6926 9004 9003 
13558 4211 9001 9002 
13559 6668 9007 9006 
13560 9002 9003 9008 
13561 6927 9004 6926 
13562 9004 6672 6676 
13563 3918 8994 9013 
13564 9008 8994 4211 
13565 6668 6670 9007 
13566 9008 9006 9005 
13567 6674 9007 6664 
13568 9005 9006 9007 
13569 9008 9005 9009 
13570 9008 4211 9002 
13571 9010 9009 9005 
13572 8994 9009 9013 
13573 9011 9010 9005 
13574 9010 7634 9012 
13575 9007 9011 9005 
13576 9011 6674 7783 
13577 9014 7634 7630 
13578 3921 3922 9018 
13579 9009 9010 9013 
13580 9012 9013 9010 
13581 3921 9014 7635 
13582 7634 9014 9012 
13583 9016 9015 4213 
13584 9000 9015 8997 
13585 8313 9016 4213 
13586 8363 9620 9621 
13587 9002 9017 6926 
13588 6928 9017 8999 
13589 9013 9018 3918 
13590 3921 9018 9012 
13591 3990 9021 3998 
13592 4474 9021 4003 
13593 2819 4491 9023 
13594 2826 9022 4280 
13595 4280 9023 4281 
13596 2819 9023 9022 
13597 9036 9038 9032 
13598 4493 4283 9028 
13599 4285 9025 4283 
13600 9026 9025 4286 
13601 9029 9027 9033 
13602 9025 9026 9024 
13603 9171 9172 9056 
13604 9025 9028 4283 
13605 9036 9034 9031 
13606 9024 9027 9029 
13607 9028 9029 9672 
13608 9032 9034 9036 
13609 9034 9033 9027 
13610 9027 3752 9031 
13611 9046 9669 9668 
13612 9034 9027 9031 
13613 9035 9033 9032 
13614 9036 9031 9030 
13615 9032 9033 9034 
13616 9199 9041 9037 
13617 9669 9035 9668 
13618 9038 9036 9039 
13619 9187 9178 9048 
13620 9039 9041 9042 
13621 9038 9046 9668 
13622 9030 9039 9036 
13623 9038 9042 9044 
13624 9037 9041 9039 
13625 9039 9030 9037 
13626 9182 9177 9176 
13627 9199 9037 3099 
13628 9042 9041 9040 
13629 9205 9207 9040 
13630 9039 9042 9038 
13631 9199 9208 9040 
13632 9054 9045 9050 
13633 9047 9044 9043 
13634 9038 9044 9046 
13635 9045 9047 9050 
13636 5744 9167 9166 
13637 9049 9044 9047 
13638 9044 9049 9046 
13639 9187 9048 9188 
13640 9047 9045 9049 
13641 9181 9187 9192 
13642 9679 9165 1246 
13643 9045 9053 9049 
13644 9056 9669 9049 
13645 9188 9047 9043 
13646 9048 9175 9054 
13647 9053 9045 9055 
13648 9167 9168 9051 
13649 9175 9177 9161 
13650 9144 9148 9151 
13651 9045 9054 9055 
13652 9053 9051 9056 
13653 9048 9054 9050 
13654 9052 9174 9054 
13655 5744 9149 9148 
13656 9055 9174 9166 
13657 9171 9051 9168 
13658 9169 9170 9168 
13659 2873 9057 3803 
13660 4523 9057 4310 
13661 490 4316 9058 
13662 4071 9058 4316 
13663 9060 9059 4325 
13664 9059 4327 9073 
13665 9061 4325 4078 
13666 9065 9067 9061 
13667 4078 9063 9061 
13668 9063 4674 9064 
13669 9070 9076 6364 
13670 4327 9067 9068 
13671 9063 4078 4329 
13672 4674 4526 9064 
13673 9065 9064 4675 
13674 9061 9063 9064 
13675 4675 9673 9071 
13676 9065 9062 9067 
13677 9673 9087 9066 
13678 9077 9072 9079 
13679 9067 9062 9068 
13680 9061 9067 9060 
13681 9081 9075 9068 
13682 4327 9068 9070 
13683 9062 9071 9072 
13684 9079 9084 9089 
13685 9068 9075 9070 
13686 9070 9075 9076 
13687 4675 9071 9065 
13688 9072 9071 9066 
13689 9084 9072 9066 
13690 9088 9079 9090 
13691 4327 9070 9073 
13692 9070 6364 9074 
13693 6364 4083 9074 
13694 4321 9074 4083 
13695 9081 9068 9062 
13696 9076 9075 9069 
13697 9078 9076 9069 
13698 9076 9080 9341 
13699 9077 9069 9081 
13700 9096 9097 9091 
13701 9077 9081 9072 
13702 9088 9077 9079 
13703 9359 9345 9347 
13704 9089 2511 9083 
13705 7277 9337 9336 
13706 9076 9078 9080 
13707 9075 9081 9069 
13708 9062 9072 9081 
13709 9084 9079 9072 
13710 9098 9078 9677 
13711 9088 9090 9091 
13712 9673 9066 9071 
13713 9090 9079 9089 
13714 2511 9089 9084 
13715 9098 9677 9097 
13716 9673 4077 9086 
13717 2511 9084 9087 
13718 9089 9083 9090 
13719 9086 2511 9087 
13720 9097 9677 9088 
13721 9083 9085 9090 
13722 9091 9090 9085 
13723 9675 9092 9082 
13724 9091 9094 9096 
13725 9091 9085 9094 
13726 9085 9092 9094 
13727 9333 9335 9339 
13728 9092 9675 9676 
13729 9676 9096 9094 
13730 9351 9340 9348 
13731 8822 9339 9335 
13732 9349 9096 9095 
13733 9097 9096 9093 
13734 9097 9093 9098 
13735 9091 9097 9088 
13736 8824 9330 9333 
13737 9342 9098 9338 
13738 3409 9099 4348 
13739 4541 9099 4143 
13740 5560 9100 4161 
13741 4575 9100 4370 
13742 4424 9101 4426 
13743 4429 3019 9102 
13744 3019 4426 9102 
13745 4439 9104 4639 
13746 5318 9104 5681 
13747 9107 4483 3061 
13748 7752 9107 4486 
13749 4031 9108 4032 
13750 4492 9108 3353 
13751 9109 4077 9674 
13752 4526 4314 9109 
13753 4682 9110 4137 
13754 9111 9110 4538 
13755 5226 9111 4538 
13756 4535 9111 4342 
13757 4425 9112 4406 
13758 4623 9112 4416 
13759 9113 3331 3332 
13760 9114 9113 2810 
13761 3076 9114 2810 
13762 8905 9114 3075 
13763 4719 9115 4709 
13764 4712 9115 4720 
13765 4792 9116 4643 
13766 8024 9116 4795 
13767 3991 9117 3988 
13768 4793 9117 4796 
13769 9471 4805 4645 
13770 5692 9118 4806 
13771 4862 9119 4842 
13772 9119 4867 5706 
13773 4864 9120 4858 
13774 4870 9120 4861 
13775 4015 9121 4014 
13776 3704 4906 9121 
13777 5184 9123 4934 
13778 5186 9123 4932 
13779 5060 9124 5061 
13780 6750 9124 5062 
13781 4868 9127 4866 
13782 4871 9127 5122 
13783 4360 4351 9128 
13784 5005 9128 4351 
13785 9128 9129 5235 
13786 9133 9129 5005 
13787 9130 5003 9131 
13788 9130 9131 5241 
13789 5003 3140 9131 
13790 5003 9130 9132 
13791 5525 9132 9130 
13792 9129 9133 5239 
13793 4555 9133 5005 
13794 3653 9134 3651 
13795 5595 9134 3646 
13796 5371 9137 5366 
13797 5374 5389 9137 
13798 5162 9138 5156 
13799 5148 9138 5423 
13800 5432 9139 2861 
13801 3095 9139 5430 
13802 9144 5744 9148 
13803 9140 5434 9143 
13804 3349 5435 9141 
13805 5435 5436 9141 
13806 9155 9146 9150 
13807 9147 3349 9140 
13808 9144 9143 5434 
13809 5743 9144 5434 
13810 9145 9147 9152 
13811 9147 9140 9143 
13812 9148 9149 9150 
13813 9148 9150 9146 
13814 9143 9151 9147 
13815 9151 9152 9147 
13816 9166 9149 5744 
13817 9148 9146 9151 
13818 9174 9149 9166 
13819 9153 9149 9174 
13820 9150 9149 9153 
13821 9150 9156 9155 
13822 9151 9143 9144 
13823 9152 9151 9146 
13824 9146 9155 9157 
13825 9152 9142 9145 
13826 9180 9160 9161 
13827 9154 9156 9162 
13828 9154 9155 9156 
13829 9157 9163 9142 
13830 9156 9150 9153 
13831 9155 9154 9157 
13832 9160 9156 9153 
13833 9160 9162 9156 
13834 9163 9154 9164 
13835 9142 9152 9157 
13836 9161 9160 9153 
13837 9686 9687 9689 
13838 9154 9163 9157 
13839 9161 9153 9052 
13840 9160 9158 9162 
13841 9052 9175 9161 
13842 9175 9048 9178 
13843 9204 9203 9165 
13844 9679 9163 9164 
13845 9164 9154 9162 
13846 9142 9163 9159 
13847 9165 9164 9162 
13848 9159 9679 1246 
13849 9202 9165 9162 
13850 9204 7248 9203 
13851 9167 5744 5431 
13852 9051 9055 9166 
13853 9168 9167 5431 
13854 9051 9166 9167 
13855 5431 9169 9168 
13856 9169 5428 9680 
13857 5433 9169 5431 
13858 5428 5430 9680 
13859 9682 9681 5432 
13860 9171 9056 9051 
13861 9168 9170 9171 
13862 9172 9171 9170 
13863 9173 9172 9170 
13864 9056 9670 9669 
13865 9170 9680 9681 
13866 9028 9672 4493 
13867 9054 9174 9055 
13868 9153 9174 9052 
13869 9054 9175 9052 
13870 9178 9177 9175 
13871 9178 9187 9184 
13872 9185 7487 9686 
13873 9183 9179 9182 
13874 9160 9180 9158 
13875 9192 9187 9188 
13876 9176 9177 9178 
13877 9686 7487 9687 
13878 9179 9685 9180 
13879 9161 9177 9180 
13880 9180 9177 9182 
13881 9181 9210 9200 
13882 7254 9194 9197 
13883 9183 9182 9176 
13884 9180 9182 9179 
13885 9184 9176 9178 
13886 9191 9185 9186 
13887 9184 9181 9193 
13888 9176 9184 9190 
13889 9179 9183 9185 
13890 9186 9185 9183 
13891 9183 9176 9190 
13892 9498 9191 7254 
13893 9048 9050 9188 
13894 9181 9184 9187 
13895 9047 9188 9050 
13896 9188 9043 9192 
13897 9208 9211 9205 
13898 9194 9683 9197 
13899 9193 9190 9184 
13900 9194 7254 9186 
13901 9195 9191 7253 
13902 9185 9191 7487 
13903 9043 9205 9192 
13904 9214 9215 9209 
13905 9695 9690 9206 
13906 9190 9193 9189 
13907 9189 9683 9190 
13908 9197 8071 9498 
13909 6993 9195 7253 
13910 7487 9195 6991 
13911 9206 9215 9692 
13912 9200 9198 9206 
13913 9683 9194 9190 
13914 9189 9193 9200 
13915 9210 9211 9212 
13916 9181 9200 9193 
13917 9216 9196 9217 
13918 9488 7492 9484 
13919 9213 9209 9215 
13920 9214 9692 9215 
13921 9200 9206 9690 
13922 9697 9698 9201 
13923 9162 9684 9202 
13924 9158 9685 9684 
13925 1246 9165 9203 
13926 9165 9202 9204 
13927 9202 7245 9204 
13928 7248 9204 7245 
13929 9043 9044 9207 
13930 9041 9199 9040 
13931 9200 9210 9198 
13932 9210 9181 9192 
13933 9040 9207 9042 
13934 9043 9207 9205 
13935 9210 9212 9198 
13936 9216 9199 3099 
13937 9205 9040 9208 
13938 9211 9210 9192 
13939 9211 9208 9212 
13940 9205 9211 9192 
13941 9216 9217 9208 
13942 9213 9196 9209 
13943 9198 9212 9213 
13944 9213 9212 9217 
13945 9693 6746 9694 
13946 9215 9198 9213 
13947 9198 9215 9206 
13948 9213 9217 9196 
13949 9199 9216 9208 
13950 9212 9208 9217 
13951 5183 9218 475 
13952 5777 9218 4934 
13953 5450 9219 5202 
13954 4883 9219 5451 
13955 5469 9220 5465 
13956 5457 5479 9220 
13957 9222 4993 5813 
13958 9223 9222 5513 
13959 5514 9223 5513 
13960 5227 9223 5512 
13961 9224 5554 4146 
13962 5880 9224 5555 
13963 5583 9225 5066 
13964 4429 9225 5582 
13965 4626 9226 5593 
13966 5308 9226 5068 
13967 5642 9227 5640 
13968 6151 9227 5632 
13969 9229 9228 4233 
13970 6146 9228 4636 
13971 4438 9229 4233 
13972 4635 3651 9230 
13973 6145 9230 3651 
13974 4636 9229 9230 
13975 5708 9231 3508 
13976 5706 9231 5342 
13977 4859 9233 9232 
13978 5908 5912 9234 
13979 6266 9233 4859 
13980 5908 9233 5919 
13981 9232 9233 9234 
13982 5908 9234 9233 
13983 5435 3351 9235 
13984 4887 9235 3351 
13985 5770 9236 5773 
13986 5759 9236 5774 
13987 5774 9237 5760 
13988 7776 9237 5775 
13989 7347 9238 5452 
13990 9238 5795 5796 
13991 4725 9239 4726 
13992 9240 9239 4723 
13993 5264 9240 5021 
13994 5863 9240 5873 
13995 5548 9241 5549 
13996 5868 9241 5546 
13997 5864 9242 5859 
13998 5869 9242 5853 
13999 9242 9243 5859 
14000 6262 9243 5877 
14001 5903 5923 9244 
14002 9244 5923 6274 
14003 5932 9245 5900 
14004 6099 9245 5933 
14005 5937 9246 5936 
14006 5941 9246 5928 
14007 6072 9248 5815 
14008 4123 9248 6073 
14009 9256 9252 9255 
14010 9249 9256 9255 
14011 9250 5961 6523 
14012 9251 9250 6136 
14013 5992 9251 6136 
14014 9256 9251 5993 
14015 9260 501 9259 
14016 9255 5957 9253 
14017 9714 9253 5957 
14018 9250 9253 5961 
14019 5957 9255 9252 
14020 9714 9257 9254 
14021 9258 9256 5993 
14022 9259 9252 9256 
14023 9254 9257 6749 
14024 4191 9257 5960 
14025 5993 9261 9258 
14026 6174 5680 9261 
14027 9256 9258 9260 
14028 9260 9259 9256 
14029 9258 501 9260 
14030 5992 9261 5993 
14031 6174 6572 9263 
14032 6174 9263 5680 
14033 9266 5680 9267 
14034 5679 5691 9265 
14035 9266 9267 9268 
14036 9266 9258 5680 
14037 9268 9267 9269 
14038 9267 5680 9263 
14039 9268 9264 9266 
14040 9263 9265 9267 
14041 5691 9269 9265 
14042 9267 9265 9269 
14043 9262 9264 9268 
14044 6349 9715 9271 
14045 9262 9268 9269 
14046 9715 6560 5317 
14047 9269 9716 9262 
14048 5691 6361 9271 
14049 6349 9271 6361 
14050 5968 6052 9273 
14051 6307 9272 6057 
14052 6052 6049 9273 
14053 6057 9273 6049 
14054 3804 9274 4098 
14055 6211 9274 4099 
14056 7004 9275 6124 
14057 6290 5948 9275 
14058 7004 9277 9276 
14059 9279 9280 9278 
14060 7003 9277 7004 
14061 9278 9280 477 
14062 9276 9279 6290 
14063 9279 9278 6290 
14064 9717 9279 7000 
14065 7002 9717 7000 
14066 9280 9717 9281 
14067 9281 9483 9283 
14068 6748 9483 9281 
14069 9282 9487 9486 
14070 9487 9484 9486 
14071 477 9283 9282 
14072 6055 9284 6315 
14073 6648 9284 6061 
14074 3581 9285 3212 
14075 9286 3912 2216 
14076 2282 9286 2216 
14077 7819 9286 6350 
14078 447 9287 6564 
14079 6445 9288 6443 
14080 6448 9288 6435 
14081 6287 9290 6122 
14082 5563 9290 6511 
14083 4081 9291 6353 
14084 7263 9291 4331 
14085 6166 9292 5987 
14086 6562 9292 5988 
14087 7127 9294 6389 
14088 6596 9294 6597 
14089 5394 9295 5377 
14090 5388 5407 9296 
14091 6612 9295 9296 
14092 9296 9295 5388 
14093 9299 9298 6419 
14094 9298 9299 9300 
14095 6424 9299 6419 
14096 9299 6423 8038 
14097 9302 8037 7425 
14098 6639 9301 6640 
14099 6633 9300 9301 
14100 9302 9301 9300 
14101 8037 9302 9300 
14102 6640 9302 7425 
14103 6628 9303 4964 
14104 6646 4959 9303 
14105 6656 9304 6335 
14106 6663 9304 6661 
14107 6676 9305 6662 
14108 6931 9305 6677 
14109 6490 9306 6476 
14110 6483 9306 6694 
14111 6767 9307 6765 
14112 6773 9307 6536 
14113 6817 9308 6801 
14114 6806 9308 6818 
14115 5260 9311 5257 
14116 6978 9311 5261 
14117 5942 9312 5936 
14118 8110 9312 6963 
14119 5655 7025 9313 
14120 7267 9313 7025 
14121 7062 9314 6581 
14122 7283 9314 7064 
14123 6812 6815 9317 
14124 7293 9316 7103 
14125 7103 9317 6805 
14126 6812 9317 9316 
14127 5503 9318 5502 
14128 7557 9318 5500 
14129 6916 9319 6918 
14130 7642 9319 6913 
14131 6491 9320 6490 
14132 7215 9320 6489 
14133 7215 9321 7214 
14134 6943 7224 9321 
14135 7228 7229 9322 
14136 8436 6947 9323 
14137 9325 6947 7231 
14138 7227 9324 6468 
14139 9325 7228 9322 
14140 8399 9325 9322 
14141 6947 9325 9323 
14142 9329 9330 8824 
14143 8775 9328 8772 
14144 7039 9328 8775 
14145 9329 9328 9327 
14146 9330 9329 9327 
14147 9331 9329 8824 
14148 9737 9330 9327 
14149 9334 9333 9330 
14150 9331 8824 9339 
14151 9331 8776 8778 
14152 9344 9340 9343 
14153 9348 9093 9349 
14154 9334 9330 7277 
14155 9333 9332 9335 
14156 7277 9336 9334 
14157 9080 9342 9338 
14158 9343 9332 9344 
14159 9332 9343 9335 
14160 9737 9337 7277 
14161 9338 9336 9080 
14162 9341 7276 6364 
14163 9080 9336 9337 
14164 9338 9346 9344 
14165 9332 9334 9338 
14166 8823 9339 8822 
14167 9333 9339 8824 
14168 9352 9095 9354 
14169 9335 9347 8822 
14170 9076 9341 6364 
14171 9080 9337 9341 
14172 9080 9078 9342 
14173 9078 9098 9342 
14174 9344 9332 9338 
14175 9359 9347 9340 
14176 9346 9338 9098 
14177 9344 9346 9348 
14178 9351 9353 9340 
14179 9345 9359 9361 
14180 9098 9093 9346 
14181 9348 9346 9093 
14182 9340 9347 9343 
14183 9347 9345 9383 
14184 9093 9096 9349 
14185 9340 9344 9348 
14186 9352 9349 9095 
14187 9348 9349 9351 
14188 9380 9357 9358 
14189 9360 9366 9361 
14190 9352 9351 9349 
14191 9353 9351 9350 
14192 9095 9675 9354 
14193 9351 9352 9350 
14194 9353 9363 9362 
14195 9359 9353 9362 
14196 9368 9388 9373 
14197 9352 9354 9380 
14198 9082 9356 9357 
14199 9350 9380 9358 
14200 9354 9082 9357 
14201 9357 9356 9358 
14202 9356 9381 9358 
14203 9377 9387 8712 
14204 9340 9353 9359 
14205 9362 9361 9359 
14206 9350 9358 9363 
14207 9391 9382 9394 
14208 9368 9364 9366 
14209 9345 9361 9365 
14210 9363 9353 9350 
14211 9360 9361 9362 
14212 9382 9390 9381 
14213 9362 9363 9389 
14214 9385 9398 9372 
14215 9365 8825 9383 
14216 9366 9365 9361 
14217 9371 9365 9364 
14218 9382 9389 9390 
14219 9365 9366 9364 
14220 9378 9388 9389 
14221 9367 9373 8826 
14222 9388 9366 9360 
14223 9373 9367 9368 
14224 9371 8825 9365 
14225 9368 9367 9364 
14226 9379 9364 9367 
14227 9373 9378 9393 
14228 9375 8827 9385 
14229 9388 9378 9373 
14230 8826 9373 9370 
14231 9385 8827 8828 
14232 9367 8826 9374 
14233 9375 9386 9377 
14234 9386 9375 9372 
14235 9398 9386 9372 
14236 4326 9387 9376 
14237 9360 9362 9389 
14238 9393 9370 9373 
14239 9379 9374 9398 
14240 9371 9364 9379 
14241 9352 9380 9350 
14242 9357 9380 9354 
14243 9356 9355 9381 
14244 9381 9355 9382 
14245 450 9396 9397 
14246 9378 9389 9391 
14247 9384 9383 8825 
14248 9383 8822 9347 
14249 8768 9384 8825 
14250 8822 9384 8823 
14251 9379 9385 9371 
14252 9375 9385 9372 
14253 8711 9376 9386 
14254 9386 9376 9387 
14255 9387 4326 8710 
14256 9386 9387 9377 
14257 9366 9388 9368 
14258 9389 9388 9360 
14259 9390 9389 9363 
14260 9391 9389 9382 
14261 9363 9358 9390 
14262 9381 9390 9358 
14263 9355 9395 9382 
14264 9394 9399 9391 
14265 9397 9396 9399 
14266 9393 9391 9399 
14267 9370 9393 9369 
14268 9378 9391 9393 
14269 9395 9355 9392 
14270 9382 9395 9394 
14271 9396 9369 9399 
14272 9395 9392 9397 
14273 9397 9394 9395 
14274 450 9397 9392 
14275 9374 8711 9398 
14276 9398 8711 9386 
14277 9393 9399 9369 
14278 9397 9399 9394 
14279 7061 9400 6788 
14280 7285 9400 7283 
14281 9402 9401 6591 
14282 7516 9401 7300 
14283 7306 9402 6591 
14284 9402 7307 7705 
14285 6064 9403 5809 
14286 7308 9403 6065 
14287 6821 9404 6819 
14288 7315 9404 6823 
14289 2864 7382 9405 
14290 7901 9405 7382 
14291 7377 9406 3320 
14292 7380 9406 7378 
14293 7424 7425 9407 
14294 7649 9407 7425 
14295 7429 9408 7427 
14296 6740 9408 7430 
14297 7479 9409 7444 
14298 7465 9409 7478 
14299 6817 9410 6816 
14300 7523 9410 6812 
14301 7703 9411 7312 
14302 7700 9411 7304 
14303 5835 9412 5831 
14304 7700 9412 7527 
14305 7532 9413 6793 
14306 7705 9413 7535 
14307 7871 9414 7588 
14308 9414 7589 9477 
14309 9417 9415 7374 
14310 7591 7597 9416 
14311 7599 9415 9416 
14312 7591 9416 9415 
14313 9415 9417 7591 
14314 7376 9417 7374 
14315 521 6868 9418 
14316 9419 9418 6868 
14317 9420 9419 6868 
14318 8329 9615 9422 
14319 6868 6015 9420 
14320 9420 6015 9421 
14321 9423 9421 6015 
14322 9421 9425 9424 
14323 5720 9419 9422 
14324 8329 9422 9419 
14325 6015 7921 9423 
14326 9425 7921 8200 
14327 8204 8328 9424 
14328 8328 8329 9424 
14329 9425 8204 9424 
14330 7921 9425 9423 
14331 6886 9427 7397 
14332 9436 9426 9431 
14333 9428 9427 7624 
14334 9434 6882 9432 
14335 9427 9428 9426 
14336 9426 9429 9431 
14337 9435 9434 9432 
14338 9443 9433 9435 
14339 6882 9434 9429 
14340 9439 9438 9430 
14341 9434 9435 9433 
14342 9429 9434 9431 
14343 9437 6861 9458 
14344 9433 9431 9434 
14345 9439 9435 9438 
14346 9447 9433 9443 
14347 7625 9436 7626 
14348 7623 9426 9436 
14349 9443 9435 9441 
14350 6858 6861 9437 
14351 488 9747 9450 
14352 9435 9432 9438 
14353 9449 9439 9430 
14354 9441 9444 9446 
14355 9439 9441 9435 
14356 9449 9441 9439 
14357 9452 9446 9442 
14358 9450 9444 9449 
14359 9444 9445 9442 
14360 9444 9442 9446 
14361 6858 9437 9447 
14362 9444 9441 9449 
14363 9452 6872 9446 
14364 9738 9739 9451 
14365 9451 9453 9738 
14366 9457 9446 6872 
14367 9447 9457 6858 
14368 9433 9447 9437 
14369 9443 9441 9446 
14370 488 9450 9440 
14371 9449 9440 9450 
14372 9444 9450 9445 
14373 9738 9454 9456 
14374 5719 9454 9453 
14375 6872 9452 5719 
14376 9456 9454 9442 
14377 9452 9442 9454 
14378 9445 9745 9456 
14379 488 9743 9748 
14380 9761 9746 9759 
14381 9445 9456 9442 
14382 9456 9455 9738 
14383 6858 9457 6872 
14384 9443 9457 9447 
14385 7625 7626 9458 
14386 9437 9458 7626 
14387 7692 9459 6584 
14388 6588 9459 7693 
14389 7732 9460 6221 
14390 6642 9460 7731 
14391 7609 9461 7610 
14392 7892 9461 7608 
14393 9461 9462 7610 
14394 7891 9462 7745 
14395 7363 9463 7439 
14396 6967 9463 7771 
14397 9463 7363 9464 
14398 7905 9464 7363 
14399 9466 6765 9307 
14400 7799 7256 9466 
14401 9468 6774 6772 
14402 8302 9467 7803 
14403 7803 9468 8305 
14404 6774 9468 9467 
14405 7827 9469 3212 
14406 8182 9469 7825 
14407 5697 9470 5695 
14408 9471 9470 4806 
14409 9118 9471 4806 
14410 9471 4645 9472 
14411 4646 9472 4645 
14412 3992 7836 9472 
14413 9116 9474 4795 
14414 9475 9474 4792 
14415 8909 9475 4792 
14416 9475 4794 9496 
14417 9477 9476 7662 
14418 9476 7874 8064 
14419 7665 9477 7662 
14420 7589 7874 9477 
14421 9479 7348 7345 
14422 7894 9478 7893 
14423 7585 9480 7345 
14424 7893 9478 9479 
14425 7893 9480 4654 
14426 7345 9480 9479 
14427 7675 7975 9482 
14428 7978 9482 7975 
14429 7981 9483 7001 
14430 9283 9483 7983 
14431 9492 9493 9494 
14432 9282 9283 9487 
14433 7676 9806 9492 
14434 7795 9491 9484 
14435 9283 7983 9487 
14436 9484 7492 9486 
14437 9484 9487 7983 
14438 6746 9485 9490 
14439 9488 9491 9490 
14440 9201 9690 9695 
14441 9488 9484 9491 
14442 9490 9489 9694 
14443 9492 9491 7795 
14444 9489 9490 9491 
14445 7982 9492 7795 
14446 9806 9493 9492 
14447 9698 9697 9493 
14448 9491 9494 9489 
14449 9492 9494 9491 
14450 9696 9494 9493 
14451 7989 9495 7990 
14452 8160 9495 7991 
14453 9475 9496 7837 
14454 8912 9496 4794 
14455 6997 9497 8070 
14456 9498 9497 6998 
14457 7253 9498 6998 
14458 9197 9498 7254 
14459 7840 9499 7510 
14460 7837 8104 9499 
14461 8106 9500 8046 
14462 8053 9500 8108 
14463 9607 9604 9605 
14464 9605 9501 9607 
14465 9546 9544 9545 
14466 9739 9744 9749 
14467 9544 8148 9545 
14468 8231 9545 9576 
14469 9545 8231 9546 
14470 9547 8231 8233 
14471 8231 9547 9546 
14472 8233 8150 9547 
14473 8432 9572 8388 
14474 9573 9571 9572 
14475 9783 9778 9781 
14476 9569 9768 9771 
14477 8148 9571 9545 
14478 9739 9749 9541 
14479 9564 9572 9571 
14480 9808 9572 8432 
14481 8388 9572 9564 
14482 9572 9808 9573 
14483 8389 9622 9577 
14484 9576 9575 8234 
14485 9575 9574 9573 
14486 9576 9574 9575 
14487 9577 9575 9573 
14488 8234 9575 8342 
14489 8231 9576 8234 
14490 9545 9574 9576 
14491 9577 9573 9808 
14492 9577 8345 9616 
14493 9606 9598 5398 
14494 9598 8143 9830 
14495 9600 9599 7977 
14496 9603 9599 8216 
14497 8347 9600 7977 
14498 9601 9600 8235 
14499 9601 8235 9617 
14500 9602 9601 8288 
14501 8219 9602 8288 
14502 9599 9602 8216 
14503 8217 9603 8216 
14504 8218 9599 9603 
14505 8145 9604 8147 
14506 9604 8149 9605 
14507 8149 9608 9605 
14508 8143 9598 9606 
14509 9501 9606 5398 
14510 9606 9605 9608 
14511 8150 9607 9501 
14512 9604 9607 8233 
14513 8144 9608 8149 
14514 9606 9608 8143 
14515 9598 9609 8202 
14516 9609 8273 8276 
14517 7885 9610 7884 
14518 8277 9610 7882 
14519 8342 9611 8234 
14520 8299 8228 9611 
14521 8184 9612 8312 
14522 9613 9612 8313 
14523 9614 8313 4213 
14524 8314 9613 4209 
14525 4212 9614 4213 
14526 4209 9613 9614 
14527 9422 9615 7153 
14528 8328 9615 8329 
14529 9577 9616 8342 
14530 8344 9616 8345 
14531 8300 9617 8235 
14532 8344 9617 8069 
14533 9612 9618 8313 
14534 8361 9618 8184 
14535 8360 9619 8361 
14536 8362 8442 9620 
14537 9621 9620 7022 
14538 8363 9619 9620 
14539 6930 9621 7022 
14540 9016 9621 8997 
14541 8431 9622 8382 
14542 9577 9622 8345 
14543 8218 9623 7980 
14544 8371 9623 8428 
14545 8447 9624 8419 
14546 8504 9624 8449 
14547 8427 8454 9625 
14548 8365 9625 8454 
14549 8269 9626 8267 
14550 8263 9626 8261 
14551 8529 9627 8536 
14552 8533 9627 8539 
14553 8533 8561 9628 
14554 8591 9628 8561 
14555 8623 9629 8558 
14556 9629 8593 8633 
14557 9632 9630 9631 
14558 9634 7055 7053 
14559 9632 9631 7810 
14560 8008 9631 9630 
14561 9632 7810 9633 
14562 9634 9632 7055 
14563 8001 9633 7810 
14564 7680 9633 7503 
14565 8610 9630 9634 
14566 9634 9630 9632 
14567 8621 9635 8611 
14568 8628 9635 8622 
14569 9635 9636 8611 
14570 8696 9636 8629 
14571 9638 9637 8626 
14572 8636 9637 8643 
14573 8630 9638 8626 
14574 8688 9638 8631 
14575 8685 9639 8682 
14576 8710 9639 8687 
14577 8765 8819 9645 
14578 9640 9811 9646 
14579 9642 9641 8793 
14580 8818 9641 8802 
14581 9642 9643 9644 
14582 9646 8765 9645 
14583 8793 8789 9643 
14584 9643 8789 9793 
14585 8811 9793 8789 
14586 9791 9779 9790 
14587 8802 9642 9645 
14588 9645 9642 9646 
14589 9642 9644 9646 
14590 9818 9646 9644 
14591 1665 9652 5569 
14592 5573 5572 9652 
14593 8888 9655 2218 
14594 8891 9655 8889 
14595 8893 9656 8869 
14596 8895 9656 8885 
14597 9662 2133 2601 
14598 9663 9662 2603 
14599 3545 9663 2603 
14600 9664 3541 3549 
14601 3186 9664 3549 
14602 8936 9663 9664 
14603 8961 9665 8960 
14604 4994 9665 8963 
14605 3919 9666 3918 
14606 9667 9666 3920 
14607 4199 9667 3920 
14608 4211 9667 4200 
14609 9035 9032 9668 
14610 9038 9668 9032 
14611 9049 9669 9046 
14612 9670 9056 9172 
14613 9173 9670 9172 
14614 9035 9669 9670 
14615 9672 9173 4493 
14616 9029 9035 9671 
14617 9029 9671 9672 
14618 9173 9672 9671 
14619 9674 9673 4675 
14620 9087 9673 9086 
14621 9109 9674 4675 
14622 4077 9673 9674 
14623 9354 9675 9082 
14624 9095 9096 9676 
14625 9092 9676 9094 
14626 9095 9676 9675 
14627 9069 9677 9078 
14628 9088 9677 9077 
14629 9163 9679 9159 
14630 9165 9679 9164 
14631 9681 9680 5432 
14632 9169 9680 9170 
14633 9682 5432 4032 
14634 9173 9170 9681 
14635 9682 4032 9108 
14636 9173 9681 9682 
14637 9690 9683 9189 
14638 9197 9683 9201 
14639 9162 9158 9684 
14640 9158 9180 9685 
14641 9686 9685 9179 
14642 9684 9685 9689 
14643 9185 9686 9179 
14644 9687 7487 7486 
14645 9688 9687 7486 
14646 9689 9202 9684 
14647 7246 9688 7486 
14648 9202 9688 7245 
14649 9686 9689 9685 
14650 9688 9689 9687 
14651 9683 9690 9201 
14652 9200 9690 9189 
14653 9694 9691 9693 
14654 9696 9695 9691 
14655 9693 9692 9214 
14656 9692 9691 9695 
14657 9490 9694 6746 
14658 9692 9693 9691 
14659 9696 9694 9489 
14660 9692 9695 9206 
14661 9691 9694 9696 
14662 9494 9696 9489 
14663 9697 9696 9493 
14664 9806 9698 9493 
14665 9695 9697 9201 
14666 8071 9197 9698 
14667 9201 9698 9197 
14668 9257 9714 5960 
14669 9253 9714 9254 
14670 9716 9715 9270 
14671 9262 9716 9270 
14672 9716 9269 5691 
14673 9281 9717 6748 
14674 9279 9717 9280 
14675 7047 9736 7039 
14676 9737 9736 6782 
14677 9737 6782 7276 
14678 9330 9737 7277 
14679 9738 9453 9454 
14680 9739 9738 9455 
14681 9750 9759 9749 
14682 9541 9451 9739 
14683 9455 9744 9739 
14684 9764 9746 9761 
14685 9455 9745 9744 
14686 9765 9541 9749 
14687 9455 9456 9745 
14688 9745 9747 9748 
14689 9747 9745 9445 
14690 488 9748 9747 
14691 9750 9749 9744 
14692 9749 9759 9746 
14693 9450 9747 9445 
14694 9741 9760 9762 
14695 9750 9744 9748 
14696 9744 9745 9748 
14697 9749 9746 9765 
14698 9762 9748 9743 
14699 9759 9760 9757 
14700 9740 9820 9817 
14701 9757 9763 9761 
14702 9760 9759 9750 
14703 9761 9759 9757 
14704 9762 9760 9750 
14705 9819 9760 9741 
14706 9819 9757 9760 
14707 520 9541 9765 
14708 9748 9762 9750 
14709 9741 9762 9743 
14710 9554 9771 9780 
14711 9761 9766 9764 
14712 9766 9761 9763 
14713 520 9764 9768 
14714 9746 9764 9765 
14715 520 9765 9764 
14716 9766 9763 9769 
14717 520 9768 9569 
14718 9772 9763 9820 
14719 9769 9763 9772 
14720 9764 9766 9768 
14721 9768 9766 9769 
14722 9770 9782 9784 
14723 9769 9767 9771 
14724 9782 9789 9779 
14725 9772 9777 9769 
14726 9769 9771 9768 
14727 9780 9771 9767 
14728 9770 9787 9782 
14729 9775 9776 9772 
14730 9775 9773 9776 
14731 9767 9777 9778 
14732 9784 9776 9773 
14733 9772 9740 9775 
14734 9777 9776 9774 
14735 9776 9777 9772 
14736 9778 9777 9774 
14737 9778 9774 9781 
14738 9786 9554 9780 
14739 9781 9774 9782 
14740 8787 9783 9791 
14741 9767 9778 9780 
14742 9778 9783 9786 
14743 9774 9784 9782 
14744 9783 9781 9779 
14745 9812 502 9810 
14746 9779 9781 9782 
14747 9783 9779 9791 
14748 9783 9562 9786 
14749 9776 9784 9774 
14750 9770 9784 9773 
14751 9554 9786 9562 
14752 9770 9785 9787 
14753 9778 9786 9780 
14754 9787 9785 9813 
14755 9782 9787 9789 
14756 502 9812 9813 
14757 9789 9790 9779 
14758 9813 9789 9787 
14759 9790 9789 9788 
14760 9818 9790 9788 
14761 9790 9792 9791 
14762 9792 9790 9644 
14763 8811 8787 9791 
14764 9644 9643 9793 
14765 8811 9791 9792 
14766 8811 9792 9793 
14767 9644 9793 9792 
14768 3354 7286 9804 
14769 7088 9804 7286 
14770 9806 7676 8070 
14771 9698 9806 8071 
14772 8433 9808 8432 
14773 9577 9808 8389 
14774 9811 9810 8767 
14775 9812 9810 9640 
14776 8766 9811 8767 
14777 9646 9811 8765 
14778 9818 9812 9640 
14779 9813 9812 9788 
14780 9813 9788 9789 
14781 502 9813 9785 
14782 5274 5569 9814 
14783 9652 9814 5569 
14784 9646 9818 9640 
14785 9819 9763 9757 
14786 9790 9818 9644 
14787 9741 9817 9819 
14788 9819 9817 9820 
14789 9772 9820 9740 
14790 9819 9820 9763 
14791 2284 9821 2116 
14792 2206 9821 3211 
14793 4763 9822 4626 
14794 9823 5067 4231 
14795 5068 9823 5624 
14796 5067 9823 9822 
14797 5165 9824 5167 
14798 5410 9824 4272 
14799 5245 9825 5243 
14800 5882 9825 4556 
14801 4780 4451 9826 
14802 5320 9827 5322 
14803 9827 5321 9828 
14804 4790 4780 9828 
14805 9827 9828 4780 
14806 6713 9829 6715 
14807 6981 9829 6711 
14808 8278 9830 8140 
14809 9598 9830 8273 
14810 9832 9831 8451 
14811 8452 9832 8451 
14812 9832 8475 8176 
14813 8679 8667 9834 
14814 9834 8668 8617 
14815 8679 9834 9833 
2 2 2 1654
14816 458 1205 122 
14817 1542 1845 828 
14818 963 1906 1437 
14819 129 128 829 
14820 1582 123 1205 
14821 125 1542 126 
14822 1962 1440 1710 
14823 1798 480 514 
14824 109 560 459 
14825 1205 123 122 
14826 293 292 652 
14827 291 832 292 
14828 652 294 293 
14829 832 291 290 
14830 1438 130 829 
14831 129 829 130 
14832 1545 1439 1438 
14833 663 937 997 
14834 1352 660 1068 
14835 304 1508 1705 
14836 1545 131 1439 
14837 1102 800 120 
14838 140 139 833 
14839 1130 655 1017 
14840 1118 654 835 
14841 137 136 135 
14842 141 655 142 
14843 655 141 1017 
14844 1063 655 1174 
14845 142 655 1063 
14846 658 150 1193 
14847 146 658 1193 
14848 654 1118 656 
14849 135 1211 137 
14850 144 654 656 
14851 1305 1067 160 
14852 134 133 1648 
14853 160 1067 659 
14854 1986 1648 133 
14855 1742 1067 1305 
14856 160 659 161 
14857 1305 159 158 
14858 1066 151 658 
14859 150 658 151 
14860 269 1301 1380 
14861 151 1066 152 
14862 162 1208 163 
14863 1210 165 164 
14864 1068 161 659 
14865 161 1068 660 
14866 660 1352 162 
14867 1211 135 134 
14868 156 1207 1292 
14869 515 1800 486 
14870 480 730 511 
14871 653 1330 1671 
14872 114 755 757 
14873 1058 995 116 
14874 596 110 598 
14875 296 1737 1625 
14876 1709 514 1526 
14877 1540 826 820 
14878 748 751 595 
14879 1921 515 1801 
14880 294 652 1104 
14881 551 751 1299 
14882 511 730 117 
14883 757 755 632 
14884 713 479 1196 
14885 1626 209 208 
14886 83 817 959 
14887 809 792 744 
14888 1324 1669 589 
14889 2043 2048 2030 
14890 616 792 773 
14891 663 301 300 
14892 298 1645 299 
14893 302 301 663 
14894 1261 843 104 
14895 1383 1523 543 
14896 1820 2018 1261 
14897 1261 1950 1512 
14898 100 1627 101 
14899 1732 1627 99 
14900 1352 1068 1987 
14901 99 1627 100 
14902 1486 1487 1751 
14903 303 662 1307 
14904 163 1208 164 
14905 102 2018 1820 
14906 302 663 997 
14907 1260 86 1678 
14908 88 87 840 
14909 89 1546 1212 
14910 89 1212 90 
14911 91 1213 92 
14912 197 678 946 
14913 1216 193 192 
14914 191 190 1310 
14915 193 1216 194 
14916 91 1212 1213 
14917 93 1213 1812 
14918 88 840 1441 
14919 105 104 843 
14920 1655 1955 2021 
14921 1640 2020 618 
14922 1310 671 1077 
14923 845 155 154 
14924 154 153 845 
14925 845 967 155 
14926 167 166 1218 
14927 1073 169 168 
14928 170 169 665 
14929 1147 172 171 
14930 171 170 665 
14931 1208 1354 164 
14932 173 175 174 
14933 968 176 1035 
14934 177 968 1019 
14935 1147 665 1073 
14936 177 176 968 
14937 1955 175 173 
14938 1139 1328 179 
14939 179 1328 180 
14940 179 178 846 
14941 182 1221 183 
14942 1053 846 1035 
14943 184 1222 185 
14944 187 186 670 
14945 190 671 1310 
14946 189 1077 671 
14947 1328 181 180 
14948 234 1226 235 
14949 241 240 1228 
14950 234 233 1226 
14951 1628 1629 255 
14952 186 185 1222 
14953 254 467 1628 
14954 189 188 1077 
14955 1092 950 1093 
14956 202 1313 1266 
14957 1266 1572 1720 
14958 206 205 873 
14959 204 203 874 
14960 91 90 1212 
14961 198 1232 199 
14962 1232 198 197 
14963 1232 197 946 
14964 677 1145 218 
14965 1153 1145 677 
14966 1234 200 199 
14967 718 946 678 
14968 959 1504 1291 
14969 209 1626 1731 
14970 54 1185 1195 
14971 76 545 559 
14972 212 1631 213 
14973 674 215 1337 
14974 217 677 218 
14975 1597 1568 1852 
14976 1154 1478 1157 
14977 52 882 1154 
14978 1157 1478 675 
14979 677 217 216 
14980 463 81 616 
14981 1678 85 1866 
14982 718 196 195 
14983 221 1084 222 
14984 222 1084 876 
14985 1145 219 218 
14986 49 982 50 
14987 1267 228 1499 
14988 879 230 229 
14989 1043 1499 228 
14990 227 1000 679 
14991 1043 880 1025 
14992 230 881 231 
14993 1300 1384 1038 
14994 887 885 17 
14995 1511 1562 1323 
14996 54 53 1185 
14997 883 20 19 
14998 20 883 21 
14999 1506 1702 1761 
15000 885 19 18 
15001 14 884 15 
15002 1555 1453 889 
15003 18 17 885 
15004 16 15 887 
15005 15 884 887 
15006 49 1038 1384 
15007 1320 1112 682 
15008 1190 1173 1349 
15009 873 207 206 
15010 592 531 530 
15011 553 713 77 
15012 792 616 744 
15013 640 636 934 
15014 529 492 525 
15015 1022 1692 1051 
15016 56 55 1315 
15017 56 1632 57 
15018 676 1315 55 
15019 1837 59 58 
15020 722 1096 1476 
15021 1022 893 1692 
15022 62 61 893 
15023 538 504 73 
15024 532 572 451 
15025 1096 67 892 
15026 210 1731 1659 
15027 64 983 1023 
15028 1039 63 1022 
15029 64 63 983 
15030 60 893 61 
15031 1562 46 45 
15032 1323 1125 1389 
15033 1590 1271 1556 
15034 1529 1323 1389 
15035 26 25 897 
15036 897 27 26 
15037 22 24 23 
15038 278 918 1457 
15039 683 7 6 
15040 1001 1467 9 
15041 1666 465 930 
15042 1271 25 24 
15043 1511 21 883 
15044 686 1113 39 
15045 902 40 687 
15046 1297 35 901 
15047 38 37 686 
15048 686 39 38 
15049 1113 687 39 
15050 902 42 41 
15051 1674 985 1960 
15052 764 34 704 
15053 466 33 32 
15054 32 31 466 
15055 1041 764 30 
15056 1533 1113 1686 
15057 40 902 41 
15058 485 516 1799 
15059 232 231 881 
15060 239 238 1240 
15061 237 1238 238 
15062 242 1240 243 
15063 245 904 246 
15064 1240 238 243 
15065 881 1362 1239 
15066 252 1495 255 
15067 250 257 1241 
15068 1241 251 250 
15069 1241 1495 251 
15070 905 1244 1496 
15071 1243 904 245 
15072 1496 257 250 
15073 920 270 921 
15074 248 1244 249 
15075 1496 259 258 
15076 1238 244 243 
15077 248 247 908 
15078 265 1003 942 
15079 941 1244 260 
15080 1362 881 879 
15081 915 272 271 
15082 990 274 273 
15083 994 465 1173 
15084 1457 279 278 
15085 918 278 277 
15086 277 276 918 
15087 276 991 918 
15088 13 889 14 
15089 919 275 274 
15090 267 1301 268 
15091 261 260 1532 
15092 267 1027 1047 
15093 1522 1532 908 
15094 247 1275 908 
15095 684 940 1001 
15096 1666 930 1270 
15097 8 683 684 
15098 8 684 9 
15099 285 925 286 
15100 287 1364 1 
15101 283 922 284 
15102 1 1245 2 
15103 922 283 282 
15104 1701 282 281 
15105 1364 287 286 
15106 922 925 284 
15107 285 284 925 
15108 1245 1364 925 
15109 915 273 272 
15110 701 1007 1027 
15111 261 1047 262 
15112 1027 266 701 
15113 1666 1270 1747 
15114 1636 2040 469 
15115 932 621 756 
15116 480 1526 514 
15117 815 800 791 
15118 625 1119 783 
15119 983 1039 890 
15120 789 798 608 
15121 930 12 1270 
15122 31 704 466 
15123 254 253 467 
15124 68 722 613 
15125 1637 469 513 
15126 111 610 720 
15127 495 740 116 
15128 653 1062 1330 
15129 1737 296 295 
15130 66 65 890 
15131 1952 474 1953 
15132 570 569 547 
15133 525 75 529 
15134 514 470 497 
15135 598 560 596 
15136 1641 518 1640 
15137 1202 772 1197 
15138 538 540 542 
15139 536 534 73 
15140 579 583 722 
15141 574 645 506 
15142 111 720 112 
15143 116 995 495 
15144 470 1893 497 
15145 1637 498 1636 
15146 1953 2045 1639 
15147 516 499 1799 
15148 1921 472 2003 
15149 515 500 1800 
15150 538 537 540 
15151 578 706 72 
15152 584 580 569 
15153 713 553 506 
15154 546 547 528 
15155 113 632 453 
15156 1060 115 757 
15157 1166 511 741 
15158 741 117 740 
15159 2274 1731 1626 
15160 516 2045 2050 
15161 469 1638 513 
15162 1166 1341 511 
15163 480 1798 118 
15164 1921 1801 1894 
15165 486 1801 515 
15166 2045 516 1639 
15167 1639 485 1638 
15168 1287 1093 950 
15169 1338 1804 1162 
15170 1641 618 619 
15171 800 454 120 
15172 530 533 566 
15173 564 622 527 
15174 528 569 565 
15175 545 524 559 
15176 492 508 525 
15177 600 523 530 
15178 622 564 74 
15179 492 570 547 
15180 547 546 508 
15181 553 574 506 
15182 75 527 529 
15183 533 530 531 
15184 504 550 533 
15185 592 530 523 
15186 451 572 71 
15187 451 70 532 
15188 536 73 504 
15189 542 504 538 
15190 533 531 534 
15191 548 537 541 
15192 594 532 70 
15193 504 533 536 
15194 533 534 536 
15195 548 535 537 
15196 535 532 594 
15197 541 73 539 
15198 537 535 540 
15199 538 541 537 
15200 549 540 594 
15201 566 533 550 
15202 73 541 538 
15203 541 539 548 
15204 542 540 549 
15205 504 542 550 
15206 1299 751 1032 
15207 514 1525 470 
15208 528 547 569 
15209 76 528 545 
15210 528 76 546 
15211 506 645 1092 
15212 508 492 547 
15213 539 72 548 
15214 548 72 706 
15215 535 594 540 
15216 570 492 576 
15217 542 549 550 
15218 550 549 566 
15219 554 557 595 
15220 551 1383 1578 
15221 556 574 553 
15222 595 557 560 
15223 1341 480 511 
15224 574 556 524 
15225 109 597 626 
15226 596 557 554 
15227 524 556 559 
15228 595 560 109 
15229 596 560 557 
15230 995 509 1059 
15231 527 75 564 
15232 545 573 524 
15233 565 545 528 
15234 588 606 69 
15235 530 566 600 
15236 524 644 574 
15237 565 573 545 
15238 576 492 529 
15239 527 581 529 
15240 527 523 601 
15241 581 602 576 
15242 524 573 644 
15243 569 580 565 
15244 565 580 573 
15245 644 573 575 
15246 580 575 573 
15247 574 644 645 
15248 601 523 600 
15249 529 581 576 
15250 706 535 548 
15251 572 532 578 
15252 605 587 611 
15253 586 613 583 
15254 570 584 569 
15255 584 570 576 
15256 715 646 1094 
15257 584 587 580 
15258 586 583 606 
15259 586 588 613 
15260 527 601 581 
15261 575 580 587 
15262 588 586 606 
15263 613 588 607 
15264 584 602 611 
15265 768 767 568 
15266 69 462 588 
15267 613 607 68 
15268 1712 1504 1434 
15269 589 1100 1324 
15270 622 592 523 
15271 603 715 1094 
15272 612 647 715 
15273 595 109 626 
15274 748 595 626 
15275 707 554 551 
15276 1166 741 1098 
15277 746 597 108 
15278 560 598 459 
15279 646 566 549 
15280 584 576 602 
15281 602 601 714 
15282 581 601 602 
15283 600 646 714 
15284 1099 767 611 
15285 69 647 612 
15286 575 587 605 
15287 584 611 587 
15288 767 1099 579 
15289 600 566 646 
15290 588 462 607 
15291 84 83 959 
15292 766 614 616 
15293 110 707 705 
15294 601 600 714 
15295 1099 611 714 
15296 606 647 69 
15297 722 68 708 
15298 583 613 722 
15299 744 614 608 
15300 709 766 616 
15301 744 616 614 
15302 709 623 766 
15303 996 1128 788 
15304 619 630 78 
15305 630 619 618 
15306 632 756 621 
15307 1060 1057 115 
15308 592 622 74 
15309 527 622 523 
15310 623 788 766 
15311 106 953 107 
15312 554 751 551 
15313 597 746 626 
15314 640 79 452 
15315 636 78 630 
15316 756 112 932 
15317 621 757 632 
15318 452 636 640 
15319 452 78 636 
15320 934 636 630 
15321 935 79 640 
15322 605 712 575 
15323 712 644 575 
15324 645 644 712 
15325 713 506 1092 
15326 594 646 549 
15327 602 714 611 
15328 724 715 647 
15329 612 715 603 
15330 292 832 1440 
15331 1205 458 1540 
15332 1305 1704 1742 
15333 145 656 1118 
15334 143 654 144 
15335 1203 1201 149 
15336 1063 1174 1703 
15337 156 967 1304 
15338 1910 1986 1860 
15339 304 1705 288 
15340 1644 299 1645 
15341 662 997 1307 
15342 665 169 1073 
15343 1018 175 1955 
15344 670 186 1151 
15345 1310 1077 1385 
15346 1951 211 1659 
15347 1348 1158 1082 
15348 1389 1556 1529 
15349 674 1153 216 
15350 1316 220 219 
15351 678 196 718 
15352 1000 227 226 
15353 226 225 1000 
15354 52 1154 1157 
15355 51 882 52 
15356 1928 2032 2105 
15357 683 6 684 
15358 5 940 6 
15359 684 6 940 
15360 1409 1090 1408 
15361 37 36 686 
15362 902 687 1113 
15363 265 264 691 
15364 1005 1007 692 
15365 266 1027 267 
15366 691 263 1003 
15367 701 692 1007 
15368 1041 30 29 
15369 578 532 706 
15370 532 535 706 
15371 110 596 707 
15372 707 596 554 
15373 1096 722 708 
15374 616 81 709 
15375 1196 479 1187 
15376 726 712 605 
15377 723 645 712 
15378 713 1092 1093 
15379 646 715 724 
15380 646 724 714 
15381 647 606 724 
15382 1094 646 594 
15383 1118 142 1063 
15384 1011 195 194 
15385 946 718 1011 
15386 1167 610 705 
15387 621 932 509 
15388 1096 708 67 
15389 890 1039 1054 
15390 726 723 712 
15391 768 723 726 
15392 606 583 724 
15393 579 724 583 
15394 767 605 611 
15395 726 767 768 
15396 519 500 729 
15397 1921 2003 515 
15398 480 118 730 
15399 118 117 730 
15400 117 741 511 
15401 1098 741 495 
15402 740 495 741 
15403 608 1100 1434 
15404 82 792 809 
15405 750 748 746 
15406 626 746 748 
15407 750 746 747 
15408 750 747 745 
15409 746 108 747 
15410 753 751 748 
15411 751 554 595 
15412 625 752 745 
15413 750 745 752 
15414 750 752 753 
15415 753 952 1032 
15416 107 953 1119 
15417 753 748 750 
15418 625 783 952 
15419 752 625 952 
15420 453 632 755 
15421 632 113 756 
15422 1060 621 509 
15423 757 115 114 
15424 704 31 764 
15425 788 623 80 
15426 614 766 789 
15427 568 767 579 
15428 726 605 767 
15429 1287 479 1093 
15430 723 768 950 
15431 729 1101 519 
15432 824 807 815 
15433 616 773 463 
15434 105 843 106 
15435 753 752 952 
15436 935 640 996 
15437 614 789 608 
15438 766 788 789 
15439 798 789 788 
15440 1102 120 119 
15441 825 824 815 
15442 744 801 809 
15443 82 773 792 
15444 1100 608 798 
15445 996 788 80 
15446 815 807 814 
15447 1188 791 1102 
15448 1434 744 608 
15449 1434 1504 801 
15450 800 815 814 
15451 808 1197 1188 
15452 119 808 1102 
15453 959 809 801 
15454 817 82 809 
15455 454 800 814 
15456 791 772 815 
15457 820 825 1483 
15458 959 817 809 
15459 1202 729 1483 
15460 824 121 807 
15461 823 1483 500 
15462 472 1625 1737 
15463 824 825 826 
15464 825 815 772 
15465 1484 772 1202 
15466 824 826 121 
15467 825 820 826 
15468 1435 1540 458 
15469 1582 1542 125 
15470 127 1437 1543 
15471 1947 288 2076 
15472 290 1308 1528 
15473 1017 139 964 
15474 143 835 654 
15475 86 1260 87 
15476 205 874 873 
15477 1493 1486 2067 
15478 192 191 841 
15479 104 103 1261 
15480 1512 1524 1325 
15481 153 152 845 
15482 1066 1304 152 
15483 1018 176 175 
15484 1050 1053 1035 
15485 1337 215 214 
15486 205 204 874 
15487 840 87 1260 
15488 1266 203 202 
15489 1232 1493 199 
15490 1316 219 1145 
15491 1803 876 1084 
15492 1267 229 228 
15493 1238 237 1750 
15494 679 1025 880 
15495 879 881 230 
15496 1396 881 236 
15497 677 216 1153 
15498 1320 50 1268 
15499 19 885 1269 
15500 1323 45 1125 
15501 14 889 1453 
15502 229 1267 879 
15503 16 887 17 
15504 1702 1707 1761 
15505 1300 887 884 
15506 887 1300 1506 
15507 907 247 906 
15508 1238 1750 1882 
15509 62 893 1022 
15510 1051 1054 1039 
15511 60 59 1837 
15512 63 1039 983 
15513 899 1606 1590 
15514 1533 902 1113 
15515 1271 897 25 
15516 901 1041 1297 
15517 274 990 985 
15518 1113 686 36 
15519 902 1533 42 
15520 238 1238 243 
15521 1362 879 1677 
15522 1244 259 1496 
15523 249 1244 905 
15524 904 1455 246 
15525 246 907 906 
15526 915 993 990 
15527 1275 247 907 
15528 269 1380 1295 
15529 921 271 920 
15530 1349 1879 1836 
15531 919 276 275 
15532 931 994 1190 
15533 985 991 919 
15534 276 919 991 
15535 1374 1708 1520 
15536 1680 993 1374 
15537 271 921 993 
15538 1001 940 1503 
15539 1245 1285 4 
15540 1691 1701 281 
15541 1245 3 2 
15542 1467 10 9 
15543 1270 12 11 
15544 1190 994 1173 
15545 112 720 932 
15546 1059 509 932 
15547 1324 630 618 
15548 1324 1100 1128 
15549 996 640 934 
15550 302 997 662 
15551 1732 98 97 
15552 663 300 937 
15553 679 1000 1025 
15554 4 1285 5 
15555 684 1001 9 
15556 1005 942 1003 
15557 691 1003 265 
15558 195 1011 718 
15559 92 1213 93 
15560 1378 568 1163 
15561 1990 1476 1178 
15562 952 783 1014 
15563 952 1014 1032 
15564 843 1120 106 
15565 106 1120 953 
15566 1291 1504 1988 
15567 84 959 1291 
15568 290 1528 832 
15569 1582 124 123 
15570 833 1017 141 
15571 1304 845 152 
15572 1035 176 1018 
15573 1019 846 178 
15574 1269 883 19 
15575 46 1562 1465 
15576 14 1453 884 
15577 63 62 1022 
15578 1023 890 65 
15579 29 28 1297 
15580 1041 34 764 
15581 273 915 990 
15582 915 271 993 
15583 919 274 985 
15584 1350 13 931 
15585 1381 1708 921 
15586 921 1374 993 
15587 1167 705 707 
15588 1059 1141 995 
15589 934 1128 996 
15590 80 935 996 
15591 1841 937 1980 
15592 1307 997 1508 
15593 225 939 1000 
15594 1000 939 1025 
15595 940 1285 1503 
15596 11 1563 1270 
15597 1005 692 942 
15598 1003 263 1004 
15599 1003 1004 1005 
15600 694 1005 1004 
15601 1005 694 1007 
15602 262 1007 694 
15603 1487 194 1216 
15604 1681 841 191 
15605 1129 783 953 
15606 1014 783 1129 
15607 139 1017 833 
15608 1017 964 1130 
15609 1147 171 665 
15610 846 968 1035 
15611 846 1019 968 
15612 1468 893 60 
15613 1096 1178 1476 
15614 890 1023 983 
15615 939 224 1025 
15616 880 1043 228 
15617 1047 1027 262 
15618 1007 262 1027 
15619 259 1244 941 
15620 1014 1132 1032 
15621 751 753 1032 
15622 1147 173 172 
15623 1035 1018 1050 
15624 48 1300 1038 
15625 1051 1039 1022 
15626 1054 1178 1140 
15627 1297 1041 29 
15628 901 34 1041 
15629 1025 224 1043 
15630 224 223 1568 
15631 268 1301 269 
15632 267 1047 1301 
15633 1221 184 183 
15634 846 1139 179 
15635 1468 1692 893 
15636 1870 1178 1051 
15637 1053 1050 1138 
15638 846 1053 1139 
15639 1178 1096 1140 
15640 890 1054 1140 
15641 995 1058 509 
15642 116 1057 1058 
15643 1060 1058 1057 
15644 932 720 1059 
15645 610 1167 720 
15646 621 1060 757 
15647 1058 1060 509 
15648 1330 1062 1104 
15649 294 1104 1062 
15650 1130 1174 655 
15651 146 145 1063 
15652 1070 1201 1193 
15653 1703 146 1063 
15654 1507 1704 1207 
15655 1305 160 159 
15656 1066 1703 1507 
15657 1067 1910 659 
15658 168 1357 1073 
15659 1543 128 127 
15660 1218 168 167 
15661 1576 1147 1073 
15662 1151 188 670 
15663 188 1151 1077 
15664 53 1158 1185 
15665 54 1195 676 
15666 1895 1803 1084 
15667 220 1316 221 
15668 645 723 1092 
15669 950 1092 723 
15670 768 1378 950 
15671 479 713 1093 
15672 594 70 1094 
15673 70 603 1094 
15674 66 1140 892 
15675 1140 66 890 
15676 1141 495 995 
15677 707 1098 1167 
15678 714 724 1099 
15679 579 1099 724 
15680 798 788 1128 
15681 1100 589 1539 
15682 1102 791 800 
15683 791 1188 772 
15684 1440 652 292 
15685 1330 1749 1671 
15686 882 51 1112 
15687 36 1298 1113 
15688 35 1297 1408 
15689 142 1118 835 
15690 1063 145 1118 
15691 783 1119 953 
15692 1261 1512 843 
15693 1383 551 1299 
15694 1556 1389 44 
15695 1128 934 1324 
15696 1100 798 1128 
15697 953 1120 1129 
15698 1325 1129 1120 
15699 964 138 1130 
15700 1174 1130 138 
15701 1325 1014 1129 
15702 1325 1132 1014 
15703 1863 1050 1655 
15704 2162 94 1215 
15705 1053 1138 1139 
15706 1327 1328 1138 
15707 1178 1054 1051 
15708 892 1140 1096 
15709 1059 720 1167 
15710 1098 495 1141 
15711 1735 1154 1875 
15712 1064 146 1193 
15713 1576 1073 1357 
15714 2021 1955 1147 
15715 1221 1814 184 
15716 1310 1385 1681 
15717 674 1337 1153 
15718 1112 1320 882 
15719 1388 882 1320 
15720 214 1631 1337 
15721 1195 1185 1348 
15722 676 1195 1315 
15723 1804 1338 517 
15724 1287 1163 1936 
15725 950 1378 1287 
15726 1098 707 1166 
15727 551 1578 707 
15728 1098 1141 1167 
15729 1167 1141 1059 
15730 280 279 1457 
15731 1457 918 1836 
15732 138 137 1211 
15733 658 146 1703 
15734 1051 1692 1870 
15735 1476 579 722 
15736 1316 1084 221 
15737 681 1673 1082 
15738 210 1659 211 
15739 1338 1187 479 
15740 1102 808 1188 
15741 1197 808 1101 
15742 1173 465 1666 
15743 931 1190 1350 
15744 150 1070 1193 
15745 1070 149 1201 
15746 1348 1185 1158 
15747 1985 2104 2029 
15748 1187 77 1196 
15749 77 713 1196 
15750 1202 1101 729 
15751 772 1188 1197 
15752 1201 1203 147 
15753 1064 1193 1201 
15754 1101 1202 1197 
15755 729 500 1483 
15756 148 147 1203 
15757 1201 147 1064 
15758 2024 820 1670 
15759 1440 1104 652 
15760 1354 1210 164 
15761 1210 166 165 
15762 162 1352 1208 
15763 1356 1218 166 
15764 1648 1742 1778 
15765 138 1211 1174 
15766 89 1441 1546 
15767 1313 1510 1266 
15768 874 203 1266 
15769 1486 946 1011 
15770 192 841 1216 
15771 1487 1486 1011 
15772 1356 166 1210 
15773 168 1218 1357 
15774 181 1327 182 
15775 1682 1867 1989 
15776 1867 1814 1989 
15777 186 1222 1867 
15778 232 1396 1226 
15779 1226 1396 235 
15780 1398 1228 240 
15781 1493 1234 199 
15782 1234 201 200 
15783 1493 946 1486 
15784 1213 2110 2948 
15785 1362 237 1239 
15786 244 1238 904 
15787 236 881 1239 
15788 1398 1363 1228 
15789 1240 1363 1398 
15790 257 256 1241 
15791 256 255 1495 
15792 244 904 1243 
15793 248 908 1244 
15794 260 1244 908 
15795 1285 940 5 
15796 4 3 1245 
15797 84 1291 85 
15798 874 1720 873 
15799 2018 1627 1950 
15800 1762 1709 1763 
15801 1572 1266 1510 
15802 1713 1546 840 
15803 1499 1597 1267 
15804 1384 1527 982 
15805 1500 50 982 
15806 1996 1995 1700 
15807 1506 885 887 
15808 10 1467 1563 
15809 1467 1758 1563 
15810 1529 24 22 
15811 1556 895 1590 
15812 907 1520 1275 
15813 1381 921 270 
15814 1245 925 1285 
15815 1701 925 922 
15816 1287 1936 1338 
15817 493 1936 1163 
15818 801 1504 959 
15819 744 1434 801 
15820 156 1507 1207 
15821 1295 1380 1381 
15822 1090 27 1729 
15823 1409 1408 1297 
15824 1686 35 1408 
15825 1032 1132 1299 
15826 1523 1383 1299 
15827 1269 885 1506 
15828 1527 1384 1300 
15829 1047 261 1301 
15830 1532 1380 261 
15831 1304 967 845 
15832 1507 1304 1066 
15833 261 1380 1301 
15834 134 1778 1211 
15835 937 1841 997 
15836 304 303 1307 
15837 1385 1077 1151 
15838 1310 1681 191 
15839 1510 1313 201 
15840 1837 1632 1985 
15841 56 1315 1632 
15842 1991 1145 1153 
15843 1500 1268 50 
15844 50 1320 682 
15845 1320 1268 1388 
15846 1125 44 1389 
15847 1580 21 1511 
15848 630 1324 934 
15849 1954 2020 1640 
15850 1512 1120 843 
15851 1120 1512 1325 
15852 1814 1221 1897 
15853 1221 182 1327 
15854 1138 1328 1139 
15855 181 1328 1327 
15856 1670 1330 1104 
15857 653 1671 295 
15858 214 213 1631 
15859 1154 882 1388 
15860 479 1287 1338 
15861 1187 1338 1162 
15862 707 1341 1166 
15863 1578 1383 1526 
15864 675 1478 1695 
15865 1908 2311 1195 
15866 1674 991 985 
15867 1350 889 13 
15868 1190 1349 1350 
15869 1350 1349 1835 
15870 1068 1860 1987 
15871 1576 1357 1356 
15872 1208 1352 1354 
15873 1356 1210 1517 
15874 1354 1517 1210 
15875 1354 1352 1517 
15876 1218 1356 1357 
15877 1576 1356 1517 
15878 1677 879 1267 
15879 1362 1677 1750 
15880 1240 242 1363 
15881 925 1364 286 
15882 1 1364 1245 
15883 907 246 1455 
15884 1680 990 993 
15885 568 1378 768 
15886 1287 1378 1163 
15887 1304 1507 156 
15888 157 1292 1207 
15889 1275 1522 908 
15890 270 1295 1381 
15891 1523 1299 1132 
15892 1526 1383 543 
15893 1527 1300 884 
15894 982 49 1384 
15895 1681 1385 1752 
15896 1682 1385 1151 
15897 1700 1914 1268 
15898 1928 2105 1735 
15899 43 1556 44 
15900 43 895 1556 
15901 881 1396 232 
15902 236 235 1396 
15903 1398 239 1240 
15904 35 1686 1298 
15905 897 1610 1729 
15906 1297 28 1409 
15907 1434 1100 1539 
15908 1965 873 1720 
15909 121 826 1435 
15910 828 126 1542 
15911 1308 1941 1528 
15912 829 2016 1438 
15913 1585 132 131 
15914 130 1438 1439 
15915 1710 832 1528 
15916 1962 1845 1582 
15917 1546 1441 840 
15918 1350 1835 889 
15919 1579 1453 1721 
15920 42 1533 1454 
15921 1786 1579 1721 
15922 921 1708 1374 
15923 1836 918 991 
15924 1879 1666 1747 
15925 1465 1562 1573 
15926 1573 1562 1511 
15927 1467 1001 1756 
15928 10 1563 11 
15929 1632 58 57 
15930 1348 1673 1908 
15931 1178 1870 1990 
15932 568 579 1476 
15933 1875 1388 1914 
15934 1082 1673 1348 
15935 820 1483 823 
15936 772 1484 825 
15937 1202 1483 1484 
15938 1483 825 1484 
15939 194 1487 1011 
15940 2604 2948 2128 
15941 1216 841 1487 
15942 1751 841 1681 
15943 946 1493 1232 
15944 1572 1234 1850 
15945 256 1495 1241 
15946 250 905 1496 
15947 257 1496 258 
15948 1568 1043 224 
15949 1499 1043 1568 
15950 1527 1579 1786 
15951 982 1760 1500 
15952 1285 925 1701 
15953 1285 1701 1503 
15954 1434 1539 1712 
15955 1965 2026 873 
15956 48 1702 1300 
15957 47 1702 48 
15958 1066 658 1703 
15959 1207 1704 158 
15960 1981 8832 2087 
15961 304 1307 1508 
15962 201 1234 1510 
15963 1572 1510 1234 
15964 883 1269 1573 
15965 1323 1529 1580 
15966 2018 101 1627 
15967 1625 1762 1967 
15968 2592 1352 1987 
15969 95 2069 8839 
15970 907 1455 1520 
15971 1916 1764 1968 
15972 1708 1275 1520 
15973 1532 1381 1380 
15974 1524 1132 1325 
15975 1523 1132 1524 
15976 1762 1524 2157 
15977 297 296 1625 
15978 1625 1525 1762 
15979 1524 1763 1523 
15980 1526 543 1709 
15981 480 1341 1526 
15982 1453 1579 884 
15983 884 1579 1527 
15984 1941 1308 289 
15985 1543 829 128 
15986 24 1529 1271 
15987 1323 1580 1511 
15988 908 1532 260 
15989 1522 1381 1532 
15990 1408 1090 1729 
15991 1590 1606 1610 
15992 1669 1748 589 
15993 1880 1712 1748 
15994 820 1205 1540 
15995 826 1540 1435 
15996 124 1582 125 
15997 1845 963 828 
15998 1906 963 1845 
15999 1906 1941 2016 
16000 1584 1545 1438 
16001 131 1545 1585 
16002 1713 840 1260 
16003 1266 1720 874 
16004 1374 1968 1680 
16005 1455 1916 1968 
16006 1590 895 899 
16007 1556 1271 1529 
16008 1511 883 1573 
16009 1323 1562 45 
16010 1756 1758 1467 
16011 1349 1173 1879 
16012 1803 223 876 
16013 1499 1568 1597 
16014 1234 1493 1850 
16015 2057 1546 1713 
16016 1761 1269 1506 
16017 1465 1573 981 
16018 1517 2592 2090 
16019 1655 1050 1018 
16020 1526 1341 1578 
16021 707 1578 1341 
16022 1555 1721 1453 
16023 1455 1882 1916 
16024 1529 22 1580 
16025 21 1580 22 
16026 2024 1962 1582 
16027 1710 1440 832 
16028 288 1947 289 
16029 1705 2952 2076 
16030 1545 1584 1585 
16031 1584 132 1585 
16032 899 1454 1606 
16033 1590 1610 1271 
16034 1852 1568 223 
16035 1786 982 1527 
16036 1454 1533 1606 
16037 1610 897 1271 
16038 1606 1533 1610 
16039 897 1729 27 
16040 1762 1525 1709 
16041 472 1525 1625 
16042 2025 208 1630 
16043 1880 512 2106 
16044 99 98 1732 
16045 937 1644 1645 
16046 255 1629 252 
16047 1628 467 1629 
16048 207 873 2026 
16049 212 211 1951 
16050 1154 1735 1478 
16051 1857 1315 1195 
16052 1837 1468 60 
16053 1671 1749 1881 
16054 823 500 1635 
16055 498 517 1636 
16056 2012 517 1936 
16057 469 1637 1636 
16058 485 1639 516 
16059 469 1953 1639 
16060 1638 469 1639 
16061 518 499 1640 
16062 499 1954 1640 
16063 618 1641 1640 
16064 937 300 1644 
16065 297 1625 1967 
16066 1981 1980 2123 
16067 1986 133 132 
16068 1910 1860 659 
16069 2068 96 95 
16070 1050 1863 1138 
16071 1731 210 209 
16072 1315 1857 1632 
16073 93 1812 1215 
16074 1747 1270 1563 
16075 1173 1666 1879 
16076 1324 618 2020 
16077 1880 1748 1669 
16078 1962 2024 1104 
16079 820 823 1670 
16080 1749 1330 1670 
16081 1737 295 1881 
16082 675 1695 681 
16083 1735 1908 1695 
16084 1960 985 990 
16085 1835 1555 889 
16086 1597 1677 1267 
16087 1238 1882 904 
16088 1866 85 1291 
16089 1764 1555 2023 
16090 2023 1674 1960 
16091 1385 1682 1752 
16092 1751 1487 841 
16093 1867 1151 186 
16094 184 1814 1222 
16095 1533 1686 1408 
16096 1113 1298 1686 
16097 1503 1756 1001 
16098 281 280 1757 
16099 1985 1468 1837 
16100 1476 2091 568 
16101 1695 1478 1735 
16102 1673 681 1695 
16103 1316 1995 1895 
16104 1268 1500 1700 
16105 1701 922 282 
16106 1756 1701 1691 
16107 1707 1702 47 
16108 1300 1702 1506 
16109 1890 1211 1778 
16110 158 1704 1305 
16111 1507 1703 1704 
16112 1742 1648 1067 
16113 1981 2173 1508 
16114 1068 659 1860 
16115 1707 981 1761 
16116 1381 1522 1708 
16117 1708 1522 1275 
16118 1525 514 1709 
16119 1523 1763 543 
16120 1437 1906 1543 
16121 1710 1845 1962 
16122 1539 589 1748 
16123 1630 207 2026 
16124 1866 1260 1678 
16125 1546 2057 1212 
16126 1850 2128 1572 
16127 2048 1866 1988 
16128 1555 1764 1721 
16129 1500 1760 1700 
16130 1610 1533 1729 
16131 1408 1729 1533 
16132 2186 2106 2274 
16133 568 2091 1163 
16134 1508 1841 1981 
16135 1841 1508 997 
16136 1875 1154 1388 
16137 1631 212 1951 
16138 1881 295 1671 
16139 1737 1635 472 
16140 1704 1703 1742 
16141 1890 1778 1742 
16142 281 1757 1691 
16143 1757 1457 1879 
16144 1880 1669 512 
16145 1712 1539 1748 
16146 1670 823 1749 
16147 1881 823 1635 
16148 1362 1750 237 
16149 1882 1750 1677 
16150 1883 1751 1752 
16151 2162 1215 1812 
16152 1883 1752 1682 
16153 1751 1681 1752 
16154 1701 1756 1503 
16155 1756 1691 1758 
16156 1457 1757 280 
16157 1758 1757 1747 
16158 1757 1758 1691 
16159 1747 1563 1758 
16160 1786 1760 982 
16161 1983 1597 1852 
16162 981 1573 1761 
16163 1269 1761 1573 
16164 2157 1524 1512 
16165 297 1967 298 
16166 1762 1763 1524 
16167 1709 543 1763 
16168 1764 2023 1968 
16169 1916 1677 2089 
16170 1648 1778 134 
16171 1890 1742 1703 
16172 1721 1764 1786 
16173 2060 1786 1764 
16174 514 497 1798 
16175 499 518 1799 
16176 500 519 1800 
16177 1893 1801 486 
16178 1894 1801 470 
16179 1895 1084 1316 
16180 1803 1895 1996 
16181 517 498 1804 
16182 2110 1212 2057 
16183 2069 2162 8833 
16184 1327 1897 1221 
16185 1897 1327 1138 
16186 1261 103 1820 
16187 1349 1674 1835 
16188 1835 1674 2023 
16189 991 1674 1836 
16190 1349 1836 1674 
16191 58 1632 1837 
16192 1985 1632 1857 
16193 1980 937 1645 
16194 1841 1980 1981 
16195 1582 1845 1542 
16196 1528 1845 1710 
16197 2067 1850 1493 
16198 1213 1212 2110 
16199 223 1803 1852 
16200 1983 1852 1803 
16201 1908 1195 1348 
16202 1468 2029 1692 
16203 1986 2076 2179 
16204 1705 1508 2173 
16205 1655 2021 2102 
16206 94 2069 95 
16207 1866 1291 1988 
16208 1260 1866 2225 
16209 1814 1867 1222 
16210 1151 1867 1682 
16211 1985 2029 1468 
16212 2031 2258 493 
16213 1337 1991 1153 
16214 1928 1735 1875 
16215 1388 1268 1914 
16216 1875 1914 1928 
16217 1757 1879 1747 
16218 1836 1879 1457 
16219 2106 512 2019 
16220 2043 1712 2186 
16221 823 1881 1749 
16222 1635 1737 1881 
16223 1882 1677 1916 
16224 904 1882 1455 
16225 1897 1989 1814 
16226 2117 1883 8833 
16227 1703 1174 1890 
16228 1211 1890 1174 
16229 1801 1893 470 
16230 470 1525 1894 
16231 1525 472 1894 
16232 1316 1145 1995 
16233 1895 1995 1996 
16234 1863 2221 1138 
16235 1863 2102 2232 
16236 1845 1528 1906 
16237 1906 1528 1941 
16238 1908 1673 1695 
16239 1908 2608 2169 
16240 1067 1648 1910 
16241 1986 1910 1648 
16242 1700 1873 1914 
16243 1914 1873 1928 
16244 1597 2089 1677 
16245 1597 1983 2089 
16246 1894 472 1921 
16247 2003 472 1635 
16248 1991 1873 1145 
16249 1928 1991 2032 
16250 493 1952 2012 
16251 517 1338 1936 
16252 1941 289 1947 
16253 2016 829 1543 
16254 1584 1438 1947 
16255 1947 1438 2016 
16256 1732 2123 1627 
16257 2086 1967 1950 
16258 2169 1951 1659 
16259 2608 1735 2105 
16260 2012 1636 517 
16261 1163 2031 493 
16262 1636 2012 2040 
16263 2019 2050 2045 
16264 2193 2106 2019 
16265 1669 1954 512 
16266 1147 1955 173 
16267 1018 1955 1655 
16268 990 1680 1960 
16269 2023 1960 1680 
16270 1582 1205 2024 
16271 1104 1440 1962 
16272 1720 2109 1965 
16273 2611 208 2025 
16274 1967 1762 2157 
16275 1645 298 1967 
16276 1374 1520 1968 
16277 1968 1520 1455 
16278 2086 1980 1645 
16279 2086 1627 2123 
16280 2087 8832 97 
16281 97 96 2087 
16282 1996 1983 1803 
16283 1760 1786 2060 
16284 1857 2266 1985 
16285 2185 1659 1731 
16286 132 1584 1986 
16287 1584 1947 2076 
16288 1860 1986 2179 
16289 2068 2591 2590 
16290 1712 2030 1504 
16291 1988 1504 2030 
16292 1897 1138 2221 
16293 1883 1682 1989 
16294 1870 2031 1990 
16295 1476 1990 2091 
16296 2032 1991 1337 
16297 1928 1873 1991 
16298 1145 1873 1995 
16299 1700 1995 1873 
16300 1700 1760 1996 
16301 1996 1760 2060 
16302 1635 500 2003 
16303 500 515 2003 
16304 493 2012 1936 
16305 2040 1952 1953 
16306 1906 2016 1543 
16307 2016 1941 1947 
16308 101 2018 102 
16309 1261 2018 1950 
16310 1954 2046 512 
16311 2046 2019 512 
16312 1954 1669 2020 
16313 1324 2020 1669 
16314 1147 1576 2021 
16315 2090 2593 1576 
16316 1968 2023 1680 
16317 2023 1555 1835 
16318 820 2024 1205 
16319 1104 2024 1670 
16320 2109 2226 1965 
16321 1880 2106 2186 
16322 1965 2025 2026 
16323 2025 1630 2026 
16324 2595 2031 1870 
16325 1870 1692 2029 
16326 2043 2030 1712 
16327 1988 2030 2048 
16328 2595 2029 2104 
16329 2258 2031 2308 
16330 1337 1631 2032 
16331 2105 1631 1951 
16332 1952 2040 2012 
16333 1953 469 2040 
16334 2186 1712 1880 
16335 2589 2025 1965 
16336 1953 474 2045 
16337 2019 2045 474 
16338 1954 499 2046 
16339 2050 499 516 
16340 2589 2048 2043 
16341 2225 2048 2226 
16342 2019 2046 2050 
16343 499 2050 2046 
16344 2109 2057 1713 
16345 2128 2109 1720 
16346 1916 2060 1764 
16347 1996 2060 1983 
16348 2117 2067 1486 
16349 1850 2604 2128 
16350 1863 1655 2102 
16351 2090 1576 1517 
16352 2221 2648 1989 
16353 2221 1989 1897 
16354 1705 2076 288 
16355 1986 1584 2076 
16356 1967 2086 1645 
16357 1627 2086 1950 
16358 2068 2590 96 
16359 2609 2951 2952 
16360 1983 2060 2089 
16361 2060 1916 2089 
16362 2949 2590 2591 
16363 2102 2594 2232 
16364 1990 2031 2091 
16365 2031 1163 2091 
16366 2593 2021 1576 
16367 2594 2068 2232 
16368 2311 2266 1857 
16369 2369 2156 2257 
16370 1631 2105 2032 
16371 1951 2169 2608 
16372 474 2257 2193 
16373 1626 208 2611 
16374 2225 2226 1713 
16375 2128 1720 1572 
16376 2109 2110 2057 
16377 2067 2117 2604 
16378 1486 1751 2117 
16379 1883 2117 1751 
16380 2123 1732 8832 
16381 1980 2086 2123 
16382 2604 1850 2067 
16383 2110 2109 2128 
16384 474 1952 2257 
16385 2369 2257 2258 
16386 1512 1950 2157 
16387 1967 2157 1950 
16388 8833 1812 2117 
16389 2069 94 2162 
16390 1659 2185 2312 
16391 2169 2266 2311 
16392 1981 2087 2173 
16393 2609 2173 2087 
16394 2179 2952 2951 
16395 1860 2179 2951 
16396 2369 2370 2156 
16397 2104 2266 2312 
16398 2106 2193 2274 
16399 2025 2043 2186 
16400 474 2193 2019 
16401 2274 2193 2156 
16402 2647 1863 2232 
16403 2221 2647 2648 
16404 1260 2225 1713 
16405 1866 2048 2225 
16406 2226 2048 2589 
16407 1713 2226 2109 
16408 8839 2068 95 
16409 2232 8839 2647 
16410 2258 2257 1952 
16411 2193 2257 2156 
16412 493 2258 1952 
16413 2595 2308 2031 
16414 2312 2266 2169 
16415 2104 1985 2266 
16416 2274 2156 2370 
16417 2274 1626 2611 
16418 2104 2185 2308 
16419 2370 2369 2308 
16420 1195 2311 1857 
16421 2169 2311 1908 
16422 1659 2312 2169 
16423 2104 2312 2185 
16424 2258 2308 2369 
16425 2370 2308 2185 
16426 2185 1731 2370 
16427 2274 2370 1731 
16428 2025 2589 2043 
16429 2226 2589 1965 
16430 2594 2591 2068 
16431 2087 96 2590 
16432 2950 2090 2592 
16433 2950 2609 2949 
16434 1352 2592 1517 
16435 2950 2592 1987 
16436 2090 2591 2594 
16437 2021 2593 2102 
16438 2102 2593 2594 
16439 2594 2593 2090 
16440 2029 2595 1870 
16441 2308 2595 2104 
16442 1812 2948 2117 
16443 2948 1812 1213 
16444 1735 2608 1908 
16445 1951 2608 2105 
16446 2949 2609 2087 
16447 2951 2609 1987 
16448 2025 2186 2611 
16449 2274 2611 2186 
16450 2647 2069 2648 
16451 1863 2647 2221 
16452 2069 1883 2648 
16453 1883 1989 2648 
16454 2128 2948 2110 
16455 2117 2948 2604 
16456 2590 2949 2087 
16457 2950 2949 2591 
16458 2090 2950 2591 
16459 1987 2609 2950 
16460 1860 2951 1987 
16461 2076 2952 2179 
16462 1705 2173 2952 
16463 2609 2952 2173 
16464 2123 8832 1981 
16465 97 8832 1732 
16466 2069 8833 1883 
16467 1812 8833 2162 
16468 2647 8839 2069 
16469 2068 8839 2232 
2 3 2 336
16470 426 1351 1516 
16471 1311 432 431 
16472 430 1079 1412 
16473 970 1365 434 
16474 435 970 434 
16475 1253 1497 311 
16476 432 1828 433 
16477 970 1249 1365 
16478 432 1311 1828 
16479 1391 1312 1335 
16480 1365 1249 309 
16481 1442 434 853 
16482 436 435 1265 
16483 433 1253 432 
16484 1249 970 436 
16485 1249 308 309 
16486 1365 309 310 
16487 431 673 1311 
16488 2052 307 437 
16489 438 2052 437 
16490 1220 1253 312 
16491 431 432 1220 
16492 1351 976 975 
16493 314 315 938 
16494 430 672 429 
16495 429 1152 430 
16496 1391 1411 1312 
16497 318 1322 317 
16498 972 862 1322 
16499 1181 1078 1346 
16500 1322 862 317 
16501 423 1088 1340 
16502 862 316 317 
16503 1322 426 972 
16504 437 436 1265 
16505 405 1229 1489 
16506 405 1489 438 
16507 864 1448 407 
16508 974 406 407 
16509 338 305 1229 
16510 438 437 8831 
16511 424 866 425 
16512 315 672 938 
16513 426 1516 427 
16514 425 866 1395 
16515 425 867 424 
16516 1442 435 434 
16517 867 320 977 
16518 1170 320 867 
16519 1456 1690 1339 
16520 1095 1165 422 
16521 423 867 977 
16522 423 424 867 
16523 427 972 426 
16524 409 1452 1554 
16525 868 407 406 
16526 1447 978 408 
16527 409 979 408 
16528 869 864 978 
16529 1449 1230 335 
16530 335 1230 334 
16531 1449 408 979 
16532 411 1596 410 
16533 407 868 978 
16534 974 1448 1229 
16535 695 421 422 
16536 943 1376 1405 
16537 322 323 943 
16538 719 420 419 
16539 695 943 421 
16540 696 1405 1418 
16541 2054 412 411 
16542 697 419 420 
16543 943 695 322 
16544 1405 421 943 
16545 1089 1339 1164 
16546 1126 986 416 
16547 414 910 415 
16548 333 411 2053 
16549 1293 413 412 
16550 415 911 414 
16551 412 332 2053 
16552 2054 411 1554 
16553 911 413 414 
16554 912 417 418 
16555 420 719 696 
16556 327 988 326 
16557 420 1286 697 
16558 912 988 327 
16559 1172 416 912 
16560 416 417 912 
16561 1171 329 330 
16562 330 1250 911 
16563 1171 330 911 
16564 1250 412 413 
16565 415 910 986 
16566 437 307 669 
16567 862 672 315 
16568 1078 429 672 
16569 1079 430 1152 
16570 426 861 1351 
16571 423 977 1088 
16572 695 1088 977 
16573 1164 1809 719 
16574 1164 419 1089 
16575 697 325 1466 
16576 1089 419 697 
16577 332 412 699 
16578 1250 413 911 
16579 719 1095 696 
16580 910 1869 1456 
16581 673 1336 1311 
16582 1601 1725 1854 
16583 853 1056 1497 
16584 319 320 1170 
16585 976 1351 861 
16586 862 428 1078 
16587 315 316 862 
16588 1448 337 338 
16589 1574 1513 1601 
16590 1152 1336 1079 
16591 1189 1198 1124 
16592 977 320 321 
16593 406 405 1553 
16594 1907 1601 1854 
16595 978 864 407 
16596 414 1293 910 
16597 418 1339 1089 
16598 987 1171 415 
16599 1250 330 331 
16600 912 418 988 
16601 989 987 986 
16602 672 430 938 
16603 1391 1412 1079 
16604 1286 324 325 
16605 697 1286 325 
16606 944 1405 1376 
16607 435 436 970 
16608 1249 437 669 
16609 427 428 972 
16610 862 972 428 
16611 1448 338 1229 
16612 405 406 974 
16613 1340 1088 1165 
16614 1095 422 421 
16615 322 695 1464 
16616 977 1464 695 
16617 405 438 1553 
16618 1265 2004 8831 
16619 409 410 979 
16620 979 410 1230 
16621 414 413 1293 
16622 409 408 1452 
16623 988 418 1089 
16624 1466 326 988 
16625 986 987 415 
16626 1172 327 328 
16627 432 1253 1220 
16628 853 854 1056 
16629 862 1078 672 
16630 428 427 1346 
16631 1078 428 1346 
16632 1079 1336 673 
16633 695 422 1088 
16634 421 696 1095 
16635 988 1089 697 
16636 418 417 1339 
16637 419 1164 719 
16638 1165 1088 422 
16639 1515 975 976 
16640 986 1126 989 
16641 1172 912 327 
16642 1181 429 1078 
16643 1181 1152 429 
16644 416 1456 417 
16645 1340 424 423 
16646 1809 1095 719 
16647 1922 2004 1265 
16648 1198 867 425 
16649 1189 319 1170 
16650 415 1171 911 
16651 987 329 1171 
16652 328 1126 1172 
16653 416 1172 1126 
16654 1198 1189 1170 
16655 867 1198 1170 
16656 425 1395 1198 
16657 312 313 1220 
16658 1411 1220 313 
16659 306 438 1489 
16660 974 1229 405 
16661 1449 335 336 
16662 1490 1596 333 
16663 437 1249 436 
16664 669 308 1249 
16665 331 699 1250 
16666 412 1250 699 
16667 311 312 1253 
16668 433 853 1497 
16669 854 853 434 
16670 978 868 1452 
16671 1418 420 696 
16672 1377 324 1286 
16673 409 1554 410 
16674 1452 408 978 
16675 1336 1513 1574 
16676 435 1442 1265 
16677 673 1411 1391 
16678 318 861 1322 
16679 426 1322 861 
16680 1391 1079 673 
16681 314 938 1335 
16682 1181 1513 1152 
16683 1336 1152 1513 
16684 1456 416 986 
16685 1456 1339 417 
16686 1516 1614 1346 
16687 1728 1340 1769 
16688 1602 975 1575 
16689 1198 1395 1515 
16690 1575 1395 866 
16691 1346 427 1516 
16692 434 1365 854 
16693 310 854 1365 
16694 943 323 1376 
16695 944 1418 1405 
16696 1411 673 431 
16697 1335 938 1412 
16698 866 424 1340 
16699 1515 1124 1198 
16700 944 1377 1418 
16701 421 1405 696 
16702 1220 1411 431 
16703 313 1312 1411 
16704 1335 1412 1391 
16705 938 430 1412 
16706 1377 1286 1418 
16707 1418 1286 420 
16708 1900 433 1828 
16709 1900 853 433 
16710 979 1230 1449 
16711 978 1447 869 
16712 407 1448 974 
16713 864 337 1448 
16714 336 1447 1449 
16715 408 1449 1447 
16716 406 1553 868 
16717 1554 411 410 
16718 986 910 1456 
16719 910 1293 1869 
16720 977 321 1464 
16721 697 1466 988 
16722 1229 305 1488 
16723 1229 1488 1489 
16724 306 1489 1488 
16725 1596 1230 410 
16726 334 1230 1490 
16727 433 1497 1253 
16728 1516 1351 1602 
16729 1311 1336 1574 
16730 975 1515 1395 
16731 976 1124 1515 
16732 1575 975 1395 
16733 1351 975 1602 
16734 1922 1265 1442 
16735 868 1553 1943 
16736 1943 1452 868 
16737 1901 1925 1930 
16738 1513 1181 1725 
16739 1900 1442 853 
16740 1728 1609 1575 
16741 1346 1725 1181 
16742 333 1596 411 
16743 1490 1230 1596 
16744 1516 1602 1614 
16745 1339 1690 1164 
16746 1609 1602 1575 
16747 1602 1609 1614 
16748 1575 866 1728 
16749 1165 1809 1769 
16750 1854 1614 1609 
16751 1601 1513 1725 
16752 1456 1869 1690 
16753 1728 1769 1888 
16754 1346 1614 1725 
16755 1854 1725 1614 
16756 866 1340 1728 
16757 1769 1340 1165 
16758 1165 1095 1809 
16759 1728 1888 1609 
16760 1164 1690 1809 
16761 1690 1929 1994 
16762 1574 1901 1311 
16763 1311 1901 1828 
16764 1919 1609 1888 
16765 1452 1943 1554 
16766 412 2054 1293 
16767 1943 2202 2174 
16768 1994 1769 1809 
16769 1929 1907 1919 
16770 1901 1930 1828 
16771 1442 1900 1922 
16772 1907 1925 1601 
16773 1925 1901 1574 
16774 1609 1919 1854 
16775 1929 1919 1888 
16776 1769 1994 1888 
16777 1907 1854 1919 
16778 1900 1828 1930 
16779 8831 1553 438 
16780 1601 1925 1574 
16781 1922 1900 1930 
16782 1869 2276 1690 
16783 1554 2174 2054 
16784 1925 1907 1930 
16785 2276 2202 2275 
16786 2004 2202 1553 
16787 2276 2054 2174 
16788 1690 1994 1809 
16789 1929 1888 1994 
16790 1922 1930 2004 
16791 1907 2275 1930 
16792 438 306 2052 
16793 412 2053 411 
16794 2174 1554 1943 
16795 1869 1293 2054 
16796 1943 1553 2202 
16797 2275 1929 2276 
16798 1930 2202 2004 
16799 1929 2275 1907 
16800 1690 2276 1929 
16801 1930 2275 2202 
16802 2054 2276 1869 
16803 2202 2276 2174 
16804 1265 8831 437 
16805 1553 8831 2004 
2 4 2 374
16806 2010 2011 1932 
16807 1592 343 1558 
16808 456 385 2013 
16809 1824 347 1593 
16810 2239 349 350 
16811 346 347 1824 
16812 2242 2239 351 
16813 352 2242 351 
16814 1616 1611 1615 
16815 1933 2072 2118 
16816 1978 1281 1823 
16817 1823 342 1592 
16818 2410 2448 2351 
16819 2806 2092 2299 
16820 1281 1978 340 
16821 2010 2097 2124 
16822 1607 1559 1611 
16823 2301 2360 2358 
16824 1592 1898 1823 
16825 2297 2231 2351 
16826 1823 341 342 
16827 2246 2244 2248 
16828 1898 1997 2092 
16829 343 1592 342 
16830 341 1823 1281 
16831 348 1593 347 
16832 1559 1615 1611 
16833 1284 1824 2077 
16834 927 2092 1997 
16835 1593 1607 1611 
16836 1592 1997 1898 
16837 1559 929 1615 
16838 1616 1824 1593 
16839 1593 348 1607 
16840 1282 1855 929 
16841 1593 1611 1616 
16842 1615 1855 2163 
16843 345 1284 2077 
16844 1615 929 1855 
16845 344 345 1949 
16846 1997 1592 1558 
16847 1898 1978 1823 
16848 2259 2077 1616 
16849 1284 346 1824 
16850 2259 1616 2163 
16851 2231 1937 2100 
16852 2352 2805 2806 
16853 2011 385 456 
16854 2138 1933 2118 
16855 384 2072 455 
16856 2013 2100 1937 
16857 1616 1615 2163 
16858 2139 2416 384 
16859 2092 2297 2299 
16860 339 340 1978 
16861 1558 927 1997 
16862 927 1280 2295 
16863 1932 1933 2010 
16864 2097 2010 1933 
16865 385 2011 2010 
16866 2100 2013 385 
16867 1933 1932 2072 
16868 1616 2077 1824 
16869 345 2077 1949 
16870 2235 2355 2357 
16871 1937 2231 1280 
16872 2364 354 2423 
16873 2138 2118 2131 
16874 2092 2295 2297 
16875 2010 2124 385 
16876 2555 2124 2097 
16877 2131 2118 384 
16878 2072 384 2118 
16879 2134 2120 2139 
16880 2100 385 2124 
16881 2134 2139 384 
16882 2239 8840 349 
16883 384 455 2134 
16884 2556 2138 2131 
16885 2097 1933 2138 
16886 2078 2235 2120 
16887 2139 2120 2235 
16888 2502 2527 2479 
16889 2366 2306 2365 
16890 2241 2366 2796 
16891 2366 2241 8842 
16892 2355 2235 2078 
16893 2493 353 2364 
16894 1898 2806 2805 
16895 2555 2556 2536 
16896 2124 2555 2410 
16897 927 2295 2092 
16898 2356 2301 2355 
16899 1949 2077 2259 
16900 351 2239 350 
16901 8840 2241 2240 
16902 8841 2241 2151 
16903 2241 2239 2151 
16904 2795 2796 2366 
16905 2242 2245 2151 
16906 2579 2578 2566 
16907 2239 2242 2151 
16908 2248 2244 2250 
16909 2416 2131 384 
16910 2247 8841 2245 
16911 2246 2242 352 
16912 2242 2246 2245 
16913 2245 2246 2248 
16914 2414 2235 2357 
16915 2250 2650 2243 
16916 2248 2250 2252 
16917 3128 3387 3388 
16918 2248 2252 2245 
16919 2893 2890 3130 
16920 2247 2245 2252 
16921 2163 1855 2365 
16922 1949 2259 2358 
16923 339 2435 2392 
16924 1280 2231 2295 
16925 2231 2100 2351 
16926 2551 2521 2533 
16927 353 354 2364 
16928 2231 2297 2295 
16929 2504 2299 2296 
16930 2448 2296 2351 
16931 2490 2305 2423 
16932 2296 2299 2297 
16933 2530 2806 2298 
16934 2306 4102 2365 
16935 2139 2235 2414 
16936 2305 2364 2423 
16937 2517 2503 2502 
16938 2250 3117 2252 
16939 2359 2358 2259 
16940 2504 2296 2503 
16941 2297 2351 2296 
16942 2410 2351 2100 
16943 2298 2505 2528 
16944 2530 2531 2352 
16945 344 1949 2360 
16946 2357 2355 2301 
16947 2355 2078 2356 
16948 2358 2359 2301 
16949 4101 3807 3808 
16950 2365 4102 2163 
16951 2360 2301 2356 
16952 2415 2417 2418 
16953 3809 2359 3808 
16954 344 2360 2356 
16955 1949 2358 2360 
16956 2423 354 355 
16957 353 2493 2464 
16958 2365 1855 2795 
16959 2306 4101 4102 
16960 1282 2795 1855 
16961 8841 8842 2241 
16962 2435 339 1978 
16963 2124 2410 2100 
16964 2410 2219 2448 
16965 2417 2414 2357 
16966 2139 2414 2416 
16967 4101 3808 2359 
16968 2893 2243 2890 
16969 2417 2416 2414 
16970 2566 2416 2415 
16971 2418 2417 2357 
16972 2416 2417 2415 
16973 3118 3379 2247 
16974 3117 3118 2252 
16975 2463 2336 2898 
16976 2463 2490 2489 
16977 2805 1978 1898 
16978 2539 2352 2531 
16979 2448 2219 2502 
16980 2296 2448 2503 
16981 2898 2490 2463 
16982 2464 2493 2521 
16983 2516 2527 2536 
16984 2903 2560 2550 
16985 2563 2522 2535 
16986 2538 2518 2901 
16987 2539 2540 2392 
16988 2505 2298 2504 
16989 2423 355 2489 
16990 2305 2490 2488 
16991 2423 2489 2490 
16992 2901 2488 2538 
16993 2364 2305 2493 
16994 2532 2521 2493 
16995 2536 2527 2502 
16996 2517 2502 2479 
16997 2502 2503 2448 
16998 2504 2503 2480 
16999 2505 2504 2480 
17000 2504 2298 2299 
17001 2521 2532 2509 
17002 2530 2298 2528 
17003 2305 2549 2532 
17004 2505 2480 2534 
17005 2579 2415 2580 
17006 2479 2527 2557 
17007 2509 2560 2533 
17008 2503 2517 2480 
17009 2518 2528 2529 
17010 2336 2540 2899 
17011 2522 2559 2554 
17012 2532 2493 2305 
17013 2533 2521 2509 
17014 2535 2534 2517 
17015 2479 2535 2517 
17016 2909 3123 2908 
17017 2536 2502 2219 
17018 2516 3384 2557 
17019 2529 2528 2505 
17020 2530 2528 2518 
17021 2554 2505 2534 
17022 2559 2532 2549 
17023 2531 2530 2518 
17024 2352 2806 2530 
17025 2531 2518 2538 
17026 2435 2539 2392 
17027 2549 2305 2488 
17028 2509 2532 2559 
17029 2561 2550 2560 
17030 2521 2551 2464 
17031 2517 2534 2480 
17032 2534 2522 2554 
17033 2479 2557 2573 
17034 2534 2535 2522 
17035 2219 2555 2536 
17036 2097 2556 2555 
17037 2578 2556 2566 
17038 2533 2560 2903 
17039 2901 2529 2507 
17040 2488 2490 2898 
17041 2352 2539 2435 
17042 2531 2538 2899 
17043 2899 2539 2531 
17044 2549 2554 2559 
17045 2488 2507 2549 
17046 2529 2505 2554 
17047 2573 2563 2535 
17048 2533 2388 2551 
17049 2522 2561 2559 
17050 2507 2554 2549 
17051 2555 2219 2410 
17052 2097 2138 2556 
17053 2566 2556 2131 
17054 2536 2556 2578 
17055 2516 2557 2527 
17056 2563 2573 3121 
17057 2554 2507 2529 
17058 2905 2562 2904 
17059 2561 2560 2509 
17060 2559 2561 2509 
17061 2561 2522 2563 
17062 2902 3120 3121 
17063 2903 2388 2533 
17064 2535 2479 2573 
17065 2561 2563 2550 
17066 2416 2566 2131 
17067 2566 2415 2579 
17068 2557 2537 2573 
17069 3381 3121 2573 
17070 2579 2580 2575 
17071 3384 3385 3386 
17072 3385 2578 2575 
17073 2536 2578 2516 
17074 2580 2415 2418 
17075 2578 2579 2575 
17076 2247 2252 3118 
17077 2896 3117 2893 
17078 2250 2244 2650 
17079 2796 2795 1282 
17080 2365 2795 2366 
17081 1282 2240 2796 
17082 2241 2796 2240 
17083 2352 2435 2805 
17084 1978 2805 2435 
17085 2092 2806 1898 
17086 2806 2299 2298 
17087 2909 3129 2189 
17088 3390 3389 2897 
17089 2526 3130 2890 
17090 2893 2892 2896 
17091 2250 2243 2893 
17092 3388 3389 2896 
17093 2580 3806 3805 
17094 2896 2892 3388 
17095 2896 2895 3117 
17096 3126 3127 3128 
17097 2580 3119 2575 
17098 2336 2538 2898 
17099 2488 2898 2538 
17100 2336 2899 2538 
17101 2539 2899 2540 
17102 2529 2901 2518 
17103 2488 2901 2507 
17104 3126 2909 2902 
17105 2908 2562 2905 
17106 2903 3120 2905 
17107 2904 2388 2903 
17108 2905 2904 2903 
17109 3120 2903 2550 
17110 2905 3120 2908 
17111 2909 2908 2902 
17112 2902 3381 3126 
17113 3129 2526 2189 
17114 3117 2250 2893 
17115 3117 2895 3118 
17116 2895 3389 3390 
17117 2366 8842 8843 
17118 3380 3805 3806 
17119 2897 3387 3386 
17120 3121 3120 2550 
17121 2908 3120 2902 
17122 2563 3121 2550 
17123 2573 2537 3381 
17124 2562 2908 3123 
17125 2189 3123 2909 
17126 3127 3126 2537 
17127 3128 2909 3126 
17128 3384 3127 2537 
17129 3384 3386 3127 
17130 3387 3128 3127 
17131 3128 3130 3129 
17132 2909 3128 3129 
17133 3130 3128 2892 
17134 3130 2892 2893 
17135 2526 3129 3130 
17136 3380 3118 2895 
17137 3807 3379 3806 
17138 2580 3805 3119 
17139 3379 3118 8952 
17140 3126 3381 2537 
17141 2902 3121 3381 
17142 2557 3384 2537 
17143 3385 3384 2516 
17144 2578 3385 2516 
17145 3385 2575 3386 
17146 2575 3119 3386 
17147 2897 3386 3119 
17148 3386 3387 3127 
17149 3388 3387 2897 
17150 3388 2897 3389 
17151 3128 3388 2892 
17152 2897 3119 3390 
17153 2896 3389 2895 
17154 3805 3390 3119 
17155 2895 3390 3380 
17156 3806 2580 2418 
17157 3390 3805 3380 
17158 3807 3806 2418 
17159 8952 3806 3379 
17160 3807 2418 3808 
17161 8843 3807 2306 
17162 2418 2357 3808 
17163 3809 3808 2357 
17164 2357 2301 3809 
17165 2301 2359 3809 
17166 4101 2359 4102 
17167 2306 3807 4101 
17168 2359 2259 4102 
17169 2163 4102 2259 
17170 349 8840 2240 
17171 2239 2241 8840 
17172 2245 8841 2151 
17173 8841 2247 8842 
17174 2247 3379 8842 
17175 8843 8842 3379 
17176 3807 8843 3379 
17177 2366 8843 2306 
17178 3118 3380 8952 
17179 3806 8952 3380 
2 5 2 1579
17180 4251 4243 4240 
17181 1777 119 1915 
17182 1643 1740 2963 
17183 2362 3363 2484 
17184 1798 480 514 
17185 806 120 799 
17186 1102 800 120 
17187 1740 1101 808 
17188 515 1800 486 
17189 1057 1518 1367 
17190 480 730 511 
17191 114 755 757 
17192 1966 1603 1726 
17193 1058 995 116 
17194 1425 1366 1417 
17195 511 730 117 
17196 1417 1366 1403 
17197 757 755 632 
17198 115 1057 1367 
17199 78 452 754 
17200 631 785 620 
17201 1972 2084 1892 
17202 713 479 1196 
17203 629 754 452 
17204 1400 1368 1401 
17205 1433 2159 1603 
17206 1534 732 2122 
17207 76 545 559 
17208 525 562 599 
17209 562 508 546 
17210 592 531 530 
17211 553 713 77 
17212 534 531 593 
17213 529 492 525 
17214 539 593 72 
17215 538 504 73 
17216 3710 1608 4268 
17217 532 572 451 
17218 725 727 578 
17219 2256 1613 2651 
17220 4272 5157 6019 
17221 4896 4902 4892 
17222 74 627 638 
17223 485 516 1799 
17224 2171 1970 1288 
17225 1619 1623 1622 
17226 733 1097 774 
17227 2616 2614 2615 
17228 451 71 739 
17229 733 777 734 
17230 3761 3765 3758 
17231 1637 469 513 
17232 495 740 116 
17233 2195 3900 2159 
17234 2170 1368 1255 
17235 1117 1779 1652 
17236 525 75 529 
17237 514 470 497 
17238 1643 3207 2607 
17239 2615 439 2197 
17240 1641 1739 1776 
17241 1641 518 1640 
17242 2161 486 1800 
17243 1202 772 1197 
17244 536 534 73 
17245 2329 2331 2213 
17246 116 995 495 
17247 2158 3900 2195 
17248 470 1893 497 
17249 1775 1637 1738 
17250 1637 498 1636 
17251 516 499 1799 
17252 515 500 1800 
17253 578 706 72 
17254 713 553 506 
17255 546 76 563 
17256 546 547 528 
17257 1060 115 757 
17258 741 117 740 
17259 485 1788 1638 
17260 469 1638 513 
17261 480 1798 118 
17262 486 1801 515 
17263 1639 485 1638 
17264 1338 1804 1162 
17265 1739 1302 1414 
17266 1641 618 619 
17267 1101 1740 3556 
17268 800 454 120 
17269 9582 9590 9592 
17270 564 622 527 
17271 545 524 559 
17272 562 525 508 
17273 492 508 525 
17274 6200 6018 6397 
17275 622 564 74 
17276 547 546 508 
17277 553 574 506 
17278 75 527 529 
17279 533 530 531 
17280 593 531 592 
17281 592 530 523 
17282 451 572 71 
17283 536 73 504 
17284 534 593 539 
17285 533 531 534 
17286 548 537 541 
17287 504 533 536 
17288 533 534 536 
17289 548 535 537 
17290 541 73 539 
17291 538 541 537 
17292 73 534 539 
17293 73 541 538 
17294 541 539 548 
17295 76 528 545 
17296 546 563 562 
17297 528 76 546 
17298 508 492 547 
17299 539 72 548 
17300 548 72 706 
17301 556 574 553 
17302 627 74 564 
17303 574 556 524 
17304 562 563 567 
17305 524 556 559 
17306 563 559 567 
17307 567 556 553 
17308 564 75 599 
17309 76 559 563 
17310 567 559 556 
17311 527 75 564 
17312 599 75 525 
17313 2387 2483 2236 
17314 599 562 634 
17315 725 593 716 
17316 578 72 725 
17317 706 535 548 
17318 572 532 578 
17319 622 592 523 
17320 74 638 650 
17321 627 634 638 
17322 716 593 650 
17323 634 562 567 
17324 564 599 627 
17325 810 793 802 
17326 619 630 78 
17327 1033 777 1176 
17328 630 619 618 
17329 785 631 755 
17330 1060 1057 115 
17331 592 622 74 
17332 527 622 523 
17333 1117 553 77 
17334 634 627 599 
17335 784 754 629 
17336 636 78 630 
17337 785 755 114 
17338 621 757 632 
17339 634 567 1117 
17340 650 592 74 
17341 452 78 636 
17342 567 553 1117 
17343 72 593 725 
17344 716 650 638 
17345 593 592 650 
17346 578 532 706 
17347 532 535 706 
17348 1196 479 1187 
17349 1779 77 1743 
17350 727 572 578 
17351 770 1013 1621 
17352 572 727 769 
17353 1652 2171 1288 
17354 769 727 951 
17355 119 120 806 
17356 519 500 729 
17357 480 118 730 
17358 118 117 730 
17359 2213 1726 2207 
17360 2302 1891 2141 
17361 775 443 737 
17362 1033 1176 1302 
17363 738 1256 776 
17364 778 794 738 
17365 1366 1425 1429 
17366 1097 735 774 
17367 1015 957 1033 
17368 777 736 776 
17369 1176 774 1342 
17370 443 775 440 
17371 956 620 785 
17372 457 793 464 
17373 71 769 1621 
17374 117 741 511 
17375 118 1433 117 
17376 740 495 741 
17377 784 629 617 
17378 754 784 1015 
17379 631 453 755 
17380 453 632 755 
17381 1060 621 509 
17382 757 115 114 
17383 1621 1623 739 
17384 769 71 572 
17385 1623 1013 1622 
17386 951 727 725 
17387 771 806 790 
17388 729 1101 519 
17389 733 1176 777 
17390 735 737 774 
17391 735 1097 1366 
17392 737 735 775 
17393 1256 738 956 
17394 736 738 776 
17395 1015 1049 754 
17396 734 777 776 
17397 1015 802 957 
17398 738 736 778 
17399 464 793 810 
17400 778 957 802 
17401 956 114 1256 
17402 956 738 794 
17403 799 790 806 
17404 1102 120 119 
17405 802 793 778 
17406 794 793 457 
17407 956 457 620 
17408 793 794 778 
17409 120 454 799 
17410 1188 791 1102 
17411 957 778 736 
17412 617 802 784 
17413 2619 6786 2620 
17414 2409 2616 460 
17415 808 1197 1188 
17416 119 808 1102 
17417 802 617 810 
17418 1780 1743 1187 
17419 1652 634 1117 
17420 1652 638 634 
17421 716 1288 725 
17422 956 785 114 
17423 457 956 794 
17424 736 777 1033 
17425 1015 784 802 
17426 1621 739 71 
17427 1013 1623 1621 
17428 957 736 1033 
17429 1015 1033 1049 
17430 774 1176 733 
17431 1342 774 737 
17432 1302 1049 1033 
17433 78 754 1049 
17434 995 1058 509 
17435 1518 740 1433 
17436 116 1057 1058 
17437 1060 1058 1057 
17438 621 1060 757 
17439 1058 1060 509 
17440 776 1369 734 
17441 733 734 1097 
17442 3556 2160 2196 
17443 1102 791 800 
17444 791 1188 772 
17445 1878 1915 806 
17446 1288 716 1652 
17447 1288 951 725 
17448 1342 1393 1414 
17449 1302 78 1049 
17450 1804 1338 517 
17451 1780 1806 1974 
17452 1302 1176 1414 
17453 1641 619 1739 
17454 1338 1187 479 
17455 1637 1775 498 
17456 1102 808 1188 
17457 1197 808 1101 
17458 1187 77 1196 
17459 77 713 1196 
17460 1202 1101 729 
17461 772 1188 1197 
17462 1101 1202 1197 
17463 1133 1392 1534 
17464 735 1400 775 
17465 1774 1788 1920 
17466 735 1366 1400 
17467 3564 3898 2158 
17468 115 1367 1402 
17469 776 1256 1369 
17470 638 1652 716 
17471 1621 951 1970 
17472 1401 1368 2170 
17473 619 78 1302 
17474 1187 1338 1162 
17475 1342 737 1393 
17476 443 1393 737 
17477 1403 734 1369 
17478 115 1402 114 
17479 1518 1057 116 
17480 740 117 1433 
17481 1413 1401 2170 
17482 1401 775 1400 
17483 1417 1256 1402 
17484 734 1403 1097 
17485 1342 1414 1176 
17486 732 443 1413 
17487 443 1392 1393 
17488 1414 1393 1392 
17489 1429 1400 1366 
17490 775 1401 440 
17491 1401 1413 440 
17492 1726 1251 3901 
17493 114 1402 1256 
17494 1402 1428 1425 
17495 1417 1403 1369 
17496 1366 1097 1403 
17497 1687 2141 1252 
17498 1413 2170 2122 
17499 1392 1133 1414 
17500 1414 1133 1739 
17501 1417 1402 1425 
17502 1256 1417 1369 
17503 1428 1402 1367 
17504 1429 1368 1400 
17505 1367 1518 1577 
17506 1428 1604 1966 
17507 1428 1429 1425 
17508 1255 1368 1429 
17509 118 1798 2159 
17510 1433 1603 1577 
17511 740 1518 116 
17512 1577 1518 1433 
17513 2213 2331 2170 
17514 2331 2385 2122 
17515 118 2159 1433 
17516 1367 1577 1604 
17517 2255 2256 2651 
17518 1429 1966 1255 
17519 1367 1604 1428 
17520 1577 1603 1604 
17521 1429 1428 1966 
17522 1617 1622 2255 
17523 2255 1622 2605 
17524 1622 1618 1619 
17525 1622 1013 770 
17526 769 951 1621 
17527 1970 951 1288 
17528 2605 770 444 
17529 1617 1618 1622 
17530 739 1623 461 
17531 1619 461 1623 
17532 498 517 1636 
17533 1774 513 1638 
17534 469 1637 1636 
17535 485 1639 516 
17536 513 1774 1738 
17537 1638 469 1639 
17538 518 499 1640 
17539 619 1302 1739 
17540 618 1641 1640 
17541 808 1777 1740 
17542 1779 2171 1652 
17543 1117 77 1779 
17544 933 1667 2171 
17545 770 1621 1970 
17546 2142 1687 1754 
17547 1392 443 732 
17548 3571 2330 2333 
17549 1603 1251 1726 
17550 1780 1974 1743 
17551 1637 513 1738 
17552 1252 1969 2083 
17553 1641 1776 518 
17554 1777 808 119 
17555 2194 2208 471 
17556 806 771 1878 
17557 1740 1777 2963 
17558 77 1187 1743 
17559 1780 1187 1162 
17560 2141 2303 2302 
17561 1754 2083 1133 
17562 1774 1638 1788 
17563 1738 1774 1920 
17564 1807 1973 473 
17565 498 1805 1804 
17566 1739 1133 2083 
17567 1969 1776 1739 
17568 119 806 1915 
17569 1889 2963 2164 
17570 1743 933 1779 
17571 4040 2483 3766 
17572 1806 1804 1805 
17573 1806 1808 1974 
17574 485 1799 1892 
17575 1920 473 1738 
17576 514 497 1798 
17577 2195 2159 1798 
17578 1776 1972 518 
17579 499 518 1799 
17580 500 519 1800 
17581 1800 2196 2161 
17582 1893 1801 486 
17583 517 498 1804 
17584 1775 1805 498 
17585 1805 1973 1808 
17586 1804 1806 1162 
17587 1806 1805 1808 
17588 1780 1162 1806 
17589 1775 1738 1973 
17590 8870 2236 2483 
17591 1973 1805 1775 
17592 933 1974 1807 
17593 771 728 1878 
17594 1741 1889 2164 
17595 1878 2164 1915 
17596 2963 1915 2164 
17597 1892 1788 485 
17598 1754 1133 1534 
17599 1799 518 1972 
17600 1920 1892 1891 
17601 1893 2208 2194 
17602 1801 1893 470 
17603 2164 1878 2612 
17604 439 2613 2197 
17605 1892 1920 1788 
17606 1891 473 1920 
17607 1603 1966 1604 
17608 1726 1255 1966 
17609 2084 1252 1891 
17610 1972 1892 1799 
17611 444 1970 1667 
17612 444 770 1970 
17613 1776 1969 1972 
17614 1969 1252 2084 
17615 473 1973 1738 
17616 1807 1808 1973 
17617 1807 1974 1808 
17618 933 1743 1974 
17619 1739 2083 1969 
17620 1392 732 1534 
17621 1892 2084 1891 
17622 1972 1969 2084 
17623 4243 9103 4241 
17624 4044 2362 2420 
17625 1252 2083 1687 
17626 2142 1754 1534 
17627 1891 1252 2141 
17628 1687 2083 1754 
17629 2386 2271 2142 
17630 1534 2122 2386 
17631 2302 473 1891 
17632 443 440 1413 
17633 2605 444 2485 
17634 1613 2256 3221 
17635 2194 497 1893 
17636 3907 3908 2332 
17637 1798 497 2195 
17638 1251 1603 2159 
17639 3558 2607 2962 
17640 3207 1643 1889 
17641 2196 1800 519 
17642 3561 2161 2196 
17643 2612 460 2197 
17644 3207 1889 2630 
17645 732 1413 2122 
17646 933 2171 1779 
17647 1970 2171 1667 
17648 1893 486 2208 
17649 471 2158 2194 
17650 497 2194 2195 
17651 2158 2195 2194 
17652 519 1101 3556 
17653 3561 2196 2160 
17654 1741 2613 439 
17655 2164 2612 2613 
17656 3901 3900 3898 
17657 1726 2213 1255 
17658 486 2161 2208 
17659 471 2208 2161 
17660 2213 2207 2329 
17661 2170 1255 2213 
17662 2361 2303 2141 
17663 2387 2236 2303 
17664 2605 1622 770 
17665 2255 2153 2256 
17666 2485 2153 2605 
17667 2982 1613 3221 
17668 2506 2384 4193 
17669 2487 2303 2361 
17670 2332 2334 2330 
17671 2383 2385 2331 
17672 1687 2361 2141 
17673 473 2302 2236 
17674 2487 4044 2420 
17675 2236 2302 2303 
17676 3573 2281 3907 
17677 3564 3562 3563 
17678 2329 2383 2331 
17679 2330 2334 2383 
17680 2122 2170 2331 
17681 2330 2329 2207 
17682 2330 2207 3899 
17683 2330 3571 2332 
17684 3561 3558 3209 
17685 2334 3908 3909 
17686 2385 2386 2122 
17687 2626 6368 6571 
17688 2142 2361 1687 
17689 2142 2271 2462 
17690 3363 3768 4049 
17691 2420 2387 2303 
17692 2330 2383 2329 
17693 2334 2384 2385 
17694 4193 2334 3909 
17695 2387 2362 2484 
17696 2334 2385 2383 
17697 2385 2384 2386 
17698 2142 2462 2361 
17699 2386 2142 1534 
17700 2484 2483 2387 
17701 2866 2487 2486 
17702 2271 2386 2384 
17703 2384 2506 2271 
17704 2420 2362 2387 
17705 2421 2866 2419 
17706 2361 2462 2487 
17707 2616 2618 2614 
17708 3759 3757 1667 
17709 2419 2486 2461 
17710 2486 2462 2271 
17711 2487 2420 2303 
17712 3363 494 2460 
17713 473 8870 1807 
17714 3221 3588 2982 
17715 2483 2484 3766 
17716 2485 3762 3220 
17717 3363 2460 3768 
17718 2486 2271 2506 
17719 2866 2486 2419 
17720 2486 2487 2462 
17721 2487 2866 4044 
17722 2135 2461 2506 
17723 2486 2506 2461 
17724 3362 4040 3766 
17725 2255 2605 2153 
17726 3586 2153 3220 
17727 2607 3556 1643 
17728 2160 3556 2607 
17729 1878 728 2612 
17730 460 2612 728 
17731 2164 2613 1741 
17732 2612 2197 2613 
17733 2988 2095 9103 
17734 439 2615 2619 
17735 2616 2615 2197 
17736 6571 2619 2615 
17737 460 2616 2197 
17738 2616 2409 2618 
17739 2614 2618 2625 
17740 2620 2622 2624 
17741 2409 2294 2618 
17742 2625 2294 2623 
17743 6571 2615 2614 
17744 1741 439 2624 
17745 3562 3564 471 
17746 2619 2620 439 
17747 3895 5581 3896 
17748 2622 2628 2624 
17749 6786 2619 2617 
17750 2624 439 2620 
17751 3257 3952 2706 
17752 2625 2626 2614 
17753 2628 2630 2624 
17754 2631 2627 2628 
17755 2294 2625 2618 
17756 2626 2625 2623 
17757 4240 4241 4242 
17758 5688 5690 5333 
17759 3562 471 3561 
17760 1741 2624 2630 
17761 6787 6172 5995 
17762 2628 2627 2630 
17763 6567 6786 6787 
17764 6367 6567 6566 
17765 3894 3559 2962 
17766 1741 2630 1889 
17767 2622 2631 2628 
17768 3903 3897 3566 
17769 1613 1617 2651 
17770 2255 2651 1617 
17771 3220 2153 2485 
17772 3950 2695 3664 
17773 3950 3257 2695 
17774 2695 3256 3664 
17775 2421 4046 4044 
17776 3894 3557 3902 
17777 3906 3560 3904 
17778 2962 3207 3208 
17779 3558 3559 3209 
17780 1643 2963 1889 
17781 2963 1777 1915 
17782 2983 2256 3586 
17783 4269 2982 3222 
17784 2485 444 3756 
17785 2607 3207 2962 
17786 3208 3207 2630 
17787 2630 2627 3208 
17788 3208 2627 3557 
17789 3565 3563 3209 
17790 2160 3558 3561 
17791 3756 3760 2485 
17792 2485 3760 3762 
17793 2256 2983 3221 
17794 3221 2983 3588 
17795 3220 3926 2983 
17796 3589 4214 4216 
17797 4638 4243 4440 
17798 3952 4242 2706 
17799 3756 444 3757 
17800 4048 4047 3362 
17801 3759 4506 3757 
17802 3363 2362 4046 
17803 2460 3103 3768 
17804 519 3556 2196 
17805 1643 3556 1740 
17806 2627 3895 3557 
17807 2607 3558 2160 
17808 3559 3558 2962 
17809 3894 2962 3208 
17810 3565 3559 2961 
17811 2961 3902 3567 
17812 2333 3568 3569 
17813 3562 3561 3209 
17814 471 2161 3561 
17815 3559 3565 3209 
17816 3562 3209 3563 
17817 3560 3568 3563 
17818 3898 3564 3568 
17819 3564 3563 3568 
17820 2158 471 3564 
17821 3567 3565 2961 
17822 3560 3563 3565 
17823 3565 3567 3904 
17824 2961 3894 3902 
17825 3569 3560 3906 
17826 3569 3568 3560 
17827 3568 2333 3898 
17828 3910 3571 3572 
17829 3566 3905 3570 
17830 3572 3905 481 
17831 2333 3569 3571 
17832 3572 3571 3569 
17833 3904 3570 3906 
17834 481 3573 3910 
17835 3907 3910 3573 
17836 2153 3586 2256 
17837 3220 2983 3586 
17838 4914 4895 4904 
17839 3588 3589 3222 
17840 3589 3588 2983 
17841 2982 3588 3222 
17842 3926 3589 2983 
17843 4270 4901 3710 
17844 3664 3949 3950 
17845 4251 4245 9136 
17846 4011 4268 4269 
17847 9019 3589 4216 
17848 4908 3713 4907 
17849 3757 444 1667 
17850 3761 3760 3756 
17851 933 4303 1667 
17852 3361 3756 3757 
17853 3758 3760 3761 
17854 3926 4290 3587 
17855 4040 4304 2483 
17856 4302 4507 4297 
17857 3761 3756 3361 
17858 3760 3758 3762 
17859 4296 3764 4297 
17860 4038 4295 4299 
17861 4037 3762 3758 
17862 4037 4290 3762 
17863 4297 4506 4302 
17864 3758 4291 4037 
17865 4038 3761 4505 
17866 4299 4039 3763 
17867 4038 3765 3761 
17868 4500 4293 4501 
17869 4049 3768 4048 
17870 4040 3362 4301 
17871 4047 3768 3103 
17872 3766 4048 3362 
17873 3559 3894 2961 
17874 3208 3557 3894 
17875 2631 3895 2627 
17876 5581 2621 3896 
17877 3567 3570 3904 
17878 3557 3895 3896 
17879 3896 2621 3897 
17880 3899 3898 2333 
17881 3900 2158 3898 
17882 2330 3899 2333 
17883 2207 1726 3901 
17884 3901 3898 3899 
17885 1251 2159 3900 
17886 2207 3901 3899 
17887 1251 3900 3901 
17888 3557 3896 3902 
17889 3903 3896 3897 
17890 3567 3902 3903 
17891 3896 3903 3902 
17892 3565 3904 3560 
17893 3567 3566 3570 
17894 3566 3567 3903 
17895 3906 3905 3572 
17896 3905 3906 3570 
17897 3572 3569 3906 
17898 3908 3907 2281 
17899 3910 3907 2332 
17900 3909 2135 4193 
17901 2332 3908 2334 
17902 3908 2281 3909 
17903 3571 3910 2332 
17904 3910 3572 481 
17905 3762 3926 3220 
17906 3926 3587 4214 
17907 3949 4453 4455 
17908 3950 3952 3257 
17909 4457 9105 3958 
17910 3950 3949 3952 
17911 4242 4244 4240 
17912 4237 4241 2095 
17913 4445 4446 356 
17914 4214 3589 3926 
17915 4268 4270 3710 
17916 4291 3758 3765 
17917 4037 4291 4501 
17918 4505 3761 3361 
17919 4038 3764 4295 
17920 4296 4295 3764 
17921 4303 4040 4301 
17922 4303 933 4304 
17923 4046 2421 494 
17924 2866 2421 4044 
17925 3363 4046 494 
17926 2362 4044 4046 
17927 2606 4296 4298 
17928 4296 2606 4295 
17929 4049 3766 2484 
17930 4047 4048 3768 
17931 3766 4049 4048 
17932 2484 3363 4049 
17933 2506 4193 2135 
17934 2334 4193 2384 
17935 4216 4502 4897 
17936 4502 4214 3587 
17937 3587 4503 4502 
17938 4271 4476 4888 
17939 4214 4502 4216 
17940 9019 4011 4269 
17941 4245 5327 9136 
17942 4440 2623 4638 
17943 4242 4241 4237 
17944 4243 4241 4240 
17945 2706 4242 4237 
17946 4242 3952 4244 
17947 4240 4244 4245 
17948 2294 2988 4638 
17949 4455 4246 3949 
17950 4244 4246 4245 
17951 3949 4246 3952 
17952 9135 5333 5996 
17953 4453 4450 4456 
17954 4240 4245 4251 
17955 4245 4246 4253 
17956 5327 4253 5099 
17957 6173 2623 4440 
17958 5328 5331 4248 
17959 5331 5328 5332 
17960 4244 3952 4246 
17961 4251 4249 4440 
17962 4788 4789 4786 
17963 3664 4447 4452 
17964 4455 4789 4253 
17965 4269 4268 1608 
17966 4270 4268 4011 
17967 2982 4269 1608 
17968 9019 4269 3222 
17969 9019 9020 4011 
17970 4271 4902 4011 
17971 9020 4476 4271 
17972 4888 4892 4271 
17973 4908 4912 4913 
17974 3762 4290 3926 
17975 4037 3587 4290 
17976 3765 4294 4291 
17977 4294 3765 4299 
17978 468 4500 4292 
17979 5175 4893 4898 
17980 4037 4293 4504 
17981 3763 4292 4294 
17982 4292 4500 4501 
17983 2606 4039 4295 
17984 4295 4039 4299 
17985 4505 4297 3764 
17986 4298 4296 4507 
17987 4506 4297 4505 
17988 4301 4302 4506 
17989 4047 3103 4298 
17990 4294 4299 3763 
17991 4038 4299 3765 
17992 4301 3362 4302 
17993 4303 4301 3759 
17994 3362 4047 4302 
17995 4302 4047 4507 
17996 1667 4303 3759 
17997 4304 933 1807 
17998 4304 1807 8870 
17999 4040 4303 4304 
18000 5056 5581 9293 
18001 3256 4446 4447 
18002 4249 5996 6173 
18003 4251 4440 4243 
18004 4640 5091 9125 
18005 4447 3664 3256 
18006 4446 4445 4447 
18007 4445 4439 4447 
18008 4639 9106 4439 
18009 4457 4456 4450 
18010 4452 4453 3664 
18011 9106 4447 4439 
18012 4453 4452 4450 
18013 4456 4455 4453 
18014 3664 4453 3949 
18015 4783 4454 4457 
18016 4789 4455 4454 
18017 4246 4455 4253 
18018 4450 9105 4457 
18019 4454 4455 4456 
18020 4454 4783 4786 
18021 4454 4456 4457 
18022 4893 4889 4891 
18023 4037 4501 4293 
18024 4291 4294 4501 
18025 4292 4501 4294 
18026 4903 4938 4937 
18027 4504 3587 4037 
18028 468 4936 4938 
18029 4888 4891 4657 
18030 4500 468 4938 
18031 4503 3587 4504 
18032 4038 4505 3764 
18033 4506 4505 3361 
18034 3757 4506 3361 
18035 4506 3759 4301 
18036 4507 4296 4297 
18037 4047 4298 4507 
18038 5581 5056 2621 
18039 2294 4638 2623 
18040 9103 4638 2988 
18041 4781 9126 3958 
18042 5686 5685 5329 
18043 4657 4891 4899 
18044 4270 4902 4901 
18045 9122 4899 4891 
18046 5092 4782 5316 
18047 4640 4784 9126 
18048 4783 4457 9126 
18049 4784 4783 9126 
18050 4786 4783 4787 
18051 9125 357 5092 
18052 4786 4787 4785 
18053 5316 5324 4787 
18054 5326 4788 4785 
18055 4787 4783 4784 
18056 4786 4785 4788 
18057 4784 9125 5316 
18058 4787 5324 4785 
18059 5324 5325 4785 
18060 5327 5099 4248 
18061 4786 4789 4454 
18062 4253 4789 4788 
18063 4893 4891 4888 
18064 4892 4888 4895 
18065 5177 5175 4903 
18066 4923 4215 4921 
18067 4890 4892 4895 
18068 3700 4896 4907 
18069 4893 4888 4476 
18070 4894 4899 9122 
18071 4895 4888 4657 
18072 4896 4892 4890 
18073 4476 4897 4893 
18074 4897 4502 4898 
18075 4905 4915 4900 
18076 4905 4916 4915 
18077 4904 4657 4905 
18078 4657 4904 4895 
18079 4890 4908 4907 
18080 4901 4896 3700 
18081 4216 4897 4476 
18082 4898 4502 4503 
18083 4898 4503 4903 
18084 4893 4897 4898 
18085 9122 4891 4889 
18086 4905 4899 4894 
18087 5725 5723 5726 
18088 4912 4908 4890 
18089 4270 4011 4902 
18090 3710 4901 3700 
18091 4892 4902 4271 
18092 4896 4901 4902 
18093 4293 4938 4504 
18094 4658 4930 5178 
18095 4905 4657 4899 
18096 4914 4900 5724 
18097 4916 4911 4915 
18098 4904 4905 4900 
18099 4890 4907 4896 
18100 3713 3700 4907 
18101 4890 4914 4912 
18102 1595 3713 4908 
18103 4900 4915 4917 
18104 4908 4913 1595 
18105 5731 5728 5733 
18106 4914 4890 4895 
18107 4912 4910 4913 
18108 5425 5723 5176 
18109 4913 5723 5425 
18110 4900 4914 4904 
18111 4912 4914 4910 
18112 4916 4905 4894 
18113 4915 4911 6016 
18114 4894 4923 4921 
18115 5751 4911 4919 
18116 4919 4909 5751 
18117 5176 5731 5732 
18118 4916 4918 4919 
18119 4909 4919 4918 
18120 4911 4916 4919 
18121 4921 4918 4916 
18122 6021 5764 6024 
18123 5751 4909 4920 
18124 4916 4894 4921 
18125 4918 4921 4215 
18126 5177 4889 5175 
18127 4923 5177 5178 
18128 4215 4923 4930 
18129 4658 4937 4936 
18130 4937 4938 4936 
18131 4937 4658 5178 
18132 4938 4903 4503 
18133 4504 4938 4503 
18134 4938 4293 4500 
18135 9125 4784 4640 
18136 4639 9105 9106 
18137 6171 6170 5689 
18138 5335 5334 5332 
18139 5689 5690 5688 
18140 5326 5328 5099 
18141 4253 4788 5099 
18142 5099 4788 5326 
18143 1595 4913 5424 
18144 5424 5425 6017 
18145 5425 5736 6017 
18146 6397 6202 6200 
18147 4893 5175 4889 
18148 4898 4903 5175 
18149 5723 5725 5176 
18150 5176 5736 5425 
18151 4903 4937 5178 
18152 9122 5177 4923 
18153 4923 5178 4930 
18154 5178 5177 4903 
18155 5324 5316 4782 
18156 4784 5316 4787 
18157 4782 5097 5324 
18158 5325 5324 5097 
18159 4247 5325 5097 
18160 5326 5325 5098 
18161 5325 5326 4785 
18162 5326 5098 5328 
18163 4248 9135 9136 
18164 4253 5327 4245 
18165 5330 5331 5332 
18166 4248 5099 5328 
18167 5332 5334 5685 
18168 5330 5685 5686 
18169 5333 9135 5331 
18170 5332 5328 5098 
18171 5331 5330 5333 
18172 5335 5098 5325 
18173 5686 5688 5330 
18174 9135 5996 4249 
18175 5335 5325 4247 
18176 5685 5334 5329 
18177 5334 5335 4247 
18178 5332 5098 5335 
18179 7913 7914 7772 
18180 7621 5409 7152 
18181 6850 6623 6849 
18182 5725 5731 5176 
18183 5425 5424 4913 
18184 5156 1595 5424 
18185 5723 4913 4910 
18186 5732 5736 5176 
18187 2631 9293 3895 
18188 6569 9293 6570 
18189 5332 5685 5330 
18190 5994 484 5689 
18191 5330 5688 5333 
18192 5686 5329 5687 
18193 5994 5686 5687 
18194 5994 5688 5686 
18195 6171 5995 6170 
18196 6172 6368 5996 
18197 5690 5689 6170 
18198 6170 6172 5690 
18199 6848 6863 6860 
18200 6852 6848 6860 
18201 5724 5723 4910 
18202 5724 5726 5723 
18203 4914 5724 4910 
18204 5726 4900 4917 
18205 6024 5728 5729 
18206 4917 5728 5725 
18207 4900 5726 5724 
18208 4917 5725 5726 
18209 526 5758 5764 
18210 5754 5730 5733 
18211 5729 5728 4917 
18212 5728 5727 5733 
18213 6016 5729 4917 
18214 5751 4920 6021 
18215 9309 6027 6624 
18216 5732 5737 5739 
18217 5728 5731 5725 
18218 5732 5731 5730 
18219 5732 5730 5737 
18220 5157 6020 5739 
18221 5731 5733 5730 
18222 5730 5756 5737 
18223 5756 5730 5754 
18224 6019 6018 4272 
18225 5732 5739 6020 
18226 6017 5736 5145 
18227 5727 5754 5733 
18228 5739 5737 5735 
18229 6028 5769 6026 
18230 5739 5735 6018 
18231 5145 6020 5157 
18232 6016 5751 5729 
18233 6021 4920 526 
18234 6207 6029 5756 
18235 5766 5761 5765 
18236 5758 5765 5764 
18237 5735 5737 5756 
18238 6023 5769 5754 
18239 6207 5769 6028 
18240 5765 5758 5734 
18241 5766 5734 5763 
18242 6022 6023 5727 
18243 5766 5763 5768 
18244 5761 6022 5764 
18245 5764 6022 6024 
18246 5766 5765 5734 
18247 5764 5765 5761 
18248 5768 5763 5738 
18249 5761 5766 5769 
18250 7158 6847 6843 
18251 6026 5768 9297 
18252 5766 6026 5769 
18253 6566 5995 6171 
18254 484 5994 5687 
18255 5688 5994 5689 
18256 6171 5689 484 
18257 6566 6171 6568 
18258 5996 2626 6173 
18259 5333 5690 5996 
18260 6860 6867 6866 
18261 4915 6016 4917 
18262 5751 6016 4911 
18263 5145 5156 6017 
18264 6017 5156 5424 
18265 5735 6622 6397 
18266 5410 4272 6200 
18267 5157 5739 6019 
18268 6018 6019 5739 
18269 5145 5736 6020 
18270 5732 6020 5736 
18271 5764 6021 526 
18272 5729 5751 6021 
18273 6023 6022 5761 
18274 6024 6022 5727 
18275 5769 6023 5761 
18276 5727 6023 5754 
18277 5728 6024 5727 
18278 6021 6024 5729 
18279 6844 7151 6842 
18280 7619 7620 6204 
18281 5766 5768 6026 
18282 6028 6026 9297 
18283 6878 6879 6877 
18284 7392 7390 7152 
18285 6029 6028 6027 
18286 5754 6207 5756 
18287 7151 6204 6205 
18288 6029 6398 6622 
18289 6172 6170 5995 
18290 484 5955 6171 
18291 6568 5955 2632 
18292 6368 6172 2617 
18293 5996 5690 6172 
18294 2623 6173 2626 
18295 4249 6173 4440 
18296 4272 6018 6200 
18297 6018 5735 6397 
18298 6399 6205 6201 
18299 6200 6202 5410 
18300 6204 6202 6201 
18301 5410 6202 7620 
18302 6399 6201 6398 
18303 6400 6842 6205 
18304 6205 6204 6201 
18305 6204 6203 7619 
18306 6400 6205 6399 
18307 6842 6400 9309 
18308 5769 6207 5754 
18309 6029 6207 6028 
18310 6367 6568 6569 
18311 6570 2622 6567 
18312 2617 2619 6571 
18313 5996 6368 2626 
18314 5735 5756 6622 
18315 6202 6397 6201 
18316 6398 6029 6399 
18317 6201 6397 6398 
18318 6029 6027 6399 
18319 6400 6399 6027 
18320 6027 9297 6624 
18321 6568 6171 5955 
18322 6569 6570 6367 
18323 2622 2620 6786 
18324 5995 6566 6567 
18325 6569 6568 2632 
18326 6566 6568 6367 
18327 5056 6569 2632 
18328 6569 5056 9293 
18329 2622 6570 2631 
18330 6567 6367 6570 
18331 2626 6571 2614 
18332 2617 6571 6368 
18333 6029 6622 5756 
18334 6397 6622 6398 
18335 6847 6848 6849 
18336 6844 7390 7151 
18337 5738 6877 5768 
18338 6842 6845 6623 
18339 6787 6786 2617 
18340 2622 6786 6567 
18341 6172 6787 2617 
18342 5995 6567 6787 
18343 6842 9309 6843 
18344 6842 6623 6844 
18345 6624 6877 6879 
18346 6890 6887 6889 
18347 6623 6847 6849 
18348 7619 7392 7617 
18349 6842 6843 6845 
18350 7158 6843 6879 
18351 6623 6845 6847 
18352 6843 6847 6845 
18353 7155 503 6861 
18354 6846 6848 6847 
18355 8059 7922 7918 
18356 6850 6849 6852 
18357 6844 6623 6850 
18358 6852 6849 6848 
18359 7393 7391 6850 
18360 6850 6852 6869 
18361 8193 5722 8059 
18362 6869 6852 6866 
18363 6871 6873 9310 
18364 6852 6860 6866 
18365 6863 6848 6864 
18366 6865 6876 6875 
18367 6876 7156 6875 
18368 6865 6860 6863 
18369 6869 7913 7915 
18370 6864 6848 6846 
18371 6846 6890 6889 
18372 6876 6863 7155 
18373 6871 6865 6874 
18374 6865 6871 6867 
18375 6867 6860 6865 
18376 7915 7916 8057 
18377 6871 6874 8191 
18378 6866 6867 9310 
18379 7913 6869 6866 
18380 7913 6866 6862 
18381 7917 7914 6862 
18382 8115 9502 8058 
18383 6862 6866 9310 
18384 9514 9513 8189 
18385 6870 8187 6871 
18386 6858 6872 6875 
18387 9448 9514 8191 
18388 7919 7914 7917 
18389 6875 6874 6865 
18390 6875 6872 9448 
18391 6865 6863 6876 
18392 6876 7155 7156 
18393 7155 6863 6864 
18394 6878 6206 6879 
18395 9297 6877 6624 
18396 6877 5738 6878 
18397 6879 6206 6890 
18398 6879 6843 9309 
18399 6889 6887 503 
18400 503 6864 6889 
18401 6846 6889 6864 
18402 6847 7158 6846 
18403 6206 6887 6890 
18404 6204 7151 6203 
18405 6842 7151 6205 
18406 7151 7390 6203 
18407 7390 6844 7391 
18408 503 7155 6864 
18409 7156 7155 6861 
18410 6861 6858 7156 
18411 6875 7156 6858 
18412 6879 6890 7158 
18413 6846 7158 6890 
18414 7391 6844 6850 
18415 7152 5409 7392 
18416 6850 6869 7393 
18417 7152 7390 7391 
18418 7617 7392 5409 
18419 7392 6203 7390 
18420 7152 7391 7393 
18421 7621 7916 521 
18422 7619 7617 5168 
18423 7619 5168 7620 
18424 6203 7392 7619 
18425 5410 7620 5168 
18426 6204 7620 6202 
18427 5409 7621 521 
18428 7393 7621 7152 
18429 6015 6868 9465 
18430 7916 7915 7772 
18431 7914 7913 6862 
18432 7915 7913 7772 
18433 7919 7917 6873 
18434 9465 7920 6015 
18435 9465 7916 7772 
18436 6869 7915 7393 
18437 521 7916 6868 
18438 8057 7916 7621 
18439 9310 7917 6862 
18440 6873 7918 7919 
18441 8114 8115 8058 
18442 9481 7920 7914 
18443 7922 7921 9481 
18444 7772 7914 7920 
18445 9481 7914 7919 
18446 7920 9481 6015 
18447 7919 7918 7922 
18448 5722 7921 7922 
18449 8059 5722 7922 
18450 8114 7918 8115 
18451 8117 8116 8196 
18452 9524 9521 9523 
18453 8811 8816 8787 
18454 7621 7393 8057 
18455 7915 8057 7393 
18456 8115 8188 9502 
18457 8201 9519 8116 
18458 7918 8114 8059 
18459 8114 8117 8059 
18460 8115 7918 6873 
18461 8058 8116 8117 
18462 6873 8187 8115 
18463 8187 8188 8115 
18464 9503 8058 9502 
18465 7923 8196 8198 
18466 8058 8117 8114 
18467 8194 8196 8118 
18468 8117 8196 8194 
18469 8201 9510 9511 
18470 6871 8187 6873 
18471 8188 8187 6870 
18472 8191 8189 8190 
18473 8188 6870 8190 
18474 9507 9505 9506 
18475 8190 8192 8188 
18476 8191 8190 6870 
18477 8190 8189 9512 
18478 8191 6870 6871 
18479 9448 8191 6874 
18480 9453 9816 9513 
18481 9511 9517 8201 
18482 8194 8059 8117 
18483 8118 8193 8194 
18484 8059 8194 8193 
18485 8198 8196 8116 
18486 7923 8118 8196 
18487 8058 9503 9504 
18488 8202 7923 8198 
18489 9509 9510 9503 
18490 8202 8198 9519 
18491 8201 9517 9519 
18492 358 8786 8792 
18493 8812 8810 8798 
18494 9538 9565 9530 
18495 9594 8388 9592 
18496 8396 9595 359 
18497 8810 8789 8797 
18498 8794 8785 8790 
18499 8792 8786 8791 
18500 8745 8785 8794 
18501 8797 8788 8798 
18502 8791 8786 8745 
18503 8788 8792 8791 
18504 8796 8817 8794 
18505 8595 9809 8489 
18506 9589 9596 9543 
18507 8797 8792 8788 
18508 358 8792 8793 
18509 9593 8785 8489 
18510 8791 8794 8788 
18511 8797 8793 8792 
18512 8745 8794 8791 
18513 8794 8790 9586 
18514 9543 9578 9581 
18515 9515 9517 9518 
18516 8798 8788 8817 
18517 8789 8793 8797 
18518 8810 8812 8789 
18519 8797 8798 8810 
18520 8789 8812 8811 
18521 9579 9585 9552 
18522 8814 8812 8798 
18523 8811 8812 8816 
18524 9579 8814 8798 
18525 9525 9528 9526 
18526 8815 8816 8814 
18527 8798 8817 9579 
18528 8814 8813 8815 
18529 9531 9528 9525 
18530 9562 9561 9557 
18531 8814 8816 8812 
18532 9560 9557 9550 
18533 8794 8817 8788 
18534 9579 8817 8796 
18535 2236 8870 473 
18536 4304 8870 2483 
18537 3589 9019 3222 
18538 4216 4476 9020 
18539 4011 9020 4271 
18540 4216 9020 9019 
18541 4241 9103 2095 
18542 4638 9103 4243 
18543 9105 4450 9106 
18544 3958 9105 4639 
18545 4450 4452 9106 
18546 4447 9106 4452 
18547 5177 9122 4889 
18548 4894 9122 4923 
18549 357 9125 5091 
18550 5316 9125 5092 
18551 9126 4781 4640 
18552 3958 9126 4457 
18553 9136 4249 4251 
18554 5331 9135 4248 
18555 4248 9136 5327 
18556 4249 9136 9135 
18557 3895 9293 5581 
18558 6570 9293 2631 
18559 6028 9297 6027 
18560 6877 9297 5768 
18561 6027 9309 6400 
18562 6879 9309 6624 
18563 6871 9310 6867 
18564 7917 9310 6873 
18565 9514 6872 5719 
18566 6875 9448 6874 
18567 9503 9506 9509 
18568 9507 9816 9751 
18569 7916 9465 6868 
18570 7920 9465 7772 
18571 7922 9481 7919 
18572 6015 9481 7921 
18573 8188 8192 9502 
18574 9503 9502 8192 
18575 8192 9512 9506 
18576 9503 8192 9506 
18577 8201 8116 9504 
18578 8116 8058 9504 
18579 9742 9751 9541 
18580 9510 9504 9503 
18581 9506 9512 9507 
18582 9540 9509 9505 
18583 9507 9512 9513 
18584 9451 9751 9816 
18585 9540 9755 9539 
18586 9511 9539 9520 
18587 9505 9509 9506 
18588 9510 9509 9508 
18589 9511 9510 9508 
18590 9504 9510 8201 
18591 9539 9508 9540 
18592 9518 9521 9515 
18593 8190 9512 8192 
18594 9513 9512 8189 
18595 8189 8191 9514 
18596 9453 9513 5719 
18597 6872 9514 9448 
18598 5719 9513 9514 
18599 9511 9508 9539 
18600 5398 8202 9807 
18601 9556 9535 9566 
18602 9549 9536 9538 
18603 9518 9517 9511 
18604 9519 9517 9515 
18605 9520 9518 9511 
18606 9521 5398 9807 
18607 8202 9519 9515 
18608 9519 8198 8116 
18609 9528 9524 9526 
18610 9523 9521 9518 
18611 9523 9520 9522 
18612 9521 9524 9542 
18613 9548 9516 9537 
18614 9525 9526 9527 
18615 9524 9523 9522 
18616 9520 9523 9518 
18617 9524 9522 9526 
18618 9542 9524 9501 
18619 9548 9522 9520 
18620 9529 9531 9534 
18621 9527 9526 9522 
18622 9531 9532 9534 
18623 9555 9550 9558 
18624 9530 9549 9538 
18625 8150 9501 9528 
18626 9524 9528 9501 
18627 9525 9533 9532 
18628 9528 9531 8150 
18629 9551 9534 9530 
18630 9532 9531 9525 
18631 9529 8150 9531 
18632 9533 9525 9527 
18633 9532 9530 9534 
18634 9533 9527 9536 
18635 9532 9533 9549 
18636 9553 9555 9538 
18637 9544 9529 9534 
18638 9537 9536 9527 
18639 9568 9556 9584 
18640 9520 9516 9548 
18641 9536 9535 9538 
18642 9561 8816 8815 
18643 9536 9537 9566 
18644 9553 9538 9535 
18645 9565 9559 9578 
18646 9508 9509 9540 
18647 9516 9520 9539 
18648 9541 9752 9742 
18649 9742 9540 9505 
18650 9754 9755 9756 
18651 9501 5398 9542 
18652 9521 9542 5398 
18653 9559 8813 9552 
18654 9534 9551 9570 
18655 9570 9544 9534 
18656 9559 9565 9555 
18657 9537 9527 9548 
18658 9522 9548 9527 
18659 9532 9549 9530 
18660 9536 9549 9533 
18661 9560 9553 9535 
18662 9558 8815 8813 
18663 9565 9538 9555 
18664 8148 9544 9570 
18665 9555 9553 9550 
18666 9560 9535 9556 
18667 9516 9567 9583 
18668 9555 9558 9559 
18669 9530 9565 9551 
18670 8816 9561 8787 
18671 8815 9557 9561 
18672 9583 9556 9566 
18673 9550 9557 8815 
18674 8815 9558 9550 
18675 9559 9558 8813 
18676 8814 9579 8813 
18677 9578 9551 9565 
18678 9560 9550 9553 
18679 9563 9562 9557 
18680 9561 9562 8787 
18681 9563 9556 9568 
18682 9563 9557 9560 
18683 9556 9563 9560 
18684 9554 9562 9563 
18685 9596 9589 9564 
18686 9559 9552 9581 
18687 9586 9580 9585 
18688 9583 9566 9537 
18689 9536 9566 9535 
18690 9756 9742 9752 
18691 9568 9569 9554 
18692 9556 9583 9584 
18693 9554 9563 9568 
18694 9569 9584 9758 
18695 9543 9570 9551 
18696 8148 9570 9596 
18697 9581 9578 9559 
18698 9551 9578 9543 
18699 9585 9579 8796 
18700 8813 9579 9552 
18701 9590 9591 9588 
18702 9543 9581 9582 
18703 9587 9552 9585 
18704 9582 9581 9587 
18705 9587 9590 9582 
18706 9597 8388 9564 
18707 9516 9583 9537 
18708 9583 9567 9584 
18709 9758 9567 9753 
18710 9569 9568 9584 
18711 9586 9585 8796 
18712 9585 9580 9587 
18713 8794 9586 8796 
18714 9586 8790 9591 
18715 9587 9581 9552 
18716 9590 9587 9580 
18717 9586 9591 9580 
18718 9588 9595 9594 
18719 9543 9582 9589 
18720 9589 9582 9592 
18721 9591 9590 9580 
18722 9592 9590 9588 
18723 8790 9593 9591 
18724 9591 9593 9809 
18725 9594 9592 9588 
18726 9592 8388 9597 
18727 8785 9593 8790 
18728 9809 9593 8489 
18729 9588 9809 9595 
18730 8388 9594 8396 
18731 359 9595 8595 
18732 8396 9594 9595 
18733 8148 9596 9564 
18734 9543 9596 9570 
18735 9564 9589 9597 
18736 9592 9597 9589 
18737 9751 9742 9505 
18738 9752 9541 520 
18739 9507 9751 9505 
18740 9541 9751 9451 
18741 520 9753 9752 
18742 9567 9754 9753 
18743 9758 520 9569 
18744 9754 9567 9516 
18745 9516 9539 9755 
18746 9752 9753 9754 
18747 9756 9540 9742 
18748 9516 9755 9754 
18749 9754 9756 9752 
18750 9540 9756 9755 
18751 9567 9758 9584 
18752 520 9758 9753 
18753 8202 9515 9807 
18754 9521 9807 9515 
18755 9595 9809 8595 
18756 9591 9809 9588 
18757 9513 9816 9507 
18758 9451 9816 9453 
2 6 2 821
18759 1531 1373 1942 
18760 365 1684 1918 
18761 1753 314 1335 
18762 2002 1827 365 
18763 430 1079 1412 
18764 367 1318 1830 
18765 1318 368 1829 
18766 1884 1312 1917 
18767 1647 1303 1055 
18768 3114 2073 3115 
18769 948 404 1531 
18770 761 854 310 
18771 1859 311 1497 
18772 760 761 668 
18773 761 310 668 
18774 970 1365 434 
18775 1303 1647 363 
18776 2073 3114 8933 
18777 7812 7688 1219 
18778 1662 2038 8933 
18779 403 851 402 
18780 1264 401 851 
18781 1264 400 401 
18782 1472 667 1075 
18783 404 948 403 
18784 1075 398 1149 
18785 310 309 668 
18786 435 970 434 
18787 1253 1497 311 
18788 970 1249 1365 
18789 1391 1312 1335 
18790 1365 1249 309 
18791 433 1253 432 
18792 1055 312 311 
18793 1249 970 436 
18794 1249 308 309 
18795 668 309 308 
18796 1365 309 310 
18797 306 1488 1839 
18798 1107 305 863 
18799 2052 307 437 
18800 1646 1858 761 
18801 851 401 402 
18802 438 2052 437 
18803 1220 1253 312 
18804 431 432 1220 
18805 857 318 317 
18806 315 849 316 
18807 1481 1199 1124 
18808 1698 856 1481 
18809 373 856 372 
18810 370 1549 369 
18811 316 857 317 
18812 857 316 1105 
18813 1549 1698 1106 
18814 859 374 375 
18815 321 320 871 
18816 373 374 859 
18817 971 372 856 
18818 1114 1471 1838 
18819 1351 976 975 
18820 314 315 938 
18821 430 672 429 
18822 1391 1411 1312 
18823 318 1322 317 
18824 972 862 1322 
18825 1322 862 317 
18826 862 316 317 
18827 1322 426 972 
18828 1123 1107 863 
18829 405 1229 1489 
18830 305 338 863 
18831 405 1489 438 
18832 863 338 337 
18833 864 1448 407 
18834 1450 1552 1588 
18835 1561 1588 1123 
18836 974 406 407 
18837 338 305 1229 
18838 315 672 938 
18839 425 867 424 
18840 867 320 977 
18841 1170 320 867 
18842 423 867 977 
18843 423 424 867 
18844 427 972 426 
18845 1447 978 408 
18846 409 979 408 
18847 869 864 978 
18848 1449 1230 335 
18849 1463 394 1561 
18850 335 1230 334 
18851 1449 408 979 
18852 870 336 335 
18853 1108 1831 870 
18854 411 1596 410 
18855 870 335 334 
18856 974 1448 1229 
18857 1849 1490 333 
18858 1689 869 1755 
18859 871 320 319 
18860 1186 378 1161 
18861 1464 1114 909 
18862 913 324 1407 
18863 1426 1430 1407 
18864 695 421 422 
18865 943 1376 1405 
18866 322 323 943 
18867 695 943 421 
18868 696 1405 1418 
18869 697 419 420 
18870 943 695 322 
18871 1405 421 943 
18872 323 322 909 
18873 393 1785 1831 
18874 1831 1319 392 
18875 392 1319 391 
18876 1126 986 416 
18877 333 411 2053 
18878 415 911 414 
18879 412 332 2053 
18880 911 413 414 
18881 912 417 418 
18882 327 988 326 
18883 420 1286 697 
18884 324 913 325 
18885 912 988 327 
18886 327 914 328 
18887 1466 913 1115 
18888 1172 416 912 
18889 327 326 914 
18890 328 914 1116 
18891 416 417 912 
18892 379 1087 1161 
18893 1171 329 330 
18894 1819 2088 332 
18895 331 763 699 
18896 1982 390 1849 
18897 330 1250 911 
18898 329 698 330 
18899 1171 330 911 
18900 332 699 1819 
18901 763 331 698 
18902 331 330 698 
18903 1250 412 413 
18904 989 1810 1896 
18905 326 1115 914 
18906 1377 1407 324 
18907 1789 2103 2269 
18908 1321 1116 1115 
18909 9651 5511 9699 
18910 383 1651 382 
18911 2010 2011 1932 
18912 1791 2182 2085 
18913 386 2103 1795 
18914 1254 1642 387 
18915 1254 763 1642 
18916 387 388 1254 
18917 9699 9700 9221 
18918 8851 8853 8856 
18919 9706 5839 9711 
18920 1933 2072 2118 
18921 667 1472 1940 
18922 399 1149 398 
18923 668 308 760 
18924 851 948 1646 
18925 1821 1065 1264 
18926 437 307 669 
18927 862 672 315 
18928 1078 429 672 
18929 426 861 1351 
18930 1868 1407 1688 
18931 378 379 1161 
18932 423 977 1088 
18933 695 1088 977 
18934 697 325 1466 
18935 1089 419 697 
18936 698 329 762 
18937 698 762 763 
18938 332 412 699 
18939 1250 413 911 
18940 308 669 760 
18941 1821 669 307 
18942 760 1646 761 
18943 1859 1055 311 
18944 1651 1116 1321 
18945 387 1642 386 
18946 762 1642 763 
18947 763 1254 1819 
18948 315 314 849 
18949 1884 1335 1312 
18950 851 403 948 
18951 1065 666 1264 
18952 853 1056 1497 
18953 1531 1843 1858 
18954 1482 373 859 
18955 1444 371 971 
18956 1105 316 849 
18957 369 1549 1829 
18958 1471 1110 859 
18959 1471 859 375 
18960 319 320 1170 
18961 976 1351 861 
18962 862 428 1078 
18963 315 316 862 
18964 337 1123 863 
18965 336 1109 1447 
18966 1448 337 338 
18967 1189 1198 1124 
18968 977 320 321 
18969 978 864 407 
18970 1689 864 869 
18971 1108 870 334 
18972 1831 1108 1319 
18973 1110 871 319 
18974 376 377 1838 
18975 322 1464 909 
18976 1114 321 871 
18977 987 1171 415 
18978 1250 330 331 
18979 912 418 988 
18980 989 987 986 
18981 1833 381 1321 
18982 1466 1115 326 
18983 914 1115 1116 
18984 2136 8835 2150 
18985 672 430 938 
18986 1391 1412 1079 
18987 1286 324 325 
18988 697 1286 325 
18989 1376 1406 1419 
18990 944 1405 1376 
18991 1531 404 1373 
18992 1858 854 761 
18993 435 436 970 
18994 1249 437 669 
18995 859 1110 1482 
18996 1199 1110 1189 
18997 427 428 972 
18998 862 972 428 
18999 1785 1689 1755 
19000 1109 336 870 
19001 1448 338 1229 
19002 405 406 974 
19003 856 1698 1444 
19004 318 1106 861 
19005 322 695 1464 
19006 977 1464 695 
19007 409 410 979 
19008 979 410 1230 
19009 1116 1810 1126 
19010 328 1116 1126 
19011 988 418 1089 
19012 1466 326 988 
19013 986 987 415 
19014 1172 327 328 
19015 1303 363 364 
19016 313 312 1055 
19017 432 1253 1220 
19018 853 854 1056 
19019 1264 666 400 
19020 1065 2052 1472 
19021 399 1065 1149 
19022 1472 1075 1149 
19023 862 1078 672 
19024 1406 909 1186 
19025 695 422 1088 
19026 988 1089 697 
19027 368 1318 367 
19028 1318 1829 1105 
19029 318 857 1106 
19030 1829 857 1105 
19031 396 1846 1552 
19032 1488 1107 1839 
19033 334 1490 1108 
19034 390 1832 1849 
19035 1123 864 1689 
19036 1110 319 1189 
19037 1110 1199 1482 
19038 1471 871 1110 
19039 1838 377 1186 
19040 1407 1868 913 
19041 382 1321 381 
19042 1810 1651 1975 
19043 987 762 329 
19044 864 1123 337 
19045 1785 393 973 
19046 1444 370 371 
19047 1515 975 976 
19048 986 1126 989 
19049 1172 912 327 
19050 1065 399 666 
19051 2052 1065 307 
19052 1536 690 1688 
19053 1406 1376 323 
19054 1198 867 425 
19055 1189 319 1170 
19056 415 1171 911 
19057 987 329 1171 
19058 328 1126 1172 
19059 416 1172 1126 
19060 1114 1186 909 
19061 377 378 1186 
19062 1198 1189 1170 
19063 1199 1189 1124 
19064 867 1198 1170 
19065 425 1395 1198 
19066 1481 1124 976 
19067 1926 1843 2007 
19068 312 313 1220 
19069 1411 1220 313 
19070 306 438 1489 
19071 974 1229 405 
19072 1449 335 336 
19073 1490 1596 333 
19074 2812 3079 3081 
19075 437 1249 436 
19076 669 308 1249 
19077 331 699 1250 
19078 412 1250 699 
19079 311 312 1253 
19080 433 853 1497 
19081 2053 2088 1982 
19082 1819 699 763 
19083 1646 1264 851 
19084 1821 760 669 
19085 854 853 434 
19086 1418 420 696 
19087 1377 324 1286 
19088 365 1917 2002 
19089 1055 1303 2002 
19090 1884 1753 1335 
19091 673 1411 1391 
19092 849 1902 1105 
19093 849 1753 1902 
19094 1108 1490 1849 
19095 1832 391 1319 
19096 1321 382 1651 
19097 913 1868 1115 
19098 318 861 1322 
19099 426 1322 861 
19100 1391 1079 673 
19101 314 938 1335 
19102 1198 1395 1515 
19103 434 1365 854 
19104 310 854 1365 
19105 943 323 1376 
19106 323 909 1406 
19107 944 1418 1405 
19108 944 1376 1419 
19109 1411 673 431 
19110 1335 938 1412 
19111 1515 1124 1198 
19112 944 1377 1418 
19113 421 1405 696 
19114 1186 1161 1406 
19115 1087 1536 1161 
19116 944 1419 1426 
19117 1407 1430 1688 
19118 1220 1411 431 
19119 313 1312 1411 
19120 1335 1412 1391 
19121 938 430 1412 
19122 1377 1286 1418 
19123 1418 1286 420 
19124 1536 1406 1161 
19125 944 1426 1377 
19126 1430 1426 1419 
19127 1407 1377 1426 
19128 1406 1430 1419 
19129 1430 1536 1688 
19130 856 1444 971 
19131 976 1698 1481 
19132 979 1230 1449 
19133 978 1447 869 
19134 407 1448 974 
19135 864 337 1448 
19136 336 1447 1449 
19137 408 1449 1447 
19138 396 1552 1450 
19139 1463 1561 1847 
19140 395 1561 394 
19141 977 321 1464 
19142 1114 1464 321 
19143 697 1466 988 
19144 325 913 1466 
19145 376 1471 375 
19146 1471 1114 871 
19147 1065 1472 1149 
19148 306 1839 1940 
19149 976 861 1698 
19150 1482 1481 856 
19151 1481 1482 1199 
19152 373 1482 856 
19153 1229 305 1488 
19154 305 1107 1488 
19155 1229 1488 1489 
19156 306 1489 1488 
19157 1596 1230 410 
19158 334 1230 1490 
19159 433 1497 1253 
19160 1056 854 1843 
19161 975 1515 1395 
19162 976 1124 1515 
19163 1942 1373 1263 
19164 363 1647 362 
19165 690 1536 1087 
19166 1406 1536 1430 
19167 1106 1829 1549 
19168 370 1444 1549 
19169 1846 396 397 
19170 1107 1123 1588 
19171 1588 395 1450 
19172 1847 1561 1123 
19173 1588 1552 1107 
19174 1561 395 1588 
19175 333 1596 411 
19176 1490 1230 1596 
19177 1896 987 989 
19178 1116 1651 1810 
19179 1646 760 1264 
19180 1858 1646 948 
19181 1497 1909 1859 
19182 1859 1926 1647 
19183 383 1797 1975 
19184 1810 989 1126 
19185 3217 8941 8855 
19186 1902 1918 366 
19187 314 1753 849 
19188 690 380 1688 
19189 1688 380 1868 
19190 869 1447 1755 
19191 973 1847 1785 
19192 1106 1698 861 
19193 1444 1698 1549 
19194 2268 2316 2314 
19195 1902 366 1830 
19196 1447 1109 1755 
19197 973 1463 1847 
19198 362 1647 2008 
19199 2103 1642 2027 
19200 1755 1109 1785 
19201 1785 1109 1831 
19202 1810 2027 1896 
19203 1797 2085 1975 
19204 1975 1651 383 
19205 1642 762 1896 
19206 1254 388 1818 
19207 1254 1818 1819 
19208 389 1819 1818 
19209 1065 1821 307 
19210 760 1821 1264 
19211 1303 364 1827 
19212 1829 368 369 
19213 1829 1106 857 
19214 1318 1105 1902 
19215 393 1831 392 
19216 870 1831 1109 
19217 1849 1319 1108 
19218 1868 1321 1115 
19219 1114 1838 1186 
19220 376 1838 1471 
19221 1552 1839 1107 
19222 1940 397 667 
19223 2007 1531 1942 
19224 1647 1055 1859 
19225 1940 1846 397 
19226 1839 1552 1846 
19227 1123 1689 1847 
19228 1785 1847 1689 
19229 1849 333 1982 
19230 1832 1319 1849 
19231 1531 1858 948 
19232 854 1858 1843 
19233 1909 1497 1056 
19234 1859 1909 1926 
19235 380 1833 1868 
19236 1868 1833 1321 
19237 1884 1917 1918 
19238 1312 313 1917 
19239 1810 1975 2027 
19240 762 987 1896 
19241 1902 1753 1918 
19242 1318 1902 1830 
19243 1056 1843 1909 
19244 1909 1843 1926 
19245 1917 313 2002 
19246 1918 1917 365 
19247 366 1918 1684 
19248 1753 1884 1918 
19249 2007 1843 1531 
19250 1647 1926 2008 
19251 2011 385 456 
19252 384 2072 455 
19253 306 1940 1472 
19254 1846 1940 1839 
19255 2073 1263 850 
19256 1781 2008 2038 
19257 2085 1797 1791 
19258 386 1642 2103 
19259 2053 1982 333 
19260 389 390 1982 
19261 1055 2002 313 
19262 1827 2002 1303 
19263 1781 2038 1662 
19264 2008 1781 362 
19265 1926 2007 2008 
19266 2008 2007 2038 
19267 1932 1933 2010 
19268 9794 3351 5435 
19269 385 2011 2010 
19270 8926 8924 8925 
19271 1975 2103 2027 
19272 1642 1896 2027 
19273 2007 1942 2038 
19274 1942 1263 2073 
19275 438 306 2052 
19276 306 1472 2052 
19277 412 2053 411 
19278 2088 2053 332 
19279 1933 1932 2072 
19280 2145 2148 2011 
19281 850 3115 2073 
19282 2038 1942 2073 
19283 2182 1791 1784 
19284 2103 1789 1795 
19285 1819 389 2088 
19286 389 1982 2088 
19287 8927 8928 9658 
19288 1975 2085 2103 
19289 2103 2085 2269 
19290 2072 384 2118 
19291 2150 1932 2148 
19292 3077 3078 3079 
19293 9657 8920 3082 
19294 456 2145 2011 
19295 2072 2147 455 
19296 2272 2148 2143 
19297 2140 2144 8835 
19298 2011 2148 1932 
19299 2145 2143 2148 
19300 2072 1932 2150 
19301 2148 2272 2136 
19302 2150 2144 2147 
19303 2072 2150 2147 
19304 2150 2148 2136 
19305 2477 3080 8913 
19306 2882 3374 3115 
19307 7689 3112 7686 
19308 2314 2182 1784 
19309 2317 1783 1789 
19310 8856 8853 1746 
19311 8852 8851 8855 
19312 2085 2182 2269 
19313 2314 2316 2182 
19314 2143 2137 2272 
19315 8913 2272 2137 
19316 2315 2314 1784 
19317 8941 2316 2268 
19318 2315 8852 2314 
19319 2317 2316 1783 
19320 2182 2316 2269 
19321 1789 2269 2317 
19322 2316 2317 2269 
19323 7812 3114 2178 
19324 3078 3077 2140 
19325 3079 3080 3081 
19326 8914 2841 3081 
19327 8915 3086 8916 
19328 2178 3115 3374 
19329 850 2882 3115 
19330 3374 2882 360 
19331 8921 8902 8919 
19332 8916 8919 2841 
19333 8931 3073 2126 
19334 3078 2140 8835 
19335 3078 8913 3080 
19336 2812 3077 3079 
19337 3078 3080 3079 
19338 2126 2812 3081 
19339 3078 2136 8913 
19340 8914 2477 2125 
19341 3080 8914 3081 
19342 8931 3081 2841 
19343 8919 8916 8917 
19344 2841 8915 8916 
19345 3114 7812 8933 
19346 3115 2178 3114 
19347 1783 8941 3217 
19348 9794 9795 9473 
19349 7078 9815 7068 
19350 9730 9326 9734 
19351 360 3112 3374 
19352 3374 3112 7689 
19353 8924 8904 8923 
19354 1664 9699 5511 
19355 9661 8028 8930 
19356 8858 8859 9647 
19357 9647 5274 5278 
19358 1665 5569 9653 
19359 8857 8851 8856 
19360 7844 7839 9797 
19361 9704 1664 5832 
19362 9712 5819 9718 
19363 1665 9653 9701 
19364 9707 9702 9705 
19365 9734 6248 7080 
19366 9710 5820 7252 
19367 9725 1663 9723 
19368 9710 7252 9709 
19369 9705 9702 9704 
19370 9713 9720 7241 
19371 9709 7252 5951 
19372 9801 9802 9798 
19373 3354 9803 7286 
19374 9727 9159 1246 
19375 9729 9725 9315 
19376 9289 9718 9719 
19377 7241 5820 9713 
19378 9735 7248 7240 
19379 7839 9661 9797 
19380 7688 7686 361 
19381 2178 3374 7689 
19382 7686 7688 7689 
19383 7812 7689 7688 
19384 7812 1219 8933 
19385 7689 7812 2178 
19386 8929 9658 8028 
19387 9802 7078 7286 
19388 8929 2098 8926 
19389 2150 8835 2144 
19390 3078 8835 2136 
19391 8856 4539 8854 
19392 8855 1247 3217 
19393 2314 8852 2268 
19394 8853 8852 2315 
19395 8852 8853 8851 
19396 4536 9649 9650 
19397 8858 1247 8857 
19398 8852 8855 2268 
19399 8855 8851 8857 
19400 4539 8856 1746 
19401 8857 8856 8854 
19402 8858 8857 8854 
19403 8855 8857 1247 
19404 8859 8858 8854 
19405 1247 8858 5278 
19406 9650 8854 4539 
19407 9221 9653 9651 
19408 8923 3072 8921 
19409 2272 8913 2136 
19410 2477 8913 2137 
19411 2477 8914 3080 
19412 8915 8914 2125 
19413 3086 8915 2125 
19414 2841 8914 8915 
19415 3082 8917 3086 
19416 8916 3086 8917 
19417 9657 3082 4036 
19418 8919 3073 8931 
19419 8925 8924 8918 
19420 3072 8902 8921 
19421 8920 8919 8917 
19422 8902 3073 8919 
19423 3082 8920 8917 
19424 8923 8921 8920 
19425 8923 8920 8918 
19426 8919 8920 8921 
19427 8924 8923 8918 
19428 8904 3072 8923 
19429 9657 8925 8918 
19430 8904 8924 8926 
19431 2014 8927 4036 
19432 8926 2098 8904 
19433 8925 8927 8926 
19434 2014 8928 8927 
19435 4036 8927 8925 
19436 8928 2014 4655 
19437 8930 8028 9658 
19438 8929 8028 2098 
19439 9658 8926 8927 
19440 4655 9659 9658 
19441 9659 8930 9658 
19442 9661 9473 9797 
19443 3081 8931 2126 
19444 8919 8931 2841 
19445 1662 8933 1219 
19446 2073 8933 2038 
19447 2316 8941 1783 
19448 8855 8941 2268 
19449 9315 9723 9724 
19450 9145 9142 9732 
19451 9729 9727 1246 
19452 5274 9648 5569 
19453 9648 5274 9647 
19454 9713 9712 9289 
19455 6293 9703 9708 
19456 5819 6452 9718 
19457 9721 9722 9326 
19458 1663 7076 9723 
19459 9728 9731 9678 
19460 1663 9725 7080 
19461 7241 9720 7240 
19462 3349 9800 5435 
19463 9473 9661 9660 
19464 8858 9647 5278 
19465 9648 9647 8859 
19466 9649 9648 8859 
19467 9651 9653 9648 
19468 9650 9649 8859 
19469 9654 4536 5511 
19470 4536 9650 4539 
19471 8854 9650 8859 
19472 9648 9649 9651 
19473 9649 4536 9654 
19474 9653 9221 9701 
19475 9648 9653 5569 
19476 5511 9651 9654 
19477 9649 9654 9651 
19478 8925 9657 4036 
19479 8920 9657 8918 
19480 9658 8929 8926 
19481 4655 9658 8928 
19482 4655 3351 9659 
19483 3351 9794 9660 
19484 8930 9659 9660 
19485 3351 9660 9659 
19486 8028 9661 7839 
19487 8930 9660 9661 
19488 9803 9802 7286 
19489 9726 9733 9159 
19490 9700 9699 1664 
19491 9651 9699 9221 
19492 9703 9702 9708 
19493 9703 1665 9701 
19494 9221 9700 9701 
19495 9701 9700 9702 
19496 9700 9704 9702 
19497 5832 5515 9705 
19498 1665 9703 6293 
19499 9701 9702 9703 
19500 1664 9704 9700 
19501 9705 9704 5832 
19502 5515 9706 9705 
19503 9706 9247 9707 
19504 5839 9706 5515 
19505 9247 9709 9707 
19506 5951 6293 9708 
19507 9705 9706 9707 
19508 9702 9707 9708 
19509 5951 9708 9707 
19510 9707 9709 5951 
19511 9710 9709 9247 
19512 9711 9710 9247 
19513 9712 9713 9710 
19514 9706 9711 9247 
19515 5819 9711 5839 
19516 9710 9711 9712 
19517 5819 9712 9711 
19518 9713 9289 9720 
19519 9710 9713 5820 
19520 9719 9718 6452 
19521 9712 9718 9289 
19522 9722 6452 6248 
19523 7240 9720 9721 
19524 9289 9719 9720 
19525 9720 9719 9721 
19526 9722 9721 9719 
19527 9721 9326 9735 
19528 6452 9722 9719 
19529 9326 9722 6248 
19530 9724 9723 7076 
19531 9725 9723 9315 
19532 9731 7076 7068 
19533 9733 9728 9732 
19534 9315 9727 9729 
19535 9730 9734 9725 
19536 9315 9724 9726 
19537 9726 9724 9728 
19538 9315 9726 9727 
19539 9159 9727 9726 
19540 9731 9728 9724 
19541 9732 9728 9678 
19542 1246 7248 9729 
19543 7248 9735 9730 
19544 9725 9729 9730 
19545 7248 9730 9729 
19546 7076 9731 9724 
19547 9731 7068 9815 
19548 9732 9678 9805 
19549 9733 9732 9142 
19550 9159 9733 9142 
19551 9726 9728 9733 
19552 6248 9734 9326 
19553 9725 9734 7080 
19554 9721 9735 7240 
19555 9730 9735 9326 
19556 9795 9794 5435 
19557 9660 9794 9473 
19558 9799 9798 9803 
19559 9799 7844 9796 
19560 9473 9795 9796 
19561 9796 9795 9798 
19562 9473 9796 9797 
19563 7844 9797 9796 
19564 9795 9800 9798 
19565 9800 9801 9798 
19566 7844 9799 3354 
19567 9796 9798 9799 
19568 5435 9800 9795 
19569 9801 9800 3349 
19570 3349 9145 9801 
19571 9801 9805 9802 
19572 9805 9801 9145 
19573 9815 9802 9678 
19574 9798 9802 9803 
19575 9799 9803 3354 
19576 9732 9805 9145 
19577 9678 9802 9805 
19578 9802 9815 7078 
19579 9731 9815 9678 
2 7 2 328
19580 1777 119 1915 
19581 1643 1740 2963 
19582 1798 480 514 
19583 806 120 799 
19584 1102 800 120 
19585 1564 728 1169 
19586 1740 1101 808 
19587 515 1800 486 
19588 1057 1518 1367 
19589 480 730 511 
19590 114 755 757 
19591 1966 1603 1726 
19592 1058 995 116 
19593 637 643 113 
19594 596 110 598 
19595 1425 1366 1417 
19596 711 111 112 
19597 1709 514 1526 
19598 1540 826 820 
19599 610 945 552 
19600 1921 515 1801 
19601 511 730 117 
19602 1417 1366 1403 
19603 757 755 632 
19604 115 1057 1367 
19605 631 785 620 
19606 637 113 453 
19607 1400 1368 1401 
19608 637 641 643 
19609 1433 2159 1603 
19610 620 780 641 
19611 932 621 756 
19612 771 790 961 
19613 480 1526 514 
19614 815 800 791 
19615 728 1564 1848 
19616 111 610 720 
19617 495 740 116 
19618 2195 3900 2159 
19619 514 470 497 
19620 598 560 596 
19621 2161 486 1800 
19622 1202 772 1197 
19623 111 720 112 
19624 116 995 495 
19625 2158 3900 2195 
19626 470 1893 497 
19627 1921 472 2003 
19628 515 500 1800 
19629 113 632 453 
19630 1060 115 757 
19631 1166 511 741 
19632 741 117 740 
19633 1166 1341 511 
19634 480 1798 118 
19635 1921 1801 1894 
19636 486 1801 515 
19637 1101 1740 3556 
19638 800 454 120 
19639 514 1525 470 
19640 555 610 552 
19641 551 1383 1578 
19642 610 111 945 
19643 1341 480 511 
19644 721 598 110 
19645 596 557 554 
19646 721 555 558 
19647 596 560 557 
19648 995 509 1059 
19649 805 591 649 
19650 707 554 551 
19651 1166 741 1098 
19652 561 459 598 
19653 560 598 459 
19654 110 707 705 
19655 561 598 721 
19656 620 641 631 
19657 785 631 755 
19658 632 756 621 
19659 1060 1057 115 
19660 453 631 637 
19661 785 755 114 
19662 756 112 932 
19663 621 757 632 
19664 641 637 631 
19665 643 711 756 
19666 780 457 743 
19667 805 958 1034 
19668 756 711 112 
19669 804 786 805 
19670 544 552 945 
19671 558 561 721 
19672 610 555 705 
19673 110 596 707 
19674 707 596 554 
19675 1016 1034 958 
19676 111 711 945 
19677 1167 610 705 
19678 621 932 509 
19679 110 705 721 
19680 555 721 705 
19681 119 120 806 
19682 819 961 790 
19683 519 500 729 
19684 1921 2003 515 
19685 480 118 730 
19686 118 117 730 
19687 738 1256 776 
19688 1366 1425 1429 
19689 956 620 785 
19690 117 741 511 
19691 118 1433 117 
19692 1098 741 495 
19693 740 495 741 
19694 805 649 651 
19695 631 453 755 
19696 453 632 755 
19697 632 113 756 
19698 643 756 113 
19699 1060 621 509 
19700 757 115 114 
19701 759 945 958 
19702 771 806 790 
19703 790 799 819 
19704 729 1101 519 
19705 824 807 815 
19706 735 1097 1366 
19707 1256 738 956 
19708 457 780 620 
19709 1034 743 591 
19710 956 114 1256 
19711 956 738 794 
19712 1016 711 643 
19713 651 804 805 
19714 799 790 806 
19715 807 819 814 
19716 1102 120 119 
19717 825 824 815 
19718 956 457 620 
19719 813 807 121 
19720 120 454 799 
19721 815 807 814 
19722 1188 791 1102 
19723 651 441 804 
19724 805 786 759 
19725 1034 1016 780 
19726 800 815 814 
19727 807 813 819 
19728 808 1197 1188 
19729 119 808 1102 
19730 1564 458 1204 
19731 961 1122 1169 
19732 454 800 814 
19733 799 454 814 
19734 791 772 815 
19735 820 825 1483 
19736 814 819 799 
19737 819 813 961 
19738 1202 729 1483 
19739 824 121 807 
19740 823 1483 500 
19741 824 825 826 
19742 825 815 772 
19743 1484 772 1202 
19744 824 826 121 
19745 825 820 826 
19746 1435 1540 458 
19747 458 1564 1122 
19748 112 720 932 
19749 1059 509 932 
19750 945 711 958 
19751 759 544 945 
19752 956 785 114 
19753 457 956 794 
19754 641 1016 643 
19755 958 805 759 
19756 458 1122 1435 
19757 1122 961 813 
19758 1167 705 707 
19759 1059 1141 995 
19760 780 1016 641 
19761 711 1016 958 
19762 743 1034 780 
19763 805 1034 591 
19764 995 1058 509 
19765 1518 740 1433 
19766 116 1057 1058 
19767 1060 1058 1057 
19768 932 720 1059 
19769 610 1167 720 
19770 621 1060 757 
19771 1058 1060 509 
19772 776 1369 734 
19773 1141 495 995 
19774 707 1098 1167 
19775 3556 2160 2196 
19776 1102 791 800 
19777 791 1188 772 
19778 1878 1915 806 
19779 442 460 1848 
19780 961 1169 771 
19781 1059 720 1167 
19782 1098 495 1141 
19783 1098 707 1166 
19784 551 1578 707 
19785 1098 1141 1167 
19786 1167 1141 1059 
19787 1435 1122 813 
19788 728 771 1169 
19789 1102 808 1188 
19790 1197 808 1101 
19791 1202 1101 729 
19792 772 1188 1197 
19793 1101 1202 1197 
19794 729 500 1483 
19795 735 1400 775 
19796 735 1366 1400 
19797 115 1367 1402 
19798 776 1256 1369 
19799 707 1341 1166 
19800 1578 1383 1526 
19801 1403 734 1369 
19802 115 1402 114 
19803 1518 1057 116 
19804 740 117 1433 
19805 1401 775 1400 
19806 1417 1256 1402 
19807 734 1403 1097 
19808 1526 1383 543 
19809 1429 1400 1366 
19810 775 1401 440 
19811 114 1402 1256 
19812 1402 1428 1425 
19813 1417 1403 1369 
19814 1366 1097 1403 
19815 1417 1402 1425 
19816 1256 1417 1369 
19817 1428 1402 1367 
19818 1429 1368 1400 
19819 1367 1518 1577 
19820 1428 1604 1966 
19821 1428 1429 1425 
19822 1255 1368 1429 
19823 118 1798 2159 
19824 1433 1603 1577 
19825 813 121 1435 
19826 121 826 1435 
19827 820 1483 823 
19828 772 1484 825 
19829 1202 1483 1484 
19830 1483 825 1484 
19831 740 1518 116 
19832 1577 1518 1433 
19833 1526 543 1709 
19834 480 1341 1526 
19835 826 1540 1435 
19836 1564 1204 1848 
19837 1169 1122 1564 
19838 118 2159 1433 
19839 1367 1577 1604 
19840 1526 1341 1578 
19841 707 1578 1341 
19842 1429 1966 1255 
19843 1367 1604 1428 
19844 1577 1603 1604 
19845 1429 1428 1966 
19846 823 500 1635 
19847 808 1777 1740 
19848 1525 514 1709 
19849 1603 1251 1726 
19850 1777 808 119 
19851 2194 2208 471 
19852 806 771 1878 
19853 1740 1777 2963 
19854 119 806 1915 
19855 1889 2963 2164 
19856 514 497 1798 
19857 2195 2159 1798 
19858 500 519 1800 
19859 1800 2196 2161 
19860 1893 1801 486 
19861 1894 1801 470 
19862 442 1848 1204 
19863 460 728 1848 
19864 771 728 1878 
19865 1741 1889 2164 
19866 1878 2164 1915 
19867 2963 1915 2164 
19868 1893 2208 2194 
19869 1801 1893 470 
19870 470 1525 1894 
19871 1525 472 1894 
19872 2164 1878 2612 
19873 439 2613 2197 
19874 1894 472 1921 
19875 2003 472 1635 
19876 1603 1966 1604 
19877 1726 1255 1966 
19878 1635 500 2003 
19879 500 515 2003 
19880 2194 497 1893 
19881 1798 497 2195 
19882 1251 1603 2159 
19883 2196 1800 519 
19884 3561 2161 2196 
19885 2612 460 2197 
19886 1893 486 2208 
19887 471 2158 2194 
19888 497 2194 2195 
19889 2158 2195 2194 
19890 519 1101 3556 
19891 3561 2196 2160 
19892 1741 2613 439 
19893 2164 2612 2613 
19894 486 2161 2208 
19895 471 2208 2161 
19896 2607 3556 1643 
19897 2160 3556 2607 
19898 1878 728 2612 
19899 460 2612 728 
19900 2164 2613 1741 
19901 2612 2197 2613 
19902 1643 2963 1889 
19903 2963 1777 1915 
19904 519 3556 2196 
19905 1643 3556 1740 
19906 471 2161 3561 
19907 1251 2159 3900 
2 8 2 470
19908 78 452 754 
19909 1972 2084 1892 
19910 713 479 1196 
19911 629 754 452 
19912 816 810 617 
19913 452 79 629 
19914 1324 1669 589 
19915 1640 2020 618 
19916 1092 950 1093 
19917 76 545 559 
19918 463 81 616 
19919 525 562 599 
19920 562 508 546 
19921 592 531 530 
19922 553 713 77 
19923 534 531 593 
19924 640 636 934 
19925 585 462 69 
19926 529 492 525 
19927 539 593 72 
19928 538 504 73 
19929 532 572 451 
19930 725 727 578 
19931 70 451 739 
19932 758 603 1462 
19933 74 627 638 
19934 485 516 1799 
19935 2171 1970 1288 
19936 1636 2040 469 
19937 635 639 81 
19938 617 629 710 
19939 451 71 739 
19940 947 1462 1594 
19941 789 798 608 
19942 635 446 628 
19943 1637 469 513 
19944 1117 1779 1652 
19945 1952 474 1953 
19946 570 569 547 
19947 525 75 529 
19948 1641 1739 1776 
19949 1641 518 1640 
19950 538 540 542 
19951 536 534 73 
19952 574 645 506 
19953 1775 1637 1738 
19954 1637 498 1636 
19955 1953 2045 1639 
19956 516 499 1799 
19957 538 537 540 
19958 578 706 72 
19959 584 580 569 
19960 713 553 506 
19961 546 76 563 
19962 546 547 528 
19963 516 2045 2050 
19964 485 1788 1638 
19965 469 1638 513 
19966 2045 516 1639 
19967 1639 485 1638 
19968 1287 1093 950 
19969 1338 1804 1162 
19970 1739 1302 1414 
19971 1641 618 619 
19972 530 533 566 
19973 564 622 527 
19974 528 569 565 
19975 545 524 559 
19976 562 525 508 
19977 492 508 525 
19978 600 523 530 
19979 622 564 74 
19980 492 570 547 
19981 547 546 508 
19982 553 574 506 
19983 75 527 529 
19984 533 530 531 
19985 504 550 533 
19986 593 531 592 
19987 592 530 523 
19988 451 572 71 
19989 451 70 532 
19990 536 73 504 
19991 542 504 538 
19992 534 593 539 
19993 533 531 534 
19994 548 537 541 
19995 594 532 70 
19996 504 533 536 
19997 533 534 536 
19998 548 535 537 
19999 535 532 594 
20000 541 73 539 
20001 537 535 540 
20002 538 541 537 
20003 73 534 539 
20004 549 540 594 
20005 566 533 550 
20006 73 541 538 
20007 541 539 548 
20008 542 540 549 
20009 504 542 550 
20010 528 547 569 
20011 76 528 545 
20012 546 563 562 
20013 528 76 546 
20014 506 645 1092 
20015 508 492 547 
20016 539 72 548 
20017 548 72 706 
20018 535 594 540 
20019 570 492 576 
20020 542 549 550 
20021 550 549 566 
20022 556 574 553 
20023 627 74 564 
20024 574 556 524 
20025 562 563 567 
20026 524 556 559 
20027 563 559 567 
20028 567 556 553 
20029 564 75 599 
20030 76 559 563 
20031 567 559 556 
20032 527 75 564 
20033 599 75 525 
20034 545 573 524 
20035 565 545 528 
20036 588 606 69 
20037 530 566 600 
20038 599 562 634 
20039 524 644 574 
20040 565 573 545 
20041 576 492 529 
20042 527 581 529 
20043 527 523 601 
20044 581 602 576 
20045 758 577 648 
20046 725 593 716 
20047 578 72 725 
20048 524 573 644 
20049 569 580 565 
20050 565 580 573 
20051 644 573 575 
20052 580 575 573 
20053 574 644 645 
20054 601 523 600 
20055 529 581 576 
20056 603 70 1462 
20057 706 535 548 
20058 572 532 578 
20059 605 587 611 
20060 570 584 569 
20061 584 570 576 
20062 715 646 1094 
20063 584 587 580 
20064 648 577 582 
20065 586 583 606 
20066 527 601 581 
20067 575 580 587 
20068 615 585 69 
20069 588 586 606 
20070 584 602 611 
20071 768 767 568 
20072 69 462 588 
20073 589 1100 1324 
20074 463 635 81 
20075 622 592 523 
20076 74 638 650 
20077 627 634 638 
20078 716 593 650 
20079 603 715 1094 
20080 612 647 715 
20081 634 562 567 
20082 564 599 627 
20083 646 566 549 
20084 584 576 602 
20085 602 601 714 
20086 581 601 602 
20087 600 646 714 
20088 1099 767 611 
20089 582 615 648 
20090 69 647 612 
20091 575 587 605 
20092 584 611 587 
20093 767 1099 579 
20094 600 566 646 
20095 766 614 616 
20096 639 609 642 
20097 601 600 714 
20098 1099 611 714 
20099 585 615 582 
20100 606 647 69 
20101 709 766 616 
20102 69 612 615 
20103 615 612 648 
20104 709 623 766 
20105 810 793 802 
20106 710 79 935 
20107 996 1128 788 
20108 619 630 78 
20109 1033 777 1176 
20110 630 619 618 
20111 592 622 74 
20112 527 622 523 
20113 803 642 590 
20114 623 788 766 
20115 1117 553 77 
20116 634 627 599 
20117 635 628 639 
20118 784 754 629 
20119 710 629 79 
20120 640 79 452 
20121 636 78 630 
20122 634 567 1117 
20123 650 592 74 
20124 446 635 463 
20125 639 628 609 
20126 452 636 640 
20127 452 78 636 
20128 567 553 1117 
20129 72 593 725 
20130 642 609 590 
20131 639 642 709 
20132 934 636 630 
20133 935 79 640 
20134 795 803 779 
20135 709 642 623 
20136 605 712 575 
20137 712 644 575 
20138 645 644 712 
20139 713 506 1092 
20140 594 646 549 
20141 602 714 611 
20142 724 715 647 
20143 612 715 603 
20144 612 603 648 
20145 577 758 571 
20146 716 650 638 
20147 593 592 650 
20148 578 532 706 
20149 532 535 706 
20150 616 81 709 
20151 639 709 81 
20152 623 803 811 
20153 742 795 779 
20154 1196 479 1187 
20155 726 712 605 
20156 723 645 712 
20157 713 1092 1093 
20158 646 715 724 
20159 646 724 714 
20160 647 606 724 
20161 1094 646 594 
20162 1779 77 1743 
20163 727 572 578 
20164 726 723 712 
20165 768 723 726 
20166 606 583 724 
20167 579 724 583 
20168 770 1013 1621 
20169 572 727 769 
20170 767 605 611 
20171 726 767 768 
20172 1652 2171 1288 
20173 769 727 951 
20174 1033 1176 1302 
20175 1015 957 1033 
20176 1176 774 1342 
20177 71 769 1621 
20178 571 1462 445 
20179 821 810 816 
20180 784 629 617 
20181 754 784 1015 
20182 648 603 758 
20183 1594 1560 947 
20184 788 623 80 
20185 614 766 789 
20186 568 767 579 
20187 726 605 767 
20188 1287 479 1093 
20189 723 768 950 
20190 1621 1623 739 
20191 769 71 572 
20192 951 727 725 
20193 733 1176 777 
20194 1015 1049 754 
20195 1015 802 957 
20196 821 464 810 
20197 464 793 810 
20198 778 957 802 
20199 935 640 996 
20200 614 789 608 
20201 766 788 789 
20202 798 789 788 
20203 802 793 778 
20204 710 935 811 
20205 803 623 642 
20206 1100 608 798 
20207 996 788 80 
20208 957 778 736 
20209 617 802 784 
20210 779 803 590 
20211 803 795 811 
20212 802 617 810 
20213 816 617 710 
20214 710 811 795 
20215 80 623 811 
20216 710 795 816 
20217 742 816 795 
20218 816 742 821 
20219 1780 1743 1187 
20220 1652 634 1117 
20221 1324 630 618 
20222 1324 1100 1128 
20223 996 640 934 
20224 811 935 80 
20225 1462 571 758 
20226 1378 568 1163 
20227 1652 638 634 
20228 716 1288 725 
20229 736 777 1033 
20230 1015 784 802 
20231 934 1128 996 
20232 80 935 996 
20233 1621 739 71 
20234 1013 1623 1621 
20235 957 736 1033 
20236 1015 1033 1049 
20237 774 1176 733 
20238 1342 774 737 
20239 1302 1049 1033 
20240 78 754 1049 
20241 645 723 1092 
20242 950 1092 723 
20243 768 1378 950 
20244 479 713 1093 
20245 594 70 1094 
20246 70 603 1094 
20247 714 724 1099 
20248 579 1099 724 
20249 798 788 1128 
20250 1288 716 1652 
20251 1288 951 725 
20252 1128 934 1324 
20253 1100 798 1128 
20254 1342 1393 1414 
20255 1302 78 1049 
20256 1804 1338 517 
20257 1780 1806 1974 
20258 1287 1163 1936 
20259 950 1378 1287 
20260 1302 1176 1414 
20261 1641 619 1739 
20262 1338 1187 479 
20263 1637 1775 498 
20264 1187 77 1196 
20265 77 713 1196 
20266 1774 1788 1920 
20267 1287 1936 1338 
20268 493 1936 1163 
20269 638 1652 716 
20270 1621 951 1970 
20271 619 78 1302 
20272 630 1324 934 
20273 1954 2020 1640 
20274 479 1287 1338 
20275 1187 1338 1162 
20276 1342 737 1393 
20277 443 1393 737 
20278 568 1378 768 
20279 1287 1378 1163 
20280 1342 1414 1176 
20281 443 1392 1393 
20282 1414 1393 1392 
20283 1392 1133 1414 
20284 1414 1133 1739 
20285 445 1462 947 
20286 1594 739 1560 
20287 739 461 1560 
20288 1462 70 1594 
20289 739 1594 70 
20290 769 951 1621 
20291 1970 951 1288 
20292 739 1623 461 
20293 498 517 1636 
20294 2012 517 1936 
20295 1774 513 1638 
20296 469 1637 1636 
20297 485 1639 516 
20298 513 1774 1738 
20299 469 1953 1639 
20300 1638 469 1639 
20301 518 499 1640 
20302 499 1954 1640 
20303 619 1302 1739 
20304 618 1641 1640 
20305 1779 2171 1652 
20306 1117 77 1779 
20307 933 1667 2171 
20308 770 1621 1970 
20309 1324 618 2020 
20310 1780 1974 1743 
20311 1637 513 1738 
20312 1252 1969 2083 
20313 1641 1776 518 
20314 77 1187 1743 
20315 1780 1187 1162 
20316 1774 1638 1788 
20317 1738 1774 1920 
20318 1807 1973 473 
20319 498 1805 1804 
20320 1739 1133 2083 
20321 1969 1776 1739 
20322 1743 933 1779 
20323 1806 1804 1805 
20324 1806 1808 1974 
20325 485 1799 1892 
20326 1920 473 1738 
20327 1776 1972 518 
20328 499 518 1799 
20329 517 498 1804 
20330 1775 1805 498 
20331 1805 1973 1808 
20332 1804 1806 1162 
20333 1806 1805 1808 
20334 1780 1162 1806 
20335 1775 1738 1973 
20336 1973 1805 1775 
20337 933 1974 1807 
20338 1892 1788 485 
20339 1799 518 1972 
20340 1920 1892 1891 
20341 1892 1920 1788 
20342 1891 473 1920 
20343 493 1952 2012 
20344 517 1338 1936 
20345 2012 1636 517 
20346 1636 2012 2040 
20347 2019 2050 2045 
20348 1669 1954 512 
20349 2084 1252 1891 
20350 1972 1892 1799 
20351 444 1970 1667 
20352 444 770 1970 
20353 1776 1969 1972 
20354 1969 1252 2084 
20355 473 1973 1738 
20356 1807 1808 1973 
20357 1807 1974 1808 
20358 933 1743 1974 
20359 493 2012 1936 
20360 2040 1952 1953 
20361 1954 2046 512 
20362 2046 2019 512 
20363 1954 1669 2020 
20364 1324 2020 1669 
20365 1952 2040 2012 
20366 1953 469 2040 
20367 1953 474 2045 
20368 2019 2045 474 
20369 1954 499 2046 
20370 2050 499 516 
20371 2019 2046 2050 
20372 499 2050 2046 
20373 1739 2083 1969 
20374 1892 2084 1891 
20375 1972 1969 2084 
20376 933 2171 1779 
20377 1970 2171 1667 
$EndElements
