$MeshFormat
4.1 0 8
$EndMeshFormat
$PhysicalNames
3
2 1 "ambient"
2 2 "tag_0"
2 3 "tag_1"
$EndPhysicalNames
$Entities
0 0 3 0
1 -2.2 -2.2 0 2.2 2.2 0 1 1 0
2 -0.9997998037428526 -0.9999499496831961 0 1.0 0.9999499496831961 0 1 2 0
3 0.7000000000000001 -0.5996649382381527 0 1.9 0.5996649382381527 0 1 3 0
$EndEntities
$Nodes
1 3639 1 3639
2 1 0 3639
1
2
3
4
5
6
7
8
9
10
11
12
13
14
15
16
17
18
19
20
21
22
23
24
25
26
27
28
29
30
31
32
33
34
35
36
37
38
39
40
41
42
43
44
45
46
47
48
49
50
51
52
53
54
55
56
57
58
59
60
61
62
63
64
65
66
67
68
69
70
71
72
73
74
75
76
77
78
79
80
81
82
83
84
85
86
87
88
89
90
91
92
93
94
95
96
97
98
99
100
101
102
103
104
105
106
107
108
109
110
111
112
113
114
115
116
117
118
119
120
121
122
123
124
125
126
127
128
129
130
131
132
133
134
135
136
137
138
139
140
141
142
143
144
145
146
147
148
149
150
151
152
153
154
155
156
157
158
159
160
161
162
163
164
165
166
167
168
169
170
171
172
173
174
175
176
177
178
179
180
181
182
183
184
185
186
187
188
189
190
191
192
193
194
195
196
197
198
199
200
201
202
203
204
205
206
207
208
209
210
211
212
213
214
215
216
217
218
219
220
221
222
223
224
225
226
227
228
229
230
231
232
233
234
235
236
237
238
239
240
241
242
243
244
245
246
247
248
249
250
251
252
253
254
255
256
257
258
259
260
261
262
263
264
265
266
267
268
269
270
271
272
273
274
275
276
277
278
279
280
281
282
283
284
285
286
287
288
289
290
291
292
293
294
295
296
297
298
299
300
301
302
303
304
305
306
307
308
309
310
311
312
313
314
315
316
317
318
319
320
321
322
323
324
325
326
327
328
329
330
331
332
333
334
335
336
337
338
339
340
341
342
343
344
345
346
347
348
349
350
351
352
353
354
355
356
357
358
359
360
361
362
363
364
365
366
367
368
369
370
371
372
373
374
375
376
377
378
379
380
381
382
383
384
385
386
387
388
389
390
391
392
393
394
395
396
397
398
399
400
401
402
403
404
405
406
407
408
409
410
411
412
413
414
415
416
417
418
419
420
421
422
423
424
425
426
427
428
429
430
431
432
433
434
435
436
437
438
439
440
441
442
443
444
445
446
447
448
449
450
451
452
453
454
455
456
457
458
459
460
461
462
463
464
465
466
467
468
469
470
471
472
473
474
475
476
477
478
479
480
481
482
483
484
485
486
487
488
489
490
491
492
493
494
495
496
497
498
499
500
501
502
503
504
505
506
507
508
509
510
511
512
513
514
515
516
517
518
519
520
521
522
523
524
525
526
527
528
529
530
531
532
533
534
535
536
537
538
539
540
541
542
543
544
545
546
547
548
549
550
551
552
553
554
555
556
557
558
559
560
561
562
563
564
565
566
567
568
569
570
571
572
573
574
575
576
577
578
579
580
581
582
583
584
585
586
587
588
589
590
591
592
593
594
595
596
597
598
599
600
601
602
603
604
605
606
607
608
609
610
611
612
613
614
615
616
617
618
619
620
621
622
623
624
625
626
627
628
629
630
631
632
633
634
635
636
637
638
639
640
641
642
643
644
645
646
647
648
649
650
651
652
653
654
655
656
657
658
659
660
661
662
663
664
665
666
667
668
669
670
671
672
673
674
675
676
677
678
679
680
681
682
683
684
685
686
687
688
689
690
691
692
693
694
695
696
697
698
699
700
701
702
703
704
705
706
707
708
709
710
711
712
713
714
715
716
717
718
719
720
721
722
723
724
725
726
727
728
729
730
731
732
733
734
735
736
737
738
739
740
741
742
743
744
745
746
747
748
749
750
751
752
753
754
755
756
757
758
759
760
761
762
763
764
765
766
767
768
769
770
771
772
773
774
775
776
777
778
779
780
781
782
783
784
785
786
787
788
789
790
791
792
793
794
795
796
797
798
799
800
801
802
803
804
805
806
807
808
809
810
811
812
813
814
815
816
817
818
819
820
821
822
823
824
825
826
827
828
829
830
831
832
833
834
835
836
837
838
839
840
841
842
843
844
845
846
847
848
849
850
851
852
853
854
855
856
857
858
859
860
861
862
863
864
865
866
867
868
869
870
871
872
873
874
875
876
877
878
879
880
881
882
883
884
885
886
887
888
889
890
891
892
893
894
895
896
897
898
899
900
901
902
903
904
905
906
907
908
909
910
911
912
913
914
915
916
917
918
919
920
921
922
923
924
925
926
927
928
929
930
931
932
933
934
935
936
937
938
939
940
941
942
943
944
945
946
947
948
949
950
951
952
953
954
955
956
957
958
959
960
961
962
963
964
965
966
967
968
969
970
971
972
973
974
975
976
977
978
979
980
981
982
983
984
985
986
987
988
989
990
991
992
993
994
995
996
997
998
999
1000
1001
1002
1003
1004
1005
1006
1007
1008
1009
1010
1011
1012
1013
1014
1015
1016
1017
1018
1019
1020
1021
1022
1023
1024
1025
1026
1027
1028
1029
1030
1031
1032
1033
1034
1035
1036
1037
1038
1039
1040
1041
1042
1043
1044
1045
1046
1047
1048
1049
1050
1051
1052
1053
1054
1055
1056
1057
1058
1059
1060
1061
1062
1063
1064
1065
1066
1067
1068
1069
1070
1071
1072
1073
1074
1075
1076
1077
1078
1079
1080
1081
1082
1083
1084
1085
1086
1087
1088
1089
1090
1091
1092
1093
1094
1095
1096
1097
1098
1099
1100
1101
1102
1103
1104
1105
1106
1107
1108
1109
1110
1111
1112
1113
1114
1115
1116
1117
1118
1119
1120
1121
1122
1123
1124
1125
1126
1127
1128
1129
1130
1131
1132
1133
1134
1135
1136
1137
1138
1139
1140
1141
1142
1143
1144
1145
1146
1147
1148
1149
1150
1151
1152
1153
1154
1155
1156
1157
1158
1159
1160
1161
1162
1163
1164
1165
1166
1167
1168
1169
1170
1171
1172
1173
1174
1175
1176
1177
1178
1179
1180
1181
1182
1183
1184
1185
1186
1187
1188
1189
1190
1191
1192
1193
1194
1195
1196
1197
1198
1199
1200
1201
1202
1203
1204
1205
1206
1207
1208
1209
1210
1211
1212
1213
1214
1215
1216
1217
1218
1219
1220
1221
1222
1223
1224
1225
1226
1227
1228
1229
1230
1231
1232
1233
1234
1235
1236
1237
1238
1239
1240
1241
1242
1243
1244
1245
1246
1247
1248
1249
1250
1251
1252
1253
1254
1255
1256
1257
1258
1259
1260
1261
1262
1263
1264
1265
1266
1267
1268
1269
1270
1271
1272
1273
1274
1275
1276
1277
1278
1279
1280
1281
1282
1283
1284
1285
1286
1287
1288
1289
1290
1291
1292
1293
1294
1295
1296
1297
1298
1299
1300
1301
1302
1303
1304
1305
1306
1307
1308
1309
1310
1311
1312
1313
1314
1315
1316
1317
1318
1319
1320
1321
1322
1323
1324
1325
1326
1327
1328
1329
1330
1331
1332
1333
1334
1335
1336
1337
1338
1339
1340
1341
1342
1343
1344
1345
1346
1347
1348
1349
1350
1351
1352
1353
1354
1355
1356
1357
1358
1359
1360
1361
1362
1363
1364
1365
1366
1367
1368
1369
1370
1371
1372
1373
1374
1375
1376
1377
1378
1379
1380
1381
1382
1383
1384
1385
1386
1387
1388
1389
1390
1391
1392
1393
1394
1395
1396
1397
1398
1399
1400
1401
1402
1403
1404
1405
1406
1407
1408
1409
1410
1411
1412
1413
1414
1415
1416
1417
1418
1419
1420
1421
1422
1423
1424
1425
1426
1427
1428
1429
1430
1431
1432
1433
1434
1435
1436
1437
1438
1439
1440
1441
1442
1443
1444
1445
1446
1447
1448
1449
1450
1451
1452
1453
1454
1455
1456
1457
1458
1459
1460
1461
1462
1463
1464
1465
1466
1467
1468
1469
1470
1471
1472
1473
1474
1475
1476
1477
1478
1479
1480
1481
1482
1483
1484
1485
1486
1487
1488
1489
1490
1491
1492
1493
1494
1495
1496
1497
1498
1499
1500
1501
1502
1503
1504
1505
1506
1507
1508
1509
1510
1511
1512
1513
1514
1515
1516
1517
1518
1519
1520
1521
1522
1523
1524
1525
1526
1527
1528
1529
1530
1531
1532
1533
1534
1535
1536
1537
1538
1539
1540
1541
1542
1543
1544
1545
1546
1547
1548
1549
1550
1551
1552
1553
1554
1555
1556
1557
1558
1559
1560
1561
1562
1563
1564
1565
1566
1567
1568
1569
1570
1571
1572
1573
1574
1575
1576
1577
1578
1579
1580
1581
1582
1583
1584
1585
1586
1587
1588
1589
1590
1591
1592
1593
1594
1595
1596
1597
1598
1599
1600
1601
1602
1603
1604
1605
1606
1607
1608
1609
1610
1611
1612
1613
1614
1615
1616
1617
1618
1619
1620
1621
1622
1623
1624
1625
1626
1627
1628
1629
1630
1631
1632
1633
1634
1635
1636
1637
1638
1639
1640
1641
1642
1643
1644
1645
1646
1647
1648
1649
1650
1651
1652
1653
1654
1655
1656
1657
1658
1659
1660
1661
1662
1663
1664
1665
1666
1667
1668
1669
1670
1671
1672
1673
1674
1675
1676
1677
1678
1679
1680
1681
1682
1683
1684
1685
1686
1687
1688
1689
1690
1691
1692
1693
1694
1695
1696
1697
1698
1699
1700
1701
1702
1703
1704
1705
1706
1707
1708
1709
1710
1711
1712
1713
1714
1715
1716
1717
1718
1719
1720
1721
1722
1723
1724
1725
1726
1727
1728
1729
1730
1731
1732
1733
1734
1735
1736
1737
1738
1739
1740
1741
1742
1743
1744
1745
1746
1747
1748
1749
1750
1751
1752
1753
1754
1755
1756
1757
1758
1759
1760
1761
1762
1763
1764
1765
1766
1767
1768
1769
1770
1771
1772
1773
1774
1775
1776
1777
1778
1779
1780
1781
1782
1783
1784
1785
1786
1787
1788
1789
1790
1791
1792
1793
1794
1795
1796
1797
1798
1799
1800
1801
1802
1803
1804
1805
1806
1807
1808
1809
1810
1811
1812
1813
1814
1815
1816
1817
1818
1819
1820
1821
1822
1823
1824
1825
1826
1827
1828
1829
1830
1831
1832
1833
1834
1835
1836
1837
1838
1839
1840
1841
1842
1843
1844
1845
1846
1847
1848
1849
1850
1851
1852
1853
1854
1855
1856
1857
1858
1859
1860
1861
1862
1863
1864
1865
1866
1867
1868
1869
1870
1871
1872
1873
1874
1875
1876
1877
1878
1879
1880
1881
1882
1883
1884
1885
1886
1887
1888
1889
1890
1891
1892
1893
1894
1895
1896
1897
1898
1899
1900
1901
1902
1903
1904
1905
1906
1907
1908
1909
1910
1911
1912
1913
1914
1915
1916
1917
1918
1919
1920
1921
1922
1923
1924
1925
1926
1927
1928
1929
1930
1931
1932
1933
1934
1935
1936
1937
1938
1939
1940
1941
1942
1943
1944
1945
1946
1947
1948
1949
1950
1951
1952
1953
1954
1955
1956
1957
1958
1959
1960
1961
1962
1963
1964
1965
1966
1967
1968
1969
1970
1971
1972
1973
1974
1975
1976
1977
1978
1979
1980
1981
1982
1983
1984
1985
1986
1987
1988
1989
1990
1991
1992
1993
1994
1995
1996
1997
1998
1999
2000
2001
2002
2003
2004
2005
2006
2007
2008
2009
2010
2011
2012
2013
2014
2015
2016
2017
2018
2019
2020
2021
2022
2023
2024
2025
2026
2027
2028
2029
2030
2031
2032
2033
2034
2035
2036
2037
2038
2039
2040
2041
2042
2043
2044
2045
2046
2047
2048
2049
2050
2051
2052
2053
2054
2055
2056
2057
2058
2059
2060
2061
2062
2063
2064
2065
2066
2067
2068
2069
2070
2071
2072
2073
2074
2075
2076
2077
2078
2079
2080
2081
2082
2083
2084
2085
2086
2087
2088
2089
2090
2091
2092
2093
2094
2095
2096
2097
2098
2099
2100
2101
2102
2103
2104
2105
2106
2107
2108
2109
2110
2111
2112
2113
2114
2115
2116
2117
2118
2119
2120
2121
2122
2123
2124
2125
2126
2127
2128
2129
2130
2131
2132
2133
2134
2135
2136
2137
2138
2139
2140
2141
2142
2143
2144
2145
2146
2147
2148
2149
2150
2151
2152
2153
2154
2155
2156
2157
2158
2159
2160
2161
2162
2163
2164
2165
2166
2167
2168
2169
2170
2171
2172
2173
2174
2175
2176
2177
2178
2179
2180
2181
2182
2183
2184
2185
2186
2187
2188
2189
2190
2191
2192
2193
2194
2195
2196
2197
2198
2199
2200
2201
2202
2203
2204
2205
2206
2207
2208
2209
2210
2211
2212
2213
2214
2215
2216
2217
2218
2219
2220
2221
2222
2223
2224
2225
2226
2227
2228
2229
2230
2231
2232
2233
2234
2235
2236
2237
2238
2239
2240
2241
2242
2243
2244
2245
2246
2247
2248
2249
2250
2251
2252
2253
2254
2255
2256
2257
2258
2259
2260
2261
2262
2263
2264
2265
2266
2267
2268
2269
2270
2271
2272
2273
2274
2275
2276
2277
2278
2279
2280
2281
2282
2283
2284
2285
2286
2287
2288
2289
2290
2291
2292
2293
2294
2295
2296
2297
2298
2299
2300
2301
2302
2303
2304
2305
2306
2307
2308
2309
2310
2311
2312
2313
2314
2315
2316
2317
2318
2319
2320
2321
2322
2323
2324
2325
2326
2327
2328
2329
2330
2331
2332
2333
2334
2335
2336
2337
2338
2339
2340
2341
2342
2343
2344
2345
2346
2347
2348
2349
2350
2351
2352
2353
2354
2355
2356
2357
2358
2359
2360
2361
2362
2363
2364
2365
2366
2367
2368
2369
2370
2371
2372
2373
2374
2375
2376
2377
2378
2379
2380
2381
2382
2383
2384
2385
2386
2387
2388
2389
2390
2391
2392
2393
2394
2395
2396
2397
2398
2399
2400
2401
2402
2403
2404
2405
2406
2407
2408
2409
2410
2411
2412
2413
2414
2415
2416
2417
2418
2419
2420
2421
2422
2423
2424
2425
2426
2427
2428
2429
2430
2431
2432
2433
2434
2435
2436
2437
2438
2439
2440
2441
2442
2443
2444
2445
2446
2447
2448
2449
2450
2451
2452
2453
2454
2455
2456
2457
2458
2459
2460
2461
2462
2463
2464
2465
2466
2467
2468
2469
2470
2471
2472
2473
2474
2475
2476
2477
2478
2479
2480
2481
2482
2483
2484
2485
2486
2487
2488
2489
2490
2491
2492
2493
2494
2495
2496
2497
2498
2499
2500
2501
2502
2503
2504
2505
2506
2507
2508
2509
2510
2511
2512
2513
2514
2515
2516
2517
2518
2519
2520
2521
2522
2523
2524
2525
2526
2527
2528
2529
2530
2531
2532
2533
2534
2535
2536
2537
2538
2539
2540
2541
2542
2543
2544
2545
2546
2547
2548
2549
2550
2551
2552
2553
2554
2555
2556
2557
2558
2559
2560
2561
2562
2563
2564
2565
2566
2567
2568
2569
2570
2571
2572
2573
2574
2575
2576
2577
2578
2579
2580
2581
2582
2583
2584
2585
2586
2587
2588
2589
2590
2591
2592
2593
2594
2595
2596
2597
2598
2599
2600
2601
2602
2603
2604
2605
2606
2607
2608
2609
2610
2611
2612
2613
2614
2615
2616
2617
2618
2619
2620
2621
2622
2623
2624
2625
2626
2627
2628
2629
2630
2631
2632
2633
2634
2635
2636
2637
2638
2639
2640
2641
2642
2643
2644
2645
2646
2647
2648
2649
2650
2651
2652
2653
2654
2655
2656
2657
2658
2659
2660
2661
2662
2663
2664
2665
2666
2667
2668
2669
2670
2671
2672
2673
2674
2675
2676
2677
2678
2679
2680
2681
2682
2683
2684
2685
2686
2687
2688
2689
2690
2691
2692
2693
2694
2695
2696
2697
2698
2699
2700
2701
2702
2703
2704
2705
2706
2707
2708
2709
2710
2711
2712
2713
2714
2715
2716
2717
2718
2719
2720
2721
2722
2723
2724
2725
2726
2727
2728
2729
2730
2731
2732
2733
2734
2735
2736
2737
2738
2739
2740
2741
2742
2743
2744
2745
2746
2747
2748
2749
2750
2751
2752
2753
2754
2755
2756
2757
2758
2759
2760
2761
2762
2763
2764
2765
2766
2767
2768
2769
2770
2771
2772
2773
2774
2775
2776
2777
2778
2779
2780
2781
2782
2783
2784
2785
2786
2787
2788
2789
2790
2791
2792
2793
2794
2795
2796
2797
2798
2799
2800
2801
2802
2803
2804
2805
2806
2807
2808
2809
2810
2811
2812
2813
2814
2815
2816
2817
2818
2819
2820
2821
2822
2823
2824
2825
2826
2827
2828
2829
2830
2831
2832
2833
2834
2835
2836
2837
2838
2839
2840
2841
2842
2843
2844
2845
2846
2847
2848
2849
2850
2851
2852
2853
2854
2855
2856
2857
2858
2859
2860
2861
2862
2863
2864
2865
2866
2867
2868
2869
2870
2871
2872
2873
2874
2875
2876
2877
2878
2879
2880
2881
2882
2883
2884
2885
2886
2887
2888
2889
2890
2891
2892
2893
2894
2895
2896
2897
2898
2899
2900
2901
2902
2903
2904
2905
2906
2907
2908
2909
2910
2911
2912
2913
2914
2915
2916
2917
2918
2919
2920
2921
2922
2923
2924
2925
2926
2927
2928
2929
2930
2931
2932
2933
2934
2935
2936
2937
2938
2939
2940
2941
2942
2943
2944
2945
2946
2947
2948
2949
2950
2951
2952
2953
2954
2955
2956
2957
2958
2959
2960
2961
2962
2963
2964
2965
2966
2967
2968
2969
2970
2971
2972
2973
2974
2975
2976
2977
2978
2979
2980
2981
2982
2983
2984
2985
2986
2987
2988
2989
2990
2991
2992
2993
2994
2995
2996
2997
2998
2999
3000
3001
3002
3003
3004
3005
3006
3007
3008
3009
3010
3011
3012
3013
3014
3015
3016
3017
3018
3019
3020
3021
3022
3023
3024
3025
3026
3027
3028
3029
3030
3031
3032
3033
3034
3035
3036
3037
3038
3039
3040
3041
3042
3043
3044
3045
3046
3047
3048
3049
3050
3051
3052
3053
3054
3055
3056
3057
3058
3059
3060
3061
3062
3063
3064
3065
3066
3067
3068
3069
3070
3071
3072
3073
3074
3075
3076
3077
3078
3079
3080
3081
3082
3083
3084
3085
3086
3087
3088
3089
3090
3091
3092
3093
3094
3095
3096
3097
3098
3099
3100
3101
3102
3103
3104
3105
3106
3107
3108
3109
3110
3111
3112
3113
3114
3115
3116
3117
3118
3119
3120
3121
3122
3123
3124
3125
3126
3127
3128
3129
3130
3131
3132
3133
3134
3135
3136
3137
3138
3139
3140
3141
3142
3143
3144
3145
3146
3147
3148
3149
3150
3151
3152
3153
3154
3155
3156
3157
3158
3159
3160
3161
3162
3163
3164
3165
3166
3167
3168
3169
3170
3171
3172
3173
3174
3175
3176
3177
3178
3179
3180
3181
3182
3183
3184
3185
3186
3187
3188
3189
3190
3191
3192
3193
3194
3195
3196
3197
3198
3199
3200
3201
3202
3203
3204
3205
3206
3207
3208
3209
3210
3211
3212
3213
3214
3215
3216
3217
3218
3219
3220
3221
3222
3223
3224
3225
3226
3227
3228
3229
3230
3231
3232
3233
3234
3235
3236
3237
3238
3239
3240
3241
3242
3243
3244
3245
3246
3247
3248
3249
3250
3251
3252
3253
3254
3255
3256
3257
3258
3259
3260
3261
3262
3263
3264
3265
3266
3267
3268
3269
3270
3271
3272
3273
3274
3275
3276
3277
3278
3279
3280
3281
3282
3283
3284
3285
3286
3287
3288
3289
3290
3291
3292
3293
3294
3295
3296
3297
3298
3299
3300
3301
3302
3303
3304
3305
3306
3307
3308
3309
3310
3311
3312
3313
3314
3315
3316
3317
3318
3319
3320
3321
3322
3323
3324
3325
3326
3327
3328
3329
3330
3331
3332
3333
3334
3335
3336
3337
3338
3339
3340
3341
3342
3343
3344
3345
3346
3347
3348
3349
3350
3351
3352
3353
3354
3355
3356
3357
3358
3359
3360
3361
3362
3363
3364
3365
3366
3367
3368
3369
3370
3371
3372
3373
3374
3375
3376
3377
3378
3379
3380
3381
3382
3383
3384
3385
3386
3387
3388
3389
3390
3391
3392
3393
3394
3395
3396
3397
3398
3399
3400
3401
3402
3403
3404
3405
3406
3407
3408
3409
3410
3411
3412
3413
3414
3415
3416
3417
3418
3419
3420
3421
3422
3423
3424
3425
3426
3427
3428
3429
3430
3431
3432
3433
3434
3435
3436
3437
3438
3439
3440
3441
3442
3443
3444
3445
3446
3447
3448
3449
3450
3451
3452
3453
3454
3455
3456
3457
3458
3459
3460
3461
3462
3463
3464
3465
3466
3467
3468
3469
3470
3471
3472
3473
3474
3475
3476
3477
3478
3479
3480
3481
3482
3483
3484
3485
3486
3487
3488
3489
3490
3491
3492
3493
3494
3495
3496
3497
3498
3499
3500
3501
3502
3503
3504
3505
3506
3507
3508
3509
3510
3511
3512
3513
3514
3515
3516
3517
3518
3519
3520
3521
3522
3523
3524
3525
3526
3527
3528
3529
3530
3531
3532
3533
3534
3535
3536
3537
3538
3539
3540
3541
3542
3543
3544
3545
3546
3547
3548
3549
3550
3551
3552
3553
3554
3555
3556
3557
3558
3559
3560
3561
3562
3563
3564
3565
3566
3567
3568
3569
3570
3571
3572
3573
3574
3575
3576
3577
3578
3579
3580
3581
3582
3583
3584
3585
3586
3587
3588
3589
3590
3591
3592
3593
3594
3595
3596
3597
3598
3599
3600
3601
3602
3603
3604
3605
3606
3607
3608
3609
3610
3611
3612
3613
3614
3615
3616
3617
3618
3619
3620
3621
3622
3623
3624
3625
3626
3627
3628
3629
3630
3631
3632
3633
3634
3635
3636
3637
3638
3639
1.0 0.0 0
0.9991992951284931 0.04000960653046352 0
0.996798462770555 0.07995514128721501 0
0.9928013476425149 0.1197726351017051 0
0.987214350763483 0.1593983238513969 0
0.9800464192046954 0.19876875057225302 0
0.9713090317615876 0.23782086707933603 0
0.9610161805715396 0.27649213493278624 0
0.9491843487067304 0.3147206255874884 0
0.9358324837779861 0.35244511956604735 0
0.9209819675918909 0.38960520449625563 0
0.9046565819097542 0.42614137185605466 0
0.8961538461538462 0.4437434889929863 0
0.8868824703632655 0.4619951122710622 0
0.8676880965878291 0.4971090092120542 0
0.8471041986406199 0.5314268309423539 0
0.8251637397763597 0.5648936205678837 0
0.8019018556596399 0.5974557840456699 0
0.777355798098326 0.6290611760098652 0
0.7515648753881492 0.6596591832778468 0
0.7245703893640189 0.6892008059026586 0
0.6964155692588616 0.7176387356420051 0
0.6671455024759069 0.7449274317181304 0
0.6368070623852795 0.7710231937472638 0
0.6054488332605282 0.795884231721841 0
0.5731210324752972 0.8194707329334278 0
0.5398754300847343 0.8417449257291802 0
0.5057652659204196 0.8626711399997378 0
0.47084516433158247 0.8822158643016828 0
0.4351710467091336 0.9003477995230937 0
0.398800041932607 0.9170379090062476 0
0.3617903948834157 0.9322594650472057 0
0.32420137317092884 0.9459880916978205 0
0.2860931722207478 0.9582018038016155 0
0.24752681887716277 0.9688810422010291 0
0.20856407367417065 0.9780087050596407 0
0.16926733193155408 0.9855701752492174 0
0.1296995238344084 0.9915533437577263 0
0.08992401365612977 0.9959486290808237 0
0.05000449828625179 0.9987489925657699 0
0.010004905225623457 0.9999499496831961 0
-0.030010709787711334 0.9995495772086734 0
-0.06997826535799688 0.9975485163025836 0
-0.10983375705233937 0.9939499714833577 0
-0.14951335989802622 0.9887597054957303 0
-0.18895353059246142 0.9819860300822226 0
-0.22809110926202947 0.9736397926726377 0
-0.26686342060693025 0.9637343590128811 0
-0.3052083742700173 0.9522855917609239 0
-0.3430645642688986 0.9393118250841894 0
-0.38037136733207705 0.924833835299037 0
-0.41706903998164646 0.9088748075993678 0
-0.45309881420707987 0.8914602989276292 0
-0.4884029915768945 0.8726181970476778 0
-0.52292503563748 0.8523786758850436 0
-0.5566096624511303 0.8307741472061098 0
-0.589402929128276 0.8078392087135957 0
-0.6212523202121542 0.7836105886414597 0
-0.6521068317775751 0.7581270869379444 0
-0.6819170531091018 0.7314295131309636 0
-0.7106352458278521 0.7035606209753273 0
-0.7382154203402044 0.6745650399864608 0
-0.7646134094859813 0.6444892039702628 0
-0.7897869392681683 0.6133812766635599 0
-0.8136956965509062 0.5812910746042258 0
-0.836301393617339 0.5482699873544935 0
-0.8575678294839372 0.5143708952052097 0
-0.8774609478731045 0.47964808449282165 0
-0.8959488917512338 0.44415716066470884 0
-0.9130020543448703 0.40795495923207825 0
-0.9285931265532872 0.37109945475302264 0
-0.9426971406815462 0.3336496679914984 0
-0.9552915104240065 0.29566557140089933 0
-0.9663560670342555 0.2572079930835851 0
-0.9758730916235353 0.21833851938016577 0
-0.9838273435359444 0.17911939624453543 0
-0.9902060847549714 0.13961342956259723 0
-0.9949991003022804 0.09988388457430147 0
-0.9981987145960756 0.059994384560077926 0
-0.9997998037428526 0.020008808953894643 0
-0.9997998037428526 -0.020008808953894397 0
-0.9981987145960756 -0.05999438456007812 0
-0.9949991003022806 -0.09988388457430078 0
-0.9902060847549715 -0.13961342956259654 0
-0.9838273435359444 -0.17911939624453563 0
-0.9758730916235354 -0.21833851938016555 0
-0.9663560670342556 -0.25720799308358483 0
-0.9552915104240066 -0.2956655714008991 0
-0.9426971406815464 -0.33364966799149776 0
-0.9285931265532875 -0.371099454753022 0
-0.9130020543448704 -0.40795495923207803 0
-0.8959488917512339 -0.4441571606647086 0
-0.8774609478731046 -0.4796480844928214 0
-0.8575678294839373 -0.5143708952052095 0
-0.8363013936173395 -0.548269987354493 0
-0.8136956965509061 -0.5812910746042259 0
-0.7897869392681681 -0.61338127666356 0
-0.7646134094859816 -0.6444892039702625 0
-0.7382154203402048 -0.6745650399864603 0
-0.7106352458278522 -0.7035606209753272 0
-0.6819170531091017 -0.7314295131309637 0
-0.6521068317775756 -0.758127086937944 0
-0.6212523202121544 -0.7836105886414596 0
-0.5894029291282762 -0.8078392087135956 0
-0.5566096624511304 -0.8307741472061095 0
-0.5229250356374798 -0.8523786758850437 0
-0.4884029915768943 -0.872618197047678 0
-0.45309881420708054 -0.8914602989276289 0
-0.4170690399816467 -0.9088748075993677 0
-0.38037136733207766 -0.9248338352990366 0
-0.3430645642688988 -0.9393118250841893 0
-0.3052083742700169 -0.9522855917609241 0
-0.26686342060693047 -0.963734359012881 0
-0.22809110926203013 -0.9736397926726376 0
-0.1889535305924619 -0.9819860300822225 0
-0.14951335989802692 -0.9887597054957302 0
-0.10983375705233962 -0.9939499714833577 0
-0.06997826535799691 -0.9975485163025836 0
-0.03001070978771158 -0.9995495772086734 0
0.010004905225623435 -0.9999499496831961 0
0.050004498286251316 -0.9987489925657699 0
0.08992401365612909 -0.9959486290808238 0
0.12969952383440791 -0.9915533437577263 0
0.16926733193155405 -0.9855701752492174 0
0.2085640736741702 -0.9780087050596407 0
0.24752681887716277 -0.9688810422010291 0
0.28609317222074737 -0.9582018038016156 0
0.3242013731709288 -0.9459880916978206 0
0.361790394883415 -0.9322594650472059 0
0.398800041932607 -0.9170379090062476 0
0.435171046709133 -0.9003477995230941 0
0.47084516433158224 -0.8822158643016829 0
0.5057652659204199 -0.8626711399997377 0
0.539875430084734 -0.8417449257291805 0
0.5731210324752974 -0.8194707329334276 0
0.605448833260528 -0.7958842317218412 0
0.636807062385279 -0.7710231937472644 0
0.6671455024759068 -0.7449274317181305 0
0.6964155692588618 -0.717638735642005 0
0.7245703893640186 -0.6892008059026589 0
0.7515648753881492 -0.6596591832778467 0
0.7773557980983258 -0.6290611760098656 0
0.8019018556596393 -0.5974557840456705 0
0.8251637397763594 -0.5648936205678841 0
0.8471041986406199 -0.531426830942354 0
0.8676880965878289 -0.49710900921205453 0
0.8868824703632655 -0.4619951122710622 0
0.896153846153846 -0.4437434889929867 0
0.904656581909754 -0.4261413718560551 0
0.9209819675918909 -0.3896052044962557 0
0.9358324837779862 -0.352445119566047 0
0.9491843487067304 -0.3147206255874885 0
0.9610161805715394 -0.2764921349327868 0
0.9713090317615876 -0.23782086707933617 0
0.9800464192046953 -0.1987687505722536 0
0.987214350763483 -0.15939832385139707 0
0.9928013476425149 -0.11977263510170486 0
0.996798462770555 -0.07995514128721522 0
0.999199295128493 -0.04000960653046419 0
1.9 0.0 0
1.8986601271738919 0.04007558024707293 0
1.8946464928928681 0.07997217322426729 0
1.8879770230219521 0.11951159106230165 0
1.878681505032626 0.15851724112277157 0
1.8668014549647514 0.19681491470374143 0
1.8523899320058574 0.23423356509809687 0
1.8355113015159288 0.27060607152966104 0
1.8162409475560837 0.30576998555515045 0
1.7946649362050562 0.3395682565983571 0
1.7708796311671966 0.3718499333761469 0
1.7449912633887745 0.40247083808353407 0
1.7171154566047855 0.43129421032675763 0
1.6873767109352815 0.45819131792839923 0
1.6559078468376132 0.4830420318765377 0
1.6228494118980237 0.5057353628500781 0
1.5883490531120104 0.5261699569240029 0
1.5525608574570011 0.5442545482406044 0
1.5156446637025076 0.5599083666249615 0
1.4777653485313804 0.5730614983241473 0
1.439092090160517 0.5836551982590222 0
1.399797612749878 0.5916421523940171 0
1.360057414974459 0.5969866890531024 0
1.3200489862046048 0.5996649382381527 0
1.2799510137953953 0.5996649382381527 0
1.239942585025541 0.5969866890531024 0
1.200202387250122 0.5916421523940171 0
1.1609079098394832 0.5836551982590222 0
1.1222346514686197 0.5730614983241474 0
1.0843553362974923 0.5599083666249615 0
1.0474391425429992 0.5442545482406045 0
1.0116509468879897 0.5261699569240029 0
0.9771505881019764 0.5057353628500783 0
0.9440921531623869 0.48304203187653777 0
0.9126232890647186 0.45819131792839923 0
0.8828845433952146 0.43129421032675763 0
0.8550087366112256 0.40247083808353407 0
0.8291203688328035 0.3718499333761469 0
0.805335063794944 0.33956825659835727 0
0.7837590524439165 0.3057699855551506 0
0.7644886984840714 0.27060607152966126 0
0.7476100679941429 0.23423356509809704 0
0.7331985450352487 0.19681491470374135 0
0.7213184949673742 0.1585172411227717 0
0.7120229769780481 0.11951159106230176 0
0.7053535071071321 0.0799721732242674 0
0.7013398728261082 0.04007558024707302 0
0.7000000000000001 -1.9297471796119638e-16 0
0.7013398728261082 -0.04007558024707287 0
0.705353507107132 -0.07997217322426699 0
0.712022976978048 -0.11951159106230164 0
0.7213184949673741 -0.15851724112277157 0
0.7331985450352488 -0.19681491470374143 0
0.7476100679941428 -0.2342335650980969 0
0.7644886984840713 -0.2706060715296609 0
0.7837590524439165 -0.3057699855551505 0
0.8053350637949437 -0.33956825659835693 0
0.8291203688328033 -0.37184993337614675 0
0.8550087366112256 -0.4024708380835341 0
0.8828845433952146 -0.43129421032675747 0
0.9126232890647186 -0.45819131792839907 0
0.9440921531623871 -0.4830420318765378 0
0.9771505881019764 -0.5057353628500781 0
1.01165094688799 -0.5261699569240029 0
1.047439142542999 -0.5442545482406044 0
1.084355336297492 -0.5599083666249615 0
1.1222346514686197 -0.5730614983241474 0
1.1609079098394828 -0.5836551982590222 0
1.200202387250122 -0.5916421523940171 0
1.2399425850255408 -0.5969866890531024 0
1.2799510137953953 -0.5996649382381527 0
1.3200489862046045 -0.5996649382381527 0
1.360057414974459 -0.5969866890531024 0
1.399797612749878 -0.5916421523940171 0
1.439092090160517 -0.5836551982590222 0
1.4777653485313802 -0.5730614983241475 0
1.5156446637025074 -0.5599083666249617 0
1.552560857457001 -0.5442545482406045 0
1.58834905311201 -0.526169956924003 0
1.6228494118980235 -0.5057353628500783 0
1.655907846837613 -0.48304203187653794 0
1.6873767109352813 -0.45819131792839923 0
1.7171154566047853 -0.4312942103267578 0
1.7449912633887745 -0.4024708380835341 0
1.7708796311671968 -0.37184993337614675 0
1.7946649362050562 -0.3395682565983571 0
1.8162409475560835 -0.3057699855551507 0
1.8355113015159286 -0.27060607152966154 0
1.8523899320058572 -0.23423356509809712 0
1.8668014549647514 -0.1968149147037414 0
1.8786815050326258 -0.15851724112277182 0
1.8879770230219521 -0.11951159106230158 0
1.8946464928928681 -0.07997217322426747 0
1.8986601271738919 -0.04007558024707336 0
-2.2 -2.1972205301045022 0
-2.1178898030481874 -2.2 0
-2.0400365193032646 -2.2 0
-1.958787256218218 -2.197690213190916 0
-1.8832491233058062 -2.2 0
-1.7973138791686414 -2.2 0
-1.7179017593403367 -2.2 0
-1.6404369024475618 -2.198227679741274 0
-1.5621699022298365 -2.1964378344355686 0
-1.4767885803391083 -2.2 0
-1.4037964331120525 -2.1996687002176523 0
-1.3164868066977722 -2.2 0
-1.2422672048229553 -2.2 0
-1.1637676736994012 -2.2 0
-1.0804968992507955 -2.2 0
-1.0021353243979396 -2.2 0
-0.9222497517012986 -2.2 0
-0.8416817470832761 -2.2 0
-0.7572993761946997 -2.1995483654187806 0
-0.6788616450965406 -2.2 0
-0.5960596527025915 -2.197120427769638 0
-0.5230328803215538 -2.2 0
-0.43822812473933404 -2.1983104658424377 0
-0.3565084753056044 -2.2 0
-0.27735971445380564 -2.1986375554686877 0
-0.20157305191253683 -2.1992993551508517 0
-0.11694016799334525 -2.1972304206525735 0
-0.03995772943536323 -2.19928798193614 0
0.03627620664121077 -2.2 0
0.12237923398043409 -2.2 0
0.19738405921263213 -2.199609609908895 0
0.2816243260965249 -2.1986041133559815 0
0.358997624164013 -2.2 0
0.4400674119059998 -2.197772459079999 0
0.5201675073409052 -2.2 0
0.5999175481636981 -2.2 0
0.6763478983228519 -2.1983729432911696 0
0.7638655017384772 -2.19925453015696 0
0.8391487974910232 -2.2 0
0.9200179084674678 -2.196143386899692 0
1.0021641851186465 -2.199683060412402 0
1.0828823182313645 -2.2 0
1.1601101733055008 -2.196380260893854 0
1.2406223584624094 -2.2 0
1.3181542358195313 -2.1996160295242704 0
1.4036569302516817 -2.2 0
1.4822692418609231 -2.1974361127045965 0
1.5630894366466082 -2.1980759727053347 0
1.6424731192069795 -2.1998505737318164 0
1.7204908629182267 -2.2 0
1.7964489863801658 -2.197039918758587 0
1.880559994671011 -2.2 0
1.9600377637394308 -2.2 0
2.0388543197163598 -2.2 0
2.1203078303659026 -2.19901208437762 0
2.2 -2.2 0
-2.1637762001273293 -2.132881127447029 0
-2.0825823099284912 -2.1300422807310175 0
-1.9971119291131734 -2.128330456172626 0
-1.9176232194989162 -2.1281864687327596 0
-1.8419576476793016 -2.1279840090390523 0
-1.7586150917964907 -2.134052094594814 0
-1.6838664749590757 -2.1346014878978465 0
-1.5979553057979825 -2.1327214938920176 0
-1.5231240909816453 -2.129719551024025 0
-1.4412446170872282 -2.1341618446689985 0
-1.3627229958024494 -2.130498924504861 0
-1.282654840430221 -2.1325346522026956 0
-1.198307280582518 -2.1310803546568797 0
-1.1214239858689015 -2.130927799583883 0
-1.043810923378944 -2.1316255108591533 0
-0.9606326505663276 -2.1332136532592347 0
-0.8831299064604368 -2.127519419694397 0
-0.7999190721525706 -2.133045239756831 0
-0.7191548108797281 -2.128181650350222 0
-0.6438334551319258 -2.1345750515306228 0
-0.5628283060768053 -2.1289672839151508 0
-0.48271817925896254 -2.129081122674429 0
-0.3985745936377846 -2.130360350388614 0
-0.3222352020158186 -2.1269132115547023 0
-0.237617513138351 -2.13058517156165 0
-0.16221443375802677 -2.129529916352451 0
-0.08084081592113368 -2.130111199994941 0
-0.001430033525238998 -2.1296703848070746 0
0.076470280929652 -2.132329120100261 0
0.16374322648120682 -2.127713693743364 0
0.23845109296266573 -2.127849852446393 0
0.3184829090188249 -2.1272036602401627 0
0.40195073694933686 -2.131388589595125 0
0.4780188648182387 -2.1346501255975356 0
0.5630297431856708 -2.1344146354524565 0
0.6425553128849025 -2.1270203586957988 0
0.7205622445619612 -2.1333458309358235 0
0.8029422485154798 -2.1269277658079675 0
0.8816321851386405 -2.130646977728622 0
0.9590237506747489 -2.1319425206207443 0
1.0376460940583576 -2.12932474358327 0
1.1194636009688026 -2.1331650185373636 0
1.1968353937827318 -2.1293903074710157 0
1.278368581384665 -2.1307195683193507 0
1.3586027652390078 -2.127744995637857 0
1.4431974261570781 -2.1345732238281214 0
1.5176068240915261 -2.132096042056475 0
1.6038963977434244 -2.1284563646914103 0
1.678712765182807 -2.1330137293261986 0
1.76139564055779 -2.1280163591360135 0
1.843457499775149 -2.131967169178919 0
1.9230591456197317 -2.129221086240016 0
1.9998759897809 -2.126833901858639 0
2.0778771234789684 -2.128914246207315 0
2.156677441843332 -2.13336041456289 0
-2.1967120977319357 -2.0637321898345586 0
-2.1179270705382685 -2.0606342647534324 0
-2.037270942434353 -2.062491071399245 0
-1.9612777181199843 -2.063106213095201 0
-1.877060641411305 -2.0606040751633565 0
-1.7963655403426229 -2.0583378145567544 0
-1.7229172321808366 -2.0610265716019365 0
-1.6431658000158833 -2.0651228330057148 0
-1.5634144526493412 -2.0585065885355576 0
-1.4776950684101984 -2.0588078876227374 0
-1.4012728202870675 -2.0605144471340178 0
-1.3177447711869383 -2.0624116183637833 0
-1.239433747795208 -2.0636462228125 0
-1.163346053901181 -2.0633021462506362 0
-1.0768738549771577 -2.0609203607285687 0
-0.9965994623831325 -2.0617737813221604 0
-0.9217825378711386 -2.0591398180860074 0
-0.8373778547468342 -2.065336881438597 0
-0.7586367068878088 -2.064702470413558 0
-0.6830791800125767 -2.058355454831453 0
-0.6036798117048787 -2.0635188684755503 0
-0.516094732011152 -2.0620678266950483 0
-0.443075534555262 -2.0640968678947997 0
-0.3620686377192174 -2.0594838840621943 0
-0.2831773268321098 -2.0581498200482558 0
-0.20097378183564638 -2.0576738231022644 0
-0.11672621817479442 -2.0630837467149017 0
-0.04197271891167102 -2.061619854626712 0
0.03680103315160365 -2.0602195337985747 0
0.11631696170730929 -2.065351886182341 0
0.20386066901240343 -2.063071536514099 0
0.28077256514550736 -2.0618371791174495 0
0.3585062468885513 -2.064932217074109 0
0.4433071361373275 -2.0576774291797855 0
0.5237583720359718 -2.0645450369134752 0
0.5977215461602888 -2.0604934803543977 0
0.6838396230871203 -2.0610926298146124 0
0.7615055184643815 -2.0601412599634874 0
0.838072687934829 -2.0611031172911867 0
0.9184585689425 -2.0634648858258093 0
0.9966509501230703 -2.0631896416059727 0
1.0838670137377553 -2.0618527174702237 0
1.161216084276101 -2.0602882067523316 0
1.2435258761779917 -2.0623121069853787 0
1.318454274358812 -2.062818004076993 0
1.3985338811750847 -2.0586588572678806 0
1.4831480019641727 -2.06301346075711 0
1.558674667245206 -2.0610821320810326 0
1.6406318834905365 -2.0606682350744823 0
1.7179607840311617 -2.0652729431669203 0
1.7979500743986232 -2.0648573151235188 0
1.880409638039324 -2.064868604454174 0
1.9566010383380361 -2.0603528786459857 0
2.038326572403355 -2.059098457331432 0
2.1199460883420014 -2.0585347435722525 0
2.1972334367693027 -2.061424498706917 0
-2.157640132050032 -1.9955370472016236 0
-2.0764061764082165 -1.9947679662247622 0
-1.9977903281361125 -1.9882747361225825 0
-1.917427598842052 -1.993595631069391 0
-1.8431449781233475 -1.992039037083293 0
-1.7566451444863147 -1.9938059871367697 0
-1.6768499296184338 -1.9950204579155215 0
-1.5967161466048583 -1.9958998235245564 0
-1.521471450577913 -1.9889291968220222 0
-1.4375691497521284 -1.9888966729557607 0
-1.3572742518220262 -1.990184424008499 0
-1.2784832385655982 -1.9947286641665805 0
-1.2005388959921903 -1.9948907275417178 0
-1.1182814043842497 -1.9908116731742507 0
-1.041979308737649 -1.9956385895449538 0
-0.9562929129334276 -1.9896878820647559 0
-0.8796058405488599 -1.9918228818758552 0
-0.797189658669349 -1.9925274256707572 0
-0.7208343164422341 -1.9934445499325746 0
-0.6419362472602259 -1.995958635069134 0
-0.5588284892479993 -1.9928204320333478 0
-0.4794351709473784 -1.9956553300453068 0
-0.40116045245050974 -1.9950476301800941 0
-0.32299896787771615 -1.9940809993404083 0
-0.23736852495211894 -1.992971524587216 0
-0.16079134278463292 -1.9912543437077914 0
-0.08213176277363327 -1.9960940857073979 0
0.00022961391909370578 -1.9921467061352771 0
0.0811907167387269 -1.9926473674466012 0
0.16149210504526532 -1.9903025274984465 0
0.23790699740129595 -1.9921933250860069 0
0.3198306151006542 -1.9943534064114248 0
0.39929796906333864 -1.9916706436158311 0
0.4832555160360468 -1.9888122504210293 0
0.5582018029077265 -1.9909825816865943 0
0.6363855787468914 -1.9955814919859118 0
0.7200935336736014 -1.9891345104601632 0
0.7972757418460624 -1.9900256802213565 0
0.8830640765550043 -1.9936594868370525 0
0.9615404557168225 -1.9893619741118425 0
1.0389729146459805 -1.9905436417884725 0
1.1218913449326027 -1.9913972806530078 0
1.2028502171113038 -1.9889810681228042 0
1.2836806305357187 -1.9915840415379946 0
1.3574102071616516 -1.994149139820716 0
1.4377409495080526 -1.9915977642949527 0
1.5220620009173316 -1.9957368373225974 0
1.60145309164486 -1.9904166769847949 0
1.6787838520636542 -1.9920334566573883 0
1.7573183852162493 -1.990314733887839 0
1.8363256694986922 -1.9883041346265498 0
1.9224635498675813 -1.9911263150758778 0
1.9981402099571768 -1.9888509999709956 0
2.0836755107030167 -1.9950408938195632 0
2.1622060580025257 -1.9894184562233868 0
-2.1987222611494883 -1.921268608657646 0
-2.120439530143084 -1.9194774083679804 0
-2.0362303397744297 -1.9238130442864183 0
-1.9575783077535973 -1.9234084980579356 0
-1.8826819662505339 -1.9242681325741218 0
-1.8029893594013215 -1.9196007927097583 0
-1.716324607359647 -1.9259183769297328 0
-1.6391945673505037 -1.9236060780073112 0
-1.5630552797519857 -1.9245080666704852 0
-1.482014269031355 -1.9208752562994618 0
-1.4039679283523678 -1.9253531611575152 0
-1.3204898154390408 -1.9267035934042929 0
-1.2389797872917003 -1.9220268504803517 0
-1.1573173411929372 -1.9252190242634983 0
-1.0817217470915073 -1.9225331553429579 0
-1.0018141944222967 -1.9221859661217562 0
-0.9219929421644001 -1.9214036535682921 0
-0.8376712742530561 -1.9204026338276694 0
-0.7562110711236014 -1.9225088547583729 0
-0.680073525761368 -1.9200262891905906 0
-0.597847460913125 -1.9223075137538834 0
-0.5209339489218702 -1.9245994912231112 0
-0.4431348863301268 -1.9204114780739936 0
-0.3630554277557548 -1.9208937489114755 0
-0.27963770328185505 -1.9191523081586892 0
-0.19791147472117468 -1.9190837125123394 0
-0.12290724789648165 -1.9228688989983247 0
-0.0394193737026764 -1.92438185913048 0
0.04002425990565202 -1.924017320680153 0
0.12022715177081121 -1.9268651130453887 0
0.19953851465689917 -1.9232754536390657 0
0.2784383935057695 -1.9236766488082075 0
0.3622646984893758 -1.9214045677172773 0
0.43993839306313365 -1.9216905248542424 0
0.5190204656948081 -1.9252405583854864 0
0.5960310052630206 -1.9246509007761043 0
0.680785313589709 -1.9198185673244141 0
0.762635369999908 -1.9227841891260102 0
0.8438961451603952 -1.9231792229980214 0
0.9226767478893346 -1.9236001480587321 0
1.00195704494191 -1.9189711372591984 0
1.0784426927389439 -1.9255093681872735 0
1.160960269669821 -1.9226242213459874 0
1.238875376255881 -1.9268437168522035 0
1.3191133011328782 -1.9234649150121506 0
1.3992420165739066 -1.9199819083171594 0
1.480675424216657 -1.9210012244493544 0
1.563183273373097 -1.9208816830803788 0
1.63994161641524 -1.9209057240666851 0
1.7211228432039618 -1.921681907311673 0
1.801037402869509 -1.9236158789890718 0
1.8810340962503005 -1.9218020107014149 0
1.963496943676312 -1.9206120813060132 0
2.042770144532809 -1.9207318724678393 0
2.122522606895928 -1.922028171631138 0
2.1987956007070935 -1.9247552047224348 0
-2.1583358397834815 -1.8505983018877192 0
-2.079646025937577 -1.856373278750565 0
-1.9973361977184205 -1.8537134938549331 0
-1.9202631789737747 -1.857226734007459 0
-1.8399177526176793 -1.8516318571625872 0
-1.7606192175108344 -1.8547484199775164 0
-1.6787452516888093 -1.8574319073870402 0
-1.599942691224203 -1.8500208217219638 0
-1.5184764192644922 -1.8543744486601672 0
-1.4384887341096524 -1.8527498871316972 0
-1.3623288848681396 -1.855928171840386 0
-1.276911797682408 -1.8554372848045797 0
-1.203400921779919 -1.850944417761455 0
-1.1198144178593885 -1.854644173158441 0
-1.039907848622939 -1.8516960329794148 0
-0.9626515711368994 -1.8523653025003326 0
-0.8782925040128013 -1.8510698109347978 0
-0.801841914930591 -1.8527125078409112 0
-0.7221430889730123 -1.8531014810972686 0
-0.642621096224569 -1.8512716974871746 0
-0.557066257082796 -1.8549526900036606 0
-0.4822214515054963 -1.8498795311497782 0
-0.39834647749398794 -1.8508394975082676 0
-0.3237557242005008 -1.8503946919930025 0
-0.23902038351281912 -1.8550576052522962 0
-0.16054587501686088 -1.8514970945382165 0
-0.07771670435255228 -1.8560706315407733 0
0.0010070920427038411 -1.8562648022662076 0
0.08378439864988016 -1.8540412260357781 0
0.16330516004162596 -1.8517638557279306 0
0.24085007923516463 -1.8554939662354657 0
0.3202127385832389 -1.856480880553129 0
0.39710478394591026 -1.8518638403563394 0
0.47888871814666756 -1.8515788279943317 0
0.5579239488313101 -1.8518445733477067 0
0.6417478154111743 -1.8551458714378048 0
0.7168510834710369 -1.8544137756447276 0
0.7999388920026185 -1.8567900447686425 0
0.8774940900829422 -1.857147094063701 0
0.9607801085724403 -1.8504788294992496 0
1.037732462327677 -1.8573121309992102 0
1.1216313887553535 -1.8510705540159074 0
1.203712972693871 -1.8526844068316353 0
1.278739545325215 -1.8508868895419797 0
1.3569445368417048 -1.8520487429807078 0
1.436761846794013 -1.8543921925100857 0
1.5199601830512175 -1.8545666843019661 0
1.5973487806304358 -1.8557360999854071 0
1.682561199979999 -1.8538892320478848 0
1.7606394619577879 -1.8558945823452955 0
1.841719480470292 -1.8549489004130466 0
1.9207489486998883 -1.8503139419838583 0
2.0039551472710877 -1.8572200948997197 0
2.0823795416954294 -1.8507291358833378 0
2.1585565954976578 -1.8545246574783678 0
-2.1993579699225894 -1.7809570843357039 0
-2.120800571253296 -1.7812675648332823 0
-2.0379315157743667 -1.7870896215458199 0
-1.9566905606370895 -1.78818635776275 0
-1.8828385739996252 -1.782989316480376 0
-1.803543042506889 -1.7852718870980762 0
-1.7229601691317846 -1.7846046919926435 0
-1.6372801572499633 -1.7810591313726762 0
-1.563716242877425 -1.7878209921301187 0
-1.4772750077170775 -1.7879652879174248 0
-1.4018112778794294 -1.7873683124419268 0
-1.3232716983443435 -1.788086823065671 0
-1.2388998958986814 -1.7823508920399507 0
-1.1585058289875307 -1.781542824008124 0
-1.0786958704920104 -1.7851901907620669 0
-0.9989514958102721 -1.78055104771652 0
-0.9188671733358141 -1.7863630723107327 0
-0.8435185272343204 -1.780826478185549 0
-0.7592760360136466 -1.7855108882425863 0
-0.6791571780027119 -1.7838257454149617 0
-0.5998226258177077 -1.787821369047234 0
-0.5211741795809912 -1.7850066059999532 0
-0.44240505327512947 -1.7812669643336416 0
-0.3606070417809535 -1.78300872086025 0
-0.27829162840443306 -1.7823615417012897 0
-0.1982310776726986 -1.7822901381703569 0
-0.121987354446794 -1.7804965767699263 0
-0.042791921969729155 -1.7809586270226752 0
0.042836550201660537 -1.78149049185403 0
0.11642249003869994 -1.7875780615159185 0
0.2025044464178583 -1.784554471571748 0
0.2789620255291032 -1.7804303064056348 0
0.356320943482317 -1.7840560857530248 0
0.4395467982092056 -1.78728218119924 0
0.519161506102288 -1.7826466269449857 0
0.6030585248736193 -1.788110848491763 0
0.6801960764688244 -1.7875847934231877 0
0.76240314765724 -1.787621523947976 0
0.836273546568137 -1.7852339165668514 0
0.9218608493960503 -1.7858021526390901 0
0.9970400391972244 -1.7819512284067882 0
1.0824553550551617 -1.7814609277932891 0
1.1584299557861122 -1.7849091632953178 0
1.2379631199540337 -1.7838503862393376 0
1.3186408573343178 -1.7855984994957974 0
1.4022689713472778 -1.7806574369031478 0
1.480673122553894 -1.78747030274251 0
1.561220599461477 -1.784718912440685 0
1.6439042444562102 -1.7825527542222857 0
1.7226782888520573 -1.782697516101964 0
1.800284952046291 -1.7811332590488447 0
1.8826529365176639 -1.785977199082555 0
1.9572562551617607 -1.785344991233168 0
2.0401686213805807 -1.7875287654648246 0
2.118763034291647 -1.7837085608697738 0
2.196348596948415 -1.781788216771319 0
-2.158791063634534 -1.7165165725079963 0
-2.081613432149959 -1.7162048447544118 0
-2.001397690430359 -1.7130376636650444 0
-1.91999154514023 -1.7148167467023159 0
-1.8428099480082327 -1.7117104298613726 0
-1.7613954165706216 -1.7164052582616087 0
-1.6834492308824176 -1.7111904812267 0
-1.600162417265526 -1.7117226959824405 0
-1.5165790620600201 -1.7112677567352876 0
-1.437474965698148 -1.711622228079184 0
-1.3566216854107995 -1.712614832455385 0
-1.2829233502716588 -1.7148360801024276 0
-1.199395167895967 -1.7110857936568251 0
-1.1177284116002701 -1.7134024441474747 0
-1.0380268077052446 -1.7161331517680467 0
-0.9564614915372784 -1.7138777667637926 0
-0.88077940313176 -1.7153092012623337 0
-0.7961619605815142 -1.7147687467012622 0
-0.7226576197130042 -1.717838933927642 0
-0.6385020624267381 -1.7145235696333943 0
-0.5567455499105001 -1.7175489711283194 0
-0.48071112949018524 -1.7132020921316267 0
-0.40359915972878185 -1.7182319946280304 0
-0.3196343367885759 -1.716899940147951 0
-0.24314449923012607 -1.7169321933327395 0
-0.15894287129812157 -1.7148147543861194 0
-0.08337202591567343 -1.7184432823163087 0
0.0028050159345496127 -1.7138798621967817 0
0.07738693806597456 -1.7121311013419518 0
0.1561747950667354 -1.7160809355416233 0
0.24278103789607697 -1.7133435465786726 0
0.31827001924633574 -1.7118955219247054 0
0.40078462400994386 -1.7121018273273136 0
0.48314234699220787 -1.715622221261961 0
0.5614048027019001 -1.7146699633628895 0
0.6435578819029825 -1.7126404879380313 0
0.7218065480037146 -1.7125135148837032 0
0.8039852796182811 -1.7169732843969223 0
0.877610909045236 -1.713051511373038 0
0.9621626600850055 -1.714911503499021 0
1.0398966065094717 -1.715795829316858 0
1.1230615754431528 -1.7126559188595785 0
1.2006767807856555 -1.718704821205859 0
1.2828091327540803 -1.7153581444595756 0
1.3575180842256855 -1.7166309396784252 0
1.4415306758071231 -1.71898171725411 0
1.5169603571785608 -1.716604544785703 0
1.603097530841466 -1.7130508903651447 0
1.6837663338051179 -1.7146815439652714 0
1.7605757458206288 -1.7146147594262002 0
1.8402050177104137 -1.7146894493117497 0
1.922548540409016 -1.7113988240031028 0
1.9992664061547976 -1.7139860519398955 0
2.078462075260432 -1.7166104907889939 0
2.1600505388047804 -1.7143356326117263 0
-2.1996000442640478 -1.6419311039523514 0
-2.1226962300984415 -1.6446504262740613 0
-2.0360437519297494 -1.6438546592855487 0
-1.9594727318861338 -1.6467968363571608 0
-1.8807828889321354 -1.6422515568400988 0
-1.79683735640341 -1.6443863312651679 0
-1.716810016865106 -1.6423424323804126 0
-1.6372292514440527 -1.6466764120359856 0
-1.5602850828604724 -1.643376481552128 0
-1.4810189357617 -1.6437488311081738 0
-1.400148636950932 -1.6470514111347883 0
-1.3203508136985584 -1.6488116659294296 0
-1.2411640259537284 -1.646422186133465 0
-1.1638546913865206 -1.6483671497873993 0
-1.081918135621085 -1.6428806693538718 0
-0.9992833829053549 -1.6474465823264108 0
-0.9160181864253933 -1.647680376777801 0
-0.8398896933026746 -1.6438275832939657 0
-0.7584694356755214 -1.6462757201055112 0
-0.6777840184620638 -1.645857388728031 0
-0.5982762794596184 -1.6458127292485392 0
-0.5162280425189792 -1.6440143020556262 0
-0.44326898210856686 -1.6487079805669467 0
-0.3562678816229342 -1.6479099145753051 0
-0.28379091160874004 -1.6477179515925582 0
-0.2001617035404026 -1.642126393079916 0
-0.12080696078242907 -1.6439556968757016 0
-0.03732509982568053 -1.649030445437069 0
0.0408951356384049 -1.641777466717406 0
0.12039676774849126 -1.645467852156146 0
0.19877362031024876 -1.6421748984128246 0
0.28375679391181685 -1.6489183827857425 0
0.3604226708816925 -1.646386707739037 0
0.4413731692875099 -1.648794568485408 0
0.5181226743271682 -1.6475137145473102 0
0.5998377035144045 -1.6433974789021875 0
0.6828627800969881 -1.6434523524574869 0
0.7614144546773594 -1.6490461995145804 0
0.8391177365853659 -1.64439412860002 0
0.9183539822508072 -1.6456811944010046 0
1.0032406268950154 -1.6488144852814373 0
1.0828310132312293 -1.6488971042008682 0
1.1590909154780884 -1.6425006263494026 0
1.2376096004943322 -1.64557780056262 0
1.3193328322615132 -1.642640163312343 0
1.403936517568631 -1.6474350010891363 0
1.4799398123403587 -1.6425837003762367 0
1.5603583654113435 -1.648026742059761 0
1.6420772984995575 -1.6470470271849964 0
1.7198877949775968 -1.649675246318807 0
1.8039117363529968 -1.6444854826780992 0
1.8834065027764533 -1.6419942593212609 0
1.9581402694616579 -1.645419453768501 0
2.039522009867422 -1.6436648998378165 0
2.1227390853226638 -1.6479152602907177 0
2.1981965173047984 -1.6440936491999183 0
-2.1607068555862705 -1.5794200969924326 0
-2.082437515294092 -1.5759749147659112 0
-1.9992120444236103 -1.5727811367023514 0
-1.9197377603748773 -1.5755898631650176 0
-1.8428091619643054 -1.5771512939315526 0
-1.7617616696667586 -1.574898326571793 0
-1.6818635419910357 -1.578746506794724 0
-1.6010585248113272 -1.5766973168252496 0
-1.521292840231886 -1.5756158520269627 0
-1.4425503706491467 -1.5734224269186712 0
-1.35844662908011 -1.576183603530519 0
-1.283534701794151 -1.5778536561555163 0
-1.1984791410484872 -1.575301195053929 0
-1.1175043665773352 -1.5733296409264879 0
-1.0414770690427693 -1.5765118638133349 0
-0.9613596671153066 -1.5794383311481508 0
-0.8828790632666143 -1.5784099537142682 0
-0.8032957698920213 -1.5761511050111223 0
-0.7183766204684956 -1.5759571285287872 0
-0.6385218660166183 -1.5786517252132921 0
-0.5624047652183166 -1.5759211104857567 0
-0.4769257152493084 -1.5770835928864282 0
-0.40396610684551076 -1.5803012964378347 0
-0.32155756325589374 -1.5755387154232885 0
-0.2433234765086742 -1.5786656265234433 0
-0.15855447556819618 -1.5725817737208656 0
-0.08127141754215521 -1.5756525973987903 0
0.00014743866796949667 -1.5802767110537084 0
0.07863867529314902 -1.5793461798504536 0
0.15800657343260077 -1.5743018614110964 0
0.2414496206387284 -1.5801335258419698 0
0.31661900097679 -1.5746622755074817 0
0.39682567759156134 -1.577925549387357 0
0.4781547010260598 -1.580063577167842 0
0.5562493597911786 -1.579349430996987 0
0.6391946178300416 -1.5729920634340797 0
0.721107025008875 -1.5785252212968734 0
0.8014371534781944 -1.5782726437587349 0
0.880121904128086 -1.5778870877790665 0
0.9635893672771579 -1.5776428091118322 0
1.0424285024279945 -1.5753321655699697 0
1.1227466046289147 -1.5756124262995763 0
1.2029630798859046 -1.577220405408635 0
1.2814320215330506 -1.5754966119834146 0
1.36022186967585 -1.5759461894524447 0
1.44028609585368 -1.5773115435205824 0
1.5231865551006432 -1.575399874027767 0
1.6003929845770075 -1.5800301968240271 0
1.6800682249134697 -1.579060535490437 0
1.7577201857505578 -1.5769848111250886 0
1.8403676545631875 -1.5784584122121617 0
1.918167475041439 -1.5762205385552386 0
1.9997858725861355 -1.5772354094106218 0
2.0768300281611034 -1.5774738880497357 0
2.161235370098202 -1.5761081177518468 0
-2.1996419782903502 -1.5044291320784418 0
-2.118214695602217 -1.5057029630420318 0
-2.0437566907036873 -1.5087146533090783 0
-1.9585407014410372 -1.509933494764725 0
-1.8766922156465482 -1.5100442646563286 0
-1.7969670284493662 -1.5094495301182829 0
-1.717267281961382 -1.5043938395148293 0
-1.6413162823101826 -1.5040709379961887 0
-1.5627218576576947 -1.5043868008602792 0
-1.4809461236099526 -1.5076619361621957 0
-1.4030571217550813 -1.5063716348547853 0
-1.3218419534388013 -1.5058446425610812 0
-1.237604896447726 -1.5063502047910629 0
-1.1639345215238763 -1.5035609950642175 0
-1.0766425506582722 -1.5060361943986673 0
-1.000963949218572 -1.5066843668481538 0
-0.916937503451041 -1.5075034465400363 0
-0.8377662540416746 -1.5063912057696436 0
-0.7606217661931479 -1.503711464524678 0
-0.6807325527425926 -1.5063334439942253 0
-0.6035738056838998 -1.5074135660289447 0
-0.5237006861182404 -1.5055466140317704 0
-0.4439952780716309 -1.5108431524363304 0
-0.3631109950788385 -1.5100630777982809 0
-0.2799353730819703 -1.508329369773029 0
-0.20183277351958018 -1.5033106881266107 0
-0.1167280006427406 -1.5059407782566898 0
-0.037583304257755676 -1.504622010033103 0
0.037961387510748845 -1.5047133884880075 0
0.11791849297914116 -1.5066808244839334 0
0.198861736051559 -1.5099104033863904 0
0.28221483546737286 -1.503848943631229 0
0.35850958844556763 -1.5041415766864854 0
0.4387700487526351 -1.5059192340821763 0
0.5239663167535283 -1.505003111091937 0
0.5964453376899335 -1.5077006956316275 0
0.6790104260658466 -1.5088282226099432 0
0.7625290844047804 -1.507651515399147 0
0.841593922390822 -1.5061002278785325 0
0.9201519662823899 -1.5107314271948045 0
1.0013842819996774 -1.5040486122884729 0
1.0773775954570195 -1.5060377216190757 0
1.1598995147880562 -1.5084518003236969 0
1.2416834137512134 -1.5033780852433578 0
1.3161733174610288 -1.5040012309055204 0
1.3990659091253044 -1.50450889011764 0
1.477397691094711 -1.5054469442456486 0
1.5567975719123097 -1.5084947956444104 0
1.6437592694359446 -1.5059267529327771 0
1.7222761900828358 -1.5074892335315955 0
1.7997693357687918 -1.5072386758163916 0
1.8821852423347936 -1.5053936785125874 0
1.9575501448173518 -1.5076548418389648 0
2.0403361913633593 -1.5066082478099305 0
2.1234141675392664 -1.5044616995603914 0
2.197199049890753 -1.508170711217069 0
-2.1631282199741 -1.4416878541029874 0
-2.0834033123289735 -1.4404339203867857 0
-1.9978713825716365 -1.4365598732836644 0
-1.9176170321813262 -1.4395896173475233 0
-1.8427559118774959 -1.4341208425158323 0
-1.7573918006953162 -1.4343233881151747 0
-1.6838497034034474 -1.4387252648296258 0
-1.598929614263494 -1.4360090480280976 0
-1.5166987950665733 -1.4375957903158187 0
-1.440873660803339 -1.4418550525290121 0
-1.3575690940469818 -1.4340403812582334 0
-1.2767420284653366 -1.4365994966230187 0
-1.201260196288681 -1.4399844426178126 0
-1.1177998425044802 -1.4344142097209005 0
-1.0363173912667663 -1.4404927856408967 0
-0.9593171780096549 -1.4377926985202933 0
-0.8805805985787117 -1.435542439131394 0
-0.7965137409260474 -1.4361006460979262 0
-0.7183975531158432 -1.436372728520801 0
-0.6387715463639374 -1.4376036128066472 0
-0.5620166743756436 -1.4356618285208798 0
-0.4830472525020236 -1.4367465393225167 0
-0.4009041014856289 -1.4374179443371364 0
-0.3188685092440246 -1.4380662564319209 0
-0.23617524710187474 -1.439984100266537 0
-0.16390265333528228 -1.4342555807623518 0
-0.08150393822989296 -1.439673064040647 0
-0.0006755276223004991 -1.4371379108060303 0
0.08388891652594008 -1.436237447183608 0
0.15854656170431342 -1.4376201384590985 0
0.23958948397589194 -1.437884947759608 0
0.31934086558543545 -1.4405567017683878 0
0.3991638725220289 -1.438784931880613 0
0.47760575535865984 -1.4353622952840492 0
0.5588799273924938 -1.4406857535395177 0
0.6405349945592577 -1.4351388973796098 0
0.7222444885802838 -1.4369213225502397 0
0.8018483040547681 -1.4392087280503716 0
0.877141691640524 -1.43985756738558 0
0.9587948291530766 -1.439664574500873 0
1.0397420912393014 -1.4407053860164196 0
1.1170420942878017 -1.4398758537345404 0
1.1975720295352015 -1.4354840396604156 0
1.2803004545938028 -1.440310354886752 0
1.3594337368438307 -1.4349223201438712 0
1.4406208971821781 -1.4374663306506992 0
1.5191305445856766 -1.4403309451599202 0
1.601003240700647 -1.441280449411966 0
1.68228951958819 -1.441437445848253 0
1.7619707784894338 -1.4388366115151316 0
1.8414592914663226 -1.4371696014355302 0
1.917033405403655 -1.4375896278600906 0
1.9965933403925575 -1.4399678981700412 0
2.079053351291384 -1.4396122753210243 0
2.161294074816639 -1.434002967185827 0
-2.2 -1.3659068355842892 0
-2.1221992052615977 -1.3669409652655486 0
-2.041218237072699 -1.368332705757656 0
-1.963291333108289 -1.3659967866154594 0
-1.8823293188985957 -1.3689079903739994 0
-1.8016776336550393 -1.3661339887398682 0
-1.7192592421708681 -1.3676941328811512 0
-1.637962011489654 -1.3705764398595124 0
-1.5635340146391354 -1.3659871693772765 0
-1.4814751588010848 -1.366117443354132 0
-1.3963468846724438 -1.367582082380684 0
-1.3231736640863112 -1.3657837153206536 0
-1.2389325750120583 -1.3706484187190378 0
-1.1623370237645965 -1.368553841844534 0
-1.0830274732165253 -1.3653674517075243 0
-0.9983371024601357 -1.366061354917597 0
-0.9209294358098 -1.3652300819238998 0
-0.8429283618441885 -1.3668856119557655 0
-0.7619631678029857 -1.3725865593513666 0
-0.6830328682775131 -1.371003259996549 0
-0.5978932378552728 -1.3695912126892422 0
-0.5201437548670177 -1.367706957723006 0
-0.4418587170220789 -1.3675081436922927 0
-0.3586274245577695 -1.3652446591316485 0
-0.279977065430098 -1.3657733233715275 0
-0.1962579862312265 -1.3664644490474924 0
-0.12063046530493829 -1.3704397739862462 0
-0.04321814497296306 -1.365967397857822 0
0.03703680015722828 -1.3681395091793858 0
0.11963144575081959 -1.372256841013667 0
0.19771470215284445 -1.3660324397040775 0
0.2803092769278492 -1.3652204553673362 0
0.3632637918736624 -1.371863391910511 0
0.4414249344912824 -1.372274346936107 0
0.5193813325663664 -1.3690814128198396 0
0.6036549818619026 -1.367853072354222 0
0.6775200048594083 -1.3685376339118245 0
0.7601746310806597 -1.3710390156757646 0
0.8388778508102078 -1.365595655266425 0
0.9238517674062934 -1.3664006818334977 0
0.9965160120332859 -1.3653685989737874 0
1.0796676754977823 -1.3659431640530704 0
1.1574142389828725 -1.3714341351865895 0
1.2432532982789593 -1.3703314248432668 0
1.3163444434156013 -1.3686072267644127 0
1.4039245476642825 -1.36593162787479 0
1.4791703971083154 -1.3646710250528136 0
1.5623733615584208 -1.3658790854263285 0
1.641168855625468 -1.3694605617156321 0
1.7232456779093854 -1.3688505785877338 0
1.8034771373301197 -1.368198083800361 0
1.8832788597268917 -1.3687983611604562 0
1.9594145662966136 -1.367906153851954 0
2.0385384837266933 -1.3714204314384628 0
2.1207146595451682 -1.3658079089913087 0
2.1982222099939506 -1.3656954410699162 0
-2.157702968311854 -1.297128173198052 0
-2.0806789585118883 -1.2953435279292032 0
-1.997672974108241 -1.298728389692806 0
-1.9230919202544132 -1.298743056134019 0
-1.8438849503933834 -1.2961159105573932 0
-1.761306421939559 -1.3003868211531535 0
-1.679592934546801 -1.2982338678491088 0
-1.5993381834581994 -1.2994541783269575 0
-1.5189251580784464 -1.2965564419776512 0
-1.44043032483253 -1.2993329450411204 0
-1.3575172246370266 -1.3033063315074156 0
-1.2827143160158483 -1.3007333405869757 0
-1.2022885008963262 -1.2961655004745667 0
-1.1228142702228079 -1.3024704859486897 0
-1.0414623922785047 -1.2992644540291578 0
-0.9574281531357748 -1.2953683713941988 0
-0.8771850425446169 -1.2984628792656436 0
-0.8036991847925816 -1.3028258641375638 0
-0.7189541113825652 -1.2967745215892603 0
-0.6418759007600191 -1.2955798279877342 0
-0.5595969015786735 -1.2987434104683566 0
-0.4790510246703936 -1.3027342664648 0
-0.40263689488742366 -1.2958440416954584 0
-0.3218616382829072 -1.3026672357120415 0
-0.2417405684858065 -1.2975244106143118 0
-0.16189753143579666 -1.3016489267165234 0
-0.08178296478261332 -1.2994902071203587 0
0.0019003927416889888 -1.3009229963423437 0
0.08298807697360489 -1.2955265207044007 0
0.16257613095901377 -1.3027325765633224 0
0.23852366854784857 -1.2959272937473096 0
0.32287507519222325 -1.3022675537320887 0
0.39953779475773155 -1.3004220407003793 0
0.4819797573111825 -1.30310390292411 0
0.5585238157163559 -1.2973353433386265 0
0.6430949613783957 -1.3030085693051356 0
0.7207068274439608 -1.2980247116780688 0
0.8029833349302924 -1.2999369446400248 0
0.8837843974771012 -1.3017541737888616 0
0.9569181009285117 -1.3022932160387235 0
1.0406937902275468 -1.302354056064401 0
1.1181327744995555 -1.3017631668453635 0
1.1964423493362248 -1.2956345139344922 0
1.2786794030026827 -1.2956214539513358 0
1.3617858721229241 -1.3015754261532126 0
1.4434603734395146 -1.303258764074812 0
1.5238532385521377 -1.3030754651204182 0
1.5980265067755393 -1.298917922481909 0
1.676073422088032 -1.2972158855141842 0
1.7566772335484206 -1.2967968892822739 0
1.8362808348504214 -1.2991083183640157 0
1.9176754957701556 -1.3010234675137453 0
1.9999238753024275 -1.3003625562468297 0
2.079135840472248 -1.2981061362455268 0
2.15756193110909 -1.3018815701963058 0
-2.198524847947177 -1.231675844906115 0
-2.116536358500644 -1.2306416270324079 0
-2.0402078310630634 -1.233866185810594 0
-1.9638347557824831 -1.2332134050887018 0
-1.8789949752343915 -1.2287352004830863 0
-1.796382419535761 -1.2305917922914322 0
-1.7183386354695442 -1.2313027306550097 0
-1.6434075045200034 -1.230690064175875 0
-1.5583870053580868 -1.2276177571674272 0
-1.4763841312621846 -1.2273941642832675 0
-1.3994910848939162 -1.229648619889496 0
-1.3199912384834815 -1.2302306956248188 0
-1.238556067601539 -1.2294458974017257 0
-1.1571427053947447 -1.2304509545161775 0
-1.0802306007048263 -1.2273949133550848 0
-0.9985949098575474 -1.2298559397832327 0
-0.9194924279591477 -1.2276059153992762 0
-0.8391409439718897 -1.2319783445401444 0
-0.7615180543056331 -1.2292147080403826 0
-0.6836332152615837 -1.2303909368795318 0
-0.5968647451188841 -1.2321943973553076 0
-0.5204467516416822 -1.228455511060465 0
-0.4365959697761781 -1.2284813619815893 0
-0.3589933569941024 -1.2309803880492138 0
-0.28050112574969255 -1.228915972281491 0
-0.2011494408922477 -1.2277725774653134 0
-0.12393447504903063 -1.2280402068130196 0
-0.03806362592851941 -1.2316000272958918 0
0.0361196862652587 -1.2313462775718562 0
0.12071348654496407 -1.2277559711994992 0
0.20296292972861152 -1.2323830424673095 0
0.2766538946824454 -1.2330924587998584 0
0.36391238640671936 -1.2288880543030225 0
0.4370269187558324 -1.2285254257102918 0
0.5236758228188552 -1.2291920512668508 0
0.5978605767504697 -1.2263524315526342 0
0.681604427021124 -1.2325876737339665 0
0.7621297434423424 -1.2300181506382208 0
0.8405923439050177 -1.2311252498999412 0
0.9183500122057208 -1.2306880551577013 0
1.0002112178190377 -1.2303600036571698 0
1.0829301251684382 -1.2334579034440238 0
1.1575919144992652 -1.226551505964768 0
1.2408628645564448 -1.229111309450093 0
1.3210379995241495 -1.2321035866865313 0
1.3991574337708568 -1.2323703604522904 0
1.4772158658933692 -1.2261354496257635 0
1.5619505128692854 -1.2270184497575587 0
1.6360117058582702 -1.2284157799029576 0
1.718458096530692 -1.2300682619665224 0
1.8014020114032259 -1.2338020526728475 0
1.8789660745523566 -1.2296203839532087 0
1.9629950257421251 -1.229945892360098 0
2.0385406659209164 -1.229221461881178 0
2.120668895402302 -1.23171323765024 0
2.2 -1.2318425647317335 0
-2.1639096561168443 -1.1622837116308962 0
-2.083308553240377 -1.160834385451707 0
-1.9999908087718148 -1.1578077400004794 0
-1.9180167469594875 -1.158774491673234 0
-1.836082844619339 -1.162652091719433 0
-1.7610181152949085 -1.1629250584251465 0
-1.6831801054717948 -1.1606476824016174 0
-1.5999093727968299 -1.1637317160232934 0
-1.5166196718783185 -1.1569414880383748 0
-1.4434535533059691 -1.1647441474433586 0
-1.3635056216464674 -1.158915672084671 0
-1.277179828821359 -1.1642401826983988 0
-1.2039283016899305 -1.1604659423068988 0
-1.1213383089432032 -1.1646196122440096 0
-1.0439296060467345 -1.1630786404965254 0
-0.9623991216858471 -1.1624066103389143 0
-0.8795946739601186 -1.162758477877183 0
-0.8021318675766781 -1.1630835246249471 0
-0.7169039918148655 -1.1628607847747396 0
-0.6395573587000043 -1.161148448230634 0
-0.5613487603469679 -1.1615154341426948 0
-0.48387207004055127 -1.1632891326880395 0
-0.39887888746895345 -1.1586776166487134 0
-0.32225304143280437 -1.1633572786308126 0
-0.23675445927345554 -1.1639872736934849 0
-0.1576411164811935 -1.1577451002203842 0
-0.08282960939032925 -1.158105720318695 0
-0.0027995464664138485 -1.1644246597479522 0
0.07828986727963601 -1.16201492935462 0
0.16071632159288296 -1.1612293413797188 0
0.24234765638278746 -1.1594513803649187 0
0.3169535518322853 -1.1631505730755012 0
0.4019693034129358 -1.1638420343385987 0
0.48362108294882045 -1.1582770360900796 0
0.5577586926781176 -1.1624806241602577 0
0.6380169992761141 -1.1613867630478365 0
0.7179891171290032 -1.1645114113892063 0
0.7980141374924755 -1.1632111254775372 0
0.8787993934963486 -1.1611353973925749 0
0.9629944977118015 -1.1594930676936066 0
1.0409238578309088 -1.157853283309138 0
1.1190922675782073 -1.1613607642730341 0
1.1979559608001715 -1.1581278989062407 0
1.2830188855733693 -1.1574828839234645 0
1.3608394120126444 -1.1638588095203515 0
1.4365781493647645 -1.1583892394083093 0
1.5230837283299516 -1.160511364386183 0
1.6033661394102314 -1.1573233323532626 0
1.6820380086202376 -1.161805158833042 0
1.7596507355191926 -1.1619544428437723 0
1.8391683988546192 -1.1609989925357267 0
1.916136882982867 -1.1637507582761695 0
1.9973441252888569 -1.1602349941693995 0
2.082972874912532 -1.159078348954837 0
2.1571959612469036 -1.1611080439937482 0
-2.1989815664200645 -1.0944059548403082 0
-2.1233624891750424 -1.0905911765664416 0
-2.042116573014501 -1.090327023916721 0
-1.962627655131979 -1.0886402418452588 0
-1.8815220774366104 -1.0920606127410644 0
-1.7996002699522222 -1.0883966994734722 0
-1.716668980592047 -1.088729143741572 0
-1.638523872297058 -1.0949339808534444 0
-1.562505684466387 -1.0912106311421534 0
-1.4761189798088747 -1.0896783110647317 0
-1.402466691038044 -1.0926395054738423 0
-1.316300281204815 -1.0914255151908885 0
-1.2370374542262972 -1.0886235223026213 0
-1.1577458705005883 -1.090471150302467 0
-1.0786732522622033 -1.0927508664458405 0
-1.0030366785416227 -1.0878989965813017 0
-0.9237389574660625 -1.0933204034756396 0
-0.839088832276368 -1.0877680293562926 0
-0.7623186569176689 -1.093511727056829 0
-0.6772167364177465 -1.0928709547305033 0
-0.6007763575765883 -1.0926095617074234 0
-0.5236043726663739 -1.0879529077358647 0
-0.4384181570071904 -1.0954328759317324 0
-0.36322284495974644 -1.0944038500178128 0
-0.2810489059981016 -1.0883649069629115 0
-0.20287312280163952 -1.0936628710703737 0
-0.12150845083156807 -1.0914019279297558 0
-0.03679128254117881 -1.0911718253256644 0
0.04322843586584197 -1.091152066911098 0
0.1194569930352396 -1.0885157744743736 0
0.20064668205450448 -1.091687667251845 0
0.28009960912848497 -1.0926424433593596 0
0.35946481083658105 -1.0948942144469194 0
0.43764173091822495 -1.0893835109508578 0
0.5170686751468486 -1.093821495245815 0
0.5973087488106321 -1.0925844288479842 0
0.6763943053354826 -1.0926048476767987 0
0.7608775554440808 -1.0900636875931693 0
0.8429387747771387 -1.0947908617116189 0
0.9211505828294746 -1.0939169701696392 0
0.9987394007542731 -1.0908864483542327 0
1.082703626086448 -1.0901226143536804 0
1.1638823912697724 -1.0953438999644303 0
1.2385287219816237 -1.091644579985804 0
1.3162896447122845 -1.095068502387401 0
1.3989341782629463 -1.0910142154010358 0
1.4770841201834792 -1.0949410360271952 0
1.558550691584604 -1.0895553051990219 0
1.640537383834704 -1.0875130485231665 0
1.7208408336828795 -1.0883643171441257 0
1.800583112423992 -1.09164012264402 0
1.879324362567131 -1.0949155572021685 0
1.9565034492010611 -1.090220228109205 0
2.042873382528004 -1.095335097385255 0
2.117441813523082 -1.092867745576943 0
2.1985045474924148 -1.0888139126530734 0
-2.161980803497471 -1.0237557424538604 0
-2.0800993268241905 -1.0185989929037644 0
-2.001643880357602 -1.0211358158618287 0
-1.923611204915297 -1.0227539299673014 0
-1.8365822953216453 -1.024466211620724 0
-1.761148307098857 -1.0209722928179448 0
-1.679475668400875 -1.0215971984898808 0
-1.5991315783109723 -1.0208023585777601 0
-1.5214186886463872 -1.0233917214421218 0
-1.4408239505078282 -1.0220267545936372 0
-1.3594639866533051 -1.019213727721491 0
-1.280833310843569 -1.0226114693993842 0
-1.197338764460019 -1.0184368513609812 0
-1.1220568354703335 -1.0203620093882793 0
-1.042019105012477 -1.0202764883202544 0
-0.9636917811322598 -1.0221484231274864 0
-0.879440170438036 -1.0206087197669536 0
-0.7966637555050611 -1.019844688604502 0
-0.7194953563983305 -1.02222805279155 0
-0.6438941899904009 -1.0217841254840163 0
-0.559502204487877 -1.0202686361009106 0
-0.4826768155936373 -1.0214961588363514 0
-0.4035873392319249 -1.020398253439224 0
-0.3174271327046809 -1.0227032415928492 0
-0.23849851211041956 -1.0209069664355668 0
0.2373873985748744 -1.0222821113981377 0
0.31606701741075205 -1.0243337186847015 0
0.40301248267945267 -1.0257303014932155 0
0.48123544163486487 -1.0221291205962026 0
0.563900616014023 -1.0182566804215305 0
0.6369867288061867 -1.02410886241213 0
0.7239313494067969 -1.0235658992057604 0
0.7974438288095858 -1.018911268866025 0
0.8809377751666462 -1.023740188426176 0
0.9604350929085372 -1.0227861943765186 0
1.0396638793653519 -1.0217884581702836 0
1.1173582248997644 -1.0212806228896156 0
1.2036413498704919 -1.021469132453099 0
1.2822999973420337 -1.0239451641242165 0
1.3572367660809885 -1.0261539428548503 0
1.4438505510294715 -1.0252529534647148 0
1.519040118796421 -1.0209676648871964 0
1.6018767964350529 -1.0212603901298916 0
1.6795165013938786 -1.0196859806661422 0
1.7595388782837251 -1.0195230211695723 0
1.8364321987083656 -1.0204293672581668 0
1.9167783851944353 -1.0231049663545846 0
1.9995470997927882 -1.024749554089658 0
2.0795915869785526 -1.0193822957126701 0
2.1562912627808544 -1.024654106521252 0
-2.1961950759535775 -0.9533236875528291 0
-2.120882114154653 -0.9496222429948934 0
-2.0377930156137856 -0.9555352329395245 0
-1.959216911478443 -0.9554801798225132 0
-1.8777942357046866 -0.9524719565163884 0
-1.7976112816529435 -0.9564039987029557 0
-1.716575950112934 -0.9550849300642583 0
-1.637201748948157 -0.9533906385984015 0
-1.5568891966494272 -0.9561102837974005 0
-1.4835696540625596 -0.9531771122336635 0
-1.3965562535876406 -0.95320090711995 0
-1.319940225237845 -0.9556098826573707 0
-1.2396717400630841 -0.9535057596919043 0
-1.1568966879478952 -0.9509958086384844 0
-1.0801778988536879 -0.9557317793464128 0
-1.0028323610812457 -0.9491534323895812 0
-0.9191118723634782 -0.9551236383135042 0
-0.83751218235591 -0.9551944454664942 0
-0.7603680462450032 -0.9499060098125254 0
-0.6831727783263231 -0.9560998054774649 0
-0.6035793365565775 -0.9557097904377732 0
-0.521003746952997 -0.9543502544487115 0
-0.4417590197087511 -0.9568101164752892 0
0.4407383236765304 -0.9532226907107432 0
0.5198754589373478 -0.9537703122886938 0
0.6002900735680863 -0.955178340513261 0
0.6779281843028399 -0.9553221326243737 0
0.7607559046705644 -0.9549607837454668 0
0.8422450369787776 -0.9496810110723354 0
0.9220778151787243 -0.9542971684967795 0
1.0035410845297403 -0.954169152982181 0
1.0788925235629228 -0.9521611885784698 0
1.1612854154034158 -0.9536527094405596 0
1.242293327325719 -0.9500952154687362 0
1.3183088576142243 -0.9551266000965283 0
1.399179520666329 -0.951334552710893 0
1.4813585802777796 -0.9555184003991026 0
1.5591095823437764 -0.9497085467881111 0
1.64367923965157 -0.9520896177110061 0
1.7222409415611988 -0.9502049908390188 0
1.7977775432606877 -0.9563963684234466 0
1.8808908684444576 -0.9538458857104094 0
1.9616860199493915 -0.954573987208776 0
2.0394716988804316 -0.9504570896105506 0
2.116745981860672 -0.9536606833056582 0
2.1972259320087075 -0.9526545061879016 0
-2.158137834261777 -0.8797438880465576 0
-2.0779722584879194 -0.8864873802209331 0
-2.0005039510532887 -0.8833038737025866 0
-1.9188979108962807 -0.882034646159016 0
-1.8362135435773619 -0.8801037274407443 0
-1.7623315142277516 -0.8863743139178496 0
-1.6762397454060411 -0.8863572194368935 0
-1.5962541938336674 -0.8866826891406947 0
-1.5193203961538007 -0.8866023236027375 0
-1.4429296071618989 -0.8849707168942459 0
-1.3576500429670448 -0.8820232736429772 0
-1.2814618103149735 -0.88654468104813 0
-1.2011309866440794 -0.8862481776112322 0
-1.122119850534616 -0.8836657837643543 0
-1.0400902135947785 -0.8802604886272508 0
-0.9632819238821526 -0.8833782565681594 0
-0.8794815149309749 -0.886499226892428 0
-0.8011158824736585 -0.8865384232602278 0
-0.7168508600151383 -0.8848530511041364 0
-0.643481186009429 -0.883839983915477 0
-0.3184224497494681 -0.887304123958906 0
-0.2374425185609477 -0.8861262015428802 0
-0.15762172149980738 -0.8811340345032856 0
-0.07782813424724228 -0.8867601865976613 0
-0.0007977492015448029 -0.8868030063015776 0
0.08174903940739796 -0.8796888930821172 0
0.16018183295190289 -0.8824256692608239 0
0.24133645715001956 -0.8864996495357238 0
0.31897169301796247 -0.8848502114226776 0
0.5576475316402697 -0.8871190495772057 0
0.6379040138268448 -0.8874746058806943 0
0.721355694377039 -0.8839872978825458 0
0.8009331975245941 -0.8830993640733324 0
0.8764335275395104 -0.8811207802173986 0
0.9625509791688487 -0.8875806957824225 0
1.0394414824756661 -0.8813555926881926 0
1.1193235672791477 -0.8807630909908187 0
1.2015616297585734 -0.8823563483501646 0
1.2832461337098315 -0.8814097283646153 0
1.3606797324864557 -0.8872629761761426 0
1.4396357830839888 -0.8821314771590676 0
1.52018528922582 -0.882963494035974 0
1.5987948204944866 -0.8809118514510649 0
1.6779635076305668 -0.8825250733191828 0
1.7594940275520585 -0.8864514748937559 0
1.8361526154497516 -0.8866020286360892 0
1.9183057215824575 -0.8838624665128251 0
1.9962141197611738 -0.8871042917290988 0
2.082371282993532 -0.8797995104209596 0
2.159448065405599 -0.8838830815596708 0
-2.1991784431039507 -0.8175844031945049 0
-2.1196905284018492 -0.8129672099976074 0
-2.036445819950487 -0.8132140209765426 0
-1.9596407869487102 -0.8150783783502709 0
-1.876705422282348 -0.8141725560053675 0
-1.800179273436515 -0.8124891556761733 0
-1.720497080855561 -0.817821333381136 0
-1.639265341066662 -0.8114312410984255 0
-1.5610454922852304 -0.8175899504064975 0
-1.4831543012927164 -0.8111086955403161 0
-1.4031112795061085 -0.8131257420279464 0
-1.3232999418971785 -0.8142603981090887 0
-1.2367104572674734 -0.8164835815824598 0
-1.1615410164304036 -0.813468476932775 0
-1.0794122002465119 -0.8138754964146483 0
-1.0008637141211025 -0.8180321996858027 0
-0.9192381207925691 -0.8161452217605765 0
-0.8390366083098453 -0.8148562619409038 0
-0.7618510550910688 -0.8103930419614769 0
-0.6814269004002518 -0.8105909714582467 0
-0.4383508302904388 -0.8147150045906488 0
-0.35931865104497046 -0.8168986030479094 0
-0.2799202709213804 -0.8130898649308808 0
-0.19792193675237638 -0.8130269751585392 0
-0.12068969237871992 -0.8128773817535669 0
-0.03922502771625303 -0.8145401189924478 0
0.04104240889672547 -0.8159084607801976 0
0.11650533795315876 -0.8171766690767082 0
0.20378175740369237 -0.8112176834725269 0
0.28261627121923005 -0.8162859701459745 0
0.3627108198588676 -0.8120428823095444 0
0.44032968430991554 -0.8159354668030425 0
0.6795660290998017 -0.8125222280135321 0
0.7632839597061714 -0.8140234483708574 0
0.8370010230368967 -0.8105492005788905 0
0.9203018679738939 -0.8122023412874543 0
1.0009800956136172 -0.8178411607723829 0
1.0796957366039341 -0.8182635525529037 0
1.1581272002294578 -0.8106670670063566 0
1.2415316859496623 -0.8138338196487768 0
1.316896348959081 -0.8128774298686843 0
1.4008435622823094 -0.8132596522008345 0
1.4815066767080323 -0.8109361858288425 0
1.5595789081508822 -0.813471335605124 0
1.6402380874361835 -0.8136471635627885 0
1.7214347449567127 -0.8168556424727675 0
1.7964443659554203 -0.817428702112893 0
1.876341678745585 -0.8139186020031111 0
1.9584408718200321 -0.8120821804734166 0
2.0372951966245956 -0.8171578934506225 0
2.1229248538742853 -0.817641984537262 0
2.1988230725466136 -0.8128389534302735 0
-2.1594982931950506 -0.7469427600072138 0
-2.0829224275180156 -0.7444553748416548 0
-2.0020150383669404 -0.7422285960492911 0
-1.9218811771835773 -0.741612542742494 0
-1.8438259149532397 -0.7441899732307566 0
-1.7617412777636376 -0.7452804211062074 0
-1.680507864127129 -0.7426045035018812 0
-1.602517903136326 -0.7429349191315623 0
-1.5237276251357201 -0.7439834074920806 0
-1.437410613491689 -0.7456420462690799 0
-1.3572073854556956 -0.7462390592665066 0
-1.2811601884060124 -0.7417906181659402 0
-1.1960768204820815 -0.7427638336220814 0
-1.1221643298977755 -0.7415384246011 0
-1.0410757131536599 -0.7421360117462432 0
-0.9614249665251878 -0.7473361988468561 0
-0.8819383374360211 -0.7435498576760482 0
-0.7961635207709908 -0.7449097012585565 0
-0.5639853030161759 -0.7465798343795065 0
-0.4777877871517526 -0.7434665626645415 0
-0.3960313532365795 -0.7418918393065433 0
-0.31761422210140217 -0.7435609299692569 0
-0.24095560731514304 -0.7487972881856089 0
-0.15785468212470113 -0.7454208308670768 0
-0.07707999747846689 -0.7480230873024529 0
0.002857245593858591 -0.7439138513679877 0
0.08308901681280365 -0.7434670914570627 0
0.1594892378569185 -0.7449491516684152 0
0.23678685761981194 -0.7471374360561391 0
0.3205995358297788 -0.7476550721165685 0
0.3988679035131234 -0.7439318926900194 0
0.48075797674861603 -0.74192671896619 0
0.5594656335354048 -0.7446481687378825 0
0.7971318380490402 -0.7480596929687895 0
0.8783398346536537 -0.7441472816742459 0
0.9611082239207851 -0.7474647895272671 0
1.0381713286923637 -0.7443139212411305 0
1.118115036637111 -0.7424382078125794 0
1.1968527610496178 -0.7428163678615246 0
1.277224242422653 -0.7433637109013691 0
1.3622568178927714 -0.7415299561750589 0
1.4432166060613012 -0.7488814325529449 0
1.5212883106907154 -0.7417939714666995 0
1.6021622314078066 -0.7454438786284205 0
1.6820021879133413 -0.746804592833085 0
1.7624246705820958 -0.7458265926353028 0
1.8437672395932931 -0.7488541977651583 0
1.920661701424049 -0.7480377514431817 0
2.002129110369687 -0.7413133036792486 0
2.0799357086301793 -0.742346695430288 0
2.15786411473211 -0.7488521766969994 0
-2.197574125822672 -0.6765109361665662 0
-2.1233276626914828 -0.6744132449620809 0
-2.036791108104331 -0.6791249896130448 0
-1.9591136653995769 -0.6770143908417224 0
-1.8836604549844056 -0.6792095244051004 0
-1.8036372345933505 -0.6773416573211538 0
-1.721536939913585 -0.675495672676493 0
-1.6390340842987554 -0.6729918014825891 0
-1.5571501527566503 -0.6784262358630464 0
-1.4789788074877745 -0.672782018512677 0
-1.4020007316275045 -0.6749712149379693 0
-1.3160937982053582 -0.6747201847587306 0
-1.2383878691662735 -0.6773089852972504 0
-1.1560598621782048 -0.673143676966018 0
-1.0814179167917986 -0.6773809153104784 0
-1.0039616115297871 -0.6759460766778402 0
-0.9170127085055443 -0.6735159788012035 0
-0.842819575788242 -0.6778618664841866 0
-0.5995745627900968 -0.6724813082953784 0
-0.517163136015054 -0.6748246538612481 0
-0.4414704401262956 -0.6725285166099112 0
-0.3623117953444524 -0.6794858380307968 0
-0.2822719560622742 -0.6734747760246268 0
-0.19839453936240156 -0.6773088816557834 0
-0.1222414694594495 -0.6746972391450249 0
-0.03990785378315301 -0.6734425185547895 0
0.03956674708941565 -0.6791279065585645 0
0.11656363206048681 -0.6779480652755258 0
0.20018863251588132 -0.6740773335815305 0
0.2804490156446918 -0.6797170951621802 0
0.36362367327020223 -0.6761300008056589 0
0.44032274950204536 -0.6782576157458955 0
0.5179471132342691 -0.6780818564003948 0
0.6008516294535502 -0.672525867266738 0
0.8360840158836167 -0.6735474980577506 0
0.9238201611901105 -0.67945617340941 0
0.9966152980515761 -0.6761780527453205 0
1.0784338212081386 -0.6778222220752488 0
1.1629581575459877 -0.678250752627807 0
1.2375574149272708 -0.6725470216210924 0
1.3209854500053047 -0.6743069498625484 0
1.401346889613514 -0.6795889781468621 0
1.4838235310750387 -0.6795651758593281 0
1.5578192537326012 -0.6759935517225594 0
1.642700932653673 -0.6721996780105185 0
1.7160707286133745 -0.678688188372058 0
1.7961278180999318 -0.6786982971256431 0
1.883310034965078 -0.6791176487512564 0
1.9603132983005622 -0.6782365516204248 0
2.0360632980193967 -0.6775575980351861 0
2.1180715160958044 -0.6754529676225158 0
2.2 -0.6755545642674456 0
-2.1597337813695994 -0.6082816939400796 0
-2.082560448541656 -0.606678941703101 0
-2.0008482060949144 -0.6032995173066467 0
-1.9223338285967173 -0.6103081756025516 0
-1.8435866284462081 -0.6079760118140194 0
-1.7622490857053608 -0.6073380767182267 0
-1.676957891141866 -0.604687904973769 0
-1.5992528588488837 -0.6038577320375759 0
-1.516967417729807 -0.6099937663298174 0
-1.4384868830421915 -0.6094643869168607 0
-1.3607139098914909 -0.6073963625802289 0
-1.2818272142653553 -0.6101582068770833 0
-1.2024455842790478 -0.6048623307220237 0
-1.1163414081752558 -0.603236700335098 0
-1.0438169747631205 -0.6059567031204928 0
-0.9624742792525394 -0.6063462831632288 0
-0.8797313696213347 -0.6092141762934461 0
-0.7235790754760577 -0.6037848004558407 0
-0.6368906031082432 -0.6103944011936274 0
-0.557593085938756 -0.6038037091029205 0
-0.48368204351019195 -0.6058159915052073 0
-0.40020094895626857 -0.6091115086809006 0
-0.3174496167172133 -0.6059828231751009 0
-0.23750126423474707 -0.6030323200261183 0
-0.15624096465920215 -0.6052122959352927 0
-0.07701706205463775 -0.6100056725168239 0
-0.0012968073781673656 -0.6067145429058957 0
0.08009769360187503 -0.6075726899942415 0
0.16253589521992465 -0.6058546580027963 0
0.24277299689957618 -0.6069686744157833 0
0.32353416844630695 -0.6076663846838979 0
0.40394563483013324 -0.6059826706611086 0
0.47901781743182187 -0.6055482289970997 0
0.5568500537980121 -0.6050182267605848 0
0.640798718609215 -0.6040717306031352 0
0.7166055619732 -0.6071573743398077 0
0.8821009479439438 -0.603309958103716 0
0.9610055506615639 -0.6043999669682495 0
1.0435554082533252 -0.6068759896645529 0
1.5999141262620618 -0.6074433807813772 0
1.6836833695472033 -0.6084753339914499 0
1.7582941212212895 -0.6103148328424464 0
1.8366756904914743 -0.6055111290605444 0
1.9213016556013296 -0.608761980883688 0
2.001920703177512 -0.6091497629709016 0
2.0789757692455577 -0.6054193018289499 0
2.1622186624982183 -0.6068906305015906 0
-2.1975331326914964 -0.5374548129224913 0
-2.1186887153478624 -0.5345631605507162 0
-2.039498455256893 -0.53673101569542 0
-1.95653662540493 -0.5409590118077762 0
-1.883850060088709 -0.5409400455377149 0
-1.8015125236406138 -0.5369303173319969 0
-1.719056941347271 -0.5357801317553178 0
-1.6438636887398528 -0.5342401510454987 0
-1.5620997368784153 -0.53349182916155 0
-1.4812333378949751 -0.5344729728927952 0
-1.3982986731494746 -0.5410479172387326 0
-1.3199034950615065 -0.5380815745086508 0
-1.2360529221189434 -0.5393754047288598 0
-1.1608398844575405 -0.539837367772135 0
-1.0839624937502037 -0.5369240482740674 0
-0.9990393550678139 -0.539930760399498 0
-0.9172997878538046 -0.5394543134266002 0
-0.7562299196148734 -0.5377281540701365 0
-0.6772928795194277 -0.5363894162453194 0
-0.598280243135834 -0.5379469947759138 0
-0.5199089409455031 -0.5390562747038687 0
-0.44130400797338704 -0.533826840417439 0
-0.36337360581919576 -0.5345739090188224 0
-0.27800020114068136 -0.539935212755649 0
-0.20055546145675357 -0.5345488508201542 0
-0.1199294538630535 -0.5371687782154193 0
-0.03996976079803817 -0.5398558630369675 0
0.04392572536545926 -0.5352444807185832 0
0.11828457569825285 -0.5384526871066458 0
0.20166106649975038 -0.5342702844087633 0
0.2804119870887136 -0.5389403843322205 0
0.35887066534412987 -0.5368735830481552 0
0.44309069280126734 -0.5355998210772105 0
0.5178043492594202 -0.5410707417996288 0
0.6012595368070889 -0.5391248080489526 0
0.6830130725735315 -0.5399476060891656 0
0.763970384643674 -0.5348251234720298 0
0.9225658712675289 -0.5403471006801849 0
1.242282546521722 -0.5407680387516841 0
1.3164103479104807 -0.5374524590620777 0
1.4019336039806385 -0.5395682986348308 0
1.7166609338658592 -0.5346909499513582 0
1.7995310914254798 -0.538435280401404 0
1.8794190867204288 -0.5355577683091035 0
1.961824542149628 -0.5377445741127564 0
2.038132277499833 -0.5400243915586357 0
2.1164227537709674 -0.5335334860058509 0
2.2 -0.5406930113240255 0
-2.1592559185747446 -0.4641640256121511 0
-2.0793928431330504 -0.46418386764916214 0
-2.0028375232360287 -0.4661944728212411 0
-1.917269742690017 -0.47103248416847204 0
-1.8423653069450106 -0.46437586675513054 0
-1.7621348373676262 -0.46701699447125783 0
-1.6767059123738832 -0.46625867398267856 0
-1.5978155702231343 -0.4695568147463089 0
-1.5172036262900084 -0.4708427746770248 0
-1.4408003572567856 -0.46803592563221835 0
-1.3583686521184395 -0.4716764941162045 0
-1.2833984048948073 -0.46900420863590997 0
-1.2027547902933673 -0.46467185777701775 0
-1.1204506855899004 -0.4672352410656077 0
-1.0405908693911645 -0.465075076765094 0
-0.9565953086327336 -0.4647464917958876 0
-0.7977843103325815 -0.46460889259545995 0
-0.7195507421050756 -0.46818984362452093 0
-0.6425906530564527 -0.4718838967309817 0
-0.5638073699365048 -0.4697206040768787 0
-0.4782375664436482 -0.4687311332660255 0
-0.39966504928402646 -0.46977849630977664 0
-0.3162136070215726 -0.46458638899094945 0
-0.24188784595985435 -0.4688748011930874 0
-0.16315691246343828 -0.46878686010713316 0
-0.08206870430283683 -0.4661361885493047 0
-0.0014983385125156667 -0.4664620965623177 0
0.07621239868577911 -0.4662950318493817 0
0.16109863460399826 -0.46962590593680803 0
0.24216834197389056 -0.4650357063121693 0
0.32324624079566483 -0.46639331876168605 0
0.3995129370878463 -0.46727068557932866 0
0.4820962869842427 -0.46942312541740244 0
0.5630669466095599 -0.46565580344501023 0
0.6415547003713123 -0.46587717126076 0
0.716409529661165 -0.46544520889275864 0
0.7995730339797912 -0.46645742313577093 0
1.043955521636072 -0.47180913587993434 0
1.1233193047603551 -0.4657486675909445 0
1.2007651932482988 -0.46585118940295656 0
1.2787859105572448 -0.4687131740872941 0
1.356324849733303 -0.46452196285143293 0
1.4424585094622087 -0.4678177781546928 0
1.5209008515722118 -0.46535803537351894 0
1.763813824748731 -0.4698986726225222 0
1.841434788467581 -0.46571644738678025 0
1.9191263615214282 -0.46442715024048764 0
1.9992961928792792 -0.4707775080870701 0
2.0773631176622653 -0.468804218939848 0
2.163895630891678 -0.4646298624805419 0
-2.196803167345111 -0.39736176696149134 0
-2.119973357981768 -0.39752843484289263 0
-2.0391586103684713 -0.39502933496023723 0
-1.9608565825664703 -0.3995325482541942 0
-1.8781662042120981 -0.3962369260164469 0
-1.7980853960936864 -0.40139046315776894 0
-1.7189313829579331 -0.40051648200702644 0
-1.6418066497370698 -0.40062357274381627 0
-1.5639294384139621 -0.40171041856686346 0
-1.4786255566523177 -0.396299810513159 0
-1.4031450751740957 -0.395093577470116 0
-1.320273379132697 -0.39640749450579665 0
-1.2436678006515007 -0.40202770379018377 0
-1.157483638052244 -0.4018950300128686 0
-1.0837004501474479 -0.3974066590944631 0
-1.003649430617556 -0.3993476235528989 0
-0.837258997810014 -0.39538618923370156 0
-0.7561995149377552 -0.3977540048334652 0
-0.6774292812214204 -0.40139330542349283 0
-0.5994070195860062 -0.3956640267131401 0
-0.5170757683548566 -0.4012943955199682 0
-0.43737026145429936 -0.3994827532621313 0
-0.35990018041185273 -0.39628915059656605 0
-0.27865397225789007 -0.4000593451291383 0
-0.19715227824029566 -0.39522099107213304 0
-0.11753161407998158 -0.40226878551387857 0
-0.043878607463349595 -0.3980632694531859 0
0.03679540887180514 -0.4019701876389716 0
0.12296968225614666 -0.40228656881082525 0
0.1982493600576363 -0.40022721463375277 0
0.28346033690107864 -0.3950933283461294 0
0.3622766380461712 -0.3989980874179001 0
0.43693787335231327 -0.39495670055957016 0
0.5177877625409455 -0.39753785949437226 0
0.6022278502062337 -0.3985895059751708 0
0.6830840279308062 -0.3951558433506557 0
0.7589282925052533 -0.3969919730504689 0
0.9989858388455137 -0.39659142468918823 0
1.0776882773237522 -0.3952884952401956 0
1.1571269554828525 -0.4008833919549012 0
1.2409151580934186 -0.4008265911264548 0
1.3227196665693812 -0.39979653370017193 0
1.3970179498439075 -0.39731486888153744 0
1.4794195007622266 -0.39767591316343687 0
1.556895493999143 -0.40224302292185116 0
1.6383626747559001 -0.39854591603645795 0
1.8787761458311332 -0.39569679329268415 0
1.9639832033808335 -0.39648923606118 0
2.037124238874181 -0.39654961383917753 0
2.116723445267466 -0.3962710141985245 0
2.198208086496589 -0.4009131838364462 0
-2.1605909144636954 -0.33224747482557204 0
-2.0786650522089234 -0.3268000943779883 0
-1.998669104638622 -0.3270057109893253 0
-1.9227098538151146 -0.3312047809572349 0
-1.837300815957587 -0.3307729190808874 0
-1.7580244778840646 -0.3288500659443789 0
-1.6828053320031744 -0.3316144746816548 0
-1.5966137774299294 -0.32616968839985816 0
-1.5192323105015766 -0.3332575667724578 0
-1.4438657680803937 -0.3258832206058685 0
-1.3576107541814726 -0.327802169949831 0
-1.2819234793399126 -0.3261156556897051 0
-1.2034154848798428 -0.32788087882690825 0
-1.1184944561132244 -0.33042260813505486 0
-1.0374983050366484 -0.33186865804269156 0
-0.8812875568525093 -0.33074688983164086 0
-0.7976408715599547 -0.33064066587199986 0
-0.71929172016446 -0.32785621061686165 0
-0.6364380677102487 -0.3273532387675832 0
-0.5617931279079202 -0.33055904383090845 0
-0.4833997026128135 -0.3269505454775444 0
-0.3972424467541409 -0.3316008388462795 0
-0.32022389609331653 -0.3306160597768462 0
-0.24173747022646644 -0.333151032484277 0
-0.1592422825973563 -0.325781240562447 0
-0.0826316022502053 -0.3273515836294047 0
0.00218415825851191 -0.3291013984846245 0
0.08278443159424467 -0.32999869205471505 0
0.16096946603086953 -0.3328409768534332 0
0.23722175650185107 -0.32868887308301126 0
0.3227377731748002 -0.32959195304202965 0
0.4034687432285416 -0.32943510607594484 0
0.4792811158250139 -0.32711616391369386 0
0.5633651660779133 -0.32617721402668093 0
0.6412760910685543 -0.331665531698572 0
0.7184704036097826 -0.3289250354730638 0
0.8823037238799825 -0.33137634032336993 0
1.0370669437906985 -0.33071747101524634 0
1.1185693801171126 -0.33116198370922767 0
1.1984847429098144 -0.3260363077435952 0
1.2805980262335912 -0.32940739359968224 0
1.3581134282445717 -0.3310668729218712 0
1.4423945431051244 -0.3307129720892764 0
1.5171923046266376 -0.33028701340176797 0
1.6013868205810746 -0.3258592370188577 0
1.6826637784176155 -0.32942605507356415 0
1.923772222455181 -0.3308493469158897 0
2.000183226451017 -0.33094131801591864 0
2.0793241837498657 -0.3325146485425298 0
2.1609407713786455 -0.32777380820476826 0
-2.2 -0.26401982745595154 0
-2.1220685340985708 -0.26126852025607183 0
-2.0405235875286127 -0.2584041557678448 0
-1.9598374459097583 -0.26384169754509296 0
-1.8838477865664547 -0.26055448715862917 0
-1.8026522304479746 -0.25763746368734874 0
-1.7180322079491004 -0.2576698592415689 0
-1.6390651599270158 -0.2624274649026108 0
-1.557663134847352 -0.2617887354627898 0
-1.4826803476188217 -0.26379194595565786 0
-1.400876963623131 -0.2564632403441771 0
-1.3185266029889944 -0.25882321314478873 0
-1.240960019452103 -0.2606138739507142 0
-1.1567230794996102 -0.2561116713062833 0
-1.081331053112788 -0.2594001083540803 0
-0.837630707106928 -0.26086604994473367 0
-0.7587655264628329 -0.25786086254784374 0
-0.6821164163638866 -0.25652164530877747 0
-0.5961044417649622 -0.260220509707253 0
-0.5234222021816703 -0.2589870294592726 0
-0.4385719020131101 -0.26235774294137765 0
-0.3577763450740841 -0.2618477789058114 0
-0.28191943682546144 -0.263420693914643 0
-0.199048178598128 -0.2580550977830157 0
-0.11844557300599193 -0.26165929399462157 0
-0.04162158871954472 -0.26367173596491783 0
0.03740434866050495 -0.2620677283589129 0
0.11767039305723247 -0.26376593614713345 0
0.19919399723713618 -0.2640236228280334 0
0.2800262108026199 -0.2640812292771898 0
0.35905332460045114 -0.26332862690680037 0
0.4372955768464695 -0.25852856753204434 0
0.5165809835299747 -0.2578596721979465 0
0.6014434285508099 -0.258976554541497 0
0.6802462125162339 -0.25832569991542975 0
0.8361429286999531 -0.2640692650275165 0
1.076427052899566 -0.25676404798483565 0
1.159166395166703 -0.2607878956594902 0
1.2372734359039113 -0.2633704893734537 0
1.3196154733622087 -0.25974782714373906 0
1.4028174111644 -0.2587862768534108 0
1.4775344665948746 -0.25933644798992983 0
1.562566294931686 -0.26212383974698167 0
1.638339686907498 -0.26204086774362784 0
1.7237771636672334 -0.2629260874476097 0
1.9577513233287809 -0.257225624243399 0
2.040296790698873 -0.26392740641535706 0
2.1177487142846387 -0.2627532928059942 0
2.1985765513312607 -0.26280067117226386 0
-2.1588380694369778 -0.18995312427128438 0
-2.0808969305001646 -0.19276094137317162 0
-1.9989182502471619 -0.19181692945668302 0
-1.9178561803678864 -0.18790944783922897 0
-1.8382432791294419 -0.18730806920270748 0
-1.7615891378551083 -0.18801198468367852 0
-1.6807544031275055 -0.18795769605858836 0
-1.59906066494 -0.1925283550070838 0
-1.5217578336715618 -0.18796494577700257 0
-1.4401335264672177 -0.19359978623438878 0
-1.3593592489149222 -0.19368908319494546 0
-1.283510548527703 -0.1927393587778787 0
-1.1977997778359875 -0.19315563962098828 0
-1.1170922119434172 -0.1944989750817082 0
-1.0413031904194618 -0.1947868557073873 0
-0.8777247625928264 -0.1882962376547856 0
-0.796737757299461 -0.19143195481533345 0
-0.7210669648687391 -0.189952557818479 0
-0.640112368001929 -0.19327244640895555 0
-0.5605395634256617 -0.1916884284439136 0
-0.47688877593898055 -0.19417387372474193 0
-0.39818540339701936 -0.1891731020603273 0
-0.3166882629772813 -0.1902735861875954 0
-0.23835749188768834 -0.19383625257930756 0
-0.157010922707533 -0.19440556952712398 0
-0.07913572977774921 -0.1939195874926372 0
-0.0021664719069583935 -0.18932042309734795 0
0.07906926221686006 -0.1893320087707186 0
0.15776082376357045 -0.19405430998210305 0
0.23877495672244692 -0.1907751237484129 0
0.32247829072295564 -0.18789000313440554 0
0.39902726016228185 -0.1872796737259084 0
0.4805059854960781 -0.1933472156498396 0
0.560029158365633 -0.1893821053948007 0
0.6421039142686932 -0.19386506216046964 0
0.7960392347199872 -0.19253736115463924 0
0.8826575430759556 -0.19438572049500522 0
1.0370194456617456 -0.18907756852131596 0
1.1207154175292275 -0.19267361123728918 0
1.202482878335162 -0.1942374460752311 0
1.2775466988636397 -0.18870586734012673 0
1.3608162442694156 -0.19308831818174177 0
1.4391406376088303 -0.188034671992248 0
1.5173849435212152 -0.19430552334725482 0
1.599988061919378 -0.19318977927688114 0
1.6814603488535662 -0.19286486006339473 0
1.7575142826801615 -0.18991074033332864 0
1.9237298007050312 -0.18688833893678256 0
2.0020125908764874 -0.1902284405276877 0
2.078977361976482 -0.19419011686073812 0
2.160226224319862 -0.19338673975090317 0
-2.199464436085838 -0.12207066782400351 0
-2.1195454822231956 -0.12093339982156454 0
-2.0395197943913503 -0.11811875891714455 0
-1.9595687614924295 -0.12459876813506729 0
-1.8769247767069646 -0.11960643748655314 0
-1.8010582030282076 -0.12198895773027792 0
-1.7195020747810332 -0.12240496669998507 0
-1.6386427602429856 -0.11755415880367857 0
-1.563581369890821 -0.11819883317245557 0
-1.476079648711247 -0.11863518866967981 0
-1.4002930648826648 -0.12023302533692616 0
-1.3202667183534547 -0.1225533151494831 0
-1.242750129553237 -0.12393118855861979 0
-1.1601821062841442 -0.12328168752987474 0
-1.0823355695529593 -0.12066677909556847 0
-0.9232954244222548 -0.12372323544529602 0
-0.8406046660833328 -0.1238254529511967 0
-0.7573040737330506 -0.12160145177925451 0
-0.6835065592899521 -0.12390697684854851 0
-0.598410931703244 -0.12306715747023053 0
-0.5216048240887318 -0.12385297314538692 0
-0.44390010303264127 -0.1194726849600274 0
-0.3613953230130836 -0.12358708283206958 0
-0.28315794538446554 -0.1214959210205097 0
-0.1980898279319893 -0.11796241462040523 0
-0.11653885484729554 -0.12540105555156544 0
-0.04003223288492607 -0.12165671251786916 0
0.04039386587489108 -0.12212691200388967 0
0.12342056105407549 -0.12078758212714966 0
0.19948746212656418 -0.11783697777351804 0
0.2801430955528254 -0.1254740686161061 0
0.3610163199927321 -0.11781832494068065 0
0.4412251710822418 -0.12394117548965954 0
0.5227061230728366 -0.1252529723140696 0
0.602776533181145 -0.12446005664422177 0
0.8400317974914305 -0.12000095993507655 0
0.9200994401051661 -0.12497134884802118 0
1.0789329980737294 -0.12523788354404003 0
1.1592748192680207 -0.1178343958050001 0
1.2436311208723587 -0.12418832825984366 0
1.3175767622309995 -0.1177243724741608 0
1.3987086396004222 -0.1199706875581939 0
1.483431566803303 -0.11893252761911301 0
1.562434655831586 -0.12063774666527453 0
1.6424620452824756 -0.1236571976167982 0
1.7232329778615703 -0.1238346639781851 0
1.7969861108642453 -0.1193817162252132 0
1.9609852424451937 -0.12482717986924445 0
2.0402265597969587 -0.12411076764314777 0
2.120326010291603 -0.12226095434485945 0
2.1971222091209026 -0.12118692911193768 0
-2.1576683014072224 -0.05053868784659312 0
-2.0828785010981763 -0.048766307509022146 0
-1.996544158235439 -0.05338739847044523 0
-1.9161776876599899 -0.05473299356554837 0
-1.8407978328786125 -0.0495293180623732 0
-1.7633125506723806 -0.05310238056795875 0
-1.6839215287396245 -0.05456441841627849 0
-1.601151550687882 -0.04958483149459357 0
-1.5189975364203765 -0.05549800710817596 0
-1.437627811441307 -0.05018509589811619 0
-1.3615464533746129 -0.0548706775289501 0
-1.2781210832616172 -0.0487564332256903 0
-1.2022459979209685 -0.053617237112334466 0
-1.1213406767718894 -0.04852126295732164 0
-0.8762730274371199 -0.055963116526769774 0
-0.797618935728452 -0.05205362328084914 0
-0.7168782516556073 -0.04854580516832502 0
-0.6382566779470161 -0.05425775309721679 0
-0.5567167919358922 -0.05616209150187332 0
-0.4760964371709983 -0.052950552578050085 0
-0.4018402281517743 -0.04919291093452108 0
-0.32001227718359027 -0.05317101765620104 0
-0.24155801691458695 -0.05290327265962203 0
-0.16201442663494275 -0.05211345104487298 0
-0.08051219579177972 -0.05414513941158815 0
-0.003953377318034423 -0.05504465122765562 0
0.08224908074587321 -0.05058815529971102 0
0.16338976531856064 -0.05506384457765067 0
0.2434120549546333 -0.04915888359455926 0
0.31880065358147464 -0.04862099305813098 0
0.4038705382900604 -0.049492009700610524 0
0.4804553413775025 -0.04928847394695808 0
0.557234757720954 -0.05519501047537971 0
0.6371107979781151 -0.05069899407248532 0
0.7970948158268918 -0.049173832212705174 0
0.8830253449747842 -0.05523940756877723 0
1.1171628535211413 -0.04957580448747 0
1.1965100750802926 -0.05260745574990787 0
1.281732052530814 -0.05054435174889032 0
1.3584753191283114 -0.05518759822112444 0
1.4394086791131255 -0.05337692025214072 0
1.5195833803623806 -0.05391799881363722 0
1.5998015062323594 -0.04846195232866891 0
1.676063834983796 -0.054417511974186296 0
1.7627926423581308 -0.0522611866717954 0
1.8422713466887195 -0.055623786012818296 0
2.002289733030649 -0.05429339034177351 0
2.081693648838524 -0.04981928701829216 0
2.161875947691008 -0.04861848872186464 0
-2.2 0.019842087056525643 0
-2.119058602078152 0.014491705198068363 0
-2.04225447546473 0.01374967488523093 0
-1.9567798863698334 0.01566805884741173 0
-1.8812246777959973 0.014001010091652614 0
-1.7975752818050688 0.017474831630250806 0
-1.7223625603718427 0.019386860022171618 0
-1.639708740326883 0.019366432331187938 0
-1.558353161985706 0.016475839863134056 0
-1.4811490337882602 0.020167588100352338 0
-1.4025512644280207 0.013838081058731657 0
-1.3171303484329744 0.018524370102158072 0
-1.2365937737528516 0.017910262922814123 0
-1.1560058504667234 0.016476203072801142 0
-1.083492712612886 0.01835271508857512 0
-0.9210530446421163 0.01563599157475989 0
-0.8398669917809591 0.01781411756544605 0
-0.7634344206935045 0.020170937717272668 0
-0.6812189039274011 0.018923094158816323 0
-0.6012272973839472 0.013980047407209241 0
-0.5213657147879187 0.014827206346205865 0
-0.4415669369452674 0.01837034699591404 0
-0.3585717868125476 0.01455711483190699 0
-0.27835755309409077 0.017953319051256657 0
-0.20270154673792948 0.017665514940240108 0
-0.12354441076543572 0.018309942585518272 0
-0.041874131879921186 0.017740087551189807 0
0.04350176401017301 0.018675695910088615 0
0.12046562114072933 0.017584032505865495 0
0.1979824984032313 0.016773226143392765 0
0.2764366093957954 0.01696783646337494 0
0.363745511076442 0.017049433284124088 0
0.4419531856403006 0.02024677697912454 0
0.5205274279378121 0.014063730673705876 0
0.6039209569511756 0.017096258749171915 0
0.761785858506002 0.019800204393582797 0
0.8402566933942242 0.014505925396418155 0
0.9216501914980425 0.014541306293734457 0
1.0802152261451745 0.018222345769664597 0
1.1604666716703758 0.014346741102855864 0
1.2378778270483484 0.014782201083740289 0
1.3200834215004855 0.020734518685957187 0
1.4012450859639274 0.01990037412299615 0
1.4767220219253638 0.013222696467391607 0
1.5603568198839681 0.014861813482902398 0
1.638660628735259 0.01887285028287016 0
1.7167501511726282 0.020052552614576107 0
1.7993009838077783 0.017775564519373295 0
1.9613862594639229 0.013327610094821727 0
2.0410934583732168 0.015516147644712083 0
2.1184017665192503 0.020669217904499257 0
2.2 0.015479497634564235 0
-2.160920434744211 0.08466423762608659 0
-2.0830407818803165 0.0899343185510106 0
-1.9987931279533306 0.08802291366825268 0
-1.92060812454977 0.08397559890621577 0
-1.8389536268705475 0.0842720937088201 0
-1.7566923484760002 0.08986677257231229 0
-1.6762562546526887 0.08402581389932876 0
-1.6016314230390958 0.08920605855709184 0
-1.5202792962970493 0.08677341348105809 0
-1.4382889398032765 0.08399043006607666 0
-1.360297315157862 0.08297526819645024 0
-1.283753228361977 0.09005399809817967 0
-1.198223408103389 0.08728208612830944 0
-1.122361208038314 0.08466918911163016 0
-0.8808423412814731 0.08905735303806636 0
-0.7981762800536731 0.0840777482809156 0
-0.7166264189187487 0.08241981552532293 0
-0.6418530589655558 0.08625494762367168 0
-0.5564954239216445 0.0851234699613116 0
-0.48312447013895565 0.08808713288003235 0
-0.39863989146052625 0.0832663179439273 0
-0.318487079176515 0.08541153208439858 0
-0.24063120686640233 0.08983235074190443 0
-0.1573413749232309 0.09012490589720326 0
-0.07838312526445092 0.08539923083072833 0
-0.001011581568383133 0.0834408063444912 0
0.07654376762480564 0.08640105969714454 0
0.15727800905972414 0.08696430750083632 0
0.2376970305299532 0.08632904207703007 0
0.3231844887567888 0.08602971441214843 0
0.40339673413694227 0.08471473323889957 0
0.47707806480056203 0.08796559082907812 0
0.559469643413467 0.08765625954448991 0
0.6406296578851377 0.0857928938965593 0
0.8039306597870736 0.08393360287692658 0
0.8796890569077236 0.08944617795525141 0
1.1229443111684227 0.0828336620668798 0
1.2035387666419286 0.08588887830772322 0
1.2814558836625334 0.08945956961769626 0
1.3601510837073765 0.08887026306068446 0
1.4427092682854479 0.0863793663001118 0
1.5232894272995126 0.08429310510223915 0
1.5972560972722967 0.08797181113636196 0
1.6825933974533167 0.08560123385783548 0
1.756241693775289 0.08574141936623875 0
1.8378028557977675 0.08288234231118603 0
1.9990359170314889 0.08868084915748824 0
2.0777591251309 0.08713759010119003 0
2.1581467450861886 0.08457760658565261 0
-2.2 0.15752537612612072 0
-2.1217465662515935 0.1569536713730749 0
-2.038492023860294 0.15602242054816304 0
-1.9587028048190378 0.15704426690738693 0
-1.8832210844221045 0.1577695865323387 0
-1.7998530536003445 0.15810531185574783 0
-1.7231126706644369 0.15204923633795187 0
-1.6388274977017516 0.15404707934583353 0
-1.5561201806668408 0.15403903973818117 0
-1.4803905671220137 0.1543422578336365 0
-1.399529306791569 0.15329002193103125 0
-1.316317111089871 0.1537798427037555 0
-1.2366440529652283 0.1594679609435643 0
-1.1612941929963005 0.15812368508624985 0
-1.0768285864773135 0.15187410255949982 0
-0.9212883896331439 0.15801625214750858 0
-0.8426606169764426 0.15180763847066175 0
-0.756254512175006 0.1517301626718992 0
-0.6788970337144897 0.15614028098233318 0
-0.6006371669447839 0.15819847594392783 0
-0.5174697628158288 0.15178352690492658 0
-0.4390551747972249 0.15845721823929276 0
-0.36088712924085825 0.15258511329839766 0
-0.27940623572054524 0.15172096068322172 0
-0.20093036084834479 0.15558339972405577 0
-0.1222817242530683 0.15627270307246943 0
-0.03737845007123105 0.15536547137417292 0
0.040338361222696524 0.15310349692690345 0
0.1160670363382767 0.1553642424815292 0
0.1980043983717158 0.15663946752746294 0
0.27680472251273286 0.15520932304081655 0
0.360130687433191 0.15785893615551644 0
0.4364162929594062 0.15870287404906155 0
0.5172311966961758 0.15893520871812833 0
0.6024943166241756 0.15871142924731796 0
0.838649780142303 0.15687120124214982 0
0.9229624600972015 0.1532172228050537 0
1.078643193946542 0.15224189362089688 0
1.1619753497119252 0.15393486844749307 0
1.2406668772073308 0.15211563288026278 0
1.3205203064358975 0.15810062770953087 0
1.3995564515224774 0.15450172673711451 0
1.482157237210122 0.15579014583330208 0
1.5597997119312812 0.15298383469314292 0
1.6414307824929613 0.1582209515250154 0
1.7160026930674996 0.15405694684358856 0
1.8012129241609236 0.15278919956240733 0
1.9579511663865976 0.15524866814068566 0
2.0371042555025096 0.1588337379576319 0
2.120051590058092 0.15470570455268165 0
2.2 0.15756826929702059 0
-2.159646101834989 0.22604147855546924 0
-2.078548103053147 0.2243603616148874 0
-2.001759000272901 0.22187419550720808 0
-1.9186982822300318 0.22389528246019133 0
-1.8363728852312005 0.22306590210142613 0
-1.7577390400683597 0.2243923281668436 0
-1.6827589322983332 0.22399366454021963 0
-1.5989786514044324 0.22625802625669814 0
-1.5212198867971862 0.22267846571489147 0
-1.4427510127254903 0.22561313855381102 0
-1.358561183835932 0.22807959323865828 0
-1.280082196477871 0.22351745613417418 0
-1.197610214316767 0.22595215017033055 0
-1.1181986104918717 0.2213868272805668 0
-1.0374133693803609 0.22401826870938774 0
-0.8839982263531623 0.22111153011600188 0
-0.8033996393789511 0.22156968629705426 0
-0.7171098815124575 0.22525820722770773 0
-0.6435081642741926 0.22886165356863286 0
-0.5605540935195853 0.22632670631760496 0
-0.47870136768204036 0.2237144659984529 0
-0.3973944680877835 0.22860694774025517 0
-0.3207218292903813 0.22370579053734335 0
-0.2406180431574153 0.22752482774937266 0
-0.15998262155516046 0.22168368692280163 0
-0.08391787696453898 0.2261598392269874 0
-0.0028143299575008663 0.22700510097068236 0
0.08079778758961009 0.22255996664656896 0
0.15654537164374874 0.22622865659492486 0
0.23728185143801103 0.22871752071787238 0
0.32010987210415015 0.2234875950145932 0
0.40243324816202675 0.2258125260159367 0
0.4812692141717883 0.22718260570370075 0
0.5596188198955265 0.22122210994175517 0
0.6372750867464807 0.22880127842455436 0
0.7971835719497303 0.2217245268472425 0
0.8780520951023492 0.22610468740163125 0
1.0399925263638408 0.22824799813377117 0
1.1170472628644468 0.2280607869154593 0
1.2011425699498395 0.22275883402454616 0
1.28214171234841 0.22227047994279994 0
1.360735551692064 0.22455205470939013 0
1.436859386980738 0.22836862617708356 0
1.517564726088506 0.22379591714335523 0
1.6010944696170457 0.22303207677580744 0
1.676757901017704 0.2232739330179991 0
1.7590142454401128 0.2273263788508276 0
1.9171146741090843 0.22748704779837214 0
2.0038864738067255 0.22873650075799196 0
2.0783949382616993 0.22167466342164655 0
2.1621123470788426 0.22439148548722754 0
-2.1988799681810534 0.2909354280276969 0
-2.116287411998986 0.29331601664540347 0
-2.036275645158191 0.29021469288580914 0
-1.9616490403000082 0.29390793946454197 0
-1.8810476370942506 0.2918277234745029 0
-1.7961576821880805 0.2945381977499732 0
-1.7165059741020467 0.2943049837816075 0
-1.6377104085365315 0.2952878807943601 0
-1.5628976696471772 0.29573927294855745 0
-1.4780190076113615 0.2958879632000591 0
-1.4000693040950383 0.29054228939344906 0
-1.3173590580156476 0.2979018177036009 0
-1.243466144460694 0.2904940674457164 0
-1.1605445034306603 0.2960488742261999 0
-1.0804050420855427 0.2966993456782806 0
-0.8410311898565757 0.2917818311469837 0
-0.7567173391770423 0.2922294879062811 0
-0.6773876071017483 0.29429791079764683 0
-0.5980848938758224 0.2964528216006412 0
-0.5169350365152913 0.29685987772004363 0
-0.4413792065320556 0.29682785123872796 0
-0.3570467261828285 0.295288646952274 0
-0.28241217613571934 0.29803384636408714 0
-0.19760873628649822 0.2932267788790296 0
-0.12157591402630988 0.296670041582093 0
-0.03872281081800509 0.2931485033642611 0
0.0432548146386549 0.29807294762558295 0
0.12142839079446666 0.29680540515735465 0
0.20077290488943092 0.2925927622451855 0
0.2823885000148992 0.2957550912593096 0
0.3630478301057097 0.2929366077048443 0
0.44350949264493056 0.29571183708957344 0
0.522003725492337 0.2968930352648438 0
0.5996410447823626 0.2968661959605531 0
0.6831279453702186 0.2979204718630813 0
0.837931234250768 0.29173135998668737 0
1.0766581940673117 0.29781142055366444 0
1.1603758701357485 0.29656149130422893 0
1.2426234554394213 0.29298213883224855 0
1.321622204743152 0.2961049477949891 0
1.398632256744595 0.2975502664695323 0
1.48305555724708 0.29024112480731773 0
1.5628364626237323 0.29324793674614785 0
1.6436592971845485 0.29062082461787025 0
1.7227426388121427 0.29424597892299553 0
1.8826740059676723 0.29357970045691506 0
1.9596456066120758 0.2972249165537601 0
2.0427246775336667 0.2919146065839122 0
2.120091970326974 0.2933607965290119 0
2.1975348688551635 0.29176442520517654 0
-2.163105657064144 0.36077319314036793 0
-2.0806266248484957 0.3614584573216518 0
-1.99819833248084 0.36017759341973543 0
-1.9220821629940048 0.36712867970374236 0
-1.8394353941753652 0.3609064619754703 0
-1.7574303371056543 0.3595705004364028 0
-1.6815576292568295 0.360543493333287 0
-1.6007079664446935 0.36317219545915735 0
-1.5166708561331081 0.36339973191972125 0
-1.436806300966878 0.3670993558544353 0
-1.36364242247421 0.36028323475088936 0
-1.277516175107206 0.3617880957912491 0
-1.2002930936749316 0.36467362936958786 0
-1.1205819198600981 0.3663693061062998 0
-1.0437867433512011 0.3615351532999197 0
-0.8761120101507923 0.3596647779372444 0
-0.7996491514411606 0.3611815437806278 0
-0.7180700219811704 0.3607464262966476 0
-0.6380496600620225 0.3635918746999418 0
-0.5562974606666974 0.36006971924785025 0
-0.4798118902745402 0.3667181987093723 0
-0.3998322414122213 0.3628414723438392 0
-0.31661161764688445 0.3660659160646582 0
-0.23774654790994376 0.3626850678036596 0
-0.1613781582903438 0.36169119217417517 0
-0.07621026900084583 0.36005648257940537 0
-0.002919131397127679 0.3644951735730783 0
0.08306737965149069 0.36726698637666044 0
0.16087064490288408 0.3663176366449602 0
0.2389099846768338 0.36355838525613776 0
0.32215049772596505 0.3608335910327347 0
0.40161857987241795 0.362832298676063 0
0.4763637675687423 0.3622837357248972 0
0.5619273948487897 0.3658319856057808 0
0.6414774881155003 0.36522183247002854 0
0.7189600479562399 0.3619158884472738 0
1.037062297266756 0.36325748581620976 0
1.1210959758102013 0.3649866323565209 0
1.1994174024439344 0.3640561050401102 0
1.2808419473796209 0.3617885239979928 0
1.3624431658085168 0.36219243475199697 0
1.4370511744884766 0.360594949769594 0
1.5211863370356216 0.3632296425616579 0
1.6027597532362456 0.3664502753549975 0
1.677861550410575 0.3656756752118565 0
1.8439647985318437 0.36079488245832625 0
1.9193599631563174 0.3627143908863927 0
1.9981582695973379 0.36437022858352197 0
2.0828451251778297 0.363273650244627 0
2.1566480260390755 0.361536802255571 0
-2.19824440953774 0.43239226833493344 0
-2.123634953056145 0.4307419488581843 0
-2.0397583018452203 0.4312933192798903 0
-1.9623522092857557 0.4317673808866202 0
-1.883113102329689 0.4358120642698289 0
-1.8014291520033063 0.43246937038872524 0
-1.7198323096156471 0.43231006286338913 0
-1.6366263805910375 0.429952503246539 0
-1.5600480951164926 0.429964247144388 0
-1.4835134431606876 0.43435332442319174 0
-1.4013245963070537 0.4346391596213666 0
-1.3200953681892558 0.4290127794863756 0
-1.2433562331071744 0.4289307240674724 0
-1.1593958401489246 0.43195513156528387 0
-1.0816668696852862 0.43111913928950113 0
-1.0005452412158267 0.4356369633203214 0
-0.8380329850150541 0.4296805419589401 0
-0.7610257695297016 0.43529035896397383 0
-0.6823740009669871 0.4345195690605107 0
-0.6031301473615966 0.4352364210784626 0
-0.5219335873116882 0.4307812936142511 0
-0.4362828401724013 0.42960048962628467 0
-0.3568018384301202 0.43107644452533384 0
-0.28176285944147494 0.4298726828253012 0
-0.2035389501390203 0.4317479910049085 0
-0.12044468576198948 0.4312215720807203 0
-0.04394464415422053 0.43584587959609794 0
0.04273986264865138 0.43375056713834814 0
0.11709117426357156 0.42991698169536974 0
0.19988169234191697 0.4300918959183768 0
0.2782518572416594 0.4304712551483453 0
0.3621557187854785 0.43406347558825914 0
0.43765969131079346 0.4363017629878879 0
0.520830902901559 0.4350625915553121 0
0.6013692312644231 0.43242481525113163 0
0.6797578153231846 0.4321349044555606 0
0.7565460757597031 0.43625562858536665 0
1.0017188036855236 0.43271622978229723 0
1.078647053607855 0.43596576541486104 0
1.156547812569079 0.43086370380307487 0
1.2430708886078907 0.4324658776572934 0
1.3197238530840625 0.4293580466663727 0
1.4007755356001939 0.43454289664706097 0
1.4827075775650267 0.4296248628780227 0
1.5605707489137448 0.43524459874028665 0
1.6431370186457948 0.42946258851944547 0
1.7990583336410677 0.43210698906699346 0
1.8818652861450267 0.43046319661822763 0
1.957172932744254 0.4331956339744481 0
2.0409395889110855 0.4361981596110162 0
2.11681139415991 0.4338804286180565 0
2.1969948465035554 0.43338123299638165 0
-2.158852172292807 0.5013333164043899 0
-2.080843724067532 0.5013100581460493 0
-1.997419258782392 0.5047962900565266 0
-1.9203911194026353 0.5039523238186933 0
-1.8405132174532008 0.5015242428796043 0
-1.7590195268067932 0.5028652093865318 0
-1.6803421827194445 0.5018241317878238 0
-1.5971060165103668 0.5006556090657203 0
-1.5189844246607644 0.4991282220419898 0
-1.4361783610785683 0.4983474669292155 0
-1.3577566682723246 0.49933110769759875 0
-1.2787282173016292 0.49803537014190474 0
-1.2013846719063557 0.49832881956049846 0
-1.1206250471807047 0.5029518282186407 0
-1.0438615591268934 0.5023949418780522 0
-0.9607860874460858 0.5049792921727453 0
-0.8020788048525765 0.5049986131867554 0
-0.7201113805383833 0.5011234343989773 0
-0.6414888518972213 0.500306895628078 0
-0.5628861703533823 0.5025280753067084 0
-0.48288027032887854 0.49912980439596816 0
-0.4028338074333402 0.49989484461285083 0
-0.31684680128969706 0.4995862375828469 0
-0.24375467062995348 0.5055976995731736 0
-0.1600825500154925 0.5057591303043156 0
-0.0776990448615644 0.501756788627112 0
-0.0005752542894447322 0.4980032046799125 0
0.07936033719150645 0.49990785070301963 0
0.15903206907682407 0.504865209334868 0
0.24095181190587192 0.505537923077135 0
0.322149599583495 0.5048248212309867 0
0.39686998854915284 0.502105243890725 0
0.48258025925318637 0.504214934019038 0
0.5625532507446745 0.5014269975356246 0
0.6370337378313281 0.5021679399071616 0
0.720541582039972 0.5040981997357054 0
0.7989392197878311 0.5051788553447011 0
1.11953519400148 0.5013742393581334 0
1.2014101108018462 0.5015125168043006 0
1.279013013692902 0.49822475024893254 0
1.3563832466499732 0.5019030742930872 0
1.4385809802271992 0.49984739760951974 0
1.5161565070360854 0.49861579670578243 0
1.7619293394678086 0.49860389130099997 0
1.8410268007683224 0.5040521376194431 0
1.9232369145568424 0.505951814710775 0
1.9974950814386039 0.4983473520828487 0
2.0811894741322714 0.5023494160880865 0
2.1632458852799648 0.5027616859621751 0
-2.1974221259209084 0.5673697802302865 0
-2.1202388746053704 0.5688688921743001 0
-2.042547904771193 0.5678578780739725 0
-1.9564347523350387 0.5704141922664061 0
-1.8776238141730277 0.5734732343600963 0
-1.7975357739437154 0.5697004271887125 0
-1.7178575528156228 0.5709178945054058 0
-1.6365233347178623 0.5727260622731151 0
-1.5568174297921247 0.5749084132480935 0
-1.481140998267912 0.5701356029941246 0
-1.4039770752316532 0.5739427998085386 0
-1.3190592531571201 0.5685967248646375 0
-1.2390206341072463 0.5748243395551577 0
-1.1565946675904566 0.5752092169905079 0
-1.0813047224674848 0.5692859522298704 0
-1.0039744550660146 0.5684286572742545 0
-0.9219418638817596 0.5722958558492204 0
-0.7588144732095983 0.5741414893240497 0
-0.6817236926423049 0.5714691041854165 0
-0.596688275716178 0.5681594578767354 0
-0.5233761158821824 0.5684783609715137 0
-0.44237605011785314 0.5687067775356944 0
-0.36375018099333273 0.5685361866154492 0
-0.2804801509408909 0.5698461852397763 0
-0.20042671742327678 0.5712971054821965 0
-0.11834129313904387 0.5719103809964429 0
-0.03623323419431331 0.5748397086483374 0
0.043190105355739694 0.5714565029468952 0
0.11794599092684308 0.5708989121571088 0
0.19993299914775936 0.5713929946308475 0
0.2835174963540783 0.5726446093200395 0
0.3634883800046257 0.5684884344195371 0
0.4411194412958493 0.5694021830920448 0
0.5161459273669632 0.5673154216055059 0
0.5989660090507203 0.5687539292305023 0
0.6786180496906676 0.5676199447826484 0
0.7562356997884163 0.5692628242685039 0
0.9217757591961767 0.5746073400459761 0
1.6389582694817237 0.568257666890566 0
1.7226539834497812 0.570164186860054 0
1.7979949068162624 0.5695499379197573 0
1.883068603808472 0.5723140215159459 0
1.9624752937501735 0.5682776819105971 0
2.0373391784856025 0.570533738893493 0
2.1197113545504638 0.5683738533417766 0
2.1975754678151267 0.5679162015870731 0
-2.1634183245670138 0.6377948647096537 0
-2.0820487819954616 0.6389749964839528 0
-1.9991857745342518 0.6445540137934438 0
-1.9194123365348534 0.6403950780161283 0
-1.8409092929293316 0.6374323382523245 0
-1.7587206960702175 0.6401976247332276 0
-1.6787265921891976 0.6397208511377098 0
-1.6023013832219557 0.6392312668759758 0
-1.52279763283567 0.6387108712601322 0
-1.4363809060074488 0.6381303258681175 0
-1.3592163125845709 0.6439700146922192 0
-1.2807805465301407 0.6391388424731743 0
-1.2031404773216767 0.6376240408753361 0
-1.1165744519011143 0.6403264101735194 0
-1.0414035486838702 0.6369085587507058 0
-0.9583249544824137 0.6376364354377108 0
-0.880008438854851 0.64259971473024 0
-0.6430491796152276 0.6391056505786055 0
-0.5612667983584 0.6381348757811414 0
-0.4830276895252604 0.6398881402352614 0
-0.40063626791358053 0.6376276279012076 0
-0.31743752625398247 0.6372740289709647 0
-0.24089106219832765 0.6396506260927625 0
-0.1608488011154113 0.6415104835698135 0
-0.07986997745057421 0.6413809375465268 0
0.0018574351463797889 0.6373092585276844 0
0.08372361407792855 0.6407496732226052 0
0.16203474485660932 0.6381597323918758 0
0.2397837453710246 0.6427362276952707 0
0.3185410459788189 0.6410224952890828 0
0.4029795802836933 0.6407907667224527 0
0.48019230346918257 0.6421562320644969 0
0.5633727652866745 0.6386474397408052 0
0.643794878088308 0.6424873053953715 0
0.8816504899548026 0.6397953903834517 0
0.9564293502859953 0.6372163180916142 0
1.0435146840550924 0.6371994563088875 0
1.1232225648365735 0.6438740981662352 0
1.2008867406654127 0.6418391001929696 0
1.4433798943907516 0.6384959171621166 0
1.5192790351591932 0.642583036397436 0
1.6014685069870753 0.6397720076429408 0
1.6839784037308079 0.6369345650434837 0
1.7575036664347574 0.6377440779162329 0
1.8387121354453193 0.6440710333861668 0
1.9239314044060098 0.6427308966256696 0
1.9993651294143555 0.6439976097862136 0
2.078659692398491 0.6408596794671123 0
2.161738339862909 0.6393573560127188 0
-2.198341197226245 0.7131749527123248 0
-2.1211963067096984 0.7120400994180036 0
-2.043429504381117 0.7131054226794027 0
-1.960255950920087 0.7087002653385883 0
-1.876333751358463 0.7065845672893307 0
-1.7998764498948778 0.7134830111047372 0
-1.720980405761138 0.7079482647949398 0
-1.6403375364263715 0.7111637124041161 0
-1.5618906498131975 0.713396231169217 0
-1.4766756693712355 0.7121201018784853 0
-1.3997789978765063 0.7092352526272678 0
-1.3221086799587345 0.7086548178744462 0
-1.2402740888712163 0.7084965985809126 0
-1.1598434398917794 0.7059379347778169 0
-1.0775480728317433 0.711918039825976 0
-0.9977058888261537 0.706637195851915 0
-0.9218188297530883 0.7076371678746874 0
-0.8394808159360629 0.7135463974274032 0
-0.6008901813309306 0.708671976719153 0
-0.5187061294427691 0.7126019714932905 0
-0.4365318929212583 0.7091156903814566 0
-0.35992717908261646 0.7095115866243068 0
-0.2835738265452658 0.7103004353336125 0
-0.19805937955918065 0.7132023159877862 0
-0.12230019501286601 0.7103030349494216 0
-0.03763566548403988 0.7074455936230644 0
0.038231475537529126 0.7091824116473683 0
0.12144191166794319 0.7126278640332425 0
0.19833888673668412 0.7106845475257801 0
0.28369285815848716 0.7134579507726007 0
0.36260373604847906 0.7091489625239996 0
0.4416021705985011 0.7096981547080236 0
0.5201173544508999 0.7087180857099913 0
0.6039394520860002 0.7118472847986659 0
0.8367259948368507 0.712920759454347 0
0.9195302823265055 0.7065299850643978 0
0.9997675044575032 0.7121938034951454 0
1.0763997536983627 0.7097988413180131 0
1.1615157271918177 0.7093339568195245 0
1.2383552944070897 0.7107038852254552 0
1.3203536339779933 0.7067970817574071 0
1.4031407172138273 0.7126782458330809 0
1.480272042963444 0.7132032132177328 0
1.5609395963767316 0.7061132915884162 0
1.6435339444600983 0.7111783181296004 0
1.717212058058718 0.7060198847770803 0
1.802015054400395 0.7088922810112533 0
1.8770599770148684 0.7112070200204701 0
1.9604407088639633 0.7124498645835614 0
2.0408174605833658 0.7094488044693837 0
2.11862298865359 0.7137794768001755 0
2.2 0.7063578249572099 0
-2.156068515067777 0.7812104968413303 0
-2.0819826580384135 0.7813932246615535 0
-1.9988022855125278 0.7801545389889823 0
-1.917027181082647 0.7775439110880773 0
-1.8374660332667807 0.7796629927549956 0
-1.7609762917749214 0.7829050062579109 0
-1.6833948179092446 0.7798288202386472 0
-1.597257743701726 0.7756280288397102 0
-1.5171218677848284 0.7793426477626378 0
-1.439574329325463 0.777615727042159 0
-1.3578575302939075 0.7762772411449439 0
-1.280118452690679 0.77806830920153 0
-1.1996187299420538 0.7767783059088406 0
-1.1196639543899949 0.7752404234752481 0
-1.038996721407044 0.7798406457025844 0
-0.9628478550823002 0.7776567617940371 0
-0.8804679754213884 0.7818059696367131 0
-0.7960669743741435 0.7798619459291763 0
-0.7177241997198176 0.778089802788778 0
-0.48332906341422477 0.776853192903284 0
-0.40221711270531807 0.7800043149442046 0
-0.3212203369755513 0.7785937436005785 0
-0.23787793529307608 0.7758962152696736 0
-0.16376599104536957 0.776994915243136 0
-0.07883083109071774 0.7770478138807514 0
0.0034243599892082935 0.7793593138600982 0
0.08039209849143254 0.7792081750774567 0
0.15649217649104166 0.7802250317531492 0
0.24069147228522186 0.7808033446527631 0
0.31867047583261143 0.7822367545620768 0
0.39938986160586576 0.7812814884951537 0
0.4760118772156801 0.7797771353470088 0
0.7189270626254023 0.7817143359096229 0
0.797746815407688 0.7803984618346747 0
0.8824068234555761 0.7770752312837241 0
0.9631346816814863 0.7798208728600611 0
1.0393227504235787 0.7781633414102794 0
1.1173686365237336 0.7818024795699309 0
1.2025379965679106 0.776789749096585 0
1.276459182577798 0.7763062016741117 0
1.359144315219542 0.7780100448884287 0
1.4434942831748339 0.7812398151602441 0
1.5173490172721982 0.7822688082809142 0
1.6036869412553296 0.7828022648230795 0
1.6799983267103644 0.7802882756094547 0
1.7632571363119767 0.7765894128601656 0
1.8439802770484108 0.777431015452502 0
1.9187980232502537 0.7770661960632416 0
2.001636883022992 0.7809792732637151 0
2.0778302826077413 0.7768694257100676 0
2.16395789264832 0.7815779001036225 0
-2.2 0.8509087683969425 0
-2.1183736776816326 0.8478514088850903 0
-2.036473245151299 0.8503044190200773 0
-1.9617603802254036 0.8517012735710321 0
-1.8811221405957426 0.8506730877655276 0
-1.8000788061094706 0.8476966283170773 0
-1.7223846391762185 0.8485177644263064 0
-1.6397627405048671 0.8469339303963025 0
-1.562139667855344 0.8487274465618334 0
-1.4806128768847435 0.8487613577851421 0
-1.3979083503832412 0.8518515379647614 0
-1.3198993088375977 0.8492169432282031 0
-1.2432430877211156 0.8460304730534602 0
-1.1608742890233608 0.848770867684012 0
-1.0823119582276213 0.8486137689817137 0
-0.9980358943635033 0.8501372785303963 0
-0.9171733174018805 0.8492358715184107 0
-0.8379811591282934 0.8495301338381458 0
-0.7631584577336079 0.8494973461556096 0
-0.6785763471268469 0.846761063423709 0
-0.362028678956279 0.8459319451461007 0
-0.27715972744065664 0.8450931499121015 0
-0.198542305384867 0.8503352793553065 0
-0.12006093277683828 0.8464570844651464 0
-0.043731339875674013 0.8475610543063821 0
0.03921223473084259 0.8481236091469542 0
0.117634560230646 0.8466927182590099 0
0.19785886223024085 0.8455534356162598 0
0.2786940842067554 0.8514025437593569 0
0.36298308680920693 0.8487320215606852 0
0.6785057216441216 0.8462279224631024 0
0.759154776391998 0.8503655381960181 0
0.8363053373443079 0.8506337792367716 0
0.9223938169942395 0.8498594955823702 0
1.0012758061066742 0.8455003020875631 0
1.0788127138543586 0.8455603543315813 0
1.1600052744668026 0.847985417824696 0
1.2391927860528649 0.8522792445989708 0
1.3193335886785846 0.851337681298509 0
1.3985478834551093 0.8460642169644682 0
1.4790905153280711 0.84760886904932 0
1.56008212849807 0.8451308358680508 0
1.6410997679512629 0.8521455089540804 0
1.7169006318532618 0.8509071620624953 0
1.7990404021094784 0.8453035685615176 0
1.8821702016304478 0.8521581404524546 0
1.9618057476182453 0.8508152614716555 0
2.0427551649665023 0.8509699592701371 0
2.119734407709355 0.8482729369690827 0
2.1966547302104136 0.850442545172393 0
-2.1567497547058534 0.9213240116154957 0
-2.076417511727507 0.9173679013216496 0
-1.9979579548537778 0.9167612710598274 0
-1.9172030229731316 0.9152017649058415 0
-1.8435093502199527 0.915265006559025 0
-1.7617573648246678 0.91512068381021 0
-1.680020639985476 0.9196350453884737 0
-1.5997785715212065 0.9210121564180594 0
-1.5227580568079746 0.9137726480151193 0
-1.4415392317522275 0.9192435372993316 0
-1.3625242598862823 0.9138830993878938 0
-1.2816846872859957 0.9208691596956196 0
-1.2017186432398688 0.9150573779179112 0
-1.1216131244938083 0.9177604379080095 0
-1.0376421979185246 0.9190297352738329 0
-0.9570738209599294 0.9172798413292269 0
-0.8823083524400921 0.9152464687529344 0
-0.8035831569906556 0.9185384658682172 0
-0.7213781106489587 0.916542979268001 0
-0.6409350771445828 0.9140445407912899 0
-0.5608370178885239 0.9149493590174274 0
-0.23623492135884622 0.9178149655192115 0
-0.15662735977531658 0.9154329495776472 0
-0.07965032117761635 0.9156230239402056 0
0.002404091338447173 0.9141972874850539 0
0.07791922749621524 0.9212616991462101 0
0.1602803210556762 0.9174014764252972 0
0.23867563454087654 0.9215064514426178 0
0.5604851703458419 0.9167133587595251 0
0.6429900318140687 0.9190706967832284 0
0.7224250451171831 0.919274503459286 0
0.797947263040706 0.9175646040251514 0
0.8787206239320328 0.9172526755996315 0
0.9566299219103933 0.9205697122729701 0
1.0437278078507641 0.9212320199679637 0
1.1172579664073008 0.9141149813035298 0
1.199779988660914 0.9205233574324694 0
1.2808776991915611 0.918839199692842 0
1.3563404102817576 0.913969604779359 0
1.4434795479758462 0.9175100822865098 0
1.519669280995005 0.9174276156170665 0
1.5994345507170487 0.9169377832400395 0
1.6768298977758131 0.9159705924456053 0
1.757841111303869 0.9145353574758164 0
1.8394360346151333 0.9190063419395051 0
1.9232486051616553 0.9197264694025434 0
2.0023720601166857 0.9161442421026926 0
2.081048261729856 0.91480206305293 0
2.158503583537776 0.9161825824162543 0
-2.199303992060476 0.990860391199911 0
-2.1237151009263386 0.9845468290401064 0
-2.0402835493980227 0.9887618418112607 0
-1.9572761770766383 0.984755004431 0
-1.883973034363198 0.990449091620587 0
-1.8031128585896183 0.9863853383671656 0
-1.7219814366077115 0.9840935960029509 0
-1.6384001813739644 0.9870113447291324 0
-1.5610026657711689 0.9857206009069086 0
-1.476748215485871 0.989894980039894 0
-1.403580501588101 0.9896966033573166 0
-1.3226924903630457 0.9848091849971058 0
-1.2401584263942866 0.9879483732636217 0
-1.1596326320530066 0.9838493121253314 0
-1.0761589343010518 0.9890607786033802 0
-0.9990971582258303 0.9907580336051783 0
-0.9160181795261757 0.987686964190541 0
-0.8405181331938194 0.9880889806631762 0
-0.7580701102576783 0.9832217363848655 0
-0.6784060738960528 0.9868076995752341 0
-0.5992022986687097 0.984033132249388 0
-0.5236437259972524 0.9872777091539248 0
-0.4415874916068293 0.9894303391784168 0
-0.3562447043663876 0.9875502912725895 0
0.3621872724314813 0.9853221299734076 0
0.4433859476734243 0.9886265052944512 0
0.5229339447715057 0.9897493904684949 0
0.6013846211187271 0.987216834345566 0
0.6832767749158973 0.9845663032958436 0
0.7605736980188708 0.9871565474274837 0
0.8382877394596374 0.9874158074420153 0
0.9178066823835395 0.9882207221290668 0
0.9971625340390708 0.9887255146562456 0
1.0810490706928049 0.990656638978703 0
1.1610658845866653 0.9886483238259249 0
1.2408463389836706 0.9891972509700523 0
1.321335589106133 0.9906926418453967 0
1.403077981770091 0.9890889394800653 0
1.4764053081284483 0.983585275593555 0
1.5622736242032969 0.9901756274165421 0
1.637501469905116 0.9896846625105747 0
1.7160393264781075 0.9863806046067126 0
1.7979671550430074 0.9902134684955276 0
1.8769005890112878 0.9859678466450205 0
1.962748773266057 0.9877803712367668 0
2.0428369786370277 0.9871603501024547 0
2.1167518973198343 0.9855203338358256 0
2.2 0.9867149693310695 0
-2.156035082793016 1.0567490012412109 0
-2.0805358544678527 1.0570660073231404 0
-2.000992038010415 1.0550092099334438 0
-1.9216542634229794 1.0554425470247581 0
-1.8363201471326227 1.0552092866645997 0
-1.7572625568472322 1.0555168322404704 0
-1.6805732620604439 1.0596347233465477 0
-1.5984735880407648 1.0549003586005405 0
-1.5228717773263567 1.0595650283659341 0
-1.441491666689277 1.0584302254041456 0
-1.3569194814344936 1.0552365790298819 0
-1.281099643306158 1.052896297234994 0
-1.1979850206742415 1.0533097155239084 0
-1.1188385176093092 1.0525454539300043 0
-1.0428679848283884 1.0581185945175176 0
-0.9618839457432662 1.052579999125436 0
-0.8829788359321775 1.05417496590886 0
-0.7961312276742573 1.053941940622475 0
-0.7227404023740343 1.0538483774028187 0
-0.6410202773730949 1.054744845766568 0
-0.5592512497196572 1.0559366193743203 0
-0.4794070924414262 1.058124493031176 0
-0.398984385244737 1.0525085993573073 0
-0.3228729279986474 1.0575334837925405 0
-0.2398962895420466 1.0539559185853613 0
-0.15681337797219494 1.0570775384600026 0
-0.07980467767860028 1.056364440564403 0
0.003317756052771108 1.0579331783027774 0
0.08185928388050329 1.0577948215602706 0
0.16047175517326592 1.0559800612434633 0
0.24063676098700462 1.0594916589623458 0
0.32051996876854105 1.0531061116695444 0
0.39840031690771843 1.0584945259435525 0
0.4779005347559435 1.0539001884766246 0
0.5574329696688743 1.0582749312472937 0
0.6420266492259576 1.059373760159806 0
0.7210640972929472 1.0588691965396877 0
0.7978488984443031 1.0573926325878344 0
0.8799026542231384 1.0577761358091669 0
0.9632487681294756 1.0534821418651292 0
1.0437283204043593 1.057282008545723 0
1.116933012508342 1.0558149550489804 0
1.20137113827592 1.0599098593074143 0
1.2824442125249749 1.057355392874243 0
1.3621681211029653 1.0542493906103438 0
1.4431844454576923 1.053642947973883 0
1.5208714260738418 1.0528012662695192 0
1.6028680053542816 1.052947606115838 0
1.6826535080826897 1.0578306021893147 0
1.7601606312988056 1.0546714198813905 0
1.8413912894207038 1.0566125387227894 0
1.9211063802277657 1.0547787798409032 0
1.997178662180027 1.0562556055455408 0
2.0816001650172633 1.0536367556567867 0
2.1622012602701473 1.0571839761175592 0
-2.2 1.1220905381527777 0
-2.119681943991122 1.1289095927397992 0
-2.043615819294089 1.1284658555933917 0
-1.9588169127301867 1.125808143643608 0
-1.880323179456327 1.1260722707692854 0
-1.7961800050930472 1.1216787996093007 0
-1.7211528351635559 1.1221804541192966 0
-1.6434850143686015 1.1229544152109237 0
-1.5594116675255087 1.126153852688374 0
-1.4824508241671783 1.126895371831316 0
-1.3964481913951308 1.1254298979349793 0
-1.3212168554351578 1.1284000578560411 0
-1.2367147060141872 1.1254635169498348 0
-1.163176117019672 1.128448716522047 0
-1.0796775198173432 1.1229520941311406 0
-0.9966893549377419 1.1223160161590158 0
-0.9216003080553805 1.1287444320516247 0
-0.8390335125853708 1.1261091244049446 0
-0.7597004879449991 1.1261444663482885 0
-0.6793523239321465 1.1250556007432313 0
-0.5979447197016302 1.1250512104735475 0
-0.5177163222485203 1.1257989988834867 0
-0.43928459995094127 1.123969011126324 0
-0.3618434869697932 1.1282412023823187 0
-0.277378333886432 1.1294422784254847 0
-0.20372877749394425 1.1284907849303853 0
-0.1182668031376584 1.1254545267208391 0
-0.03645156838571431 1.1281001821256849 0
0.041842193177854724 1.1272752832003727 0
0.12133145280256089 1.1291806974120078 0
0.20062281163271742 1.1250236196882808 0
0.27795176615658723 1.1258617501243648 0
0.3565833850742698 1.1269310967634174 0
0.4380303378726339 1.1269932860519842 0
0.5221434961101494 1.1242487205547669 0
0.6033374769245657 1.1245889490541647 0
0.6770516056562501 1.1293092203066657 0
0.7585924219764646 1.124792089174168 0
0.8366500123447101 1.1261957058226355 0
0.923801209809539 1.1250133904569795 0
0.9991524758080067 1.1261041617435659 0
1.0821674785173223 1.1264708490972395 0
1.1620558478908538 1.1226038124113065 0
1.2427802835928001 1.1295076334742093 0
1.3161432848549965 1.1266806463735284 0
1.3964290840617997 1.1250637296673223 0
1.4787676554629203 1.1280884432098743 0
1.5586127492769546 1.127959934030534 0
1.6415879401365274 1.1292244124173774 0
1.7218060613537276 1.126518003605543 0
1.797714009801235 1.1231385126298656 0
1.8791139389474376 1.1277271010480088 0
1.9616679072047989 1.1237693247595266 0
2.0372924949705733 1.1268973557637765 0
2.1221326225174355 1.1263999311290684 0
2.196562563748903 1.1264840597432813 0
-2.159433483267224 1.195174161804364 0
-2.0820504280867813 1.1948167976959179 0
-2.0004005495008443 1.1951793148171677 0
-1.923097507316038 1.198584686034798 0
-1.8414022676037682 1.1965367754718288 0
-1.7609811179291133 1.1926132329567427 0
-1.6832333914765814 1.1944254396844678 0
-1.6031044358704722 1.1969387269222735 0
-1.516065342338313 1.1928337654369399 0
-1.439886087182799 1.1932388986988767 0
-1.3638410953084399 1.1956552722488403 0
-1.2785493995668507 1.1938942669330082 0
-1.2005499026088287 1.194832208205376 0
-1.1204100154001766 1.1946258250556583 0
-1.0419478707069458 1.1967262166195871 0
-0.9577059001004418 1.195435763168843 0
-0.8834565926370422 1.191797652850171 0
-0.8009260511437646 1.1917673656994576 0
-0.7218607003463378 1.1976371696165096 0
-0.6432637152347398 1.1935731096462834 0
-0.5608637439026645 1.1962183779908744 0
-0.47650408503536573 1.196790468807405 0
-0.39884370577696393 1.1959503230100759 0
-0.3207988945220451 1.1929110077411582 0
-0.23859740386057765 1.1939026558819532 0
-0.16387545581379306 1.1962330174145341 0
-0.07970008175785943 1.1914056622237903 0
-0.0007670788640067505 1.1916777896340445 0
0.08217310426767514 1.1981096289274396 0
0.16364279888374542 1.1945146675377536 0
0.2392339764615819 1.1940693585686295 0
0.316205653178713 1.1930654652878387 0
0.40220985722801605 1.19471063160855 0
0.479347497351812 1.1970347301273467 0
0.5574088334288417 1.1923319570873412 0
0.6390101879135434 1.1930905155023506 0
0.7234470108725389 1.1984458898503711 0
0.8003823221947106 1.1941252754308822 0
0.8771692973653664 1.1986834469086922 0
0.9583767529749699 1.196020238551699 0
1.0406812842066702 1.1910704648415578 0
1.120187631566968 1.1931710806062539 0
1.1999006102136847 1.1983169873604846 0
1.2819222141881592 1.1970468630749167 0
1.3620187891480626 1.193885973702914 0
1.4416203944462658 1.19476400682429 0
1.5225164301067093 1.197074660019585 0
1.5993597317358828 1.193179427804094 0
1.683049461784907 1.1935957572133629 0
1.7587383035529187 1.1927779945964194 0
1.8435487225705998 1.1975113912995672 0
1.91675443564874 1.1920559025144544 0
1.9985276812608828 1.195559058357852 0
2.083996896004624 1.1946117643281298 0
2.159080122088054 1.1951716031808859 0
-2.2 1.2643047840748611 0
-2.119599366142194 1.2674365348350727 0
-2.04066257825177 1.263187650760336 0
-1.9563244706060288 1.2601691388911693 0
-1.8771603094441973 1.2646734508929982 0
-1.7995012908600356 1.2626317401245266 0
-1.717649692571853 1.2671664677067405 0
-1.6370251104280937 1.2651362419593906 0
-1.5622522077481338 1.2635986267884602 0
-1.4825868707830088 1.2646436181204086 0
-1.3982272479645148 1.2624845411950678 0
-1.3168360554366245 1.2638816457755897 0
-1.237847428508277 1.264316662327973 0
-1.1569359055407016 1.2669914742936061 0
-1.0788809233486403 1.2620207735525961 0
-1.0034359007050602 1.266954142250073 0
-0.92139672665329 1.26534447878062 0
-0.8391196345355406 1.261857900701625 0
-0.7578083728009908 1.2613933737726137 0
-0.6774216549318381 1.2605560160623654 0
-0.6011471002025024 1.267030060887985 0
-0.5190545806140587 1.2625374637157396 0
-0.4436683472142007 1.2636751749877773 0
-0.3561337817984567 1.266073526928904 0
-0.2826114264754023 1.2645836616452462 0
-0.19752834375696326 1.2655467947120005 0
-0.12001293768561319 1.2658868525283058 0
-0.04154511140118788 1.2613683037443562 0
0.04134172319451174 1.26434550212983 0
0.12183115275911333 1.2666690090422463 0
0.20206214993456736 1.2635356860714133 0
0.2779379611583267 1.2679252560624972 0
0.3589063940700548 1.2675948407661022 0
0.43881903387563637 1.2658060568678977 0
0.5189322429269393 1.265513414540843 0
0.6013013111745064 1.2655935333028796 0
0.676343849652987 1.2646585343163665 0
0.7633752686910986 1.26424866736695 0
0.839080601075856 1.2608695973792465 0
0.9160178596869418 1.2601198894196026 0
0.9974323985256047 1.2609742410976592 0
1.0789851477781778 1.2641978267582008 0
1.1592055370917496 1.2636041346766904 0
1.2408538398799147 1.2642255316394913 0
1.3181791815581003 1.263935252482929 0
1.3974573612436354 1.265370390311835 0
1.483940710790213 1.2652883862405084 0
1.556621577181793 1.2675958453721472 0
1.6372901477326391 1.261896984452774 0
1.7182969746479395 1.2669231597764163 0
1.803243894404591 1.260495583179549 0
1.8808199622760826 1.260152165634042 0
1.9615644118318116 1.2602017434792048 0
2.0432983547232135 1.263639376688528 0
2.117533350444692 1.263111266339541 0
2.197194281509463 1.262815862565446 0
-2.1590553990376793 1.3302491709507465 0
-2.077506907963104 1.3343110457760954 0
-2.0012857643360995 1.3327637112989192 0
-1.9182232241515444 1.330706955075229 0
-1.83999212317089 1.333130049658414 0
-1.7569485564948604 1.3300434900547535 0
-1.6822797929685998 1.334188537103002 0
-1.602878343527422 1.33137267957728 0
-1.5220838138630701 1.3362549938871275 0
-1.4411114638733542 1.3335610245463798 0
-1.359425402491491 1.330966540958113 0
-1.2837424485766435 1.330173454472515 0
-1.2007114611787473 1.3362673666864848 0
-1.1175028466888777 1.3334263431365363 0
-1.0421621757006778 1.3298336613386172 0
-0.9626481257162733 1.3357251864985065 0
-0.8786813397906256 1.3328350168940293 0
-0.7996893489810188 1.3315347907736064 0
-0.717993606581415 1.336569733834996 0
-0.637699953520383 1.333683846842063 0
-0.5616384438518879 1.3312779113101754 0
-0.4796361289595866 1.3320211817194898 0
-0.3995498900903117 1.3353024387421115 0
-0.3206940694857992 1.3337430954135467 0
-0.23920930046898667 1.3366572558284133 0
-0.15777903547011932 1.3336541738048233 0
-0.08377073697340513 1.3332005134241576 0
-0.002362771964114929 1.3301747974037323 0
0.07951964704454803 1.3344373733267245 0
0.1634533543232092 1.3333359707901513 0
0.24041289145961064 1.3354306691738747 0
0.3195801349942183 1.3348167260656163 0
0.39754023830663854 1.3354257462509203 0
0.48121320397707196 1.3344679845711607 0
0.5608380814616383 1.3363946051144573 0
0.6360601841847473 1.3358811207313774 0
0.721341782430752 1.3324750291106464 0
0.8024392310494994 1.3334250151699811 0
0.8781915491006909 1.3339108583439805 0
0.9621427955912241 1.3338555376604342 0
1.0396178721214235 1.3324264639310532 0
1.1191584626079802 1.3298251148830578 0
1.1964835686856055 1.3322135483152646 0
1.2818174052355509 1.3330610875806703 0
1.3597613359969427 1.329685473546047 0
1.443792414459451 1.330912566607898 0
1.5185710472949072 1.3366892355496887 0
1.5983959845887987 1.3368820339086802 0
1.6818586428053601 1.331374090958749 0
1.761614205106528 1.3306406580709669 0
1.8431170961425993 1.334091894700747 0
1.9214735522001825 1.3363680507875741 0
1.9989963308552994 1.3302404298564774 0
2.0815186615204557 1.3327824086239168 0
2.159392036047649 1.3359156654749125 0
-2.2 1.4000799547050358 0
-2.1192357769339565 1.4036326565596242 0
-2.040263553794807 1.3994858198716646 0
-1.9607911065222041 1.4055987828516021 0
-1.8779709446867714 1.4001969111260428 0
-1.7985598541204821 1.4032528512781268 0
-1.7164694387511232 1.401526650775127 0
-1.6392387233748595 1.402981817981343 0
-1.5575044038824506 1.4033844898254866 0
-1.4821010635203944 1.4017485127510179 0
-1.399092242369514 1.4007993976429005 0
-1.3227030538681763 1.4063489775024427 0
-1.2377277027933973 1.4003618691378492 0
-1.1612412510602517 1.4001057454355723 0
-1.0760277254072201 1.4009917800667182 0
-1.0030773490527733 1.4053533859086087 0
-0.9188200017349887 1.3987842859183464 0
-0.8416951433922705 1.3998322848487341 0
-0.7593632025639143 1.403529679844814 0
-0.6796154211646167 1.3996500108345697 0
-0.5987459402982273 1.4002817686886746 0
-0.5190065024077782 1.4050283563660828 0
-0.438262506316267 1.4035001547950732 0
-0.3625895769399243 1.4039305525031998 0
-0.2824760368947856 1.4063103352480133 0
-0.1968711434946172 1.3995518609384197 0
-0.11934124537895786 1.405966443630689 0
-0.04184442411788815 1.3986866301651593 0
0.04110130618144956 1.4043952722947735 0
0.12301673129221163 1.4010917737616504 0
0.20031368967211063 1.4018998658599322 0
0.27853642119979555 1.3997441797911363 0
0.3630484283726001 1.4035216732788653 0
0.43727741783484353 1.4023548508901054 0
0.5190694260280923 1.3994134282235648 0
0.5995385526245947 1.39963999541985 0
0.677495979920451 1.4062073730915272 0
0.762884487295766 1.4051684606155075 0
0.8419419924488739 1.4010543575906131 0
0.9188568371921952 1.4042662506085535 0
1.0013632002386244 1.4054015324972082 0
1.0820256827005743 1.4029810415931694 0
1.161147784358509 1.4052501301548477 0
1.2394489639530644 1.4007616607305726 0
1.320273731740401 1.4059336017074402 0
1.4010423819340712 1.4005596554262374 0
1.4813177017503447 1.4050729429962474 0
1.5612966588776163 1.4049690113769033 0
1.6364168974005997 1.4047313319614814 0
1.7235477658659628 1.4055514773415112 0
1.8016331783527448 1.399134093451837 0
1.8813105304766673 1.3991254473593033 0
1.9639326852110501 1.3989590931285762 0
2.03883364885203 1.4054853620488956 0
2.117352320174564 1.4001100124735324 0
2.1975001805365544 1.4051630671418107 0
-2.158842732691179 1.4682946449641654 0
-2.0791020850626856 1.4728532737147568 0
-1.998980138032635 1.4749531758852836 0
-1.9185652711743986 1.471900649159074 0
-1.8389818686211148 1.4722771361816671 0
-1.7620814351128322 1.4757214893477337 0
-1.682076529344221 1.4688110151599527 0
-1.6013996602638774 1.4693606660207559 0
-1.5167598843065198 1.4720706516098565 0
-1.4409083710727209 1.4707790623743913 0
-1.3566707980358872 1.470679947679524 0
-1.2804976167381477 1.471735338154861 0
-1.1982090394106446 1.4692571613275467 0
-1.1235120092823592 1.4735691940919642 0
-1.041369847222613 1.4724974696487114 0
-0.9637513380417798 1.4691792572246174 0
-0.882427807248233 1.4745651008036698 0
-0.7991216116114065 1.4716873631406036 0
-0.7221892465046457 1.4684246753178452 0
-0.6390809735747595 1.4692631648846295 0
-0.5603737777024679 1.4726043710915016 0
-0.47686669923537617 1.4679559187829456 0
-0.4036286608835186 1.4729106871544355 0
-0.3234104044470447 1.473590247406257 0
-0.24078179258073423 1.4750792013909477 0
-0.1576586819753039 1.4734555199475614 0
-0.07743485132459273 1.4706608318632866 0
-0.0031807860937879823 1.4710600164292051 0
0.07853394931750513 1.4727361286746574 0
0.1576158319324318 1.4757652918488022 0
0.2439452654333103 1.4735294369306913 0
0.32116695913240184 1.4726827701097807 0
0.3984459828397859 1.4702936752648785 0
0.48003907120183686 1.4692345625431258 0
0.5573499427313724 1.4752388701567676 0
0.640532131560693 1.4732096578791074 0
0.7215227774985195 1.4725096279205419 0
0.7994861291775169 1.474292380030393 0
0.8836857643985134 1.4687160947149642 0
0.959490267107446 1.4723423694366111 0
1.0401312891682999 1.4716443683892222 0
1.121913313319535 1.4732777577571732 0
1.202451569415319 1.4725286449249098 0
1.2775367239596285 1.4758059304656588 0
1.3616654317907204 1.474840953886028 0
1.4385346371003926 1.4755307766405974 0
1.516946493122683 1.4688963661304555 0
1.5964108609431151 1.4723915740898792 0
1.6788438544606932 1.475109925970861 0
1.7568455279746056 1.4751066572647722 0
1.8364654559241809 1.4705695039883477 0
1.9195006328895774 1.4745195799477373 0
1.9996656520395173 1.4689614487880498 0
2.0802518128662513 1.4688546092206087 0
2.160747875161309 1.475401532730382 0
-2.2 1.5406567335721653 0
-2.1199339622888296 1.5379155073158188 0
-2.041152508642698 1.5448014525860705 0
-1.9626530130683781 1.5418363065157392 0
-1.880005752163081 1.5424218617838137 0
-1.7973408390517454 1.5412922177602235 0
-1.7178849211684086 1.5446477520381108 0
-1.637987933310153 1.5409675995591954 0
-1.5623288194781981 1.5435000084699244 0
-1.4824605195443594 1.5377270154662812 0
-1.4017836482683024 1.537339853425555 0
-1.3204658234721234 1.5408176808075666 0
-1.2386634282961215 1.5388971375139633 0
-1.1569369617971443 1.5396513684814888 0
-1.0833202596357812 1.543806565031323 0
-0.999754738265858 1.54250479982679 0
-0.9226360323186334 1.538575638437828 0
-0.8422941768312211 1.5406036687119622 0
-0.7619774778879119 1.5434197604193765 0
-0.6827730767821549 1.5416882566092145 0
-0.5965023359409231 1.5398560840075288 0
-0.5178972665766197 1.5446682497010003 0
-0.43780490590609383 1.543227172332429 0
-0.36215261064942744 1.542286625317135 0
-0.28354495941924784 1.5390356293433394 0
-0.19858365583238996 1.5406417349073172 0
-0.12396421143306284 1.5374998087130967 0
-0.03851432211447784 1.5420413918842748 0
0.042417729469379176 1.5407461475902275 0
0.1218762852205906 1.544680917930194 0
0.1971725174761437 1.5401433562615572 0
0.28283622796687546 1.5432913015030982 0
0.36050555703016257 1.5439093869496265 0
0.4438209076466844 1.5416970318674454 0
0.5182345875574356 1.5412465347237905 0
0.598306156875109 1.5395768481610432 0
0.6802062792636073 1.5377249644905524 0
0.756439505403773 1.5401925241303553 0
0.8369169564049448 1.5412623168834672 0
0.9181971005175226 1.5429106530903913 0
0.9964450792999313 1.5450863811872755 0
1.0787093287083256 1.5400192277913887 0
1.1621432092953086 1.5450361691325183 0
1.239921355918904 1.543313932676227 0
1.3165408058899257 1.5404959399667275 0
1.3997593516804065 1.5438506043659528 0
1.4793033086930663 1.5407054234615452 0
1.5596526473031533 1.5413366637943318 0
1.636655122800793 1.5412913127516934 0
1.719039300572196 1.5388367505342662 0
1.8009603335340736 1.5375300821179498 0
1.8771442253861912 1.545113066608632 0
1.958819952121309 1.5436355227508836 0
2.043772173571438 1.5440816304830591 0
2.122362974454473 1.5379801913987183 0
2.2 1.539157628290883 0
-2.1560490943604846 1.6066535836641087 0
-2.07861211948066 1.6099883865047415 0
-2.0018763722984767 1.6092382654671924 0
-1.9182548208412058 1.6071775925237455 0
-1.838038524924969 1.6086614042138927 0
-1.760594824212893 1.6141069016206928 0
-1.6760131434064391 1.6131348277344626 0
-1.5973384835787583 1.6094829701924445 0
-1.5190526709327037 1.6126255193013768 0
-1.4421097174557995 1.6121934387773122 0
-1.3625984860526306 1.6118582768765888 0
-1.2763300779483469 1.6141591179739485 0
-1.1971993662062768 1.6080564819071665 0
-1.1189651774789122 1.6083590120952669 0
-1.0406879649233058 1.6123672312956097 0
-0.9628471205996058 1.6119060703181676 0
-0.8802699758628865 1.6131600568538105 0
-0.7992238542308503 1.613351819127025 0
-0.7164348000514535 1.612921273437787 0
-0.6383075260662016 1.6073125224985219 0
-0.5624988528279368 1.6070152321936488 0
-0.4794279348494286 1.608247247225415 0
-0.4014527474060993 1.6096409146021315 0
-0.32262760999238216 1.6088487279257238 0
-0.24176604100571325 1.6135655022137687 0
-0.16217340193866467 1.6074668879009666 0
-0.07641386512649745 1.6076502185336647 0
0.0034387175610090725 1.609324659490915 0
0.08077607914965654 1.6112464145888528 0
0.16321408546285057 1.6107032931735121 0
0.2367226990377273 1.6099845144934508 0
0.318711079289145 1.6107163587083304 0
0.4003229962134803 1.6143205031592602 0
0.480156010500237 1.608796390939518 0
0.5601333731141906 1.6090932697411378 0
0.6371899434051947 1.6073134643632179 0
0.7212842620379156 1.607725888197697 0
0.797779943805868 1.608931780926054 0
0.8793752605868871 1.6137602038037746 0
0.9581084196271776 1.611537760037038 0
1.0409951912051467 1.6134532180482524 0
1.121127630911218 1.6139459594330474 0
1.199540712562042 1.6069633433748134 0
1.2804825741297143 1.6065138073565752 0
1.3635380347444874 1.6088949509288486 0
1.4400087965238846 1.6116566172539792 0
1.5169020123624297 1.609414652518898 0
1.5989317579068334 1.6141415685842013 0
1.6772021451161787 1.6130458076119023 0
1.7613621563972455 1.6123378738495955 0
1.8424623098182547 1.6104230303936762 0
1.9236776746112898 1.6108924374376907 0
1.9988186278365698 1.6069571490532852 0
2.0769406600108047 1.6104874307442516 0
2.1614920059745595 1.6072580453057677 0
-2.2 1.6816471579336365 0
-2.1234214566168843 1.6758833037566512 0
-2.0392423616970228 1.6836253223735875 0
-1.959087903393249 1.6834848616139064 0
-1.8821527473797837 1.6815357638251345 0
-1.799566065217223 1.6790408185375303 0
-1.7193446649999937 1.6813547837995138 0
-1.6427479758647823 1.6811793667159445 0
-1.5572512083146313 1.6762415750420558 0
-1.4837654929317607 1.6831818009001296 0
-1.3986814072432359 1.6794095407951373 0
-1.3237201152033902 1.681432379170464 0
-1.2376302575983213 1.67885363878211 0
-1.1588253600438925 1.6819270015567094 0
-1.0836957347989087 1.6799914836482266 0
-1.0025256245599847 1.680701915443466 0
-0.9217433446927776 1.6767436963348865 0
-0.8393908647117064 1.677271299441128 0
-0.7592548552091638 1.6796217950247148 0
-0.6779124609887489 1.67782748098252 0
-0.5970016733339265 1.6802342115086495 0
-0.5174865460941749 1.6812138194809985 0
-0.4429388278838742 1.6776378401229473 0
-0.36130969741393965 1.6793162762581548 0
-0.28121253624162984 1.6819236911683684 0
-0.1982842205363903 1.6758841258798298 0
-0.11662933152521716 1.6816521392799524 0
-0.03943211564121897 1.682524536637886 0
0.03611560671015096 1.680166723426847 0
0.1220193435174104 1.6829563087155814 0
0.1983548235034219 1.6834017994081367 0
0.2810006486780283 1.6836843212115336 0
0.36041016180322005 1.683019149223056 0
0.44061644850892145 1.6798265004840254 0
0.5228869130829195 1.6813226237328325 0
0.6004197654980001 1.6797899656411444 0
0.679776964480268 1.6785506135903498 0
0.7592662841735962 1.681226207099224 0
0.836789826201849 1.6823678347776878 0
0.9224583252265963 1.6774445520833983 0
1.0016171549435855 1.680618390571237 0
1.080700280291452 1.6762708635855814 0
1.1639500429244078 1.6775650870240049 0
1.242997011766222 1.6837018733561147 0
1.3223215443144547 1.6788082805389213 0
1.3964124262733186 1.6762026628685802 0
1.482096280742403 1.6827971189625608 0
1.5630572004073564 1.6817975044360374 0
1.6382215410864667 1.6828011478934115 0
1.7206367628797863 1.6813791609622217 0
1.7968273005085347 1.6826049220245074 0
1.8787840055458787 1.6795283386378068 0
1.9618358925685433 1.6791488489066002 0
2.0416432397646873 1.682957871265106 0
2.123485672485184 1.6760052585476066 0
2.2 1.683643450704095 0
-2.1570769313455793 1.750409911262531 0
-2.082531756242092 1.745723153240628 0
-1.9992190354621535 1.7510464670100718 0
-1.919104941211949 1.745286252453357 0
-1.842473976406285 1.7519058503752087 0
-1.7635130835900465 1.748263847296528 0
-1.6818433461890172 1.7484495192855192 0
-1.59663653446762 1.75219226523566 0
-1.5203845958635733 1.7456323534466633 0
-1.4423369459380126 1.7453215477661037 0
-1.3607051098567882 1.7517890053176828 0
-1.2804826265972145 1.7464992192283688 0
-1.2024676310765474 1.7458183682282125 0
-1.1184418340704518 1.7479714029572861 0
-1.0366200815130915 1.7505185482866117 0
-0.9597630033685014 1.749536970129141 0
-0.8839394630076893 1.7473082299535199 0
-0.8011252262001788 1.7452995413147625 0
-0.7160709237309727 1.7484780872747712 0
-0.6410471326145007 1.7504565459941352 0
-0.5574384031033198 1.7487783738405722 0
-0.47829602307429386 1.7510257856768434 0
-0.403117088981356 1.750944917661134 0
-0.3179001757481339 1.7520986195080936 0
-0.24232466526187654 1.7478153274195445 0
-0.1605498419253432 1.750711322296959 0
-0.07779235307910841 1.7455395967043734 0
-0.003247368463684084 1.7475649865696048 0
0.08358969051525027 1.7515292531002364 0
0.15889031109318244 1.7457409841974254 0
0.23845067769719694 1.748615356005975 0
0.31731190539833803 1.7496542916388587 0
0.40026645726142973 1.7466641254399493 0
0.48373298008506876 1.7476989923796402 0
0.5607787816579163 1.7497378003323565 0
0.6392820730513116 1.7530402799818368 0
0.7212476336306101 1.748101320911532 0
0.8005581364239482 1.7481053920143286 0
0.8782538772532086 1.7479279715504628 0
0.962678038548851 1.7461963286459308 0
1.0403080792206267 1.7474603302296048 0
1.1228914064670468 1.7458339399624239 0
1.1998989411576404 1.7478776254138955 0
1.2791719411443865 1.7516324947080513 0
1.3612818633933679 1.7457552189018395 0
1.4437705274775279 1.7524531717798322 0
1.5164791244502471 1.74631373656531 0
1.6006408698402141 1.7527709881239035 0
1.6774674327679477 1.7456270846660347 0
1.7591484335398124 1.7466216202182725 0
1.839137616382085 1.7479169893173392 0
1.9207005532034778 1.7464684330865772 0
1.9992550651784748 1.7525377155795998 0
2.07786780707677 1.7510021556462008 0
2.1589990741529084 1.7499691096944006 0
-2.2 1.8207503468851598 0
-2.118432499689296 1.8166591668435637 0
-2.0378834547510563 1.8164987237959591 0
-1.9566347371252872 1.8160044863754463 0
-1.8778960635384552 1.8146689173465607 0
-1.7978330711560881 1.8152766709170218 0
-1.7186087715573484 1.8147691659719074 0
-1.638800301547853 1.818340345451154 0
-1.560105849596139 1.8192878296019317 0
-1.4821915323181332 1.8198052855769673 0
-1.4006790927547481 1.8147795169906968 0
-1.3161681316321772 1.8218910824935224 0
-1.243640879681388 1.8183834258865348 0
-1.1587782255620536 1.81588469518551 0
-1.0789790199577738 1.8156482208951634 0
-1.002290605775925 1.8145090849631569 0
-0.9189724209298346 1.822229217813218 0
-0.8407585566870877 1.8173009079917781 0
-0.7613316797103586 1.8155681501230914 0
-0.6814180752318046 1.8198686570735512 0
-0.5989505648577957 1.8169481630908908 0
-0.5203738825460875 1.8212877639399236 0
-0.44270144050759563 1.8217038330452608 0
-0.35820151936848793 1.818257329148099 0
-0.27657346511992387 1.8212275429437783 0
-0.20249294254840156 1.8193340816819792 0
-0.12070676971532045 1.821011171974041 0
-0.04312254075632427 1.81849037310181 0
0.036351338433582375 1.8203656817360203 0
0.11773196774981581 1.8187759920964375 0
0.20159956334405074 1.8209061350409237 0
0.2793635513224309 1.8170366798853081 0
0.36327802079178456 1.8216672036408768 0
0.43921239543328533 1.8215016743314199 0
0.5233045542035825 1.8165114570346488 0
0.6028338833573333 1.8144625426038454 0
0.6795718962470789 1.8147835777178551 0
0.7605346531759177 1.8207116878881922 0
0.8415558034842704 1.8187683839720428 0
0.9162615502196093 1.8157048989965447 0
1.0036208836228562 1.8196489375626237 0
1.0796874483266483 1.8144500691214522 0
1.160389182866132 1.821096909174577 0
1.2378064956666777 1.818612085464283 0
1.320081748067462 1.8195077668425867 0
1.4007365050723588 1.8209847210197707 0
1.4837538217662138 1.8199874361424904 0
1.5616883407895485 1.818255148672239 0
1.6386706975200156 1.8201322732967986 0
1.717701541177296 1.8163117162643265 0
1.8012426444830976 1.8215041294831595 0
1.8773217184359121 1.8167666657034123 0
1.9566298042949732 1.8160243834938155 0
2.043480152055319 1.8149604091920368 0
2.122023152171277 1.820560690700702 0
2.198063865719192 1.817247141972811 0
-2.1628722518579857 1.8883177922155234 0
-2.0820878529891633 1.8842371472267807 0
-1.9997711200396184 1.8850304748800755 0
-1.9235182407036817 1.8879632045956707 0
-1.8436531115603962 1.891615985267294 0
-1.7595464319142142 1.8883262516125527 0
-1.6801813224612088 1.8869699209372803 0
-1.599262968493344 1.8845397986905823 0
-1.5183129106560307 1.8905081073270162 0
-1.4399691010361197 1.8896074540304262 0
-1.3579706621170653 1.8889385251782562 0
-1.2819323440692032 1.8895635258229933 0
-1.2017240939822964 1.8900678394904218 0
-1.1216251697249728 1.8877160455107573 0
-1.0399668169232543 1.8885429064812338 0
-0.963110441741466 1.88416023598586 0
-0.8767749099097463 1.8861349154407079 0
-0.7961313113915328 1.8887728340781973 0
-0.7210218337578594 1.888250885305722 0
-0.6383599757464636 1.8916331517521736 0
-0.557049952686525 1.8907902229686473 0
-0.47600450238188935 1.8895982749650657 0
-0.3999676188577661 1.8854392091888106 0
-0.3170266599784166 1.8856645249496786 0
-0.24068395284794145 1.8888847572915244 0
-0.16261660426605587 1.8845429344060638 0
-0.07824501233693855 1.887142008721669 0
0.0018016814872866937 1.8897101469384303 0
0.08385757683884563 1.8864312825292995 0
0.15695684611761967 1.8861538264904973 0
0.24372996158132762 1.884954551779942 0
0.321901690097649 1.8872273511055877 0
0.4023779834213904 1.890520210681219 0
0.4799859993065902 1.8881486722230811 0
0.5585737851846344 1.8844228707938022 0
0.6367898571819631 1.8855891322118632 0
0.7179401926091857 1.8912572995551054 0
0.7963551036814753 1.890347137256757 0
0.8764938910612807 1.8915265216412651 0
0.9614782029587995 1.8860779872196811 0
1.0409800919861811 1.8895246856285053 0
1.122640977225022 1.8848090372420159 0
1.2033798771964495 1.889637194141008 0
1.283363999531565 1.8842059239451812 0
1.3634892475717306 1.8898746726459592 0
1.43740965335535 1.889772281267412 0
1.5216695996139902 1.8871270844833847 0
1.6014379221183361 1.8857473927191326 0
1.6772882882481506 1.8868840403933305 0
1.7628227222875872 1.8851219962269385 0
1.8379124748007678 1.8873576721560243 0
1.920919388092766 1.891032380022975 0
2.0008843765717863 1.885893989946819 0
2.0785933090544306 1.8890549873607987 0
2.1634013164233847 1.8911015737306163 0
-2.1994098943697242 1.9551769236909617 0
-2.1172281329744593 1.9544833447280383 0
-2.0368249685245825 1.9551775633555626 0
-1.9628622154515893 1.9531275537409016 0
-1.8805094007818635 1.9557228251450227 0
-1.798256419929925 1.9598142182757112 0
-1.7205762289037698 1.9604109770592935 0
-1.6360384947332816 1.9557885975523448 0
-1.5626067723788073 1.9534700398120752 0
-1.4819031960742781 1.9556074569097963 0
-1.396068135767072 1.9553631388797026 0
-1.3227553736013993 1.960510279802076 0
-1.2391930373620679 1.9580890003913523 0
-1.1575195519969583 1.9566462429982268 0
-1.0777820030798304 1.9578274138304002 0
-1.0032986651648146 1.9529876984781747 0
-0.9178564971063509 1.9530510086874373 0
-0.8378126215806527 1.955876462396484 0
-0.7566855128138961 1.9532754950190367 0
-0.6836030157672407 1.9601923183224328 0
-0.6023948351407807 1.9590598888347606 0
-0.5224559543235592 1.957504210982713 0
-0.4424117387907877 1.9571738166184927 0
-0.3581753550091096 1.9574630075960096 0
-0.2771082506120169 1.955435454779762 0
-0.19963916505550197 1.957937987280048 0
-0.11662035960735591 1.958211002423587 0
-0.043814942864037844 1.9567493519667232 0
0.036104401675119066 1.9554804380721258 0
0.12322392194965491 1.9557933868219695 0
0.1992915486682785 1.9603078034449302 0
0.2816319491937293 1.953793666434335 0
0.3638952122853414 1.958182438406278 0
0.4430203492835419 1.95952726314455 0
0.5239484119322546 1.9542532693377002 0
0.5965616789093632 1.9530893899033406 0
0.680032115545511 1.9529238536002083 0
0.7620438647631733 1.954000207366607 0
0.8423281362224324 1.9553531808136517 0
0.9198084310576307 1.9534139138642688 0
0.9971948605061469 1.952929145648185 0
1.0807675755269388 1.9532183264482843 0
1.1569320163565628 1.9560303747898264 0
1.2437267168484818 1.9571144336322555 0
1.3206601834825478 1.9553832264356243 0
1.3960545942679947 1.9531018239247249 0
1.4802462529464369 1.9607824521930926 0
1.5610921269884723 1.9551485696056945 0
1.6389110889270768 1.9605922286357553 0
1.7177054937252754 1.96013186046235 0
1.7994311177857876 1.9586987316125954 0
1.8800189025264367 1.9533165151248548 0
1.9570351264396562 1.9593919969367446 0
2.0409960446518944 1.9580722167356093 0
2.1234956186919334 1.9597386986514882 0
2.1991700170097044 1.9604847917429253 0
-2.1600412756242378 2.0269931532198298 0
-2.082803436570682 2.0278053489976404 0
-2.001996002424821 2.0226855001275936 0
-1.9197399105748778 2.0227776204814614 0
-1.8365060512818525 2.0300150511900292 0
-1.757988930014682 2.0234607091135173 0
-1.6800988617101609 2.025199252298915 0
-1.5968970878309916 2.028310844927368 0
-1.5216198669729326 2.029066182499181 0
-1.4426221292221357 2.0246195802761826 0
-1.3637673240794939 2.024149329644738 0
-1.2780750589734875 2.0228211468888206 0
-1.2016372802381217 2.028698075848852 0
-1.123209680840145 2.0297018157996227 0
-1.0422341123715928 2.0283052836827538 0
-0.9611082404788114 2.0258013951003475 0
-0.8814165357041293 2.0265712818900674 0
-0.8004277606855199 2.0256789852194474 0
-0.7197940006493644 2.0231000487248925 0
-0.6392089279608432 2.024254969893789 0
-0.560278973730033 2.025235437571044 0
-0.48322057852887806 2.024874130629561 0
-0.3989964485346097 2.022287874738537 0
-0.3226102324237467 2.029543330019275 0
-0.24055521637976407 2.022442370217189 0
-0.15814644721816212 2.0276891076628867 0
-0.07921481053053211 2.0225213521389978 0
0.003993369982407925 2.02241902441408 0
0.08122355824714053 2.025812664410384 0
0.16273518871415507 2.026443647907701 0
0.23961966987268002 2.0279157761935425 0
0.3166191072766 2.0280120034346605 0
0.4032912305119326 2.0256203343223587 0
0.4799370494947648 2.0256407142428263 0
0.5591321289935985 2.027220224954554 0
0.6405605740969226 2.02798543769892 0
0.7211285568808355 2.0230210816723893 0
0.8021265753153074 2.0265701955191124 0
0.8772392047018553 2.029684170773921 0
0.9577209457453885 2.02814770476448 0
1.0387483097150154 2.028022713550844 0
1.1211089668245227 2.0230289231990843 0
1.200765917939282 2.0273765996937305 0
1.2799427157651981 2.0296924129671727 0
1.3563018926315669 2.027489467212344 0
1.4367808177035537 2.0261472592544756 0
1.5172567773706338 2.0290932243377973 0
1.598814606207291 2.0247940639766147 0
1.6774850233509544 2.026929106328219 0
1.7577110790524488 2.0271933959257447 0
1.8403168869579412 2.023073591602089 0
1.9172503379137626 2.0231725515605605 0
1.9963541458657708 2.0277025996290137 0
2.0801665224880233 2.0272466236097295 0
2.1606623547618495 2.028816376290454 0
-2.198547119341396 2.099017289649378 0
-2.118578446659237 2.097380281692968 0
-2.039547800367094 2.0924077805282226 0
-1.959530749871792 2.0934628619337214 0
-1.8806590636717213 2.0962863204615916 0
-1.8026731496429453 2.0941116330714977 0
-1.7176204754702746 2.0983726648559173 0
-1.6379586954885648 2.092848316705837 0
-1.5610524986490202 2.0983418689196993 0
-1.4771617955644063 2.096774330082244 0
-1.3967816076849693 2.0986858549222998 0
-1.3176710763139563 2.0989000784333447 0
-1.2406499766796468 2.098522217936444 0
-1.1627495361371982 2.0961755152748123 0
-1.0789953000996328 2.0953351163115634 0
-1.0018417849191479 2.096625625609228 0
-0.9199576165249561 2.096028370582809 0
-0.8379643672760283 2.09549739821946 0
-0.7601416603193406 2.0975101093852837 0
-0.6770284409002819 2.097531808759992 0
-0.597255297472358 2.097159856887361 0
-0.5161426126023849 2.0934813798020704 0
-0.4428899651541657 2.0928307909657424 0
-0.35842221511232225 2.0922384436250105 0
-0.28354390549456077 2.0987447635712946 0
-0.19951191289269662 2.0919271602079137 0
-0.12001531268638259 2.0952001659386355 0
-0.043806500196576934 2.0954251575306038 0
0.038266792313803345 2.097330797543751 0
0.11982992810720662 2.0982218602031675 0
0.19848553066802851 2.09653400926827 0
0.28282401570292276 2.0990404811298506 0
0.35788145110173086 2.09943311885692 0
0.4365521170909957 2.099225629885014 0
0.5217467794851014 2.093799524764353 0
0.6023602506472763 2.09229619937016 0
0.6821153495472209 2.0925807201077764 0
0.758863536021206 2.0927607642683 0
0.8419390077450841 2.0992918258050857 0
0.9168380403358676 2.099464668777239 0
0.9975737187447231 2.0933696290419572 0
1.0810714747348753 2.0918159412982407 0
1.1586590486527695 2.0984953389879824 0
1.2390190351732617 2.0944060709082533 0
1.3208865089228556 2.097138135763364 0
1.4020531775628926 2.0952280306097606 0
1.481461196976458 2.0941445418681432 0
1.562233648927327 2.091638944527339 0
1.640082172160513 2.0925169025437858 0
1.716161417003022 2.0981339505010217 0
1.7979825652363481 2.0974974757044227 0
1.8838637362540245 2.0969524437899327 0
1.9618245358128517 2.09946463482214 0
2.0411163619271013 2.099226533148843 0
2.1190052450870036 2.0986717091792024 0
2.2 2.099370326106236 0
-2.162423459466289 2.162515811889448 0
-2.0814951127646077 2.1669696080155623 0
-1.9982026843239835 2.167196653041488 0
-1.921902531245514 2.163904646876008 0
-1.8414590296716176 2.167390167163615 0
-1.7623998749998537 2.16622092780081 0
-1.680310363238853 2.162011559469373 0
-1.600983830379995 2.1632786314287262 0
-1.5220955797138307 2.164502866788136 0
-1.438171378197874 2.16855759330566 0
-1.3563159025033693 2.16358217358399 0
-1.2773596261958147 2.167946231770883 0
-1.2013017256823344 2.16430980656847 0
-1.118589610480767 2.1663421871009345 0
-1.0386183819487254 2.164672280373152 0
-0.9585008454747427 2.1612486982838917 0
-0.880298987076766 2.1615162454228343 0
-0.7965931042252452 2.1683915944083054 0
-0.7226954855650093 2.1624566671605248 0
-0.6426980574404227 2.1631897625356866 0
-0.5608622410389202 2.168300853272179 0
-0.482493929650493 2.165553714561754 0
-0.4038905856434756 2.1658473299884595 0
-0.318066725625061 2.1628919766617996 0
-0.23956667439582183 2.1613848948021777 0
-0.15676565416132524 2.1638909825904036 0
-0.07944199707791245 2.168581127585365 0
-0.003692979695842101 2.1623379020107003 0
0.07978488569970031 2.1685801452450275 0
0.15773020269839008 2.1633568939342407 0
0.2398959912433387 2.164863970850768 0
0.3216800832632709 2.162876935298915 0
0.3972868065474135 2.164001168538611 0
0.48296391528172383 2.1676935743798573 0
0.5624985645745312 2.162573027822986 0
0.639252596652372 2.1643437099099088 0
0.7217236043669372 2.1638658669222126 0
0.7960110279733149 2.162287271987082 0
0.8788165193317583 2.1616127348555745 0
0.9563010483311439 2.16454268599439 0
1.0375279999407738 2.1661202506127046 0
1.1185258724714982 2.166123168001146 0
1.2000430914911986 2.1624174558827765 0
1.2824226889853367 2.1679648508601543 0
1.3602130895295685 2.165358376890687 0
1.4380456028011503 2.1683911591857448 0
1.5171631034522675 2.160878341260122 0
1.602060509611005 2.1671045456757523 0
1.6807352886530302 2.16249396741832 0
1.7574005441264937 2.161888726782482 0
1.8373791621141307 2.164000326173223 0
1.9206355706914342 2.1607773500876215 0
2.000640775439952 2.1674581474457923 0
2.08252174004948 2.16818836045095 0
2.1620912815944364 2.162489800520982 0
-2.2 -2.2 0
2.2 2.2 0
-2.2 2.2 0
$EndNodes
$Elements
3 7305 1 7305
2 1 2 5646
1 13 194 14
2 14 194 15
3 15 194 193
4 146 220 147
5 147 220 148
6 146 221 220
7 256 258 257
8 260 263 261
9 261 263 262
10 263 265 264
11 271 273 272
12 273 275 274
13 275 277 276
14 277 279 278
15 279 281 280
16 277 282 279
17 279 282 281
18 283 286 284
19 284 286 285
20 286 288 287
21 289 291 290
22 289 292 291
23 292 294 293
24 292 295 294
25 295 297 296
26 297 299 298
27 299 301 300
28 299 302 301
29 299 303 302
30 303 305 304
31 307 309 308
32 254 255 310
33 255 256 311
34 255 311 310
35 256 257 312
36 256 312 311
37 257 258 313
38 257 313 312
39 258 259 314
40 258 314 313
41 259 260 315
42 259 315 314
43 260 261 316
44 260 316 315
45 261 262 317
46 261 317 316
47 262 263 318
48 262 318 317
49 263 264 319
50 263 319 318
51 264 265 320
52 264 320 319
53 265 266 321
54 265 321 320
55 266 267 322
56 266 322 321
57 267 268 323
58 267 323 322
59 268 269 324
60 268 324 323
61 269 270 325
62 269 325 324
63 270 271 326
64 270 326 325
65 271 272 327
66 271 327 326
67 272 273 328
68 272 328 327
69 273 274 329
70 273 329 328
71 274 275 330
72 274 330 329
73 275 276 331
74 275 331 330
75 276 277 332
76 276 332 331
77 277 278 333
78 277 333 332
79 278 279 334
80 278 334 333
81 279 280 335
82 279 335 334
83 280 281 336
84 280 336 335
85 281 282 337
86 281 337 336
87 282 283 338
88 282 338 337
89 283 284 339
90 283 339 338
91 284 285 340
92 284 340 339
93 285 286 341
94 285 341 340
95 286 287 342
96 286 342 341
97 287 288 343
98 287 343 342
99 288 289 344
100 288 344 343
101 289 290 345
102 289 345 344
103 290 291 346
104 290 346 345
105 291 292 347
106 291 347 346
107 292 293 348
108 292 348 347
109 293 294 349
110 293 349 348
111 294 295 350
112 294 350 349
113 295 296 351
114 295 351 350
115 296 297 352
116 296 352 351
117 297 298 353
118 297 353 352
119 298 299 354
120 298 354 353
121 299 300 355
122 299 355 354
123 300 301 356
124 300 356 355
125 301 302 357
126 301 357 356
127 302 303 358
128 302 358 357
129 303 304 359
130 303 359 358
131 304 305 360
132 304 360 359
133 305 306 361
134 305 361 360
135 306 307 362
136 306 362 361
137 307 308 363
138 307 363 362
139 308 309 364
140 308 364 363
141 254 310 365
142 310 311 366
143 310 366 365
144 311 312 367
145 311 367 366
146 312 313 368
147 312 368 367
148 313 314 369
149 313 369 368
150 314 315 370
151 314 370 369
152 315 316 371
153 315 371 370
154 316 317 372
155 316 372 371
156 317 318 373
157 317 373 372
158 318 319 374
159 318 374 373
160 319 320 375
161 319 375 374
162 320 321 376
163 320 376 375
164 321 322 377
165 321 377 376
166 322 323 378
167 322 378 377
168 323 324 379
169 323 379 378
170 324 325 380
171 324 380 379
172 325 326 381
173 325 381 380
174 326 327 382
175 326 382 381
176 327 328 383
177 327 383 382
178 328 329 384
179 328 384 383
180 329 330 385
181 329 385 384
182 330 331 386
183 330 386 385
184 331 332 387
185 331 387 386
186 332 333 388
187 332 388 387
188 333 334 389
189 333 389 388
190 334 335 390
191 334 390 389
192 335 336 391
193 335 391 390
194 336 337 392
195 336 392 391
196 337 338 393
197 337 393 392
198 338 339 394
199 338 394 393
200 339 340 395
201 339 395 394
202 340 341 396
203 340 396 395
204 341 342 397
205 341 397 396
206 342 343 398
207 342 398 397
208 343 344 399
209 343 399 398
210 344 345 400
211 344 400 399
212 345 346 401
213 345 401 400
214 346 347 402
215 346 402 401
216 347 348 403
217 347 403 402
218 348 349 404
219 348 404 403
220 349 350 405
221 349 405 404
222 350 351 406
223 350 406 405
224 351 352 407
225 351 407 406
226 352 353 408
227 352 408 407
228 353 354 409
229 353 409 408
230 354 355 410
231 354 410 409
232 355 356 411
233 355 411 410
234 356 357 412
235 356 412 411
236 357 358 413
237 357 413 412
238 358 359 414
239 358 414 413
240 359 360 415
241 359 415 414
242 360 361 416
243 360 416 415
244 361 362 417
245 361 417 416
246 362 363 418
247 362 418 417
248 363 364 419
249 363 419 418
250 309 420 364
251 364 420 419
252 365 366 421
253 366 367 422
254 366 422 421
255 367 368 423
256 367 423 422
257 368 369 424
258 368 424 423
259 369 370 425
260 369 425 424
261 370 371 426
262 370 426 425
263 371 372 427
264 371 427 426
265 372 373 428
266 372 428 427
267 373 374 429
268 373 429 428
269 374 375 430
270 374 430 429
271 375 376 431
272 375 431 430
273 376 377 432
274 376 432 431
275 377 378 433
276 377 433 432
277 378 379 434
278 378 434 433
279 379 380 435
280 379 435 434
281 380 381 436
282 380 436 435
283 381 382 437
284 381 437 436
285 382 383 438
286 382 438 437
287 383 384 439
288 383 439 438
289 384 385 440
290 384 440 439
291 385 386 441
292 385 441 440
293 386 387 442
294 386 442 441
295 387 388 443
296 387 443 442
297 388 389 444
298 388 444 443
299 389 390 445
300 389 445 444
301 390 391 446
302 390 446 445
303 391 392 447
304 391 447 446
305 392 393 448
306 392 448 447
307 393 394 449
308 393 449 448
309 394 395 450
310 394 450 449
311 395 396 451
312 395 451 450
313 396 397 452
314 396 452 451
315 397 398 453
316 397 453 452
317 398 399 454
318 398 454 453
319 399 400 455
320 399 455 454
321 400 401 456
322 400 456 455
323 401 402 457
324 401 457 456
325 402 403 458
326 402 458 457
327 403 404 459
328 403 459 458
329 404 405 460
330 404 460 459
331 405 406 461
332 405 461 460
333 406 407 462
334 406 462 461
335 407 408 463
336 407 463 462
337 408 409 464
338 408 464 463
339 409 410 465
340 409 465 464
341 410 411 466
342 410 466 465
343 411 412 467
344 411 467 466
345 412 413 468
346 412 468 467
347 413 414 469
348 413 469 468
349 414 415 470
350 414 470 469
351 415 416 471
352 415 471 470
353 416 417 472
354 416 472 471
355 417 418 473
356 417 473 472
357 418 419 474
358 418 474 473
359 419 420 475
360 419 475 474
361 254 365 476
362 365 421 476
363 421 422 477
364 421 477 476
365 422 423 478
366 422 478 477
367 423 424 479
368 423 479 478
369 424 425 480
370 424 480 479
371 425 426 481
372 425 481 480
373 426 427 482
374 426 482 481
375 427 428 483
376 427 483 482
377 428 429 484
378 428 484 483
379 429 430 485
380 429 485 484
381 430 431 486
382 430 486 485
383 431 432 487
384 431 487 486
385 432 433 488
386 432 488 487
387 433 434 489
388 433 489 488
389 434 435 490
390 434 490 489
391 435 436 491
392 435 491 490
393 436 437 492
394 436 492 491
395 437 438 493
396 437 493 492
397 438 439 494
398 438 494 493
399 439 440 495
400 439 495 494
401 440 441 496
402 440 496 495
403 441 442 497
404 441 497 496
405 442 443 498
406 442 498 497
407 443 444 499
408 443 499 498
409 444 445 500
410 444 500 499
411 445 446 501
412 445 501 500
413 446 447 502
414 446 502 501
415 447 448 503
416 447 503 502
417 448 449 504
418 448 504 503
419 449 450 505
420 449 505 504
421 450 451 506
422 450 506 505
423 451 452 507
424 451 507 506
425 452 453 508
426 452 508 507
427 453 454 509
428 453 509 508
429 454 455 510
430 454 510 509
431 455 456 511
432 455 511 510
433 456 457 512
434 456 512 511
435 457 458 513
436 457 513 512
437 458 459 514
438 458 514 513
439 459 460 515
440 459 515 514
441 460 461 516
442 460 516 515
443 461 462 517
444 461 517 516
445 462 463 518
446 462 518 517
447 463 464 519
448 463 519 518
449 464 465 520
450 464 520 519
451 465 466 521
452 465 521 520
453 466 467 522
454 466 522 521
455 467 468 523
456 467 523 522
457 468 469 524
458 468 524 523
459 469 470 525
460 469 525 524
461 470 471 526
462 470 526 525
463 471 472 527
464 471 527 526
465 472 473 528
466 472 528 527
467 473 474 529
468 473 529 528
469 474 475 530
470 474 530 529
471 309 531 420
472 420 531 475
473 475 531 530
474 476 477 532
475 477 478 533
476 477 533 532
477 478 479 534
478 478 534 533
479 479 480 535
480 479 535 534
481 480 481 536
482 480 536 535
483 481 482 537
484 481 537 536
485 482 483 538
486 482 538 537
487 483 484 539
488 483 539 538
489 484 485 540
490 484 540 539
491 485 486 541
492 485 541 540
493 486 487 542
494 486 542 541
495 487 488 543
496 487 543 542
497 488 489 544
498 488 544 543
499 489 490 545
500 489 545 544
501 490 491 546
502 490 546 545
503 491 492 547
504 491 547 546
505 492 493 548
506 492 548 547
507 493 494 549
508 493 549 548
509 494 495 550
510 494 550 549
511 495 496 551
512 495 551 550
513 496 497 552
514 496 552 551
515 497 498 553
516 497 553 552
517 498 499 554
518 498 554 553
519 499 500 555
520 499 555 554
521 500 501 556
522 500 556 555
523 501 502 557
524 501 557 556
525 502 503 558
526 502 558 557
527 503 504 559
528 503 559 558
529 504 505 560
530 504 560 559
531 505 506 561
532 505 561 560
533 506 507 562
534 506 562 561
535 507 508 563
536 507 563 562
537 508 509 564
538 508 564 563
539 509 510 565
540 509 565 564
541 510 511 566
542 510 566 565
543 511 512 567
544 511 567 566
545 512 513 568
546 512 568 567
547 513 514 569
548 513 569 568
549 514 515 570
550 514 570 569
551 515 516 571
552 515 571 570
553 516 517 572
554 516 572 571
555 517 518 573
556 517 573 572
557 518 519 574
558 518 574 573
559 519 520 575
560 519 575 574
561 520 521 576
562 520 576 575
563 521 522 577
564 521 577 576
565 522 523 578
566 522 578 577
567 523 524 579
568 523 579 578
569 524 525 580
570 524 580 579
571 525 526 581
572 525 581 580
573 526 527 582
574 526 582 581
575 527 528 583
576 527 583 582
577 528 529 584
578 528 584 583
579 529 530 585
580 529 585 584
581 530 531 586
582 530 586 585
583 254 476 587
584 476 532 587
585 532 533 588
586 532 588 587
587 533 534 589
588 533 589 588
589 534 535 590
590 534 590 589
591 535 536 591
592 535 591 590
593 536 537 592
594 536 592 591
595 537 538 593
596 537 593 592
597 538 539 594
598 538 594 593
599 539 540 595
600 539 595 594
601 540 541 596
602 540 596 595
603 541 542 597
604 541 597 596
605 542 543 598
606 542 598 597
607 543 544 599
608 543 599 598
609 544 545 600
610 544 600 599
611 545 546 601
612 545 601 600
613 546 547 602
614 546 602 601
615 547 548 603
616 547 603 602
617 548 549 604
618 548 604 603
619 549 550 605
620 549 605 604
621 550 551 606
622 550 606 605
623 551 552 607
624 551 607 606
625 552 553 608
626 552 608 607
627 553 554 609
628 553 609 608
629 554 555 610
630 554 610 609
631 555 556 611
632 555 611 610
633 556 557 612
634 556 612 611
635 557 558 613
636 557 613 612
637 558 559 614
638 558 614 613
639 559 560 615
640 559 615 614
641 560 561 616
642 560 616 615
643 561 562 617
644 561 617 616
645 562 563 618
646 562 618 617
647 563 564 619
648 563 619 618
649 564 565 620
650 564 620 619
651 565 566 621
652 565 621 620
653 566 567 622
654 566 622 621
655 567 568 623
656 567 623 622
657 568 569 624
658 568 624 623
659 569 570 625
660 569 625 624
661 570 571 626
662 570 626 625
663 571 572 627
664 571 627 626
665 572 573 628
666 572 628 627
667 573 574 629
668 573 629 628
669 574 575 630
670 574 630 629
671 575 576 631
672 575 631 630
673 576 577 632
674 576 632 631
675 577 578 633
676 577 633 632
677 578 579 634
678 578 634 633
679 579 580 635
680 579 635 634
681 580 581 636
682 580 636 635
683 581 582 637
684 581 637 636
685 582 583 638
686 582 638 637
687 583 584 639
688 583 639 638
689 584 585 640
690 584 640 639
691 585 586 641
692 585 641 640
693 531 642 586
694 586 642 641
695 587 588 643
696 588 589 644
697 588 644 643
698 589 590 645
699 589 645 644
700 590 591 646
701 590 646 645
702 591 592 647
703 591 647 646
704 592 593 648
705 592 648 647
706 593 594 649
707 593 649 648
708 594 595 650
709 594 650 649
710 595 596 651
711 595 651 650
712 596 597 652
713 596 652 651
714 597 598 653
715 597 653 652
716 598 599 654
717 598 654 653
718 599 600 655
719 599 655 654
720 600 601 656
721 600 656 655
722 601 602 657
723 601 657 656
724 602 603 658
725 602 658 657
726 603 604 659
727 603 659 658
728 604 605 660
729 604 660 659
730 605 606 661
731 605 661 660
732 606 607 662
733 606 662 661
734 607 608 663
735 607 663 662
736 608 609 664
737 608 664 663
738 609 610 665
739 609 665 664
740 610 611 666
741 610 666 665
742 611 612 667
743 611 667 666
744 612 613 668
745 612 668 667
746 613 614 669
747 613 669 668
748 614 615 670
749 614 670 669
750 615 616 671
751 615 671 670
752 616 617 672
753 616 672 671
754 617 618 673
755 617 673 672
756 618 619 674
757 618 674 673
758 619 620 675
759 619 675 674
760 620 621 676
761 620 676 675
762 621 622 677
763 621 677 676
764 622 623 678
765 622 678 677
766 623 624 679
767 623 679 678
768 624 625 680
769 624 680 679
770 625 626 681
771 625 681 680
772 626 627 682
773 626 682 681
774 627 628 683
775 627 683 682
776 628 629 684
777 628 684 683
778 629 630 685
779 629 685 684
780 630 631 686
781 630 686 685
782 631 632 687
783 631 687 686
784 632 633 688
785 632 688 687
786 633 634 689
787 633 689 688
788 634 635 690
789 634 690 689
790 635 636 691
791 635 691 690
792 636 637 692
793 636 692 691
794 637 638 693
795 637 693 692
796 638 639 694
797 638 694 693
798 639 640 695
799 639 695 694
800 640 641 696
801 640 696 695
802 641 642 697
803 641 697 696
804 254 587 698
805 587 643 698
806 643 644 699
807 643 699 698
808 644 645 700
809 644 700 699
810 645 646 701
811 645 701 700
812 646 647 702
813 646 702 701
814 647 648 703
815 647 703 702
816 648 649 704
817 648 704 703
818 649 650 705
819 649 705 704
820 650 651 706
821 650 706 705
822 651 652 707
823 651 707 706
824 652 653 708
825 652 708 707
826 653 654 709
827 653 709 708
828 654 655 710
829 654 710 709
830 655 656 711
831 655 711 710
832 656 657 712
833 656 712 711
834 657 658 713
835 657 713 712
836 658 659 714
837 658 714 713
838 659 660 715
839 659 715 714
840 660 661 716
841 660 716 715
842 661 662 717
843 661 717 716
844 662 663 718
845 662 718 717
846 663 664 719
847 663 719 718
848 664 665 720
849 664 720 719
850 665 666 721
851 665 721 720
852 666 667 722
853 666 722 721
854 667 668 723
855 667 723 722
856 668 669 724
857 668 724 723
858 669 670 725
859 669 725 724
860 670 671 726
861 670 726 725
862 671 672 727
863 671 727 726
864 672 673 728
865 672 728 727
866 673 674 729
867 673 729 728
868 674 675 730
869 674 730 729
870 675 676 731
871 675 731 730
872 676 677 732
873 676 732 731
874 677 678 733
875 677 733 732
876 678 679 734
877 678 734 733
878 679 680 735
879 679 735 734
880 680 681 736
881 680 736 735
882 681 682 737
883 681 737 736
884 682 683 738
885 682 738 737
886 683 684 739
887 683 739 738
888 684 685 740
889 684 740 739
890 685 686 741
891 685 741 740
892 686 687 742
893 686 742 741
894 687 688 743
895 687 743 742
896 688 689 744
897 688 744 743
898 689 690 745
899 689 745 744
900 690 691 746
901 690 746 745
902 691 692 747
903 691 747 746
904 692 693 748
905 692 748 747
906 693 694 749
907 693 749 748
908 694 695 750
909 694 750 749
910 695 696 751
911 695 751 750
912 696 697 752
913 696 752 751
914 531 753 642
915 642 753 697
916 697 753 752
917 698 699 754
918 699 700 755
919 699 755 754
920 700 701 756
921 700 756 755
922 701 702 757
923 701 757 756
924 702 703 758
925 702 758 757
926 703 704 759
927 703 759 758
928 704 705 760
929 704 760 759
930 705 706 761
931 705 761 760
932 706 707 762
933 706 762 761
934 707 708 763
935 707 763 762
936 708 709 764
937 708 764 763
938 709 710 765
939 709 765 764
940 710 711 766
941 710 766 765
942 711 712 767
943 711 767 766
944 712 713 768
945 712 768 767
946 713 714 769
947 713 769 768
948 714 715 770
949 714 770 769
950 715 716 771
951 715 771 770
952 716 717 772
953 716 772 771
954 717 718 773
955 717 773 772
956 718 719 774
957 718 774 773
958 719 720 775
959 719 775 774
960 720 721 776
961 720 776 775
962 721 722 777
963 721 777 776
964 722 723 778
965 722 778 777
966 723 724 779
967 723 779 778
968 724 725 780
969 724 780 779
970 725 726 781
971 725 781 780
972 726 727 782
973 726 782 781
974 727 728 783
975 727 783 782
976 728 729 784
977 728 784 783
978 729 730 785
979 729 785 784
980 730 731 786
981 730 786 785
982 731 732 787
983 731 787 786
984 732 733 788
985 732 788 787
986 733 734 789
987 733 789 788
988 734 735 790
989 734 790 789
990 735 736 791
991 735 791 790
992 736 737 792
993 736 792 791
994 737 738 793
995 737 793 792
996 738 739 794
997 738 794 793
998 739 740 795
999 739 795 794
1000 740 741 796
1001 740 796 795
1002 741 742 797
1003 741 797 796
1004 742 743 798
1005 742 798 797
1006 743 744 799
1007 743 799 798
1008 744 745 800
1009 744 800 799
1010 745 746 801
1011 745 801 800
1012 746 747 802
1013 746 802 801
1014 747 748 803
1015 747 803 802
1016 748 749 804
1017 748 804 803
1018 749 750 805
1019 749 805 804
1020 750 751 806
1021 750 806 805
1022 751 752 807
1023 751 807 806
1024 752 753 808
1025 752 808 807
1026 698 754 809
1027 754 755 810
1028 754 810 809
1029 755 756 811
1030 755 811 810
1031 756 757 812
1032 756 812 811
1033 757 758 813
1034 757 813 812
1035 758 759 814
1036 758 814 813
1037 759 760 815
1038 759 815 814
1039 760 761 816
1040 760 816 815
1041 761 762 817
1042 761 817 816
1043 762 763 818
1044 762 818 817
1045 763 764 819
1046 763 819 818
1047 764 765 820
1048 764 820 819
1049 765 766 821
1050 765 821 820
1051 766 767 822
1052 766 822 821
1053 767 768 823
1054 767 823 822
1055 768 769 824
1056 768 824 823
1057 769 770 825
1058 769 825 824
1059 770 771 826
1060 770 826 825
1061 771 772 827
1062 771 827 826
1063 772 773 828
1064 772 828 827
1065 773 774 829
1066 773 829 828
1067 774 775 830
1068 774 830 829
1069 775 776 831
1070 775 831 830
1071 776 777 832
1072 776 832 831
1073 777 778 833
1074 777 833 832
1075 778 779 834
1076 778 834 833
1077 779 780 835
1078 779 835 834
1079 780 781 836
1080 780 836 835
1081 781 782 837
1082 781 837 836
1083 782 783 838
1084 782 838 837
1085 783 784 839
1086 783 839 838
1087 784 785 840
1088 784 840 839
1089 785 786 841
1090 785 841 840
1091 786 787 842
1092 786 842 841
1093 787 788 843
1094 787 843 842
1095 788 789 844
1096 788 844 843
1097 789 790 845
1098 789 845 844
1099 790 791 846
1100 790 846 845
1101 791 792 847
1102 791 847 846
1103 792 793 848
1104 792 848 847
1105 793 794 849
1106 793 849 848
1107 794 795 850
1108 794 850 849
1109 795 796 851
1110 795 851 850
1111 796 797 852
1112 796 852 851
1113 797 798 853
1114 797 853 852
1115 798 799 854
1116 798 854 853
1117 799 800 855
1118 799 855 854
1119 800 801 856
1120 800 856 855
1121 801 802 857
1122 801 857 856
1123 802 803 858
1124 802 858 857
1125 803 804 859
1126 803 859 858
1127 804 805 860
1128 804 860 859
1129 805 806 861
1130 805 861 860
1131 806 807 862
1132 806 862 861
1133 807 808 863
1134 807 863 862
1135 753 864 808
1136 808 864 863
1137 809 810 865
1138 810 811 866
1139 810 866 865
1140 811 812 867
1141 811 867 866
1142 812 813 868
1143 812 868 867
1144 813 814 869
1145 813 869 868
1146 814 815 870
1147 814 870 869
1148 815 816 871
1149 815 871 870
1150 816 817 872
1151 816 872 871
1152 817 818 873
1153 817 873 872
1154 818 819 874
1155 818 874 873
1156 819 820 875
1157 819 875 874
1158 820 821 876
1159 820 876 875
1160 821 822 877
1161 821 877 876
1162 822 823 878
1163 822 878 877
1164 823 824 879
1165 823 879 878
1166 824 825 880
1167 824 880 879
1168 825 826 881
1169 825 881 880
1170 826 827 882
1171 826 882 881
1172 827 828 883
1173 827 883 882
1174 828 829 884
1175 828 884 883
1176 829 830 885
1177 829 885 884
1178 830 831 886
1179 830 886 885
1180 831 832 887
1181 831 887 886
1182 832 833 888
1183 832 888 887
1184 833 834 889
1185 833 889 888
1186 834 835 890
1187 834 890 889
1188 835 836 891
1189 835 891 890
1190 836 837 892
1191 836 892 891
1192 837 838 893
1193 837 893 892
1194 838 839 894
1195 838 894 893
1196 839 840 895
1197 839 895 894
1198 840 841 896
1199 840 896 895
1200 841 842 897
1201 841 897 896
1202 842 843 898
1203 842 898 897
1204 843 844 899
1205 843 899 898
1206 844 845 900
1207 844 900 899
1208 845 846 901
1209 845 901 900
1210 846 847 902
1211 846 902 901
1212 847 848 903
1213 847 903 902
1214 848 849 904
1215 848 904 903
1216 849 850 905
1217 849 905 904
1218 850 851 906
1219 850 906 905
1220 851 852 907
1221 851 907 906
1222 852 853 908
1223 852 908 907
1224 853 854 909
1225 853 909 908
1226 854 855 910
1227 854 910 909
1228 855 856 911
1229 855 911 910
1230 856 857 912
1231 856 912 911
1232 857 858 913
1233 857 913 912
1234 858 859 914
1235 858 914 913
1236 859 860 915
1237 859 915 914
1238 860 861 916
1239 860 916 915
1240 861 862 917
1241 861 917 916
1242 862 863 918
1243 862 918 917
1244 863 864 919
1245 863 919 918
1246 254 698 920
1247 698 809 920
1248 809 865 920
1249 865 866 921
1250 865 921 920
1251 866 867 922
1252 866 922 921
1253 867 868 923
1254 867 923 922
1255 868 869 924
1256 868 924 923
1257 869 870 925
1258 869 925 924
1259 870 871 926
1260 870 926 925
1261 871 872 927
1262 871 927 926
1263 872 873 928
1264 872 928 927
1265 873 874 929
1266 873 929 928
1267 874 875 930
1268 874 930 929
1269 875 876 931
1270 875 931 930
1271 876 877 932
1272 876 932 931
1273 877 878 933
1274 877 933 932
1275 878 879 934
1276 878 934 933
1277 879 880 935
1278 879 935 934
1279 880 881 936
1280 880 936 935
1281 881 882 937
1282 881 937 936
1283 882 883 938
1284 882 938 937
1285 883 884 939
1286 883 939 938
1287 884 885 940
1288 884 940 939
1289 885 886 941
1290 885 941 940
1291 886 887 942
1292 886 942 941
1293 887 888 943
1294 887 943 942
1295 888 889 944
1296 888 944 943
1297 889 890 945
1298 889 945 944
1299 890 891 946
1300 890 946 945
1301 891 892 947
1302 891 947 946
1303 892 893 948
1304 892 948 947
1305 893 894 949
1306 893 949 948
1307 894 895 950
1308 894 950 949
1309 895 896 951
1310 895 951 950
1311 896 897 952
1312 896 952 951
1313 897 898 953
1314 897 953 952
1315 898 899 954
1316 898 954 953
1317 899 900 955
1318 899 955 954
1319 900 901 956
1320 900 956 955
1321 901 902 957
1322 901 957 956
1323 902 903 958
1324 902 958 957
1325 903 904 959
1326 903 959 958
1327 904 905 960
1328 904 960 959
1329 905 906 961
1330 905 961 960
1331 906 907 962
1332 906 962 961
1333 907 908 963
1334 907 963 962
1335 908 909 964
1336 908 964 963
1337 909 910 965
1338 909 965 964
1339 910 911 966
1340 910 966 965
1341 911 912 967
1342 911 967 966
1343 912 913 968
1344 912 968 967
1345 913 914 969
1346 913 969 968
1347 914 915 970
1348 914 970 969
1349 915 916 971
1350 915 971 970
1351 916 917 972
1352 916 972 971
1353 917 918 973
1354 917 973 972
1355 918 919 974
1356 918 974 973
1357 753 975 864
1358 864 975 919
1359 919 975 974
1360 920 921 976
1361 921 922 977
1362 921 977 976
1363 922 923 978
1364 922 978 977
1365 923 924 979
1366 923 979 978
1367 924 925 980
1368 924 980 979
1369 925 926 981
1370 925 981 980
1371 926 927 982
1372 926 982 981
1373 927 928 983
1374 927 983 982
1375 928 929 984
1376 928 984 983
1377 929 930 985
1378 929 985 984
1379 930 931 986
1380 930 986 985
1381 931 932 987
1382 931 987 986
1383 932 933 988
1384 932 988 987
1385 933 934 989
1386 933 989 988
1387 934 935 990
1388 934 990 989
1389 935 936 991
1390 935 991 990
1391 936 937 992
1392 936 992 991
1393 937 938 993
1394 937 993 992
1395 938 939 994
1396 938 994 993
1397 939 940 995
1398 939 995 994
1399 940 941 996
1400 940 996 995
1401 941 942 997
1402 941 997 996
1403 942 943 998
1404 942 998 997
1405 943 944 999
1406 943 999 998
1407 944 945 1000
1408 944 1000 999
1409 945 946 1001
1410 945 1001 1000
1411 946 947 1002
1412 946 1002 1001
1413 947 948 1003
1414 947 1003 1002
1415 948 949 1004
1416 948 1004 1003
1417 949 950 1005
1418 949 1005 1004
1419 950 951 1006
1420 950 1006 1005
1421 951 952 1007
1422 951 1007 1006
1423 952 953 1008
1424 952 1008 1007
1425 953 954 1009
1426 953 1009 1008
1427 954 955 1010
1428 954 1010 1009
1429 955 956 1011
1430 955 1011 1010
1431 956 957 1012
1432 956 1012 1011
1433 957 958 1013
1434 957 1013 1012
1435 958 959 1014
1436 958 1014 1013
1437 959 960 1015
1438 959 1015 1014
1439 960 961 1016
1440 960 1016 1015
1441 961 962 1017
1442 961 1017 1016
1443 962 963 1018
1444 962 1018 1017
1445 963 964 1019
1446 963 1019 1018
1447 964 965 1020
1448 964 1020 1019
1449 965 966 1021
1450 965 1021 1020
1451 966 967 1022
1452 966 1022 1021
1453 967 968 1023
1454 967 1023 1022
1455 968 969 1024
1456 968 1024 1023
1457 969 970 1025
1458 969 1025 1024
1459 970 971 1026
1460 970 1026 1025
1461 971 972 1027
1462 971 1027 1026
1463 972 973 1028
1464 972 1028 1027
1465 973 974 1029
1466 973 1029 1028
1467 974 975 1030
1468 974 1030 1029
1469 920 976 1031
1470 976 977 1032
1471 976 1032 1031
1472 977 978 1033
1473 977 1033 1032
1474 978 979 1034
1475 978 1034 1033
1476 979 980 1035
1477 979 1035 1034
1478 980 981 1036
1479 980 1036 1035
1480 981 982 1037
1481 981 1037 1036
1482 982 983 1038
1483 982 1038 1037
1484 983 984 1039
1485 983 1039 1038
1486 984 985 1040
1487 984 1040 1039
1488 985 986 1041
1489 985 1041 1040
1490 986 987 1042
1491 986 1042 1041
1492 987 988 1043
1493 987 1043 1042
1494 988 989 1044
1495 988 1044 1043
1496 989 990 1045
1497 989 1045 1044
1498 990 991 1046
1499 990 1046 1045
1500 991 992 1047
1501 991 1047 1046
1502 992 993 1048
1503 992 1048 1047
1504 993 994 1049
1505 993 1049 1048
1506 994 995 1050
1507 994 1050 1049
1508 995 996 1051
1509 995 1051 1050
1510 996 997 1052
1511 996 1052 1051
1512 997 998 1053
1513 997 1053 1052
1514 998 999 1054
1515 998 1054 1053
1516 999 1000 1055
1517 999 1055 1054
1518 1000 1001 1056
1519 1000 1056 1055
1520 1001 1002 1057
1521 1001 1057 1056
1522 1002 1003 1058
1523 1002 1058 1057
1524 1003 1004 1059
1525 1003 1059 1058
1526 1004 1005 1060
1527 1004 1060 1059
1528 1005 1006 1061
1529 1005 1061 1060
1530 1006 1007 1062
1531 1006 1062 1061
1532 1007 1008 1063
1533 1007 1063 1062
1534 1008 1009 1064
1535 1008 1064 1063
1536 1009 1010 1065
1537 1009 1065 1064
1538 1010 1011 1066
1539 1010 1066 1065
1540 1011 1012 1067
1541 1011 1067 1066
1542 1012 1013 1068
1543 1012 1068 1067
1544 1013 1014 1069
1545 1013 1069 1068
1546 1014 1015 1070
1547 1014 1070 1069
1548 1015 1016 1071
1549 1015 1071 1070
1550 1016 1017 1072
1551 1016 1072 1071
1552 1017 1018 1073
1553 1017 1073 1072
1554 1018 1019 1074
1555 1018 1074 1073
1556 1019 1020 1075
1557 1019 1075 1074
1558 1020 1021 1076
1559 1020 1076 1075
1560 1021 1022 1077
1561 1021 1077 1076
1562 1022 1023 1078
1563 1022 1078 1077
1564 1023 1024 1079
1565 1023 1079 1078
1566 1024 1025 1080
1567 1024 1080 1079
1568 1025 1026 1081
1569 1025 1081 1080
1570 1026 1027 1082
1571 1026 1082 1081
1572 1027 1028 1083
1573 1027 1083 1082
1574 1028 1029 1084
1575 1028 1084 1083
1576 1029 1030 1085
1577 1029 1085 1084
1578 309 1086 531
1579 531 1086 753
1580 753 1086 975
1581 975 1086 1030
1582 1030 1086 1085
1583 1031 1032 1087
1584 1032 1033 1088
1585 1032 1088 1087
1586 1033 1034 1089
1587 1033 1089 1088
1588 1034 1035 1090
1589 1034 1090 1089
1590 1035 1036 1091
1591 1035 1091 1090
1592 1036 1037 1092
1593 1036 1092 1091
1594 1037 1038 1093
1595 1037 1093 1092
1596 1038 1039 1094
1597 1038 1094 1093
1598 1039 1040 1095
1599 1039 1095 1094
1600 1040 1041 1096
1601 1040 1096 1095
1602 1041 1042 1097
1603 1041 1097 1096
1604 1042 1043 1098
1605 1042 1098 1097
1606 1043 1044 1099
1607 1043 1099 1098
1608 1044 1045 1100
1609 1044 1100 1099
1610 1045 1046 1101
1611 1045 1101 1100
1612 1046 1047 1102
1613 1046 1102 1101
1614 1047 1048 1103
1615 1047 1103 1102
1616 1048 1049 1104
1617 1048 1104 1103
1618 1049 1050 1105
1619 1049 1105 1104
1620 1050 1051 1106
1621 1050 1106 1105
1622 1051 1052 1107
1623 1051 1107 1106
1624 1052 1053 1108
1625 1052 1108 1107
1626 1053 1054 1109
1627 1053 1109 1108
1628 1054 1055 1110
1629 1054 1110 1109
1630 1055 1056 1111
1631 1055 1111 1110
1632 1056 1057 1112
1633 1056 1112 1111
1634 1057 1058 1113
1635 1057 1113 1112
1636 1058 1059 1114
1637 1058 1114 1113
1638 1059 1060 1115
1639 1059 1115 1114
1640 1060 1061 1116
1641 1060 1116 1115
1642 1061 1062 1117
1643 1061 1117 1116
1644 1062 1063 1118
1645 1062 1118 1117
1646 1063 1064 1119
1647 1063 1119 1118
1648 1064 1065 1120
1649 1064 1120 1119
1650 1065 1066 1121
1651 1065 1121 1120
1652 1066 1067 1122
1653 1066 1122 1121
1654 1067 1068 1123
1655 1067 1123 1122
1656 1068 1069 1124
1657 1068 1124 1123
1658 1069 1070 1125
1659 1069 1125 1124
1660 1070 1071 1126
1661 1070 1126 1125
1662 1071 1072 1127
1663 1071 1127 1126
1664 1072 1073 1128
1665 1072 1128 1127
1666 1073 1074 1129
1667 1073 1129 1128
1668 1074 1075 1130
1669 1074 1130 1129
1670 1075 1076 1131
1671 1075 1131 1130
1672 1076 1077 1132
1673 1076 1132 1131
1674 1077 1078 1133
1675 1077 1133 1132
1676 1078 1079 1134
1677 1078 1134 1133
1678 1079 1080 1135
1679 1079 1135 1134
1680 1080 1081 1136
1681 1080 1136 1135
1682 1081 1082 1137
1683 1081 1137 1136
1684 1082 1083 1138
1685 1082 1138 1137
1686 1083 1084 1139
1687 1083 1139 1138
1688 1084 1085 1140
1689 1084 1140 1139
1690 1085 1086 1141
1691 1085 1141 1140
1692 920 1031 1142
1693 1031 1087 1142
1694 1087 1088 1143
1695 1087 1143 1142
1696 1088 1089 1144
1697 1088 1144 1143
1698 1089 1090 1145
1699 1089 1145 1144
1700 1090 1091 1146
1701 1090 1146 1145
1702 1091 1092 1147
1703 1091 1147 1146
1704 1092 1093 1148
1705 1092 1148 1147
1706 1093 1094 1149
1707 1093 1149 1148
1708 1094 1095 1150
1709 1094 1150 1149
1710 1095 1096 1151
1711 1095 1151 1150
1712 1096 1097 1152
1713 1096 1152 1151
1714 1097 1098 1153
1715 1097 1153 1152
1716 1098 1099 1154
1717 1098 1154 1153
1718 1099 1100 1155
1719 1099 1155 1154
1720 1100 1101 1156
1721 1100 1156 1155
1722 1101 1102 1157
1723 1101 1157 1156
1724 1102 1103 1158
1725 1102 1158 1157
1726 1103 1104 1159
1727 1103 1159 1158
1728 1104 1105 1160
1729 1104 1160 1159
1730 1105 1106 1161
1731 1105 1161 1160
1732 1106 1107 1162
1733 1106 1162 1161
1734 1107 1108 1163
1735 1107 1163 1162
1736 1108 1109 1164
1737 1108 1164 1163
1738 1109 1110 1165
1739 1109 1165 1164
1740 1110 1111 1166
1741 1110 1166 1165
1742 115 1167 116
1743 1111 1112 1167
1744 1111 1167 1166
1745 117 1168 118
1746 116 1168 117
1747 116 1167 1168
1748 1112 1113 1168
1749 1112 1168 1167
1750 119 1169 120
1751 118 1169 119
1752 118 1168 1169
1753 1113 1114 1169
1754 1113 1169 1168
1755 121 1170 122
1756 120 1170 121
1757 120 1169 1170
1758 1114 1115 1170
1759 1114 1170 1169
1760 123 1171 124
1761 122 1171 123
1762 122 1170 1171
1763 1115 1116 1171
1764 1115 1171 1170
1765 124 1171 1172
1766 1116 1117 1172
1767 1116 1172 1171
1768 1117 1118 1173
1769 1117 1173 1172
1770 1118 1119 1174
1771 1118 1174 1173
1772 1119 1120 1175
1773 1119 1175 1174
1774 1120 1121 1176
1775 1120 1176 1175
1776 1121 1122 1177
1777 1121 1177 1176
1778 1122 1123 1178
1779 1122 1178 1177
1780 1123 1124 1179
1781 1123 1179 1178
1782 1124 1125 1180
1783 1124 1180 1179
1784 1125 1126 1181
1785 1125 1181 1180
1786 1126 1127 1182
1787 1126 1182 1181
1788 1127 1128 1183
1789 1127 1183 1182
1790 1128 1129 1184
1791 1128 1184 1183
1792 1129 1130 1185
1793 1129 1185 1184
1794 1130 1131 1186
1795 1130 1186 1185
1796 1131 1132 1187
1797 1131 1187 1186
1798 1132 1133 1188
1799 1132 1188 1187
1800 1133 1134 1189
1801 1133 1189 1188
1802 1134 1135 1190
1803 1134 1190 1189
1804 1135 1136 1191
1805 1135 1191 1190
1806 1136 1137 1192
1807 1136 1192 1191
1808 1137 1138 1193
1809 1137 1193 1192
1810 1138 1139 1194
1811 1138 1194 1193
1812 1139 1140 1195
1813 1139 1195 1194
1814 1140 1141 1196
1815 1140 1196 1195
1816 1086 1197 1141
1817 1141 1197 1196
1818 1142 1143 1198
1819 1143 1144 1199
1820 1143 1199 1198
1821 1144 1145 1200
1822 1144 1200 1199
1823 1145 1146 1201
1824 1145 1201 1200
1825 1146 1147 1202
1826 1146 1202 1201
1827 1147 1148 1203
1828 1147 1203 1202
1829 1148 1149 1204
1830 1148 1204 1203
1831 1149 1150 1205
1832 1149 1205 1204
1833 1150 1151 1206
1834 1150 1206 1205
1835 1151 1152 1207
1836 1151 1207 1206
1837 1152 1153 1208
1838 1152 1208 1207
1839 1153 1154 1209
1840 1153 1209 1208
1841 1154 1155 1210
1842 1154 1210 1209
1843 1155 1156 1211
1844 1155 1211 1210
1845 1156 1157 1212
1846 1156 1212 1211
1847 1157 1158 1213
1848 1157 1213 1212
1849 1158 1159 1214
1850 1158 1214 1213
1851 1159 1160 1215
1852 1159 1215 1214
1853 1160 1161 1216
1854 1160 1216 1215
1855 1161 1162 1217
1856 1161 1217 1216
1857 1162 1163 1218
1858 1162 1218 1217
1859 1163 1164 1219
1860 1163 1219 1218
1861 110 1220 111
1862 1164 1165 1220
1863 1164 1220 1219
1864 112 1221 113
1865 111 1221 112
1866 111 1220 1221
1867 1165 1166 1221
1868 1165 1221 1220
1869 114 1222 115
1870 115 1222 1167
1871 1166 1167 1222
1872 113 1222 114
1873 113 1221 1222
1874 1166 1222 1221
1875 124 1223 125
1876 124 1172 1223
1877 125 1223 126
1878 1172 1173 1223
1879 127 1224 128
1880 1173 1174 1224
1881 126 1224 127
1882 126 1223 1224
1883 1173 1224 1223
1884 128 1225 129
1885 128 1224 1225
1886 1174 1175 1225
1887 1174 1225 1224
1888 1175 1176 1226
1889 1175 1226 1225
1890 1176 1177 1227
1891 1176 1227 1226
1892 1177 1178 1228
1893 1177 1228 1227
1894 1178 1179 1229
1895 1178 1229 1228
1896 1179 1180 1230
1897 1179 1230 1229
1898 1180 1181 1231
1899 1180 1231 1230
1900 1181 1182 1232
1901 1181 1232 1231
1902 1182 1183 1233
1903 1182 1233 1232
1904 1183 1184 1234
1905 1183 1234 1233
1906 1184 1185 1235
1907 1184 1235 1234
1908 1185 1186 1236
1909 1185 1236 1235
1910 1186 1187 1237
1911 1186 1237 1236
1912 1187 1188 1238
1913 1187 1238 1237
1914 1188 1189 1239
1915 1188 1239 1238
1916 1189 1190 1240
1917 1189 1240 1239
1918 1190 1191 1241
1919 1190 1241 1240
1920 1191 1192 1242
1921 1191 1242 1241
1922 1192 1193 1243
1923 1192 1243 1242
1924 1193 1194 1244
1925 1193 1244 1243
1926 1194 1195 1245
1927 1194 1245 1244
1928 1195 1196 1246
1929 1195 1246 1245
1930 1196 1197 1247
1931 1196 1247 1246
1932 1142 1198 1248
1933 1198 1199 1249
1934 1198 1249 1248
1935 1199 1200 1250
1936 1199 1250 1249
1937 1200 1201 1251
1938 1200 1251 1250
1939 1201 1202 1252
1940 1201 1252 1251
1941 1202 1203 1253
1942 1202 1253 1252
1943 1203 1204 1254
1944 1203 1254 1253
1945 1204 1205 1255
1946 1204 1255 1254
1947 1205 1206 1256
1948 1205 1256 1255
1949 1206 1207 1257
1950 1206 1257 1256
1951 1207 1208 1258
1952 1207 1258 1257
1953 1208 1209 1259
1954 1208 1259 1258
1955 1209 1210 1260
1956 1209 1260 1259
1957 1210 1211 1261
1958 1210 1261 1260
1959 1211 1212 1262
1960 1211 1262 1261
1961 1212 1213 1263
1962 1212 1263 1262
1963 1213 1214 1264
1964 1213 1264 1263
1965 1214 1215 1265
1966 1214 1265 1264
1967 1215 1216 1266
1968 1215 1266 1265
1969 1216 1217 1267
1970 1216 1267 1266
1971 105 1268 106
1972 1217 1218 1268
1973 1217 1268 1267
1974 107 1269 108
1975 1218 1219 1269
1976 106 1269 107
1977 106 1268 1269
1978 1218 1269 1268
1979 109 1270 110
1980 110 1270 1220
1981 1219 1220 1270
1982 108 1270 109
1983 108 1269 1270
1984 1219 1270 1269
1985 129 1271 130
1986 129 1225 1271
1987 130 1271 131
1988 1225 1226 1271
1989 131 1271 132
1990 132 1272 133
1991 1226 1227 1272
1992 1226 1272 1271
1993 132 1271 1272
1994 1227 1228 1273
1995 1227 1273 1272
1996 1228 1229 1274
1997 1228 1274 1273
1998 1229 1230 1275
1999 1229 1275 1274
2000 1230 1231 1276
2001 1230 1276 1275
2002 1231 1232 1277
2003 1231 1277 1276
2004 1232 1233 1278
2005 1232 1278 1277
2006 1233 1234 1279
2007 1233 1279 1278
2008 1234 1235 1280
2009 1234 1280 1279
2010 1235 1236 1281
2011 1235 1281 1280
2012 1236 1237 1282
2013 1236 1282 1281
2014 1237 1238 1283
2015 1237 1283 1282
2016 1238 1239 1284
2017 1238 1284 1283
2018 1239 1240 1285
2019 1239 1285 1284
2020 1240 1241 1286
2021 1240 1286 1285
2022 1241 1242 1287
2023 1241 1287 1286
2024 1242 1243 1288
2025 1242 1288 1287
2026 1243 1244 1289
2027 1243 1289 1288
2028 1244 1245 1290
2029 1244 1290 1289
2030 1245 1246 1291
2031 1245 1291 1290
2032 1246 1247 1292
2033 1246 1292 1291
2034 1197 1293 1247
2035 1247 1293 1292
2036 1248 1249 1294
2037 1249 1250 1295
2038 1249 1295 1294
2039 1250 1251 1296
2040 1250 1296 1295
2041 1251 1252 1297
2042 1251 1297 1296
2043 1252 1253 1298
2044 1252 1298 1297
2045 1253 1254 1299
2046 1253 1299 1298
2047 1254 1255 1300
2048 1254 1300 1299
2049 1255 1256 1301
2050 1255 1301 1300
2051 1256 1257 1302
2052 1256 1302 1301
2053 1257 1258 1303
2054 1257 1303 1302
2055 1258 1259 1304
2056 1258 1304 1303
2057 1259 1260 1305
2058 1259 1305 1304
2059 1260 1261 1306
2060 1260 1306 1305
2061 1261 1262 1307
2062 1261 1307 1306
2063 1262 1263 1308
2064 1262 1308 1307
2065 1263 1264 1309
2066 1263 1309 1308
2067 1264 1265 1310
2068 1264 1310 1309
2069 1265 1266 1311
2070 1265 1311 1310
2071 1266 1267 1312
2072 1266 1312 1311
2073 104 1313 105
2074 105 1313 1268
2075 103 1313 104
2076 1267 1268 1313
2077 1267 1313 1312
2078 133 1323 134
2079 133 1272 1323
2080 134 1323 135
2081 1272 1273 1323
2082 135 1324 136
2083 135 1323 1324
2084 1273 1274 1324
2085 1273 1324 1323
2086 1274 1275 1325
2087 1274 1325 1324
2088 1275 1276 1326
2089 1275 1326 1325
2090 1276 1277 1327
2091 1276 1327 1326
2092 1277 1278 1328
2093 1277 1328 1327
2094 1278 1279 1329
2095 1278 1329 1328
2096 1279 1280 1330
2097 1279 1330 1329
2098 1280 1281 1331
2099 1280 1331 1330
2100 1281 1282 1332
2101 1281 1332 1331
2102 1282 1283 1333
2103 1282 1333 1332
2104 1283 1284 1334
2105 1283 1334 1333
2106 1284 1285 1335
2107 1284 1335 1334
2108 1285 1286 1336
2109 1285 1336 1335
2110 1286 1287 1337
2111 1286 1337 1336
2112 1287 1288 1338
2113 1287 1338 1337
2114 1288 1289 1339
2115 1288 1339 1338
2116 1289 1290 1340
2117 1289 1340 1339
2118 1290 1291 1341
2119 1290 1341 1340
2120 1291 1292 1342
2121 1291 1342 1341
2122 1292 1293 1343
2123 1292 1343 1342
2124 920 1142 1344
2125 1142 1248 1344
2126 1248 1294 1344
2127 1294 1295 1345
2128 1294 1345 1344
2129 1295 1296 1346
2130 1295 1346 1345
2131 1296 1297 1347
2132 1296 1347 1346
2133 1297 1298 1348
2134 1297 1348 1347
2135 1298 1299 1349
2136 1298 1349 1348
2137 1299 1300 1350
2138 1299 1350 1349
2139 1300 1301 1351
2140 1300 1351 1350
2141 1301 1302 1352
2142 1301 1352 1351
2143 1302 1303 1353
2144 1302 1353 1352
2145 1303 1304 1354
2146 1303 1354 1353
2147 1304 1305 1355
2148 1304 1355 1354
2149 1305 1306 1356
2150 1305 1356 1355
2151 1306 1307 1357
2152 1306 1357 1356
2153 1307 1308 1358
2154 1307 1358 1357
2155 1308 1309 1359
2156 1308 1359 1358
2157 1309 1310 1360
2158 1309 1360 1359
2159 1310 1311 1361
2160 1310 1361 1360
2161 100 1362 101
2162 1311 1312 1362
2163 1311 1362 1361
2164 102 1363 103
2165 103 1363 1313
2166 1312 1313 1363
2167 101 1363 102
2168 101 1362 1363
2169 1312 1363 1362
2170 136 1376 137
2171 136 1324 1376
2172 138 1376 139
2173 137 1376 138
2174 1324 1325 1376
2175 1325 1326 1377
2176 1325 1377 1376
2177 139 1376 1377
2178 1326 1327 1378
2179 1326 1378 1377
2180 1327 1328 1379
2181 1327 1379 1378
2182 1328 1329 1380
2183 1328 1380 1379
2184 1329 1330 1381
2185 1329 1381 1380
2186 1330 1331 1382
2187 1330 1382 1381
2188 1331 1332 1383
2189 1331 1383 1382
2190 1332 1333 1384
2191 1332 1384 1383
2192 1333 1334 1385
2193 1333 1385 1384
2194 1334 1335 1386
2195 1334 1386 1385
2196 1335 1336 1387
2197 1335 1387 1386
2198 1336 1337 1388
2199 1336 1388 1387
2200 1337 1338 1389
2201 1337 1389 1388
2202 1338 1339 1390
2203 1338 1390 1389
2204 1339 1340 1391
2205 1339 1391 1390
2206 1340 1341 1392
2207 1340 1392 1391
2208 1341 1342 1393
2209 1341 1393 1392
2210 1342 1343 1394
2211 1342 1394 1393
2212 1086 1395 1197
2213 1197 1395 1293
2214 1293 1395 1343
2215 1343 1395 1394
2216 1344 1345 1396
2217 1345 1346 1397
2218 1345 1397 1396
2219 1346 1347 1398
2220 1346 1398 1397
2221 1347 1348 1399
2222 1347 1399 1398
2223 1348 1349 1400
2224 1348 1400 1399
2225 1349 1350 1401
2226 1349 1401 1400
2227 1350 1351 1402
2228 1350 1402 1401
2229 1351 1352 1403
2230 1351 1403 1402
2231 1352 1353 1404
2232 1352 1404 1403
2233 1353 1354 1405
2234 1353 1405 1404
2235 1354 1355 1406
2236 1354 1406 1405
2237 1355 1356 1407
2238 1355 1407 1406
2239 1356 1357 1408
2240 1356 1408 1407
2241 1357 1358 1409
2242 1357 1409 1408
2243 1358 1359 1410
2244 1358 1410 1409
2245 1359 1360 1411
2246 1359 1411 1410
2247 1360 1361 1412
2248 1360 1412 1411
2249 99 1413 100
2250 100 1413 1362
2251 98 1413 99
2252 1361 1362 1413
2253 1361 1413 1412
2254 139 1429 140
2255 139 1377 1429
2256 140 1429 141
2257 1377 1378 1429
2258 1378 1379 1430
2259 1378 1430 1429
2260 1379 1380 1431
2261 1379 1431 1430
2262 1380 1381 1432
2263 1380 1432 1431
2264 1381 1382 1433
2265 1381 1433 1432
2266 1382 1383 1434
2267 1382 1434 1433
2268 1383 1384 1435
2269 1383 1435 1434
2270 1384 1385 1436
2271 1384 1436 1435
2272 1385 1386 1437
2273 1385 1437 1436
2274 1386 1387 1438
2275 1386 1438 1437
2276 1387 1388 1439
2277 1387 1439 1438
2278 1388 1389 1440
2279 1388 1440 1439
2280 1389 1390 1441
2281 1389 1441 1440
2282 1390 1391 1442
2283 1390 1442 1441
2284 1391 1392 1443
2285 1391 1443 1442
2286 1392 1393 1444
2287 1392 1444 1443
2288 1393 1394 1445
2289 1393 1445 1444
2290 1394 1395 1446
2291 1394 1446 1445
2292 1344 1396 1447
2293 1396 1397 1448
2294 1396 1448 1447
2295 1397 1398 1449
2296 1397 1449 1448
2297 1398 1399 1450
2298 1398 1450 1449
2299 1399 1400 1451
2300 1399 1451 1450
2301 1400 1401 1452
2302 1400 1452 1451
2303 1401 1402 1453
2304 1401 1453 1452
2305 1402 1403 1454
2306 1402 1454 1453
2307 1403 1404 1455
2308 1403 1455 1454
2309 1404 1405 1456
2310 1404 1456 1455
2311 1405 1406 1457
2312 1405 1457 1456
2313 1406 1407 1458
2314 1406 1458 1457
2315 1407 1408 1459
2316 1407 1459 1458
2317 1408 1409 1460
2318 1408 1460 1459
2319 1409 1410 1461
2320 1409 1461 1460
2321 1410 1411 1462
2322 1410 1462 1461
2323 1411 1412 1463
2324 1411 1463 1462
2325 97 1464 98
2326 98 1464 1413
2327 1412 1413 1464
2328 1412 1464 1463
2329 141 1481 142
2330 141 1429 1481
2331 142 1481 143
2332 1429 1430 1481
2333 1430 1431 1482
2334 1430 1482 1481
2335 1431 1432 1483
2336 1431 1483 1482
2337 1432 1433 1484
2338 1432 1484 1483
2339 227 1485 228
2340 226 1485 227
2341 226 1484 1485
2342 1433 1434 1485
2343 1433 1485 1484
2344 229 1486 230
2345 228 1486 229
2346 228 1485 1486
2347 1434 1435 1486
2348 1434 1486 1485
2349 231 1487 232
2350 1435 1436 1487
2351 230 1487 231
2352 230 1486 1487
2353 1435 1487 1486
2354 233 1488 234
2355 1436 1437 1488
2356 232 1488 233
2357 232 1487 1488
2358 1436 1488 1487
2359 235 1489 236
2360 234 1489 235
2361 234 1488 1489
2362 1437 1438 1489
2363 1437 1489 1488
2364 236 1489 1490
2365 1438 1439 1490
2366 1438 1490 1489
2367 1439 1440 1491
2368 1439 1491 1490
2369 1440 1441 1492
2370 1440 1492 1491
2371 1441 1442 1493
2372 1441 1493 1492
2373 1442 1443 1494
2374 1442 1494 1493
2375 1443 1444 1495
2376 1443 1495 1494
2377 1444 1445 1496
2378 1444 1496 1495
2379 1445 1446 1497
2380 1445 1497 1496
2381 1086 1498 1395
2382 1395 1498 1446
2383 1446 1498 1497
2384 1447 1448 1499
2385 1448 1449 1500
2386 1448 1500 1499
2387 1449 1450 1501
2388 1449 1501 1500
2389 1450 1451 1502
2390 1450 1502 1501
2391 1451 1452 1503
2392 1451 1503 1502
2393 1452 1453 1504
2394 1452 1504 1503
2395 1453 1454 1505
2396 1453 1505 1504
2397 1454 1455 1506
2398 1454 1506 1505
2399 1455 1456 1507
2400 1455 1507 1506
2401 1456 1457 1508
2402 1456 1508 1507
2403 1457 1458 1509
2404 1457 1509 1508
2405 1458 1459 1510
2406 1458 1510 1509
2407 1459 1460 1511
2408 1459 1511 1510
2409 1460 1461 1512
2410 1460 1512 1511
2411 1461 1462 1513
2412 1461 1513 1512
2413 1462 1463 1514
2414 1462 1514 1513
2415 95 1515 96
2416 96 1515 97
2417 97 1515 1464
2418 1463 1464 1515
2419 1463 1515 1514
2420 143 1535 144
2421 143 1481 1535
2422 144 1535 145
2423 1481 1482 1535
2424 222 1536 223
2425 1482 1483 1536
2426 1482 1536 1535
2427 224 1537 225
2428 225 1537 226
2429 226 1537 1484
2430 1483 1484 1537
2431 223 1537 224
2432 223 1536 1537
2433 1483 1537 1536
2434 236 1538 237
2435 236 1490 1538
2436 237 1538 238
2437 1490 1491 1538
2438 238 1538 239
2439 239 1538 1539
2440 1491 1492 1539
2441 1491 1539 1538
2442 1492 1493 1540
2443 1492 1540 1539
2444 1493 1494 1541
2445 1493 1541 1540
2446 1494 1495 1542
2447 1494 1542 1541
2448 1495 1496 1543
2449 1495 1543 1542
2450 1496 1497 1544
2451 1496 1544 1543
2452 1497 1498 1545
2453 1497 1545 1544
2454 1344 1447 1546
2455 1447 1499 1546
2456 1499 1500 1547
2457 1499 1547 1546
2458 1500 1501 1548
2459 1500 1548 1547
2460 1501 1502 1549
2461 1501 1549 1548
2462 1502 1503 1550
2463 1502 1550 1549
2464 1503 1504 1551
2465 1503 1551 1550
2466 1504 1505 1552
2467 1504 1552 1551
2468 1505 1506 1553
2469 1505 1553 1552
2470 1506 1507 1554
2471 1506 1554 1553
2472 1507 1508 1555
2473 1507 1555 1554
2474 1508 1509 1556
2475 1508 1556 1555
2476 1509 1510 1557
2477 1509 1557 1556
2478 1510 1511 1558
2479 1510 1558 1557
2480 1511 1512 1559
2481 1511 1559 1558
2482 1512 1513 1560
2483 1512 1560 1559
2484 1513 1514 1561
2485 1513 1561 1560
2486 94 1562 95
2487 95 1562 1515
2488 1514 1515 1562
2489 93 1562 94
2490 1514 1562 1561
2491 145 1583 146
2492 145 1535 1583
2493 146 1583 221
2494 221 1583 222
2495 222 1583 1536
2496 1535 1536 1583
2497 240 1587 241
2498 239 1587 240
2499 239 1539 1587
2500 1539 1540 1587
2501 1540 1541 1588
2502 1540 1588 1587
2503 1541 1542 1589
2504 1541 1589 1588
2505 1542 1543 1590
2506 1542 1590 1589
2507 1543 1544 1591
2508 1543 1591 1590
2509 1544 1545 1592
2510 1544 1592 1591
2511 1498 1593 1545
2512 1545 1593 1592
2513 1546 1547 1594
2514 1547 1548 1595
2515 1547 1595 1594
2516 1548 1549 1596
2517 1548 1596 1595
2518 1549 1550 1597
2519 1549 1597 1596
2520 1550 1551 1598
2521 1550 1598 1597
2522 1551 1552 1599
2523 1551 1599 1598
2524 1552 1553 1600
2525 1552 1600 1599
2526 1553 1554 1601
2527 1553 1601 1600
2528 1554 1555 1602
2529 1554 1602 1601
2530 1555 1556 1603
2531 1555 1603 1602
2532 1556 1557 1604
2533 1556 1604 1603
2534 1557 1558 1605
2535 1557 1605 1604
2536 1558 1559 1606
2537 1558 1606 1605
2538 1559 1560 1607
2539 1559 1607 1606
2540 1560 1561 1608
2541 1560 1608 1607
2542 92 1609 93
2543 93 1609 1562
2544 1561 1562 1609
2545 91 1609 92
2546 1561 1609 1608
2547 241 1638 242
2548 241 1587 1638
2549 242 1638 243
2550 1587 1588 1638
2551 243 1639 244
2552 243 1638 1639
2553 1588 1589 1639
2554 1588 1639 1638
2555 1589 1590 1640
2556 1589 1640 1639
2557 1590 1591 1641
2558 1590 1641 1640
2559 1591 1592 1642
2560 1591 1642 1641
2561 1592 1593 1643
2562 1592 1643 1642
2563 1546 1594 1644
2564 1594 1595 1645
2565 1594 1645 1644
2566 1595 1596 1646
2567 1595 1646 1645
2568 1596 1597 1647
2569 1596 1647 1646
2570 1597 1598 1648
2571 1597 1648 1647
2572 1598 1599 1649
2573 1598 1649 1648
2574 1599 1600 1650
2575 1599 1650 1649
2576 1600 1601 1651
2577 1600 1651 1650
2578 1601 1602 1652
2579 1601 1652 1651
2580 1602 1603 1653
2581 1602 1653 1652
2582 1603 1604 1654
2583 1603 1654 1653
2584 1604 1605 1655
2585 1604 1655 1654
2586 1605 1606 1656
2587 1605 1656 1655
2588 1606 1607 1657
2589 1606 1657 1656
2590 1607 1608 1658
2591 1607 1658 1657
2592 90 1659 91
2593 91 1659 1609
2594 1608 1609 1659
2595 89 1659 90
2596 1608 1659 1658
2597 244 1690 245
2598 244 1639 1690
2599 245 1690 246
2600 1639 1640 1690
2601 1640 1641 1691
2602 1640 1691 1690
2603 1641 1642 1692
2604 1641 1692 1691
2605 1642 1643 1693
2606 1642 1693 1692
2607 1593 1694 1643
2608 1643 1694 1693
2609 1644 1645 1695
2610 1645 1646 1696
2611 1645 1696 1695
2612 1646 1647 1697
2613 1646 1697 1696
2614 1647 1648 1698
2615 1647 1698 1697
2616 1648 1649 1699
2617 1648 1699 1698
2618 1649 1650 1700
2619 1649 1700 1699
2620 1650 1651 1701
2621 1650 1701 1700
2622 1651 1652 1702
2623 1651 1702 1701
2624 1652 1653 1703
2625 1652 1703 1702
2626 1653 1654 1704
2627 1653 1704 1703
2628 1654 1655 1705
2629 1654 1705 1704
2630 1655 1656 1706
2631 1655 1706 1705
2632 1656 1657 1707
2633 1656 1707 1706
2634 1657 1658 1708
2635 1657 1708 1707
2636 88 1709 89
2637 89 1709 1659
2638 87 1709 88
2639 1658 1659 1709
2640 1658 1709 1708
2641 246 1741 247
2642 246 1690 1741
2643 247 1741 248
2644 1690 1691 1741
2645 1691 1692 1742
2646 1691 1742 1741
2647 1692 1693 1743
2648 1692 1743 1742
2649 1693 1694 1744
2650 1693 1744 1743
2651 920 1344 1745
2652 1344 1546 1745
2653 1546 1644 1745
2654 1644 1695 1745
2655 1695 1696 1746
2656 1695 1746 1745
2657 1696 1697 1747
2658 1696 1747 1746
2659 1697 1698 1748
2660 1697 1748 1747
2661 1698 1699 1749
2662 1698 1749 1748
2663 1699 1700 1750
2664 1699 1750 1749
2665 1700 1701 1751
2666 1700 1751 1750
2667 1701 1702 1752
2668 1701 1752 1751
2669 1702 1703 1753
2670 1702 1753 1752
2671 1703 1704 1754
2672 1703 1754 1753
2673 1704 1705 1755
2674 1704 1755 1754
2675 1705 1706 1756
2676 1705 1756 1755
2677 1706 1707 1757
2678 1706 1757 1756
2679 1707 1708 1758
2680 1707 1758 1757
2681 86 1759 87
2682 87 1759 1709
2683 1708 1709 1759
2684 1708 1759 1758
2685 248 1741 1790
2686 1741 1742 1790
2687 1742 1743 1791
2688 1742 1791 1790
2689 1743 1744 1792
2690 1743 1792 1791
2691 1593 1793 1694
2692 1694 1793 1744
2693 1744 1793 1792
2694 1745 1746 1794
2695 1746 1747 1795
2696 1746 1795 1794
2697 1747 1748 1796
2698 1747 1796 1795
2699 1748 1749 1797
2700 1748 1797 1796
2701 1749 1750 1798
2702 1749 1798 1797
2703 1750 1751 1799
2704 1750 1799 1798
2705 1751 1752 1800
2706 1751 1800 1799
2707 1752 1753 1801
2708 1752 1801 1800
2709 1753 1754 1802
2710 1753 1802 1801
2711 1754 1755 1803
2712 1754 1803 1802
2713 1755 1756 1804
2714 1755 1804 1803
2715 1756 1757 1805
2716 1756 1805 1804
2717 1757 1758 1806
2718 1757 1806 1805
2719 1758 1759 1807
2720 1758 1807 1806
2721 85 1808 86
2722 86 1808 1759
2723 84 1808 85
2724 1759 1808 1807
2725 248 1841 249
2726 248 1790 1841
2727 250 1841 251
2728 249 1841 250
2729 1790 1791 1842
2730 1790 1842 1841
2731 1791 1792 1843
2732 1791 1843 1842
2733 1792 1793 1844
2734 1792 1844 1843
2735 1745 1794 1845
2736 1794 1795 1846
2737 1794 1846 1845
2738 1795 1796 1847
2739 1795 1847 1846
2740 1796 1797 1848
2741 1796 1848 1847
2742 1797 1798 1849
2743 1797 1849 1848
2744 1798 1799 1850
2745 1798 1850 1849
2746 1799 1800 1851
2747 1799 1851 1850
2748 1800 1801 1852
2749 1800 1852 1851
2750 1801 1802 1853
2751 1801 1853 1852
2752 1802 1803 1854
2753 1802 1854 1853
2754 1803 1804 1855
2755 1803 1855 1854
2756 1804 1805 1856
2757 1804 1856 1855
2758 1805 1806 1857
2759 1805 1857 1856
2760 1806 1807 1858
2761 1806 1858 1857
2762 83 1859 84
2763 84 1859 1808
2764 82 1859 83
2765 1807 1808 1859
2766 1807 1859 1858
2767 251 1892 252
2768 251 1841 1892
2769 1841 1842 1892
2770 1842 1843 1893
2771 1842 1893 1892
2772 1843 1844 1894
2773 1843 1894 1893
2774 1793 1895 1844
2775 1844 1895 1894
2776 1845 1846 1896
2777 1846 1847 1897
2778 1846 1897 1896
2779 1847 1848 1898
2780 1847 1898 1897
2781 1848 1849 1899
2782 1848 1899 1898
2783 1849 1850 1900
2784 1849 1900 1899
2785 1850 1851 1901
2786 1850 1901 1900
2787 1851 1852 1902
2788 1851 1902 1901
2789 1852 1853 1903
2790 1852 1903 1902
2791 1853 1854 1904
2792 1853 1904 1903
2793 1854 1855 1905
2794 1854 1905 1904
2795 1855 1856 1906
2796 1855 1906 1905
2797 1856 1857 1907
2798 1856 1907 1906
2799 1857 1858 1908
2800 1857 1908 1907
2801 81 1909 82
2802 82 1909 1859
2803 1858 1859 1909
2804 1858 1909 1908
2805 252 1942 253
2806 252 1892 1942
2807 1892 1893 1942
2808 1893 1894 1943
2809 1893 1943 1942
2810 1894 1895 1944
2811 1894 1944 1943
2812 1745 1845 1945
2813 1845 1896 1945
2814 1896 1897 1946
2815 1896 1946 1945
2816 1897 1898 1947
2817 1897 1947 1946
2818 1898 1899 1948
2819 1898 1948 1947
2820 1899 1900 1949
2821 1899 1949 1948
2822 1900 1901 1950
2823 1900 1950 1949
2824 1901 1902 1951
2825 1901 1951 1950
2826 1902 1903 1952
2827 1902 1952 1951
2828 1903 1904 1953
2829 1903 1953 1952
2830 1904 1905 1954
2831 1904 1954 1953
2832 1905 1906 1955
2833 1905 1955 1954
2834 1906 1907 1956
2835 1906 1956 1955
2836 1907 1908 1957
2837 1907 1957 1956
2838 1908 1909 1958
2839 1908 1958 1957
2840 80 1959 81
2841 81 1959 1909
2842 79 1959 80
2843 1909 1959 1958
2844 160 253 1993
2845 253 1942 1993
2846 160 1993 161
2847 161 1993 162
2848 1942 1943 1994
2849 1942 1994 1993
2850 1943 1944 1995
2851 1943 1995 1994
2852 1593 1996 1793
2853 1793 1996 1895
2854 1895 1996 1944
2855 1944 1996 1995
2856 1945 1946 1997
2857 1946 1947 1998
2858 1946 1998 1997
2859 1947 1948 1999
2860 1947 1999 1998
2861 1948 1949 2000
2862 1948 2000 1999
2863 1949 1950 2001
2864 1949 2001 2000
2865 1950 1951 2002
2866 1950 2002 2001
2867 1951 1952 2003
2868 1951 2003 2002
2869 1952 1953 2004
2870 1952 2004 2003
2871 1953 1954 2005
2872 1953 2005 2004
2873 1954 1955 2006
2874 1954 2006 2005
2875 1955 1956 2007
2876 1955 2007 2006
2877 1956 1957 2008
2878 1956 2008 2007
2879 1957 1958 2009
2880 1957 2009 2008
2881 78 2010 79
2882 79 2010 1959
2883 1958 1959 2010
2884 1958 2010 2009
2885 162 1993 2043
2886 1993 1994 2043
2887 1994 1995 2044
2888 1994 2044 2043
2889 1995 1996 2045
2890 1995 2045 2044
2891 1945 1997 2046
2892 1997 1998 2047
2893 1997 2047 2046
2894 1998 1999 2048
2895 1998 2048 2047
2896 1999 2000 2049
2897 1999 2049 2048
2898 2000 2001 2050
2899 2000 2050 2049
2900 2001 2002 2051
2901 2001 2051 2050
2902 2002 2003 2052
2903 2002 2052 2051
2904 2003 2004 2053
2905 2003 2053 2052
2906 2004 2005 2054
2907 2004 2054 2053
2908 2005 2006 2055
2909 2005 2055 2054
2910 2006 2007 2056
2911 2006 2056 2055
2912 2007 2008 2057
2913 2007 2057 2056
2914 2008 2009 2058
2915 2008 2058 2057
2916 2009 2010 2059
2917 2009 2059 2058
2918 77 2060 78
2919 78 2060 2010
2920 76 2060 77
2921 2010 2060 2059
2922 162 2093 163
2923 162 2043 2093
2924 163 2093 164
2925 2043 2044 2094
2926 2043 2094 2093
2927 2044 2045 2095
2928 2044 2095 2094
2929 1996 2096 2045
2930 2045 2096 2095
2931 2046 2047 2097
2932 2047 2048 2098
2933 2047 2098 2097
2934 2048 2049 2099
2935 2048 2099 2098
2936 2049 2050 2100
2937 2049 2100 2099
2938 2050 2051 2101
2939 2050 2101 2100
2940 2051 2052 2102
2941 2051 2102 2101
2942 2052 2053 2103
2943 2052 2103 2102
2944 2053 2054 2104
2945 2053 2104 2103
2946 2054 2055 2105
2947 2054 2105 2104
2948 2055 2056 2106
2949 2055 2106 2105
2950 2056 2057 2107
2951 2056 2107 2106
2952 2057 2058 2108
2953 2057 2108 2107
2954 2058 2059 2109
2955 2058 2109 2108
2956 2059 2060 2110
2957 2059 2110 2109
2958 75 2111 76
2959 76 2111 2060
2960 74 2111 75
2961 2060 2111 2110
2962 164 2144 165
2963 164 2093 2144
2964 165 2144 166
2965 2093 2094 2145
2966 2093 2145 2144
2967 2094 2095 2146
2968 2094 2146 2145
2969 2095 2096 2147
2970 2095 2147 2146
2971 2046 2097 2148
2972 2097 2098 2149
2973 2097 2149 2148
2974 2098 2099 2150
2975 2098 2150 2149
2976 2099 2100 2151
2977 2099 2151 2150
2978 2100 2101 2152
2979 2100 2152 2151
2980 2101 2102 2153
2981 2101 2153 2152
2982 2102 2103 2154
2983 2102 2154 2153
2984 2103 2104 2155
2985 2103 2155 2154
2986 2104 2105 2156
2987 2104 2156 2155
2988 2105 2106 2157
2989 2105 2157 2156
2990 2106 2107 2158
2991 2106 2158 2157
2992 2107 2108 2159
2993 2107 2159 2158
2994 2108 2109 2160
2995 2108 2160 2159
2996 2109 2110 2161
2997 2109 2161 2160
2998 73 2162 74
2999 74 2162 2111
3000 2110 2111 2162
3001 2110 2162 2161
3002 166 2193 167
3003 166 2144 2193
3004 167 2193 168
3005 2144 2145 2194
3006 2144 2194 2193
3007 2145 2146 2195
3008 2145 2195 2194
3009 2146 2147 2196
3010 2146 2196 2195
3011 2096 2197 2147
3012 2147 2197 2196
3013 2148 2149 2198
3014 2149 2150 2199
3015 2149 2199 2198
3016 2150 2151 2200
3017 2150 2200 2199
3018 2151 2152 2201
3019 2151 2201 2200
3020 2152 2153 2202
3021 2152 2202 2201
3022 2153 2154 2203
3023 2153 2203 2202
3024 2154 2155 2204
3025 2154 2204 2203
3026 2155 2156 2205
3027 2155 2205 2204
3028 2156 2157 2206
3029 2156 2206 2205
3030 2157 2158 2207
3031 2157 2207 2206
3032 2158 2159 2208
3033 2158 2208 2207
3034 2159 2160 2209
3035 2159 2209 2208
3036 2160 2161 2210
3037 2160 2210 2209
3038 2161 2162 2211
3039 2161 2211 2210
3040 72 2212 73
3041 73 2212 2162
3042 71 2212 72
3043 2162 2212 2211
3044 169 2243 170
3045 168 2243 169
3046 168 2193 2243
3047 2193 2194 2244
3048 2193 2244 2243
3049 2194 2195 2245
3050 2194 2245 2244
3051 2195 2196 2246
3052 2195 2246 2245
3053 2196 2197 2247
3054 2196 2247 2246
3055 2148 2198 2248
3056 2198 2199 2249
3057 2198 2249 2248
3058 2199 2200 2250
3059 2199 2250 2249
3060 2200 2201 2251
3061 2200 2251 2250
3062 2201 2202 2252
3063 2201 2252 2251
3064 2202 2203 2253
3065 2202 2253 2252
3066 2203 2204 2254
3067 2203 2254 2253
3068 2204 2205 2255
3069 2204 2255 2254
3070 2205 2206 2256
3071 2205 2256 2255
3072 2206 2207 2257
3073 2206 2257 2256
3074 2207 2208 2258
3075 2207 2258 2257
3076 2208 2209 2259
3077 2208 2259 2258
3078 2209 2210 2260
3079 2209 2260 2259
3080 2210 2211 2261
3081 2210 2261 2260
3082 2211 2212 2262
3083 2211 2262 2261
3084 70 2263 71
3085 71 2263 2212
3086 69 2263 70
3087 2212 2263 2262
3088 171 2294 172
3089 170 2294 171
3090 170 2243 2294
3091 2243 2244 2295
3092 2243 2295 2294
3093 2244 2245 2296
3094 2244 2296 2295
3095 2245 2246 2297
3096 2245 2297 2296
3097 2246 2247 2298
3098 2246 2298 2297
3099 2096 2299 2197
3100 2197 2299 2247
3101 2247 2299 2298
3102 2248 2249 2300
3103 2249 2250 2301
3104 2249 2301 2300
3105 2250 2251 2302
3106 2250 2302 2301
3107 2251 2252 2303
3108 2251 2303 2302
3109 2252 2253 2304
3110 2252 2304 2303
3111 2253 2254 2305
3112 2253 2305 2304
3113 2254 2255 2306
3114 2254 2306 2305
3115 2255 2256 2307
3116 2255 2307 2306
3117 2256 2257 2308
3118 2256 2308 2307
3119 2257 2258 2309
3120 2257 2309 2308
3121 2258 2259 2310
3122 2258 2310 2309
3123 2259 2260 2311
3124 2259 2311 2310
3125 2260 2261 2312
3126 2260 2312 2311
3127 2261 2262 2313
3128 2261 2313 2312
3129 2262 2263 2314
3130 2262 2314 2313
3131 68 2315 69
3132 69 2315 2263
3133 2263 2315 2314
3134 172 2343 173
3135 172 2294 2343
3136 173 2343 174
3137 2294 2295 2344
3138 2294 2344 2343
3139 2295 2296 2345
3140 2295 2345 2344
3141 2296 2297 2346
3142 2296 2346 2345
3143 2297 2298 2347
3144 2297 2347 2346
3145 2298 2299 2348
3146 2298 2348 2347
3147 2248 2300 2349
3148 2300 2301 2350
3149 2300 2350 2349
3150 2301 2302 2351
3151 2301 2351 2350
3152 2302 2303 2352
3153 2302 2352 2351
3154 2303 2304 2353
3155 2303 2353 2352
3156 2304 2305 2354
3157 2304 2354 2353
3158 2305 2306 2355
3159 2305 2355 2354
3160 2306 2307 2356
3161 2306 2356 2355
3162 2307 2308 2357
3163 2307 2357 2356
3164 2308 2309 2358
3165 2308 2358 2357
3166 2309 2310 2359
3167 2309 2359 2358
3168 2310 2311 2360
3169 2310 2360 2359
3170 2311 2312 2361
3171 2311 2361 2360
3172 2312 2313 2362
3173 2312 2362 2361
3174 2313 2314 2363
3175 2313 2363 2362
3176 2314 2315 2364
3177 2314 2364 2363
3178 67 2365 68
3179 68 2365 2315
3180 66 2365 67
3181 2315 2365 2364
3182 16 2386 17
3183 191 2386 192
3184 15 2386 16
3185 15 193 2386
3186 192 2386 193
3187 174 2387 175
3188 175 2387 176
3189 176 2387 177
3190 174 2343 2388
3191 174 2388 2387
3192 2343 2344 2389
3193 2343 2389 2388
3194 2344 2345 2390
3195 2344 2390 2389
3196 2345 2346 2391
3197 2345 2391 2390
3198 2346 2347 2392
3199 2346 2392 2391
3200 2347 2348 2393
3201 2347 2393 2392
3202 2299 2394 2348
3203 2348 2394 2393
3204 2349 2350 2395
3205 2350 2351 2396
3206 2350 2396 2395
3207 2351 2352 2397
3208 2351 2397 2396
3209 2352 2353 2398
3210 2352 2398 2397
3211 2353 2354 2399
3212 2353 2399 2398
3213 2354 2355 2400
3214 2354 2400 2399
3215 2355 2356 2401
3216 2355 2401 2400
3217 2356 2357 2402
3218 2356 2402 2401
3219 2357 2358 2403
3220 2357 2403 2402
3221 2358 2359 2404
3222 2358 2404 2403
3223 2359 2360 2405
3224 2359 2405 2404
3225 2360 2361 2406
3226 2360 2406 2405
3227 2361 2362 2407
3228 2361 2407 2406
3229 2362 2363 2408
3230 2362 2408 2407
3231 2363 2364 2409
3232 2363 2409 2408
3233 2364 2365 2410
3234 2364 2410 2409
3235 65 2411 66
3236 66 2411 2365
3237 64 2411 65
3238 2365 2411 2410
3239 18 2429 19
3240 17 2429 18
3241 17 2386 2429
3242 191 2430 2386
3243 2386 2430 2429
3244 190 2431 191
3245 191 2431 2430
3246 189 2431 190
3247 187 2432 188
3248 188 2432 189
3249 189 2432 2431
3250 184 2433 185
3251 185 2433 186
3252 186 2433 187
3253 187 2433 2432
3254 179 2434 180
3255 180 2434 181
3256 181 2434 182
3257 177 2435 178
3258 178 2435 179
3259 179 2435 2434
3260 177 2387 2436
3261 177 2436 2435
3262 2387 2388 2437
3263 2387 2437 2436
3264 2388 2389 2438
3265 2388 2438 2437
3266 2389 2390 2439
3267 2389 2439 2438
3268 2390 2391 2440
3269 2390 2440 2439
3270 2391 2392 2441
3271 2391 2441 2440
3272 2392 2393 2442
3273 2392 2442 2441
3274 2393 2394 2443
3275 2393 2443 2442
3276 2248 2349 2444
3277 2349 2395 2444
3278 2395 2396 2445
3279 2395 2445 2444
3280 2396 2397 2446
3281 2396 2446 2445
3282 2397 2398 2447
3283 2397 2447 2446
3284 2398 2399 2448
3285 2398 2448 2447
3286 2399 2400 2449
3287 2399 2449 2448
3288 2400 2401 2450
3289 2400 2450 2449
3290 2401 2402 2451
3291 2401 2451 2450
3292 2402 2403 2452
3293 2402 2452 2451
3294 2403 2404 2453
3295 2403 2453 2452
3296 2404 2405 2454
3297 2404 2454 2453
3298 2405 2406 2455
3299 2405 2455 2454
3300 2406 2407 2456
3301 2406 2456 2455
3302 2407 2408 2457
3303 2407 2457 2456
3304 2408 2409 2458
3305 2408 2458 2457
3306 2409 2410 2459
3307 2409 2459 2458
3308 2410 2411 2460
3309 2410 2460 2459
3310 63 2461 64
3311 64 2461 2411
3312 62 2461 63
3313 2411 2461 2460
3314 20 2478 21
3315 19 2478 20
3316 19 2429 2478
3317 2429 2430 2479
3318 2429 2479 2478
3319 2430 2431 2480
3320 2430 2480 2479
3321 2431 2432 2481
3322 2431 2481 2480
3323 2432 2433 2482
3324 2432 2482 2481
3325 184 2483 2433
3326 2433 2483 2482
3327 183 2484 184
3328 184 2484 2483
3329 182 2484 183
3330 182 2434 2485
3331 182 2485 2484
3332 2434 2435 2486
3333 2434 2486 2485
3334 2435 2436 2487
3335 2435 2487 2486
3336 2436 2437 2488
3337 2436 2488 2487
3338 2437 2438 2489
3339 2437 2489 2488
3340 2438 2439 2490
3341 2438 2490 2489
3342 2439 2440 2491
3343 2439 2491 2490
3344 2440 2441 2492
3345 2440 2492 2491
3346 2441 2442 2493
3347 2441 2493 2492
3348 2442 2443 2494
3349 2442 2494 2493
3350 2096 2495 2299
3351 2299 2495 2394
3352 2394 2495 2443
3353 2443 2495 2494
3354 2444 2445 2496
3355 2445 2446 2497
3356 2445 2497 2496
3357 2446 2447 2498
3358 2446 2498 2497
3359 2447 2448 2499
3360 2447 2499 2498
3361 2448 2449 2500
3362 2448 2500 2499
3363 2449 2450 2501
3364 2449 2501 2500
3365 2450 2451 2502
3366 2450 2502 2501
3367 2451 2452 2503
3368 2451 2503 2502
3369 2452 2453 2504
3370 2452 2504 2503
3371 2453 2454 2505
3372 2453 2505 2504
3373 2454 2455 2506
3374 2454 2506 2505
3375 2455 2456 2507
3376 2455 2507 2506
3377 2456 2457 2508
3378 2456 2508 2507
3379 2457 2458 2509
3380 2457 2509 2508
3381 2458 2459 2510
3382 2458 2510 2509
3383 2459 2460 2511
3384 2459 2511 2510
3385 2460 2461 2512
3386 2460 2512 2511
3387 61 2513 62
3388 62 2513 2461
3389 2461 2513 2512
3390 60 2514 61
3391 61 2514 2513
3392 59 2514 60
3393 22 2528 23
3394 21 2528 22
3395 23 2528 24
3396 21 2478 2529
3397 21 2529 2528
3398 2478 2479 2530
3399 2478 2530 2529
3400 2479 2480 2531
3401 2479 2531 2530
3402 2480 2481 2532
3403 2480 2532 2531
3404 2481 2482 2533
3405 2481 2533 2532
3406 2482 2483 2534
3407 2482 2534 2533
3408 2483 2484 2535
3409 2483 2535 2534
3410 2484 2485 2536
3411 2484 2536 2535
3412 2485 2486 2537
3413 2485 2537 2536
3414 2486 2487 2538
3415 2486 2538 2537
3416 2487 2488 2539
3417 2487 2539 2538
3418 2488 2489 2540
3419 2488 2540 2539
3420 2489 2490 2541
3421 2489 2541 2540
3422 2490 2491 2542
3423 2490 2542 2541
3424 2491 2492 2543
3425 2491 2543 2542
3426 2492 2493 2544
3427 2492 2544 2543
3428 2493 2494 2545
3429 2493 2545 2544
3430 2494 2495 2546
3431 2494 2546 2545
3432 2046 2148 2547
3433 2148 2248 2547
3434 2248 2444 2547
3435 2444 2496 2547
3436 2496 2497 2548
3437 2496 2548 2547
3438 2497 2498 2549
3439 2497 2549 2548
3440 2498 2499 2550
3441 2498 2550 2549
3442 2499 2500 2551
3443 2499 2551 2550
3444 2500 2501 2552
3445 2500 2552 2551
3446 2501 2502 2553
3447 2501 2553 2552
3448 2502 2503 2554
3449 2502 2554 2553
3450 2503 2504 2555
3451 2503 2555 2554
3452 2504 2505 2556
3453 2504 2556 2555
3454 2505 2506 2557
3455 2505 2557 2556
3456 2506 2507 2558
3457 2506 2558 2557
3458 2507 2508 2559
3459 2507 2559 2558
3460 2508 2509 2560
3461 2508 2560 2559
3462 2509 2510 2561
3463 2509 2561 2560
3464 2510 2511 2562
3465 2510 2562 2561
3466 2511 2512 2563
3467 2511 2563 2562
3468 2512 2513 2564
3469 2512 2564 2563
3470 2513 2514 2565
3471 2513 2565 2564
3472 58 2566 59
3473 59 2566 2514
3474 57 2566 58
3475 2514 2566 2565
3476 25 2577 26
3477 24 2577 25
3478 24 2528 2577
3479 2528 2529 2578
3480 2528 2578 2577
3481 2529 2530 2579
3482 2529 2579 2578
3483 2530 2531 2580
3484 2530 2580 2579
3485 2531 2532 2581
3486 2531 2581 2580
3487 2532 2533 2582
3488 2532 2582 2581
3489 2533 2534 2583
3490 2533 2583 2582
3491 2534 2535 2584
3492 2534 2584 2583
3493 2535 2536 2585
3494 2535 2585 2584
3495 2536 2537 2586
3496 2536 2586 2585
3497 2537 2538 2587
3498 2537 2587 2586
3499 2538 2539 2588
3500 2538 2588 2587
3501 2539 2540 2589
3502 2539 2589 2588
3503 2540 2541 2590
3504 2540 2590 2589
3505 2541 2542 2591
3506 2541 2591 2590
3507 2542 2543 2592
3508 2542 2592 2591
3509 2543 2544 2593
3510 2543 2593 2592
3511 2544 2545 2594
3512 2544 2594 2593
3513 2545 2546 2595
3514 2545 2595 2594
3515 2495 2596 2546
3516 2546 2596 2595
3517 2547 2548 2597
3518 2548 2549 2598
3519 2548 2598 2597
3520 2549 2550 2599
3521 2549 2599 2598
3522 2550 2551 2600
3523 2550 2600 2599
3524 2551 2552 2601
3525 2551 2601 2600
3526 2552 2553 2602
3527 2552 2602 2601
3528 2553 2554 2603
3529 2553 2603 2602
3530 2554 2555 2604
3531 2554 2604 2603
3532 2555 2556 2605
3533 2555 2605 2604
3534 2556 2557 2606
3535 2556 2606 2605
3536 2557 2558 2607
3537 2557 2607 2606
3538 2558 2559 2608
3539 2558 2608 2607
3540 2559 2560 2609
3541 2559 2609 2608
3542 2560 2561 2610
3543 2560 2610 2609
3544 2561 2562 2611
3545 2561 2611 2610
3546 2562 2563 2612
3547 2562 2612 2611
3548 2563 2564 2613
3549 2563 2613 2612
3550 2564 2565 2614
3551 2564 2614 2613
3552 2565 2566 2615
3553 2565 2615 2614
3554 56 2616 57
3555 57 2616 2566
3556 2566 2616 2615
3557 55 2617 56
3558 56 2617 2616
3559 54 2617 55
3560 26 2625 27
3561 27 2625 28
3562 28 2625 29
3563 26 2577 2626
3564 26 2626 2625
3565 2577 2578 2627
3566 2577 2627 2626
3567 2578 2579 2628
3568 2578 2628 2627
3569 2579 2580 2629
3570 2579 2629 2628
3571 2580 2581 2630
3572 2580 2630 2629
3573 2581 2582 2631
3574 2581 2631 2630
3575 2582 2583 2632
3576 2582 2632 2631
3577 2583 2584 2633
3578 2583 2633 2632
3579 2584 2585 2634
3580 2584 2634 2633
3581 2585 2586 2635
3582 2585 2635 2634
3583 2586 2587 2636
3584 2586 2636 2635
3585 2587 2588 2637
3586 2587 2637 2636
3587 2588 2589 2638
3588 2588 2638 2637
3589 2589 2590 2639
3590 2589 2639 2638
3591 2590 2591 2640
3592 2590 2640 2639
3593 2591 2592 2641
3594 2591 2641 2640
3595 2592 2593 2642
3596 2592 2642 2641
3597 2593 2594 2643
3598 2593 2643 2642
3599 2594 2595 2644
3600 2594 2644 2643
3601 2595 2596 2645
3602 2595 2645 2644
3603 2547 2597 2646
3604 2597 2598 2647
3605 2597 2647 2646
3606 2598 2599 2648
3607 2598 2648 2647
3608 2599 2600 2649
3609 2599 2649 2648
3610 2600 2601 2650
3611 2600 2650 2649
3612 2601 2602 2651
3613 2601 2651 2650
3614 2602 2603 2652
3615 2602 2652 2651
3616 2603 2604 2653
3617 2603 2653 2652
3618 2604 2605 2654
3619 2604 2654 2653
3620 2605 2606 2655
3621 2605 2655 2654
3622 2606 2607 2656
3623 2606 2656 2655
3624 2607 2608 2657
3625 2607 2657 2656
3626 2608 2609 2658
3627 2608 2658 2657
3628 2609 2610 2659
3629 2609 2659 2658
3630 2610 2611 2660
3631 2610 2660 2659
3632 2611 2612 2661
3633 2611 2661 2660
3634 2612 2613 2662
3635 2612 2662 2661
3636 2613 2614 2663
3637 2613 2663 2662
3638 2614 2615 2664
3639 2614 2664 2663
3640 2615 2616 2665
3641 2615 2665 2664
3642 2616 2617 2666
3643 2616 2666 2665
3644 53 2667 54
3645 54 2667 2617
3646 2617 2667 2666
3647 52 2668 53
3648 53 2668 2667
3649 51 2668 52
3650 50 2669 51
3651 51 2669 2668
3652 49 2669 50
3653 31 2670 32
3654 32 2670 33
3655 33 2670 34
3656 29 2671 30
3657 30 2671 31
3658 31 2671 2670
3659 29 2625 2672
3660 29 2672 2671
3661 2625 2626 2673
3662 2625 2673 2672
3663 2626 2627 2674
3664 2626 2674 2673
3665 2627 2628 2675
3666 2627 2675 2674
3667 2628 2629 2676
3668 2628 2676 2675
3669 2629 2630 2677
3670 2629 2677 2676
3671 2630 2631 2678
3672 2630 2678 2677
3673 2631 2632 2679
3674 2631 2679 2678
3675 2632 2633 2680
3676 2632 2680 2679
3677 2633 2634 2681
3678 2633 2681 2680
3679 2634 2635 2682
3680 2634 2682 2681
3681 2635 2636 2683
3682 2635 2683 2682
3683 2636 2637 2684
3684 2636 2684 2683
3685 2637 2638 2685
3686 2637 2685 2684
3687 2638 2639 2686
3688 2638 2686 2685
3689 2639 2640 2687
3690 2639 2687 2686
3691 2640 2641 2688
3692 2640 2688 2687
3693 2641 2642 2689
3694 2641 2689 2688
3695 2642 2643 2690
3696 2642 2690 2689
3697 2643 2644 2691
3698 2643 2691 2690
3699 2644 2645 2692
3700 2644 2692 2691
3701 2495 2693 2596
3702 2596 2693 2645
3703 2645 2693 2692
3704 2646 2647 2694
3705 2647 2648 2695
3706 2647 2695 2694
3707 2648 2649 2696
3708 2648 2696 2695
3709 2649 2650 2697
3710 2649 2697 2696
3711 2650 2651 2698
3712 2650 2698 2697
3713 2651 2652 2699
3714 2651 2699 2698
3715 2652 2653 2700
3716 2652 2700 2699
3717 2653 2654 2701
3718 2653 2701 2700
3719 2654 2655 2702
3720 2654 2702 2701
3721 2655 2656 2703
3722 2655 2703 2702
3723 2656 2657 2704
3724 2656 2704 2703
3725 2657 2658 2705
3726 2657 2705 2704
3727 2658 2659 2706
3728 2658 2706 2705
3729 2659 2660 2707
3730 2659 2707 2706
3731 2660 2661 2708
3732 2660 2708 2707
3733 2661 2662 2709
3734 2661 2709 2708
3735 2662 2663 2710
3736 2662 2710 2709
3737 2663 2664 2711
3738 2663 2711 2710
3739 2664 2665 2712
3740 2664 2712 2711
3741 2665 2666 2713
3742 2665 2713 2712
3743 2666 2667 2714
3744 2666 2714 2713
3745 2667 2668 2715
3746 2667 2715 2714
3747 2668 2669 2716
3748 2668 2716 2715
3749 48 2717 49
3750 49 2717 2669
3751 2669 2717 2716
3752 47 2718 48
3753 48 2718 2717
3754 46 2718 47
3755 45 2719 46
3756 46 2719 2718
3757 44 2719 45
3758 43 2720 44
3759 44 2720 2719
3760 42 2720 43
3761 40 2721 41
3762 41 2721 42
3763 42 2721 2720
3764 38 2722 39
3765 39 2722 40
3766 40 2722 2721
3767 36 2723 37
3768 37 2723 38
3769 38 2723 2722
3770 35 2724 36
3771 36 2724 2723
3772 34 2725 35
3773 35 2725 2724
3774 34 2670 2725
3775 2670 2671 2726
3776 2670 2726 2725
3777 2671 2672 2727
3778 2671 2727 2726
3779 2672 2673 2728
3780 2672 2728 2727
3781 2673 2674 2729
3782 2673 2729 2728
3783 2674 2675 2730
3784 2674 2730 2729
3785 2675 2676 2731
3786 2675 2731 2730
3787 2676 2677 2732
3788 2676 2732 2731
3789 2677 2678 2733
3790 2677 2733 2732
3791 2678 2679 2734
3792 2678 2734 2733
3793 2679 2680 2735
3794 2679 2735 2734
3795 2680 2681 2736
3796 2680 2736 2735
3797 2681 2682 2737
3798 2681 2737 2736
3799 2682 2683 2738
3800 2682 2738 2737
3801 2683 2684 2739
3802 2683 2739 2738
3803 2684 2685 2740
3804 2684 2740 2739
3805 2685 2686 2741
3806 2685 2741 2740
3807 2686 2687 2742
3808 2686 2742 2741
3809 2687 2688 2743
3810 2687 2743 2742
3811 2688 2689 2744
3812 2688 2744 2743
3813 2689 2690 2745
3814 2689 2745 2744
3815 2690 2691 2746
3816 2690 2746 2745
3817 2691 2692 2747
3818 2691 2747 2746
3819 2692 2693 2748
3820 2692 2748 2747
3821 2547 2646 2749
3822 2646 2694 2749
3823 2694 2695 2750
3824 2694 2750 2749
3825 2695 2696 2751
3826 2695 2751 2750
3827 2696 2697 2752
3828 2696 2752 2751
3829 2697 2698 2753
3830 2697 2753 2752
3831 2698 2699 2754
3832 2698 2754 2753
3833 2699 2700 2755
3834 2699 2755 2754
3835 2700 2701 2756
3836 2700 2756 2755
3837 2701 2702 2757
3838 2701 2757 2756
3839 2702 2703 2758
3840 2702 2758 2757
3841 2703 2704 2759
3842 2703 2759 2758
3843 2704 2705 2760
3844 2704 2760 2759
3845 2705 2706 2761
3846 2705 2761 2760
3847 2706 2707 2762
3848 2706 2762 2761
3849 2707 2708 2763
3850 2707 2763 2762
3851 2708 2709 2764
3852 2708 2764 2763
3853 2709 2710 2765
3854 2709 2765 2764
3855 2710 2711 2766
3856 2710 2766 2765
3857 2711 2712 2767
3858 2711 2767 2766
3859 2712 2713 2768
3860 2712 2768 2767
3861 2713 2714 2769
3862 2713 2769 2768
3863 2714 2715 2770
3864 2714 2770 2769
3865 2715 2716 2771
3866 2715 2771 2770
3867 2716 2717 2772
3868 2716 2772 2771
3869 2717 2718 2773
3870 2717 2773 2772
3871 2718 2719 2774
3872 2718 2774 2773
3873 2719 2720 2775
3874 2719 2775 2774
3875 2720 2721 2776
3876 2720 2776 2775
3877 2721 2722 2777
3878 2721 2777 2776
3879 2722 2723 2778
3880 2722 2778 2777
3881 2723 2724 2779
3882 2723 2779 2778
3883 2724 2725 2780
3884 2724 2780 2779
3885 2725 2726 2781
3886 2725 2781 2780
3887 2726 2727 2782
3888 2726 2782 2781
3889 2727 2728 2783
3890 2727 2783 2782
3891 2728 2729 2784
3892 2728 2784 2783
3893 2729 2730 2785
3894 2729 2785 2784
3895 2730 2731 2786
3896 2730 2786 2785
3897 2731 2732 2787
3898 2731 2787 2786
3899 2732 2733 2788
3900 2732 2788 2787
3901 2733 2734 2789
3902 2733 2789 2788
3903 2734 2735 2790
3904 2734 2790 2789
3905 2735 2736 2791
3906 2735 2791 2790
3907 2736 2737 2792
3908 2736 2792 2791
3909 2737 2738 2793
3910 2737 2793 2792
3911 2738 2739 2794
3912 2738 2794 2793
3913 2739 2740 2795
3914 2739 2795 2794
3915 2740 2741 2796
3916 2740 2796 2795
3917 2741 2742 2797
3918 2741 2797 2796
3919 2742 2743 2798
3920 2742 2798 2797
3921 2743 2744 2799
3922 2743 2799 2798
3923 2744 2745 2800
3924 2744 2800 2799
3925 2745 2746 2801
3926 2745 2801 2800
3927 2746 2747 2802
3928 2746 2802 2801
3929 2747 2748 2803
3930 2747 2803 2802
3931 2693 2804 2748
3932 2748 2804 2803
3933 2749 2750 2805
3934 2750 2751 2806
3935 2750 2806 2805
3936 2751 2752 2807
3937 2751 2807 2806
3938 2752 2753 2808
3939 2752 2808 2807
3940 2753 2754 2809
3941 2753 2809 2808
3942 2754 2755 2810
3943 2754 2810 2809
3944 2755 2756 2811
3945 2755 2811 2810
3946 2756 2757 2812
3947 2756 2812 2811
3948 2757 2758 2813
3949 2757 2813 2812
3950 2758 2759 2814
3951 2758 2814 2813
3952 2759 2760 2815
3953 2759 2815 2814
3954 2760 2761 2816
3955 2760 2816 2815
3956 2761 2762 2817
3957 2761 2817 2816
3958 2762 2763 2818
3959 2762 2818 2817
3960 2763 2764 2819
3961 2763 2819 2818
3962 2764 2765 2820
3963 2764 2820 2819
3964 2765 2766 2821
3965 2765 2821 2820
3966 2766 2767 2822
3967 2766 2822 2821
3968 2767 2768 2823
3969 2767 2823 2822
3970 2768 2769 2824
3971 2768 2824 2823
3972 2769 2770 2825
3973 2769 2825 2824
3974 2770 2771 2826
3975 2770 2826 2825
3976 2771 2772 2827
3977 2771 2827 2826
3978 2772 2773 2828
3979 2772 2828 2827
3980 2773 2774 2829
3981 2773 2829 2828
3982 2774 2775 2830
3983 2774 2830 2829
3984 2775 2776 2831
3985 2775 2831 2830
3986 2776 2777 2832
3987 2776 2832 2831
3988 2777 2778 2833
3989 2777 2833 2832
3990 2778 2779 2834
3991 2778 2834 2833
3992 2779 2780 2835
3993 2779 2835 2834
3994 2780 2781 2836
3995 2780 2836 2835
3996 2781 2782 2837
3997 2781 2837 2836
3998 2782 2783 2838
3999 2782 2838 2837
4000 2783 2784 2839
4001 2783 2839 2838
4002 2784 2785 2840
4003 2784 2840 2839
4004 2785 2786 2841
4005 2785 2841 2840
4006 2786 2787 2842
4007 2786 2842 2841
4008 2787 2788 2843
4009 2787 2843 2842
4010 2788 2789 2844
4011 2788 2844 2843
4012 2789 2790 2845
4013 2789 2845 2844
4014 2790 2791 2846
4015 2790 2846 2845
4016 2791 2792 2847
4017 2791 2847 2846
4018 2792 2793 2848
4019 2792 2848 2847
4020 2793 2794 2849
4021 2793 2849 2848
4022 2794 2795 2850
4023 2794 2850 2849
4024 2795 2796 2851
4025 2795 2851 2850
4026 2796 2797 2852
4027 2796 2852 2851
4028 2797 2798 2853
4029 2797 2853 2852
4030 2798 2799 2854
4031 2798 2854 2853
4032 2799 2800 2855
4033 2799 2855 2854
4034 2800 2801 2856
4035 2800 2856 2855
4036 2801 2802 2857
4037 2801 2857 2856
4038 2802 2803 2858
4039 2802 2858 2857
4040 2803 2804 2859
4041 2803 2859 2858
4042 2749 2805 2860
4043 2805 2806 2861
4044 2805 2861 2860
4045 2806 2807 2862
4046 2806 2862 2861
4047 2807 2808 2863
4048 2807 2863 2862
4049 2808 2809 2864
4050 2808 2864 2863
4051 2809 2810 2865
4052 2809 2865 2864
4053 2810 2811 2866
4054 2810 2866 2865
4055 2811 2812 2867
4056 2811 2867 2866
4057 2812 2813 2868
4058 2812 2868 2867
4059 2813 2814 2869
4060 2813 2869 2868
4061 2814 2815 2870
4062 2814 2870 2869
4063 2815 2816 2871
4064 2815 2871 2870
4065 2816 2817 2872
4066 2816 2872 2871
4067 2817 2818 2873
4068 2817 2873 2872
4069 2818 2819 2874
4070 2818 2874 2873
4071 2819 2820 2875
4072 2819 2875 2874
4073 2820 2821 2876
4074 2820 2876 2875
4075 2821 2822 2877
4076 2821 2877 2876
4077 2822 2823 2878
4078 2822 2878 2877
4079 2823 2824 2879
4080 2823 2879 2878
4081 2824 2825 2880
4082 2824 2880 2879
4083 2825 2826 2881
4084 2825 2881 2880
4085 2826 2827 2882
4086 2826 2882 2881
4087 2827 2828 2883
4088 2827 2883 2882
4089 2828 2829 2884
4090 2828 2884 2883
4091 2829 2830 2885
4092 2829 2885 2884
4093 2830 2831 2886
4094 2830 2886 2885
4095 2831 2832 2887
4096 2831 2887 2886
4097 2832 2833 2888
4098 2832 2888 2887
4099 2833 2834 2889
4100 2833 2889 2888
4101 2834 2835 2890
4102 2834 2890 2889
4103 2835 2836 2891
4104 2835 2891 2890
4105 2836 2837 2892
4106 2836 2892 2891
4107 2837 2838 2893
4108 2837 2893 2892
4109 2838 2839 2894
4110 2838 2894 2893
4111 2839 2840 2895
4112 2839 2895 2894
4113 2840 2841 2896
4114 2840 2896 2895
4115 2841 2842 2897
4116 2841 2897 2896
4117 2842 2843 2898
4118 2842 2898 2897
4119 2843 2844 2899
4120 2843 2899 2898
4121 2844 2845 2900
4122 2844 2900 2899
4123 2845 2846 2901
4124 2845 2901 2900
4125 2846 2847 2902
4126 2846 2902 2901
4127 2847 2848 2903
4128 2847 2903 2902
4129 2848 2849 2904
4130 2848 2904 2903
4131 2849 2850 2905
4132 2849 2905 2904
4133 2850 2851 2906
4134 2850 2906 2905
4135 2851 2852 2907
4136 2851 2907 2906
4137 2852 2853 2908
4138 2852 2908 2907
4139 2853 2854 2909
4140 2853 2909 2908
4141 2854 2855 2910
4142 2854 2910 2909
4143 2855 2856 2911
4144 2855 2911 2910
4145 2856 2857 2912
4146 2856 2912 2911
4147 2857 2858 2913
4148 2857 2913 2912
4149 2858 2859 2914
4150 2858 2914 2913
4151 2693 2915 2804
4152 2804 2915 2859
4153 2859 2915 2914
4154 2860 2861 2916
4155 2861 2862 2917
4156 2861 2917 2916
4157 2862 2863 2918
4158 2862 2918 2917
4159 2863 2864 2919
4160 2863 2919 2918
4161 2864 2865 2920
4162 2864 2920 2919
4163 2865 2866 2921
4164 2865 2921 2920
4165 2866 2867 2922
4166 2866 2922 2921
4167 2867 2868 2923
4168 2867 2923 2922
4169 2868 2869 2924
4170 2868 2924 2923
4171 2869 2870 2925
4172 2869 2925 2924
4173 2870 2871 2926
4174 2870 2926 2925
4175 2871 2872 2927
4176 2871 2927 2926
4177 2872 2873 2928
4178 2872 2928 2927
4179 2873 2874 2929
4180 2873 2929 2928
4181 2874 2875 2930
4182 2874 2930 2929
4183 2875 2876 2931
4184 2875 2931 2930
4185 2876 2877 2932
4186 2876 2932 2931
4187 2877 2878 2933
4188 2877 2933 2932
4189 2878 2879 2934
4190 2878 2934 2933
4191 2879 2880 2935
4192 2879 2935 2934
4193 2880 2881 2936
4194 2880 2936 2935
4195 2881 2882 2937
4196 2881 2937 2936
4197 2882 2883 2938
4198 2882 2938 2937
4199 2883 2884 2939
4200 2883 2939 2938
4201 2884 2885 2940
4202 2884 2940 2939
4203 2885 2886 2941
4204 2885 2941 2940
4205 2886 2887 2942
4206 2886 2942 2941
4207 2887 2888 2943
4208 2887 2943 2942
4209 2888 2889 2944
4210 2888 2944 2943
4211 2889 2890 2945
4212 2889 2945 2944
4213 2890 2891 2946
4214 2890 2946 2945
4215 2891 2892 2947
4216 2891 2947 2946
4217 2892 2893 2948
4218 2892 2948 2947
4219 2893 2894 2949
4220 2893 2949 2948
4221 2894 2895 2950
4222 2894 2950 2949
4223 2895 2896 2951
4224 2895 2951 2950
4225 2896 2897 2952
4226 2896 2952 2951
4227 2897 2898 2953
4228 2897 2953 2952
4229 2898 2899 2954
4230 2898 2954 2953
4231 2899 2900 2955
4232 2899 2955 2954
4233 2900 2901 2956
4234 2900 2956 2955
4235 2901 2902 2957
4236 2901 2957 2956
4237 2902 2903 2958
4238 2902 2958 2957
4239 2903 2904 2959
4240 2903 2959 2958
4241 2904 2905 2960
4242 2904 2960 2959
4243 2905 2906 2961
4244 2905 2961 2960
4245 2906 2907 2962
4246 2906 2962 2961
4247 2907 2908 2963
4248 2907 2963 2962
4249 2908 2909 2964
4250 2908 2964 2963
4251 2909 2910 2965
4252 2909 2965 2964
4253 2910 2911 2966
4254 2910 2966 2965
4255 2911 2912 2967
4256 2911 2967 2966
4257 2912 2913 2968
4258 2912 2968 2967
4259 2913 2914 2969
4260 2913 2969 2968
4261 2914 2915 2970
4262 2914 2970 2969
4263 2860 2916 2971
4264 2916 2917 2972
4265 2916 2972 2971
4266 2917 2918 2973
4267 2917 2973 2972
4268 2918 2919 2974
4269 2918 2974 2973
4270 2919 2920 2975
4271 2919 2975 2974
4272 2920 2921 2976
4273 2920 2976 2975
4274 2921 2922 2977
4275 2921 2977 2976
4276 2922 2923 2978
4277 2922 2978 2977
4278 2923 2924 2979
4279 2923 2979 2978
4280 2924 2925 2980
4281 2924 2980 2979
4282 2925 2926 2981
4283 2925 2981 2980
4284 2926 2927 2982
4285 2926 2982 2981
4286 2927 2928 2983
4287 2927 2983 2982
4288 2928 2929 2984
4289 2928 2984 2983
4290 2929 2930 2985
4291 2929 2985 2984
4292 2930 2931 2986
4293 2930 2986 2985
4294 2931 2932 2987
4295 2931 2987 2986
4296 2932 2933 2988
4297 2932 2988 2987
4298 2933 2934 2989
4299 2933 2989 2988
4300 2934 2935 2990
4301 2934 2990 2989
4302 2935 2936 2991
4303 2935 2991 2990
4304 2936 2937 2992
4305 2936 2992 2991
4306 2937 2938 2993
4307 2937 2993 2992
4308 2938 2939 2994
4309 2938 2994 2993
4310 2939 2940 2995
4311 2939 2995 2994
4312 2940 2941 2996
4313 2940 2996 2995
4314 2941 2942 2997
4315 2941 2997 2996
4316 2942 2943 2998
4317 2942 2998 2997
4318 2943 2944 2999
4319 2943 2999 2998
4320 2944 2945 3000
4321 2944 3000 2999
4322 2945 2946 3001
4323 2945 3001 3000
4324 2946 2947 3002
4325 2946 3002 3001
4326 2947 2948 3003
4327 2947 3003 3002
4328 2948 2949 3004
4329 2948 3004 3003
4330 2949 2950 3005
4331 2949 3005 3004
4332 2950 2951 3006
4333 2950 3006 3005
4334 2951 2952 3007
4335 2951 3007 3006
4336 2952 2953 3008
4337 2952 3008 3007
4338 2953 2954 3009
4339 2953 3009 3008
4340 2954 2955 3010
4341 2954 3010 3009
4342 2955 2956 3011
4343 2955 3011 3010
4344 2956 2957 3012
4345 2956 3012 3011
4346 2957 2958 3013
4347 2957 3013 3012
4348 2958 2959 3014
4349 2958 3014 3013
4350 2959 2960 3015
4351 2959 3015 3014
4352 2960 2961 3016
4353 2960 3016 3015
4354 2961 2962 3017
4355 2961 3017 3016
4356 2962 2963 3018
4357 2962 3018 3017
4358 2963 2964 3019
4359 2963 3019 3018
4360 2964 2965 3020
4361 2964 3020 3019
4362 2965 2966 3021
4363 2965 3021 3020
4364 2966 2967 3022
4365 2966 3022 3021
4366 2967 2968 3023
4367 2967 3023 3022
4368 2968 2969 3024
4369 2968 3024 3023
4370 2969 2970 3025
4371 2969 3025 3024
4372 2915 3026 2970
4373 2970 3026 3025
4374 2971 2972 3027
4375 2972 2973 3028
4376 2972 3028 3027
4377 2973 2974 3029
4378 2973 3029 3028
4379 2974 2975 3030
4380 2974 3030 3029
4381 2975 2976 3031
4382 2975 3031 3030
4383 2976 2977 3032
4384 2976 3032 3031
4385 2977 2978 3033
4386 2977 3033 3032
4387 2978 2979 3034
4388 2978 3034 3033
4389 2979 2980 3035
4390 2979 3035 3034
4391 2980 2981 3036
4392 2980 3036 3035
4393 2981 2982 3037
4394 2981 3037 3036
4395 2982 2983 3038
4396 2982 3038 3037
4397 2983 2984 3039
4398 2983 3039 3038
4399 2984 2985 3040
4400 2984 3040 3039
4401 2985 2986 3041
4402 2985 3041 3040
4403 2986 2987 3042
4404 2986 3042 3041
4405 2987 2988 3043
4406 2987 3043 3042
4407 2988 2989 3044
4408 2988 3044 3043
4409 2989 2990 3045
4410 2989 3045 3044
4411 2990 2991 3046
4412 2990 3046 3045
4413 2991 2992 3047
4414 2991 3047 3046
4415 2992 2993 3048
4416 2992 3048 3047
4417 2993 2994 3049
4418 2993 3049 3048
4419 2994 2995 3050
4420 2994 3050 3049
4421 2995 2996 3051
4422 2995 3051 3050
4423 2996 2997 3052
4424 2996 3052 3051
4425 2997 2998 3053
4426 2997 3053 3052
4427 2998 2999 3054
4428 2998 3054 3053
4429 2999 3000 3055
4430 2999 3055 3054
4431 3000 3001 3056
4432 3000 3056 3055
4433 3001 3002 3057
4434 3001 3057 3056
4435 3002 3003 3058
4436 3002 3058 3057
4437 3003 3004 3059
4438 3003 3059 3058
4439 3004 3005 3060
4440 3004 3060 3059
4441 3005 3006 3061
4442 3005 3061 3060
4443 3006 3007 3062
4444 3006 3062 3061
4445 3007 3008 3063
4446 3007 3063 3062
4447 3008 3009 3064
4448 3008 3064 3063
4449 3009 3010 3065
4450 3009 3065 3064
4451 3010 3011 3066
4452 3010 3066 3065
4453 3011 3012 3067
4454 3011 3067 3066
4455 3012 3013 3068
4456 3012 3068 3067
4457 3013 3014 3069
4458 3013 3069 3068
4459 3014 3015 3070
4460 3014 3070 3069
4461 3015 3016 3071
4462 3015 3071 3070
4463 3016 3017 3072
4464 3016 3072 3071
4465 3017 3018 3073
4466 3017 3073 3072
4467 3018 3019 3074
4468 3018 3074 3073
4469 3019 3020 3075
4470 3019 3075 3074
4471 3020 3021 3076
4472 3020 3076 3075
4473 3021 3022 3077
4474 3021 3077 3076
4475 3022 3023 3078
4476 3022 3078 3077
4477 3023 3024 3079
4478 3023 3079 3078
4479 3024 3025 3080
4480 3024 3080 3079
4481 3025 3026 3081
4482 3025 3081 3080
4483 2971 3027 3082
4484 3027 3028 3083
4485 3027 3083 3082
4486 3028 3029 3084
4487 3028 3084 3083
4488 3029 3030 3085
4489 3029 3085 3084
4490 3030 3031 3086
4491 3030 3086 3085
4492 3031 3032 3087
4493 3031 3087 3086
4494 3032 3033 3088
4495 3032 3088 3087
4496 3033 3034 3089
4497 3033 3089 3088
4498 3034 3035 3090
4499 3034 3090 3089
4500 3035 3036 3091
4501 3035 3091 3090
4502 3036 3037 3092
4503 3036 3092 3091
4504 3037 3038 3093
4505 3037 3093 3092
4506 3038 3039 3094
4507 3038 3094 3093
4508 3039 3040 3095
4509 3039 3095 3094
4510 3040 3041 3096
4511 3040 3096 3095
4512 3041 3042 3097
4513 3041 3097 3096
4514 3042 3043 3098
4515 3042 3098 3097
4516 3043 3044 3099
4517 3043 3099 3098
4518 3044 3045 3100
4519 3044 3100 3099
4520 3045 3046 3101
4521 3045 3101 3100
4522 3046 3047 3102
4523 3046 3102 3101
4524 3047 3048 3103
4525 3047 3103 3102
4526 3048 3049 3104
4527 3048 3104 3103
4528 3049 3050 3105
4529 3049 3105 3104
4530 3050 3051 3106
4531 3050 3106 3105
4532 3051 3052 3107
4533 3051 3107 3106
4534 3052 3053 3108
4535 3052 3108 3107
4536 3053 3054 3109
4537 3053 3109 3108
4538 3054 3055 3110
4539 3054 3110 3109
4540 3055 3056 3111
4541 3055 3111 3110
4542 3056 3057 3112
4543 3056 3112 3111
4544 3057 3058 3113
4545 3057 3113 3112
4546 3058 3059 3114
4547 3058 3114 3113
4548 3059 3060 3115
4549 3059 3115 3114
4550 3060 3061 3116
4551 3060 3116 3115
4552 3061 3062 3117
4553 3061 3117 3116
4554 3062 3063 3118
4555 3062 3118 3117
4556 3063 3064 3119
4557 3063 3119 3118
4558 3064 3065 3120
4559 3064 3120 3119
4560 3065 3066 3121
4561 3065 3121 3120
4562 3066 3067 3122
4563 3066 3122 3121
4564 3067 3068 3123
4565 3067 3123 3122
4566 3068 3069 3124
4567 3068 3124 3123
4568 3069 3070 3125
4569 3069 3125 3124
4570 3070 3071 3126
4571 3070 3126 3125
4572 3071 3072 3127
4573 3071 3127 3126
4574 3072 3073 3128
4575 3072 3128 3127
4576 3073 3074 3129
4577 3073 3129 3128
4578 3074 3075 3130
4579 3074 3130 3129
4580 3075 3076 3131
4581 3075 3131 3130
4582 3076 3077 3132
4583 3076 3132 3131
4584 3077 3078 3133
4585 3077 3133 3132
4586 3078 3079 3134
4587 3078 3134 3133
4588 3079 3080 3135
4589 3079 3135 3134
4590 3080 3081 3136
4591 3080 3136 3135
4592 2693 3137 2915
4593 2915 3137 3026
4594 3026 3137 3081
4595 3081 3137 3136
4596 3082 3083 3138
4597 3083 3084 3139
4598 3083 3139 3138
4599 3084 3085 3140
4600 3084 3140 3139
4601 3085 3086 3141
4602 3085 3141 3140
4603 3086 3087 3142
4604 3086 3142 3141
4605 3087 3088 3143
4606 3087 3143 3142
4607 3088 3089 3144
4608 3088 3144 3143
4609 3089 3090 3145
4610 3089 3145 3144
4611 3090 3091 3146
4612 3090 3146 3145
4613 3091 3092 3147
4614 3091 3147 3146
4615 3092 3093 3148
4616 3092 3148 3147
4617 3093 3094 3149
4618 3093 3149 3148
4619 3094 3095 3150
4620 3094 3150 3149
4621 3095 3096 3151
4622 3095 3151 3150
4623 3096 3097 3152
4624 3096 3152 3151
4625 3097 3098 3153
4626 3097 3153 3152
4627 3098 3099 3154
4628 3098 3154 3153
4629 3099 3100 3155
4630 3099 3155 3154
4631 3100 3101 3156
4632 3100 3156 3155
4633 3101 3102 3157
4634 3101 3157 3156
4635 3102 3103 3158
4636 3102 3158 3157
4637 3103 3104 3159
4638 3103 3159 3158
4639 3104 3105 3160
4640 3104 3160 3159
4641 3105 3106 3161
4642 3105 3161 3160
4643 3106 3107 3162
4644 3106 3162 3161
4645 3107 3108 3163
4646 3107 3163 3162
4647 3108 3109 3164
4648 3108 3164 3163
4649 3109 3110 3165
4650 3109 3165 3164
4651 3110 3111 3166
4652 3110 3166 3165
4653 3111 3112 3167
4654 3111 3167 3166
4655 3112 3113 3168
4656 3112 3168 3167
4657 3113 3114 3169
4658 3113 3169 3168
4659 3114 3115 3170
4660 3114 3170 3169
4661 3115 3116 3171
4662 3115 3171 3170
4663 3116 3117 3172
4664 3116 3172 3171
4665 3117 3118 3173
4666 3117 3173 3172
4667 3118 3119 3174
4668 3118 3174 3173
4669 3119 3120 3175
4670 3119 3175 3174
4671 3120 3121 3176
4672 3120 3176 3175
4673 3121 3122 3177
4674 3121 3177 3176
4675 3122 3123 3178
4676 3122 3178 3177
4677 3123 3124 3179
4678 3123 3179 3178
4679 3124 3125 3180
4680 3124 3180 3179
4681 3125 3126 3181
4682 3125 3181 3180
4683 3126 3127 3182
4684 3126 3182 3181
4685 3127 3128 3183
4686 3127 3183 3182
4687 3128 3129 3184
4688 3128 3184 3183
4689 3129 3130 3185
4690 3129 3185 3184
4691 3130 3131 3186
4692 3130 3186 3185
4693 3131 3132 3187
4694 3131 3187 3186
4695 3132 3133 3188
4696 3132 3188 3187
4697 3133 3134 3189
4698 3133 3189 3188
4699 3134 3135 3190
4700 3134 3190 3189
4701 3135 3136 3191
4702 3135 3191 3190
4703 3136 3137 3192
4704 3136 3192 3191
4705 3082 3138 3193
4706 3138 3139 3194
4707 3138 3194 3193
4708 3139 3140 3195
4709 3139 3195 3194
4710 3140 3141 3196
4711 3140 3196 3195
4712 3141 3142 3197
4713 3141 3197 3196
4714 3142 3143 3198
4715 3142 3198 3197
4716 3143 3144 3199
4717 3143 3199 3198
4718 3144 3145 3200
4719 3144 3200 3199
4720 3145 3146 3201
4721 3145 3201 3200
4722 3146 3147 3202
4723 3146 3202 3201
4724 3147 3148 3203
4725 3147 3203 3202
4726 3148 3149 3204
4727 3148 3204 3203
4728 3149 3150 3205
4729 3149 3205 3204
4730 3150 3151 3206
4731 3150 3206 3205
4732 3151 3152 3207
4733 3151 3207 3206
4734 3152 3153 3208
4735 3152 3208 3207
4736 3153 3154 3209
4737 3153 3209 3208
4738 3154 3155 3210
4739 3154 3210 3209
4740 3155 3156 3211
4741 3155 3211 3210
4742 3156 3157 3212
4743 3156 3212 3211
4744 3157 3158 3213
4745 3157 3213 3212
4746 3158 3159 3214
4747 3158 3214 3213
4748 3159 3160 3215
4749 3159 3215 3214
4750 3160 3161 3216
4751 3160 3216 3215
4752 3161 3162 3217
4753 3161 3217 3216
4754 3162 3163 3218
4755 3162 3218 3217
4756 3163 3164 3219
4757 3163 3219 3218
4758 3164 3165 3220
4759 3164 3220 3219
4760 3165 3166 3221
4761 3165 3221 3220
4762 3166 3167 3222
4763 3166 3222 3221
4764 3167 3168 3223
4765 3167 3223 3222
4766 3168 3169 3224
4767 3168 3224 3223
4768 3169 3170 3225
4769 3169 3225 3224
4770 3170 3171 3226
4771 3170 3226 3225
4772 3171 3172 3227
4773 3171 3227 3226
4774 3172 3173 3228
4775 3172 3228 3227
4776 3173 3174 3229
4777 3173 3229 3228
4778 3174 3175 3230
4779 3174 3230 3229
4780 3175 3176 3231
4781 3175 3231 3230
4782 3176 3177 3232
4783 3176 3232 3231
4784 3177 3178 3233
4785 3177 3233 3232
4786 3178 3179 3234
4787 3178 3234 3233
4788 3179 3180 3235
4789 3179 3235 3234
4790 3180 3181 3236
4791 3180 3236 3235
4792 3181 3182 3237
4793 3181 3237 3236
4794 3182 3183 3238
4795 3182 3238 3237
4796 3183 3184 3239
4797 3183 3239 3238
4798 3184 3185 3240
4799 3184 3240 3239
4800 3185 3186 3241
4801 3185 3241 3240
4802 3186 3187 3242
4803 3186 3242 3241
4804 3187 3188 3243
4805 3187 3243 3242
4806 3188 3189 3244
4807 3188 3244 3243
4808 3189 3190 3245
4809 3189 3245 3244
4810 3190 3191 3246
4811 3190 3246 3245
4812 3191 3192 3247
4813 3191 3247 3246
4814 3137 3248 3192
4815 3192 3248 3247
4816 3193 3194 3249
4817 3194 3195 3250
4818 3194 3250 3249
4819 3195 3196 3251
4820 3195 3251 3250
4821 3196 3197 3252
4822 3196 3252 3251
4823 3197 3198 3253
4824 3197 3253 3252
4825 3198 3199 3254
4826 3198 3254 3253
4827 3199 3200 3255
4828 3199 3255 3254
4829 3200 3201 3256
4830 3200 3256 3255
4831 3201 3202 3257
4832 3201 3257 3256
4833 3202 3203 3258
4834 3202 3258 3257
4835 3203 3204 3259
4836 3203 3259 3258
4837 3204 3205 3260
4838 3204 3260 3259
4839 3205 3206 3261
4840 3205 3261 3260
4841 3206 3207 3262
4842 3206 3262 3261
4843 3207 3208 3263
4844 3207 3263 3262
4845 3208 3209 3264
4846 3208 3264 3263
4847 3209 3210 3265
4848 3209 3265 3264
4849 3210 3211 3266
4850 3210 3266 3265
4851 3211 3212 3267
4852 3211 3267 3266
4853 3212 3213 3268
4854 3212 3268 3267
4855 3213 3214 3269
4856 3213 3269 3268
4857 3214 3215 3270
4858 3214 3270 3269
4859 3215 3216 3271
4860 3215 3271 3270
4861 3216 3217 3272
4862 3216 3272 3271
4863 3217 3218 3273
4864 3217 3273 3272
4865 3218 3219 3274
4866 3218 3274 3273
4867 3219 3220 3275
4868 3219 3275 3274
4869 3220 3221 3276
4870 3220 3276 3275
4871 3221 3222 3277
4872 3221 3277 3276
4873 3222 3223 3278
4874 3222 3278 3277
4875 3223 3224 3279
4876 3223 3279 3278
4877 3224 3225 3280
4878 3224 3280 3279
4879 3225 3226 3281
4880 3225 3281 3280
4881 3226 3227 3282
4882 3226 3282 3281
4883 3227 3228 3283
4884 3227 3283 3282
4885 3228 3229 3284
4886 3228 3284 3283
4887 3229 3230 3285
4888 3229 3285 3284
4889 3230 3231 3286
4890 3230 3286 3285
4891 3231 3232 3287
4892 3231 3287 3286
4893 3232 3233 3288
4894 3232 3288 3287
4895 3233 3234 3289
4896 3233 3289 3288
4897 3234 3235 3290
4898 3234 3290 3289
4899 3235 3236 3291
4900 3235 3291 3290
4901 3236 3237 3292
4902 3236 3292 3291
4903 3237 3238 3293
4904 3237 3293 3292
4905 3238 3239 3294
4906 3238 3294 3293
4907 3239 3240 3295
4908 3239 3295 3294
4909 3240 3241 3296
4910 3240 3296 3295
4911 3241 3242 3297
4912 3241 3297 3296
4913 3242 3243 3298
4914 3242 3298 3297
4915 3243 3244 3299
4916 3243 3299 3298
4917 3244 3245 3300
4918 3244 3300 3299
4919 3245 3246 3301
4920 3245 3301 3300
4921 3246 3247 3302
4922 3246 3302 3301
4923 3247 3248 3303
4924 3247 3303 3302
4925 3193 3249 3304
4926 3249 3250 3305
4927 3249 3305 3304
4928 3250 3251 3306
4929 3250 3306 3305
4930 3251 3252 3307
4931 3251 3307 3306
4932 3252 3253 3308
4933 3252 3308 3307
4934 3253 3254 3309
4935 3253 3309 3308
4936 3254 3255 3310
4937 3254 3310 3309
4938 3255 3256 3311
4939 3255 3311 3310
4940 3256 3257 3312
4941 3256 3312 3311
4942 3257 3258 3313
4943 3257 3313 3312
4944 3258 3259 3314
4945 3258 3314 3313
4946 3259 3260 3315
4947 3259 3315 3314
4948 3260 3261 3316
4949 3260 3316 3315
4950 3261 3262 3317
4951 3261 3317 3316
4952 3262 3263 3318
4953 3262 3318 3317
4954 3263 3264 3319
4955 3263 3319 3318
4956 3264 3265 3320
4957 3264 3320 3319
4958 3265 3266 3321
4959 3265 3321 3320
4960 3266 3267 3322
4961 3266 3322 3321
4962 3267 3268 3323
4963 3267 3323 3322
4964 3268 3269 3324
4965 3268 3324 3323
4966 3269 3270 3325
4967 3269 3325 3324
4968 3270 3271 3326
4969 3270 3326 3325
4970 3271 3272 3327
4971 3271 3327 3326
4972 3272 3273 3328
4973 3272 3328 3327
4974 3273 3274 3329
4975 3273 3329 3328
4976 3274 3275 3330
4977 3274 3330 3329
4978 3275 3276 3331
4979 3275 3331 3330
4980 3276 3277 3332
4981 3276 3332 3331
4982 3277 3278 3333
4983 3277 3333 3332
4984 3278 3279 3334
4985 3278 3334 3333
4986 3279 3280 3335
4987 3279 3335 3334
4988 3280 3281 3336
4989 3280 3336 3335
4990 3281 3282 3337
4991 3281 3337 3336
4992 3282 3283 3338
4993 3282 3338 3337
4994 3283 3284 3339
4995 3283 3339 3338
4996 3284 3285 3340
4997 3284 3340 3339
4998 3285 3286 3341
4999 3285 3341 3340
5000 3286 3287 3342
5001 3286 3342 3341
5002 3287 3288 3343
5003 3287 3343 3342
5004 3288 3289 3344
5005 3288 3344 3343
5006 3289 3290 3345
5007 3289 3345 3344
5008 3290 3291 3346
5009 3290 3346 3345
5010 3291 3292 3347
5011 3291 3347 3346
5012 3292 3293 3348
5013 3292 3348 3347
5014 3293 3294 3349
5015 3293 3349 3348
5016 3294 3295 3350
5017 3294 3350 3349
5018 3295 3296 3351
5019 3295 3351 3350
5020 3296 3297 3352
5021 3296 3352 3351
5022 3297 3298 3353
5023 3297 3353 3352
5024 3298 3299 3354
5025 3298 3354 3353
5026 3299 3300 3355
5027 3299 3355 3354
5028 3300 3301 3356
5029 3300 3356 3355
5030 3301 3302 3357
5031 3301 3357 3356
5032 3302 3303 3358
5033 3302 3358 3357
5034 3248 3359 3303
5035 3303 3359 3358
5036 3304 3305 3360
5037 3305 3306 3361
5038 3305 3361 3360
5039 3306 3307 3362
5040 3306 3362 3361
5041 3307 3308 3363
5042 3307 3363 3362
5043 3308 3309 3364
5044 3308 3364 3363
5045 3309 3310 3365
5046 3309 3365 3364
5047 3310 3311 3366
5048 3310 3366 3365
5049 3311 3312 3367
5050 3311 3367 3366
5051 3312 3313 3368
5052 3312 3368 3367
5053 3313 3314 3369
5054 3313 3369 3368
5055 3314 3315 3370
5056 3314 3370 3369
5057 3315 3316 3371
5058 3315 3371 3370
5059 3316 3317 3372
5060 3316 3372 3371
5061 3317 3318 3373
5062 3317 3373 3372
5063 3318 3319 3374
5064 3318 3374 3373
5065 3319 3320 3375
5066 3319 3375 3374
5067 3320 3321 3376
5068 3320 3376 3375
5069 3321 3322 3377
5070 3321 3377 3376
5071 3322 3323 3378
5072 3322 3378 3377
5073 3323 3324 3379
5074 3323 3379 3378
5075 3324 3325 3380
5076 3324 3380 3379
5077 3325 3326 3381
5078 3325 3381 3380
5079 3326 3327 3382
5080 3326 3382 3381
5081 3327 3328 3383
5082 3327 3383 3382
5083 3328 3329 3384
5084 3328 3384 3383
5085 3329 3330 3385
5086 3329 3385 3384
5087 3330 3331 3386
5088 3330 3386 3385
5089 3331 3332 3387
5090 3331 3387 3386
5091 3332 3333 3388
5092 3332 3388 3387
5093 3333 3334 3389
5094 3333 3389 3388
5095 3334 3335 3390
5096 3334 3390 3389
5097 3335 3336 3391
5098 3335 3391 3390
5099 3336 3337 3392
5100 3336 3392 3391
5101 3337 3338 3393
5102 3337 3393 3392
5103 3338 3339 3394
5104 3338 3394 3393
5105 3339 3340 3395
5106 3339 3395 3394
5107 3340 3341 3396
5108 3340 3396 3395
5109 3341 3342 3397
5110 3341 3397 3396
5111 3342 3343 3398
5112 3342 3398 3397
5113 3343 3344 3399
5114 3343 3399 3398
5115 3344 3345 3400
5116 3344 3400 3399
5117 3345 3346 3401
5118 3345 3401 3400
5119 3346 3347 3402
5120 3346 3402 3401
5121 3347 3348 3403
5122 3347 3403 3402
5123 3348 3349 3404
5124 3348 3404 3403
5125 3349 3350 3405
5126 3349 3405 3404
5127 3350 3351 3406
5128 3350 3406 3405
5129 3351 3352 3407
5130 3351 3407 3406
5131 3352 3353 3408
5132 3352 3408 3407
5133 3353 3354 3409
5134 3353 3409 3408
5135 3354 3355 3410
5136 3354 3410 3409
5137 3355 3356 3411
5138 3355 3411 3410
5139 3356 3357 3412
5140 3356 3412 3411
5141 3357 3358 3413
5142 3357 3413 3412
5143 3358 3359 3414
5144 3358 3414 3413
5145 3304 3360 3415
5146 3360 3361 3416
5147 3360 3416 3415
5148 3361 3362 3417
5149 3361 3417 3416
5150 3362 3363 3418
5151 3362 3418 3417
5152 3363 3364 3419
5153 3363 3419 3418
5154 3364 3365 3420
5155 3364 3420 3419
5156 3365 3366 3421
5157 3365 3421 3420
5158 3366 3367 3422
5159 3366 3422 3421
5160 3367 3368 3423
5161 3367 3423 3422
5162 3368 3369 3424
5163 3368 3424 3423
5164 3369 3370 3425
5165 3369 3425 3424
5166 3370 3371 3426
5167 3370 3426 3425
5168 3371 3372 3427
5169 3371 3427 3426
5170 3372 3373 3428
5171 3372 3428 3427
5172 3373 3374 3429
5173 3373 3429 3428
5174 3374 3375 3430
5175 3374 3430 3429
5176 3375 3376 3431
5177 3375 3431 3430
5178 3376 3377 3432
5179 3376 3432 3431
5180 3377 3378 3433
5181 3377 3433 3432
5182 3378 3379 3434
5183 3378 3434 3433
5184 3379 3380 3435
5185 3379 3435 3434
5186 3380 3381 3436
5187 3380 3436 3435
5188 3381 3382 3437
5189 3381 3437 3436
5190 3382 3383 3438
5191 3382 3438 3437
5192 3383 3384 3439
5193 3383 3439 3438
5194 3384 3385 3440
5195 3384 3440 3439
5196 3385 3386 3441
5197 3385 3441 3440
5198 3386 3387 3442
5199 3386 3442 3441
5200 3387 3388 3443
5201 3387 3443 3442
5202 3388 3389 3444
5203 3388 3444 3443
5204 3389 3390 3445
5205 3389 3445 3444
5206 3390 3391 3446
5207 3390 3446 3445
5208 3391 3392 3447
5209 3391 3447 3446
5210 3392 3393 3448
5211 3392 3448 3447
5212 3393 3394 3449
5213 3393 3449 3448
5214 3394 3395 3450
5215 3394 3450 3449
5216 3395 3396 3451
5217 3395 3451 3450
5218 3396 3397 3452
5219 3396 3452 3451
5220 3397 3398 3453
5221 3397 3453 3452
5222 3398 3399 3454
5223 3398 3454 3453
5224 3399 3400 3455
5225 3399 3455 3454
5226 3400 3401 3456
5227 3400 3456 3455
5228 3401 3402 3457
5229 3401 3457 3456
5230 3402 3403 3458
5231 3402 3458 3457
5232 3403 3404 3459
5233 3403 3459 3458
5234 3404 3405 3460
5235 3404 3460 3459
5236 3405 3406 3461
5237 3405 3461 3460
5238 3406 3407 3462
5239 3406 3462 3461
5240 3407 3408 3463
5241 3407 3463 3462
5242 3408 3409 3464
5243 3408 3464 3463
5244 3409 3410 3465
5245 3409 3465 3464
5246 3410 3411 3466
5247 3410 3466 3465
5248 3411 3412 3467
5249 3411 3467 3466
5250 3412 3413 3468
5251 3412 3468 3467
5252 3413 3414 3469
5253 3413 3469 3468
5254 3248 3470 3359
5255 3359 3470 3414
5256 3414 3470 3469
5257 3415 3416 3471
5258 3416 3417 3472
5259 3416 3472 3471
5260 3417 3418 3473
5261 3417 3473 3472
5262 3418 3419 3474
5263 3418 3474 3473
5264 3419 3420 3475
5265 3419 3475 3474
5266 3420 3421 3476
5267 3420 3476 3475
5268 3421 3422 3477
5269 3421 3477 3476
5270 3422 3423 3478
5271 3422 3478 3477
5272 3423 3424 3479
5273 3423 3479 3478
5274 3424 3425 3480
5275 3424 3480 3479
5276 3425 3426 3481
5277 3425 3481 3480
5278 3426 3427 3482
5279 3426 3482 3481
5280 3427 3428 3483
5281 3427 3483 3482
5282 3428 3429 3484
5283 3428 3484 3483
5284 3429 3430 3485
5285 3429 3485 3484
5286 3430 3431 3486
5287 3430 3486 3485
5288 3431 3432 3487
5289 3431 3487 3486
5290 3432 3433 3488
5291 3432 3488 3487
5292 3433 3434 3489
5293 3433 3489 3488
5294 3434 3435 3490
5295 3434 3490 3489
5296 3435 3436 3491
5297 3435 3491 3490
5298 3436 3437 3492
5299 3436 3492 3491
5300 3437 3438 3493
5301 3437 3493 3492
5302 3438 3439 3494
5303 3438 3494 3493
5304 3439 3440 3495
5305 3439 3495 3494
5306 3440 3441 3496
5307 3440 3496 3495
5308 3441 3442 3497
5309 3441 3497 3496
5310 3442 3443 3498
5311 3442 3498 3497
5312 3443 3444 3499
5313 3443 3499 3498
5314 3444 3445 3500
5315 3444 3500 3499
5316 3445 3446 3501
5317 3445 3501 3500
5318 3446 3447 3502
5319 3446 3502 3501
5320 3447 3448 3503
5321 3447 3503 3502
5322 3448 3449 3504
5323 3448 3504 3503
5324 3449 3450 3505
5325 3449 3505 3504
5326 3450 3451 3506
5327 3450 3506 3505
5328 3451 3452 3507
5329 3451 3507 3506
5330 3452 3453 3508
5331 3452 3508 3507
5332 3453 3454 3509
5333 3453 3509 3508
5334 3454 3455 3510
5335 3454 3510 3509
5336 3455 3456 3511
5337 3455 3511 3510
5338 3456 3457 3512
5339 3456 3512 3511
5340 3457 3458 3513
5341 3457 3513 3512
5342 3458 3459 3514
5343 3458 3514 3513
5344 3459 3460 3515
5345 3459 3515 3514
5346 3460 3461 3516
5347 3460 3516 3515
5348 3461 3462 3517
5349 3461 3517 3516
5350 3462 3463 3518
5351 3462 3518 3517
5352 3463 3464 3519
5353 3463 3519 3518
5354 3464 3465 3520
5355 3464 3520 3519
5356 3465 3466 3521
5357 3465 3521 3520
5358 3466 3467 3522
5359 3466 3522 3521
5360 3467 3468 3523
5361 3467 3523 3522
5362 3468 3469 3524
5363 3468 3524 3523
5364 3469 3470 3525
5365 3469 3525 3524
5366 3415 3471 3526
5367 3471 3472 3527
5368 3471 3527 3526
5369 3472 3473 3528
5370 3472 3528 3527
5371 3473 3474 3529
5372 3473 3529 3528
5373 3474 3475 3530
5374 3474 3530 3529
5375 3475 3476 3531
5376 3475 3531 3530
5377 3476 3477 3532
5378 3476 3532 3531
5379 3477 3478 3533
5380 3477 3533 3532
5381 3478 3479 3534
5382 3478 3534 3533
5383 3479 3480 3535
5384 3479 3535 3534
5385 3480 3481 3536
5386 3480 3536 3535
5387 3481 3482 3537
5388 3481 3537 3536
5389 3482 3483 3538
5390 3482 3538 3537
5391 3483 3484 3539
5392 3483 3539 3538
5393 3484 3485 3540
5394 3484 3540 3539
5395 3485 3486 3541
5396 3485 3541 3540
5397 3486 3487 3542
5398 3486 3542 3541
5399 3487 3488 3543
5400 3487 3543 3542
5401 3488 3489 3544
5402 3488 3544 3543
5403 3489 3490 3545
5404 3489 3545 3544
5405 3490 3491 3546
5406 3490 3546 3545
5407 3491 3492 3547
5408 3491 3547 3546
5409 3492 3493 3548
5410 3492 3548 3547
5411 3493 3494 3549
5412 3493 3549 3548
5413 3494 3495 3550
5414 3494 3550 3549
5415 3495 3496 3551
5416 3495 3551 3550
5417 3496 3497 3552
5418 3496 3552 3551
5419 3497 3498 3553
5420 3497 3553 3552
5421 3498 3499 3554
5422 3498 3554 3553
5423 3499 3500 3555
5424 3499 3555 3554
5425 3500 3501 3556
5426 3500 3556 3555
5427 3501 3502 3557
5428 3501 3557 3556
5429 3502 3503 3558
5430 3502 3558 3557
5431 3503 3504 3559
5432 3503 3559 3558
5433 3504 3505 3560
5434 3504 3560 3559
5435 3505 3506 3561
5436 3505 3561 3560
5437 3506 3507 3562
5438 3506 3562 3561
5439 3507 3508 3563
5440 3507 3563 3562
5441 3508 3509 3564
5442 3508 3564 3563
5443 3509 3510 3565
5444 3509 3565 3564
5445 3510 3511 3566
5446 3510 3566 3565
5447 3511 3512 3567
5448 3511 3567 3566
5449 3512 3513 3568
5450 3512 3568 3567
5451 3513 3514 3569
5452 3513 3569 3568
5453 3514 3515 3570
5454 3514 3570 3569
5455 3515 3516 3571
5456 3515 3571 3570
5457 3516 3517 3572
5458 3516 3572 3571
5459 3517 3518 3573
5460 3517 3573 3572
5461 3518 3519 3574
5462 3518 3574 3573
5463 3519 3520 3575
5464 3519 3575 3574
5465 3520 3521 3576
5466 3520 3576 3575
5467 3521 3522 3577
5468 3521 3577 3576
5469 3522 3523 3578
5470 3522 3578 3577
5471 3523 3524 3579
5472 3523 3579 3578
5473 3524 3525 3580
5474 3524 3580 3579
5475 3248 3581 3470
5476 3470 3581 3525
5477 3525 3581 3580
5478 3526 3527 3582
5479 3527 3528 3583
5480 3527 3583 3582
5481 3528 3529 3584
5482 3528 3584 3583
5483 3529 3530 3585
5484 3529 3585 3584
5485 3530 3531 3586
5486 3530 3586 3585
5487 3584 3585 3586
5488 3531 3532 3587
5489 3531 3587 3586
5490 3532 3533 3588
5491 3532 3588 3587
5492 3533 3534 3589
5493 3533 3589 3588
5494 3587 3588 3589
5495 3534 3535 3590
5496 3534 3590 3589
5497 3587 3589 3591
5498 3589 3590 3591
5499 3535 3536 3591
5500 3535 3591 3590
5501 3536 3537 3592
5502 3536 3592 3591
5503 3537 3538 3593
5504 3537 3593 3592
5505 3591 3592 3593
5506 3538 3539 3594
5507 3538 3594 3593
5508 3593 3594 3595
5509 3539 3540 3595
5510 3539 3595 3594
5511 3540 3541 3596
5512 3540 3596 3595
5513 3541 3542 3597
5514 3541 3597 3596
5515 3542 3543 3598
5516 3542 3598 3597
5517 3593 3595 3599
5518 3595 3596 3599
5519 3596 3597 3599
5520 3597 3598 3599
5521 3543 3544 3599
5522 3543 3599 3598
5523 3544 3545 3600
5524 3544 3600 3599
5525 3545 3546 3601
5526 3545 3601 3600
5527 3599 3600 3601
5528 3599 3601 3602
5529 3546 3547 3602
5530 3546 3602 3601
5531 3547 3548 3603
5532 3547 3603 3602
5533 3602 3603 3604
5534 3548 3549 3604
5535 3548 3604 3603
5536 3549 3550 3605
5537 3549 3605 3604
5538 3550 3551 3606
5539 3550 3606 3605
5540 3551 3552 3607
5541 3551 3607 3606
5542 3605 3606 3607
5543 3602 3604 3608
5544 3604 3605 3608
5545 3605 3607 3608
5546 3552 3553 3608
5547 3552 3608 3607
5548 3553 3554 3609
5549 3553 3609 3608
5550 3608 3609 3610
5551 3554 3555 3610
5552 3554 3610 3609
5553 3555 3556 3611
5554 3555 3611 3610
5555 3610 3611 3612
5556 3556 3557 3612
5557 3556 3612 3611
5558 3557 3558 3613
5559 3557 3613 3612
5560 3612 3613 3614
5561 3558 3559 3614
5562 3558 3614 3613
5563 3610 3612 3615
5564 3612 3614 3615
5565 3559 3560 3615
5566 3559 3615 3614
5567 3560 3561 3616
5568 3560 3616 3615
5569 3561 3562 3617
5570 3561 3617 3616
5571 3615 3616 3617
5572 3615 3617 3618
5573 3562 3563 3618
5574 3562 3618 3617
5575 3563 3564 3619
5576 3563 3619 3618
5577 3564 3565 3620
5578 3564 3620 3619
5579 3565 3566 3621
5580 3565 3621 3620
5581 3618 3619 3621
5582 3619 3620 3621
5583 3615 3618 3622
5584 3618 3621 3622
5585 3566 3567 3622
5586 3566 3622 3621
5587 3567 3568 3623
5588 3567 3623 3622
5589 3568 3569 3624
5590 3568 3624 3623
5591 3622 3623 3625
5592 3569 3570 3625
5593 3569 3625 3624
5594 3623 3624 3625
5595 3570 3571 3626
5596 3570 3626 3625
5597 3571 3572 3627
5598 3571 3627 3626
5599 3625 3626 3627
5600 3572 3573 3628
5601 3572 3628 3627
5602 3627 3628 3629
5603 3573 3574 3629
5604 3573 3629 3628
5605 3574 3575 3630
5606 3574 3630 3629
5607 3629 3630 3631
5608 3575 3576 3631
5609 3575 3631 3630
5610 3629 3631 3632
5611 3576 3577 3632
5612 3576 3632 3631
5613 3577 3578 3633
5614 3577 3633 3632
5615 3632 3633 3634
5616 3578 3579 3634
5617 3578 3634 3633
5618 3579 3580 3635
5619 3579 3635 3634
5620 3580 3581 3636
5621 3580 3636 3635
5622 254 3637 255
5623 3608 3610 3638
5624 3615 3622 3638
5625 3622 3625 3638
5626 3610 3615 3638
5627 3625 3627 3638
5628 3629 3632 3638
5629 3632 3634 3638
5630 3627 3629 3638
5631 3634 3635 3638
5632 3581 3638 3636
5633 3635 3636 3638
5634 3304 3415 3639
5635 3415 3526 3639
5636 3526 3582 3639
5637 3582 3583 3639
5638 3584 3586 3639
5639 3586 3587 3639
5640 3587 3591 3639
5641 3591 3593 3639
5642 3593 3599 3639
5643 3583 3584 3639
5644 3599 3602 3639
5645 3602 3608 3639
5646 3608 3638 3639
2 2 2 1203
5647 12 13 195
5648 13 14 195
5649 11 12 196
5650 12 195 196
5651 14 15 196
5652 14 196 195
5653 10 11 197
5654 11 196 197
5655 149 150 218
5656 147 148 219
5657 148 149 219
5658 149 218 219
5659 110 111 1314
5660 111 112 1314
5661 112 113 1315
5662 112 1315 1314
5663 113 114 1315
5664 114 115 1315
5665 115 116 1316
5666 115 1316 1315
5667 116 117 1316
5668 117 118 1317
5669 117 1317 1316
5670 118 119 1317
5671 119 120 1318
5672 119 1318 1317
5673 120 121 1318
5674 121 122 1319
5675 121 1319 1318
5676 122 123 1319
5677 124 125 1320
5678 123 124 1320
5679 123 1320 1319
5680 125 126 1321
5681 125 1321 1320
5682 126 127 1321
5683 127 128 1322
5684 127 1322 1321
5685 128 129 1322
5686 129 130 1322
5687 106 107 1364
5688 107 108 1364
5689 108 109 1364
5690 109 110 1365
5691 110 1314 1365
5692 109 1365 1364
5693 1314 1315 1366
5694 1314 1366 1365
5695 1315 1316 1367
5696 1315 1367 1366
5697 1316 1317 1368
5698 1316 1368 1367
5699 1317 1318 1369
5700 1317 1369 1368
5701 1318 1319 1370
5702 1318 1370 1369
5703 1319 1320 1371
5704 1319 1371 1370
5705 1320 1321 1372
5706 1320 1372 1371
5707 1321 1322 1373
5708 1321 1373 1372
5709 130 131 1374
5710 130 1374 1322
5711 1322 1374 1373
5712 131 132 1375
5713 131 1375 1374
5714 132 133 1375
5715 133 134 1375
5716 102 103 1414
5717 103 104 1414
5718 104 105 1414
5719 105 106 1415
5720 106 1364 1415
5721 105 1415 1414
5722 1364 1365 1416
5723 1364 1416 1415
5724 1365 1366 1417
5725 1365 1417 1416
5726 1366 1367 1418
5727 1366 1418 1417
5728 1367 1368 1419
5729 1367 1419 1418
5730 1368 1369 1420
5731 1368 1420 1419
5732 1369 1370 1421
5733 1369 1421 1420
5734 1370 1371 1422
5735 1370 1422 1421
5736 1371 1372 1423
5737 1371 1423 1422
5738 1372 1373 1424
5739 1372 1424 1423
5740 1373 1374 1425
5741 1373 1425 1424
5742 1374 1375 1426
5743 1374 1426 1425
5744 134 1427 1375
5745 1375 1427 1426
5746 134 135 1428
5747 134 1428 1427
5748 135 136 1428
5749 136 137 1428
5750 101 102 1465
5751 102 1414 1465
5752 100 101 1465
5753 1414 1415 1466
5754 1414 1466 1465
5755 1415 1416 1467
5756 1415 1467 1466
5757 1416 1417 1468
5758 1416 1468 1467
5759 1417 1418 1469
5760 1417 1469 1468
5761 1418 1419 1470
5762 1418 1470 1469
5763 1419 1420 1471
5764 1419 1471 1470
5765 1420 1421 1472
5766 1420 1472 1471
5767 1421 1422 1473
5768 1421 1473 1472
5769 1422 1423 1474
5770 1422 1474 1473
5771 1423 1424 1475
5772 1423 1475 1474
5773 1424 1425 1476
5774 1424 1476 1475
5775 1425 1426 1477
5776 1425 1477 1476
5777 1426 1427 1478
5778 1426 1478 1477
5779 1427 1428 1479
5780 1427 1479 1478
5781 137 138 1480
5782 137 1480 1428
5783 138 139 1480
5784 1428 1480 1479
5785 98 99 1516
5786 97 98 1516
5787 99 100 1517
5788 99 1517 1516
5789 100 1465 1517
5790 1465 1466 1518
5791 1465 1518 1517
5792 1466 1467 1519
5793 1466 1519 1518
5794 1467 1468 1520
5795 1467 1520 1519
5796 1468 1469 1521
5797 1468 1521 1520
5798 1469 1470 1522
5799 1469 1522 1521
5800 1470 1471 1523
5801 1470 1523 1522
5802 1471 1472 1524
5803 1471 1524 1523
5804 1472 1473 1525
5805 1472 1525 1524
5806 1473 1474 1526
5807 1473 1526 1525
5808 1474 1475 1527
5809 1474 1527 1526
5810 1475 1476 1528
5811 1475 1528 1527
5812 1476 1477 1529
5813 1476 1529 1528
5814 1477 1478 1530
5815 1477 1530 1529
5816 1478 1479 1531
5817 1478 1531 1530
5818 1479 1480 1532
5819 1479 1532 1531
5820 139 140 1533
5821 139 1533 1480
5822 1480 1533 1532
5823 140 141 1534
5824 140 1534 1533
5825 142 143 1534
5826 141 142 1534
5827 96 97 1563
5828 97 1516 1563
5829 95 96 1563
5830 1516 1517 1564
5831 1516 1564 1563
5832 1517 1518 1565
5833 1517 1565 1564
5834 1518 1519 1566
5835 1518 1566 1565
5836 1519 1520 1567
5837 1519 1567 1566
5838 1520 1521 1568
5839 1520 1568 1567
5840 1521 1522 1569
5841 1521 1569 1568
5842 1522 1523 1570
5843 1522 1570 1569
5844 1523 1524 1571
5845 1523 1571 1570
5846 1524 1525 1572
5847 1524 1572 1571
5848 1525 1526 1573
5849 1525 1573 1572
5850 1526 1527 1574
5851 1526 1574 1573
5852 1527 1528 1575
5853 1527 1575 1574
5854 1528 1529 1576
5855 1528 1576 1575
5856 1529 1530 1577
5857 1529 1577 1576
5858 1530 1531 1578
5859 1530 1578 1577
5860 1531 1532 1579
5861 1531 1579 1578
5862 1532 1533 1580
5863 1532 1580 1579
5864 1533 1534 1581
5865 1533 1581 1580
5866 144 145 1582
5867 143 144 1582
5868 143 1582 1534
5869 1534 1582 1581
5870 94 95 1610
5871 95 1563 1610
5872 93 94 1610
5873 1563 1564 1611
5874 1563 1611 1610
5875 1564 1565 1612
5876 1564 1612 1611
5877 1565 1566 1613
5878 1565 1613 1612
5879 1566 1567 1614
5880 1566 1614 1613
5881 1567 1568 1615
5882 1567 1615 1614
5883 1568 1569 1616
5884 1568 1616 1615
5885 1569 1570 1617
5886 1569 1617 1616
5887 1570 1571 1618
5888 1570 1618 1617
5889 1571 1572 1619
5890 1571 1619 1618
5891 1572 1573 1620
5892 1572 1620 1619
5893 1573 1574 1621
5894 1573 1621 1620
5895 1574 1575 1622
5896 1574 1622 1621
5897 1575 1576 1623
5898 1575 1623 1622
5899 1576 1577 1624
5900 1576 1624 1623
5901 1577 1578 1625
5902 1577 1625 1624
5903 1578 1579 1626
5904 1578 1626 1625
5905 1579 1580 1627
5906 1579 1627 1626
5907 1580 1581 1628
5908 1580 1628 1627
5909 1581 1582 1629
5910 1581 1629 1628
5911 146 147 1630
5912 218 1630 219
5913 147 219 1630
5914 145 146 1630
5915 145 1630 1582
5916 1582 1630 1629
5917 217 1630 218
5918 92 93 1660
5919 93 1610 1660
5920 91 92 1660
5921 1610 1611 1661
5922 1610 1661 1660
5923 1611 1612 1662
5924 1611 1662 1661
5925 1612 1613 1663
5926 1612 1663 1662
5927 1613 1614 1664
5928 1613 1664 1663
5929 1614 1615 1665
5930 1614 1665 1664
5931 1615 1616 1666
5932 1615 1666 1665
5933 1616 1617 1667
5934 1616 1667 1666
5935 1617 1618 1668
5936 1617 1668 1667
5937 1618 1619 1669
5938 1618 1669 1668
5939 1619 1620 1670
5940 1619 1670 1669
5941 1620 1621 1671
5942 1620 1671 1670
5943 1621 1622 1672
5944 1621 1672 1671
5945 1622 1623 1673
5946 1622 1673 1672
5947 1623 1624 1674
5948 1623 1674 1673
5949 1624 1625 1675
5950 1624 1675 1674
5951 1625 1626 1676
5952 1625 1676 1675
5953 1626 1627 1677
5954 1626 1677 1676
5955 1627 1628 1678
5956 1627 1678 1677
5957 1628 1629 1679
5958 1628 1679 1678
5959 216 1680 217
5960 1629 1630 1680
5961 1629 1680 1679
5962 217 1680 1630
5963 89 90 1710
5964 90 91 1710
5965 91 1660 1710
5966 88 89 1710
5967 1660 1661 1711
5968 1660 1711 1710
5969 1661 1662 1712
5970 1661 1712 1711
5971 1662 1663 1713
5972 1662 1713 1712
5973 1663 1664 1714
5974 1663 1714 1713
5975 1664 1665 1715
5976 1664 1715 1714
5977 1665 1666 1716
5978 1665 1716 1715
5979 1666 1667 1717
5980 1666 1717 1716
5981 1667 1668 1718
5982 1667 1718 1717
5983 1668 1669 1719
5984 1668 1719 1718
5985 1669 1670 1720
5986 1669 1720 1719
5987 1670 1671 1721
5988 1670 1721 1720
5989 1671 1672 1722
5990 1671 1722 1721
5991 1672 1673 1723
5992 1672 1723 1722
5993 1673 1674 1724
5994 1673 1724 1723
5995 1674 1675 1725
5996 1674 1725 1724
5997 1675 1676 1726
5998 1675 1726 1725
5999 1676 1677 1727
6000 1676 1727 1726
6001 1677 1678 1728
6002 1677 1728 1727
6003 1678 1679 1729
6004 1678 1729 1728
6005 215 1730 216
6006 216 1730 1680
6007 1679 1680 1730
6008 214 1730 215
6009 1679 1730 1729
6010 152 153 1731
6011 151 152 1731
6012 150 151 1731
6013 216 217 1731
6014 217 218 1731
6015 150 1731 218
6016 87 88 1760
6017 88 1710 1760
6018 1710 1711 1760
6019 1711 1712 1761
6020 1711 1761 1760
6021 1712 1713 1762
6022 1712 1762 1761
6023 1713 1714 1763
6024 1713 1763 1762
6025 1714 1715 1764
6026 1714 1764 1763
6027 1715 1716 1765
6028 1715 1765 1764
6029 1716 1717 1766
6030 1716 1766 1765
6031 1717 1718 1767
6032 1717 1767 1766
6033 1718 1719 1768
6034 1718 1768 1767
6035 1719 1720 1769
6036 1719 1769 1768
6037 1720 1721 1770
6038 1720 1770 1769
6039 1721 1722 1771
6040 1721 1771 1770
6041 1722 1723 1772
6042 1722 1772 1771
6043 1723 1724 1773
6044 1723 1773 1772
6045 1724 1725 1774
6046 1724 1774 1773
6047 1725 1726 1775
6048 1725 1775 1774
6049 1726 1727 1776
6050 1726 1776 1775
6051 1727 1728 1777
6052 1727 1777 1776
6053 1728 1729 1778
6054 1728 1778 1777
6055 213 1779 214
6056 214 1779 1730
6057 212 1779 213
6058 1729 1730 1779
6059 1729 1779 1778
6060 153 1780 1731
6061 214 215 1780
6062 215 216 1780
6063 216 1731 1780
6064 86 87 1809
6065 87 1760 1809
6066 85 86 1809
6067 1760 1761 1810
6068 1760 1810 1809
6069 1761 1762 1811
6070 1761 1811 1810
6071 1762 1763 1812
6072 1762 1812 1811
6073 1763 1764 1813
6074 1763 1813 1812
6075 1764 1765 1814
6076 1764 1814 1813
6077 1765 1766 1815
6078 1765 1815 1814
6079 1766 1767 1816
6080 1766 1816 1815
6081 1767 1768 1817
6082 1767 1817 1816
6083 1768 1769 1818
6084 1768 1818 1817
6085 1769 1770 1819
6086 1769 1819 1818
6087 1770 1771 1820
6088 1770 1820 1819
6089 1771 1772 1821
6090 1771 1821 1820
6091 1772 1773 1822
6092 1772 1822 1821
6093 1773 1774 1823
6094 1773 1823 1822
6095 1774 1775 1824
6096 1774 1824 1823
6097 1775 1776 1825
6098 1775 1825 1824
6099 1776 1777 1826
6100 1776 1826 1825
6101 1777 1778 1827
6102 1777 1827 1826
6103 211 1828 212
6104 212 1828 1779
6105 210 1828 211
6106 1778 1779 1828
6107 1778 1828 1827
6108 211 212 1829
6109 212 213 1829
6110 213 214 1829
6111 214 1780 1829
6112 154 155 1830
6113 153 154 1830
6114 153 1830 1780
6115 1780 1830 1829
6116 84 85 1860
6117 85 1809 1860
6118 83 84 1860
6119 82 83 1860
6120 1809 1810 1861
6121 1809 1861 1860
6122 1810 1811 1862
6123 1810 1862 1861
6124 1811 1812 1863
6125 1811 1863 1862
6126 1812 1813 1864
6127 1812 1864 1863
6128 1813 1814 1865
6129 1813 1865 1864
6130 1814 1815 1866
6131 1814 1866 1865
6132 1815 1816 1867
6133 1815 1867 1866
6134 1816 1817 1868
6135 1816 1868 1867
6136 1817 1818 1869
6137 1817 1869 1868
6138 1818 1819 1870
6139 1818 1870 1869
6140 1819 1820 1871
6141 1819 1871 1870
6142 1820 1821 1872
6143 1820 1872 1871
6144 1821 1822 1873
6145 1821 1873 1872
6146 1822 1823 1874
6147 1822 1874 1873
6148 1823 1824 1875
6149 1823 1875 1874
6150 1824 1825 1876
6151 1824 1876 1875
6152 1825 1826 1877
6153 1825 1877 1876
6154 1826 1827 1878
6155 1826 1878 1877
6156 209 1879 210
6157 210 1879 1828
6158 1827 1828 1879
6159 1827 1879 1878
6160 210 211 1880
6161 211 1829 1880
6162 1829 1830 1880
6163 156 157 1881
6164 155 156 1881
6165 155 1881 1830
6166 157 158 1881
6167 1830 1881 1880
6168 82 1860 1910
6169 1860 1861 1910
6170 1861 1862 1911
6171 1861 1911 1910
6172 1862 1863 1912
6173 1862 1912 1911
6174 1863 1864 1913
6175 1863 1913 1912
6176 1864 1865 1914
6177 1864 1914 1913
6178 1865 1866 1915
6179 1865 1915 1914
6180 1866 1867 1916
6181 1866 1916 1915
6182 1867 1868 1917
6183 1867 1917 1916
6184 1868 1869 1918
6185 1868 1918 1917
6186 1869 1870 1919
6187 1869 1919 1918
6188 1870 1871 1920
6189 1870 1920 1919
6190 1871 1872 1921
6191 1871 1921 1920
6192 1872 1873 1922
6193 1872 1922 1921
6194 1873 1874 1923
6195 1873 1923 1922
6196 1874 1875 1924
6197 1874 1924 1923
6198 1875 1876 1925
6199 1875 1925 1924
6200 1876 1877 1926
6201 1876 1926 1925
6202 1877 1878 1927
6203 1877 1927 1926
6204 1878 1879 1928
6205 1878 1928 1927
6206 208 1929 209
6207 209 1929 1879
6208 207 1929 208
6209 1879 1929 1928
6210 208 209 1930
6211 209 210 1930
6212 210 1880 1930
6213 158 159 1931
6214 158 1931 1881
6215 1880 1881 1931
6216 1880 1931 1930
6217 81 82 1960
6218 82 1910 1960
6219 80 81 1960
6220 79 80 1960
6221 1910 1911 1961
6222 1910 1961 1960
6223 1911 1912 1962
6224 1911 1962 1961
6225 1912 1913 1963
6226 1912 1963 1962
6227 1913 1914 1964
6228 1913 1964 1963
6229 1914 1915 1965
6230 1914 1965 1964
6231 1915 1916 1966
6232 1915 1966 1965
6233 1916 1917 1967
6234 1916 1967 1966
6235 1917 1918 1968
6236 1917 1968 1967
6237 1918 1919 1969
6238 1918 1969 1968
6239 1919 1920 1970
6240 1919 1970 1969
6241 1920 1921 1971
6242 1920 1971 1970
6243 1921 1922 1972
6244 1921 1972 1971
6245 1922 1923 1973
6246 1922 1973 1972
6247 1923 1924 1974
6248 1923 1974 1973
6249 1924 1925 1975
6250 1924 1975 1974
6251 1925 1926 1976
6252 1925 1976 1975
6253 1926 1927 1977
6254 1926 1977 1976
6255 1927 1928 1978
6256 1927 1978 1977
6257 206 1979 207
6258 207 1979 1929
6259 1928 1929 1979
6260 1928 1979 1978
6261 205 206 1980
6262 206 207 1980
6263 207 208 1980
6264 208 1930 1980
6265 1930 1931 1981
6266 1930 1981 1980
6267 1 1982 159
6268 159 1982 1931
6269 2 3 1982
6270 1 2 1982
6271 1931 1982 1981
6272 78 79 2011
6273 79 1960 2011
6274 1960 1961 2011
6275 1961 1962 2012
6276 1961 2012 2011
6277 1962 1963 2013
6278 1962 2013 2012
6279 1963 1964 2014
6280 1963 2014 2013
6281 1964 1965 2015
6282 1964 2015 2014
6283 1965 1966 2016
6284 1965 2016 2015
6285 1966 1967 2017
6286 1966 2017 2016
6287 1967 1968 2018
6288 1967 2018 2017
6289 1968 1969 2019
6290 1968 2019 2018
6291 1969 1970 2020
6292 1969 2020 2019
6293 1970 1971 2021
6294 1970 2021 2020
6295 1971 1972 2022
6296 1971 2022 2021
6297 1972 1973 2023
6298 1972 2023 2022
6299 1973 1974 2024
6300 1973 2024 2023
6301 1974 1975 2025
6302 1974 2025 2024
6303 1975 1976 2026
6304 1975 2026 2025
6305 1976 1977 2027
6306 1976 2027 2026
6307 1977 1978 2028
6308 1977 2028 2027
6309 1978 1979 2029
6310 1978 2029 2028
6311 205 2030 206
6312 206 2030 1979
6313 204 2030 205
6314 1979 2030 2029
6315 204 205 2031
6316 205 1980 2031
6317 203 204 2031
6318 1980 1981 2031
6319 3 4 2032
6320 3 2032 1982
6321 1981 1982 2032
6322 1981 2032 2031
6323 77 78 2061
6324 78 2011 2061
6325 76 77 2061
6326 75 76 2061
6327 2011 2012 2062
6328 2011 2062 2061
6329 2012 2013 2063
6330 2012 2063 2062
6331 2013 2014 2064
6332 2013 2064 2063
6333 2014 2015 2065
6334 2014 2065 2064
6335 2015 2016 2066
6336 2015 2066 2065
6337 2016 2017 2067
6338 2016 2067 2066
6339 2017 2018 2068
6340 2017 2068 2067
6341 2018 2019 2069
6342 2018 2069 2068
6343 2019 2020 2070
6344 2019 2070 2069
6345 2020 2021 2071
6346 2020 2071 2070
6347 2021 2022 2072
6348 2021 2072 2071
6349 2022 2023 2073
6350 2022 2073 2072
6351 2023 2024 2074
6352 2023 2074 2073
6353 2024 2025 2075
6354 2024 2075 2074
6355 2025 2026 2076
6356 2025 2076 2075
6357 2026 2027 2077
6358 2026 2077 2076
6359 2027 2028 2078
6360 2027 2078 2077
6361 2028 2029 2079
6362 2028 2079 2078
6363 203 2080 204
6364 204 2080 2030
6365 2029 2030 2080
6366 2029 2080 2079
6367 202 203 2081
6368 203 2031 2081
6369 2031 2032 2081
6370 4 5 2082
6371 4 2082 2032
6372 5 6 2082
6373 2032 2082 2081
6374 74 75 2112
6375 75 2061 2112
6376 73 74 2112
6377 2061 2062 2112
6378 2062 2063 2113
6379 2062 2113 2112
6380 2063 2064 2114
6381 2063 2114 2113
6382 2064 2065 2115
6383 2064 2115 2114
6384 2065 2066 2116
6385 2065 2116 2115
6386 2066 2067 2117
6387 2066 2117 2116
6388 2067 2068 2118
6389 2067 2118 2117
6390 2068 2069 2119
6391 2068 2119 2118
6392 2069 2070 2120
6393 2069 2120 2119
6394 2070 2071 2121
6395 2070 2121 2120
6396 2071 2072 2122
6397 2071 2122 2121
6398 2072 2073 2123
6399 2072 2123 2122
6400 2073 2074 2124
6401 2073 2124 2123
6402 2074 2075 2125
6403 2074 2125 2124
6404 2075 2076 2126
6405 2075 2126 2125
6406 2076 2077 2127
6407 2076 2127 2126
6408 2077 2078 2128
6409 2077 2128 2127
6410 2078 2079 2129
6411 2078 2129 2128
6412 2079 2080 2130
6413 2079 2130 2129
6414 202 2131 203
6415 203 2131 2080
6416 201 2131 202
6417 2080 2131 2130
6418 200 201 2132
6419 201 202 2132
6420 202 2081 2132
6421 6 7 2133
6422 6 2133 2082
6423 2081 2082 2133
6424 8 9 2133
6425 7 8 2133
6426 2081 2133 2132
6427 72 73 2163
6428 73 2112 2163
6429 2112 2113 2163
6430 2113 2114 2164
6431 2113 2164 2163
6432 2114 2115 2165
6433 2114 2165 2164
6434 2115 2116 2166
6435 2115 2166 2165
6436 2116 2117 2167
6437 2116 2167 2166
6438 2117 2118 2168
6439 2117 2168 2167
6440 2118 2119 2169
6441 2118 2169 2168
6442 2119 2120 2170
6443 2119 2170 2169
6444 2120 2121 2171
6445 2120 2171 2170
6446 2121 2122 2172
6447 2121 2172 2171
6448 2122 2123 2173
6449 2122 2173 2172
6450 2123 2124 2174
6451 2123 2174 2173
6452 2124 2125 2175
6453 2124 2175 2174
6454 2125 2126 2176
6455 2125 2176 2175
6456 2126 2127 2177
6457 2126 2177 2176
6458 2127 2128 2178
6459 2127 2178 2177
6460 2128 2129 2179
6461 2128 2179 2178
6462 2129 2130 2180
6463 2129 2180 2179
6464 2130 2131 2181
6465 2130 2181 2180
6466 200 2182 201
6467 201 2182 2131
6468 199 2182 200
6469 2131 2182 2181
6470 9 10 2183
6471 10 197 2183
6472 197 198 2183
6473 199 200 2183
6474 200 2132 2183
6475 9 2183 2133
6476 198 199 2183
6477 2132 2133 2183
6478 70 71 2213
6479 71 72 2213
6480 72 2163 2213
6481 2163 2164 2214
6482 2163 2214 2213
6483 2164 2165 2215
6484 2164 2215 2214
6485 2165 2166 2216
6486 2165 2216 2215
6487 2166 2167 2217
6488 2166 2217 2216
6489 2167 2168 2218
6490 2167 2218 2217
6491 2168 2169 2219
6492 2168 2219 2218
6493 2169 2170 2220
6494 2169 2220 2219
6495 2170 2171 2221
6496 2170 2221 2220
6497 2171 2172 2222
6498 2171 2222 2221
6499 2172 2173 2223
6500 2172 2223 2222
6501 2173 2174 2224
6502 2173 2224 2223
6503 2174 2175 2225
6504 2174 2225 2224
6505 2175 2176 2226
6506 2175 2226 2225
6507 2176 2177 2227
6508 2176 2227 2226
6509 2177 2178 2228
6510 2177 2228 2227
6511 2178 2179 2229
6512 2178 2229 2228
6513 2179 2180 2230
6514 2179 2230 2229
6515 2180 2181 2231
6516 2180 2231 2230
6517 2181 2182 2232
6518 2181 2232 2231
6519 198 2233 199
6520 199 2233 2182
6521 2182 2233 2232
6522 69 70 2264
6523 70 2213 2264
6524 68 69 2264
6525 2213 2214 2264
6526 2214 2215 2265
6527 2214 2265 2264
6528 2215 2216 2266
6529 2215 2266 2265
6530 2216 2217 2267
6531 2216 2267 2266
6532 2217 2218 2268
6533 2217 2268 2267
6534 2218 2219 2269
6535 2218 2269 2268
6536 2219 2220 2270
6537 2219 2270 2269
6538 2220 2221 2271
6539 2220 2271 2270
6540 2221 2222 2272
6541 2221 2272 2271
6542 2222 2223 2273
6543 2222 2273 2272
6544 2223 2224 2274
6545 2223 2274 2273
6546 2224 2225 2275
6547 2224 2275 2274
6548 2225 2226 2276
6549 2225 2276 2275
6550 2226 2227 2277
6551 2226 2277 2276
6552 2227 2228 2278
6553 2227 2278 2277
6554 2228 2229 2279
6555 2228 2279 2278
6556 2229 2230 2280
6557 2229 2280 2279
6558 2230 2231 2281
6559 2230 2281 2280
6560 2231 2232 2282
6561 2231 2282 2281
6562 2232 2233 2283
6563 2232 2283 2282
6564 197 2284 198
6565 198 2284 2233
6566 196 2284 197
6567 2233 2284 2283
6568 67 68 2316
6569 68 2264 2316
6570 65 66 2316
6571 66 67 2316
6572 2264 2265 2316
6573 2265 2266 2317
6574 2265 2317 2316
6575 2266 2267 2318
6576 2266 2318 2317
6577 2267 2268 2319
6578 2267 2319 2318
6579 2268 2269 2320
6580 2268 2320 2319
6581 2269 2270 2321
6582 2269 2321 2320
6583 2270 2271 2322
6584 2270 2322 2321
6585 2271 2272 2323
6586 2271 2323 2322
6587 2272 2273 2324
6588 2272 2324 2323
6589 2273 2274 2325
6590 2273 2325 2324
6591 2274 2275 2326
6592 2274 2326 2325
6593 2275 2276 2327
6594 2275 2327 2326
6595 2276 2277 2328
6596 2276 2328 2327
6597 2277 2278 2329
6598 2277 2329 2328
6599 2278 2279 2330
6600 2278 2330 2329
6601 2279 2280 2331
6602 2279 2331 2330
6603 2280 2281 2332
6604 2280 2332 2331
6605 2281 2282 2333
6606 2281 2333 2332
6607 2282 2283 2334
6608 2282 2334 2333
6609 2283 2284 2335
6610 2283 2335 2334
6611 15 16 2336
6612 15 2336 196
6613 196 2336 2284
6614 16 17 2336
6615 2284 2336 2335
6616 63 64 2366
6617 64 65 2366
6618 65 2316 2366
6619 2316 2317 2366
6620 62 63 2367
6621 63 2366 2367
6622 2317 2318 2367
6623 2317 2367 2366
6624 2318 2319 2368
6625 2318 2368 2367
6626 2319 2320 2369
6627 2319 2369 2368
6628 2320 2321 2370
6629 2320 2370 2369
6630 2321 2322 2371
6631 2321 2371 2370
6632 2322 2323 2372
6633 2322 2372 2371
6634 2323 2324 2373
6635 2323 2373 2372
6636 2324 2325 2374
6637 2324 2374 2373
6638 2325 2326 2375
6639 2325 2375 2374
6640 2326 2327 2376
6641 2326 2376 2375
6642 2327 2328 2377
6643 2327 2377 2376
6644 2328 2329 2378
6645 2328 2378 2377
6646 2329 2330 2379
6647 2329 2379 2378
6648 2330 2331 2380
6649 2330 2380 2379
6650 2331 2332 2381
6651 2331 2381 2380
6652 2332 2333 2382
6653 2332 2382 2381
6654 2333 2334 2383
6655 2333 2383 2382
6656 2334 2335 2384
6657 2334 2384 2383
6658 17 18 2385
6659 17 2385 2336
6660 2335 2336 2385
6661 18 19 2385
6662 2335 2385 2384
6663 19 20 2385
6664 20 2384 2385
6665 61 62 2412
6666 62 2367 2412
6667 60 61 2412
6668 2367 2368 2412
6669 2368 2369 2413
6670 2368 2413 2412
6671 2369 2370 2414
6672 2369 2414 2413
6673 2370 2371 2415
6674 2370 2415 2414
6675 2371 2372 2416
6676 2371 2416 2415
6677 2372 2373 2417
6678 2372 2417 2416
6679 2373 2374 2418
6680 2373 2418 2417
6681 2374 2375 2419
6682 2374 2419 2418
6683 2375 2376 2420
6684 2375 2420 2419
6685 2376 2377 2421
6686 2376 2421 2420
6687 2377 2378 2422
6688 2377 2422 2421
6689 2378 2379 2423
6690 2378 2423 2422
6691 2379 2380 2424
6692 2379 2424 2423
6693 2380 2381 2425
6694 2380 2425 2424
6695 2381 2382 2426
6696 2381 2426 2425
6697 2382 2383 2427
6698 2382 2427 2426
6699 20 21 2428
6700 20 2428 2384
6701 21 22 2428
6702 2383 2384 2428
6703 2383 2428 2427
6704 59 60 2462
6705 60 2412 2462
6706 58 59 2462
6707 2412 2413 2462
6708 57 58 2462
6709 57 2462 2463
6710 2413 2414 2463
6711 2413 2463 2462
6712 2414 2415 2464
6713 2414 2464 2463
6714 2415 2416 2465
6715 2415 2465 2464
6716 2416 2417 2466
6717 2416 2466 2465
6718 2417 2418 2467
6719 2417 2467 2466
6720 2418 2419 2468
6721 2418 2468 2467
6722 2419 2420 2469
6723 2419 2469 2468
6724 2420 2421 2470
6725 2420 2470 2469
6726 2421 2422 2471
6727 2421 2471 2470
6728 2422 2423 2472
6729 2422 2472 2471
6730 2423 2424 2473
6731 2423 2473 2472
6732 2424 2425 2474
6733 2424 2474 2473
6734 2425 2426 2475
6735 2425 2475 2474
6736 25 26 2476
6737 2426 2427 2476
6738 2426 2476 2475
6739 22 23 2477
6740 22 2477 2428
6741 23 24 2477
6742 2427 2428 2477
6743 24 25 2477
6744 25 2476 2477
6745 2427 2477 2476
6746 55 56 2515
6747 56 57 2515
6748 57 2463 2515
6749 54 55 2515
6750 2463 2464 2515
6751 53 54 2516
6752 54 2515 2516
6753 2464 2465 2516
6754 2464 2516 2515
6755 2465 2466 2517
6756 2465 2517 2516
6757 2466 2467 2518
6758 2466 2518 2517
6759 2467 2468 2519
6760 2467 2519 2518
6761 2468 2469 2520
6762 2468 2520 2519
6763 2469 2470 2521
6764 2469 2521 2520
6765 2470 2471 2522
6766 2470 2522 2521
6767 2471 2472 2523
6768 2471 2523 2522
6769 2472 2473 2524
6770 2472 2524 2523
6771 2473 2474 2525
6772 2473 2525 2524
6773 29 30 2526
6774 2474 2475 2526
6775 2474 2526 2525
6776 26 27 2527
6777 26 2527 2476
6778 28 29 2527
6779 29 2526 2527
6780 27 28 2527
6781 2475 2476 2527
6782 2475 2527 2526
6783 51 52 2567
6784 52 53 2567
6785 53 2516 2567
6786 50 51 2567
6787 2516 2517 2567
6788 49 50 2568
6789 50 2567 2568
6790 2517 2518 2568
6791 2517 2568 2567
6792 2518 2519 2569
6793 2518 2569 2568
6794 2519 2520 2570
6795 2519 2570 2569
6796 2520 2521 2571
6797 2520 2571 2570
6798 2521 2522 2572
6799 2521 2572 2571
6800 2522 2523 2573
6801 2522 2573 2572
6802 2523 2524 2574
6803 2523 2574 2573
6804 2524 2525 2575
6805 2524 2575 2574
6806 30 31 2576
6807 30 2576 2526
6808 2525 2526 2576
6809 32 33 2576
6810 33 2575 2576
6811 31 32 2576
6812 2525 2576 2575
6813 48 49 2618
6814 49 2568 2618
6815 47 48 2618
6816 2568 2569 2618
6817 46 47 2618
6818 45 46 2619
6819 44 45 2619
6820 2569 2570 2619
6821 2569 2619 2618
6822 46 2618 2619
6823 42 43 2620
6824 43 44 2620
6825 44 2619 2620
6826 2570 2571 2620
6827 2570 2620 2619
6828 40 41 2621
6829 41 42 2621
6830 42 2620 2621
6831 2571 2572 2621
6832 2571 2621 2620
6833 38 39 2622
6834 39 40 2622
6835 40 2621 2622
6836 2572 2573 2622
6837 2572 2622 2621
6838 36 37 2623
6839 2573 2574 2623
6840 37 38 2623
6841 38 2622 2623
6842 2573 2623 2622
6843 33 34 2624
6844 33 2624 2575
6845 34 35 2624
6846 2574 2575 2624
6847 35 36 2624
6848 36 2623 2624
6849 2574 2624 2623
2 3 2 456
6850 12 194 13
6851 12 13 195
6852 11 12 196
6853 12 195 196
6854 10 11 197
6855 11 196 197
6856 149 150 218
6857 148 149 219
6858 149 218 219
6859 148 220 149
6860 227 228 1584
6861 228 229 1584
6862 229 230 1584
6863 230 231 1585
6864 230 1585 1584
6865 231 232 1585
6866 232 233 1586
6867 232 1586 1585
6868 233 234 1586
6869 234 235 1586
6870 222 223 1631
6871 223 224 1631
6872 224 225 1631
6873 226 227 1632
6874 225 226 1632
6875 225 1632 1631
6876 227 1584 1633
6877 227 1633 1632
6878 1584 1585 1634
6879 1584 1634 1633
6880 1585 1586 1635
6881 1585 1635 1634
6882 235 236 1636
6883 235 1636 1586
6884 1586 1636 1635
6885 236 237 1637
6886 236 1637 1636
6887 237 238 1637
6888 238 239 1637
6889 149 1681 150
6890 149 220 1681
6891 220 221 1681
6892 150 1681 151
6893 221 222 1681
6894 222 1631 1681
6895 151 1681 152
6896 1631 1632 1682
6897 1631 1682 1681
6898 1632 1633 1683
6899 1632 1683 1682
6900 1633 1634 1684
6901 1633 1684 1683
6902 1634 1635 1685
6903 1634 1685 1684
6904 1635 1636 1686
6905 1635 1686 1685
6906 1636 1637 1687
6907 1636 1687 1686
6908 239 1688 1637
6909 1637 1688 1687
6910 239 240 1689
6911 239 1689 1688
6912 240 241 1689
6913 241 242 1689
6914 152 153 1731
6915 151 152 1731
6916 150 151 1731
6917 216 217 1731
6918 217 218 1731
6919 150 1731 218
6920 152 1732 153
6921 152 1681 1732
6922 1681 1682 1732
6923 1682 1683 1733
6924 1682 1733 1732
6925 1683 1684 1734
6926 1683 1734 1733
6927 1684 1685 1735
6928 1684 1735 1734
6929 1685 1686 1736
6930 1685 1736 1735
6931 1686 1687 1737
6932 1686 1737 1736
6933 1687 1688 1738
6934 1687 1738 1737
6935 1688 1689 1739
6936 1688 1739 1738
6937 242 243 1740
6938 242 1740 1689
6939 243 244 1740
6940 244 245 1740
6941 1689 1740 1739
6942 153 1780 1731
6943 214 215 1780
6944 215 216 1780
6945 216 1731 1780
6946 153 1781 154
6947 153 1732 1781
6948 1732 1733 1781
6949 1733 1734 1782
6950 1733 1782 1781
6951 1734 1735 1783
6952 1734 1783 1782
6953 1735 1736 1784
6954 1735 1784 1783
6955 1736 1737 1785
6956 1736 1785 1784
6957 1737 1738 1786
6958 1737 1786 1785
6959 1738 1739 1787
6960 1738 1787 1786
6961 1739 1740 1788
6962 1739 1788 1787
6963 245 246 1789
6964 245 1789 1740
6965 246 247 1789
6966 1740 1789 1788
6967 211 212 1829
6968 212 213 1829
6969 213 214 1829
6970 214 1780 1829
6971 154 155 1830
6972 153 154 1830
6973 153 1830 1780
6974 1780 1830 1829
6975 154 1831 155
6976 154 1781 1831
6977 155 1831 156
6978 156 1831 157
6979 1781 1782 1832
6980 1781 1832 1831
6981 1782 1783 1833
6982 1782 1833 1832
6983 1783 1784 1834
6984 1783 1834 1833
6985 1784 1785 1835
6986 1784 1835 1834
6987 1785 1786 1836
6988 1785 1836 1835
6989 1786 1787 1837
6990 1786 1837 1836
6991 1787 1788 1838
6992 1787 1838 1837
6993 1788 1789 1839
6994 1788 1839 1838
6995 247 248 1840
6996 247 1840 1789
6997 248 249 1840
6998 1789 1840 1839
6999 210 211 1880
7000 211 1829 1880
7001 1829 1830 1880
7002 156 157 1881
7003 155 156 1881
7004 155 1881 1830
7005 157 158 1881
7006 1830 1881 1880
7007 157 1882 158
7008 157 1831 1882
7009 1831 1832 1882
7010 1832 1833 1883
7011 1832 1883 1882
7012 1833 1834 1884
7013 1833 1884 1883
7014 1834 1835 1885
7015 1834 1885 1884
7016 1835 1836 1886
7017 1835 1886 1885
7018 1836 1837 1887
7019 1836 1887 1886
7020 1837 1838 1888
7021 1837 1888 1887
7022 1838 1839 1889
7023 1838 1889 1888
7024 1839 1840 1890
7025 1839 1890 1889
7026 249 250 1891
7027 249 1891 1840
7028 250 251 1891
7029 1840 1891 1890
7030 208 209 1930
7031 209 210 1930
7032 210 1880 1930
7033 158 159 1931
7034 158 1931 1881
7035 1880 1881 1931
7036 1880 1931 1930
7037 158 1932 159
7038 158 1882 1932
7039 1882 1883 1932
7040 1883 1884 1933
7041 1883 1933 1932
7042 1884 1885 1934
7043 1884 1934 1933
7044 1885 1886 1935
7045 1885 1935 1934
7046 1886 1887 1936
7047 1886 1936 1935
7048 1887 1888 1937
7049 1887 1937 1936
7050 1888 1889 1938
7051 1888 1938 1937
7052 1889 1890 1939
7053 1889 1939 1938
7054 1890 1891 1940
7055 1890 1940 1939
7056 251 252 1941
7057 251 1941 1891
7058 252 253 1941
7059 1891 1941 1940
7060 160 1941 253
7061 205 206 1980
7062 206 207 1980
7063 207 208 1980
7064 208 1930 1980
7065 1930 1931 1981
7066 1930 1981 1980
7067 1 1982 159
7068 159 1982 1931
7069 2 3 1982
7070 1 2 1982
7071 1931 1982 1981
7072 1 159 1983
7073 159 1932 1983
7074 2 1983 3
7075 1 1983 2
7076 1932 1933 1984
7077 1932 1984 1983
7078 1933 1934 1985
7079 1933 1985 1984
7080 1934 1935 1986
7081 1934 1986 1985
7082 1935 1936 1987
7083 1935 1987 1986
7084 1936 1937 1988
7085 1936 1988 1987
7086 1937 1938 1989
7087 1937 1989 1988
7088 1938 1939 1990
7089 1938 1990 1989
7090 1939 1940 1991
7091 1939 1991 1990
7092 160 161 1992
7093 160 1992 1941
7094 1940 1941 1992
7095 1940 1992 1991
7096 204 205 2031
7097 205 1980 2031
7098 203 204 2031
7099 1980 1981 2031
7100 3 4 2032
7101 3 2032 1982
7102 1981 1982 2032
7103 1981 2032 2031
7104 3 1983 2033
7105 1983 1984 2033
7106 1984 1985 2034
7107 1984 2034 2033
7108 1985 1986 2035
7109 1985 2035 2034
7110 1986 1987 2036
7111 1986 2036 2035
7112 1987 1988 2037
7113 1987 2037 2036
7114 1988 1989 2038
7115 1988 2038 2037
7116 1989 1990 2039
7117 1989 2039 2038
7118 1990 1991 2040
7119 1990 2040 2039
7120 1991 1992 2041
7121 1991 2041 2040
7122 161 162 2042
7123 161 2042 1992
7124 162 163 2042
7125 1992 2042 2041
7126 163 164 2042
7127 202 203 2081
7128 203 2031 2081
7129 2031 2032 2081
7130 4 5 2082
7131 4 2082 2032
7132 5 6 2082
7133 2032 2082 2081
7134 3 2083 4
7135 3 2033 2083
7136 4 2083 5
7137 2033 2034 2084
7138 2033 2084 2083
7139 2034 2035 2085
7140 2034 2085 2084
7141 2035 2036 2086
7142 2035 2086 2085
7143 2036 2037 2087
7144 2036 2087 2086
7145 2037 2038 2088
7146 2037 2088 2087
7147 2038 2039 2089
7148 2038 2089 2088
7149 2039 2040 2090
7150 2039 2090 2089
7151 2040 2041 2091
7152 2040 2091 2090
7153 164 165 2092
7154 2041 2042 2092
7155 164 2092 2042
7156 165 166 2092
7157 2041 2092 2091
7158 200 201 2132
7159 201 202 2132
7160 202 2081 2132
7161 6 7 2133
7162 6 2133 2082
7163 2081 2082 2133
7164 8 9 2133
7165 7 8 2133
7166 2081 2133 2132
7167 5 2134 6
7168 5 2083 2134
7169 6 2134 7
7170 7 2134 8
7171 2083 2084 2135
7172 2083 2135 2134
7173 2084 2085 2136
7174 2084 2136 2135
7175 2085 2086 2137
7176 2085 2137 2136
7177 2086 2087 2138
7178 2086 2138 2137
7179 2087 2088 2139
7180 2087 2139 2138
7181 2088 2089 2140
7182 2088 2140 2139
7183 2089 2090 2141
7184 2089 2141 2140
7185 2090 2091 2142
7186 2090 2142 2141
7187 166 167 2143
7188 166 2143 2092
7189 167 168 2143
7190 2091 2092 2143
7191 2091 2143 2142
7192 9 10 2183
7193 10 197 2183
7194 197 198 2183
7195 199 200 2183
7196 200 2132 2183
7197 9 2183 2133
7198 198 199 2183
7199 2132 2133 2183
7200 8 2134 2184
7201 2134 2135 2184
7202 2135 2136 2185
7203 2135 2185 2184
7204 2136 2137 2186
7205 2136 2186 2185
7206 2137 2138 2187
7207 2137 2187 2186
7208 2138 2139 2188
7209 2138 2188 2187
7210 2139 2140 2189
7211 2139 2189 2188
7212 2140 2141 2190
7213 2140 2190 2189
7214 2141 2142 2191
7215 2141 2191 2190
7216 168 169 2192
7217 168 2192 2143
7218 169 170 2192
7219 2142 2143 2192
7220 2142 2192 2191
7221 8 2234 9
7222 8 2184 2234
7223 9 2234 10
7224 2184 2185 2235
7225 2184 2235 2234
7226 2185 2186 2236
7227 2185 2236 2235
7228 2186 2187 2237
7229 2186 2237 2236
7230 2187 2188 2238
7231 2187 2238 2237
7232 2188 2189 2239
7233 2188 2239 2238
7234 2189 2190 2240
7235 2189 2240 2239
7236 2190 2191 2241
7237 2190 2241 2240
7238 170 171 2242
7239 170 2242 2192
7240 171 172 2242
7241 2191 2192 2242
7242 2191 2242 2241
7243 11 2285 12
7244 12 2285 194
7245 193 194 2285
7246 10 2285 11
7247 10 2234 2285
7248 192 193 2285
7249 191 192 2285
7250 190 191 2286
7251 191 2285 2286
7252 2234 2235 2286
7253 2234 2286 2285
7254 2235 2236 2287
7255 2235 2287 2286
7256 2236 2237 2288
7257 2236 2288 2287
7258 2237 2238 2289
7259 2237 2289 2288
7260 2238 2239 2290
7261 2238 2290 2289
7262 2239 2240 2291
7263 2239 2291 2290
7264 175 176 2292
7265 2240 2241 2292
7266 2240 2292 2291
7267 173 174 2293
7268 172 173 2293
7269 172 2293 2242
7270 2241 2242 2293
7271 174 175 2293
7272 175 2292 2293
7273 2241 2293 2292
7274 189 190 2337
7275 190 2286 2337
7276 188 189 2337
7277 2286 2287 2337
7278 187 188 2337
7279 185 186 2338
7280 186 187 2338
7281 187 2337 2338
7282 2287 2288 2338
7283 2287 2338 2337
7284 183 184 2339
7285 184 185 2339
7286 185 2338 2339
7287 2288 2289 2339
7288 2288 2339 2338
7289 181 182 2340
7290 182 183 2340
7291 183 2339 2340
7292 2289 2290 2340
7293 2289 2340 2339
7294 179 180 2341
7295 2290 2291 2341
7296 180 181 2341
7297 181 2340 2341
7298 2290 2341 2340
7299 177 178 2342
7300 176 177 2342
7301 176 2342 2292
7302 2291 2292 2342
7303 178 179 2342
7304 179 2341 2342
7305 2291 2342 2341
$EndElements
